material_id,transport_delta_seed0,transport_delta_seed1,identity_delta_seed0,identity_delta_seed1,wrong_vs_off_seed0,wrong_vs_off_seed1
2,-0.26847459006745567,0.0007130915481941003,-0.20995102568006607,0.013771021997287303,-0.05852356438738959,-0.013057930449093202
6,-0.24326097589489248,-0.2025819474522501,-0.10750709200018882,0.015679443593245246,-0.13575388389470366,-0.21826139104549536
7,-0.5109598467257691,0.01238936869761642,-0.37018152606208365,0.005816224019126182,-0.14077832066368545,0.006573144678490239
16,-0.551212730903751,-0.04667617957999082,-0.3756099185109366,-0.011170887316277467,-0.1756028123928144,-0.03550529226371335
44,-0.2443693841839455,-0.10939087125106428,-0.09749670368232899,-0.006831776524392041,-0.1468726805016165,-0.10255909472667224
63,-0.24077447601414714,-0.12943122057365564,-0.14159377269383333,-0.058804731834468105,-0.09918070332031381,-0.07062648873918753
103,-0.18074155309193873,-0.13354667125788233,-0.08525928363537505,0.10183729504101358,-0.09548226945656368,-0.2353839662988959
108,-0.4598814665278115,-0.25156797015594945,-0.30385324478125064,-0.11442028701405804,-0.15602822174656084,-0.1371476831418914
112,-0.18121217705814696,-0.10094476815880649,0.07581477106558288,0.01066550041300407,-0.25702694812372984,-0.11161026857181056
113,0.004904494100731349,-0.014058053959966843,-0.009190664302522578,-0.033212540802529444,0.014095158403253927,0.0191544868425626
131,-0.07243808363485982,-0.012880522956763674,-0.13401184687789192,0.19419330798675127,0.0615737632430321,-0.20707383094351495
229,0.00361034535930993,-0.20629625692326692,-0.5014185696871115,0.024278062461479122,0.5050289150464214,-0.23057431938474604
234,-0.018483915573913323,-0.18075328646807481,0.016615442989151685,-0.07980473511210845,-0.03509935856306501,-0.10094855135596636
238,-0.1630037069128708,-0.09480349333272287,-0.47510485532050106,-0.08487485823099261,0.31210114840763026,-0.009928635101730254
242,-0.0007950707952742442,-0.3283604096869264,-0.6830733419022468,-0.040531528262107375,0.6822782711069726,-0.28782888142481905
248,-0.14942574414565563,-0.17435465636634428,-0.11300115272754602,0.03202246116863372,-0.03642459141810961,-0.206377117534978
258,0.010276531822160706,-0.24060469583504696,0.10615799075938659,0.02165132108569834,-0.09588145893722588,-0.2622560169207453
259,-0.04026581457732814,0.08581850474290287,-0.021110206417727095,0.05342182182945954,-0.019155608159601045,0.03239668291344333
266,-0.03162168709599328,-0.015579959414818934,-0.07650710543261097,0.02644278544328471,0.04488541833661769,-0.042022744858103644
270,-0.045087628485470266,-0.05138671484763058,-0.07651753452979143,0.021322976446919106,0.031429906044321165,-0.07270969129454968
299,0.06464661410145905,-0.010164469342417604,0.04305510446289762,0.02240962552153669,0.021591509638561435,-0.032574094863954295
305,-0.16323823514311642,-5.901646795769544e-05,-0.06381648571336818,0.039904453190068745,-0.09942174942974824,-0.03996346965802644
464,0.010391635134534338,0.07605551600182064,0.03359317122053723,0.030020159829789783,-0.023201536086002894,0.04603535617203086
469,-0.17170119669963557,0.13163692584235853,-0.3435261047574334,0.4142409928466547,0.17182490805779782,-0.2826040670042962
473,-0.09627163486183299,0.0060115845243917665,-0.1195915653711821,-0.007257007366730073,0.023319930509349107,0.01326859189112184
479,-0.055136534141932536,-0.023542608918839192,-0.08622009931381625,0.17828337860014537,0.03108356517188371,-0.20182598751898456
494,-0.014391947218039935,-0.18157995969400798,-0.20647544374381532,-0.07294221694113018,0.1920834965257754,-0.1086377427528778
503,-0.03656843852046815,0.012707227721079573,-0.28865287977499593,0.14617798158506873,0.2520844412545278,-0.13347075386398916
508,-0.11010757253011144,0.03559411007544899,-0.23616237780469923,-0.04604579104895401,0.1260548052745878,0.081639901124403
518,-0.23409209212729326,-0.29135076993688913,-0.3276391844471705,-0.128778732739115,0.09354709231987723,-0.16257203719777413
520,0.004877972611581793,-0.03381219540347746,0.026381833016117795,0.01940102945904204,-0.021503860404536,-0.053213224862519504
560,-0.01699005848775159,-0.12764248534237566,0.014580134555984947,-0.025248245492427546,-0.03157019304373654,-0.10239423984994811
582,-0.013908856877892006,-0.040051456536550234,-0.0038647132113659444,0.01544598819503612,-0.010044143666526062,-0.055497444731586354
616,-0.05535921362279256,-0.12002847838294156,-0.12863369192729956,-0.04524775506453671,0.07327447830450701,-0.07478072331840485
768,-0.2633223455952097,-0.016911512547546637,-0.5578673772524325,-0.1181054823243175,0.2945450316572228,0.10119396977677086
788,-0.0009285208995911676,-0.025380557132952675,0.012350821323286132,0.0165463973105609,-0.0132793422228773,-0.041926954443513575
794,-0.0031186151641661164,-0.04124841760603842,0.03544091884641204,0.005012709276874028,-0.038559534010578156,-0.04626112688291245
797,-0.03576653748131098,-0.04235000677972617,0.019850312941820436,0.000646596395913801,-0.055616850423131414,-0.04299660317563997
803,-0.029966875805298943,-0.06184319598082044,0.018689671783080286,-0.00730738928271274,-0.04865654758837923,-0.0545358066981077
808,-0.028209098849511394,-0.08552223276371418,-0.1594410360483599,0.006156669906583645,0.13123193719884851,-0.09167890267029782
812,-0.005249909452475998,0.003377965400923888,-0.2204593514730649,-0.016104374924750142,0.2152094420205889,0.01948234032567403
823,-0.05148597973627789,-0.08925956049074063,-0.1329866605323754,-0.033293796569635936,0.08150068079609751,-0.055965763921104694
827,-0.04126851781567242,-0.10422041748278549,-0.10856181938539888,-0.03872289722022498,0.06729330156972646,-0.0654975202625605
832,-0.16446340834840856,0.1310180186288038,-0.6794644688006913,-0.3021315498637741,0.5150010604522828,0.4331495684925779
838,-0.07118689683084062,-0.1103311012381743,-0.15925536220955583,-0.06492340000494268,0.08806846537871521,-0.04540770123323162
847,-0.07439005534337062,0.020530931427565513,-0.04740375526149171,-0.009309066671069899,-0.02698630008187891,0.029839998098635412
852,-0.23056539264365272,0.07451826056616351,-0.3804243791620233,-0.09167064025226757,0.1498589865183706,0.16618890081843107
860,-1.251550250346577,0.21008938397721044,-0.615877416563807,-0.3645265318718778,-0.63567283378277,0.5746159158490882
861,-0.019287966500813714,0.0018715282382800735,0.012420299599356477,-0.013729041334176073,-0.03170826610017019,0.015600569572456147
1121,0.002678009206613041,-0.05668711850604213,0.012534069605078135,-0.0005744337166325164,-0.009856060398465094,-0.05611268478940962
1191,0.0046070410634488634,-0.03398995055478374,0.007931900159963756,-0.04074286381760209,-0.0033248590965148928,0.00675291326281835
1196,0.29584750095753465,0.05721735486994928,0.32556032133785406,0.04766509779631806,-0.029712820380319416,0.00955225707363122
1206,-0.09729557095311303,0.1268836194575083,-0.36355590671079424,0.047238616817932844,0.2662603357576812,0.07964500263957547
1215,-0.09727855682438785,0.012541525559022326,-0.41923946435677817,-0.007770237059450125,0.3219609075323903,0.02031176261847245
1221,-0.2106449701749773,-0.05655375799864437,-0.4100557530322778,-0.0006651713638206047,0.19941078285730052,-0.05588858663482377
1231,-0.15542724862857626,0.18549921877558417,-0.5601222737511896,-0.08175317782336444,0.40469502512261335,0.2672523965989486
1236,-0.12456100879435078,-0.06707748952890447,-0.41604816689996565,-0.02640708971591066,0.2914871581056149,-0.04067039981299381
1241,-0.015619486782980085,0.093272791915193,-0.6680738214426993,-0.05479578068108948,0.6524543346597192,0.14806857259628248
1245,-0.06397150999432727,-0.10412308109371432,-0.12523681902949185,-0.06648547350351441,0.061265309035164583,-0.037637607590199906
1250,-1.202379124127328,-0.4676726234602245,-0.7610275004107506,-0.7105871606080796,-0.44135162371657755,0.24291453714785505
1255,-0.051451753658760646,0.2063650218281925,-0.6026777256828791,-0.11819132947721445,0.5512259720241185,0.32455635130540694
1261,-0.06172378185027849,0.03245051819690625,-0.2726872823689134,-0.018046730801321853,0.21096350051863488,0.050497248998228106
1266,-0.16910823692493843,-0.013408255613301612,-0.5414220959329001,-0.05124608349126314,0.37231385900796166,0.03783782787796153
1270,-0.10459412859237127,-0.021645057488858865,0.00635361716249877,-0.0748983250125777,-0.11094774575487004,0.05325326752371884
1275,-0.08938632978899752,0.12962664424432657,-0.07782239717855155,0.03188357037445155,-0.01156393261044597,0.09774307386987502
1279,0.0013058261337058341,-0.0391416080879701,0.02714061038183513,-0.038842662346044,-0.025834784248129294,-0.0002989457419260988
1292,0.01388910911352026,0.10441945275479594,0.1508867974209837,-0.20718414000710367,-0.13699768830746345,0.31160359276189964
1317,-0.043945160636132574,-0.04870268573080144,-0.13844120551487726,-0.029957747073563967,0.09449604487874469,-0.018744938657237475
1550,-0.13654986182750445,-0.1323554784558103,-0.6463824948080747,-0.14625989563277486,0.5098326329805702,0.013904417176964556
1583,-0.1225040482516695,0.2722142974100975,-0.303641356283064,0.41175826415247496,0.1811373080313945,-0.13954396674237746
1645,0.003563613145617567,0.016629583477377752,0.04228875723900216,0.016551255934954212,-0.038725144093384595,7.832754242353968e-05
1649,-0.12270097900117705,0.036887019419958866,0.9294665581083367,-0.09567647436573257,-1.0521675371095136,0.13256349378569143
1654,0.16472250640636177,-0.0811358369014501,0.8919721779519616,-0.10239027606645945,-0.7272496715455998,0.021254439165009353
1659,0.17776191352881174,-0.18119965586949532,-0.08560559139312024,-0.18931846590024898,0.26336750492193195,0.008118810030753654
1674,-0.1436839712657263,0.28920428977212753,-0.2933009024277031,0.39384285644346106,0.14961693116197683,-0.10463856667133353
1683,-0.04609736767426986,0.06108886031218619,-0.8084741255072662,0.04334489183671897,0.7623767578329963,0.01774396847546722
1689,-0.12882522946413633,0.05373768369960652,-0.6506184162519234,-0.008815564278234267,0.5217931867877871,0.06255324797784079
1694,0.019818227259975563,-0.16494991390703623,0.06473119336075639,-0.04021377027887091,-0.04491296610078083,-0.12473614362816532
1698,-0.042119344661876335,-0.07796676139748215,-0.17747811373069622,-0.05088382514690298,0.13535876906881988,-0.02708293625057917
1704,-0.2149932347496714,0.15578445149489673,-0.8634962023084161,-0.12289131272298337,0.6485029675587446,0.2786757642178801
1709,0.014561426309674441,-0.1434381257732639,0.041428740983073586,-0.07930799179619832,-0.026867314673399145,-0.06413013397706557
1718,0.010873900766210642,-0.10673478154456845,-0.05829373972503804,-0.03513408530511003,0.06916764049124868,-0.07160069623945842
1728,-0.1198589001871172,0.1184210529204412,-0.6302561322931397,-0.065581229355548,0.5103972321060225,0.1840022822759892
1733,-0.08535656480810117,0.00883838982201629,-0.16292863845440825,-0.02021706306794907,0.07757207364630708,0.02905545288996536
1738,-0.12379761084990293,-0.047359747983225065,-0.18452642302070388,-0.01675718641646118,0.06072881217080095,-0.030602561566763886
1741,0.4830549831220807,0.6307097350184037,1.018080832485644,0.7542068824506478,-0.5350258493635633,-0.12349714743224416
1745,0.011241597476729759,0.045607446471350815,0.04829565628492734,0.030141128702649067,-0.03705405880819758,0.015466317768701748
1773,0.3177944156750554,0.43580100049957377,-0.23263173683800065,0.133556372233264,0.550426152513056,0.30224462826630977
1826,0.1915713958334455,0.6957912048999568,-0.401806361420614,0.3500464269828747,0.5933777572540595,0.3457447779170821
1841,-0.0019337923499547216,0.01682379918139887,0.06888865842515601,0.5457262677057746,-0.07082245077511073,-0.5289024685243757
1845,0.36018216283629045,0.2054098531705949,0.9031747474304828,0.44611920214273704,-0.5429925845941923,-0.24070934897214213
1849,-0.06686804854742312,1.029554785276568,0.1994134215691763,1.213173720660447,-0.2662814701165994,-0.1836189353838788
1962,0.29076837007499146,0.04924726272602564,0.6528702616229615,0.29253949846224625,-0.36210189154797,-0.2432922357362206
1967,0.15781074666589512,0.18738847789647883,0.5447108774040572,0.38726662320946226,-0.3869001307381621,-0.19987814531298342
2081,-0.10065980014300147,0.060661441967025276,-0.24726157735091758,-0.0661567274866135,0.14660177720791612,0.12681816945363877
2288,0.8337611275082683,0.41546757333334305,0.677135552453642,0.8395998250095699,0.15662557505462626,-0.4241322516762268
2293,0.004020416685156486,0.005105770937942067,0.05554783664751897,0.01847496653924946,-0.051527419962362486,-0.013369195601307393
2298,0.02218080152466495,-0.060356612497729334,0.014587731418077732,0.026949269649633623,0.007593070106587219,-0.08730588214736296
2303,0.4230118787703,0.2520542840410305,0.7336219215105402,-0.14405406086910877,-0.3106100427402402,0.39610834491013924
2307,-0.08462984968828313,0.08196011496369449,0.8039887317219847,-0.05630527154312148,-0.8886185814102678,0.13826538650681597
2318,-0.17152173243743118,0.0994030051152407,-0.2386487493022953,0.3139345671789989,0.06712701686486411,-0.21453156206375823
2323,0.08898470806786929,0.16504950252061623,-0.12895534737162317,0.10004213540485019,0.21794005543949246,0.06500736711576605
2327,-0.004632601635716882,0.1553901367432844,-0.31175638140241413,0.07596222582277967,0.30712377976669725,0.07942791092050472
2332,-0.06080431311981993,0.1924930288335045,-0.7382233004049146,0.1478101035650441,0.6774189872850946,0.044682925268460405
2337,-0.2965980277456931,0.3207093873611704,-0.8819736804888267,0.07961228684480659,0.5853756527431336,0.2410971005163638
2342,-0.015551614951726855,0.26197064474855103,-0.47619586175376594,0.04608814551702245,0.4606442468020391,0.21588249923152858
2347,-0.11558029519214874,0.11533014237650963,-0.6167923543225317,0.05698993031630062,0.5012120591303829,0.05834021206020901
2352,-0.011165435606297958,-0.029196878474570365,-0.16866741252233436,-0.0355140315756744,0.1575019769160364,0.006317153101104034
2357,0.048213138265100985,0.3234727641478924,-0.36628754254379736,0.01887218336685914,0.41450068080889835,0.30460058078103325
2362,-0.077116798964736,0.7234096112634573,-1.2257570667179858,-0.15088187880752524,1.1486402677532497,0.8742914900709825
2371,-0.0746906936878593,0.19805301659092334,-0.6715404439867051,-0.08995887460674612,0.5968497502988458,0.28801189119766946
2376,0.06690789520833113,-0.03203381187350973,-0.31632740164824136,-0.12886020105709095,0.3832352968565725,0.09682638918358122
2381,-0.17229982399923593,0.12412473711037475,-0.34534195106172516,-0.08749439191665087,0.17304212706248923,0.21161912902702562
2385,0.009134740193928015,0.03950310308743282,0.08804581707337616,0.04435502038942246,-0.07891107687944815,-0.004851917301989639
2390,-0.008463116745253907,0.07238080419531512,0.044358107930226764,0.06581098531689378,-0.05282122467548067,0.006569818878421341
2394,0.10468862354211084,0.09453991744854584,-0.0019486870916374244,0.1779105555543148,0.10663731063374826,-0.08337063810576895
2396,-0.1840413383403876,0.09343381573019915,0.16886919684159762,0.36891179829832554,-0.35291053518198523,-0.2754779825681264
2401,-0.14946496018289634,0.10766293494612489,-0.08157189122661923,0.247620320491733,-0.06789306895627711,-0.1399573855456081
2406,0.05486335318256208,0.07739264289918735,0.10260298776731513,0.13635545391934767,-0.047739634584753055,-0.05896281102016032
2411,0.11589785453814594,0.14503946042979587,0.10768998391082085,0.19330110952702562,0.008207870627325087,-0.04826164909722974
2416,0.12363544961532824,0.11772766210739488,0.11001921893634359,0.16997861390860136,0.013616230678984653,-0.05225095180120648
2421,0.027046807908650328,0.07625262166405822,0.21399952976265213,0.05446222248229571,-0.1869527218540018,0.02179039918176251
2426,0.1847878649826411,0.10677286258748087,0.13742510753581638,0.08983102325376358,0.04736275744682472,0.01694183933371729
2431,-0.1063887557271661,0.009030943524633905,-0.11953450791280595,0.03431772843084757,0.013145752185639847,-0.025286784906213666
2436,0.005043249479573797,0.013023195821193545,-0.010310721162058889,0.004224789559278352,0.015353970641632686,0.008798406261915193
2441,-0.07367631789590878,0.02071979918026967,-0.017294397767001812,0.01535324648316383,-0.05638192012890697,0.005366552697105842
2446,-0.027469337605582567,0.018900811577883703,0.10019924309480699,0.04749104353773076,-0.12766858070038956,-0.028590231959847057
2451,0.012220559391077052,0.01964590145960321,0.0432808340400517,0.02215703453433121,-0.03106027464897465,-0.0025111330747280003
2541,-0.040610143360896356,-0.0009525591016870671,-0.03959197081674937,-0.004655092728240329,-0.001018172544146989,0.0037025336265532616
2557,-0.3120067679067736,0.011723251631641896,0.1481127284263707,0.3486322730234077,-0.4601194963331443,-0.3369090213917658
2721,-0.32471579156858055,-0.19361588779855976,-0.12104521184071393,0.14418729801722718,-0.20367057972786662,-0.33780318581578694
2840,-0.19020633202564508,-0.03373615252498974,-0.40021286253646626,0.14019934391548028,0.2100065305108212,-0.17393549644047002
2867,-0.25766084475176054,0.32581012696569156,-0.8795683222193993,-0.3021577914667686,0.6219074774676387,0.6279679184324601
2971,0.029829771169839314,-0.14896742735578086,0.31128087276172567,0.005389370451108433,-0.28145110159188635,-0.1543567978068893
3016,-0.0010540262863959482,0.08260254381871168,-0.5740135695183101,-0.0015219119289245908,0.5729595432319141,0.08412445574763627
3034,-0.2999514800724168,0.32089193423083406,-0.43492144847061476,-0.057762973674670204,0.13496996839819797,0.37865490790550427
3089,-0.16540106469679722,0.023665855045294726,-0.19346224588445776,-0.028949178061011382,0.028061181187660544,0.05261503310630611
3119,-0.21845112245754117,0.011274094399702728,-0.10846876538168726,-0.019997426858357703,-0.10998235707585391,0.03127152125806043
3131,0.010916766199758954,0.009057742323813983,0.07550043140999546,0.030293518440437345,-0.06458366521023651,-0.02123577611662336
3135,-0.006916545954203934,0.006802540503846627,0.06901421092237967,0.019180982248895084,-0.0759307568765836,-0.012378441745048457
3141,0.0013203363646166477,-0.021156691289204138,0.07071724546590341,0.0012803375235380388,-0.06939690910128676,-0.022437028812742177
3150,-0.1220000649446496,-0.032879148341496967,-0.017727481656747868,-0.12523743826492617,-0.10427258328790173,0.0923582899234292
3155,0.015755574012080886,-0.09726655635520948,0.08491377722709256,-0.02344609453872043,-0.06915820321501168,-0.07382046181648905
3160,0.03288358531395685,0.6494902998958274,0.15947724777767824,0.16351766598670903,-0.1265936624637214,0.4859726339091184
3165,-0.15435437954579734,0.347569413834399,-0.0064330142168296245,0.12678187162585852,-0.1479213653289677,0.22078754220854047
3170,-0.1485807775287613,0.04060722547417783,-0.24870997688974683,0.08228512049283121,0.10012919936098552,-0.04167789501865338
3175,-0.221883767341152,-0.27978204422311514,-0.15416451435183964,0.11142330695678737,-0.06771925298931236,-0.3912053511799025
3180,-0.3454918519879546,0.10166954800155326,-0.945849732599087,0.08029625917666772,0.6003578806111324,0.02137328882488554
3195,-0.17967478484050403,-0.05892235562420245,0.0848561310358108,0.30457424152019585,-0.26453091587631483,-0.3634965971443983
3200,-0.22040059112021315,0.14711840419836286,-0.4979691232591874,-0.0541378249071478,0.27756853213897426,0.20125622910551066
3204,-0.03162133952126189,0.019850798661398605,-0.13813689785525596,-0.06643283061194183,0.10651555833399406,0.08628362927334043
3208,-0.125950046550932,-0.025901226687888856,-0.16324267051923036,-0.016873080020233966,0.037292623968298355,-0.00902814666765489
3213,-0.10528578239138864,-0.022510279606822614,-0.16386777496549298,-0.027176504884368347,0.05858199257410435,0.0046662252775457325
3218,-0.0873802374515939,0.1758311348672662,-0.1826292996312217,0.0504856414124325,0.09524906217962781,0.1253454934548337
3223,-0.33630260999366945,0.9231748867119713,-0.41308698432428614,0.2695158568369065,0.07678437433061669,0.6536590298750649
3228,0.0004457915750739616,0.5779969359123476,-0.2755751088635643,0.18144030084105622,0.27602090043863825,0.3965566350712913
3230,0.39384967775612545,0.014260336494142545,-0.14884817393257577,0.041658120371036,0.5426978516887012,-0.027397783876893456
3235,-0.09700505612957644,-0.004233951602275188,-0.1831892880432417,-0.01837209431453457,0.08618423191366525,0.014138142712259383
3239,0.0632331456527962,0.010541322440478618,-0.0955589664030258,-0.03638386330210669,0.158792112055822,0.04692518574258531
3244,-0.10805750348212756,0.027156058375288894,-0.16074890269517433,-0.023445674044961895,0.052691399213046775,0.05060173242025079
3250,-0.145022510680408,0.024845616509531765,-0.2183667732445635,-0.024516948643567793,0.0733442625641555,0.04936256515309956
3254,-0.1408063717009564,0.03066112701790924,-0.20212827968746389,-0.008136491753267916,0.061321907986507496,0.038797618771177156
3259,-0.11264132262656407,0.03082434558431102,-0.1361530399040553,-0.020663804660391805,0.02351171727749124,0.051488150244702824
3269,-0.14522247631416485,-0.011782487293581556,-0.23520010820754644,-0.018206881297129107,0.0899776318933816,0.006424394003547551
3274,-0.05778277865729503,0.03629687681132315,-0.06027904822495872,-0.09619178209314344,0.0024962695676636892,0.1324886589044666
3279,-0.09789512861161193,0.017120495444318096,-0.11137948889172072,-0.07447415887185516,0.013484360280108798,0.09159465431617325
3284,-0.243481518130709,-0.1871171770725047,-0.38542785518014555,0.04520311995617443,0.14194633704943654,-0.23232029702867912
3289,-0.21909919808833822,-0.07663529428655047,-0.3249839864686138,0.012323052817788005,0.1058847883802756,-0.08895834710433848
3298,-0.18298862945137984,0.008662525507521834,-0.1006585062158597,0.007536450902926872,-0.08233012323552014,0.0011260746045949621
3303,0.13637514808471474,0.4473374568263342,0.2061087786164617,0.7850631294375598,-0.06973363053174697,-0.33772567261122566
3377,-0.1541003917696943,-0.019639240806388958,-0.12734539441210108,-0.028623877345541004,-0.026754997357593235,0.008984636539152047
3482,0.011401936668054335,0.013018318811952645,0.0469954544273197,0.03732031233945449,-0.035593517759265364,-0.02430199352750184
3869,-0.04487844681451947,0.28901420082702217,0.1274357560053504,0.10405620881297539,-0.17231420281986987,0.18495799201404678
4010,-0.23722356284311125,0.03447452789312189,-0.30258726777619266,-0.0056263384517114545,0.06536370493308141,0.04010086634483334
4019,0.00231541397051975,0.0084626842179924,0.01604013339486468,0.03739721314748484,-0.01372471942434493,-0.028934528929492442
4023,0.014315717193278482,0.019164130499280813,0.06569121923821775,0.03978561057765989,-0.051375502044939264,-0.02062148007837908
4028,0.01058455351908466,-0.009043258057526149,0.028409227962787248,0.023587642250301508,-0.017824674443702587,-0.03263090030782766
4037,-0.009885317571606378,0.11383224409680665,0.5317140014638981,-0.07942543144671044,-0.5415993190355045,0.19325767554351708
4042,0.0026277899130614513,-0.052661518883581976,0.10605190869242817,-0.03500669067035597,-0.10342411877936672,-0.017654828213226004
4048,-0.019499261633397325,-0.07274441152945507,0.03573504435871419,0.010908070602448333,-0.055234305992111515,-0.0836524821319034
4062,-0.05261025028342359,-0.1446410252726408,0.02377339100119452,-0.03656355609968073,-0.07638364128461811,-0.10807746917296007
4067,-0.07373544964320211,0.22177377526143827,-1.0313729440082555,0.03464003258454973,0.9576374943650534,0.18713374267688854
4072,-0.2698997068782194,0.02536583143295057,-0.762865742198394,0.0018008340020153613,0.4929660353201746,0.02356499743093521
4082,-0.1960952892932366,0.27549695132629504,-0.813494359359609,0.061477358838901486,0.6173990700663724,0.21401959248739355
4087,-0.14099616239142,0.3624621452019475,-0.7383711917674273,0.07461462824276466,0.5973750293760073,0.28784751695918287
4093,-0.13548521447733614,-0.06000034496688961,-0.1284302058400711,-0.034848693476947024,-0.007055008637265048,-0.025151651489942584
4097,0.008434510037629073,-0.12879503184639018,0.040254828115715124,0.04841331330702314,-0.03182031807808605,-0.17720834515341333
4102,0.08782131278043326,-0.014112829172116648,-0.05781022045331241,0.15545722732689993,0.14563153323374567,-0.16957005649901657
4107,-0.07428725101241296,-0.1980066134637637,-0.24724065154343045,-0.03418319104795975,0.1729534005310175,-0.16382342241580394
4113,-0.10803523886550626,-0.03375027232645578,-0.2442630331341309,0.0054348880213556106,0.13622779426862464,-0.03918516034781139
4122,-0.15672113472594928,0.05889128494397672,0.008918576303770853,-0.060876457620484103,-0.16563971102972014,0.11976774256446082
4127,0.017861291508425192,0.09229309782034717,-0.051707511723117494,0.010594930437075767,0.06956880323154269,0.0816981673832714
4132,-0.06271083572114233,0.10448601354820602,-0.12563471769980994,-0.07287107053427494,0.0629238819786676,0.17735708408248096
4137,-0.13914196087480968,0.1901040991798581,-0.39555279351557115,-0.11687309152677045,0.2564108326407615,0.30697719070662854
4141,-0.11500776866304702,0.0211038950211348,-0.1838391374212795,-0.02642470909292427,0.06883136875823248,0.04752860411405907
4146,-0.11939986826753807,0.0199860372689859,-0.12846058744161742,-0.03688287254911732,0.009060719174079357,0.05686890981810322
4151,0.0887165969506587,0.15200303777283408,0.038012636423231494,-0.06257385451353736,0.050703960527427205,0.21457689228637145
4156,-0.1587572096176233,0.08786311744186875,-0.4645940080872538,-0.0052636451717543165,0.3058367984696305,0.09312676261362307
4161,-0.19168084921936301,0.16937141306970532,-0.22798716002660824,-0.02335926858820203,0.03630631080724522,0.19273068165790735
4166,-0.2057612678252353,-0.019552127117283602,-0.18350533232119948,-0.04159491487716549,-0.022255935504035818,0.022042787759881888
4171,-0.13293798815979496,0.06242814327399454,-0.16548219856969149,0.0020439193626762275,0.032544210409896523,0.06038422391131831
4176,-0.24344873627193658,0.017418885766167624,-0.1861741263797923,-0.008017766433245643,-0.05727460989214428,0.025436652199413268
4181,-0.16473290683152297,0.029808980442459776,-0.29246336302974685,-0.06902429710447477,0.12773045619822387,0.09883327754693455
4186,-0.12624040837641282,-0.002591088424669874,-0.12415489718612993,-0.046885442774267094,-0.002085511190282885,0.04429435434959722
4190,-0.23970693936558773,0.01518435554416997,-0.1518904452428932,-0.03423850183514099,-0.08781649412269454,0.04942285737931096
4200,-0.22484661964907193,0.02601636542917901,-0.14731515490041092,0.0038487042442054697,-0.07753146474866102,0.02216766118497354
4205,-0.30089860708731575,0.2126111189193357,-0.19640351855649174,0.2509431058158263,-0.10449508853082401,-0.03833198689649059
4246,-0.053136000058229216,-0.10886664571821791,-0.019200407007371245,0.02174613966861888,-0.03393559305085797,-0.1306127853868368
4281,-0.2016859626683315,0.20538680344035665,-0.2468948410813787,-0.03658959038560383,0.045208878413047215,0.24197639382596048
4309,0.09716514011038707,0.20764239883499847,-0.08786429977938648,0.13462429859037395,0.18502943988977355,0.07301810024462452
4476,-0.06346055433342801,-0.19744992187242805,0.028355449616383477,-0.06035655804291595,-0.09181600394981149,-0.1370933638295121
4477,-0.13649658467184422,-0.07977505301984167,-0.18919805452636518,-0.034238092335085124,0.052701469854520955,-0.045536960684756544
4798,-0.0005713658317786363,0.009971553305968286,0.0024180990958938,0.03132499281974317,-0.002989464927672436,-0.021353439513774886
4833,-0.013576114622468216,-0.07831823141043098,0.021076957730256224,-0.01768527687765198,-0.03465307235272444,-0.060632954532779004
4838,-0.20049963672390325,0.2784841736675404,-0.5544617826959141,0.168807722406067,0.3539621459720108,0.1096764512614734
4862,-0.1485834188168268,0.1642256689710493,-0.8081939940115997,0.08688595628108053,0.659610575194773,0.07733971268996875
4877,-0.08407930390658025,-0.15894841842936924,0.022117770327959252,0.010171847706494486,-0.1061970742345395,-0.16912026613586373
4881,-0.30290739063961347,-0.3250059150142133,-0.41828367570393976,-0.14784412053415807,0.11537628506432629,-0.1771617944800552
4886,-0.22361649568855213,-0.5192563948775544,-0.40893492867121395,-0.15147421364276636,0.18531843298266182,-0.367782181234788
4907,0.020804957824102077,-0.1870024401335333,-0.40027238694418776,-0.03074356867722483,0.42107734476828984,-0.15625887145630846
4941,-0.11996878971942865,0.028787706817940517,-0.07080587486396245,-0.055929207333575204,-0.0491629148554662,0.08471691415151572
4985,-0.1985668064461188,0.009507925086038593,-0.19108815245868183,-0.0015589508337769398,-0.007478653987436967,0.011066875919815533
4990,-0.3626763398777114,0.05514806802117894,-0.4252769434859681,-0.02908914921427702,0.0626006036082567,0.08423721723545596
5007,-0.003815202126482245,0.009506043395459823,-0.004791888248295267,0.02718033755085736,0.0009766861218130224,-0.017674294155397535
5013,0.43472403022858663,-0.31380509771595433,0.33527621809033903,-0.06146784255060833,0.0994478121382476,-0.252337255165346
5018,0.0935045226076453,-0.10787220493157801,0.25613093353397376,-0.02082797644424428,-0.16262641092632846,-0.08704422848733373
5027,-0.011471201774197692,-0.09530625302645923,0.22998308639201887,-0.10490101570465549,-0.24145428816621656,0.009594762678196256
5032,-0.027347282853784877,-0.03147016785914858,0.03411810774736654,-0.03789627817258401,-0.061465390601151415,0.006426110313435429
5047,-0.023751500572334966,-0.13926206326038215,0.0503421513144475,-0.019765664803118588,-0.07409365188678246,-0.11949639845726356
5052,-0.13923335784691582,-0.04265443456747087,-0.788529564632374,0.07970455448868907,0.6492962067854582,-0.12235898905615994
5057,-0.07384540023287922,-0.08025367587628318,-0.28566639865901755,0.059934874658499004,0.21182099842613833,-0.14018855053478219
5062,-0.09359756646110495,0.026169877309277778,-0.6849810041503099,0.06973055586454668,0.591383437689205,-0.043560678555268906
5072,0.01681761396589021,-0.006906557115306633,-0.5350952929026449,0.038147049582533565,0.5519129068685351,-0.0450536066978402
5076,-0.099201965050988,-0.05259027148427631,-0.16827935813557515,0.09742870700207185,0.06907739308458716,-0.15001897848634815
5086,-0.08168884180270286,-0.1975099826190686,-0.03447077295113443,-0.05596593440279085,-0.04721806885156843,-0.14154404821627775
5100,0.38953960116362496,-0.7535608625898071,-0.10606418987953514,-0.1665148305883708,0.4956037910431601,-0.5870460320014363
5105,-0.03814192473950806,-0.05192101803291305,-0.18179757703110888,-0.0705976653625654,0.14365565229160082,0.01867664732965235
5110,-0.05253301662056431,0.10411497333829822,-0.08827315076587128,-0.21294676409696478,0.03574013414530697,0.317061737435263
5120,0.14545158215960274,-0.2277704699240123,-0.573853673934773,0.015252211413703809,0.7193052560943758,-0.2430226813377161
5125,-0.2696114843882421,0.034530780911604886,-0.06008900088596758,-0.13318915678464494,-0.20952248350227454,0.16771993769624982
5134,-0.08530980927338033,0.11731854587932244,-0.2778505293486921,0.08665516906478532,0.19254072007531176,0.030663376814537124
5140,-0.12864542618228342,-0.0023276327743296243,-0.12892350660627644,-0.032226865967526275,0.00027808042399302124,0.02989923319319665
5145,-0.05497480166018498,0.006882386867789081,-0.20151231019085658,-0.021523593163648935,0.1465375085306716,0.028405980031438016
5154,-0.10054907838575361,0.038458781003188836,-0.08625499686530758,-0.0463807029179501,-0.014294081520446034,0.08483948392113894
5159,-0.3589295882506535,0.02389847886249763,-0.3733243057679518,-0.2900400459997606,0.014394717517298261,0.3139385248622582
5164,-0.07340284140269249,0.22722099605456247,-0.2935466578608613,0.014416207598454522,0.22014381645816883,0.21280478845610795
5169,-0.1309300797843423,0.23120174507357832,-0.1645007344277118,-0.0196299241140947,0.0335706546433695,0.250831669187673
5174,-0.18887957177970666,0.05389841155468361,-0.04006175595891276,-0.07318520982118448,-0.1488178158207939,0.1270836213758681
5179,-0.2220878968679459,-0.05671668873575736,-0.2888631923776657,-0.011003329756970659,0.06677529550971983,-0.0457133589787867
5184,-0.1991021395274381,0.03925360507061848,-0.2935090834973287,-0.006767795074993477,0.09440694396989058,0.04602140014561196
5189,-0.2457598002596097,-0.012483784183429492,-0.19531707740303345,-0.026671049580182293,-0.05044272285657625,0.014187265396752802
5203,-0.14253462437129927,0.052491743365776666,-0.368630987022439,0.06388429481043639,0.22609636265113975,-0.011392551444659726
5208,-0.17869940714089982,0.07564681306461052,-0.19221474551884754,0.06085910214123735,0.013515338377947717,0.014787710923373165
5210,0.004100902394365294,0.0016194682270744762,-0.006437005085449046,-0.0008694992743302349,0.01053790747981434,0.002488967501404711
5744,-0.5195699906029021,-0.3715002379258062,-0.532942286849003,-0.06445260420001453,0.013372296246100923,-0.3070476337257917
5849,0.009215435072669635,-0.0017662596948611747,-0.0032895828931394505,-0.007273832916479997,0.012505017965809086,0.005507573221618822
5853,0.007509181211585669,-0.0026698313997724696,-0.008010558652144784,-0.012600111376869526,0.015519739863730453,0.009930279977097056
5992,-0.1281805929927491,-0.00518803268491802,-0.1581604945729752,-0.038390375985111025,0.02997990158022612,0.033202343300193005
6039,-0.20341880424934145,0.10133615872377039,-0.21625647236272105,-0.04113559423202223,0.012837668113379608,0.14247175295579262
6051,-0.20648792511671027,0.017588956183949733,-0.011974437219364031,0.010077139842945892,-0.19451348789734624,0.007511816341003841
6057,0.008567413145367547,0.0029864490800754206,-0.0036472875557032533,-0.007027033408603153,0.0122147007010708,0.010013482488678574
6076,0.3048152255819989,-0.30288946821788465,0.2877178267496292,-0.20498377637479281,0.017097398832369715,-0.09790569184309184
6087,0.23984228507888516,0.12665091786398458,0.4156701704059469,-0.021633695443184386,-0.17582788532706173,0.14828461330716897
6096,-0.00963369120946933,-0.035733596514066684,0.029476154087630102,-0.010850138245868723,-0.03910984529709943,-0.02488345826819796
6101,-0.128519788020093,0.2118730522366148,-0.28011430570234386,0.1343633180698176,0.15159451768225085,0.07750973416679718
6106,-0.02950466379497682,-0.06081670715454074,-0.06733495584994639,0.007619402642458362,0.03783029205496957,-0.0684361097969991
6111,-0.003261594405904511,-0.13496359434901503,-0.019971844980268827,-0.021794812067113728,0.016710250574364316,-0.1131687822819013
6116,-0.014829618048383675,-0.12391547330650704,-0.003401698306376766,0.015828798253005177,-0.011427919742006909,-0.13974427155951222
6121,-0.012042637499632053,-0.055658710932201094,0.007681567553331964,-0.022690488245642904,-0.019724205052964017,-0.03296822268655819
6126,-0.026094750767529984,0.1779318875603748,-0.24951938105397353,0.009903834107902298,0.22342463028644355,0.16802805345247251
6131,-0.019084531365442414,-0.05281874620795929,-0.16298876394615036,-0.00475027466120026,0.14390423258070795,-0.04806847154675903
6136,0.08194371518215071,0.5755568371019609,-0.3641821867560968,0.5443626333541813,0.4461259019382475,0.031194203747779592
6150,-0.3594714783945441,-0.4713418643968431,-0.5627696857327241,-0.15874001625235212,0.20329820733818005,-0.312601848144491
6155,-0.19831130042280698,-0.3671193472799924,-0.5079141125960873,-0.23891398413598142,0.30960281217328034,-0.128205363144011
6160,-0.3003612955773993,-0.20498805940764275,-0.3958833260130381,-0.15864795225470574,0.09552203043563878,-0.046340107152937016
6176,-0.1795191145500563,-0.08102055380650786,-0.6753865447119581,0.08752051989423948,0.4958674301619018,-0.16854107370074733
6190,0.39670370280310174,0.7593591545324085,-0.21177896265863239,0.20847964717477763,0.6084826654617341,0.5508795073576309
6195,-0.17500954362522764,0.357443303639622,-0.43999304964419544,0.06190156237511257,0.2649835060189678,0.29554174126450944
6199,0.19751399195730984,0.05151693079932479,-0.18352471014994698,-0.021674794060259794,0.3810387021072568,0.07319172485958458
6209,0.11288750054052099,-0.05762141323589215,-0.5059793661507882,0.004020743206264055,0.6188668666913092,-0.061642156442156204
6214,-0.13340613266610074,0.03923904634131076,-0.2742895464801039,-0.04237455523763611,0.14088341381400316,0.08161360157894687
6219,-0.11028865821521061,-0.013970640045115168,-0.16070981926686057,-0.04692553205977085,0.050421161051649954,0.03295489201465568
6224,-0.14465534641636174,-0.008200225970165786,-0.058027547943599156,-0.07402585685923435,-0.08662779847276258,0.06582563088906856
6229,-0.16313579989279758,0.050958033563567595,-0.46930740540811944,-0.06545747119916745,0.30617160551532185,0.11641550476273504
6234,-0.21807029262123123,-0.05542151951384566,-0.17927923675434065,-0.060208347454735966,-0.03879105586689058,0.004786827940890304
6239,-0.22950792674339676,0.005382137285986854,-0.17632206690237967,-0.05682777041783693,-0.05318585984101709,0.062209907703823786
6244,-0.08021660804393371,0.011331591583735479,-0.15389941884351765,-0.03736111445605533,0.07368281079958394,0.04869270603979081
6248,-0.22488408271268673,0.046869238613222064,-0.142612051497307,-0.07394142860852854,-0.08227203121537974,0.1208106672217506
6259,-0.19355836384179237,-0.04025531752177691,-0.17806855469224991,-0.17169186661312952,-0.015489809149542455,0.1314365490913526
6269,0.3042087464140685,0.5223404973046926,-0.45656735061287845,0.035486666761686214,0.7607760970269469,0.48685383054300635
6377,-0.3871045846709439,-0.38063911255133676,-0.6096950139974641,-0.24702704856233348,0.22259042932652018,-0.13361206398900327
6399,0.0009595237576559557,0.46796401525647235,-0.29784407569751525,0.03081003072106725,0.2988035994551712,0.4371539845354051
6925,0.0060131458122319945,-0.005867904221041428,-0.008034062659968456,-0.011839443889839506,0.014047208472200451,0.005971539668798077
6939,0.4557625149887037,0.6592373954631134,0.585056172255579,0.0709691310883942,-0.12929365726687536,0.5882682643747192
6949,-0.07573674973583566,-0.015176954322570352,0.010335942255644492,-0.03223324197483371,-0.08607269199148015,0.017056287652263358
6959,-0.4489535738916346,0.23550017298674536,-0.5720618916655356,0.17620468312734205,0.12310831777390097,0.059295489859403305
6974,-0.00783397361803706,-0.034541949399991306,-0.059985584423880994,-0.019430199998366898,0.052151610805843934,-0.015111749401624408
6988,-0.02375946954891539,-0.11463061206391767,-0.05738268274634767,-0.02868091651236998,0.03362321319743228,-0.08594969555154769
6994,-0.020840638035668935,-0.14766542306413546,-0.037123475964946084,-0.033746766760069186,0.01628283792927715,-0.11391865630406628
6998,-0.12833379663264854,-0.05773575295261685,-0.024396946988037738,0.03157925493146185,-0.10393684964461081,-0.0893150078840787
7008,0.53109929106297,0.08831215621573019,-0.3351865395470234,-0.5331714469729544,0.8662858306099934,0.6214836031886846
7033,-0.6215014118702062,-0.09539312484645923,-1.285150185931392,0.18728026754414195,0.6636487740611858,-0.2826733923906012
7043,0.20005092123994672,0.7388023621495983,-0.37284065481224926,0.28889648944553936,0.572891576052196,0.4499058727040589
7048,-0.015421545642224421,0.31654838222773607,-0.31370105674307713,0.20458556588880006,0.2982795111008527,0.11196281633893601
7053,0.00549848929648078,0.20147560386922791,-0.09942197376557838,0.06433514991382805,0.10492046306205915,0.13714045395539987
7058,-0.046613572040017315,-0.015563345722016342,-0.06559694464229365,0.023851543647278317,0.01898337260227634,-0.03941488936929466
7062,0.15094820086640898,0.013758045770750682,-0.0790001660554649,0.018035950873067308,0.22994836692187387,-0.004277905102316626
7072,-0.07114491693102687,0.008544142208063377,-0.14104418066420032,-0.030381055834112214,0.06989926373317346,0.03892519804217559
7077,-0.025821597163013077,-0.044651557990467106,-0.14686239277466345,-0.02855469948579853,0.12104079561165038,-0.016096858504668576
7082,-0.13789573387864307,-0.028046375775655663,-0.19362022970912318,-0.04405999992940768,0.055724495830480114,0.016013624153752015
7087,-0.2866406182200773,0.10044797138346945,-0.19682466202143106,-0.02174321440714405,-0.08981595619864624,0.1221911857906135
7092,-0.21387322516959917,0.03446782936819909,-0.22903402785468585,-0.0075228917365790515,0.015160802685086683,0.04199072110477814
7097,-0.21651686857378932,0.060733406874038,-0.22296544363960563,-0.04107062597359168,0.006448575065816309,0.10180403284762968
7107,-0.22019702385737155,0.019709207844410326,-0.21583796524603277,-0.06141364032887875,-0.004359058611338784,0.08112284817328907
7113,-0.09215722536129167,-0.01000625080201245,-0.13196393117329153,-0.1469173928645795,0.039806705811999854,0.13691114206256705
7117,-0.16201911057840468,0.021637070761416743,-0.20938887047042243,-0.026136503476618722,0.04736975989201775,0.047773574238035466
7122,-0.21289867340000773,0.03472358548906235,-0.1663454149718248,0.02373239000152705,-0.04655325842818292,0.010991195487535299
7126,-0.04243197845375979,0.16081934431306,-0.488742754893591,-0.09825324345257103,0.4463107764398312,0.259072587765631
7130,0.009777528608508293,-0.003256217064948795,-0.0034357892272682267,-0.010333141024116033,0.01321331783577652,0.0070769239591672375
7136,0.010132809562741728,-0.004980732935691068,-0.003570430537229087,-0.010742435222805075,0.013703240099970815,0.005761702287114007
7146,0.001781218487333494,-0.008604842068958285,-0.006109801512016622,-0.010795380268161264,0.007891019999350116,0.0021905381992029793
7150,-0.002277249257029129,-0.012141427418538159,-0.016853506406362323,-0.01693035444032423,0.014576257149333194,0.004788927021786071
7170,0.07728722385839681,0.2947167931401464,-0.02461209817823784,0.12392836019453257,0.10189932203663465,0.17078843294561386
7185,0.08472560766839675,-0.03732276277518265,0.10914481587735553,0.05192295247219354,-0.02441920820895878,-0.08924571524737619
7194,0.007147433868116615,-0.17725412582914152,-0.025847565322174137,-0.019904334578826954,0.03299499919029075,-0.15734979125031456
7200,-0.008056077457112176,-0.05193448359725927,-0.1312020633012121,-0.01574948045844443,0.12314598584409991,-0.03618500313881484
7283,-0.0967841897402516,-0.015688602326780876,-0.10217497014263932,-0.015165936247676093,0.005390780402387718,-0.0005226660791047832
7318,-0.21436908155439904,0.052624500654789075,-0.30451751362185453,-0.04803967030156281,0.09014843206745549,0.10066417095635188
7451,-0.3565068111603753,-0.04920463410047515,-0.40574299513967516,-0.06655928643031062,0.04923618397929985,0.017354652329835463
7470,0.07460293842131649,-0.1737297833459583,-0.5388309074294573,-0.07218287942172136,0.6134338458507738,-0.10154690392423693
7804,0.1853550807451254,-0.3299458427988937,0.1705255953149596,-0.06952343609864742,0.014829485430165823,-0.2604224067002463
7809,0.2804361381776676,-0.37078123854933165,0.34651623977497376,-0.13279764388973644,-0.06608010159730615,-0.23798359465959523
7889,-0.4298645227129309,-0.11054173241962895,-0.6016576806664151,-0.11591025709920877,0.17179315795348415,0.0053685246795798225
7933,-0.0963952658639795,0.18217964521128804,-0.5827132557511312,0.09025084270390649,0.48631798988715164,0.09192880250738156
7997,0.009513385990272426,-0.004348150078993654,-0.004230093265332545,-0.01124527112703496,0.01374347925560497,0.006897121048041306
8002,0.009829426471664543,-0.00513855883120317,-0.003646036662264901,-0.011217306201100861,0.013475463133929444,0.006078747369897691
8012,-0.0020919988999692635,-0.006753769227663867,-0.0053602884929751515,-0.0083326823141089,0.003268289593005888,0.001578913086445033
8016,-0.0009587187280638287,-0.04053930058436281,-0.007390059442162658,-0.014504840484088455,0.006431340714098829,-0.026034460100274354
8031,0.15897026809225623,0.02513390883656358,0.10761966885146443,-0.0053008878984948105,0.0513505992407918,0.03043479673505839
8037,-0.29501106868491,0.18762243264735157,-0.4435375079981292,0.020869726148194934,0.14852643931321918,0.16675270649915663
8046,-0.7830588527106515,0.2710779249907308,-0.9173042111352654,0.26616746806730496,0.13424535842461394,0.004910456923425843
8051,-0.010254490803799143,0.33993269620245536,-0.3415610907459974,0.4043865063738403,0.33130659994219824,-0.06445381017138496
8061,-0.028627236207578732,-0.0322112868637614,-0.08458133480509741,-0.010000514967473312,0.05595409859751868,-0.02221077189628809
8065,-0.022530299032273993,-0.03995763928649987,-0.054477696996850955,-0.018604401394057696,0.03194739796457696,-0.021353237892442173
8075,-0.005195315758422858,-0.09405176863996748,-0.007749213553873757,-0.026758626503026156,0.002553897795450899,-0.06729314213694132
8080,-0.09842651532317492,-0.13768596216888201,-0.06623308560840269,-0.05794402798391535,-0.03219342971477224,-0.07974193418496667
8115,0.12408567364178325,-0.07927011102319503,-0.3211633644029781,0.22227879194523525,0.44524903804476135,-0.3015489029684303
8120,-0.0530532550671981,0.05188200156177203,-0.0867120669724773,0.02646124944258449,0.033658811905279196,0.02542075211918754
8125,0.1982043957185522,0.5933620237304222,-0.11907774942403315,0.23483932548796704,0.31728214514258535,0.3585226982424552
8134,-0.2026812141031461,0.05690675721175842,-0.18095280931334456,0.15964961968168911,-0.021728404789801536,-0.1027428624699307
8141,-0.2699553410846632,0.10044913141813616,-0.5764212827484825,-0.0853025855972937,0.30646594166381924,0.18575171701542986
8145,0.013048268965520693,-0.0289616445815421,-0.40343041801744595,-0.05200633311210434,0.41647868698296664,0.02304468853056224
8154,-0.1398796890029047,0.008503441326196626,-0.43351181196863675,-0.07137046296862276,0.29363212296573205,0.07987390429481939
8159,0.010517052136159277,-0.09537764765571016,-0.21075503718950173,-0.05361366287088093,0.221272089325661,-0.04176398478482923
8164,-0.15185981011571908,-0.02343249166714606,-0.19322150617191108,-0.06596509747924745,0.041361696056192,0.04253260581210139
8169,-0.1380542153005196,-0.0030510460825294294,-0.2691290467703662,-0.08041498062793628,0.1310748314698466,0.07736393454540685
8179,-0.16726990492838995,0.06262751264659117,-0.3802863618549029,-0.038817209778026995,0.21301645692651294,0.10144472242461816
8189,-0.16029411767616014,0.03464233555523899,-0.16849230754198213,-0.06317838712257517,0.008198189865821992,0.09782072267781416
8199,-0.12350091145119685,0.013190227941284938,-0.11571288986942091,-0.07291590628916644,-0.007788021581775939,0.08610613423045138
8203,-0.318121762192191,-0.0009907619484180175,-0.25504091448719013,-0.02411778648186408,-0.06308084770500089,0.02312702453344606
8209,0.7337337673337245,-0.01736245030964234,-0.4484773792373866,-0.39339919471102736,1.1822111465711111,0.376036744401385
8211,0.009029067132436897,7.855774530345777e-05,-0.002352343659903486,-0.007478759089927872,0.011381410792340382,0.00755731683523133
8225,0.03841371029114926,-0.051253129313046264,-0.05196676792008484,-0.08512468514563098,0.0903804782112341,0.03387155583258472
8259,-0.4161702509948642,0.33269040501230274,-1.0385784063372951,-0.03209193305494873,0.622408155342431,0.36478233806725147
8274,-0.07870882304494331,-0.30867816330318243,-0.37689135285310726,-0.04951659643513584,0.29818252980816395,-0.2591615668680466
8289,-0.007964471728881595,-0.06818990009846054,-0.07429734691678613,-0.025753496493716388,0.06633287518790454,-0.042436403604744155
8302,-0.08954432802275852,-0.12694203377674662,-0.02963886227147955,-0.04483797475615264,-0.059905465751278975,-0.08210405902059398
8348,-0.46084020333228726,-0.15227720922767907,-0.5205704287603466,-0.27247020948778516,0.05973022542805939,0.1201930002601061
8392,-0.10801233556087447,0.046303282334227425,-0.44415052342699995,-0.017761372061726566,0.3361381878661255,0.06406465439595399
8401,-0.13251933278965955,0.023117014165804417,-0.16051431641096914,-0.0910711850028793,0.027994983621309588,0.11418819916868372
8413,-0.2090812635729652,-0.012605463639149161,-0.06039634150282025,-0.036426107259811324,-0.14868492207014494,0.023820643620662163
8987,-0.12178827641108925,-0.1572619655727825,-0.3768246455279052,-0.018018026975238577,0.25503636911681593,-0.13924393859754391
9083,0.00763745940773327,-0.002668423067215299,-0.00034760762237950535,-0.006635837249591235,0.007985067030112775,0.003967414182375936
9087,0.007711426367821274,-0.004163620360242787,-0.007961046285925422,-0.010980889600484982,0.015672472653746695,0.006817269240242195
9092,0.007702584301183986,-0.004352489758353062,-0.0077339928370880676,-0.011111006154788515,0.015436577138272053,0.006758516396435453
9097,0.0064942389982746915,-0.003437307096321847,-0.009305564680564891,-0.011089147284557364,0.015799803678839583,0.0076518401882355175
9102,0.05535443447438365,-0.07585070655490124,-0.08143650311648559,-0.12403011391257394,0.13679093759086924,0.048179407357672704
9111,0.0007684482907242274,-0.008238521629547482,0.0006842324938073907,-0.004428763433700564,8.421579691683667e-05,-0.0038097581958469184
9117,0.09977689622208608,0.09570966314906726,0.10034048501673287,0.03301852441339603,-0.0005635887946467966,0.06269113873567123
9126,-0.021116433825223768,0.10101366415228041,0.026488335163466492,0.09320931525161524,-0.04760476898869026,0.00780434890066517
9131,0.09520283798297124,0.2246806497455438,0.09728039010749379,0.27495968971020945,-0.0020775521245225415,-0.05027903996466565
9137,-0.4372195581898206,0.23607907189774702,-0.5237151941187705,0.294474726968299,0.08649563592894993,-0.058395655070552
9146,-0.04404657273670631,-0.17321644491421517,-0.6924973198232622,0.02737997907647094,0.6484507470865559,-0.2005964239906861
9161,-0.05064003812416562,-0.07336348869582093,-0.1129133284916497,-0.0104626335236499,0.06227329036748408,-0.06290085517217103
9166,-0.06589286426832552,-0.16113784169157058,-0.04470590840641425,-0.007753364387021844,-0.021186955861911272,-0.15338447730454874
9180,-0.2855269110077767,-0.655311586608473,-0.6179535480025022,-0.1674653126582184,0.3324266369947255,-0.4878462739502546
9190,-0.12387645315840606,-0.10010069854404907,-0.09995818697940012,-0.03932709321180605,-0.023918266179005943,-0.06077360533224302
9195,-0.7112006450248269,-0.13621663626728953,-0.10062489515927231,0.03225193603021237,-0.6105757498655546,-0.1684685722975019
9200,0.036508229879714915,-0.057165949227988344,-0.12455479848183282,-0.024440757252895684,0.16106302836154773,-0.03272519197509266
9220,-0.10128367986843201,0.204022084649905,-0.13783459156053146,0.016046103899669872,0.03655091169209945,0.18797598075023514
9225,0.08168073973417689,0.04243371329978829,-0.11723500384857821,-0.24788873641874476,0.1989157435827551,0.29032244971853305
9229,-0.002453273567260217,-0.30244802570385587,0.07450255354131263,0.0763679505375946,-0.07695582710857285,-0.37881597624145047
9234,-0.2266807594619123,0.02861938309212314,-0.2294152711944582,-0.011629455246151998,0.002734511732545908,0.04024883833827514
9239,-0.18502338822764658,0.07795810304106415,-0.47049581203934204,-0.034770146114360134,0.28547242381169546,0.11272824915542429
9244,-0.1436981057016139,-0.008306204465128697,-0.12193490400837936,-0.007913079645818277,-0.021763201693234535,-0.00039312481931041976
9249,-0.17894792067159682,-0.011440617021929556,-0.11896737329607437,0.009029904836312441,-0.05998054737552244,-0.020470521858241997
9259,-0.24734773532567045,0.015996663175714798,-0.43703288950295893,-0.12140263301960214,0.18968515417728848,0.13739929619531693
9264,-0.1524975994328931,0.03328600757993877,-0.19796284362528627,-0.06827216459861685,0.04546524419239317,0.10155817217855562
9274,-0.24244778672907114,0.03969439718015072,-0.35516038481299045,-0.04147777033122502,0.11271259808391931,0.08117216751137574
9279,-0.18240724215537246,0.0043215284249946695,-0.3026620990460442,-0.09460728716832967,0.12025485689067172,0.09892881559332434
9289,-0.1704716457062196,0.09317205938588025,-0.28742915018029763,-0.025704017690965197,0.11695750447407804,0.11887607707684544
9294,-0.1286982939837233,-0.04030464134882433,-0.18599354430979004,-0.013917527028109555,0.05729525032606675,-0.026387114320714777
9298,-0.08278668338507611,0.04155824955180876,-0.2892817185377551,-0.04886343788031905,0.20649503515267897,0.0904216874321278
9325,-0.008299364267162962,-0.010065062972019659,-0.0011125585032978058,-0.007249880541347939,-0.007186805763865156,-0.00281518243067172
9340,0.006408353598413491,-0.0030753102629228757,0.0026327975242166346,0.021318679808734975,0.0037755560741968563,-0.02439399007165785
9389,-0.013999393940603067,-0.16847710839716556,-0.02105834609204904,-0.020299823365544506,0.007058952151445974,-0.14817728503162106
9403,0.32019995801351375,-0.6266637892834689,-0.8971863912785402,-0.12595625040450575,1.2173863492920538,-0.5007075388789631
9428,-0.1288220967775915,0.1621790516225221,-0.25439246083532385,0.02023838888177132,0.12557036405773236,0.1419406627407508
9433,0.3480701079266527,0.16679025083967036,0.32882036859401487,0.007216376522029,0.01924973933263785,0.15957387431764136
9472,-0.09093484409128416,0.020618742461707362,-0.39369973967435845,-0.0870063339465309,0.3027648955830743,0.10762507640823826
9487,-0.09158097601322701,0.11912175708754269,-0.10750015604366181,-0.07107251753280219,0.0159191800304348,0.19019427462034488
9502,-0.17090462024161956,-0.005972396600329999,-0.04243493097073675,-0.13418437962534474,-0.12846968927088281,0.12821198302501474
9948,0.003461523967763048,-0.0033072558576679283,-0.005409479126203001,-0.004973069422697946,0.008871003093966049,0.001665813565030018
10025,-0.1823881478277134,0.722960216933866,0.4229583092740852,0.03436237851070034,-0.6053464571017986,0.6885978384231657
10100,-0.10026668932611271,0.05459400707443368,-0.26903275719607356,-0.0426462260584376,0.16876606786996085,0.09724023313287128
10161,0.0025659604078366455,-0.004343349810563158,-0.007039585427044789,-0.005295923191742786,0.009605545834881435,0.0009525733811796278
10167,0.006340042776286935,-0.003817934047837389,-0.008760440210796187,-0.010261116583009947,0.015100482987083122,0.006443182535172558
10171,0.004813660018371496,-0.02816093070655301,-0.025975840064316524,-0.029017752402544325,0.03078950008268802,0.0008568216959913139
10177,0.016987085648463546,-0.07692688400818154,0.0023313808734101438,-0.036500089159367616,0.014655704775053402,-0.040426794848813924
10181,0.018524929979050198,-0.12030308632003359,0.0205250607689432,-0.013438284970973352,-0.002000130789893001,-0.10686480134906023
10193,-0.007044347451907046,-0.054116233149166526,-0.011641318677752754,0.016715572241344984,0.0045969712258457085,-0.07083180539051151
10197,-0.20464914227343367,0.10234330031475247,-0.20697630688761404,0.08524805145585246,0.002327164614180366,0.017095248858900014
10202,-0.3148646302112128,0.08221590240053067,-0.4451517312090352,0.07292846165132327,0.13028710099782237,0.009287440749207398
10211,0.10481679085514728,-0.06124371790784233,-0.049921804277168524,0.29801211094265034,0.1547385951323158,-0.3592558288504927
10215,-0.09930546370201643,0.3774189884191279,-0.2964522702932054,0.14354787311400996,0.197146806591189,0.23387111530511795
10226,0.08537916257616884,0.39050805049954085,-0.3380262907204261,0.472355795731898,0.42340545329659496,-0.08184774523235716
10231,-0.2039848233237358,0.035597350220353485,-0.5616405513911285,0.03938751213759395,0.35765572806739265,-0.0037901619172404644
10246,-0.02648617874477538,-0.06037382588630885,-0.017176448093349644,-0.015083398289277461,-0.009309730651425735,-0.04529042759703139
10251,-0.0021708372997896186,-0.39857734877297246,-0.2102539714710836,-0.1307827036486332,0.20808313417129398,-0.26779464512433926
10255,0.4032197050979337,-0.2525602451646918,-0.5946896276542736,-0.33820741215622085,0.9979093327522073,0.08564716699152908
10260,-0.11458264231869864,-0.16778454797838488,-0.21654076712551018,-0.032408738176117335,0.10195812480681155,-0.13537580980226754
10265,-0.043826700117224116,-0.45678505539423786,-0.6725960089722325,-0.11519003335384725,0.6287693088550084,-0.3415950220403906
10269,-0.17690184358187366,-0.377248108704741,-0.5926707319765445,-0.03249404086010832,0.41576888839467085,-0.3447540678446327
10275,-0.14673431578555718,-0.10264102315515244,-0.23967155433606124,-0.03140518881689269,0.09293723855050406,-0.07123583433825975
10279,-0.20616984352114676,0.020287828564872767,-0.24043565827694702,-0.035747771817738194,0.03426581475580026,0.05603560038261096
10285,-0.1908823220993744,0.08518437197329692,-0.2544274102979044,0.002321533076954596,0.06354508819853,0.08286283889634233
10290,-0.08596662128666477,0.11714831306656814,-0.12130821932233282,0.012329863482704817,0.035341598035668054,0.10481844958386333
10300,-0.9577332514677888,0.27021379192389855,-0.9750110122034426,-0.33962027367689185,0.01727776073565379,0.6098340656007903
10305,-0.20562018375392788,0.0681019190280634,-0.3388235827384125,-0.02898807583408114,0.13320339898448463,0.09708999486214454
10313,-0.14571198969789034,0.03164351189344844,-0.4139253693538131,-0.016188894112954988,0.26821337965592273,0.04783240600640343
10319,-0.13745644340202345,-0.015451480782903426,-0.14033382698911007,0.009715947397259339,0.0028773835870866127,-0.025167428180162765
10324,-0.10953960276921249,0.07058826504605109,-0.3891367828936465,-0.08234070140803601,0.279597180124434,0.1529289664540871
10334,-0.11425739256033274,0.08289574660155663,-0.3967780261406384,-0.10032530620590563,0.28252063358030566,0.18322105280746226
10340,-0.060019126218978314,0.0360515445567236,-0.35292055485860163,-0.09517510072182589,0.2929014286396233,0.1312266452785495
10344,-0.26620060564216946,0.007241550260914387,-0.37942701249210903,-0.053086489890373956,0.11322640684993956,0.06032804015128834
10349,-0.2737211298971631,-0.045378828729637444,-0.27449398765587935,-0.03136106318064574,0.0007728577587162722,-0.0140177655489917
10354,-0.15408599221891983,0.038411052079154406,-0.16848334627682449,-0.10468899119561459,0.014397354057904654,0.143100043274769
10359,-0.07314473482705763,0.03428012009413012,-0.20723921387675104,-0.07782681285277299,0.1340944790496934,0.1121069329469031
10364,-0.21097824615134841,0.045593827840519185,-0.13791276671928077,-0.04344033905960226,-0.07306547943206765,0.08903416690012145
10368,-0.3156213702492457,0.08384239269123017,-0.16140677257277486,0.03865862631132527,-0.15421459767647083,0.0451837663799049
10430,0.06498922823908626,-0.13916069767597272,-0.44293099997957863,0.19705294135918722,0.5079202282186649,-0.33621363903515994
10449,-0.030456193463335335,-0.10938120430960782,-0.0202847933124643,-0.009508776708746558,-0.010171400150871035,-0.09987242760086126
10538,-0.1390666792255396,0.0033542603560235418,-0.15009292817023756,-0.05118177382255362,0.011026248944697947,0.054536034178577164
11119,0.09582840613322913,0.05865825226543214,-0.04763814682471129,-0.027481009605359763,0.14346655295794042,0.0861392618707919
11204,0.002236949736516336,-0.0012751572395866342,-0.00011309204263726391,-0.002205212746274811,0.0023500417791536,0.0009300555066881766
11209,0.003342158753838455,-0.004042872761255777,-0.010890778484976653,-0.007027394509487771,0.014232937238815108,0.002984521748231994
11214,0.047734932860597656,-0.03439754424006081,-0.006367715528539375,-0.07864246821992678,0.05410264838913703,0.04424492397986597
11219,0.1469007031591134,-0.02378788457437575,0.0958626553352448,-0.03971898924689915,0.051038047823868615,0.0159311046725234
11228,0.0060431047417943695,-0.05082326726372305,0.007422658516644781,0.0033784807379437787,-0.0013795537748504116,-0.05420174800166683
11233,0.004389005715178307,-0.014710783274289874,0.010354412353073217,0.005343077352677722,-0.00596540663789491,-0.020053860626967596
11238,-0.08720786119686685,-0.07495980783999501,-0.10640158075488226,-0.019391787452903958,0.01919371955801541,-0.05556802038709105
11244,-0.29678407437962173,0.13744927531456508,-0.3942989219269878,0.1346478259848829,0.09751484754736606,0.002801449329682182
11248,0.07442941446426954,0.16913360371162556,-0.09864132365672729,0.18463331068210365,0.17307073812099683,-0.015499706970478089
11254,-0.04417425987267681,0.1042158948460028,-0.30298110910079773,0.1581547818652106,0.2588068492281209,-0.05393888701920779
11258,0.09847116793711597,0.10215349765434345,0.1367651081998087,0.31624875439155753,-0.03829394026269273,-0.21409525673721408
11267,-0.1391405807836017,0.02365714867770241,-0.4551719764144053,0.1481224433398598,0.3160313956308036,-0.12446529466215739
11272,-0.16389896636196732,0.03389852598958676,-0.49269211640005195,0.10757870886919096,0.3287931500380846,-0.0736801828796042
11277,-0.08432137145560842,0.17079520072303112,-0.16985469662054753,0.09493524493766548,0.08553332516493911,0.07585995578536564
11283,-0.06579676667846154,-0.04868010136868953,-0.04664138729809239,-0.015620040305700827,-0.019155379380369153,-0.0330600610629887
11287,-0.06035542737619501,-0.07615016823487836,-0.042190297894989376,-0.024600503764685533,-0.018165129481205633,-0.051549664470192824
11312,-0.23546467730473292,-0.0820706723679232,-0.16694506412546534,-0.017787991831515193,-0.06851961317926758,-0.06428268053640801
11316,-0.14966980197404373,-0.13788241713352212,-0.25504853685772916,-0.023262761613193128,0.10537873488368543,-0.11461965552032899
11322,-0.1266006016456167,-0.07924146181192301,-0.06105013769162149,-0.06628480921084548,-0.06555046395399522,-0.012956652601077534
11331,-0.15780538664226995,0.1221963761473358,-0.17405050283485957,0.02879530141387532,0.016245116192589615,0.09340107473346049
11336,-0.37750798168005867,0.07257298686171942,-0.30946682886014604,-0.02758309259112146,-0.06804115281991263,0.10015607945284088
11341,0.1795946088995416,-0.16015830834167577,-0.027715600267831708,0.029495863367008934,0.2073102091673733,-0.1896541717086847
11346,-0.12195675537436867,-0.042812301859793345,-0.21630668245670404,-0.014332467299635776,0.09434992708233536,-0.02847983456015757
11351,-0.17570364219948198,0.001578204306247999,-0.21322574154601304,-0.025432160034842166,0.03752209934653106,0.027010364341090165
11356,-0.29958122152343136,0.156973203790982,-0.20095569522834134,-0.03263848983456097,-0.09862552629509003,0.18961169362554298
11361,-0.1505513815364597,0.10652428534705782,-0.3547621250058986,-0.0615238424820333,0.2042107434694389,0.16804812782909112
11366,0.00034868296450496494,0.020059744227945542,-0.41676017504517704,-0.0620177165322382,0.417108858009682,0.08207746076018374
11371,-0.17312667393652764,-0.03934248843429028,-0.12585495050589252,-0.03548099510617525,-0.047271723430635126,-0.0038614933281150288
11381,-0.0649483803040759,0.020984275403086172,-0.38678439658782093,-0.05649609914455067,0.32183601628374503,0.07748037454763684
11385,-0.03611203429617105,0.009849315287760674,-0.30783764528682334,-0.051901118429856674,0.2717256109906523,0.06175043371761735
11391,-0.14771499668849164,0.07851530572051069,-0.29660058260690225,-0.012655344539995117,0.1488855859184106,0.0911706502605058
11396,-0.12192292784135911,0.19230283369081097,-0.3230903751063891,-0.07903155914995313,0.20116744726503,0.2713343928407641
11401,-0.1692535784833965,0.006556957236560801,-0.3483453134018337,-0.08508730538438569,0.17909173491843722,0.09164426262094649
11406,-0.1798333275023607,0.07692193764757949,-0.211161122659138,-0.031138411979943492,0.031327795156777305,0.10806034962752298
11410,-0.1965097420353914,0.04425813354126995,-0.15685974874065778,-0.005937634224071675,-0.03964999329473362,0.050195767765341626
11509,0.4782332860822338,-0.5346870008780679,-0.5158125601264952,-0.025336809518587522,0.994045846208729,-0.5093501913594803
11514,0.00672801007975965,-0.4429268763523462,-0.4598457667452879,-0.03773471120184005,0.4665737768250475,-0.40519216515050616
11583,-0.06080372289362168,-0.028956236180781525,-0.43302848304747854,-0.0639080467232282,0.37222476015385686,0.03495181054244667
11706,-0.0868337745513601,-0.10506328248996644,-0.04580242396351475,-0.041179709467476955,-0.04103135058784535,-0.06388357302248948
11711,-0.11522667996213748,-0.1344615738501735,-0.08342973281149602,-0.05222352229474536,-0.031796947150641464,-0.08223805155542813
12124,-0.0027228421392049285,-0.10106191645490331,-0.13462236090297786,-0.09041093906289721,0.13189951876377293,-0.0106509773920061
12238,0.003233333816206739,-0.001657027483430943,-0.0027076337967186365,-0.0017899321051155215,0.0059409676129253755,0.00013290462168457848
12241,0.0029026339188866074,-0.00241134044113777,-0.005051359271711443,-0.0029670038422500503,0.00795399319059805,0.0005556634011122802
12246,0.004581083900937866,-0.02479363350854607,-0.029989707932399134,-0.015164647403857943,0.034570791833337,-0.009628986104688125
12255,0.0011653204828268315,-0.03646637107674913,0.0058036929652664215,-0.0020402030722019016,-0.00463837248243959,-0.03442616800454723
12260,0.001509802732402643,-0.030170092308823865,0.009681472641680094,0.002966888454003336,-0.008171669909277451,-0.0331369807628272
12270,0.02181895493246777,-0.05725958884281307,0.015449042290882425,0.0031322386327616025,0.006369912641585346,-0.06039182747557467
12280,-0.2485012264104296,0.24786734831521184,0.08420654677968265,0.2595101941698802,-0.33270777319011224,-0.011642845854668349
12284,-0.052011158835762794,0.008093250358456205,-0.1862539231067124,0.09368573226531307,0.1342427642709496,-0.08559248190685687
12290,-4.378635619861626e-05,-0.14687877425474005,-0.2450961604297741,0.27126662764832254,0.2450523740735755,-0.4181454019030626
12300,-0.052628389555199995,0.2947859722796424,-0.37257039764665467,0.21652145046836635,0.3199420080914547,0.07826452181127608
12305,-0.21270123930558155,0.30857792344255563,-0.5026744883282124,0.102129260380321,0.2899732490226308,0.20644866306223464
12311,0.15673838082286307,0.021177010511984395,-0.3799697405980196,0.16407704210668433,0.5367081214208826,-0.14290003159469994
12319,0.3436371908234377,-0.6551839917010802,-0.5618022773064163,-0.10575439821025434,0.905439468129854,-0.5494295934908259
12324,-0.025474010497904487,-0.25016254143827255,-0.26120525218409113,-0.09115504988960144,0.23573124168618664,-0.1590074915486711
12334,-0.030471294287771594,-0.0733486570638569,0.006451580665301299,-0.0451703780276414,-0.03692287495307289,-0.028178279036215503
12339,-0.11053371100569648,-0.09572632138686499,-0.02949119095007552,-0.04563206801958625,-0.08104252005562096,-0.05009425336727874
12344,0.05436819591465286,-0.08263322689313424,-0.10799925286437406,-0.09052078665302621,0.16236744877902692,0.007887559759891971
12349,-0.08940635197039526,-0.14015240919089073,-0.17158771296065778,-0.05212614211312572,0.08218136099026252,-0.08802626707776501
12354,-0.09552663508634684,0.24326718154234916,-0.2056969979470138,0.01403837641893313,0.11017036286066695,0.22922880512341604
12359,0.011171763859454287,0.1358095147443789,0.12578163870668574,-0.05471488832937105,-0.11460987484723145,0.19052440307374996
12363,0.24938470021222225,0.25439042646622934,-0.46515872080272547,0.10992781967468157,0.7145434210149477,0.14446260679154777
12369,-0.043470534858808474,0.16832407950173844,-0.32988710768147633,0.013068802335169605,0.28641657282266786,0.15525527716656884
12374,-0.07589545390006314,0.08193642601967649,-0.34102024076269233,-0.014000915426082838,0.2651247868626292,0.09593734144575933
12378,-0.12547591039269657,0.04288329060973661,-0.39868404941800006,-0.02669765149669734,0.2732081390253035,0.06958094210643395
12383,-0.16451530230620226,0.08182577429565696,-0.36205057564255927,-0.015273288609345848,0.197535273336357,0.09709906290500281
12388,-0.1795574739847582,0.07158291216589252,-0.3248708378168048,-0.08661073880677628,0.14531336383204663,0.1581936509726688
12393,-0.15126643406019946,-0.009006354175141507,-0.45466240091810106,-0.036462131369324746,0.3033959668579016,0.02745577719418324
12398,-0.13903299003239544,-0.01288230727717593,-0.38510574424881805,-0.05167663028522118,0.2460727542164226,0.03879432300804525
12403,-0.14086915117291593,0.03306949473976728,-0.3042274830227371,-0.04183411158829836,0.16335833184982118,0.07490360632806564
12408,-0.10819847132010718,0.022384069378433347,-0.33309829886430986,-0.11510649317367255,0.22489982754420268,0.1374905625521059
12413,-0.08884382801839014,0.009115675081462604,-0.27161418159404954,-0.004761540550733356,0.1827703535756594,0.01387721563219596
12417,-0.11741971575580301,0.07325024166389532,-0.39313262207693667,-0.05529032442598869,0.27571290632113366,0.128540566089884
12423,-0.24363655165613873,0.015193805986430886,-0.36090850515839923,0.010296703814063723,0.1172719535022605,0.004897102172367163
12428,-0.18296450657880048,0.07052451020663736,-0.2924811384848174,-0.07290855826680209,0.1095166319060169,0.14343306847343945
12433,-0.11901981619732643,0.06883370591817423,-0.25688882103251803,-0.07109368245944797,0.1378690048351916,0.1399273883776222
12438,-0.1351615111879726,0.04328614924378216,-0.2811567611848633,-0.0129294851850561,0.14599524999689073,0.05621563442883826
13013,-0.37819893647542874,0.08750131561591329,-0.321550792552131,-0.03420761961875618,-0.056648143923297756,0.12170893523466947
13083,-0.03032010713869715,-0.11908378833583522,-0.16997563594001353,-0.03881148957836561,0.13965552880131638,-0.0802722987574696
13087,-0.06535126807110703,-0.03051670457956457,-0.2704000088978271,0.05568185745480725,0.2050487408267201,-0.08619856203437182
13113,0.14645035336875245,-0.4011325440331066,0.25898299755037396,-0.19567413620129614,-0.11253264418162151,-0.20545840783181046
13200,-0.16896179992127813,-0.03152622162399271,-0.24388292517297216,-0.018361618926818868,0.07492112525169403,-0.013164602697173844
13218,0.004741435149326182,-0.0015286078715452851,-0.004012466487562573,-0.0031312021540794953,0.008753901636888755,0.0016025942825342102
13223,0.0027720722156769316,0.009183059905257869,-0.00235801036392742,0.007964553239810369,0.005130082579604352,0.0012185066654475003
13227,0.01776717477046469,-0.005161602208561239,-0.0037918288007992573,-0.006800247001111218,0.021559003571263946,0.0016386447925499786
13232,0.002241749062964704,-0.03328332686932867,0.037185125178937434,0.031968585218196066,-0.03494337611597273,-0.06525191208752473
13237,0.0029651033167055196,0.02401360066110783,0.0136363699296779,-0.0023252812580162874,-0.01067126661297238,0.02633888191912412
13243,-0.011414940983645094,-0.05535771399445341,-0.020942407938083496,-0.02916796072733477,0.009527466954438402,-0.026189753267118643
13253,-0.014953188991822963,-0.061033594533043495,-0.03851695980223352,-0.03023523626056257,0.023563770810410556,-0.030798358272480925
13257,-0.05629623329205516,-0.0417793276289829,-0.14509069394078464,-0.0019761316261782125,0.08879446064872948,-0.039803196002804686
13261,0.06371376200710788,0.11815014897874465,0.08312598635363277,-0.09904380358589926,-0.019412224346524898,0.2171939525646439
13301,0.029531478056456284,-0.20191300970940246,-0.06539493891657105,-0.06178080447280476,0.09492641697302734,-0.1401322052365977
13307,0.15344870290007617,-0.6967635316644827,-0.5464695093276055,-0.20926316587383176,0.6999182122276817,-0.4875003657906509
13312,-0.03075532523539032,-0.012538507825826856,-0.0028858439493689714,-0.030556384502143902,-0.027869481286021347,0.018017876676317046
13317,-0.11493762568041238,-0.13094219571884735,-0.20103438094772524,-0.003010077736830763,0.08609675526731286,-0.1279321179820166
13322,-0.0511756997107598,-0.11750982878081473,-0.10123765555650788,-0.030123654515253118,0.050061955845748074,-0.08738617426556161
13326,-0.10055513986707115,-0.04347664472218976,-0.08793368029637216,-0.01600927328636048,-0.01262145957069899,-0.02746737143582928
13331,-0.04549562538500307,0.04854299526842354,-0.1340348207082359,0.022673900243049605,0.08853919532323284,0.025869095025373934
13336,-0.23529058402076086,0.10073530088855437,-0.28017330189067347,-0.11565149498918315,0.0448827178699126,0.21638679587773751
13341,-0.025002567904753525,-0.09341937946903636,0.030788557860095406,0.03397260143635228,-0.05579112576484893,-0.12739198090538864
13346,-0.07902105815191696,0.07554316080643014,-0.3504060225682891,-0.04874722027782574,0.27138496441637217,0.12429038108425589
13351,-0.09619875351829088,0.03450607297457803,-0.3639694975823198,-0.037686894089095924,0.2677707440640289,0.07219296706367395
13355,-0.1534397915960405,0.029581584064452382,-0.2634074419638155,-0.06609515983584013,0.109967650367775,0.09567674390029252
13360,-0.13965138380389402,0.013051994341953477,-0.42409488709991344,-0.04768615341706561,0.2844435032960194,0.06073814775901909
13365,-0.15417346998749176,-0.027056132417626222,-0.32230762173491273,-0.08289615935333527,0.16813415174742097,0.05584002693570905
13370,-0.20574847039129063,-0.02761120606763995,-0.32206427720405184,-0.034661295506484835,0.11631580681276121,0.0070500894388448865
13375,-0.14612712346683587,-0.04372984608090069,-0.3683344555468563,-0.10120932853764764,0.22220733208002041,0.057479482456746944
13380,-0.22381984483722828,-0.10160272618319627,-0.26114571921121843,-0.15242098175847257,0.03732587437399015,0.050818255575276305
13383,-0.23831573844547904,-0.047552061328060335,-0.46438780239652444,-0.08185069914068643,0.2260720639510454,0.0342986378126261
13388,-0.16671495631135874,0.0031389302120827245,-0.2139310597718284,-0.020657566979919162,0.04721610346046967,0.023796497192001886
13393,0.1271803817534427,0.13697939541024,0.09731581183024152,0.10156955189915573,0.02986456992320119,0.03540984351108428
13453,0.12484243289275604,-0.1864955375339355,0.1703989391593999,-0.09162832845217073,-0.04555650626664387,-0.09486720908176477
13459,0.14454293935036722,-0.27085093226606516,-0.1935291851830443,-0.11702539075756269,0.3380721245334115,-0.15382554150850247
13464,0.09346389589759013,0.19801731757165741,-0.11695854558231406,0.01941991966467438,0.2104224414799042,0.17859739790698304
13858,-0.15734669892051933,-0.05036735334490927,-0.15967999244746578,-0.10520656681480955,0.002333293526946445,0.05483921346990028
14001,0.036112998233357785,-0.041260148878674074,-0.0922779639887496,0.0734456018034621,0.12839096222210739,-0.11470575068213618
14012,0.005791750435033941,-0.0024260162841640565,-0.0026645184434744493,-0.003897529964995417,0.00845626887850839,0.0014715136808313607
14017,0.018453209011394578,-0.03930177821630615,-0.08929260289340246,-0.06288495629349786,0.10774581190479704,0.023583178077191708
14021,-0.014052896900083822,-0.01918486008127196,-0.016384222425695358,-0.003780147177015178,0.0023313255256115356,-0.015404712904256782
14032,0.00017564504661052305,-0.0015176418887465626,0.0031077391945429633,0.02656530941716595,-0.0029320941479324403,-0.028082951305912512
14037,0.012262054577851789,-0.28523643482940253,0.006530989550789346,0.22371736394377928,0.005731065027062443,-0.5089537987731818
14047,0.026262420564257094,-0.08591862001163048,-0.008118121863555705,-0.07126409233661796,0.0343805424278128,-0.014654527675012519
14052,-0.048442152310919445,-0.062100754766327565,-0.03883772118158371,-0.015785705558072155,-0.009604431129335733,-0.04631504920825541
14055,-0.029137347325633334,-0.06911511369732648,-0.04561445470960418,-0.06189407433439953,0.016477107383970846,-0.007221039362926951
14061,-0.08378086219454534,-0.1341856011759619,-0.09479841163248776,-0.025081026474545354,0.01101754943794242,-0.10910457470141655
14066,-0.0026648610916442106,-0.018709676337515302,-0.08432741770991847,-0.012754609216035773,0.08166255661827426,-0.005955067121479529
14071,0.23459503315719,-0.23166773423027132,-0.03265426881401212,0.023136980362200577,0.2672493019712021,-0.2548047145924719
14080,0.17299043981001994,0.06849290376263728,-0.40641988942719875,0.4905964365739891,0.5794103292372187,-0.4221035328113518
14086,0.048566810738990884,-0.05509555698237556,-0.21542395531639413,0.051704581700450836,0.263990766055385,-0.1068001386828264
14095,0.4411780637094397,0.44023094903630045,-0.24305428701475362,-0.23119513171636852,0.6842323507241933,0.671426080752669
14100,0.5139046371770456,-0.5254253471524101,-0.027302995762387816,-0.174281655247564,0.5412076329394334,-0.35114369190484607
14110,0.007443103220648506,0.0014569196569470255,0.005676330706950436,0.004183692923891022,0.00176677251369807,-0.0027267732669439965
14115,-0.0015068294487908807,-0.08870299795916214,-0.02487825981981856,-0.01576752414798982,0.02337143037102768,-0.07293547381117232
14120,-0.16348192052417165,0.1404907794267788,-0.23834419190991396,-0.009869492141554748,0.07486227138574231,0.15036027156833354
14125,0.19676861500250054,0.16313372637036427,-0.018874924047587616,0.04403661725622543,0.21564353905008815,0.11909710911413884
14130,0.026066822460978023,0.012141582796664496,-0.009011202437500199,-0.005297900337381478,0.03507802489847822,0.017439483134045974
14135,0.01275261714717224,-0.04683832550295153,-0.31146219924846086,-0.06207805305488873,0.3242148163956331,0.015239727551937199
14216,-0.05167796175353223,-0.20711302895436468,-0.27761751331535056,0.09707033115993474,0.22593955156181833,-0.3041833601142994
14299,-0.19105568250899302,-0.03082995160872326,-0.3646303184172908,-0.08657923628595843,0.1735746359082978,0.05574928467723517
14437,0.060101558177237724,-0.00842897482525029,-0.3395753300670386,0.006566219097676962,0.39967688824427633,-0.014995193922927252
14443,-0.05754356894773682,0.005858311976337793,-0.23966233033127904,-0.20363843866292985,0.18211876138354222,0.20949675063926765
14447,0.11635083199447904,-0.028324765073374336,-0.1615898044489713,-0.3172794734632354,0.27794063644345035,0.28895470838986104
14452,0.03864169573137538,0.12472682376456257,-0.6717101451814789,-0.10102030078312008,0.7103518409128542,0.22574712454768264
14453,-0.19635773744093177,-0.02491127114059577,-0.4270442645207604,-0.05148890014021307,0.23068652707982862,0.026577628999617298
14731,-0.03147111264159941,-0.09608292988306277,-0.2736552018997568,-0.03092976408831516,0.24218408925815738,-0.06515316579474761
14821,0.009868908943135843,-0.02887076572461885,-0.045819839051146644,-0.03776143176288648,0.055688747994282486,0.00889066603826763
14836,0.002194419686140897,-0.027567505894541017,0.00606886706029694,-0.017592079681644265,-0.0038744473741560426,-0.009975426212896751
14846,0.07443392808780974,-0.18158149584440741,0.02847534265529722,-0.0505720267199648,0.04595858543251252,-0.1310094691244426
14851,-0.005645792898834212,-0.08636783932645165,-0.021847622831952407,-0.11323613374220354,0.016201829933118195,0.026868294415751892
14856,-0.002868990602275301,-0.08254689324321568,-0.015196667619747528,-0.04669997974690859,0.012327677017472227,-0.03584691349630709
14861,-0.04013737854814578,-0.09234196983998638,-0.029242131163887436,-0.0518655297123482,-0.010895247384258344,-0.04047644012763818
14866,0.2166860119445202,-1.3830778311050744,-0.33876565869343933,-0.011943382577058959,0.5554516706379595,-1.3711344485280155
14871,-0.04831112438625318,-0.07896983307472016,-0.04903288986937809,-0.03736717683720553,0.0007217654831249143,-0.041602656237514635
14876,-0.005644461080921703,-0.04254315934231545,-0.014412968303146478,0.023006289326913787,0.008768507222224775,-0.06554944866922924
14881,-0.2969695147068302,0.26643392748807015,0.010250314221348034,-0.12499157031088237,-0.30721982892817823,0.3914254977989525
14886,0.04637260490078371,-0.11343808333123973,0.021699853245932044,-0.09375591419061724,0.024672751654851666,-0.019682169140622485
14891,0.18903714938278166,-0.007457450087235418,-0.03327009839172479,-0.06049385290453402,0.22230724777450644,0.0530364028172986
14895,0.19611253314057608,-0.34511728739204406,-0.175034634417635,0.026815387740834806,0.3711471675582111,-0.37193267513287886
14900,0.14249157673304202,-0.03630147682842022,-0.39445483860187613,-0.09490879184961132,0.5369464153349182,0.0586073150211911
14905,0.3804446179843304,-0.040163680045428474,-0.07812421100967581,-0.21929391427401523,0.4585688289940062,0.17913023422858676
14910,-0.12269753505382752,0.007326276697275369,-0.7631472151417316,0.016780684385279465,0.640449680087904,-0.009454407688004096
14925,-0.004506597619155617,0.001796385628279884,-0.5372449966658707,0.2532315283476674,0.532738399046715,-0.2514351427193875
14930,-0.16893590483725274,0.1471800536981971,-0.18890419902673994,-0.10952093006788832,0.0199682941894872,0.2567009837660854
14940,-0.06163488395322686,-0.0465185946103534,-0.06462199291613985,-0.0667428986789741,0.0029871089629129877,0.02022430406862069
14945,-0.11080434524637062,0.011959558615724952,-0.2548874686161463,-0.03275614731207255,0.1440831233697757,0.0447157059277975
14950,-0.09727786449209025,0.04997183558322921,-0.2721624157199955,-0.0513087888313577,0.17488455122790525,0.1012806244145869
14954,-0.05817982541172961,-0.023141264553019347,-0.12074139312174015,-0.07335495543310966,0.06256156771001053,0.05021369088009031
14959,-0.10887176616730765,0.09714619221866128,-0.3251656223520074,-0.09622800651170493,0.21629385618469976,0.1933741987303662
14964,-0.2748306836203709,0.03280121701977495,-0.17861240160487302,-0.0841674654635639,-0.09621828201549787,0.11696868248333886
14969,-0.12806968664652008,0.01266162377707064,-0.3384516414720803,-0.0328802945094222,0.2103819548255602,0.045541918286492844
14974,-0.1528696654584844,0.0415320245994274,-0.3252917166403621,-0.02520984958329936,0.1724220511818777,0.06674187418272676
14979,-0.1473876911351616,0.0368737683234856,-0.34419896029674213,-0.022614411059671213,0.19681126916158054,0.059488179383156814
14984,-0.1582390799889628,0.010524974367290663,-0.23044642124827974,-0.06591327351113013,0.07220734125931694,0.0764382478784208
14989,-0.1380670616558622,-0.0053195982154068955,-0.26953857673372245,-0.025782965192363727,0.13147151507786026,0.02046336697695683
14993,-0.12139386794467855,-0.017564883225391736,-0.31332456642162254,-0.015338124021464505,0.191930698476944,-0.002226759203927231
14998,-0.156541632744582,-0.010785094186480604,-0.23988958832143525,-0.024263495785346534,0.08334795557685326,0.01347840159886593
15003,-0.1059619199466254,-0.021781922909520246,-0.37776359407115156,-0.02264252033306896,0.27180167412452616,0.0008605974235487146
15008,-0.14349454516191223,0.018088604798596142,-0.14612983485341124,-0.028361086703645955,0.00263528969149901,0.046449691502242096
15013,-0.056093118225316596,-0.01832693802212948,-0.10271838483879636,-0.05206282088424208,0.046625266613479766,0.0337358828621126
15017,0.005546137768269788,-0.002284432442581724,-0.014264325015155198,-0.007330428688799656,0.019810462783424986,0.005045996246217932
15030,0.337932306146537,0.03319722897379224,0.21794735060290338,0.04196089397047792,0.11998495554363364,-0.008763664996685683
15732,-0.026561844354606068,-0.10708191361353003,0.004401674068132522,0.0039313438619228425,-0.03096351842273859,-0.11101325747545288
15737,-0.017417127870531568,0.04856993678887872,-0.0811283424014399,0.005452485310025845,0.06371121453090833,0.043117451478852875
15791,-0.10785011277710671,-0.022403672951987086,-0.14231077831143962,-0.020925706646461373,0.03446066553433291,-0.001477966305525713
15796,0.14724600329592763,-0.13005234340980504,-0.1690744774910261,-0.15238038834931428,0.31632048078695374,0.02232804493950924
15806,-0.2620165972452075,-0.03637380085387093,-0.5946238185183912,-0.009444306858312101,0.33260722127318376,-0.02692949399555883
15815,-0.20574501313482363,-0.09195615324119505,-0.5114660877409442,-0.01115049112838229,0.3057210746061205,-0.08080566211281276
15821,0.0043636411263185265,-0.01773614272802114,-0.024509521253697743,-0.021486217359718937,0.02887316238001627,0.0037500746316977973
15826,-0.0013439549816172403,-0.03022200887584088,-0.009769652330264653,-0.0063472196382078905,0.008425697348647412,-0.02387478923763299
15831,0.22615965217726952,-0.04098514417970858,-0.02185699722408141,-0.05266107892253541,0.24801664940135093,0.011675934742826827
15841,0.06607452002891218,-0.5051550407044277,0.31440884038500017,-0.11804592998560615,-0.24833432035608802,-0.3871091107188216
15845,0.004602176902687105,-0.06952713787744108,0.020108781165027456,0.04955587366961467,-0.015506604262340351,-0.11908301154705575
15850,-0.06088541013006718,-0.2308681578304221,-0.03188449621115927,-0.018643381127062847,-0.02900091391890791,-0.21222477670335926
15855,0.034990577443051896,-0.2527761243374327,-0.1415173310298714,-0.09711962003270846,0.1765079084729233,-0.15565650430472422
15860,-0.03556733773252635,-0.04525222044980248,-0.044039414365364515,-0.0612191803282528,0.008472076632838166,0.015966959878450315
15865,0.006544707420519075,-0.05320471887034561,0.0059277882296491224,0.005240751408877281,0.0006169191908699523,-0.058445470279222894
15870,-0.00015444719587337508,-0.038197419301574,-0.005970800626599437,-0.013206165869849684,0.005816353430726062,-0.024991253431724314
15875,-0.019559625041450257,-0.06052540159468617,-0.02387592312390685,-0.020410427977311907,0.004316298082456593,-0.04011497361737426
15880,-0.015160137674994134,-0.038932799762942394,-0.020461989704695427,-0.01696329619028214,0.005301852029701293,-0.021969503572660254
15884,-0.02346609778248826,-0.04600530344307846,-0.08992387064901164,-0.08861283120276325,0.06645777286652338,0.04260752775968479
15890,0.10323882115250549,-0.07523489505775038,0.09603824763086521,-0.09146813217257477,0.007200573521640274,0.016233237114824384
15895,-0.15745164970449899,-0.13768140824643238,-0.3399288187087711,-0.09124937188072524,0.18247716900427213,-0.04643203636570714
15899,0.07907425186930828,-0.053002028087935305,-0.126013958905135,-0.02388800795576329,0.20508821077444328,-0.029114020132172014
15904,-0.010363702427306998,-0.07913900451533351,-0.22546678068784398,-0.035987459907777075,0.21510307826053698,-0.043151544607556436
15909,0.2501724076001459,-0.026998112518139106,-0.18675349406270536,-0.16324433366575808,0.4369259016628513,0.13624622114761897
15914,0.2726011125859983,0.02957271332047473,-0.17006612418627964,-0.1263437176419,0.44266723677227793,0.15591643096237473
15919,0.299687821268798,0.022857301117260143,-0.1382739463323649,-0.1284752311848082,0.4379617676011629,0.15133253230206833
15944,0.02357499548637021,-0.012677905381236754,0.0311712054354355,0.006664511141414642,-0.007596209949065291,-0.019342416522651396
15949,-0.015457181662677788,-0.036730043020635206,-0.09437045023445984,0.013090869454564447,0.07891326857178205,-0.04982091247519965
15954,-0.16724019097426257,0.013185179681242443,-0.34444727912187045,-0.054536096819516655,0.17720708814760788,0.0677212765007591
15958,-0.053541683690848274,-0.029472569321266406,-0.17535058764585376,-0.05492020296326644,0.12180890395500549,0.025447633642000034
15963,-0.17963386408060467,0.09485975958939152,-0.5985784775795167,-0.22483523631953506,0.418944613498912,0.3196949959089266
15968,-0.3438125565095337,0.01809792985079217,-0.345893323386403,-0.05939420002099394,0.002080766876869311,0.07749212987178611
15973,-0.19011837799764325,-0.027144156425838728,-0.28788992719446965,-0.008129814557006065,0.0977715491968264,-0.019014341868832663
15978,-0.1865343085748108,0.022661620406946137,-0.5281256454531497,-0.013095989937909114,0.34159133687833887,0.03575761034485525
15983,-0.1787292225757986,-0.007195776537950838,-0.31785551682820523,-0.028153874296985737,0.13912629425240663,0.0209580977590349
15988,-0.1581922841792398,-0.010357129526570252,-0.33520781265894206,-0.01682074599101624,0.17701552847970226,0.006463616464445987
16003,-0.13012875976689814,0.001954873372577326,-0.46996229038267284,-0.05609985806503687,0.3398335306157747,0.05805473143761419
16013,-0.2007894301552573,-0.042209700801842,-0.2939603758101843,-0.002101822416988419,0.093170945654927,-0.04010787838485358
16225,-0.16480114121680756,0.4508258438124163,0.1055737674463213,-0.31179965372589025,-0.27037490866312885,0.7626254975383066
16521,-0.05694617115471046,-0.2592172455488527,-0.2204993975592705,-0.13607295730450086,0.16355322640456005,-0.12314428824435186
16667,-0.05164455329818146,0.12426275576278567,-0.12683547696698483,0.1078566318783053,0.07519092366880337,0.016406123884480373
16721,0.06805446653189806,-0.0483296472616781,-0.20272339330391176,0.047978685043784663,0.2707778598358098,-0.09630833230546276
16840,0.0051832795454722184,-9.01561096017349e-05,-0.011936770406356077,-0.0032069257253377788,0.017120049951828295,0.003116769615736044
16843,0.006934094160283434,0.001990691615720512,-0.01470883389565026,-0.007720227672964659,0.021642928055933694,0.009710919288685171
16848,0.001153888639932238,0.02793280467307814,-0.00624529091134908,0.00873329613472458,0.007399179551281318,0.01919950853835356
16854,-0.0014959434766589064,-0.018784990814915456,0.012431073068812457,-0.04295644353004606,-0.013927016545471363,0.024171452715130604
16858,0.028943310518440485,-0.006982904450594116,0.02021058445238666,0.0008978674433267747,0.008732726066053825,-0.00788077189392089
16863,-0.02655918034644958,-0.10565702668526478,-0.143477958689116,0.04838536719793757,0.11691877834266642,-0.15404239388320234
16878,-0.15462361630362875,-0.4083689340597484,-0.3725282307988743,0.09630900979302803,0.21790461449524556,-0.5046779438527764
16883,-0.021821494905302774,-0.0707440956331237,-0.02849591794527051,-0.04341833123717412,0.006674423039967736,-0.02732576439594958
16888,-0.07143992015612244,-0.0855603682704601,-0.22583676812330605,0.04894403551353321,0.15439684796718361,-0.1345044037839933
16893,-0.06045430421106185,-0.06497826568753579,-0.12045400659809663,-0.013130801344164666,0.05999970238703478,-0.05184746434337112
16898,-0.06098507928016644,-0.0815322778354376,-0.1877385532991775,-0.027598239354096,0.12675347401901105,-0.053934038481341595
16903,-0.03918427123623561,-0.05221435644445516,-0.05888364140358457,-0.023579682232956756,0.019699370167348962,-0.0286346742114984
16909,-0.2653785940322923,0.05511546322445199,-0.3623959920240913,-0.1100478691700092,0.09701739799179898,0.16516333239446118
16913,-0.037583093404685186,-0.05275184643932268,-0.11143198819619876,-0.03194316080144505,0.07384889479151358,-0.020808685637877633
16918,-0.07241483650169389,-0.018775445358927778,-0.22398094592166584,-0.06629993575310666,0.15156610941997195,0.04752449039417889
16957,-0.1281143569798835,0.050313778332193304,-0.2978862513024443,0.02933457413712004,0.1697718943225608,0.020979204195073264
16962,-0.16901016820238313,-0.04712357577134374,-0.25946930011718417,0.07513666097774463,0.09045913191480104,-0.12226023674908837
16967,-0.16223630053499227,0.1650016052366805,-0.3218841197974873,-0.25485715379732976,0.15964781926249505,0.41985875903401026
16972,0.15754659552047623,0.10686880528802967,-0.26065437144963055,-0.14167866393027728,0.4182009669701068,0.24854746921830695
16977,-0.14053843884587408,0.030652257048597753,-0.23696322213226456,-0.04907320639365931,0.09642478328639048,0.07972546344225706
16981,-0.15685461530960093,0.0833089244432369,-0.30467494448173754,-0.018437510248936584,0.1478203291721366,0.10174643469217348
16986,0.04750225371040434,0.009442511852452928,-0.014256651182465385,0.02761090631071117,0.061758904892869726,-0.01816839445825824
16991,-0.16860952131174256,0.24695296468092154,-0.30530189828084386,-0.3227384722823827,0.1366923769691013,0.5696914369633043
16996,-0.10846305375045756,-0.02756467309337407,-0.13886169100140394,-0.00766762583539532,0.03039863725094638,-0.01989704725797875
17001,-0.05138196063391842,0.04687816158881225,-0.42316308722413704,-0.03689038909618192,0.3717811265902186,0.08376855068499417
17006,-0.05013815163612789,-0.05806568257453315,-0.30891412629798454,-0.09110264284788316,0.25877597466185664,0.03303696027335001
17011,-0.19582799225466196,-0.023155436174498945,-0.3154713769488414,-0.031417724055643526,0.11964338469417946,0.008262287881144581
17016,-0.09918831111698423,-0.05188242030204737,-0.2576923327142462,-0.10476496351491976,0.15850402159726196,0.05288254321287239
17020,-0.1410151289252154,-0.04220076733012618,-0.4376146462419882,-0.014162158894209298,0.2965995173167728,-0.02803860843591688
17026,-0.32594772368482694,-0.07996853248985292,-0.4330698659700054,0.01247619814800921,0.10712214228517847,-0.09244473063786213
17031,-0.3220406650025343,-0.12796208115261087,-0.8017590944867554,0.02019771234808898,0.47971842948422116,-0.14815979350069985
17036,-0.14139101383735497,-0.06208071749630084,-0.38398116377059266,-0.03458364471730474,0.2425901499332377,-0.0274970727789961
17040,-0.2012134627871487,0.03934203791840557,-0.4500653207269638,-0.04800860510359489,0.24885185793981512,0.08735064302200046
17045,-0.2862266042983963,0.607539918231905,0.04868857760257628,-0.3599013781016285,-0.3349151819009726,0.9674412963335335
17153,-0.6755432714418144,-0.12314262870035175,-0.14566638410497385,-0.7605077405632674,-0.5298768873368405,0.6373651118629157
17157,-0.14345053871251956,-0.3397007689843128,-0.1911842929562837,-0.15725789757437203,0.04773375424376414,-0.18244287140994075
17355,-0.2966722786917262,-0.2647803464810434,-0.09777751855119965,-0.13155512742534003,-0.19889476014052654,-0.1332252190557034
17677,0.009895113307841014,-0.08412532127565418,-0.03472787588025247,-0.023217862759961322,0.04462298918809349,-0.06090745851569286
17854,0.24818753653163095,0.24124960365346948,-0.5263713923223206,-0.1594433415118971,0.7745589288539515,0.4006929451653666
17874,0.007298533691052,0.0019054060378900228,-0.01513364842934442,-0.004867152617058026,0.02243218212039642,0.006772558654948049
17880,0.009560415665112003,0.005691836366569954,-0.023834434979530944,-0.00835093603665868,0.03339485064464295,0.014042772403228633
17890,0.03075801736472919,-0.06270627971944975,0.01466140566800353,-0.00926834597116305,0.01609661169672566,-0.0534379337482867
17895,0.009793419719878238,-0.060264919067674255,-0.0013571518649559966,-0.028293912156715006,0.011150571584834235,-0.03197100691095925
17899,0.001954770090799446,-0.0695407098495057,-0.013548432271215993,-0.013391276655782464,0.015503202362015439,-0.05614943319372323
17904,-0.00915123188272754,-0.029334900027729843,0.00339222817050433,-0.019767320260601018,-0.01254346005323187,-0.009567579767128825
17914,-0.33329049413362144,0.07900651225625377,-0.08390227485072232,0.3249426018268988,-0.24938821928289912,-0.24593608957064506
17919,-0.0533009781290818,-0.09216356797717667,-0.05235069340695381,0.012307266903841763,-0.000950284722127992,-0.10447083488101844
17924,-0.032751613511373456,-0.4789304190871827,-0.33443476936371974,0.11434467247996638,0.3016831558523463,-0.5932750915671491
17929,-0.10665750822504294,-0.0394093827134574,-0.09599037259960336,0.014756011333702357,-0.010667135625439583,-0.054165394047159754
17934,0.012701228093843109,-0.06282820926708083,-0.05949871818718022,0.02474179236565821,0.07219994628102333,-0.08757000163273904
17939,0.08871630419400833,-0.06937525043490045,-0.04611667735942493,0.03215220758548232,0.13483298155343326,-0.10152745802038277
17944,0.015855603436579213,-0.043117184575204914,-0.02042725861625183,-0.011786373296818642,0.036282862052831044,-0.03133081127838627
17949,-0.05014075358868153,-0.04046548774149017,-0.011514109394963834,-0.042186012553326074,-0.038626644193717696,0.0017205248118359051
17953,-0.03190253009715449,-0.02386057264369429,-0.0028739753325605077,-0.0192398455651292,-0.029028554764593983,-0.00462072707856509
17958,-0.03481837491331413,-0.05380338952236502,-0.051627028635786665,-0.031132069514907768,0.016808653722472533,-0.022671320007457252
17963,0.06910811742203682,-0.4394930944815172,-0.24778368462559708,-0.20594292365701983,0.3168918020476339,-0.23355017082449736
17968,0.17034346265791334,-0.33193651486538966,-0.3199735238191501,-0.18555506441149938,0.49031698647706345,-0.14638145045389028
17973,0.047962182783098994,0.16258856789122816,-0.1578580669477248,0.03957340287779812,0.2058202497308238,0.12301516501343006
17978,-0.15334459526298638,-0.18297673833533212,-0.2074313870019281,-0.1439292571422891,0.05408679173894171,-0.03904748119304302
17983,0.028319470374420397,0.11676648780668247,0.05361975281528297,0.08763178100644037,-0.025300282440862576,0.029134706800242105
17988,-0.036162484687421614,-0.034525669329495245,-0.03294578259196773,-0.07715131571523348,-0.0032167020954538827,0.042625646385738236
17993,-0.027715091828971694,-0.03202222865297938,-0.05131958151510979,-0.07999008981617156,0.023604489686138097,0.04796786116319218
17998,0.04832548339642884,0.10987020685347049,-0.21724865524819725,0.09103039343934982,0.2655741386446261,0.018839813414120665
18003,-0.3652949206007903,0.43884670507214096,0.0028384525767002344,-0.04303907698799825,-0.3681333731774905,0.4818857820601392
18008,-0.35708657206165917,0.2266504479377588,-0.3770298020753231,0.08738811982074934,0.019943230013663937,0.13926232811700945
18013,-0.11863800596298202,-0.0085394948684136,-0.19709977924150512,-0.055466663538009275,0.0784617732785231,0.046927168669595676
18017,-0.13439139504707331,0.026999687786148335,-0.264609182697752,-0.028997015120600433,0.1302177876506787,0.05599670290674877
18022,-0.1297351310312302,-0.041420753096681584,-0.22306628964336706,-0.02596476775402362,0.09333115861213687,-0.015455985342657963
18027,-0.05094404374810518,-0.053432524390604696,-0.0715082880252928,-0.024017224851062113,0.020564244277187615,-0.029415299539542583
18032,0.16801112708632532,-0.12495046707077395,-0.5152811701796931,-0.007463425129077161,0.6832922972660185,-0.11748704194169679
18037,-0.10844503727101806,-0.01801994031814108,-0.17891253018502584,-0.03271207929244746,0.07046749291400778,0.014692138974306379
18042,-0.14277569419876646,-0.06863912335955985,-0.4099078773494821,-0.060204090899229734,0.26713218315071563,-0.008435032460330116
18047,-0.19752870913912585,-0.04222814569813127,-0.44929882200901444,-0.045648724807852814,0.2517701128698886,0.0034205791097215443
18052,-0.1880771568142401,-0.030435139088944074,-0.3247462139805022,-0.017755441787222215,0.1366690571662621,-0.01267969730172186
18057,-0.1994282725123976,-0.08178073424120519,-0.6013511803498579,0.05220841171306978,0.4019229078374603,-0.13398914595427497
18067,-0.2192279675703246,-0.025691706733937614,-0.4202094486582362,-0.027985247249102396,0.20098148108791158,0.0022935405151647825
18072,-0.19057154054769726,-0.01251545795638992,-0.34073366939871313,-0.04801543466962377,0.15016212885101587,0.03549997671323385
18077,-0.10943698265957674,-0.02371604593506027,-0.19390453040529593,-0.019993381590393933,0.08446754774571918,-0.0037226643446663377
18290,0.12504786749397323,0.2651876453077606,-0.006581697032587819,-0.4024956081143609,0.13162956452656105,0.6676832534221215
18291,0.010779737677318407,0.009733182823909038,-0.012555806445365372,-0.0029639015388082043,0.02333554412268378,0.012697084362717243
18716,0.012455827422022683,0.018303567187261234,-0.016982476506620825,-0.0025850311846185997,0.02943830392864351,0.020888598371879834
18725,0.11659330436282023,-0.014082487837859647,-0.3217099934305143,-0.17267551650634172,0.43830329779333455,0.15859302866848207
18734,0.006401436923957976,-0.06107807230605444,-0.0013122540220791845,-0.030503290848404058,0.0077136909460371605,-0.030574781457650385
18744,-0.008017891512847708,-0.030847923579095854,0.01928492498928286,-0.015370945596127922,-0.027302816502130567,-0.015476977982967932
18749,-0.025144996735999237,0.002635402523141761,-0.04134856902143655,0.005348010126169145,0.016203572285437312,-0.002712607603027384
18754,-0.23561943140715758,-0.050251000703937176,-0.020155025126257442,0.21286084222820112,-0.21546440628090013,-0.2631118429321383
18759,-0.120332538749099,0.06793889350829407,0.13911009895300375,0.39131499139039083,-0.25944263770210274,-0.32337609788209676
18764,-0.018640805586776332,-0.0939292911457601,-0.04227773108557731,0.0033564942648721674,0.023636925498800976,-0.09728578541063226
18769,-0.057841988979971615,-0.05408262101796546,-0.04381363364053148,0.04136039788382628,-0.014028355339440135,-0.09544301890179174
18774,-0.08309936811759361,-0.06199335328704697,-0.155753059231514,0.05947671803617666,0.0726536911139204,-0.12147007132322363
18779,-0.02733789575601614,-0.02786461725240219,-0.13249308493588968,-0.010078713570722986,0.10515518917987354,-0.017785903681679205
18784,-0.027056904907268753,-0.014832687852561921,-0.10518822119765076,-0.017176046449476623,0.078131316290382,0.002343358596914702
18790,-0.14168976500505753,-0.16536602771186448,-0.4817989903480766,-0.20941192407403253,0.3401092253430191,0.04404589636216805
18794,-0.03246214405801054,-0.04842005941261013,-0.035521482365574036,-0.03704012380541849,0.0030593383075634972,-0.011379935607191638
18799,-0.029541283984384437,-0.07567495038147831,-0.06333394024196037,-0.06306437782652508,0.03379265625757594,-0.012610572554953237
18804,-0.008381245280483812,0.005609664176122187,-0.0049014372290718256,-0.029888802880597226,-0.0034798080514119867,0.03549846705671941
18808,0.18012075840976705,-0.03262529916439133,-0.14395998016193523,-0.018166270590725092,0.3240807385717023,-0.014459028573666238
18813,0.24042988238698193,-0.10995142916798017,0.5270731754196704,0.3449362487331903,-0.28664329303268843,-0.45488767790117046
18818,0.2681414506516764,0.3907233630186058,-0.39514931716376966,0.26887360118071024,0.663290767815446,0.12184976183789553
18823,0.05335188950828296,-0.29550193410457926,-0.12209470783725362,0.03142974834702128,0.17544659734553658,-0.32693168245160054
18828,-0.20350000202200003,-0.1474638699180562,0.003074849773623156,0.054126616839188235,-0.20657485179562318,-0.20159048675724445
18834,-0.09782909428259762,-0.025206297464708594,-0.10679443369961322,-0.0449325019118792,0.008965339417015605,0.019726204447170603
18838,-0.03510438003600003,0.005100667143583926,-0.20995879768187564,0.039564812997650245,0.17485441764587561,-0.03446414585406632
18843,-0.248727475592892,0.13705408595801538,-0.18627950578661434,-0.001330779202669774,-0.06244796980627765,0.13838486516068516
18862,-0.09233575084124213,-0.07784806413263734,-0.1910243843088636,-0.05118737237472798,0.09868863346762147,-0.02666069175790936
18867,-0.16434226245905198,0.007520256142479476,-0.24238143064950418,-0.06000888384044756,0.0780391681904522,0.06752913998292703
18872,-0.14902148980773855,-0.009506978334105076,-0.2753043135856167,-0.04226607946686878,0.12628282377787814,0.0327591011327637
18877,-0.1377479664313731,-0.02748240302408167,-0.27694643284623,-0.04530175500467715,0.1391984664148569,0.017819351980595477
18882,-0.1233728962391119,-0.005794349412724331,-0.25216282005467455,-0.05855182940732817,0.12878992381556265,0.05275747999460384
18887,-0.2220609114783697,-0.09489938798098907,-0.5423719771626464,-0.006706213928023064,0.3203110656842767,-0.088193174052966
18892,-0.12756799271710356,-0.0755184436349289,-0.32253782929078884,-0.13015508188092936,0.19496983657368527,0.05463663824600046
18897,-0.2311815915638042,-0.06938940189193504,-0.4819426394166016,-0.07349019707737647,0.2507610478527974,0.00410079518544143
18912,-0.17203702657221664,-0.009600501535690475,-0.320053466731843,-0.04451153008975861,0.14801644015962634,0.034911028554068135
18917,-0.15907307211975197,-0.01470038126112616,-0.2580576298056325,-0.04732651293126916,0.09898455768588055,0.032626131670143
18921,0.004533680799779116,0.45218176148444555,0.007619816701864401,-0.6253053517258529,-0.003086135902085285,1.0774871132102986
18922,0.01278283200006601,0.01737216700640603,-0.012990909275059949,-0.003335150634288235,0.02577374127512596,0.020707317640694264
18932,0.012311123712613989,0.02106327815922175,-0.02365357459318468,-0.0032819168754799205,0.03596469830579867,0.024345195034701672
18941,0.05661206751584724,-0.22992496970588105,-0.046659480787263286,-0.08963356355846724,0.10327154830311053,-0.1402914061474138
18951,-0.0039484617771426145,-0.013217684042965333,0.005749223279699234,-0.02348013171730423,-0.009697685056841848,0.010262447674338898
19114,-0.11940633059210745,0.019932858843653284,-0.2890933790654666,-0.0013324821128526398,0.1696870484733592,0.021265340956505924
19119,-0.13423928476863173,-0.05139176872204876,-0.5443366445889715,-0.09113413797083281,0.4100973598203397,0.03974236924878405
19565,0.013768709702276005,0.020051165151774866,-0.017218928271823628,0.00018977592686092448,0.030987637974099633,0.019861389224913942
19571,0.013522654542657317,0.021901132482052527,-0.02593351866768881,-0.00499060027071703,0.03945617321034613,0.026891732752769557
19654,-0.01504599814208113,-0.005420863905873041,-0.02006864689646154,0.01163603691852702,0.00502264875438041,-0.017056900824400062
19776,0.014955318349242144,0.019724755084606513,-0.017868411031444223,-0.0007831097583555768,0.03282372938068637,0.02050786484296209
19810,0.0023695695485734802,-0.001690412496019339,-0.0010793442226345318,-0.01840567119784564,0.003448913771208012,0.016715258701826302
19815,-0.4131861676525326,0.6141644990673221,0.13994800367231375,0.08410897841544096,-0.5531341713248463,0.5300555206518811
19820,-0.05946366825377003,0.0220706011038157,-0.009962757563216684,0.004289184056964934,-0.049500910690553346,0.017781417046850767
19825,-0.10581417370121005,-0.5561269910880119,-0.33045857792413214,0.12194301853605216,0.2246444042229221,-0.678070009624064
19830,-0.09136092854371858,-0.08246614586484047,-0.09639035822128583,0.08909823315439702,0.005029429677567254,-0.1715643790192375
19835,-0.021039373154434715,-0.31371311570354266,-0.41409141712941866,0.06923699489459678,0.39305204397498394,-0.38295011059813944
19840,-0.0704701982419817,-0.020850858588969234,-0.05755276076141452,0.017491163375590202,-0.012917437480567173,-0.038342021964559436
19845,-0.10248966096414347,-0.02318508084851073,-0.12463853762984245,0.008603681076974956,0.02214887666569898,-0.03178876192548569
19850,-0.10149791083952514,-0.013760638564523808,-0.13572911511191904,-0.021395112200016053,0.0342312042723939,0.007634473635492245
19860,-0.09914819738834363,-0.13314835690743226,-0.20647140308846323,-0.06604357330051291,0.1073232057001196,-0.06710478360691935
19863,-0.2180669148087122,-0.20916247471546884,-0.387914646076184,-0.17281201593917156,0.16984773126747177,-0.03635045877629728
19874,-0.17428846404191067,-0.039671149200799005,-0.07972371472984624,-0.03887285208255711,-0.09456474931206443,-0.0007982971182418919
19879,0.38755437750005806,-0.4856722762623767,-0.053452138269429295,-0.13662154460484355,0.44100651576948735,-0.34905073165753314
19884,-0.04642144797287301,-0.02903153641066797,-0.006981233916988072,-0.036403774796063104,-0.03944021405588494,0.007372238385395136
19894,0.6296119944868299,-0.5369479655005538,-0.032703686278030775,0.14661922055049237,0.6623156807648607,-0.6835671860510462
19899,-0.09576711003111016,-0.17873628812380737,0.09236500874469333,0.06763590676844111,-0.1881321187758035,-0.24637219489224849
19904,-0.17931682306171426,-0.006873553320448866,-0.090690521604472,-0.08467582099780457,-0.08862630145724226,0.07780226767735571
19913,-0.12538467112621454,0.04739997434480325,-0.2001823650037965,-0.02571876736407286,0.07479769387758195,0.07311874170887611
19919,0.20781511837496836,-0.02434707819978582,-0.23115171039144444,-0.2791606428369865,0.4389668287664128,0.2548135646372007
19923,-0.05780212622139114,-0.27263683207031586,0.047025279245756835,-0.171062233693013,-0.10482740546714797,-0.10157459837730287
19928,-0.0797047553612037,-0.03240695027549956,-0.16030302102217642,-0.04664838993311232,0.08059826566097272,0.014241439657612764
19933,0.08456566692428527,0.012562596327590825,-0.1747915629205793,0.023200532185408684,0.25935722984486453,-0.01063793585781786
19938,-0.10271261674634563,-0.010007981495783635,-0.22696878567614898,-0.031825351522310696,0.12425616892980335,0.02181737002652706
19944,-0.12730353056065163,-0.032016185590808766,-0.26840951399105295,-0.015230203875137016,0.14110598343040132,-0.01678598171567175
19953,-0.1566403832908696,-0.018170509489965903,-0.2659004862061892,-0.029782456995720408,0.10926010291531962,0.011611947505754505
19958,-0.3558666842841242,-0.04527862170698488,-0.4158826540627097,0.09514373341844845,0.060015969778585476,-0.14042235512543333
19963,-0.12616930712780572,-0.028544965414362522,-0.3200341670747777,-0.034933434695951227,0.193864859946972,0.0063884692815887045
19968,-0.10737687704505183,-0.11323359661143734,-0.3895922278804985,-0.07135033731197088,0.2822153508354467,-0.04188325929946646
19973,-0.18634525037535943,-0.0016742901686166989,-0.4952522182064104,-0.058782819050729185,0.308906967831051,0.057108528882112486
19978,0.04187529299458759,-0.09476817273850635,-0.27689304184518837,-0.20012225892305036,0.31876833483977596,0.105354086184544
19983,-0.14059606536280633,-0.02703341120795616,-0.3852460045826672,0.00028957022613390615,0.2446499392198609,-0.027322981434090066
19987,0.3960626727366132,0.9497960934372923,-0.06496295295031418,-0.3683586170972186,0.4610256256869274,1.318154710534511
20005,0.0026075855115088586,0.007460297229490084,-0.04545789439135603,-0.021008891354352452,0.04806547990286489,0.028469188583842536
20010,0.17705550534390868,-0.22405101435866082,-0.26067925348087195,-0.11470561718913358,0.43773475882478063,-0.10934539716952724
20014,0.12041095559323323,0.03804496575088667,-0.3698006425635807,-0.12155793944351523,0.4902115981568139,0.1596029051944019
20019,0.008714364643740202,-0.135497674955095,0.017619950138966417,-0.011799533570448356,-0.008905585495226215,-0.12369814138464663
20069,-0.07404402368541743,0.01857374434446679,-0.09368785497777557,-0.047192994715962056,0.019643831292358138,0.06576673906042885
20104,0.0023596153876772608,-0.22067718695421334,-0.19736668021013815,-0.04676553175348763,0.1997262955978154,-0.1739116552007257
20163,0.11341291870471315,-0.11252237890964359,-0.13829589127088066,-0.056686064197807834,0.2517088099755938,-0.055836314711835755
20418,0.013098695448189375,0.010122906907188735,-0.012645118119784166,-0.004507450654703364,0.02574381356797354,0.014630357561892099
20849,0.016993305103550793,0.01977348995334531,-0.015430877175870966,-0.0015585857914649226,0.03242418227942176,0.021332075744810233
20854,0.021573163094882747,0.020633826522236963,-0.02041865417941277,-0.003142204088746145,0.04199181727429552,0.023776030610983108
20860,0.01731988423001425,0.019156890036199428,-0.028487209179031664,-0.009575967031422716,0.045807093409045915,0.028732857067622145
20864,0.34216807426022733,0.11677584360682491,0.1404039553929387,0.1521657891153217,0.20176411886728862,-0.03538994550849678
20869,0.2605211488276903,-0.10687240423181027,0.18173784659932257,-0.05119426886440215,0.07878330222836771,-0.05567813536740812
20874,0.3038269491850216,-0.04187322324841142,-0.037400848631523376,-0.2059363911448977,0.341227797816545,0.16406316789648628
20878,0.0903319629692384,-0.1507331939978651,0.04119515285693853,-0.14450047183313464,0.04913681011229987,-0.006232722164730475
20883,-0.02660777590689048,-0.06318437446349542,-0.035241969643626886,-0.023383177385837506,0.008634193736736406,-0.03980119707765792
20888,-0.02921600480906203,-0.037123793716658776,-0.0004770551701546444,-0.019113051935239767,-0.028738949638907385,-0.01801074178141901
20893,0.03050235082591729,0.04489917171294455,0.006980891076382112,0.003622963001566948,0.02352145974953518,0.041276208711377604
20898,-0.12782737097476926,-0.5852994053995365,-0.3420660340669075,-0.010100135354296769,0.21423866309213824,-0.5751992700452397
20907,-0.023840836597274873,0.06608747129337775,-0.07187797710814325,0.00699272594054004,0.04803714051086838,0.05909474535283771
20913,-0.17529549047491544,-0.2122501770119103,-0.20168590835697298,-0.08496077287762782,0.026390417882057537,-0.12728940413428247
20918,-0.06884166021219695,-0.021498857901305235,-0.10723065775905766,0.006400417014209736,0.038388997546860704,-0.02789927491551497
20928,-0.0384293866744978,-0.05557510502079943,-0.10108597016199194,-0.03929132923057854,0.06265658348749414,-0.01628377579022089
20933,0.024445296709979303,-0.3782327070183309,-0.2197251639105139,0.3041791810699198,0.2441704606204932,-0.6824118880882507
20937,-0.0848898801220016,-0.10719879740747457,-0.20819604270601888,-0.06894346760464448,0.12330616258401728,-0.038255329802830085
20942,0.5640090381004426,-0.3606289928160512,-0.47301334536343687,-0.2421756514674681,1.0370223834638794,-0.1184533413485831
20957,0.3810351019565892,-0.36099773500261656,-0.3488318911668047,-0.18199306979307517,0.7298669931233939,-0.1790046652095414
20972,-0.1849959302983949,-0.24965775526415124,-0.23088702785359383,0.08198973924875874,0.045891097555198934,-0.33164749451291
20987,0.10127471569812546,-0.02067097981492233,-0.32080813529893715,0.15321424795332222,0.4220828509970626,-0.17388522776824455
20992,0.1863947790823542,-0.6722443933579064,-0.5704415093378936,0.029497018677788756,0.7568362884202477,-0.7017414120356952
20996,-0.12443782498447892,0.0060224014879160515,-0.20495747538953185,-0.03578426842935373,0.08051965040505293,0.04180666991726978
21002,-0.13077006356307264,-0.018793286490734418,-0.2573364504249732,-0.041630489551238825,0.12656638686190058,0.022837203060504407
21006,-0.24309752785853828,-0.04212140576388934,-0.5487172324624412,-0.011728787103427452,0.30561970460390286,-0.03039261866046189
21011,-0.1094163357823909,0.05371584464491236,-0.25992705678252126,-0.030723672463862373,0.15051072100013035,0.08443951710877473
21016,-0.09941877742839439,-0.01607935779804412,-0.1967422302172117,-0.023436583773308456,0.09732345278881732,0.0073572259752643365
21021,-0.13150364115108837,-0.031943328465435294,-0.20197079316364397,-0.029860754606888307,0.0704671520125556,-0.0020825738585469877
21026,-0.11747915601377729,-0.0662136716819901,-0.20832158031903275,-0.017780364147861827,0.09084242430525546,-0.04843330753412828
21031,-0.11219857466144267,-0.014257104819060173,-0.239097026986074,-0.025672984363806495,0.12689845232463132,0.011415879544746321
21036,-0.11367606824754584,-0.04620918424997156,-0.5022540727075705,-0.10516603239931177,0.38857800446002466,0.05895684814934021
21041,-0.16075419012062142,-0.0867126797156062,-0.5731914577025028,-0.06873275436876869,0.4124372675818814,-0.01797992534683751
21046,-0.1293505350100534,-0.05477297454449709,-0.2792776604910456,-0.055469083147588916,0.14992712548099218,0.0006961086030918273
21051,-0.06316112149522635,-0.0014407440530239124,-0.09451332413631769,-0.03636320717286334,0.03135220264109134,0.03492246311983943
21056,0.0009032964711492286,-0.03202080472996449,-0.395677955019636,0.0012246257130175686,0.3965812514907852,-0.03324543044298206
21060,0.28937059869879267,0.6775431243932734,-0.3166912502604293,-0.5318826630724656,0.606061848959222,1.2094257874657388
21136,0.03776686412427133,-0.3627573020398801,-0.26168858087208313,-0.12549803990377328,0.29945544499635446,-0.23725926213610682
21160,0.03486988935852664,-0.3025792250518743,-0.22985496879746614,-0.17079028667923601,0.2647248581559928,-0.13178893837263828
21165,-0.07979739982817463,-0.07041518102772193,-0.21224994462524643,-0.058372473845944906,0.1324525447970718,-0.012042707181777024
21180,-0.048791177391073026,0.03820927239343397,-0.03351013199249486,-0.03106613091065369,-0.015281045398578164,0.06927540330408766
21908,0.016882944790612503,0.020546257007978977,-0.01404861295356151,-0.0002876462989550854,0.030931557744174012,0.020833903306934062
21913,0.019086653801930684,0.020019155948214365,-0.01299984311956602,-0.002042616360204891,0.032086496921496704,0.022061772308419256
21918,0.018034130612859536,0.02656970297110621,-0.02559870251391838,-0.006341054402377047,0.04363283312677792,0.03291075737348326
21923,0.02383315453719259,0.010495229811694345,-0.052446021567938844,-0.027382950694897296,0.07627917610513144,0.03787818050659164
21928,0.05308659375496255,0.04746900113192147,-0.03785553548757914,-0.08114966344855448,0.09094212924254169,0.12861866458047594
21932,0.02316399275146075,-0.012595909446531106,-0.02662869550155353,-0.04282953178776083,0.04979268825301428,0.030233622341229727
21937,-0.023464191392197964,-0.034654433697175774,-0.019639503262645464,-0.024859895229280754,-0.0038246881295525004,-0.00979453846789502
21942,-0.079358072593816,-0.03239270580979947,-0.07498872817373003,-0.04429575350168291,-0.004369344420085963,0.01190304769188344
21947,0.029953525367241496,-0.017338739833479888,-0.03153317421389984,0.000272146202786705,0.061486699581141335,-0.017610886036266593
21957,-0.011299114999004767,-6.0794894369969876e-05,-0.031314428266855654,-0.009717453791524111,0.020015313267850887,0.009656658897154141
21962,-0.08359168486856683,-0.23433340730988883,-0.2605671876798089,-0.08151023532084545,0.17697550281124208,-0.15282317198904338
21967,-0.0891053738638811,0.2122276830484391,-0.3219139438431937,-0.005537881215151197,0.2328085699793126,0.21776556426359028
21972,-0.06042399046895697,-0.02213826364454924,-0.07755454163637115,0.014709836683124644,0.017130551167414187,-0.03684810032767388
21977,0.03245189513307217,-0.11408343001024807,-0.10313908030461671,-0.0631728326649515,0.1355909754376889,-0.05091059734529657
21982,-0.07633413231126596,-0.031202892658143078,-0.12015142567970633,2.7549799358539406e-05,0.04381729336844037,-0.031230442457501617
21987,-0.05077747094053292,-0.016074080427656956,-0.12308378823047222,-0.022540524575565213,0.0723063172899393,0.006466444147908257
21996,-0.10731651753461793,-0.12251259721873198,-0.037425346221755834,-0.04173530758632557,-0.0698911713128621,-0.08077728963240641
22002,-0.09313702415883085,-0.04404373031515907,-0.10435896998889926,-0.01353914177662141,0.011221945830068414,-0.030504588538537658
22007,-0.030282974618526137,0.017912530678090427,-0.31536223915462863,-0.020737394905130047,0.2850792645361025,0.038649925583220474
22012,0.46090280637591363,-0.06865077663632824,-0.6379419682264098,-0.058183156524324264,1.0988447746023233,-0.010467620112003972
22016,-0.15316343033401802,0.019377773232306716,-0.2911282502556167,-0.060043168061275964,0.1379648199215987,0.07942094129358268
22025,-0.005093735823099577,0.0022704997511018843,0.011844594365792827,-0.01671880059953007,-0.016938330188892403,0.018989300350631955
22031,-0.019722177634646954,-0.07755543994670361,-0.017573650927568407,-0.028353980666598944,-0.0021485267070785463,-0.049201459280104665
22036,-0.10840248507682598,-0.0580974269721683,-0.07717542275313055,-0.07077827869723152,-0.03122706232369543,0.012680851725063225
22051,-0.002602748853144654,-0.012475508321855677,-0.21674623841621704,-0.025760017997084272,0.2141434895630724,0.013284509675228595
22055,-0.19403994207459185,-0.15770037253178987,-0.5415027194596906,-0.077502373829269,0.3474627773850988,-0.08019799870252087
22060,-0.06882007446912436,-0.10914009012381326,-0.2989868916272666,-0.025207521152182222,0.23016681715814225,-0.08393256897163104
22065,-0.1413277487412224,-0.01481538895374973,-0.20188490558765093,-0.02708590119522858,0.06055715684642854,0.012270512241478848
22071,-0.040357737338178656,-0.05102839900899275,-0.11987541658312995,0.007665768092443792,0.07951767924495129,-0.058694167101436545
22075,-0.12422085026357704,-0.03265422569698845,-0.21103027070105662,-0.029291879965635703,0.08680942043747958,-0.003362345731352745
22080,-0.1384070059213114,-0.0972203700889438,-0.5104631896258426,-0.06509316111059471,0.3720561837045312,-0.03212720897834909
22085,-0.10702802439605485,-0.023411357405557998,-0.18498458278287955,-0.028415715065732372,0.07795655838682469,0.0050043576601743744
22090,-0.0032347872332492145,-0.09513740637215323,-0.49010721238114874,-0.020317205829023688,0.4868724251478995,-0.07482020054312954
22095,-0.07796643728681224,-0.07476793342376317,-0.08033422424616321,-0.0463840534843771,0.0023677869593509704,-0.02838387993938607
22100,-0.06654478440131228,-0.012197661090813772,-0.07343733054938145,-0.018533901097370575,0.006892546148069167,0.006336240006556804
22110,0.005124215647863806,-0.08161542681188932,-0.1013223330651779,-0.03491396989107837,0.10644654871304171,-0.04670145692081096
22115,-0.11793686167604683,0.08990767340002065,-0.31760024384886526,0.03226776594809677,0.19966338217281843,0.05763990745192388
22118,-0.1572869619358339,0.49549040227709773,-0.5320486385548501,-0.46261641961560174,0.37476167661901616,0.9581068218926995
22231,-0.04965768396882897,-0.009591378781926785,-0.031209246983634198,0.0022819645793515364,-0.01844843698519477,-0.011873343361278321
22958,0.017125858147351,0.012274251289621368,-0.018679847931654794,-0.007102379978808138,0.035805706079005795,0.019376631268429506
22961,0.015555138473942326,0.0037564129023677506,-0.02775687709897344,-0.00981514119374878,0.043312015572915766,0.013571554096116531
22966,0.014930937365183736,0.022170707910102894,-0.02425682147455424,-0.006952934978622996,0.03918775883973798,0.02912364288872589
22971,0.032959067286352506,0.0004781425754953883,-0.060936784909136094,-0.03082070053417163,0.0938958521954886,0.03129884310966702
22976,-0.06627117942117117,-0.05621537078294153,0.04618679591775038,-0.06341830362974188,-0.11245797533892155,0.007202932846800347
22990,-0.23395942660944102,-0.0579466677804823,-0.30599140987147244,-0.14098812757606816,0.07203198326203142,0.08304145979558586
22995,-0.023605210919189573,-0.007275917800348614,-0.004674362154582029,-0.005970056087890391,-0.018930848764607544,-0.0013058617124582228
23000,-0.0067497435217361845,-0.06432357734951233,-0.0033758483433179443,-0.02965420949777925,-0.0033738951784182403,-0.03466936785173308
23005,-0.020478707661330975,-0.16044516334679393,-0.1212578580328183,-0.12444195185526952,0.10077915037148732,-0.03600321149152441
23010,-0.039974905209129,-0.03947391912108367,-0.060474978630656595,-0.020776793250626757,0.020500073421527598,-0.01869712587045691
23015,0.10778580398386606,-0.7566456338591998,-0.19845338985517258,-0.4201813248939201,0.30623919383903864,-0.3364643089652797
23020,-0.11568350763632196,0.026746597928311244,-0.1724748068636488,0.009600902878430129,0.05679129922732684,0.017145695049881116
23030,-0.15779391992002156,-0.08841410757726259,-0.2200896167428621,-0.05878242501675107,0.06229569682284053,-0.02963168256051152
23035,-0.08419457489035642,-0.03763624986687475,-0.17912140980458463,-0.042767790292654706,0.09492683491422821,0.005131540425779957
23040,-0.12139914941229635,0.03779594817044418,-0.17942112024730206,-0.029832410925015096,0.05802197083500571,0.06762835909545928
23050,-0.07396969541454879,-0.0766506944847028,-0.14995148604675845,-0.03712794488509963,0.07598179063220967,-0.03952274959960317
23055,-0.009479700056091778,-0.0754391660882679,-0.1270321976992902,-0.04185916538371193,0.11755249764319842,-0.03358000070455597
23059,-0.10034683037244241,-0.11661594676661563,-0.1836576501149081,-0.056786285890196075,0.08331081974246568,-0.059829660876419555
23064,-0.0920842440061942,-0.1616877752081205,-0.2006960552141276,-0.052334629245583186,0.1086118112079334,-0.10935314596253731
23069,-0.16722590873847754,-0.27164461193769196,-0.19940903387587872,-0.032594961280174806,0.03218312513740118,-0.23904965065751715
23074,-0.0796358969229875,-0.008133177421160653,-0.13187063508419045,0.017514075287999753,0.05223473816120294,-0.025647252709160406
23079,-0.03153162542937238,-0.002201393219309955,-0.004138148300693478,-0.058634447899570175,-0.0273934771286789,0.05643305468026022
23084,-0.03425671393759333,0.016745810659178795,-0.10264668501603935,-0.027719479470800668,0.06838997107844602,0.04446529012997946
23094,-0.1281823402526454,0.2204709382061082,-0.20584146416094706,-0.0024145279434200084,0.07765912390830165,0.2228854661495282
23099,-0.14355280880375315,-0.03873064567570106,-0.20150374472445715,-0.02520182047667391,0.057950935920703994,-0.01352882519902715
23103,-0.08333013550205814,-0.14078136821192622,-0.46124168848463976,-0.04599646287625714,0.3779115529825816,-0.09478490533566908
23108,-0.013897372793058693,0.031034190716477394,-0.5214832906384198,-0.011458661679793425,0.5075859178453611,0.04249285239627082
23113,-0.197468663251815,0.061095545570773346,-0.35210853135030984,-0.05905470290891851,0.15463986809849484,0.12015024847969186
23118,0.1020977391250723,-0.0771660825701207,-0.44554853942598094,-0.021823980885693817,0.5476462785510532,-0.05534210168442688
23123,-0.10102421453948363,-0.049176021097916744,-0.2524418858687243,-0.024809746117483877,0.15141767132924067,-0.024366274980432867
23133,-0.10288959346136661,-0.10608260398316038,-0.49328472712362104,-0.07941382328702506,0.3903951336622544,-0.02666878069613532
23138,-0.11657838804936965,-0.04903634053162198,-0.1994046289871158,-0.004724399891722464,0.08282624093774615,-0.044311940639899516
23143,-0.172938056246424,-0.0063438489851255775,-0.3677574872120518,-0.0024819726602807735,0.19481943096562782,-0.003861876324844804
23148,-0.09754420557429144,-0.060779696064823974,-0.2450882087261096,-0.03671541543882345,0.14754400315181815,-0.024064280626000523
23153,0.01214462427060703,-0.04599440979000263,-0.11160486470715864,-0.046820362434758234,0.12374948897776566,0.0008259526447556009
23158,-0.15823870229668158,-0.07638774181971869,-0.48782350446756495,-0.07529285107802319,0.3295848021708834,-0.0010948907416954978
23163,-0.1975721731810381,0.13196672578164675,-0.3696861347974582,0.04282090552631557,0.17211396161642012,0.08914582025533119
23166,0.22815624638971932,1.4283845193404459,-0.05245964139784376,0.2299687955725982,0.2806158877875631,1.1984157237678477
23337,-0.08077744099088774,-0.034523041318528014,-0.24399037408180968,-0.026499318259489424,0.16321293309092194,-0.00802372305903859
23661,-0.08217230248047303,0.00405023750861111,-0.17764393275231288,0.021222410540883252,0.09547163027183986,-0.017172173032272142
23860,-0.1346862176390099,-0.5956921970091815,-0.5677163282389533,-0.18078328048811615,0.43303011059994345,-0.41490891652106543
23977,-0.0035887406597304855,0.007105422960040821,-0.011041974596858989,0.003475946287464761,0.007453233937128503,0.0036294766725760604
23982,0.11899144765396175,-0.060215724334859666,0.003736793543188288,-0.06558591830102328,0.11525465411077346,0.005370193966163617
23991,-0.032516070464691516,-0.01119197806360761,-0.04228668711253725,-0.03710003042773108,0.009770616647845731,0.02590805236412347
23996,-0.08136936527674205,0.13837468543844472,0.03505595421907354,0.0044683966185815605,-0.11642531949581558,0.13390628881986316
24001,0.19241181969971174,-0.2175144749231228,0.16429578058739783,-0.043037672385597636,0.028116039112313918,-0.17447680253752518
24011,-0.006252440843101281,0.003541016954489329,0.05487369173937767,-0.00733038838298139,-0.061126132582478954,0.010871405337470719
24016,-0.021776968748645265,-0.001972368404458663,-0.01140052421724072,-0.012283087057363973,-0.010376444531404544,0.01031071865290531
24021,-0.027085480613590063,-0.0368424952838563,-0.019277521453755386,-0.020260907453645616,-0.0078079591598346765,-0.016581587830210687
24026,-0.03359554245531504,-0.09068535126953858,-0.054120494819414056,-0.05783516401532124,0.020524952364099014,-0.032850187254217345
24031,-0.05755650963488329,-0.02928464837521394,-0.07326378289478358,-0.02486939899672236,0.01570727325990029,-0.004415249378491581
24036,-0.04739639389096606,-0.006849395094351229,-0.08611218118078856,-0.02591157665839905,0.0387157872898225,0.01906218156404782
24041,-0.03723154041895571,-0.30049417024363945,-0.2883390266288349,-0.22436269743273551,0.2511074862098792,-0.07613147281090393
24046,-0.2976480496836864,-0.3280519703546143,-0.38758374845994203,-0.2901893565553224,0.08993569877625562,-0.0378626137992919
24050,0.0376025138849706,-0.026221065726362514,-0.015186244960090578,-0.03113130166596534,0.05278875884506118,0.004910235939602825
24054,0.16140190430697843,0.044108396015331675,-0.4826346131492696,-0.14953870376712025,0.644036517456248,0.19364709978245193
24059,-0.18945401674677453,-0.12806282081555315,-0.16896385627144883,0.025320360603019176,-0.020490160475325703,-0.15338318141857232
24064,-0.20367939389715395,-0.20300526624711057,-0.26070731321322993,-0.1014472535021892,0.05702791931607598,-0.10155801274492138
24069,-0.17410121911800708,-0.12562589026496646,-0.1895978017143502,-0.07727650207942566,0.015496582596343123,-0.0483493881855408
24074,-0.10581313818776139,-0.10012154956030245,-0.16473146262802885,-0.05703378074436266,0.058918324440267456,-0.043087768815939786
24084,-0.05844160852091185,-0.016939937646104963,-0.1402288908164211,-0.0738094888589183,0.08178728229550924,0.05686955121281334
24089,-0.09550444480249842,0.029359260270651333,-0.1673973537759068,-0.12830629075485916,0.07189290897340839,0.1576655510255105
24094,-0.11095014101208867,-0.109486279137887,-0.1974206958448501,-0.2320252436754786,0.08647055483276145,0.12253896453759161
24099,-0.1713750574892583,-0.11248517311068207,-0.3538554667152479,-0.06881994956096105,0.18248040922598963,-0.04366522354972102
24103,-0.10890563643667694,-0.006219604301414661,-0.3568628129370499,-0.06286159297329874,0.24795717650037297,0.05664198867188408
24108,-0.19951555835252155,-0.1589804102724296,-0.4699584069995043,-0.08208948645808556,0.27044284864698276,-0.07689092381434404
24113,-0.1540211365063222,-0.006375410054183406,-0.49351376454723406,0.014338696309508236,0.33949262804091185,-0.020714106363691642
24118,-0.12861098486062061,-0.05921269128496731,-0.4128957453492671,-0.052986625716246794,0.2842847604886465,-0.006226065568720518
24123,-0.06584770414912577,-0.07925912484399733,-0.45178170814861907,-0.03928103379942238,0.3859340039994933,-0.03997809104457495
24128,-0.07009145224820956,-0.0816787954012213,-0.38117606710282426,-0.049571426249320316,0.3110846148546147,-0.03210736915190099
24133,-0.04618239950683134,-0.09131939093096936,-0.3698457162195273,-0.08898391128042987,0.32366331671269594,-0.002335479650539485
24138,-0.042163226061730286,-0.07558491314467786,-0.47911859356817954,-0.038870940720343694,0.43695536750644925,-0.03671397242433416
24143,0.021324000322118453,-0.1991928858670018,-0.47972855935099645,-0.17090002321865727,0.5010525596731149,-0.02829286264834452
24148,-0.11317290620196496,0.02113494873805849,-0.22609550449299387,-0.03388933088853047,0.11292259829102891,0.05502427962658896
24153,0.03671348718910153,0.021423304992570474,0.056825350220515186,-0.019420729055320884,-0.020111863031413657,0.04084403404789136
24158,-0.062189913738425084,-0.06686667657932327,-0.3057567726074584,-0.05292695198301478,0.24356685886903334,-0.01393972459630849
24163,-0.22030850144391145,-0.029163938986001448,-0.4015593058666499,-0.034517353651054794,0.18125080442273844,0.0053534146650533465
24166,0.18652441242325446,0.7654039153551231,-0.044808605802093227,0.18143336057632387,0.2313330182253477,0.5839705547787992
24699,-0.01823126812115372,-0.022378325231875024,-0.0042893801718005276,-0.027281661146488084,-0.013941887949353193,0.004903335914613061
24709,-0.023977314737209987,0.19964454215863747,0.4010647586747924,0.1912916627273853,-0.4250420734120024,0.00835287943125218
24759,-0.09094924850716196,-0.1173928436758736,-0.1761141760336304,-0.006248432441221918,0.08516492752646843,-0.11114441123465169
24870,-0.2140466834908601,0.05597737140069092,-0.10738813184560148,-0.06515478311364886,-0.10665855164525861,0.12113215451433978
24880,-0.06617912695781658,0.07299626755036387,0.013095530059047344,0.027772801918948486,-0.07927465701686393,0.04522346563141538
24884,-0.5456347826122487,0.1796385159142475,0.41160687938080764,-0.06959032333201043,-0.9572416619930564,0.24922883924625794
24889,-0.010982295014906385,0.07750810873922426,0.00900443147088742,0.01482062628542602,-0.019986726485793804,0.06268748245379824
24899,-0.027658631382895205,-0.03648414662965327,-0.027723233564020733,-0.03385353608599834,6.460218112552818e-05,-0.002630610543654932
24914,-0.03506727123799025,-0.0257548110919662,-0.03331958850586714,-0.02429353297425324,-0.0017476827321231125,-0.0014612781177129608
24919,0.01446038640480668,-0.07861961024363912,-0.06519495601446579,-0.0769007355680923,0.07965534241927247,-0.001718874675546822
24924,-0.04859297802150381,-0.06819300524167349,-0.16455780951729054,-0.04037165266320175,0.11596483149578674,-0.027821352578471736
24932,-0.09561814712410444,-0.21031956633437437,-0.21094400720445472,-0.1231024973210551,0.11532586008035028,-0.08721706901331927
24936,-0.08901906189966702,-0.25590802728710665,-0.22250757116897935,-0.10851330329101977,0.13348850926931233,-0.14739472399608688
24942,-0.1861136386765173,-0.15157181278690962,-0.20207259041372982,-0.09074814533794512,0.015958951737212512,-0.0608236674489645
24947,-0.1465192369798467,-0.08218930041186634,-0.1847746982387386,-0.004140777005314011,0.0382554612588919,-0.07804852340655233
24952,-0.18418236506904467,-0.00630978013329353,-0.275767663013258,-0.06451062070077751,0.09158529794421333,0.05820084056748398
24957,-0.1080984340118199,-0.03283667033198473,-0.14233764134851606,-0.18810709762319316,0.034239207336696165,0.15527042729120843
24962,0.17034546828670327,-0.2252012122932101,0.04588355388160925,-0.7436021630020113,0.12446191440509402,0.5184009507088012
24967,0.021926614031238523,-0.11217233243868674,-0.1481135824106956,-0.048147624138284106,0.17004019644193413,-0.06402470830040263
24971,-0.08289566192900699,-0.08729081918207193,-0.4394342604917095,-0.04991219033160588,0.35653859856270254,-0.037378628850466056
24976,-0.10248499869355837,-0.06659363888742553,-0.22739358749604627,-0.03095869843455412,0.1249085888024879,-0.03563494045287141
24981,-0.08150882491495481,-0.04375324844521,-0.43242110509286935,-0.0739360490214328,0.35091228017791454,0.0301828005762228
24986,-0.12782078157525423,-0.04302973688325151,-0.46782423596623157,-0.054861387089574554,0.34000345439097734,0.011831650206323041
24991,-0.11541970210487112,-0.05651192645177966,-0.2402236849926352,-0.03630923759773941,0.12480398288776406,-0.02020268885404025
24996,0.2316227319489838,-0.6617745545757838,-0.36649004393306195,-0.09320467684374273,0.5981127758820457,-0.5685698777320412
25002,-0.14368354710177578,-0.03916691431940161,-0.4318229805159758,-0.06872602125972832,0.2881394334142,0.029559106940326707
25006,-0.18227468295364457,-0.07195728988347794,-0.36890490448104774,-0.06422723533759966,0.18663022152740316,-0.007730054545878273
25011,-0.09206748752696764,-0.028816769507214957,-0.2992802280074624,-0.021686018231225845,0.20721274048049476,-0.007130751275989111
25016,-0.05828195921017382,-0.034405817662450267,-0.31543182008613563,-0.05716181484961386,0.2571498608759618,0.02275599718716359
25021,-0.1570200169717395,0.02454365230282285,-0.5200414738174701,-0.044030014567942866,0.3630214568457306,0.06857366687076571
25026,-0.16274304024955433,-0.06591528998139212,-0.5386827601007056,-0.04689069663911233,0.37593971985115127,-0.019024593342279794
25031,-0.09502706057911181,-0.02776434231749092,-0.30997810106965984,-0.0372282569255305,0.21495104049054803,0.00946391460803958
25035,0.819501385348828,0.39146600956392463,0.16106600362088885,-0.24843653755993111,0.6584353817279391,0.6399025471238557
25073,-0.04001917220695467,-0.025539864806729512,-0.02473889534838758,-0.017225543524337528,-0.015280276858567088,-0.008314321282391984
25078,-0.015615013291836038,-0.03056569891664404,-0.01932880090437694,-0.024199525582987075,0.003713787612540903,-0.006366173333656966
25098,-0.05305495308851238,-0.07258475953850507,-0.12480952615397434,-0.043373623308191944,0.07175457306546196,-0.02921113623031313
25103,-0.043347167406903975,-0.08189284046873746,-0.13746818626743124,-0.021709488217316664,0.09412101886052726,-0.060183352251420796
25278,-0.05721289183198963,-0.1251530692587015,-0.1930321594545295,-0.0011816714829556707,0.13581926762253987,-0.12397139777574584
25483,0.13953192251331936,-0.1068622129628638,0.00737112727481426,-0.6770857582378436,0.1321607952385051,0.5702235452749798
25487,0.13623880003372224,0.12568163610012217,-0.1137624066754348,0.0011904636766152388,0.25000120670915704,0.12449117242350694
25551,-0.019400340913697356,-0.005048770820610726,0.044427954939756875,-0.028516311666294925,-0.06382829585345423,0.0234675408456842
25631,-0.1277497920855808,-0.35663378317358957,-0.25384010956495184,-0.13306337762115322,0.12609031747937105,-0.22357040555243635
25654,-0.11785793682587364,-0.34617782112819406,-0.48979099205361676,-0.1858477546029189,0.3719330552277431,-0.16033006652527515
25659,-0.10638042494333111,-0.04586973271539585,-0.4141530026396987,0.005327082331030963,0.30777257769636757,-0.05119681504642681
25669,-0.12777160812197375,0.13173294744387964,-0.4621120556355296,0.003929153029214039,0.33434044751355585,0.1278037944146656
25673,0.16857924625670517,-0.234297054375052,-0.15144420147544368,-0.025982940133145616,0.32002344773214886,-0.20831411424190638
25720,-0.06321811234998642,-0.16770204118282295,0.44970301942827495,0.3387976519851329,-0.5129211317782614,-0.5064996931679558
25731,-0.06429498483347662,-0.10392775284728983,0.05124374667199416,0.0053194669652972815,-0.11553873150547078,-0.10924721981258712
25735,-0.07269201706605832,-0.16332744910763997,0.03367736049810521,-0.03890473104988268,-0.10636937756416354,-0.12442271805775729
25740,0.5417811777372503,-0.5871341731589764,0.07390402197013657,-0.2778660717642315,0.4678771557671137,-0.3092681013947449
25746,0.07872314220138776,-0.3619093687748427,-0.03935942075016696,-0.20262535204888055,0.11808256295155473,-0.15928401672596215
25750,-0.0452121685570791,-0.03237581313986271,-0.033575802311495484,-0.05139201089309181,-0.011636366245583618,0.019016197753229103
25754,-0.030768502180888502,-0.025589851016699083,-0.04017728827679029,-0.01895403303456994,0.009408786095901789,-0.006635817982129144
25760,-0.024435880478011707,-0.011211736977565584,-0.030650885156139784,-0.008118203163831578,0.006215004678128078,-0.0030935338137340063
25769,-0.05642700093837666,-0.04923027045224421,-0.19868986725846616,0.015644386871437543,0.1422628663200895,-0.06487465732368175
25775,-0.04739028112561772,-0.10860098457848544,-0.20250440715067075,-0.007429022346424452,0.15511412602505303,-0.10117196223206099
25780,-0.10974942340456989,-0.1493043831563065,-0.25539628750248117,-0.005023539857634818,0.14564686409791128,-0.1442808432986717
25784,0.035885466486545226,-0.2749068515819222,-0.1604690806981518,-0.013216704868494689,0.19635454718469703,-0.2616901467134275
25789,-0.12829300329853421,-0.06647530496747317,-0.19912142939035882,-0.011803173866760719,0.0708284260918246,-0.05467213110071245
25794,-0.14748021790132243,-0.08506396868100252,-0.19708123112183357,-0.02065530122864767,0.049601013220511136,-0.06440866745235485
25799,-0.21959079939275206,-0.26854651722620027,-0.206979421565322,-0.02862541830477483,-0.012611377827430048,-0.23992109892142544
25804,-0.25855020590424227,-0.2267373426492047,-0.30690279448123114,-0.022857016507571937,0.048352588576988875,-0.20388032614163276
25809,-0.08571210929037798,-0.0361061771678573,-0.16550007894222352,-0.08264233558416922,0.07978796965184554,0.046536158416311924
25814,-0.1327351545494765,0.09771497017139852,-0.45747785034975874,-0.07036888923332207,0.32474269580028226,0.1680838594047206
25819,-0.013452285856926371,-0.21103504279869112,-0.2833335185255743,0.03920001876693302,0.26988123266864794,-0.25023506156562414
25826,-0.1403361606438538,0.02472314499667916,-0.30992813580791223,-0.0510090161787673,0.16959197516405844,0.07573216117544646
25831,-0.219741866818696,0.032275280234343784,-0.32331176963926,-0.11638863215569129,0.103569902820564,0.14866391239003507
25836,-0.1299562524653547,-0.28937769689570914,-0.45294500823589456,0.10301997979802358,0.32298875577053987,-0.3923976766937327
25841,-0.10833402711371076,-0.267279108726618,-0.4417391598710725,0.08857371646251888,0.3334051327573617,-0.35585282518913686
25846,-0.1891148935023108,-0.15680490362435906,-0.4042782943679948,0.05082457759427261,0.21516340086568397,-0.20762948121863167
25851,-0.2347024425886437,-0.2739130647148864,-0.5210757925931891,-0.04244966079891144,0.28637335000454545,-0.23146340391597497
25856,-0.20374511374850685,-0.17056261328740951,-0.3256915615122124,-0.15056606955634122,0.12194644776370556,-0.019996543731068295
25860,0.952682440085966,0.2549301965891362,-0.2495783222055814,-0.24020726604559828,1.2022607622915475,0.49513746263473446
25943,-0.21963703966416998,-0.28375371169190006,-0.34793494552320764,-0.08453258751864606,0.12829790585903766,-0.199221124173254
26176,-0.20247711348067488,0.06742783006661102,-0.11734341584358765,0.12876064634844375,-0.08513369763708722,-0.061332816281832736
26274,0.11665074197137859,0.07355752771501844,-0.2578653789215548,-1.0585321313192284,0.3745161208929334,1.1320896590342469
26278,-0.13138970524574634,-0.16781536350950077,0.24659211448483942,0.08408287069887077,-0.37798181973058576,-0.25189823420837154
26282,0.06426800821585732,-0.21285507350935062,0.5127746178526004,0.5460712167812881,-0.44850660963674305,-0.7589262902906387
26287,-0.09037151264210086,-0.22321361067801715,0.11648592688227666,0.0010012097325062808,-0.20685743952437752,-0.22421482041052343
26293,-0.1074398638317442,-0.05047355846307844,-0.045947172078739995,-0.07212998515662172,-0.0614926917530042,0.021656426693543285
26297,0.0560430324152158,-0.27074925227079405,0.02464376989912298,-0.15751497504251877,0.03139926251609282,-0.11323427722827528
26302,0.19996511290483698,-0.3131148193242187,-0.03600142991964572,-0.1835072570787194,0.2359665428244827,-0.1296075622454993
26306,0.06273274351527203,-0.4414408446201399,-0.04948243626684112,-0.23559832036259132,0.11221517978211315,-0.20584252425754856
26312,-0.007010626367002004,-0.048008520102399865,-0.08170259188397794,-0.027006521643125725,0.07469196551697593,-0.02100199845927414
26316,-0.029481893156073802,-0.019888909420690604,-0.014804723344779391,-0.019561055991029197,-0.01467716981129441,-0.0003278534296614066
26321,-0.00144942740736817,-0.04519066918843195,-0.03149843448712289,-0.0038330826198230417,0.03004900707975472,-0.04135758656860891
26326,-0.1465517026133526,-0.05998983906462335,-0.2173010575165839,-0.01775519239862766,0.07074935490323131,-0.04223464666599569
26331,-0.13211141539111465,0.07074596787070281,-0.22811051611965555,0.06136115029700878,0.0959991007285409,0.009384817573694026
26336,-0.3406330653489499,0.14909409637072546,-0.324734855646471,0.049303045824183156,-0.015898209702478905,0.0997910505465423
26341,0.015251253931362785,-0.5754577731877061,0.047217021299923334,-0.0036558287730392436,-0.03196576736856055,-0.5718019444146668
26346,-0.1407048519698706,-0.15547400231688374,-0.2643363784167684,-0.029194105910208712,0.12363152644689779,-0.12627989640667503
26352,-0.19516443207267575,-0.011926589191457393,-0.273619375783015,0.04649874506465268,0.07845494371033923,-0.05842533425611007
26356,-0.16378666311812606,-0.07101170596300338,-0.18684079707340284,0.024550410405387024,0.02305413395527678,-0.0955621163683904
26360,-0.15981935138863101,-0.1538009241650944,-0.2545386595847764,-0.07905715165821225,0.09471930819614538,-0.07474377250688213
26361,-0.18395978800621626,0.043739669966658457,-0.13456930473139184,-0.2021722254017725,-0.049390483274824426,0.24591189536843094
26534,-0.25789373275546856,-0.37658435171402604,-0.6264160339855773,-0.4629862817751905,0.36852230123010876,0.08640193006116448
26535,-0.24977009471881573,0.07810735158719728,0.058111065767520675,-0.10167756723648347,-0.3078811604863364,0.17978491882368075
26646,-0.11979719664598143,-0.02673750229829841,-0.1071805483116468,-0.027047283453762005,-0.012616648334334624,0.0003097811554635954
26685,0.053219022935357074,-0.1305637346545705,-0.030249459430981784,0.035943433501332334,0.08346848236633886,-0.16650716815590283
26709,-0.11596388477476305,-0.09152307762183265,-0.1811002057862212,-0.10247219015617215,0.06513632101145816,0.0109491125343395
26714,-0.23215595694268054,-0.33334658814868123,-0.11969841901313505,-0.3123690754481625,-0.11245753792954549,-0.02097751270051873
26718,0.03744109291793363,-0.26250012065364037,0.01515473984931237,-0.19055596131829966,0.022286353068621256,-0.07194415933534071
26724,-0.11719264126458234,-0.08861992713723821,-0.08504097740930577,-0.03752026103074119,-0.03215166385527657,-0.05109966610649702
26733,-0.03324674255980653,-0.02158635034551415,-0.05460873099386454,-0.009226781395621775,0.02136198843405801,-0.012359568949892374
26739,-0.04832717202716996,-0.08320450796487311,-0.16928753601625024,-0.03873443801355847,0.12096036398908028,-0.04447006995131464
26744,-0.13519470473993384,-0.01836807885320857,-0.2223755453095379,0.05195589708436249,0.08718084056960407,-0.07032397593757106
26748,-0.1469020961140572,-0.12144830042079946,-0.21792640320221107,-0.06060020225862561,0.07102430708815388,-0.06084809816217385
26753,-0.03746274061186744,-0.056681672151918716,-0.09204679442956004,0.009085699419588755,0.0545840538176926,-0.06576737157150747
26758,-0.18512317895242142,-0.09407035334473451,-0.1834281263241338,-0.018456606764946037,-0.0016950526282876188,-0.07561374657978848
26763,-0.033511958134349706,-0.34316045514654914,-0.4012585539610183,-0.09587815840328895,0.3677465958266686,-0.2472822967432602
26773,-0.09096760370000612,-0.1351314072854357,-0.14690146543796223,-0.017126471194088833,0.055933861737956114,-0.11800493609134688
26783,-0.2756599653342495,-0.2212076238623466,-1.0997982049845505,-0.4620270903435435,0.824138239650301,0.2408194664811969
26787,0.13377329680795125,-0.4041940760934668,-0.5204062060255199,-0.061553710600035005,0.6541795028334711,-0.3426403654934318
26946,-0.20120836380499685,0.1053928071067014,-0.0707137883221467,-0.032092661427446156,-0.13049457548285015,0.13748546853414756
27021,0.03204873869985314,0.2073641872845431,-0.4283821764640847,-0.10901063762240759,0.46043091516393786,0.3163748249069507
27075,0.15448793388040039,-0.1358859440582716,0.028368466962467087,0.12671731577504552,0.1261194669179333,-0.2626032598333171
27093,-0.023985895657653133,0.01460209880218133,-0.05570044412732961,-0.020287353922818552,0.03171454846967647,0.03488945272499988
27098,0.36248175212338785,-0.3055894908921135,-0.4961247511375726,-0.36734241817421176,0.8586065032609604,0.06175292728209825
27103,0.10838303243781577,-0.5580302541847662,-0.2348495457722548,-0.47838653489659566,0.3432325782100706,-0.07964371928817049
27108,-0.04585961862650534,-0.027349210840839022,-0.06604625074764403,-0.008280049501622255,0.020186632121138692,-0.019069161339216767
27113,-0.2797460806950596,-0.3784196749668272,-0.37942205674893936,-0.1044670424032138,0.09967597605387979,-0.2739526325636134
27118,-0.11925737800848751,-0.07058281305920555,-0.27998304689363135,0.004573882578845834,0.16072566888514384,-0.07515669563805139
27122,-0.113408091109923,-0.19456156811353464,-0.3136989886535556,-0.06276231906714314,0.2002908975436326,-0.1317992490463915
27127,-0.016466111237640635,-0.09639043939266684,-0.10004723543414756,-0.017424893664996943,0.08358112419650693,-0.0789655457276699
27132,-0.17818372181939446,-0.1443595981065553,-0.2536376808818447,-0.09183610704909917,0.07545395906245023,-0.05252349105745613
27137,-0.00031560653774193037,-0.044807185705462604,-0.02544908674269858,-0.0037722414040894936,0.02513348020495665,-0.04103494430137311
27147,-0.18593587502814968,-0.10391921139325838,-0.09629149389853153,-0.0015790497237171963,-0.08964438112961814,-0.10234016166954119
27152,-0.2528409500217038,-0.23785086388778964,-0.7334490102816531,-0.20785067320354234,0.4806080602599493,-0.030000190684247308
27156,0.003391358124071875,-0.016602027108930995,-0.2086594399141406,-0.018141512429913575,0.21205079803821247,0.001539485320982581
27281,0.27986927262039973,-0.20488659371924212,-0.856103470942021,-0.3766299722846076,1.1359727435624207,0.17174337856536548
27313,-0.018471121495260534,-0.0574999232357849,-0.06096889029712654,-0.017977147480908506,0.04249776880186601,-0.039522775754876394
27338,0.1590762848376716,0.026344335314112732,-0.08234679447659476,-0.10037682503966694,0.24142307931426638,0.12672116035377967
27381,0.040066383422990515,-0.1221248530500299,-0.009216652149388493,0.013910053491776653,0.04928303557237901,-0.13603490654180656
27392,0.41107243071533894,-0.16775916489716236,-1.0151064733770143,-0.31473865470010165,1.4261789040923532,0.1469794898029393
27397,-0.015447850245718375,-0.22587263610595376,-0.22294305807111015,-0.31613167956000776,0.20749520782539177,0.090259043454054
27402,-0.056580288368594855,-0.08604408421690823,-0.18317532712481766,-0.0305386524061515,0.1265950387562228,-0.055505431810756733
27406,0.060459240976646844,-0.05149633882371374,-0.11306312409279584,-0.04203323859417696,0.17352236506944269,-0.00946310022953678
27411,-0.09685235076128662,-0.09393092183989132,-0.16130320440123153,-0.048069298962686136,0.0644508536399449,-0.04586162287720519
27426,0.019730414096472138,-0.022314246958646256,0.012532540568134298,0.020900817346979378,0.007197873528337839,-0.04321506430562563
27436,-0.04283441775653707,-0.08011866379220445,-0.0740184955584231,-0.0420741883968585,0.031184077801886034,-0.038044475395345945
27440,-0.13812190253815104,0.10375188170729532,-0.1378647049773818,-0.31305619507035254,-0.00025719756076925115,0.41680807677764786
27468,-0.04084790721349685,-0.08850137358228682,-0.07430374395595285,-0.007565088021523225,0.033455836742456,-0.0809362855607636
27532,0.001235456443636429,-0.13481188575198333,-0.22784782279442817,-0.17993899930809287,0.2290832792380646,0.045127113556109544
27583,0.12050568302097153,-0.07445725804646519,0.22546418772872867,0.023057736806403217,-0.10495850470775714,-0.09751499485286841
27607,0.023622033639179807,0.09726656111633492,-0.031168754991137138,-0.09802486488884465,0.054790788630316944,0.19529142600517957
27608,0.0016781394243288172,-0.025445269748604338,-0.0024430682338085763,-0.016218250414448354,0.0041212076581373935,-0.009227019334155984
27613,-0.03996363400407155,-0.33169368473236144,-0.23399472286354128,-0.15848738304171833,0.19403108885946974,-0.1732063016906431
27623,-0.12006094389000299,-0.15339618592887883,-0.16514685197484158,-0.04191567942554253,0.04508590808483859,-0.1114805065033363
27628,-0.17147276245674703,-0.143440642127592,-0.085819522965767,-0.08653306166597596,-0.08565323949098003,-0.056907580461616036
27633,-0.006039720105285973,-0.11574510453234005,-0.04640276726692816,-0.06488839653749195,0.040363047161642185,-0.050856707994848094
27638,0.05382764809828611,-0.10514785307356861,-0.034507921566562016,-0.051254003693343486,0.08833556966484812,-0.05389384938022512
27674,0.020923201016952886,-0.0018741095870407065,-0.02584930562079968,-0.007229601675174613,0.046772506637752564,0.005355492088133906
27723,-0.10232916500924805,-0.07654222134043631,-0.08801591077466009,0.014703801054359644,-0.014313254234587958,-0.09124602239479596
27727,-0.11128727139921124,-0.27110965218280925,-0.2605552684595793,-0.12723114952225434,0.14926799706036809,-0.1438785026605549
27732,-0.007763203983683242,-0.35067196378377385,-0.48929059582519496,-0.2617123854581336,0.4815273918415117,-0.08895957832564028
27742,-0.11931894731573223,-0.7109025238750202,-0.936027477841861,-1.1160797213913471,0.8167085305261288,0.40517719751632697
27795,-0.14752427814339897,-0.01923361584323746,-0.10942452942750847,0.08733829985410912,-0.0380997487158905,-0.10657191569734659
27809,-0.1787079849250648,-0.07192123672342887,-0.37124714682778004,0.016140025213842946,0.19253916190271525,-0.08806126193727182
27814,-0.13915161069882864,-0.11201463196001205,-0.33088179497478265,-0.23349891984147353,0.191730184275954,0.12148428788146148
27818,-0.1603097148480146,-0.01910591367484804,-0.7877216019993536,-0.45393160413218026,0.627411887151339,0.4348256904573322
27846,-0.09658795376294282,0.09878302492336122,0.02552056755679777,-0.05412263911621995,-0.12210852131974059,0.15290566403958117
27857,0.2574255378573085,0.1752501161634794,0.5053843777799378,0.42338480378907883,-0.24795883992262935,-0.24813468762559943
27869,-0.012353495389478608,0.09145243319751173,0.08801737983784941,0.2891600405321395,-0.10037087522732802,-0.19770760733462778
27900,0.002449265137840967,-0.009212333834189637,-0.012411307342137329,-0.01622704826755738,0.014860572479978296,0.007014714433367743
27918,0.008411195106822849,-0.0031049558385445875,-0.0013998140100338237,-0.008408724646007386,0.009811009116856673,0.005303768807462798
27967,0.8152718009748063,0.743339857492257,0.29919655414772617,1.2044881257030096,0.5160752468270802,-0.4611482682107526
27981,0.1534674635851836,0.3519612576995038,0.3086358129948884,0.3381482411255383,-0.1551683494097048,0.013813016573965498
28001,-0.026864623573324753,-0.030630443918696793,-0.3073863667569746,-0.04823011157332452,0.28052174318364986,0.017599667654627726
28017,-0.012770331207499458,-0.020929869471243534,-0.03208567830328951,-0.01672069675702953,0.019315347095790053,-0.0042091727142140045
28051,0.012295822061661354,0.08212370003880842,0.45866144407800147,-0.1006870915425101,-0.4463656220163401,0.18281079158131852
28125,0.00928799334277234,0.006180986011680566,-0.009399639140521714,-0.006004907846663819,0.018687632483294053,0.012185893858344385
28131,-0.05394158642114988,0.045600536315296925,-0.12196296799007367,-0.12236705266678427,0.06802138156892379,0.1679675889820812
28189,-0.14493742059807124,-0.1282248129541651,-0.16941655136047518,-0.4754199828852371,0.024479130762403933,0.347195169931072
28232,-0.26874998998900623,-0.07787090154147269,-0.008994994950906832,0.014223358422006394,-0.2597549950380994,-0.09209425996347909
28240,-0.06724924213061034,-0.025540989371441447,0.21727389331728308,0.12738739118913495,-0.2845231354478934,-0.1529283805605764
