condition,carrier_index_after_third_randperm,material_id,TOTAL_SLOTS,VISIBLE_SLOT_COUNT,TARGET_VALID_SLOT_COUNT,VISIBLE_AND_TARGET_VALID_SLOT_COUNT,DEPTH_VALID_SLOT_COUNT,FULL_CANDIDATE_SLOT_COUNT,COLLISION_INVOLVED_SLOT_COUNT,COLLISION_WIN_COUNT,COLLISION_LOSS_COUNT,UNCONTESTED_WIN_COUNT,TOTAL_WIN_COUNT,TOTAL_NONWIN_CANDIDATE_COUNT,CANDIDATE_TO_WIN_RATIO,ZERO_CLASS
Correct,0,12270,20,10,10,10,10,10,3,1,2,7,8,2,0.8,CONTRIBUTING
Correct,1,25631,20,3,3,3,3,3,0,0,0,3,3,0,1.0,CONTRIBUTING
Correct,2,4181,20,9,9,9,9,9,0,0,0,9,9,0,1.0,CONTRIBUTING
Correct,3,11514,20,3,3,3,3,3,0,0,0,3,3,0,1.0,CONTRIBUTING
Correct,4,8199,20,17,17,17,17,17,2,2,0,15,17,0,1.0,CONTRIBUTING
Correct,5,2366,20,0,0,0,0,0,0,0,0,0,0,0,,Z0_NO_VISIBLE_SAMPLED_SLOT
Correct,6,16868,20,0,0,0,0,0,0,0,0,0,0,0,,Z0_NO_VISIBLE_SAMPLED_SLOT
Correct,7,22075,20,15,15,15,15,15,7,4,3,8,12,3,0.8,CONTRIBUTING
Correct,8,16981,20,8,8,8,8,8,0,0,0,8,8,0,1.0,CONTRIBUTING
Correct,9,21002,20,17,17,17,17,17,1,1,0,16,17,0,1.0,CONTRIBUTING
Correct,10,8225,20,3,3,3,3,3,0,0,0,3,3,0,1.0,CONTRIBUTING
Correct,11,3235,20,20,20,20,20,20,1,1,0,19,20,0,1.0,CONTRIBUTING
Correct,12,21160,20,3,3,3,3,3,0,0,0,3,3,0,1.0,CONTRIBUTING
Correct,13,18872,20,15,15,15,15,15,0,0,0,15,15,0,1.0,CONTRIBUTING
Correct,14,18052,20,13,13,13,13,13,4,3,1,9,12,1,0.9230769230769231,CONTRIBUTING
Correct,15,23015,20,2,2,2,2,2,0,0,0,2,2,0,1.0,CONTRIBUTING
Correct,16,25851,20,7,7,7,7,7,1,0,1,6,6,1,0.8571428571428571,CONTRIBUTING
Correct,17,18764,20,5,5,5,5,5,1,0,1,4,4,1,0.8,CONTRIBUTING
Correct,18,2840,20,1,1,1,1,1,0,0,0,1,1,0,1.0,CONTRIBUTING
Correct,19,6087,20,1,1,1,1,1,0,0,0,1,1,0,1.0,CONTRIBUTING
Correct,20,11346,20,10,10,10,10,10,0,0,0,10,10,0,1.0,CONTRIBUTING
Correct,21,10319,20,18,18,18,18,18,6,1,5,12,13,5,0.7222222222222222,CONTRIBUTING
Correct,22,1709,20,5,5,5,5,5,0,0,0,5,5,0,1.0,CONTRIBUTING
Correct,23,270,20,19,19,19,19,19,3,2,1,16,18,1,0.9473684210526315,CONTRIBUTING
Correct,24,23040,20,8,8,8,8,8,4,4,0,4,8,0,1.0,CONTRIBUTING
Correct,25,14090,20,0,0,0,0,0,0,0,0,0,0,0,,Z0_NO_VISIBLE_SAMPLED_SLOT
Correct,26,1583,20,0,0,0,0,0,0,0,0,0,0,0,,Z0_NO_VISIBLE_SAMPLED_SLOT
Correct,27,27132,20,9,9,9,9,9,0,0,0,9,9,0,1.0,CONTRIBUTING
Correct,28,14969,20,5,5,5,5,5,0,0,0,5,5,0,1.0,CONTRIBUTING
Correct,29,23010,20,10,10,10,10,10,2,1,1,8,9,1,0.9,CONTRIBUTING
Correct,30,131,20,11,11,11,11,11,3,0,3,8,8,3,0.7272727272727273,CONTRIBUTING
Correct,31,4146,20,17,17,17,17,17,4,3,1,13,16,1,0.9411764705882353,CONTRIBUTING
Correct,32,17988,20,15,15,15,15,15,0,0,0,15,15,0,1.0,CONTRIBUTING
Correct,33,2342,20,2,2,2,2,2,0,0,0,2,2,0,1.0,CONTRIBUTING
Correct,34,19919,20,1,1,1,1,1,0,0,0,1,1,0,1.0,CONTRIBUTING
Correct,35,11322,20,14,14,14,14,14,0,0,0,14,14,0,1.0,CONTRIBUTING
Correct,36,18794,20,15,15,15,15,15,0,0,0,15,15,0,1.0,CONTRIBUTING
Correct,37,7283,20,12,12,12,12,12,1,1,0,11,12,0,1.0,CONTRIBUTING
Correct,38,4281,20,1,1,1,1,1,0,0,0,1,1,0,1.0,CONTRIBUTING
Correct,39,15919,20,2,2,2,2,2,0,0,0,2,2,0,1.0,CONTRIBUTING
Correct,40,24128,20,12,12,12,12,12,2,1,1,10,11,1,0.9166666666666666,CONTRIBUTING
Correct,41,18779,20,5,5,5,5,5,2,2,0,3,5,0,1.0,CONTRIBUTING
Correct,42,11361,20,10,10,10,10,10,2,1,1,8,9,1,0.9,CONTRIBUTING
Correct,43,425,20,0,0,0,0,0,0,0,0,0,0,0,,Z0_NO_VISIBLE_SAMPLED_SLOT
Correct,44,21031,20,10,10,10,10,10,1,0,1,9,9,1,0.9,CONTRIBUTING
Correct,45,24138,20,5,5,5,5,5,0,0,0,5,5,0,1.0,CONTRIBUTING
Correct,46,9289,20,9,9,9,9,9,0,0,0,9,9,0,1.0,CONTRIBUTING
Correct,47,17880,20,13,13,13,13,13,0,0,0,13,13,0,1.0,CONTRIBUTING
Correct,48,27103,20,2,2,2,2,2,1,0,1,1,1,1,0.5,CONTRIBUTING
Correct,49,15860,20,7,7,7,7,7,0,0,0,7,7,0,1.0,CONTRIBUTING
Correct,50,6399,20,2,2,2,2,2,0,0,0,2,2,0,1.0,CONTRIBUTING
Correct,51,18716,20,20,20,20,20,20,0,0,0,20,20,0,1.0,CONTRIBUTING
Correct,52,9359,20,0,0,0,0,0,0,0,0,0,0,0,,Z0_NO_VISIBLE_SAMPLED_SLOT
Correct,53,24031,20,8,8,8,8,8,3,1,2,5,6,2,0.75,CONTRIBUTING
Correct,54,22036,20,14,14,14,14,14,0,0,0,14,14,0,1.0,CONTRIBUTING
Correct,55,16977,20,14,14,14,14,14,3,3,0,11,14,0,1.0,CONTRIBUTING
Correct,56,3228,20,3,3,3,3,3,1,0,1,2,2,1,0.6666666666666666,CONTRIBUTING
Correct,57,15954,20,9,9,9,9,9,1,1,0,8,9,0,1.0,CONTRIBUTING
Correct,58,14979,20,9,9,9,9,9,0,0,0,9,9,0,1.0,CONTRIBUTING
Correct,59,1728,20,4,4,4,4,4,2,2,0,2,4,0,1.0,CONTRIBUTING
Correct,60,1292,20,3,3,3,3,3,0,0,0,3,3,0,1.0,CONTRIBUTING
Correct,61,9229,20,2,2,2,2,2,0,0,0,2,2,0,1.0,CONTRIBUTING
Correct,62,1191,20,17,17,17,17,17,4,0,4,13,13,4,0.7647058823529411,CONTRIBUTING
Correct,63,9097,20,20,20,20,20,20,0,0,0,20,20,0,1.0,CONTRIBUTING
Correct,64,26709,20,2,2,2,2,2,0,0,0,2,2,0,1.0,CONTRIBUTING
Correct,65,24884,20,1,1,1,1,1,0,0,0,1,1,0,1.0,CONTRIBUTING
Correct,66,12383,20,5,5,5,5,5,2,2,0,3,5,0,1.0,CONTRIBUTING
Correct,67,24709,20,0,0,0,0,0,0,0,0,0,0,0,,Z0_NO_VISIBLE_SAMPLED_SLOT
Correct,68,25794,20,10,10,10,10,10,0,0,0,10,10,0,1.0,CONTRIBUTING
Correct,69,305,20,14,14,14,14,14,8,6,2,6,12,2,0.8571428571428571,CONTRIBUTING
Correct,70,8012,20,19,19,19,19,19,5,0,5,14,14,5,0.7368421052631579,CONTRIBUTING
Correct,71,9146,20,2,2,2,2,2,0,0,0,2,2,0,1.0,CONTRIBUTING
Correct,72,21021,20,16,16,16,16,16,1,1,0,15,16,0,1.0,CONTRIBUTING
Correct,73,8348,20,1,1,1,1,1,0,0,0,1,1,0,1.0,CONTRIBUTING
Correct,74,12238,20,20,20,20,20,20,0,0,0,20,20,0,1.0,CONTRIBUTING
Correct,75,25483,20,7,7,7,7,7,4,0,4,3,3,4,0.42857142857142855,CONTRIBUTING
Correct,76,25804,20,4,4,4,4,4,0,0,0,4,4,0,1.0,CONTRIBUTING
Correct,77,1689,20,3,3,3,3,3,1,0,1,2,2,1,0.6666666666666666,CONTRIBUTING
Correct,78,7200,20,7,7,7,7,7,2,0,2,5,5,2,0.7142857142857143,CONTRIBUTING
Correct,79,10275,20,10,10,10,10,10,1,0,1,9,9,1,0.9,CONTRIBUTING
Correct,80,4010,20,11,11,11,11,11,4,4,0,7,11,0,1.0,CONTRIBUTING
Correct,81,13351,20,9,9,9,9,9,3,2,1,6,8,1,0.8888888888888888,CONTRIBUTING
Correct,82,8002,20,20,20,20,20,20,0,0,0,20,20,0,1.0,CONTRIBUTING
Correct,83,24108,20,5,5,5,5,5,2,2,0,3,5,0,1.0,CONTRIBUTING
Correct,84,17895,20,7,7,7,7,7,2,2,0,5,7,0,1.0,CONTRIBUTING
Correct,85,803,20,14,14,14,14,14,2,0,2,12,12,2,0.8571428571428571,CONTRIBUTING
Correct,86,13218,20,20,20,20,20,20,0,0,0,20,20,0,1.0,CONTRIBUTING
Correct,87,3160,20,0,0,0,0,0,0,0,0,0,0,0,,Z0_NO_VISIBLE_SAMPLED_SLOT
Correct,88,9244,20,12,12,12,12,12,0,0,0,12,12,0,1.0,CONTRIBUTING
Correct,89,4019,20,20,20,20,20,20,0,0,0,20,20,0,1.0,CONTRIBUTING
Correct,90,18759,20,0,0,0,0,0,0,0,0,0,0,0,,Z0_NO_VISIBLE_SAMPLED_SLOT
Correct,91,9487,20,7,7,7,7,7,2,0,2,5,5,2,0.7142857142857143,CONTRIBUTING
Correct,92,10211,20,0,0,0,0,0,0,0,0,0,0,0,,Z0_NO_VISIBLE_SAMPLED_SLOT
Correct,93,1967,20,10,10,10,10,10,4,2,2,6,8,2,0.8,CONTRIBUTING
Correct,94,5086,20,3,3,3,3,3,1,0,1,2,2,1,0.6666666666666666,CONTRIBUTING
Correct,95,4798,20,20,20,20,20,20,0,0,0,20,20,0,1.0,CONTRIBUTING
Correct,96,27468,20,15,15,15,15,15,3,1,2,12,13,2,0.8666666666666667,CONTRIBUTING
Correct,97,3180,20,1,1,1,1,1,0,0,0,1,1,0,1.0,CONTRIBUTING
Correct,98,784,20,2,2,2,2,2,1,0,1,1,1,1,0.5,CONTRIBUTING
Correct,99,14095,20,2,2,2,2,2,0,0,0,2,2,0,1.0,CONTRIBUTING
Correct,100,12260,20,17,17,17,17,17,3,0,3,14,14,3,0.8235294117647058,CONTRIBUTING
Correct,101,2312,20,1,1,1,1,1,0,0,0,1,1,0,1.0,CONTRIBUTING
Correct,102,20019,20,3,3,3,3,3,0,0,0,3,3,0,1.0,CONTRIBUTING
Correct,103,23113,20,9,9,9,9,9,2,1,1,7,8,1,0.8888888888888888,CONTRIBUTING
Correct,104,4151,20,1,1,1,1,1,0,0,0,1,1,0,1.0,CONTRIBUTING
Correct,105,12284,20,4,4,4,4,4,0,0,0,4,4,0,1.0,CONTRIBUTING
Correct,106,2436,20,17,17,17,17,17,0,0,0,17,17,0,1.0,CONTRIBUTING
Correct,107,26352,20,10,10,10,10,10,0,0,0,10,10,0,1.0,CONTRIBUTING
Correct,108,21947,20,4,4,4,4,4,0,0,0,4,4,0,1.0,CONTRIBUTING
Correct,109,18047,20,10,10,10,10,10,0,0,0,10,10,0,1.0,CONTRIBUTING
Correct,110,7053,20,5,5,5,5,5,1,1,0,4,5,0,1.0,CONTRIBUTING
Correct,111,27869,20,20,20,20,20,20,1,0,1,19,19,1,0.95,CONTRIBUTING
Correct,112,15875,20,19,19,19,19,19,2,1,1,17,18,1,0.9473684210526315,CONTRIBUTING
Correct,113,1241,20,2,2,2,2,2,1,0,1,1,1,1,0.5,CONTRIBUTING
Correct,114,23090,20,0,0,0,0,0,0,0,0,0,0,0,,Z0_NO_VISIBLE_SAMPLED_SLOT
Correct,115,27381,20,10,10,10,10,10,1,1,0,9,10,0,1.0,CONTRIBUTING
Correct,116,15008,20,11,11,11,11,11,0,0,0,11,11,0,1.0,CONTRIBUTING
Correct,117,4037,20,2,2,2,2,2,0,0,0,2,2,0,1.0,CONTRIBUTING
Correct,118,14861,20,11,11,11,11,11,2,1,1,9,10,1,0.9090909090909091,CONTRIBUTING
Correct,119,6176,20,3,3,3,3,3,1,0,1,2,2,1,0.6666666666666666,CONTRIBUTING
Correct,120,24899,20,6,6,6,6,6,2,0,2,4,4,2,0.6666666666666666,CONTRIBUTING
Correct,121,21928,20,2,2,2,2,2,0,0,0,2,2,0,1.0,CONTRIBUTING
Correct,122,22118,20,12,12,12,12,12,10,0,10,2,2,10,0.16666666666666666,CONTRIBUTING
Correct,123,14066,20,2,2,2,2,2,0,0,0,2,2,0,1.0,CONTRIBUTING
Correct,124,8061,20,12,12,12,12,12,1,0,1,11,11,1,0.9166666666666666,CONTRIBUTING
Correct,125,12393,20,6,6,6,6,6,2,0,2,4,4,2,0.6666666666666666,CONTRIBUTING
Correct,126,14841,20,0,0,0,0,0,0,0,0,0,0,0,,Z0_NO_VISIBLE_SAMPLED_SLOT
Correct,127,13375,20,2,2,2,2,2,0,0,0,2,2,0,1.0,CONTRIBUTING
Correct,128,11406,20,18,18,18,18,18,0,0,0,18,18,0,1.0,CONTRIBUTING
Correct,129,8209,20,18,18,18,18,18,0,0,0,18,18,0,1.0,CONTRIBUTING
Correct,130,5047,20,6,6,6,6,6,0,0,0,6,6,0,1.0,CONTRIBUTING
Correct,131,5179,20,10,10,10,10,10,0,0,0,10,10,0,1.0,CONTRIBUTING
Correct,132,1649,20,0,0,0,0,0,0,0,0,0,0,0,,Z0_NO_VISIBLE_SAMPLED_SLOT
Correct,133,17001,20,4,4,4,4,4,0,0,0,4,4,0,1.0,CONTRIBUTING
Correct,134,2337,20,1,1,1,1,1,0,0,0,1,1,0,1.0,CONTRIBUTING
Correct,135,9948,20,20,20,20,20,20,0,0,0,20,20,0,1.0,CONTRIBUTING
Correct,136,24163,20,10,10,10,10,10,3,2,1,7,9,1,0.9,CONTRIBUTING
Correct,137,28001,20,7,7,7,7,7,1,0,1,6,6,1,0.8571428571428571,CONTRIBUTING
Correct,138,9472,20,5,5,5,5,5,0,0,0,5,5,0,1.0,CONTRIBUTING
Correct,139,23138,20,12,12,12,12,12,1,0,1,11,11,1,0.9166666666666666,CONTRIBUTING
Correct,140,13261,20,1,1,1,1,1,0,0,0,1,1,0,1.0,CONTRIBUTING
Correct,141,5174,20,7,7,7,7,7,1,0,1,6,6,1,0.8571428571428571,CONTRIBUTING
Correct,142,24153,20,2,2,2,2,2,0,0,0,2,2,0,1.0,CONTRIBUTING
Correct,143,26326,20,7,7,7,7,7,1,0,1,6,6,1,0.8571428571428571,CONTRIBUTING
Correct,144,9225,20,3,3,3,3,3,0,0,0,3,3,0,1.0,CONTRIBUTING
Correct,145,5110,20,2,2,2,2,2,0,0,0,2,2,0,1.0,CONTRIBUTING
Correct,146,10359,20,13,13,13,13,13,0,0,0,13,13,0,1.0,CONTRIBUTING
Correct,147,503,20,7,7,7,7,7,0,0,0,7,7,0,1.0,CONTRIBUTING
Correct,148,12388,20,7,7,7,7,7,0,0,0,7,7,0,1.0,CONTRIBUTING
Correct,149,11244,20,1,1,1,1,1,0,0,0,1,1,0,1.0,CONTRIBUTING
Correct,150,25731,20,4,4,4,4,4,1,0,1,3,3,1,0.75,CONTRIBUTING
Correct,151,15870,20,12,12,12,12,12,1,1,0,11,12,0,1.0,CONTRIBUTING
Correct,152,17909,20,0,0,0,0,0,0,0,0,0,0,0,,Z0_NO_VISIBLE_SAMPLED_SLOT
Correct,153,14055,20,6,6,6,6,6,1,0,1,5,5,1,0.8333333333333334,CONTRIBUTING
Correct,154,21932,20,8,8,8,8,8,2,0,2,6,6,2,0.75,CONTRIBUTING
Correct,155,10167,20,20,20,20,20,20,0,0,0,20,20,0,1.0,CONTRIBUTING
Correct,156,22231,20,16,16,16,16,16,3,1,2,13,14,2,0.875,CONTRIBUTING
Correct,157,20898,20,0,0,0,0,0,0,0,0,0,0,0,,Z0_NO_VISIBLE_SAMPLED_SLOT
Correct,158,11233,20,16,16,16,16,16,1,1,0,15,16,0,1.0,CONTRIBUTING
Correct,159,25746,20,1,1,1,1,1,0,0,0,1,1,0,1.0,CONTRIBUTING
Correct,160,27118,20,7,7,7,7,7,2,2,0,5,7,0,1.0,CONTRIBUTING
Correct,161,15796,20,3,3,3,3,3,1,1,0,2,3,0,1.0,CONTRIBUTING
Correct,162,19973,20,11,11,11,11,11,3,2,1,8,10,1,0.9090909090909091,CONTRIBUTING
Correct,163,12339,20,15,15,15,15,15,2,2,0,13,15,0,1.0,CONTRIBUTING
Correct,164,18003,20,2,2,2,2,2,0,0,0,2,2,0,1.0,CONTRIBUTING
Correct,165,6259,20,6,6,6,6,6,0,0,0,6,6,0,1.0,CONTRIBUTING
Correct,166,11204,20,20,20,20,20,20,0,0,0,20,20,0,1.0,CONTRIBUTING
Correct,167,27918,20,20,20,20,20,20,0,0,0,20,20,0,1.0,CONTRIBUTING
Correct,168,7033,20,2,2,2,2,2,1,1,0,1,2,0,1.0,CONTRIBUTING
Correct,169,20962,20,0,0,0,0,0,0,0,0,0,0,0,,Z0_NO_VISIBLE_SAMPLED_SLOT
Correct,170,23133,20,6,6,6,6,6,1,0,1,5,5,1,0.8333333333333334,CONTRIBUTING
Correct,171,9161,20,12,12,12,12,12,1,1,0,11,12,0,1.0,CONTRIBUTING
Correct,172,1704,20,2,2,2,2,2,0,0,0,2,2,0,1.0,CONTRIBUTING
Correct,173,14120,20,3,3,3,3,3,1,0,1,2,2,1,0.6666666666666666,CONTRIBUTING
Correct,174,15895,20,1,1,1,1,1,0,0,0,1,1,0,1.0,CONTRIBUTING
Correct,175,469,20,3,3,3,3,3,2,1,1,1,2,1,0.6666666666666666,CONTRIBUTING
Correct,176,2298,20,7,7,7,7,7,5,0,5,2,2,5,0.2857142857142857,CONTRIBUTING
Correct,177,3208,20,15,15,15,15,15,2,0,2,13,13,2,0.8666666666666667,CONTRIBUTING
Correct,178,2327,20,1,1,1,1,1,0,0,0,1,1,0,1.0,CONTRIBUTING
Correct,179,15826,20,13,13,13,13,13,0,0,0,13,13,0,1.0,CONTRIBUTING
Correct,180,19894,20,0,0,0,0,0,0,0,0,0,0,0,,Z0_NO_VISIBLE_SAMPLED_SLOT
Correct,181,25769,20,6,6,6,6,6,1,1,0,5,6,0,1.0,CONTRIBUTING
Correct,182,24870,20,1,1,1,1,1,0,0,0,1,1,0,1.0,CONTRIBUTING
Correct,183,8159,20,3,3,3,3,3,0,0,0,3,3,0,1.0,CONTRIBUTING
Correct,184,12280,20,3,3,3,3,3,1,0,1,2,2,1,0.6666666666666666,CONTRIBUTING
Correct,185,22095,20,9,9,9,9,9,0,0,0,9,9,0,1.0,CONTRIBUTING
Correct,186,7058,20,8,8,8,8,8,0,0,0,8,8,0,1.0,CONTRIBUTING
Correct,187,21913,20,20,20,20,20,20,0,0,0,20,20,0,1.0,CONTRIBUTING
Correct,188,14299,20,9,9,9,9,9,1,1,0,8,9,0,1.0,CONTRIBUTING
Correct,189,9428,20,6,6,6,6,6,3,2,1,3,5,1,0.8333333333333334,CONTRIBUTING
Correct,190,24952,20,10,10,10,10,10,1,0,1,9,9,1,0.9,CONTRIBUTING
Correct,191,23025,20,1,1,1,1,1,0,0,0,1,1,0,1.0,CONTRIBUTING
Correct,192,27818,20,8,8,8,8,8,1,0,1,7,7,1,0.875,CONTRIBUTING
Correct,193,13247,20,0,0,0,0,0,0,0,0,0,0,0,,Z0_NO_VISIBLE_SAMPLED_SLOT
Correct,194,26282,20,0,0,0,0,0,0,0,0,0,0,0,,Z0_NO_VISIBLE_SAMPLED_SLOT
Correct,195,12324,20,5,5,5,5,5,3,1,2,2,3,2,0.6,CONTRIBUTING
Correct,196,21967,20,1,1,1,1,1,1,0,1,0,0,1,0.0,Z3_HAS_CANDIDATES_BUT_ALWAYS_LOSES_COLLISION
Correct,197,17978,20,5,5,5,5,5,1,1,0,4,5,0,1.0,CONTRIBUTING
Correct,198,14027,20,0,0,0,0,0,0,0,0,0,0,0,,Z0_NO_VISIBLE_SAMPLED_SLOT
Correct,199,24123,20,8,8,8,8,8,0,0,0,8,8,0,1.0,CONTRIBUTING
Correct,200,15890,20,1,1,1,1,1,0,0,0,1,1,0,1.0,CONTRIBUTING
Correct,201,25846,20,13,13,13,13,13,2,1,1,11,12,1,0.9230769230769231,CONTRIBUTING
Correct,202,14945,20,8,8,8,8,8,0,0,0,8,8,0,1.0,CONTRIBUTING
Correct,203,464,20,14,14,14,14,14,1,1,0,13,14,0,1.0,CONTRIBUTING
Correct,204,7072,20,10,10,10,10,10,3,1,2,7,8,2,0.8,CONTRIBUTING
Correct,205,12241,20,20,20,20,20,20,0,0,0,20,20,0,1.0,CONTRIBUTING
Correct,206,7126,20,17,17,17,17,17,2,1,1,15,16,1,0.9411764705882353,CONTRIBUTING
Correct,207,6974,20,12,12,12,12,12,2,2,0,10,12,0,1.0,CONTRIBUTING
Correct,208,19944,20,17,17,17,17,17,4,2,2,13,15,2,0.8823529411764706,CONTRIBUTING
Correct,209,63,20,13,13,13,13,13,6,0,6,7,7,6,0.5384615384615384,CONTRIBUTING
Correct,210,4137,20,4,4,4,4,4,1,1,0,3,4,0,1.0,CONTRIBUTING
Correct,211,23069,20,1,1,1,1,1,0,0,0,1,1,0,1.0,CONTRIBUTING
Correct,212,1745,20,20,20,20,20,20,8,0,8,12,12,8,0.6,CONTRIBUTING
Correct,213,10295,20,0,0,0,0,0,0,0,0,0,0,0,,Z0_NO_VISIBLE_SAMPLED_SLOT
Correct,214,6219,20,13,13,13,13,13,2,2,0,11,13,0,1.0,CONTRIBUTING
Correct,215,24074,20,11,11,11,11,11,2,1,1,9,10,1,0.9090909090909091,CONTRIBUTING
Correct,216,10100,20,1,1,1,1,1,0,0,0,1,1,0,1.0,CONTRIBUTING
Correct,217,19114,20,5,5,5,5,5,1,1,0,4,5,0,1.0,CONTRIBUTING
Correct,218,18834,20,15,15,15,15,15,2,1,1,13,14,1,0.9333333333333333,CONTRIBUTING
Correct,219,3894,20,0,0,0,0,0,0,0,0,0,0,0,,Z0_NO_VISIBLE_SAMPLED_SLOT
Correct,220,7008,20,2,2,2,2,2,0,0,0,2,2,0,1.0,CONTRIBUTING
Correct,221,11430,20,0,0,0,0,0,0,0,0,0,0,0,,Z0_NO_VISIBLE_SAMPLED_SLOT
Correct,222,24986,20,5,5,5,5,5,0,0,0,5,5,0,1.0,CONTRIBUTING
Correct,223,22085,20,16,16,16,16,16,1,1,0,15,16,0,1.0,CONTRIBUTING
Correct,224,24880,20,2,2,2,2,2,0,0,0,2,2,0,1.0,CONTRIBUTING
Correct,225,6224,20,14,14,14,14,14,3,3,0,11,14,0,1.0,CONTRIBUTING
Correct,226,11228,20,16,16,16,16,16,0,0,0,16,16,0,1.0,CONTRIBUTING
Correct,227,27638,20,13,13,13,13,13,1,1,0,12,13,0,1.0,CONTRIBUTING
Correct,228,6096,20,19,19,19,19,19,4,1,3,15,16,3,0.8421052631578947,CONTRIBUTING
Correct,229,20860,20,12,12,12,12,12,0,0,0,12,12,0,1.0,CONTRIBUTING
Correct,230,14017,20,3,3,3,3,3,0,0,0,3,3,0,1.0,CONTRIBUTING
Correct,231,7451,20,2,2,2,2,2,0,0,0,2,2,0,1.0,CONTRIBUTING
Correct,232,9403,20,0,0,0,0,0,0,0,0,0,0,0,,Z0_NO_VISIBLE_SAMPLED_SLOT
Correct,233,18784,20,8,8,8,8,8,1,0,1,7,7,1,0.875,CONTRIBUTING
Correct,234,3175,20,0,0,0,0,0,0,0,0,0,0,0,,Z0_NO_VISIBLE_SAMPLED_SLOT
Correct,235,17045,20,19,19,19,19,19,7,3,4,12,15,4,0.7894736842105263,CONTRIBUTING
Correct,236,9117,20,0,0,0,0,0,0,0,0,0,0,0,,Z0_NO_VISIBLE_SAMPLED_SLOT
Correct,237,2081,20,4,4,4,4,4,2,0,2,2,2,2,0.5,CONTRIBUTING
Correct,238,14989,20,15,15,15,15,15,3,0,3,12,12,3,0.8,CONTRIBUTING
Correct,239,20854,20,14,14,14,14,14,0,0,0,14,14,0,1.0,CONTRIBUTING
Correct,240,26321,20,14,14,14,14,14,3,1,2,11,12,2,0.8571428571428571,CONTRIBUTING
Correct,241,25659,20,8,8,8,8,8,0,0,0,8,8,0,1.0,CONTRIBUTING
Correct,242,26534,20,3,3,3,3,3,0,0,0,3,3,0,1.0,CONTRIBUTING
Correct,243,1245,20,13,13,13,13,13,3,0,3,10,10,3,0.7692307692307693,CONTRIBUTING
Correct,244,847,20,20,20,20,20,20,1,1,0,19,20,0,1.0,CONTRIBUTING
Correct,245,17899,20,10,10,10,10,10,1,1,0,9,10,0,1.0,CONTRIBUTING
Correct,246,22055,20,4,4,4,4,4,1,1,0,3,4,0,1.0,CONTRIBUTING
Correct,247,13243,20,18,18,18,18,18,4,4,0,14,18,0,1.0,CONTRIBUTING
Correct,248,18032,20,0,0,0,0,0,0,0,0,0,0,0,,Z0_NO_VISIBLE_SAMPLED_SLOT
Correct,249,17973,20,1,1,1,1,1,0,0,0,1,1,0,1.0,CONTRIBUTING
Correct,250,3303,20,19,19,19,19,19,3,0,3,16,16,3,0.8421052631578947,CONTRIBUTING
Correct,251,12124,20,3,3,3,3,3,1,1,0,2,3,0,1.0,CONTRIBUTING
Correct,252,7062,20,3,3,3,3,3,0,0,0,3,3,0,1.0,CONTRIBUTING
Correct,253,27093,20,17,17,17,17,17,0,0,0,17,17,0,1.0,CONTRIBUTING
Correct,254,6244,20,10,10,10,10,10,0,0,0,10,10,0,1.0,CONTRIBUTING
Correct,255,23991,20,4,4,4,4,4,2,0,2,2,2,2,0.5,CONTRIBUTING
Correct,256,12413,20,11,11,11,11,11,1,1,0,10,11,0,1.0,CONTRIBUTING
Correct,257,24006,20,5,5,5,5,5,1,0,1,4,4,1,0.8,CONTRIBUTING
Correct,258,238,20,7,7,7,7,7,1,1,0,6,7,0,1.0,CONTRIBUTING
Correct,259,27900,20,20,20,20,20,20,0,0,0,20,20,0,1.0,CONTRIBUTING
Correct,260,8154,20,7,7,7,7,7,1,0,1,6,6,1,0.8571428571428571,CONTRIBUTING
Correct,261,14001,20,6,6,6,6,6,1,0,1,5,5,1,0.8333333333333334,CONTRIBUTING
Correct,262,18808,20,1,1,1,1,1,0,0,0,1,1,0,1.0,CONTRIBUTING
Correct,263,14984,20,15,15,15,15,15,2,0,2,13,13,2,0.8666666666666667,CONTRIBUTING
Correct,264,1665,20,0,0,0,0,0,0,0,0,0,0,0,,Z0_NO_VISIBLE_SAMPLED_SLOT
Correct,265,21026,20,13,13,13,13,13,2,1,1,11,12,1,0.9230769230769231,CONTRIBUTING
Correct,266,22002,20,9,9,9,9,9,1,0,1,8,8,1,0.8888888888888888,CONTRIBUTING
Correct,267,7043,20,1,1,1,1,1,0,0,0,1,1,0,1.0,CONTRIBUTING
Correct,268,14100,20,0,0,0,0,0,0,0,0,0,0,0,,Z0_NO_VISIBLE_SAMPLED_SLOT
Correct,269,1694,20,4,4,4,4,4,2,0,2,2,2,2,0.5,CONTRIBUTING
Correct,270,9166,20,6,6,6,6,6,0,0,0,6,6,0,1.0,CONTRIBUTING
Correct,271,18790,20,3,3,3,3,3,0,0,0,3,3,0,1.0,CONTRIBUTING
Correct,272,18862,20,7,7,7,7,7,2,2,0,5,7,0,1.0,CONTRIBUTING
Correct,273,24143,20,4,4,4,4,4,0,0,0,4,4,0,1.0,CONTRIBUTING
Correct,274,25011,20,16,16,16,16,16,0,0,0,16,16,0,1.0,CONTRIBUTING
Correct,275,22007,20,6,6,6,6,6,2,2,0,4,6,0,1.0,CONTRIBUTING
Correct,276,27127,20,13,13,13,13,13,0,0,0,13,13,0,1.0,CONTRIBUTING
Correct,277,17958,20,20,20,20,20,20,2,2,0,18,20,0,1.0,CONTRIBUTING
Correct,278,8100,20,0,0,0,0,0,0,0,0,0,0,0,,Z0_NO_VISIBLE_SAMPLED_SLOT
Correct,279,259,20,20,20,20,20,20,10,2,8,10,12,8,0.6,CONTRIBUTING
Correct,280,14925,20,1,1,1,1,1,1,1,0,0,1,0,1.0,CONTRIBUTING
Correct,281,8145,20,4,4,4,4,4,0,0,0,4,4,0,1.0,CONTRIBUTING
Correct,282,4190,20,16,16,16,16,16,3,1,2,13,14,2,0.875,CONTRIBUTING
Correct,283,4107,20,6,6,6,6,6,0,0,0,6,6,0,1.0,CONTRIBUTING
Correct,284,7048,20,2,2,2,2,2,0,0,0,2,2,0,1.0,CONTRIBUTING
Correct,285,479,20,1,1,1,1,1,0,0,0,1,1,0,1.0,CONTRIBUTING
Correct,286,13459,20,1,1,1,1,1,0,0,0,1,1,0,1.0,CONTRIBUTING
Correct,287,16957,20,4,4,4,4,4,0,0,0,4,4,0,1.0,CONTRIBUTING
Correct,288,14437,20,4,4,4,4,4,1,0,1,3,3,1,0.75,CONTRIBUTING
Correct,289,18754,20,2,2,2,2,2,1,0,1,1,1,1,0.5,CONTRIBUTING
Correct,290,1674,20,0,0,0,0,0,0,0,0,0,0,0,,Z0_NO_VISIBLE_SAMPLED_SLOT
Correct,291,3131,20,18,18,18,18,18,0,0,0,18,18,0,1.0,CONTRIBUTING
Correct,292,4127,20,18,18,18,18,18,0,0,0,18,18,0,1.0,CONTRIBUTING
Correct,293,10193,20,19,19,19,19,19,5,0,5,14,14,5,0.7368421052631579,CONTRIBUTING
Correct,294,13355,20,7,7,7,7,7,1,0,1,6,6,1,0.8571428571428571,CONTRIBUTING
Correct,295,2318,20,0,0,0,0,0,0,0,0,0,0,0,,Z0_NO_VISIBLE_SAMPLED_SLOT
Correct,296,1733,20,13,13,13,13,13,2,2,0,11,13,0,1.0,CONTRIBUTING
Correct,297,21962,20,1,1,1,1,1,0,0,0,1,1,0,1.0,CONTRIBUTING
Correct,298,28051,20,20,20,20,20,20,0,0,0,20,20,0,1.0,CONTRIBUTING
Correct,299,9087,20,20,20,20,20,20,0,0,0,20,20,0,1.0,CONTRIBUTING
Correct,300,7185,20,3,3,3,3,3,1,1,0,2,3,0,1.0,CONTRIBUTING
Correct,301,11283,20,13,13,13,13,13,1,0,1,12,12,1,0.9230769230769231,CONTRIBUTING
Correct,302,14940,20,12,12,12,12,12,0,0,0,12,12,0,1.0,CONTRIBUTING
Correct,303,18897,20,7,7,7,7,7,0,0,0,7,7,0,1.0,CONTRIBUTING
Correct,304,11214,20,2,2,2,2,2,0,0,0,2,2,0,1.0,CONTRIBUTING
Correct,305,2362,20,1,1,1,1,1,0,0,0,1,1,0,1.0,CONTRIBUTING
Correct,306,16888,20,4,4,4,4,4,0,0,0,4,4,0,1.0,CONTRIBUTING
Correct,307,8016,20,12,12,12,12,12,5,5,0,7,12,0,1.0,CONTRIBUTING
Correct,308,3254,20,18,18,18,18,18,3,1,2,15,16,2,0.8888888888888888,CONTRIBUTING
Correct,309,25799,20,7,7,7,7,7,0,0,0,7,7,0,1.0,CONTRIBUTING
Correct,310,19565,20,20,20,20,20,20,2,0,2,18,18,2,0.9,CONTRIBUTING
Correct,311,13301,20,11,11,11,11,11,1,0,1,10,10,1,0.9090909090909091,CONTRIBUTING
Correct,312,19978,20,2,2,2,2,2,0,0,0,2,2,0,1.0,CONTRIBUTING
Correct,313,9239,20,4,4,4,4,4,0,0,0,4,4,0,1.0,CONTRIBUTING
Correct,314,20849,20,20,20,20,20,20,0,0,0,20,20,0,1.0,CONTRIBUTING
Correct,315,15924,20,0,0,0,0,0,0,0,0,0,0,0,,Z0_NO_VISIBLE_SAMPLED_SLOT
Correct,316,7997,20,20,20,20,20,20,0,0,0,20,20,0,1.0,CONTRIBUTING
Correct,317,18818,20,1,1,1,1,1,0,0,0,1,1,0,1.0,CONTRIBUTING
Correct,318,23108,20,7,7,7,7,7,1,0,1,6,6,1,0.8571428571428571,CONTRIBUTING
Correct,319,473,20,2,2,2,2,2,1,1,0,1,2,0,1.0,CONTRIBUTING
Correct,320,2557,20,20,20,20,20,20,1,1,0,19,20,0,1.0,CONTRIBUTING
Correct,321,2332,20,1,1,1,1,1,0,0,0,1,1,0,1.0,CONTRIBUTING
Correct,322,6998,20,2,2,2,2,2,1,0,1,1,1,1,0.5,CONTRIBUTING
Correct,323,27137,20,10,10,10,10,10,1,1,0,9,10,0,1.0,CONTRIBUTING
Correct,324,20996,20,17,17,17,17,17,5,0,5,12,12,5,0.7058823529411765,CONTRIBUTING
Correct,325,25836,20,6,6,6,6,6,0,0,0,6,6,0,1.0,CONTRIBUTING
Correct,326,22985,20,0,0,0,0,0,0,0,0,0,0,0,,Z0_NO_VISIBLE_SAMPLED_SLOT
Correct,327,11209,20,20,20,20,20,20,0,0,0,20,20,0,1.0,CONTRIBUTING
Correct,328,18857,20,0,0,0,0,0,0,0,0,0,0,0,,Z0_NO_VISIBLE_SAMPLED_SLOT
Correct,329,12290,20,0,0,0,0,0,0,0,0,0,0,0,,Z0_NO_VISIBLE_SAMPLED_SLOT
Correct,330,9279,20,10,10,10,10,10,1,0,1,9,9,1,0.9,CONTRIBUTING
Correct,331,108,20,17,17,17,17,17,3,2,1,14,16,1,0.9411764705882353,CONTRIBUTING
Correct,332,27737,20,1,1,1,1,1,0,0,0,1,1,0,1.0,CONTRIBUTING
Correct,333,24016,20,14,14,14,14,14,2,2,0,12,14,0,1.0,CONTRIBUTING
Correct,334,14993,20,16,16,16,16,16,3,2,1,13,15,1,0.9375,CONTRIBUTING
Correct,335,26361,20,9,9,9,9,9,0,0,0,9,9,0,1.0,CONTRIBUTING
Correct,336,24699,20,10,10,10,10,10,1,0,1,9,9,1,0.9,CONTRIBUTING
Correct,337,18290,20,12,12,12,12,12,5,1,4,7,8,4,0.6666666666666666,CONTRIBUTING
Correct,338,24050,20,7,7,7,7,7,3,0,3,4,4,3,0.5714285714285714,CONTRIBUTING
Correct,339,11254,20,1,1,1,1,1,0,0,0,1,1,0,1.0,CONTRIBUTING
Correct,340,27532,20,3,3,3,3,3,1,0,1,2,2,1,0.6666666666666666,CONTRIBUTING
Correct,341,21056,20,5,5,5,5,5,3,3,0,2,5,0,1.0,CONTRIBUTING
Correct,342,23986,20,0,0,0,0,0,0,0,0,0,0,0,,Z0_NO_VISIBLE_SAMPLED_SLOT
Correct,343,20928,20,4,4,4,4,4,2,0,2,2,2,2,0.5,CONTRIBUTING
Correct,344,21136,20,2,2,2,2,2,0,0,0,2,2,0,1.0,CONTRIBUTING
Correct,345,16918,20,5,5,5,5,5,1,1,0,4,5,0,1.0,CONTRIBUTING
Correct,346,4176,20,10,10,10,10,10,0,0,0,10,10,0,1.0,CONTRIBUTING
Correct,347,27147,20,11,11,11,11,11,1,0,1,10,10,1,0.9090909090909091,CONTRIBUTING
Correct,348,6116,20,11,11,11,11,11,2,0,2,9,9,2,0.8181818181818182,CONTRIBUTING
Correct,349,7028,20,0,0,0,0,0,0,0,0,0,0,0,,Z0_NO_VISIBLE_SAMPLED_SLOT
Correct,350,13087,20,1,1,1,1,1,0,0,0,1,1,0,1.0,CONTRIBUTING
Correct,351,25856,20,20,20,20,20,20,2,1,1,18,19,1,0.95,CONTRIBUTING
Correct,352,17919,20,6,6,6,6,6,0,0,0,6,6,0,1.0,CONTRIBUTING
Correct,353,5210,20,20,20,20,20,20,0,0,0,20,20,0,1.0,CONTRIBUTING
Correct,354,11263,20,1,1,1,1,1,1,0,1,0,0,1,0.0,Z3_HAS_CANDIDATES_BUT_ALWAYS_LOSES_COLLISION
Correct,355,26360,20,9,9,9,9,9,1,0,1,8,8,1,0.8888888888888888,CONTRIBUTING
Correct,356,13393,20,15,15,15,15,15,5,0,5,10,10,5,0.6666666666666666,CONTRIBUTING
Correct,357,25002,20,11,11,11,11,11,5,4,1,6,10,1,0.9090909090909091,CONTRIBUTING
Correct,358,5105,20,4,4,4,4,4,0,0,0,4,4,0,1.0,CONTRIBUTING
Correct,359,19820,20,7,7,7,7,7,1,0,1,6,6,1,0.8571428571428571,CONTRIBUTING
Correct,360,18774,20,3,3,3,3,3,3,1,2,0,1,2,0.3333333333333333,CONTRIBUTING
Correct,361,17924,20,0,0,0,0,0,0,0,0,0,0,0,,Z0_NO_VISIBLE_SAMPLED_SLOT
Correct,362,8037,20,1,1,1,1,1,0,0,0,1,1,0,1.0,CONTRIBUTING
Correct,363,3279,20,8,8,8,8,8,1,1,0,7,8,0,1.0,CONTRIBUTING
Correct,364,1221,20,1,1,1,1,1,1,1,0,0,1,0,1.0,CONTRIBUTING
Correct,365,12456,20,0,0,0,0,0,0,0,0,0,0,0,,Z0_NO_VISIBLE_SAMPLED_SLOT
Correct,366,5057,20,1,1,1,1,1,0,0,0,1,1,0,1.0,CONTRIBUTING
Correct,367,19904,20,10,10,10,10,10,1,0,1,9,9,1,0.9,CONTRIBUTING
Correct,368,2303,20,0,0,0,0,0,0,0,0,0,0,0,,Z0_NO_VISIBLE_SAMPLED_SLOT
Correct,369,3250,20,16,16,16,16,16,3,2,1,13,15,1,0.9375,CONTRIBUTING
Correct,370,16667,20,7,7,7,7,7,1,0,1,6,6,1,0.8571428571428571,CONTRIBUTING
Correct,371,7092,20,6,6,6,6,6,1,0,1,5,5,1,0.8333333333333334,CONTRIBUTING
Correct,372,10231,20,2,2,2,2,2,0,0,0,2,2,0,1.0,CONTRIBUTING
Correct,373,20874,20,0,0,0,0,0,0,0,0,0,0,0,,Z0_NO_VISIBLE_SAMPLED_SLOT
Correct,374,13083,20,4,4,4,4,4,0,0,0,4,4,0,1.0,CONTRIBUTING
Correct,375,1718,20,8,8,8,8,8,0,0,0,8,8,0,1.0,CONTRIBUTING
Correct,376,1236,20,8,8,8,8,8,0,0,0,8,8,0,1.0,CONTRIBUTING
Correct,377,13341,20,8,8,8,8,8,0,0,0,8,8,0,1.0,CONTRIBUTING
Correct,378,12300,20,2,2,2,2,2,0,0,0,2,2,0,1.0,CONTRIBUTING
Correct,379,13858,20,2,2,2,2,2,1,0,1,1,1,1,0.5,CONTRIBUTING
Correct,380,5159,20,3,3,3,3,3,0,0,0,3,3,0,1.0,CONTRIBUTING
Correct,381,23661,20,8,8,8,8,8,5,0,5,3,3,5,0.375,CONTRIBUTING
Correct,382,27098,20,0,0,0,0,0,0,0,0,0,0,0,,Z0_NO_VISIBLE_SAMPLED_SLOT
Correct,383,4833,20,19,19,19,19,19,4,4,0,15,19,0,1.0,CONTRIBUTING
Correct,384,4171,20,15,15,15,15,15,1,1,0,14,15,0,1.0,CONTRIBUTING
Correct,385,16003,20,5,5,5,5,5,0,0,0,5,5,0,1.0,CONTRIBUTING
Correct,386,11391,20,8,8,8,8,8,1,0,1,7,7,1,0.875,CONTRIBUTING
Correct,387,17040,20,10,10,10,10,10,0,0,0,10,10,0,1.0,CONTRIBUTING
Correct,388,7117,20,18,18,18,18,18,1,0,1,17,17,1,0.9444444444444444,CONTRIBUTING
Correct,389,10313,20,5,5,5,5,5,0,0,0,5,5,0,1.0,CONTRIBUTING
Correct,390,2390,20,15,15,15,15,15,1,1,0,14,15,0,1.0,CONTRIBUTING
Correct,391,234,20,8,8,8,8,8,4,3,1,4,7,1,0.875,CONTRIBUTING
Correct,392,24166,20,14,14,14,14,14,3,1,2,11,12,2,0.8571428571428571,CONTRIBUTING
Correct,393,2323,20,2,2,2,2,2,0,0,0,2,2,0,1.0,CONTRIBUTING
Correct,394,27723,20,20,20,20,20,20,3,0,3,17,17,3,0.85,CONTRIBUTING
Correct,395,17963,20,2,2,2,2,2,0,0,0,2,2,0,1.0,CONTRIBUTING
Correct,396,44,20,20,20,20,20,20,5,4,1,15,19,1,0.95,CONTRIBUTING
Correct,397,16721,20,3,3,3,3,3,1,0,1,2,2,1,0.6666666666666666,CONTRIBUTING
Correct,398,8413,20,9,9,9,9,9,0,0,0,9,9,0,1.0,CONTRIBUTING
Correct,399,20893,20,2,2,2,2,2,1,0,1,1,1,1,0.5,CONTRIBUTING
Correct,400,17854,20,1,1,1,1,1,1,1,0,0,1,0,1.0,CONTRIBUTING
Correct,401,26753,20,13,13,13,13,13,0,0,0,13,13,0,1.0,CONTRIBUTING
Correct,402,7004,20,0,0,0,0,0,0,0,0,0,0,0,,Z0_NO_VISIBLE_SAMPLED_SLOT
Correct,403,4087,20,0,0,0,0,0,0,0,0,0,0,0,,Z0_NO_VISIBLE_SAMPLED_SLOT
Correct,404,768,20,9,9,9,9,9,1,0,1,8,8,1,0.8888888888888888,CONTRIBUTING
Correct,405,16883,20,6,6,6,6,6,0,0,0,6,6,0,1.0,CONTRIBUTING
Correct,406,17874,20,20,20,20,20,20,0,0,0,20,20,0,1.0,CONTRIBUTING
Correct,407,18951,20,10,10,10,10,10,2,2,0,8,10,0,1.0,CONTRIBUTING
Correct,408,5140,20,16,16,16,16,16,0,0,0,16,16,0,1.0,CONTRIBUTING
Correct,409,26346,20,10,10,10,10,10,0,0,0,10,10,0,1.0,CONTRIBUTING
Correct,410,26176,20,9,9,9,9,9,1,0,1,8,8,1,0.8888888888888888,CONTRIBUTING
Correct,411,25669,20,8,8,8,8,8,2,0,2,6,6,2,0.75,CONTRIBUTING
Correct,412,22060,20,5,5,5,5,5,1,1,0,4,5,0,1.0,CONTRIBUTING
Correct,413,9131,20,0,0,0,0,0,0,0,0,0,0,0,,Z0_NO_VISIBLE_SAMPLED_SLOT
Correct,414,25026,20,9,9,9,9,9,0,0,0,9,9,0,1.0,CONTRIBUTING
Correct,415,12319,20,0,0,0,0,0,0,0,0,0,0,0,,Z0_NO_VISIBLE_SAMPLED_SLOT
Correct,416,16967,20,2,2,2,2,2,0,0,0,2,2,0,1.0,CONTRIBUTING
Correct,417,7022,20,0,0,0,0,0,0,0,0,0,0,0,,Z0_NO_VISIBLE_SAMPLED_SLOT
Correct,418,12916,20,0,0,0,0,0,0,0,0,0,0,0,,Z0_NO_VISIBLE_SAMPLED_SLOT
Correct,419,9137,20,1,1,1,1,1,0,0,0,1,1,0,1.0,CONTRIBUTING
Correct,420,14216,20,2,2,2,2,2,2,0,2,0,0,2,0.0,Z3_HAS_CANDIDATES_BUT_ALWAYS_LOSES_COLLISION
Correct,421,23123,20,14,14,14,14,14,5,1,4,9,10,4,0.7142857142857143,CONTRIBUTING
Correct,422,14886,20,4,4,4,4,4,0,0,0,4,4,0,1.0,CONTRIBUTING
Correct,423,21972,20,6,6,6,6,6,1,0,1,5,5,1,0.8333333333333334,CONTRIBUTING
Correct,424,16986,20,3,3,3,3,3,0,0,0,3,3,0,1.0,CONTRIBUTING
Correct,425,18917,20,20,20,20,20,20,7,6,1,13,19,1,0.95,CONTRIBUTING
Correct,426,27397,20,3,3,3,3,3,0,0,0,3,3,0,1.0,CONTRIBUTING
Correct,427,6136,20,0,0,0,0,0,0,0,0,0,0,0,,Z0_NO_VISIBLE_SAMPLED_SLOT
Correct,428,10324,20,6,6,6,6,6,0,0,0,6,6,0,1.0,CONTRIBUTING
Correct,429,26783,20,1,1,1,1,1,0,0,0,1,1,0,1.0,CONTRIBUTING
Correct,430,9234,20,7,7,7,7,7,0,0,0,7,7,0,1.0,CONTRIBUTING
Correct,431,25016,20,13,13,13,13,13,1,0,1,12,12,1,0.9230769230769231,CONTRIBUTING
Correct,432,17011,20,14,14,14,14,14,3,2,1,11,13,1,0.9285714285714286,CONTRIBUTING
Correct,433,14110,20,3,3,3,3,3,1,0,1,2,2,1,0.6666666666666666,CONTRIBUTING
Correct,434,20104,20,5,5,5,5,5,0,0,0,5,5,0,1.0,CONTRIBUTING
Correct,435,18734,20,10,10,10,10,10,1,0,1,9,9,1,0.9,CONTRIBUTING
Correct,436,21060,20,18,18,18,18,18,4,1,3,14,15,3,0.8333333333333334,CONTRIBUTING
Correct,437,797,20,12,12,12,12,12,3,2,1,9,11,1,0.9166666666666666,CONTRIBUTING
Correct,438,24064,20,5,5,5,5,5,2,0,2,3,3,2,0.6,CONTRIBUTING
Correct,439,19968,20,4,4,4,4,4,0,0,0,4,4,0,1.0,CONTRIBUTING
Correct,440,23977,20,13,13,13,13,13,0,0,0,13,13,0,1.0,CONTRIBUTING
Correct,441,12369,20,3,3,3,3,3,0,0,0,3,3,0,1.0,CONTRIBUTING
Correct,442,24021,20,20,20,20,20,20,2,2,0,18,20,0,1.0,CONTRIBUTING
Correct,443,8392,20,7,7,7,7,7,1,1,0,6,7,0,1.0,CONTRIBUTING
Correct,444,20163,20,4,4,4,4,4,1,0,1,3,3,1,0.75,CONTRIBUTING
Correct,445,22958,20,15,15,15,15,15,0,0,0,15,15,0,1.0,CONTRIBUTING
Correct,446,6939,20,0,0,0,0,0,0,0,0,0,0,0,,Z0_NO_VISIBLE_SAMPLED_SLOT
Correct,447,27727,20,10,10,10,10,10,5,4,1,5,9,1,0.9,CONTRIBUTING
Correct,448,8051,20,0,0,0,0,0,0,0,0,0,0,0,,Z0_NO_VISIBLE_SAMPLED_SLOT
Correct,449,6180,20,0,0,0,0,0,0,0,0,0,0,0,,Z0_NO_VISIBLE_SAMPLED_SLOT
Correct,450,1683,20,1,1,1,1,1,0,0,0,1,1,0,1.0,CONTRIBUTING
Correct,451,23143,20,14,14,14,14,14,1,1,0,13,14,0,1.0,CONTRIBUTING
Correct,452,13322,20,15,15,15,15,15,1,1,0,14,15,0,1.0,CONTRIBUTING
Correct,453,23099,20,15,15,15,15,15,1,1,0,14,15,0,1.0,CONTRIBUTING
Correct,454,8080,20,11,11,11,11,11,4,3,1,7,10,1,0.9090909090909091,CONTRIBUTING
Correct,455,16996,20,13,13,13,13,13,6,2,4,7,9,4,0.6923076923076923,CONTRIBUTING
Correct,456,14866,20,1,1,1,1,1,0,0,0,1,1,0,1.0,CONTRIBUTING
Correct,457,4886,20,1,1,1,1,1,0,0,0,1,1,0,1.0,CONTRIBUTING
Correct,458,11509,20,2,2,2,2,2,1,0,1,1,1,1,0.5,CONTRIBUTING
Correct,459,10255,20,1,1,1,1,1,0,0,0,1,1,0,1.0,CONTRIBUTING
Correct,460,5007,20,20,20,20,20,20,0,0,0,20,20,0,1.0,CONTRIBUTING
Correct,461,13312,20,9,9,9,9,9,0,0,0,9,9,0,1.0,CONTRIBUTING
Correct,462,16843,20,18,18,18,18,18,1,0,1,17,17,1,0.9444444444444444,CONTRIBUTING
Correct,463,23035,20,7,7,7,7,7,2,2,0,5,7,0,1.0,CONTRIBUTING
Correct,464,14998,20,20,20,20,20,20,2,2,0,18,20,0,1.0,CONTRIBUTING
Correct,465,18072,20,14,14,14,14,14,5,2,3,9,11,3,0.7857142857142857,CONTRIBUTING
Correct,466,25006,20,7,7,7,7,7,2,1,1,5,6,1,0.8571428571428571,CONTRIBUTING
Correct,467,27156,20,12,12,12,12,12,2,1,1,10,11,1,0.9166666666666666,CONTRIBUTING
Correct,468,5018,20,4,4,4,4,4,0,0,0,4,4,0,1.0,CONTRIBUTING
Correct,469,25487,20,19,19,19,19,19,1,0,1,18,18,1,0.9473684210526315,CONTRIBUTING
Correct,470,4023,20,20,20,20,20,20,0,0,0,20,20,0,1.0,CONTRIBUTING
Correct,471,18804,20,2,2,2,2,2,0,0,0,2,2,0,1.0,CONTRIBUTING
Correct,472,5878,20,0,0,0,0,0,0,0,0,0,0,0,,Z0_NO_VISIBLE_SAMPLED_SLOT
Correct,473,22046,20,0,0,0,0,0,0,0,0,0,0,0,,Z0_NO_VISIBLE_SAMPLED_SLOT
Correct,474,14827,20,0,0,0,0,0,0,0,0,0,0,0,,Z0_NO_VISIBLE_SAMPLED_SLOT
Correct,475,24026,20,8,8,8,8,8,3,2,1,5,7,1,0.875,CONTRIBUTING
Correct,476,8302,20,14,14,14,14,14,4,1,3,10,11,3,0.7857142857142857,CONTRIBUTING
Correct,477,22031,20,14,14,14,14,14,0,0,0,14,14,0,1.0,CONTRIBUTING
Correct,478,242,20,1,1,1,1,1,0,0,0,1,1,0,1.0,CONTRIBUTING
Correct,479,4141,20,14,14,14,14,14,2,1,1,12,13,1,0.9285714285714286,CONTRIBUTING
Correct,480,10202,20,1,1,1,1,1,0,0,0,1,1,0,1.0,CONTRIBUTING
Correct,481,22990,20,0,0,0,0,0,0,0,0,0,0,0,,Z0_NO_VISIBLE_SAMPLED_SLOT
Correct,482,20907,20,4,4,4,4,4,0,0,0,4,4,0,1.0,CONTRIBUTING
Correct,483,26274,20,3,3,3,3,3,0,0,0,3,3,0,1.0,CONTRIBUTING
Correct,484,14086,20,1,1,1,1,1,0,0,0,1,1,0,1.0,CONTRIBUTING
Correct,485,1618,20,0,0,0,0,0,0,0,0,0,0,0,,Z0_NO_VISIBLE_SAMPLED_SLOT
Correct,486,20888,20,14,14,14,14,14,1,1,0,13,14,0,1.0,CONTRIBUTING
Correct,487,15909,20,2,2,2,2,2,1,1,0,1,2,0,1.0,CONTRIBUTING
Correct,488,9249,20,11,11,11,11,11,7,5,2,4,9,2,0.8181818181818182,CONTRIBUTING
Correct,489,13253,20,15,15,15,15,15,1,1,0,14,15,0,1.0,CONTRIBUTING
Correct,490,1550,20,4,4,4,4,4,1,0,1,3,3,1,0.75,CONTRIBUTING
Correct,491,25716,20,0,0,0,0,0,0,0,0,0,0,0,,Z0_NO_VISIBLE_SAMPLED_SLOT
Correct,492,827,20,16,16,16,16,16,8,3,5,8,11,5,0.6875,CONTRIBUTING
Correct,493,14032,20,1,1,1,1,1,0,0,0,1,1,0,1.0,CONTRIBUTING
Correct,494,22980,20,0,0,0,0,0,0,0,0,0,0,0,,Z0_NO_VISIBLE_SAMPLED_SLOT
Correct,495,25750,20,10,10,10,10,10,6,0,6,4,4,6,0.4,CONTRIBUTING
Correct,496,18749,20,11,11,11,11,11,0,0,0,11,11,0,1.0,CONTRIBUTING
Correct,497,26714,20,0,0,0,0,0,0,0,0,0,0,0,,Z0_NO_VISIBLE_SAMPLED_SLOT
Correct,498,10246,20,16,16,16,16,16,2,2,0,14,16,0,1.0,CONTRIBUTING
Correct,499,508,20,16,16,16,16,16,2,0,2,14,14,2,0.875,CONTRIBUTING
Correct,500,3298,20,14,14,14,14,14,5,5,0,9,14,0,1.0,CONTRIBUTING
Correct,501,788,20,17,17,17,17,17,0,0,0,17,17,0,1.0,CONTRIBUTING
Correct,502,12433,20,17,17,17,17,17,4,3,1,13,16,1,0.9411764705882353,CONTRIBUTING
Correct,503,1645,20,20,20,20,20,20,0,0,0,20,20,0,1.0,CONTRIBUTING
Correct,504,13317,20,10,10,10,10,10,3,1,2,7,8,2,0.8,CONTRIBUTING
Correct,505,25789,20,9,9,9,9,9,0,0,0,9,9,0,1.0,CONTRIBUTING
Correct,506,112,20,18,18,18,18,18,6,5,1,12,17,1,0.9444444444444444,CONTRIBUTING
Correct,507,1121,20,12,12,12,12,12,2,2,0,10,12,0,1.0,CONTRIBUTING
Correct,508,15983,20,10,10,10,10,10,2,2,0,8,10,0,1.0,CONTRIBUTING
Correct,509,9389,20,8,8,8,8,8,2,2,0,6,8,0,1.0,CONTRIBUTING
Correct,510,520,20,15,15,15,15,15,5,2,3,10,12,3,0.8,CONTRIBUTING
Correct,511,13360,20,7,7,7,7,7,2,0,2,5,5,2,0.7142857142857143,CONTRIBUTING
Correct,512,10290,20,6,6,6,6,6,2,0,2,4,4,2,0.6666666666666666,CONTRIBUTING
Correct,513,22105,20,0,0,0,0,0,0,0,0,0,0,0,,Z0_NO_VISIBLE_SAMPLED_SLOT
Correct,514,15806,20,5,5,5,5,5,0,0,0,5,5,0,1.0,CONTRIBUTING
Correct,515,2867,20,0,0,0,0,0,0,0,0,0,0,0,,Z0_NO_VISIBLE_SAMPLED_SLOT
Correct,516,5072,20,2,2,2,2,2,1,0,1,1,1,1,0.5,CONTRIBUTING
Correct,517,5184,20,10,10,10,10,10,0,0,0,10,10,0,1.0,CONTRIBUTING
Correct,518,26778,20,0,0,0,0,0,0,0,0,0,0,0,,Z0_NO_VISIBLE_SAMPLED_SLOT
Correct,519,12438,20,14,14,14,14,14,4,3,1,10,13,1,0.9285714285714286,CONTRIBUTING
Correct,520,5208,20,12,12,12,12,12,0,0,0,12,12,0,1.0,CONTRIBUTING
Correct,521,26733,20,20,20,20,20,20,4,2,2,16,18,2,0.9,CONTRIBUTING
Correct,522,5100,20,0,0,0,0,0,0,0,0,0,0,0,,Z0_NO_VISIBLE_SAMPLED_SLOT
Correct,523,19815,20,2,2,2,2,2,2,2,0,0,2,0,1.0,CONTRIBUTING
Correct,524,3141,20,20,20,20,20,20,5,5,0,15,20,0,1.0,CONTRIBUTING
Correct,525,16903,20,8,8,8,8,8,0,0,0,8,8,0,1.0,CONTRIBUTING
Correct,526,9180,20,1,1,1,1,1,0,0,0,1,1,0,1.0,CONTRIBUTING
Correct,527,5744,20,2,2,2,2,2,0,0,0,2,2,0,1.0,CONTRIBUTING
Correct,528,18013,20,19,19,19,19,19,7,3,4,12,15,4,0.7894736842105263,CONTRIBUTING
Correct,529,6150,20,1,1,1,1,1,0,0,0,1,1,0,1.0,CONTRIBUTING
Correct,530,494,20,6,6,6,6,6,0,0,0,6,6,0,1.0,CONTRIBUTING
Correct,531,3135,20,18,18,18,18,18,10,10,0,8,18,0,1.0,CONTRIBUTING
Correct,532,8065,20,12,12,12,12,12,2,2,0,10,12,0,1.0,CONTRIBUTING
Correct,533,1250,20,1,1,1,1,1,0,0,0,1,1,0,1.0,CONTRIBUTING
Correct,534,1849,20,3,3,3,3,3,1,0,1,2,2,1,0.6666666666666666,CONTRIBUTING
Correct,535,25021,20,8,8,8,8,8,1,1,0,7,8,0,1.0,CONTRIBUTING
Correct,536,4838,20,1,1,1,1,1,0,0,0,1,1,0,1.0,CONTRIBUTING
Correct,537,10265,20,3,3,3,3,3,0,0,0,3,3,0,1.0,CONTRIBUTING
Correct,538,10430,20,1,1,1,1,1,0,0,0,1,1,0,1.0,CONTRIBUTING
Correct,539,24914,20,18,18,18,18,18,6,2,4,12,14,4,0.7777777777777778,CONTRIBUTING
Correct,540,12403,20,11,11,11,11,11,3,1,2,8,9,2,0.8181818181818182,CONTRIBUTING
Correct,541,15944,20,9,9,9,9,9,0,0,0,9,9,0,1.0,CONTRIBUTING
Correct,542,22071,20,14,14,14,14,14,3,2,1,11,13,1,0.9285714285714286,CONTRIBUTING
Correct,543,12417,20,6,6,6,6,6,2,0,2,4,4,2,0.6666666666666666,CONTRIBUTING
Correct,544,14876,20,5,5,5,5,5,1,0,1,4,4,1,0.8,CONTRIBUTING
Correct,545,19958,20,7,7,7,7,7,0,0,0,7,7,0,1.0,CONTRIBUTING
Correct,546,24889,20,6,6,6,6,6,1,1,0,5,6,0,1.0,CONTRIBUTING
Correct,547,266,20,20,20,20,20,20,3,0,3,17,17,3,0.85,CONTRIBUTING
Correct,548,1317,20,12,12,12,12,12,2,1,1,10,11,1,0.9166666666666666,CONTRIBUTING
Correct,549,22995,20,10,10,10,10,10,2,0,2,8,8,2,0.8,CONTRIBUTING
Correct,550,22041,20,0,0,0,0,0,0,0,0,0,0,0,,Z0_NO_VISIBLE_SAMPLED_SLOT
Correct,551,24079,20,1,1,1,1,1,1,1,0,0,1,0,1.0,CONTRIBUTING
Correct,552,24957,20,15,15,15,15,15,2,1,1,13,14,1,0.9333333333333333,CONTRIBUTING
Correct,553,18922,20,20,20,20,20,20,0,0,0,20,20,0,1.0,CONTRIBUTING
Correct,554,24133,20,9,9,9,9,9,1,1,0,8,9,0,1.0,CONTRIBUTING
Correct,555,16878,20,0,0,0,0,0,0,0,0,0,0,0,,Z0_NO_VISIBLE_SAMPLED_SLOT
Correct,556,21942,20,6,6,6,6,6,0,0,0,6,6,0,1.0,CONTRIBUTING
Correct,557,24118,20,8,8,8,8,8,0,0,0,8,8,0,1.0,CONTRIBUTING
Correct,558,15949,20,5,5,5,5,5,0,0,0,5,5,0,1.0,CONTRIBUTING
Correct,559,9294,20,15,15,15,15,15,0,0,0,15,15,0,1.0,CONTRIBUTING
Correct,560,27440,20,8,8,8,8,8,0,0,0,8,8,0,1.0,CONTRIBUTING
Correct,561,7097,20,9,9,9,9,9,2,1,1,7,8,1,0.8888888888888888,CONTRIBUTING
Correct,562,5169,20,3,3,3,3,3,0,0,0,3,3,0,1.0,CONTRIBUTING
Correct,563,14130,20,12,12,12,12,12,0,0,0,12,12,0,1.0,CONTRIBUTING
Correct,564,4477,20,6,6,6,6,6,3,0,3,3,3,3,0.5,CONTRIBUTING
Correct,565,8987,20,8,8,8,8,8,1,1,0,7,8,0,1.0,CONTRIBUTING
Correct,566,21918,20,13,13,13,13,13,0,0,0,13,13,0,1.0,CONTRIBUTING
Correct,567,6076,20,0,0,0,0,0,0,0,0,0,0,0,,Z0_NO_VISIBLE_SAMPLED_SLOT
Correct,568,18853,20,0,0,0,0,0,0,0,0,0,0,0,,Z0_NO_VISIBLE_SAMPLED_SLOT
Correct,569,13453,20,3,3,3,3,3,0,0,0,3,3,0,1.0,CONTRIBUTING
Correct,570,12374,20,6,6,6,6,6,1,1,0,5,6,0,1.0,CONTRIBUTING
Correct,571,26287,20,0,0,0,0,0,0,0,0,0,0,0,,Z0_NO_VISIBLE_SAMPLED_SLOT
Correct,572,19938,20,20,20,20,20,20,3,3,0,17,20,0,1.0,CONTRIBUTING
Correct,573,4246,20,6,6,6,6,6,1,0,1,5,5,1,0.8333333333333334,CONTRIBUTING
Correct,574,20972,20,1,1,1,1,1,0,0,0,1,1,0,1.0,CONTRIBUTING
Correct,575,25764,20,0,0,0,0,0,0,0,0,0,0,0,,Z0_NO_VISIBLE_SAMPLED_SLOT
Correct,576,4097,20,2,2,2,2,2,0,0,0,2,2,0,1.0,CONTRIBUTING
Correct,577,5013,20,0,0,0,0,0,0,0,0,0,0,0,,Z0_NO_VISIBLE_SAMPLED_SLOT
Correct,578,27402,20,10,10,10,10,10,3,1,2,7,8,2,0.8,CONTRIBUTING
Correct,579,3170,20,1,1,1,1,1,0,0,0,1,1,0,1.0,CONTRIBUTING
Correct,580,10181,20,5,5,5,5,5,0,0,0,5,5,0,1.0,CONTRIBUTING
Correct,581,27674,20,11,11,11,11,11,1,0,1,10,10,1,0.9090909090909091,CONTRIBUTING
Correct,582,19928,20,13,13,13,13,13,5,5,0,8,13,0,1.0,CONTRIBUTING
Correct,583,2431,20,16,16,16,16,16,1,1,0,15,16,0,1.0,CONTRIBUTING
Correct,584,3165,20,0,0,0,0,0,0,0,0,0,0,0,,Z0_NO_VISIBLE_SAMPLED_SLOT
Correct,585,3269,20,15,15,15,15,15,0,0,0,15,15,0,1.0,CONTRIBUTING
Correct,586,26621,20,0,0,0,0,0,0,0,0,0,0,0,,Z0_NO_VISIBLE_SAMPLED_SLOT
Correct,587,4042,20,12,12,12,12,12,0,0,0,12,12,0,1.0,CONTRIBUTING
Correct,588,103,20,13,13,13,13,13,5,2,3,8,10,3,0.7692307692307693,CONTRIBUTING
Correct,589,15973,20,16,16,16,16,16,3,0,3,13,13,3,0.8125,CONTRIBUTING
Correct,590,13346,20,6,6,6,6,6,0,0,0,6,6,0,1.0,CONTRIBUTING
Correct,591,9325,20,11,11,11,11,11,9,5,4,2,7,4,0.6363636363636364,CONTRIBUTING
Correct,592,23059,20,9,9,9,9,9,3,1,2,6,7,2,0.7777777777777778,CONTRIBUTING
Correct,593,25831,20,14,14,14,14,14,2,0,2,12,12,2,0.8571428571428571,CONTRIBUTING
Correct,594,20957,20,2,2,2,2,2,0,0,0,2,2,0,1.0,CONTRIBUTING
Correct,595,6106,20,6,6,6,6,6,1,0,1,5,5,1,0.8333333333333334,CONTRIBUTING
Correct,596,12305,20,2,2,2,2,2,1,0,1,1,1,1,0.5,CONTRIBUTING
Correct,597,5992,20,12,12,12,12,12,1,0,1,11,11,1,0.9166666666666666,CONTRIBUTING
Correct,598,13257,20,3,3,3,3,3,0,0,0,3,3,0,1.0,CONTRIBUTING
Correct,599,7181,20,0,0,0,0,0,0,0,0,0,0,0,,Z0_NO_VISIBLE_SAMPLED_SLOT
Correct,600,15791,20,9,9,9,9,9,4,1,3,5,6,3,0.6666666666666666,CONTRIBUTING
Correct,601,1773,20,1,1,1,1,1,0,0,0,1,1,0,1.0,CONTRIBUTING
Correct,602,18057,20,2,2,2,2,2,0,0,0,2,2,0,1.0,CONTRIBUTING
Correct,603,823,20,13,13,13,13,13,2,2,0,11,13,0,1.0,CONTRIBUTING
Correct,604,24069,20,10,10,10,10,10,1,0,1,9,9,1,0.9,CONTRIBUTING
Correct,605,15865,20,12,12,12,12,12,0,0,0,12,12,0,1.0,CONTRIBUTING
Correct,606,26312,20,5,5,5,5,5,1,1,0,4,5,0,1.0,CONTRIBUTING
Correct,607,3218,20,7,7,7,7,7,0,0,0,7,7,0,1.0,CONTRIBUTING
Correct,608,23094,20,6,6,6,6,6,2,1,1,4,5,1,0.8333333333333334,CONTRIBUTING
Correct,609,4877,20,2,2,2,2,2,0,0,0,2,2,0,1.0,CONTRIBUTING
Correct,610,11396,20,7,7,7,7,7,0,0,0,7,7,0,1.0,CONTRIBUTING
Correct,611,7470,20,0,0,0,0,0,0,0,0,0,0,0,,Z0_NO_VISIBLE_SAMPLED_SLOT
Correct,612,24991,20,19,19,19,19,19,3,3,0,16,19,0,1.0,CONTRIBUTING
Correct,613,14135,20,7,7,7,7,7,1,1,0,6,7,0,1.0,CONTRIBUTING
Correct,614,11401,20,12,12,12,12,12,1,1,0,11,12,0,1.0,CONTRIBUTING
Correct,615,5932,20,0,0,0,0,0,0,0,0,0,0,0,,Z0_NO_VISIBLE_SAMPLED_SLOT
Correct,616,4166,20,17,17,17,17,17,0,0,0,17,17,0,1.0,CONTRIBUTING
Correct,617,13365,20,7,7,7,7,7,0,0,0,7,7,0,1.0,CONTRIBUTING
Correct,618,19825,20,0,0,0,0,0,0,0,0,0,0,0,,Z0_NO_VISIBLE_SAMPLED_SLOT
Correct,619,12311,20,0,0,0,0,0,0,0,0,0,0,0,,Z0_NO_VISIBLE_SAMPLED_SLOT
Correct,620,20883,20,14,14,14,14,14,0,0,0,14,14,0,1.0,CONTRIBUTING
Correct,621,19909,20,3,3,3,3,3,1,0,1,2,2,1,0.6666666666666666,CONTRIBUTING
Correct,622,1231,20,1,1,1,1,1,0,0,0,1,1,0,1.0,CONTRIBUTING
Correct,623,6057,20,20,20,20,20,20,0,0,0,20,20,0,1.0,CONTRIBUTING
Correct,624,18042,20,11,11,11,11,11,3,2,1,8,10,1,0.9090909090909091,CONTRIBUTING
Correct,625,19987,20,14,14,14,14,14,1,0,1,13,13,1,0.9285714285714286,CONTRIBUTING
Correct,626,258,20,19,19,19,19,19,6,1,5,13,14,5,0.7368421052631579,CONTRIBUTING
Correct,627,11583,20,5,5,5,5,5,3,2,1,2,4,1,0.8,CONTRIBUTING
Correct,628,7229,20,0,0,0,0,0,0,0,0,0,0,0,,Z0_NO_VISIBLE_SAMPLED_SLOT
Correct,629,582,20,14,14,14,14,14,2,0,2,12,12,2,0.8571428571428571,CONTRIBUTING
Correct,630,5052,20,1,1,1,1,1,0,0,0,1,1,0,1.0,CONTRIBUTING
Correct,631,25860,20,17,17,17,17,17,1,0,1,16,16,1,0.9411764705882353,CONTRIBUTING
Correct,632,24936,20,5,5,5,5,5,1,0,1,4,4,1,0.8,CONTRIBUTING
Correct,633,299,20,4,4,4,4,4,1,0,1,3,3,1,0.75,CONTRIBUTING
Correct,634,17953,20,16,16,16,16,16,1,0,1,15,15,1,0.9375,CONTRIBUTING
Correct,635,13383,20,7,7,7,7,7,2,0,2,5,5,2,0.7142857142857143,CONTRIBUTING
Correct,636,24054,20,0,0,0,0,0,0,0,0,0,0,0,,Z0_NO_VISIBLE_SAMPLED_SLOT
Correct,637,13232,20,6,6,6,6,6,0,0,0,6,6,0,1.0,CONTRIBUTING
Correct,638,27795,20,20,20,20,20,20,3,1,2,17,18,2,0.9,CONTRIBUTING
Correct,639,24103,20,9,9,9,9,9,4,1,3,5,6,3,0.6666666666666666,CONTRIBUTING
Correct,640,10368,20,8,8,8,8,8,2,0,2,6,6,2,0.75,CONTRIBUTING
Correct,641,10161,20,20,20,20,20,20,0,0,0,20,20,0,1.0,CONTRIBUTING
Correct,642,23000,20,13,13,13,13,13,5,4,1,8,12,1,0.9230769230769231,CONTRIBUTING
Correct,643,8075,20,18,18,18,18,18,7,1,6,11,12,6,0.6666666666666666,CONTRIBUTING
Correct,644,15904,20,3,3,3,3,3,1,1,0,2,3,0,1.0,CONTRIBUTING
Correct,645,24919,20,5,5,5,5,5,2,0,2,3,3,2,0.6,CONTRIBUTING
Correct,646,14821,20,5,5,5,5,5,0,0,0,5,5,0,1.0,CONTRIBUTING
Correct,647,17968,20,1,1,1,1,1,0,0,0,1,1,0,1.0,CONTRIBUTING
Correct,648,17036,20,6,6,6,6,6,0,0,0,6,6,0,1.0,CONTRIBUTING
Correct,649,2347,20,2,2,2,2,2,2,2,0,0,2,0,1.0,CONTRIBUTING
Correct,650,4907,20,4,4,4,4,4,1,0,1,3,3,1,0.75,CONTRIBUTING
Correct,651,16893,20,6,6,6,6,6,0,0,0,6,6,0,1.0,CONTRIBUTING
Correct,652,16972,20,1,1,1,1,1,0,0,0,1,1,0,1.0,CONTRIBUTING
Correct,653,27313,20,15,15,15,15,15,0,0,0,15,15,0,1.0,CONTRIBUTING
Correct,654,18022,20,16,16,16,16,16,4,1,3,12,13,3,0.8125,CONTRIBUTING
Correct,655,19654,20,14,14,14,14,14,5,1,4,9,10,4,0.7142857142857143,CONTRIBUTING
Correct,656,12408,20,4,4,4,4,4,2,0,2,2,2,2,0.5,CONTRIBUTING
Correct,657,6994,20,9,9,9,9,9,1,1,0,8,9,0,1.0,CONTRIBUTING
Correct,658,5022,20,0,0,0,0,0,0,0,0,0,0,0,,Z0_NO_VISIBLE_SAMPLED_SLOT
Correct,659,17355,20,2,2,2,2,2,1,0,1,1,1,1,0.5,CONTRIBUTING
Correct,660,17890,20,5,5,5,5,5,3,2,1,2,4,1,0.8,CONTRIBUTING
Correct,661,13464,20,2,2,2,2,2,1,0,1,1,1,1,0.5,CONTRIBUTING
Correct,662,15963,20,1,1,1,1,1,0,0,0,1,1,0,1.0,CONTRIBUTING
Correct,663,11248,20,2,2,2,2,2,0,0,0,2,2,0,1.0,CONTRIBUTING
Correct,664,23166,20,16,16,16,16,16,2,0,2,14,14,2,0.875,CONTRIBUTING
Correct,665,27392,20,1,1,1,1,1,0,0,0,1,1,0,1.0,CONTRIBUTING
Correct,666,18932,20,13,13,13,13,13,0,0,0,13,13,0,1.0,CONTRIBUTING
Correct,667,11706,20,14,14,14,14,14,2,2,0,12,14,0,1.0,CONTRIBUTING
Correct,668,6269,20,15,15,15,15,15,1,0,1,14,14,1,0.9333333333333333,CONTRIBUTING
Correct,669,17153,20,1,1,1,1,1,1,1,0,0,1,0,1.0,CONTRIBUTING
Correct,670,21937,20,20,20,20,20,20,1,1,0,19,20,0,1.0,CONTRIBUTING
Correct,671,27608,20,11,11,11,11,11,0,0,0,11,11,0,1.0,CONTRIBUTING
Correct,672,24001,20,0,0,0,0,0,0,0,0,0,0,0,,Z0_NO_VISIBLE_SAMPLED_SLOT
Correct,673,14974,20,10,10,10,10,10,1,1,0,9,10,0,1.0,CONTRIBUTING
Correct,674,18877,20,19,19,19,19,19,6,4,2,13,17,2,0.8947368421052632,CONTRIBUTING
Correct,675,19840,20,8,8,8,8,8,2,1,1,6,7,1,0.875,CONTRIBUTING
Correct,676,15978,20,5,5,5,5,5,0,0,0,5,5,0,1.0,CONTRIBUTING
Correct,677,19884,20,16,16,16,16,16,0,0,0,16,16,0,1.0,CONTRIBUTING
Correct,678,28240,20,2,2,2,2,2,0,0,0,2,2,0,1.0,CONTRIBUTING
Correct,679,14037,20,0,0,0,0,0,0,0,0,0,0,0,,Z0_NO_VISIBLE_SAMPLED_SLOT
Correct,680,15013,20,20,20,20,20,20,0,0,0,20,20,0,1.0,CONTRIBUTING
Correct,681,2385,20,15,15,15,15,15,1,0,1,14,14,1,0.9333333333333333,CONTRIBUTING
Correct,682,1206,20,4,4,4,4,4,0,0,0,4,4,0,1.0,CONTRIBUTING
Correct,683,19845,20,8,8,8,8,8,1,0,1,7,7,1,0.875,CONTRIBUTING
Correct,684,838,20,14,14,14,14,14,3,0,3,11,11,3,0.7857142857142857,CONTRIBUTING
Correct,685,8115,20,1,1,1,1,1,0,0,0,1,1,0,1.0,CONTRIBUTING
Correct,686,12354,20,2,2,2,2,2,0,0,0,2,2,0,1.0,CONTRIBUTING
Correct,687,19835,20,0,0,0,0,0,0,0,0,0,0,0,,Z0_NO_VISIBLE_SAMPLED_SLOT
Correct,688,7122,20,11,11,11,11,11,1,1,0,10,11,0,1.0,CONTRIBUTING
Correct,689,15737,20,11,11,11,11,11,1,1,0,10,11,0,1.0,CONTRIBUTING
Correct,690,7113,20,7,7,7,7,7,0,0,0,7,7,0,1.0,CONTRIBUTING
Correct,691,5062,20,1,1,1,1,1,0,0,0,1,1,0,1.0,CONTRIBUTING
Correct,692,11272,20,1,1,1,1,1,0,0,0,1,1,0,1.0,CONTRIBUTING
Correct,693,19983,20,9,9,9,9,9,0,0,0,9,9,0,1.0,CONTRIBUTING
Correct,694,12334,20,12,12,12,12,12,0,0,0,12,12,0,1.0,CONTRIBUTING
Correct,695,13326,20,19,19,19,19,19,3,1,2,16,17,2,0.8947368421052632,CONTRIBUTING
Correct,696,27628,20,8,8,8,8,8,1,1,0,7,8,0,1.0,CONTRIBUTING
Correct,697,10305,20,6,6,6,6,6,0,0,0,6,6,0,1.0,CONTRIBUTING
Correct,698,16521,20,3,3,3,3,3,1,0,1,2,2,1,0.6666666666666666,CONTRIBUTING
Correct,699,27436,20,16,16,16,16,16,0,0,0,16,16,0,1.0,CONTRIBUTING
Correct,700,21977,20,3,3,3,3,3,1,0,1,2,2,1,0.6666666666666666,CONTRIBUTING
Correct,701,808,20,12,12,12,12,12,5,3,2,7,10,2,0.8333333333333334,CONTRIBUTING
Correct,702,25073,20,20,20,20,20,20,2,2,0,18,20,0,1.0,CONTRIBUTING
Correct,703,15831,20,0,0,0,0,0,0,0,0,0,0,0,,Z0_NO_VISIBLE_SAMPLED_SLOT
Correct,704,14891,20,0,0,0,0,0,0,0,0,0,0,0,,Z0_NO_VISIBLE_SAMPLED_SLOT
Correct,705,21006,20,5,5,5,5,5,1,0,1,4,4,1,0.8,CONTRIBUTING
Correct,706,23020,20,5,5,5,5,5,1,0,1,4,4,1,0.8,CONTRIBUTING
Correct,707,14930,20,4,4,4,4,4,0,0,0,4,4,0,1.0,CONTRIBUTING
Correct,708,12423,20,9,9,9,9,9,0,0,0,9,9,0,1.0,CONTRIBUTING
Correct,709,4113,20,7,7,7,7,7,0,0,0,7,7,0,1.0,CONTRIBUTING
Correct,710,10340,20,7,7,7,7,7,1,1,0,6,7,0,1.0,CONTRIBUTING
Correct,711,11238,20,6,6,6,6,6,0,0,0,6,6,0,1.0,CONTRIBUTING
Correct,712,14846,20,3,3,3,3,3,1,1,0,2,3,0,1.0,CONTRIBUTING
Correct,713,15958,20,11,11,11,11,11,2,1,1,9,10,1,0.9090909090909091,CONTRIBUTING
Correct,714,10206,20,0,0,0,0,0,0,0,0,0,0,0,,Z0_NO_VISIBLE_SAMPLED_SLOT
Correct,715,16863,20,1,1,1,1,1,0,0,0,1,1,0,1.0,CONTRIBUTING
Correct,716,3204,20,4,4,4,4,4,1,0,1,3,3,1,0.75,CONTRIBUTING
Correct,717,12378,20,7,7,7,7,7,0,0,0,7,7,0,1.0,CONTRIBUTING
Correct,718,2426,20,20,20,20,20,20,2,2,0,18,20,0,1.0,CONTRIBUTING
Correct,719,23064,20,6,6,6,6,6,2,2,0,4,6,0,1.0,CONTRIBUTING
Correct,720,14115,20,12,12,12,12,12,1,0,1,11,11,1,0.9166666666666666,CONTRIBUTING
Correct,721,16,20,16,16,16,16,16,5,1,4,11,12,4,0.75,CONTRIBUTING
Correct,722,24089,20,11,11,11,11,11,1,1,0,10,11,0,1.0,CONTRIBUTING
Correct,723,6101,20,1,1,1,1,1,0,0,0,1,1,0,1.0,CONTRIBUTING
Correct,724,14836,20,6,6,6,6,6,4,0,4,2,2,4,0.3333333333333333,CONTRIBUTING
Correct,725,6234,20,11,11,11,11,11,0,0,0,11,11,0,1.0,CONTRIBUTING
Correct,726,24148,20,17,17,17,17,17,3,1,2,14,15,2,0.8823529411764706,CONTRIBUTING
Correct,727,14080,20,0,0,0,0,0,0,0,0,0,0,0,,Z0_NO_VISIBLE_SAMPLED_SLOT
Correct,728,9259,20,7,7,7,7,7,1,0,1,6,6,1,0.8571428571428571,CONTRIBUTING
Correct,729,14453,20,8,8,8,8,8,3,0,3,5,5,3,0.625,CONTRIBUTING
Correct,730,7077,20,10,10,10,10,10,2,0,2,8,8,2,0.8,CONTRIBUTING
Correct,731,27583,20,2,2,2,2,2,0,0,0,2,2,0,1.0,CONTRIBUTING
Correct,732,10364,20,18,18,18,18,18,1,1,0,17,18,0,1.0,CONTRIBUTING
Correct,733,25720,20,1,1,1,1,1,1,1,0,0,1,0,1.0,CONTRIBUTING
Correct,734,28131,20,7,7,7,7,7,1,1,0,6,7,0,1.0,CONTRIBUTING
Correct,735,14920,20,0,0,0,0,0,0,0,0,0,0,0,,Z0_NO_VISIBLE_SAMPLED_SLOT
Correct,736,9151,20,0,0,0,0,0,0,0,0,0,0,0,,Z0_NO_VISIBLE_SAMPLED_SLOT
Correct,737,15968,20,4,4,4,4,4,1,1,0,3,4,0,1.0,CONTRIBUTING
Correct,738,18882,20,16,16,16,16,16,4,1,3,12,13,3,0.8125,CONTRIBUTING
Correct,739,17020,20,14,14,14,14,14,3,0,3,11,11,3,0.7857142857142857,CONTRIBUTING
Correct,740,27113,20,2,2,2,2,2,0,0,0,2,2,0,1.0,CONTRIBUTING
Correct,741,20913,20,2,2,2,2,2,2,1,1,0,1,1,0.5,CONTRIBUTING
Correct,742,12276,20,0,0,0,0,0,0,0,0,0,0,0,,Z0_NO_VISIBLE_SAMPLED_SLOT
Correct,743,14954,20,5,5,5,5,5,1,0,1,4,4,1,0.8,CONTRIBUTING
Correct,744,26297,20,4,4,4,4,4,0,0,0,4,4,0,1.0,CONTRIBUTING
Correct,745,2394,20,15,15,15,15,15,2,2,0,13,15,0,1.0,CONTRIBUTING
Correct,746,1266,20,5,5,5,5,5,1,0,1,4,4,1,0.8,CONTRIBUTING
Correct,747,14042,20,0,0,0,0,0,0,0,0,0,0,0,,Z0_NO_VISIBLE_SAMPLED_SLOT
Correct,748,14900,20,1,1,1,1,1,0,0,0,1,1,0,1.0,CONTRIBUTING
Correct,749,24759,20,10,10,10,10,10,4,2,2,6,8,2,0.8,CONTRIBUTING
Correct,750,14012,20,20,20,20,20,20,0,0,0,20,20,0,1.0,CONTRIBUTING
Correct,751,8120,20,8,8,8,8,8,2,0,2,6,6,2,0.75,CONTRIBUTING
Correct,752,20878,20,2,2,2,2,2,0,0,0,2,2,0,1.0,CONTRIBUTING
Correct,753,9195,20,3,3,3,3,3,0,0,0,3,3,0,1.0,CONTRIBUTING
Correct,754,14052,20,13,13,13,13,13,1,1,0,12,13,0,1.0,CONTRIBUTING
Correct,755,5189,20,14,14,14,14,14,2,1,1,12,13,1,0.9285714285714286,CONTRIBUTING
Correct,756,8313,20,0,0,0,0,0,0,0,0,0,0,0,,Z0_NO_VISIBLE_SAMPLED_SLOT
Correct,757,5853,20,20,20,20,20,20,0,0,0,20,20,0,1.0,CONTRIBUTING
Correct,758,8211,20,20,20,20,20,20,0,0,0,20,20,0,1.0,CONTRIBUTING
Correct,759,18867,20,14,14,14,14,14,0,0,0,14,14,0,1.0,CONTRIBUTING
Correct,760,22966,20,13,13,13,13,13,0,0,0,13,13,0,1.0,CONTRIBUTING
Correct,761,27411,20,12,12,12,12,12,0,0,0,12,12,0,1.0,CONTRIBUTING
Correct,762,24971,20,2,2,2,2,2,2,1,1,0,1,1,0.5,CONTRIBUTING
Correct,763,18769,20,2,2,2,2,2,2,1,1,0,1,1,0.5,CONTRIBUTING
Correct,764,19776,20,20,20,20,20,20,0,0,0,20,20,0,1.0,CONTRIBUTING
Correct,765,2307,20,0,0,0,0,0,0,0,0,0,0,0,,Z0_NO_VISIBLE_SAMPLED_SLOT
Correct,766,26331,20,3,3,3,3,3,0,0,0,3,3,0,1.0,CONTRIBUTING
Correct,767,20992,20,0,0,0,0,0,0,0,0,0,0,0,,Z0_NO_VISIBLE_SAMPLED_SLOT
Correct,768,14061,20,3,3,3,3,3,1,0,1,2,2,1,0.6666666666666666,CONTRIBUTING
Correct,769,15732,20,9,9,9,9,9,1,0,1,8,8,1,0.8888888888888888,CONTRIBUTING
Correct,770,2441,20,19,19,19,19,19,2,2,0,17,19,0,1.0,CONTRIBUTING
Correct,771,560,20,11,11,11,11,11,4,4,0,7,11,0,1.0,CONTRIBUTING
Correct,772,4062,20,11,11,11,11,11,0,0,0,11,11,0,1.0,CONTRIBUTING
Correct,773,18813,20,0,0,0,0,0,0,0,0,0,0,0,,Z0_NO_VISIBLE_SAMPLED_SLOT
Correct,774,26685,20,3,3,3,3,3,1,0,1,2,2,1,0.6666666666666666,CONTRIBUTING
Correct,775,19879,20,4,4,4,4,4,0,0,0,4,4,0,1.0,CONTRIBUTING
Correct,776,11366,20,3,3,3,3,3,0,0,0,3,3,0,1.0,CONTRIBUTING
Correct,777,15030,20,0,0,0,0,0,0,0,0,0,0,0,,Z0_NO_VISIBLE_SAMPLED_SLOT
Correct,778,3274,20,5,5,5,5,5,1,0,1,4,4,1,0.8,CONTRIBUTING
Correct,779,27814,20,10,10,10,10,10,1,1,0,9,10,0,1.0,CONTRIBUTING
Correct,780,15884,20,6,6,6,6,6,1,0,1,5,5,1,0.8333333333333334,CONTRIBUTING
Correct,781,26306,20,1,1,1,1,1,1,0,1,0,0,1,0.0,Z3_HAS_CANDIDATES_BUT_ALWAYS_LOSES_COLLISION
Correct,782,13200,20,16,16,16,16,16,2,0,2,14,14,2,0.875,CONTRIBUTING
Correct,783,7160,20,0,0,0,0,0,0,0,0,0,0,0,,Z0_NO_VISIBLE_SAMPLED_SLOT
Correct,784,6959,20,1,1,1,1,1,0,0,0,1,1,0,1.0,CONTRIBUTING
Correct,785,18017,20,6,6,6,6,6,4,3,1,2,5,1,0.8333333333333334,CONTRIBUTING
Correct,786,3195,20,1,1,1,1,1,0,0,0,1,1,0,1.0,CONTRIBUTING
Correct,787,8125,20,1,1,1,1,1,0,0,0,1,1,0,1.0,CONTRIBUTING
Correct,788,19810,20,19,19,19,19,19,4,4,0,15,19,0,1.0,CONTRIBUTING
Correct,789,17993,20,13,13,13,13,13,2,1,1,11,12,1,0.9230769230769231,CONTRIBUTING
Correct,790,18887,20,1,1,1,1,1,0,0,0,1,1,0,1.0,CONTRIBUTING
Correct,791,4941,20,13,13,13,13,13,5,2,3,8,10,3,0.7692307692307693,CONTRIBUTING
Correct,792,9102,20,2,2,2,2,2,0,0,0,2,2,0,1.0,CONTRIBUTING
Correct,793,10334,20,6,6,6,6,6,0,0,0,6,6,0,1.0,CONTRIBUTING
Correct,794,26278,20,2,2,2,2,2,0,0,0,2,2,0,1.0,CONTRIBUTING
Correct,795,14443,20,2,2,2,2,2,0,0,0,2,2,0,1.0,CONTRIBUTING
Correct,796,28189,20,11,11,11,11,11,2,2,0,9,11,0,1.0,CONTRIBUTING
Correct,797,27075,20,4,4,4,4,4,3,3,0,1,4,0,1.0,CONTRIBUTING
Correct,798,10285,20,3,3,3,3,3,0,0,0,3,3,0,1.0,CONTRIBUTING
Correct,799,14047,20,8,8,8,8,8,0,0,0,8,8,0,1.0,CONTRIBUTING
Correct,800,23103,20,6,6,6,6,6,3,2,1,3,5,1,0.8333333333333334,CONTRIBUTING
Correct,801,21051,20,5,5,5,5,5,0,0,0,5,5,0,1.0,CONTRIBUTING
Correct,802,27732,20,3,3,3,3,3,1,0,1,2,2,1,0.6666666666666666,CONTRIBUTING
Correct,803,22971,20,5,5,5,5,5,0,0,0,5,5,0,1.0,CONTRIBUTING
Correct,804,18848,20,0,0,0,0,0,0,0,0,0,0,0,,Z0_NO_VISIBLE_SAMPLED_SLOT
Correct,805,9274,20,8,8,8,8,8,1,1,0,7,8,0,1.0,CONTRIBUTING
Correct,806,21982,20,7,7,7,7,7,1,0,1,6,6,1,0.8571428571428571,CONTRIBUTING
Correct,807,14871,20,7,7,7,7,7,1,1,0,6,7,0,1.0,CONTRIBUTING
Correct,808,13380,20,3,3,3,3,3,1,1,0,2,3,0,1.0,CONTRIBUTING
Correct,809,229,20,2,2,2,2,2,0,0,0,2,2,0,1.0,CONTRIBUTING
Correct,810,24041,20,2,2,2,2,2,0,0,0,2,2,0,1.0,CONTRIBUTING
Correct,811,24894,20,0,0,0,0,0,0,0,0,0,0,0,,Z0_NO_VISIBLE_SAMPLED_SLOT
Correct,812,2401,20,13,13,13,13,13,0,0,0,13,13,0,1.0,CONTRIBUTING
Correct,813,8090,20,0,0,0,0,0,0,0,0,0,0,0,,Z0_NO_VISIBLE_SAMPLED_SLOT
Correct,814,2451,20,20,20,20,20,20,0,0,0,20,20,0,1.0,CONTRIBUTING
Correct,815,26356,20,9,9,9,9,9,1,1,0,8,9,0,1.0,CONTRIBUTING
Correct,816,27623,20,15,15,15,15,15,3,3,0,12,15,0,1.0,CONTRIBUTING
Correct,817,22025,20,9,9,9,9,9,2,2,0,7,9,0,1.0,CONTRIBUTING
Correct,818,27607,20,16,16,16,16,16,0,0,0,16,16,0,1.0,CONTRIBUTING
Correct,819,3016,20,3,3,3,3,3,2,0,2,1,1,2,0.3333333333333333,CONTRIBUTING
Correct,820,15727,20,0,0,0,0,0,0,0,0,0,0,0,,Z0_NO_VISIBLE_SAMPLED_SLOT
Correct,821,4862,20,1,1,1,1,1,0,0,0,1,1,0,1.0,CONTRIBUTING
Correct,822,4881,20,3,3,3,3,3,2,2,0,1,3,0,1.0,CONTRIBUTING
Correct,823,25780,20,6,6,6,6,6,2,2,0,4,6,0,1.0,CONTRIBUTING
Correct,824,25673,20,5,5,5,5,5,0,0,0,5,5,0,1.0,CONTRIBUTING
Correct,825,18912,20,15,15,15,15,15,5,3,2,10,13,2,0.8666666666666667,CONTRIBUTING
Correct,826,24094,20,12,12,12,12,12,3,2,1,9,11,1,0.9166666666666666,CONTRIBUTING
Correct,827,10300,20,0,0,0,0,0,0,0,0,0,0,0,,Z0_NO_VISIBLE_SAMPLED_SLOT
Correct,828,794,20,12,12,12,12,12,2,1,1,10,11,1,0.9166666666666666,CONTRIBUTING
Correct,829,10171,20,7,7,7,7,7,3,0,3,4,4,3,0.5714285714285714,CONTRIBUTING
Correct,830,6209,20,3,3,3,3,3,0,0,0,3,3,0,1.0,CONTRIBUTING
Correct,831,14950,20,6,6,6,6,6,1,1,0,5,6,0,1.0,CONTRIBUTING
Correct,832,27406,20,5,5,5,5,5,0,0,0,5,5,0,1.0,CONTRIBUTING
Correct,833,14452,20,2,2,2,2,2,1,0,1,1,1,1,0.5,CONTRIBUTING
Correct,834,8203,20,10,10,10,10,10,1,0,1,9,9,1,0.9,CONTRIBUTING
Correct,835,23055,20,8,8,8,8,8,3,2,1,5,7,1,0.875,CONTRIBUTING
Correct,836,9175,20,1,1,1,1,1,0,0,0,1,1,0,1.0,CONTRIBUTING
Correct,837,8046,20,0,0,0,0,0,0,0,0,0,0,0,,Z0_NO_VISIBLE_SAMPLED_SLOT
Correct,838,4161,20,5,5,5,5,5,0,0,0,5,5,0,1.0,CONTRIBUTING
Correct,839,7087,20,6,6,6,6,6,1,0,1,5,5,1,0.8333333333333334,CONTRIBUTING
Correct,840,8259,20,0,0,0,0,0,0,0,0,0,0,0,,Z0_NO_VISIBLE_SAMPLED_SLOT
Correct,841,16909,20,5,5,5,5,5,0,0,0,5,5,0,1.0,CONTRIBUTING
Correct,842,812,20,8,8,8,8,8,3,3,0,5,8,0,1.0,CONTRIBUTING
Correct,843,2,20,20,20,20,20,20,4,4,0,16,20,0,1.0,CONTRIBUTING
Correct,844,6111,20,15,15,15,15,15,1,0,1,14,14,1,0.9333333333333333,CONTRIBUTING
Correct,845,11351,20,10,10,10,10,10,0,0,0,10,10,0,1.0,CONTRIBUTING
Correct,846,6126,20,0,0,0,0,0,0,0,0,0,0,0,,Z0_NO_VISIBLE_SAMPLED_SLOT
Correct,847,24158,20,17,17,17,17,17,3,1,2,14,15,2,0.8823529411764706,CONTRIBUTING
Correct,848,24947,20,9,9,9,9,9,0,0,0,9,9,0,1.0,CONTRIBUTING
Correct,849,10177,20,5,5,5,5,5,3,0,3,2,2,3,0.4,CONTRIBUTING
Correct,850,12294,20,0,0,0,0,0,0,0,0,0,0,0,,Z0_NO_VISIBLE_SAMPLED_SLOT
Correct,851,21923,20,6,6,6,6,6,0,0,0,6,6,0,1.0,CONTRIBUTING
Correct,852,25784,20,7,7,7,7,7,0,0,0,7,7,0,1.0,CONTRIBUTING
Correct,853,4033,20,0,0,0,0,0,0,0,0,0,0,0,,Z0_NO_VISIBLE_SAMPLED_SLOT
Correct,854,10269,20,3,3,3,3,3,0,0,0,3,3,0,1.0,CONTRIBUTING
Correct,855,21011,20,10,10,10,10,10,2,1,1,8,9,1,0.9,CONTRIBUTING
Correct,856,14021,20,6,6,6,6,6,0,0,0,6,6,0,1.0,CONTRIBUTING
Correct,857,18799,20,15,15,15,15,15,6,4,2,9,13,2,0.8666666666666667,CONTRIBUTING
Correct,858,12349,20,12,12,12,12,12,2,2,0,10,12,0,1.0,CONTRIBUTING
Correct,859,26293,20,5,5,5,5,5,0,0,0,5,5,0,1.0,CONTRIBUTING
Correct,860,11356,20,6,6,6,6,6,1,1,0,5,6,0,1.0,CONTRIBUTING
Correct,861,6239,20,10,10,10,10,10,2,1,1,8,9,1,0.9,CONTRIBUTING
Correct,862,17934,20,9,9,9,9,9,4,2,2,5,7,2,0.7777777777777778,CONTRIBUTING
Correct,863,26773,20,13,13,13,13,13,3,0,3,10,10,3,0.7692307692307693,CONTRIBUTING
Correct,864,18941,20,2,2,2,2,2,0,0,0,2,2,0,1.0,CONTRIBUTING
Correct,865,19863,20,5,5,5,5,5,0,0,0,5,5,0,1.0,CONTRIBUTING
Correct,866,21908,20,20,20,20,20,20,0,0,0,20,20,0,1.0,CONTRIBUTING
Correct,867,861,20,18,18,18,18,18,0,0,0,18,18,0,1.0,CONTRIBUTING
Correct,868,3869,20,2,2,2,2,2,0,0,0,2,2,0,1.0,CONTRIBUTING
Correct,869,11371,20,17,17,17,17,17,4,3,1,13,16,1,0.9411764705882353,CONTRIBUTING
Correct,870,2446,20,19,19,19,19,19,8,6,2,11,17,2,0.8947368421052632,CONTRIBUTING
Correct,871,26341,20,1,1,1,1,1,0,0,0,1,1,0,1.0,CONTRIBUTING
Correct,872,21987,20,10,10,10,10,10,1,1,0,9,10,0,1.0,CONTRIBUTING
Correct,873,4476,20,3,3,3,3,3,0,0,0,3,3,0,1.0,CONTRIBUTING
Correct,874,17998,20,5,5,5,5,5,2,2,0,3,5,0,1.0,CONTRIBUTING
Correct,875,13113,20,2,2,2,2,2,1,0,1,1,1,1,0.5,CONTRIBUTING
Correct,876,1741,20,19,19,19,19,19,4,2,2,15,17,2,0.8947368421052632,CONTRIBUTING
Correct,877,23050,20,10,10,10,10,10,2,1,1,8,9,1,0.9,CONTRIBUTING
Correct,878,5868,20,0,0,0,0,0,0,0,0,0,0,0,,Z0_NO_VISIBLE_SAMPLED_SLOT
Correct,879,11219,20,1,1,1,1,1,0,0,0,1,1,0,1.0,CONTRIBUTING
Correct,880,5125,20,2,2,2,2,2,0,0,0,2,2,0,1.0,CONTRIBUTING
Correct,881,1275,20,20,20,20,20,20,1,1,0,19,20,0,1.0,CONTRIBUTING
Correct,882,5032,20,14,14,14,14,14,2,2,0,12,14,0,1.0,CONTRIBUTING
Correct,883,20014,20,1,1,1,1,1,0,0,0,1,1,0,1.0,CONTRIBUTING
Correct,884,16013,20,12,12,12,12,12,0,0,0,12,12,0,1.0,CONTRIBUTING
Correct,885,25814,20,5,5,5,5,5,3,0,3,2,2,3,0.4,CONTRIBUTING
Correct,886,1738,20,16,16,16,16,16,3,3,0,13,16,0,1.0,CONTRIBUTING
Correct,887,2381,20,2,2,2,2,2,2,0,2,0,0,2,0.0,Z3_HAS_CANDIDATES_BUT_ALWAYS_LOSES_COLLISION
Correct,888,16858,20,2,2,2,2,2,1,1,0,1,2,0,1.0,CONTRIBUTING
Correct,889,14856,20,16,16,16,16,16,1,1,0,15,16,0,1.0,CONTRIBUTING
Correct,890,11277,20,1,1,1,1,1,1,1,0,0,1,0,1.0,CONTRIBUTING
Correct,891,9126,20,2,2,2,2,2,0,0,0,2,2,0,1.0,CONTRIBUTING
Correct,892,6,20,19,19,19,19,19,2,2,0,17,19,0,1.0,CONTRIBUTING
Correct,893,9156,20,0,0,0,0,0,0,0,0,0,0,0,,Z0_NO_VISIBLE_SAMPLED_SLOT
Correct,894,25841,20,5,5,5,5,5,0,0,0,5,5,0,1.0,CONTRIBUTING
Correct,895,25031,20,18,18,18,18,18,1,1,0,17,18,0,1.0,CONTRIBUTING
Correct,896,25035,20,14,14,14,14,14,1,0,1,13,13,1,0.9285714285714286,CONTRIBUTING
Correct,897,24084,20,10,10,10,10,10,2,1,1,8,9,1,0.9,CONTRIBUTING
Correct,898,4200,20,17,17,17,17,17,6,2,4,11,13,4,0.7647058823529411,CONTRIBUTING
Correct,899,4122,20,4,4,4,4,4,0,0,0,4,4,0,1.0,CONTRIBUTING
Correct,900,22100,20,7,7,7,7,7,0,0,0,7,7,0,1.0,CONTRIBUTING
Correct,901,13336,20,5,5,5,5,5,1,0,1,4,4,1,0.8,CONTRIBUTING
Correct,902,6199,20,5,5,5,5,5,0,0,0,5,5,0,1.0,CONTRIBUTING
Correct,903,15841,20,1,1,1,1,1,0,0,0,1,1,0,1.0,CONTRIBUTING
Correct,904,7170,20,0,0,0,0,0,0,0,0,0,0,0,,Z0_NO_VISIBLE_SAMPLED_SLOT
Correct,905,22080,20,7,7,7,7,7,0,0,0,7,7,0,1.0,CONTRIBUTING
Correct,906,7933,20,3,3,3,3,3,1,0,1,2,2,1,0.6666666666666666,CONTRIBUTING
Correct,907,5134,20,12,12,12,12,12,0,0,0,12,12,0,1.0,CONTRIBUTING
Correct,908,27122,20,5,5,5,5,5,0,0,0,5,5,0,1.0,CONTRIBUTING
Correct,909,25098,20,14,14,14,14,14,3,2,1,11,13,1,0.9285714285714286,CONTRIBUTING
Correct,910,14964,20,6,6,6,6,6,1,1,0,5,6,0,1.0,CONTRIBUTING
Correct,911,20069,20,8,8,8,8,8,2,2,0,6,8,0,1.0,CONTRIBUTING
Correct,912,21996,20,5,5,5,5,5,0,0,0,5,5,0,1.0,CONTRIBUTING
Correct,913,23148,20,17,17,17,17,17,2,2,0,15,17,0,1.0,CONTRIBUTING
Correct,914,22012,20,0,0,0,0,0,0,0,0,0,0,0,,Z0_NO_VISIBLE_SAMPLED_SLOT
Correct,915,26763,20,4,4,4,4,4,0,0,0,4,4,0,1.0,CONTRIBUTING
Correct,916,2971,20,5,5,5,5,5,0,0,0,5,5,0,1.0,CONTRIBUTING
Correct,917,6214,20,7,7,7,7,7,2,2,0,5,7,0,1.0,CONTRIBUTING
Correct,918,14851,20,6,6,6,6,6,0,0,0,6,6,0,1.0,CONTRIBUTING
Correct,919,6155,20,3,3,3,3,3,0,0,0,3,3,0,1.0,CONTRIBUTING
Correct,920,7146,20,20,20,20,20,20,10,0,10,10,10,10,0.5,CONTRIBUTING
Correct,921,19850,20,4,4,4,4,4,0,0,0,4,4,0,1.0,CONTRIBUTING
Correct,922,21991,20,0,0,0,0,0,0,0,0,0,0,0,,Z0_NO_VISIBLE_SAMPLED_SLOT
Correct,923,6195,20,5,5,5,5,5,0,0,0,5,5,0,1.0,CONTRIBUTING
Correct,924,3089,20,19,19,19,19,19,4,4,0,15,19,0,1.0,CONTRIBUTING
Correct,925,832,20,2,2,2,2,2,0,0,0,2,2,0,1.0,CONTRIBUTING
Correct,926,22115,20,20,20,20,20,20,12,10,2,8,18,2,0.9,CONTRIBUTING
Correct,927,21180,20,16,16,16,16,16,0,0,0,16,16,0,1.0,CONTRIBUTING
Correct,928,10025,20,0,0,0,0,0,0,0,0,0,0,0,,Z0_NO_VISIBLE_SAMPLED_SLOT
Correct,929,6190,20,1,1,1,1,1,0,0,0,1,1,0,1.0,CONTRIBUTING
Correct,930,26744,20,6,6,6,6,6,1,1,0,5,6,0,1.0,CONTRIBUTING
Correct,931,852,20,10,10,10,10,10,1,1,0,9,10,0,1.0,CONTRIBUTING
Correct,932,14910,20,2,2,2,2,2,0,0,0,2,2,0,1.0,CONTRIBUTING
Correct,933,17026,20,5,5,5,5,5,1,0,1,4,4,1,0.8,CONTRIBUTING
Correct,934,8134,20,8,8,8,8,8,1,0,1,7,7,1,0.875,CONTRIBUTING
Correct,935,10215,20,1,1,1,1,1,0,0,0,1,1,0,1.0,CONTRIBUTING
Correct,936,5164,20,5,5,5,5,5,0,0,0,5,5,0,1.0,CONTRIBUTING
Correct,937,16840,20,20,20,20,20,20,0,0,0,20,20,0,1.0,CONTRIBUTING
Correct,938,17904,20,13,13,13,13,13,8,0,8,5,5,8,0.38461538461538464,CONTRIBUTING
Correct,939,4205,20,16,16,16,16,16,2,0,2,14,14,2,0.875,CONTRIBUTING
Correct,940,20005,20,8,8,8,8,8,0,0,0,8,8,0,1.0,CONTRIBUTING
Correct,941,18828,20,3,3,3,3,3,0,0,0,3,3,0,1.0,CONTRIBUTING
Correct,942,11336,20,8,8,8,8,8,0,0,0,8,8,0,1.0,CONTRIBUTING
Correct,943,25103,20,11,11,11,11,11,1,0,1,10,10,1,0.9090909090909091,CONTRIBUTING
Correct,944,3239,20,9,9,9,9,9,2,1,1,7,8,1,0.8888888888888888,CONTRIBUTING
Correct,945,10279,20,9,9,9,9,9,1,1,0,8,9,0,1.0,CONTRIBUTING
Correct,946,4028,20,17,17,17,17,17,0,0,0,17,17,0,1.0,CONTRIBUTING
Correct,947,6141,20,0,0,0,0,0,0,0,0,0,0,0,,Z0_NO_VISIBLE_SAMPLED_SLOT
Correct,948,19899,20,1,1,1,1,1,0,0,0,1,1,0,1.0,CONTRIBUTING
Correct,949,16854,20,2,2,2,2,2,0,0,0,2,2,0,1.0,CONTRIBUTING
Correct,950,25551,20,5,5,5,5,5,0,0,0,5,5,0,1.0,CONTRIBUTING
Correct,951,6248,20,13,13,13,13,13,4,4,0,9,13,0,1.0,CONTRIBUTING
Correct,952,23153,20,10,10,10,10,10,3,2,1,7,9,1,0.9,CONTRIBUTING
Correct,953,9502,20,11,11,11,11,11,4,3,1,7,10,1,0.9090909090909091,CONTRIBUTING
Correct,954,14881,20,1,1,1,1,1,1,1,0,0,1,0,1.0,CONTRIBUTING
Correct,955,28232,20,1,1,1,1,1,1,0,1,0,0,1,0.0,Z3_HAS_CANDIDATES_BUT_ALWAYS_LOSES_COLLISION
Correct,956,24996,20,3,3,3,3,3,1,0,1,2,2,1,0.6666666666666666,CONTRIBUTING
Correct,957,18843,20,11,11,11,11,11,1,0,1,10,10,1,0.9090909090909091,CONTRIBUTING
Correct,958,24113,20,7,7,7,7,7,2,1,1,5,6,1,0.8571428571428571,CONTRIBUTING
Correct,959,22961,20,12,12,12,12,12,0,0,0,12,12,0,1.0,CONTRIBUTING
Correct,960,11385,20,8,8,8,8,8,1,1,0,7,8,0,1.0,CONTRIBUTING
Correct,961,14447,20,1,1,1,1,1,0,0,0,1,1,0,1.0,CONTRIBUTING
Correct,962,10349,20,8,8,8,8,8,1,1,0,7,8,0,1.0,CONTRIBUTING
Correct,963,20942,20,3,3,3,3,3,0,0,0,3,3,0,1.0,CONTRIBUTING
Correct,964,1255,20,2,2,2,2,2,0,0,0,2,2,0,1.0,CONTRIBUTING
Correct,965,27426,20,1,1,1,1,1,1,0,1,0,0,1,0.0,Z3_HAS_CANDIDATES_BUT_ALWAYS_LOSES_COLLISION
Correct,966,26718,20,2,2,2,2,2,0,0,0,2,2,0,1.0,CONTRIBUTING
Correct,967,11331,20,8,8,8,8,8,3,3,0,5,8,0,1.0,CONTRIBUTING
Correct,968,15821,20,7,7,7,7,7,0,0,0,7,7,0,1.0,CONTRIBUTING
Correct,969,4132,20,13,13,13,13,13,0,0,0,13,13,0,1.0,CONTRIBUTING
Correct,970,26302,20,1,1,1,1,1,1,1,0,0,1,0,1.0,CONTRIBUTING
Correct,971,9111,20,19,19,19,19,19,4,4,0,15,19,0,1.0,CONTRIBUTING
Correct,972,5027,20,4,4,4,4,4,1,0,1,3,3,1,0.75,CONTRIBUTING
Correct,973,22065,20,15,15,15,15,15,1,1,0,14,15,0,1.0,CONTRIBUTING
Correct,974,9220,20,4,4,4,4,4,0,0,0,4,4,0,1.0,CONTRIBUTING
Correct,975,11410,20,16,16,16,16,16,0,0,0,16,16,0,1.0,CONTRIBUTING
Correct,976,1962,20,17,17,17,17,17,2,0,2,15,15,2,0.8823529411764706,CONTRIBUTING
Correct,977,23074,20,10,10,10,10,10,1,1,0,9,10,0,1.0,CONTRIBUTING
Correct,978,24962,20,7,7,7,7,7,2,0,2,5,5,2,0.7142857142857143,CONTRIBUTING
Correct,979,7,20,17,17,17,17,17,7,4,3,10,14,3,0.8235294117647058,CONTRIBUTING
Correct,980,10260,20,10,10,10,10,10,3,1,2,7,8,2,0.8,CONTRIBUTING
Correct,981,20918,20,9,9,9,9,9,1,1,0,8,9,0,1.0,CONTRIBUTING
Correct,982,24976,20,19,19,19,19,19,3,1,2,16,17,2,0.8947368421052632,CONTRIBUTING
Correct,983,4048,20,13,13,13,13,13,1,0,1,12,12,1,0.9230769230769231,CONTRIBUTING
Correct,984,6377,20,2,2,2,2,2,1,0,1,1,1,1,0.5,CONTRIBUTING
Correct,985,22090,20,4,4,4,4,4,0,0,0,4,4,0,1.0,CONTRIBUTING
Correct,986,11381,20,5,5,5,5,5,0,0,0,5,5,0,1.0,CONTRIBUTING
Correct,987,24967,20,7,7,7,7,7,5,5,0,2,7,0,1.0,CONTRIBUTING
Correct,988,28125,20,20,20,20,20,20,0,0,0,20,20,0,1.0,CONTRIBUTING
Correct,989,26748,20,6,6,6,6,6,1,0,1,5,5,1,0.8333333333333334,CONTRIBUTING
Correct,990,23158,20,13,13,13,13,13,1,1,0,12,13,0,1.0,CONTRIBUTING
Correct,991,9433,20,4,4,4,4,4,1,0,1,3,3,1,0.75,CONTRIBUTING
Correct,992,25760,20,14,14,14,14,14,1,1,0,13,14,0,1.0,CONTRIBUTING
Correct,993,113,20,17,17,17,17,17,1,0,1,16,16,1,0.9411764705882353,CONTRIBUTING
Correct,994,2396,20,18,18,18,18,18,0,0,0,18,18,0,1.0,CONTRIBUTING
Correct,995,19913,20,9,9,9,9,9,2,0,2,7,7,2,0.7777777777777778,CONTRIBUTING
Correct,996,11258,20,1,1,1,1,1,0,0,0,1,1,0,1.0,CONTRIBUTING
Correct,997,8401,20,16,16,16,16,16,2,0,2,14,14,2,0.875,CONTRIBUTING
Correct,998,10397,20,0,0,0,0,0,0,0,0,0,0,0,,Z0_NO_VISIBLE_SAMPLED_SLOT
Correct,999,24932,20,7,7,7,7,7,3,1,2,4,5,2,0.7142857142857143,CONTRIBUTING
Correct,1000,5849,20,20,20,20,20,20,0,0,0,20,20,0,1.0,CONTRIBUTING
Correct,1001,18892,20,6,6,6,6,6,1,1,0,5,6,0,1.0,CONTRIBUTING
Correct,1002,10226,20,1,1,1,1,1,1,1,0,0,1,0,1.0,CONTRIBUTING
Correct,1003,3034,20,1,1,1,1,1,0,0,0,1,1,0,1.0,CONTRIBUTING
Correct,1004,18921,20,14,14,14,14,14,6,3,3,8,11,3,0.7857142857142857,CONTRIBUTING
Correct,1005,16922,20,0,0,0,0,0,0,0,0,0,0,0,,Z0_NO_VISIBLE_SAMPLED_SLOT
Correct,1006,26787,20,9,9,9,9,9,0,0,0,9,9,0,1.0,CONTRIBUTING
Correct,1007,12359,20,4,4,4,4,4,1,1,0,3,4,0,1.0,CONTRIBUTING
Correct,1008,12428,20,11,11,11,11,11,2,2,0,9,11,0,1.0,CONTRIBUTING
Correct,1009,19860,20,6,6,6,6,6,0,0,0,6,6,0,1.0,CONTRIBUTING
Correct,1010,17031,20,3,3,3,3,3,0,0,0,3,3,0,1.0,CONTRIBUTING
Correct,1011,25943,20,7,7,7,7,7,0,0,0,7,7,0,1.0,CONTRIBUTING
Correct,1012,15850,20,2,2,2,2,2,1,1,0,1,2,0,1.0,CONTRIBUTING
Correct,1013,17939,20,4,4,4,4,4,1,1,0,3,4,0,1.0,CONTRIBUTING
Correct,1014,17157,20,2,2,2,2,2,1,0,1,1,1,1,0.5,CONTRIBUTING
Correct,1015,6131,20,7,7,7,7,7,3,1,2,4,5,2,0.7142857142857143,CONTRIBUTING
Correct,1016,3482,20,20,20,20,20,20,0,0,0,20,20,0,1.0,CONTRIBUTING
Correct,1017,11287,20,19,19,19,19,19,2,1,1,17,18,1,0.9473684210526315,CONTRIBUTING
Correct,1018,15880,20,19,19,19,19,19,3,2,1,16,18,1,0.9473684210526315,CONTRIBUTING
Correct,1019,23030,20,6,6,6,6,6,0,0,0,6,6,0,1.0,CONTRIBUTING
Correct,1020,18823,20,2,2,2,2,2,1,1,0,1,2,0,1.0,CONTRIBUTING
Correct,1021,6160,20,2,2,2,2,2,1,1,0,1,2,0,1.0,CONTRIBUTING
Correct,1022,18077,20,16,16,16,16,16,5,2,3,11,13,3,0.8125,CONTRIBUTING
Correct,1023,25654,20,5,5,5,5,5,1,0,1,4,4,1,0.8,CONTRIBUTING
Correct,1024,4102,20,2,2,2,2,2,0,0,0,2,2,0,1.0,CONTRIBUTING
Correct,1025,4990,20,9,9,9,9,9,0,0,0,9,9,0,1.0,CONTRIBUTING
Correct,1026,17983,20,4,4,4,4,4,1,0,1,3,3,1,0.75,CONTRIBUTING
Correct,1027,1270,20,4,4,4,4,4,1,0,1,3,3,1,0.75,CONTRIBUTING
Correct,1028,11316,20,9,9,9,9,9,0,0,0,9,9,0,1.0,CONTRIBUTING
Correct,1029,22110,20,10,10,10,10,10,2,2,0,8,10,0,1.0,CONTRIBUTING
Correct,1030,27338,20,2,2,2,2,2,1,0,1,1,1,1,0.5,CONTRIBUTING
Correct,1031,17914,20,0,0,0,0,0,0,0,0,0,0,0,,Z0_NO_VISIBLE_SAMPLED_SLOT
Correct,1032,24099,20,6,6,6,6,6,2,1,1,4,5,1,0.8333333333333334,CONTRIBUTING
Correct,1033,23005,20,1,1,1,1,1,0,0,0,1,1,0,1.0,CONTRIBUTING
Correct,1034,18291,20,20,20,20,20,20,0,0,0,20,20,0,1.0,CONTRIBUTING
Correct,1035,24046,20,3,3,3,3,3,0,0,0,3,3,0,1.0,CONTRIBUTING
Correct,1036,4067,20,1,1,1,1,1,0,0,0,1,1,0,1.0,CONTRIBUTING
Correct,1037,3230,20,18,18,18,18,18,0,0,0,18,18,0,1.0,CONTRIBUTING
Correct,1038,23337,20,17,17,17,17,17,2,1,1,15,16,1,0.9411764705882353,CONTRIBUTING
Correct,1039,20937,20,8,8,8,8,8,0,0,0,8,8,0,1.0,CONTRIBUTING
Correct,1040,19571,20,13,13,13,13,13,0,0,0,13,13,0,1.0,CONTRIBUTING
Correct,1041,3259,20,18,18,18,18,18,1,0,1,17,17,1,0.9444444444444444,CONTRIBUTING
Correct,1042,1196,20,2,2,2,2,2,0,0,0,2,2,0,1.0,CONTRIBUTING
Correct,1043,2352,20,8,8,8,8,8,0,0,0,8,8,0,1.0,CONTRIBUTING
Correct,1044,27967,20,20,20,20,20,20,0,0,0,20,20,0,1.0,CONTRIBUTING
Correct,1045,17006,20,5,5,5,5,5,1,1,0,4,5,0,1.0,CONTRIBUTING
Correct,1046,11341,20,2,2,2,2,2,0,0,0,2,2,0,1.0,CONTRIBUTING
Correct,1047,21046,20,19,19,19,19,19,2,0,2,17,17,2,0.8947368421052632,CONTRIBUTING
Correct,1048,9298,20,18,18,18,18,18,1,1,0,17,18,0,1.0,CONTRIBUTING
Correct,1049,18037,20,20,20,20,20,20,4,2,2,16,18,2,0.9,CONTRIBUTING
Correct,1050,23084,20,4,4,4,4,4,1,0,1,3,3,1,0.75,CONTRIBUTING
Correct,1051,23079,20,19,19,19,19,19,3,2,1,16,18,1,0.9473684210526315,CONTRIBUTING
Correct,1052,3244,20,20,20,20,20,20,0,0,0,20,20,0,1.0,CONTRIBUTING
Correct,1053,3200,20,2,2,2,2,2,1,0,1,1,1,1,0.5,CONTRIBUTING
Correct,1054,22976,20,4,4,4,4,4,2,2,0,2,4,0,1.0,CONTRIBUTING
Correct,1055,26316,20,14,14,14,14,14,4,4,0,10,14,0,1.0,CONTRIBUTING
Correct,1056,12344,20,5,5,5,5,5,1,1,0,4,5,0,1.0,CONTRIBUTING
Correct,1057,7150,20,20,20,20,20,20,10,10,0,10,20,0,1.0,CONTRIBUTING
Correct,1058,7130,20,20,20,20,20,20,0,0,0,20,20,0,1.0,CONTRIBUTING
Correct,1059,10538,20,11,11,11,11,11,1,1,0,10,11,0,1.0,CONTRIBUTING
Correct,1060,11312,20,7,7,7,7,7,0,0,0,7,7,0,1.0,CONTRIBUTING
Correct,1061,3213,20,13,13,13,13,13,3,1,2,10,11,2,0.8461538461538461,CONTRIBUTING
Correct,1062,10251,20,4,4,4,4,4,0,0,0,4,4,0,1.0,CONTRIBUTING
Correct,1063,23996,20,2,2,2,2,2,0,0,0,2,2,0,1.0,CONTRIBUTING
Correct,1064,21036,20,5,5,5,5,5,0,0,0,5,5,0,1.0,CONTRIBUTING
Correct,1065,13227,20,5,5,5,5,5,3,0,3,2,2,3,0.4,CONTRIBUTING
Correct,1066,21952,20,0,0,0,0,0,0,0,0,0,0,0,,Z0_NO_VISIBLE_SAMPLED_SLOT
Correct,1067,25740,20,1,1,1,1,1,0,0,0,1,1,0,1.0,CONTRIBUTING
Correct,1068,23118,20,3,3,3,3,3,0,0,0,3,3,0,1.0,CONTRIBUTING
Correct,1069,2376,20,4,4,4,4,4,0,0,0,4,4,0,1.0,CONTRIBUTING
Correct,1070,24036,20,11,11,11,11,11,3,1,2,8,9,2,0.8181818181818182,CONTRIBUTING
Correct,1071,11267,20,1,1,1,1,1,0,0,0,1,1,0,1.0,CONTRIBUTING
Correct,1072,16848,20,4,4,4,4,4,0,0,0,4,4,0,1.0,CONTRIBUTING
Correct,1073,21041,20,8,8,8,8,8,0,0,0,8,8,0,1.0,CONTRIBUTING
Correct,1074,8164,20,13,13,13,13,13,3,0,3,10,10,3,0.7692307692307693,CONTRIBUTING
Correct,1075,24011,20,7,7,7,7,7,2,1,1,5,6,1,0.8571428571428571,CONTRIBUTING
Correct,1076,13370,20,13,13,13,13,13,1,0,1,12,12,1,0.9230769230769231,CONTRIBUTING
Correct,1077,5203,20,3,3,3,3,3,0,0,0,3,3,0,1.0,CONTRIBUTING
Correct,1078,14071,20,1,1,1,1,1,0,0,0,1,1,0,1.0,CONTRIBUTING
Correct,1079,21165,20,11,11,11,11,11,0,0,0,11,11,0,1.0,CONTRIBUTING
Correct,1080,11711,20,18,18,18,18,18,5,3,2,13,16,2,0.8888888888888888,CONTRIBUTING
Correct,1081,26724,20,3,3,3,3,3,0,0,0,3,3,0,1.0,CONTRIBUTING
Correct,1082,1845,20,19,19,19,19,19,3,1,2,16,17,2,0.8947368421052632,CONTRIBUTING
Correct,1083,3284,20,5,5,5,5,5,0,0,0,5,5,0,1.0,CONTRIBUTING
Correct,1084,20010,20,0,0,0,0,0,0,0,0,0,0,0,,Z0_NO_VISIBLE_SAMPLED_SLOT
Correct,1085,3377,20,12,12,12,12,12,0,0,0,12,12,0,1.0,CONTRIBUTING
Correct,1086,1215,20,4,4,4,4,4,1,0,1,3,3,1,0.75,CONTRIBUTING
Correct,1087,19923,20,1,1,1,1,1,0,0,0,1,1,0,1.0,CONTRIBUTING
Correct,1088,5145,20,5,5,5,5,5,1,1,0,4,5,0,1.0,CONTRIBUTING
Correct,1089,10354,20,18,18,18,18,18,4,1,3,14,15,3,0.8333333333333334,CONTRIBUTING
Correct,1090,616,20,15,15,15,15,15,7,7,0,8,15,0,1.0,CONTRIBUTING
Correct,1091,21957,20,11,11,11,11,11,1,0,1,10,10,1,0.9090909090909091,CONTRIBUTING
Correct,1092,25278,20,8,8,8,8,8,2,0,2,6,6,2,0.75,CONTRIBUTING
Correct,1093,518,20,6,6,6,6,6,0,0,0,6,6,0,1.0,CONTRIBUTING
Correct,1094,15988,20,15,15,15,15,15,7,3,4,8,11,4,0.7333333333333333,CONTRIBUTING
Correct,1095,743,20,0,0,0,0,0,0,0,0,0,0,0,,Z0_NO_VISIBLE_SAMPLED_SLOT
Correct,1096,20869,20,1,1,1,1,1,0,0,0,1,1,0,1.0,CONTRIBUTING
Correct,1097,25826,20,15,15,15,15,15,2,0,2,13,13,2,0.8666666666666667,CONTRIBUTING
Correct,1098,14125,20,3,3,3,3,3,0,0,0,3,3,0,1.0,CONTRIBUTING
Correct,1099,12246,20,10,10,10,10,10,0,0,0,10,10,0,1.0,CONTRIBUTING
Correct,1100,11119,20,2,2,2,2,2,0,0,0,2,2,0,1.0,CONTRIBUTING
Correct,1101,2371,20,2,2,2,2,2,0,0,0,2,2,0,1.0,CONTRIBUTING
Correct,1102,248,20,16,16,16,16,16,3,2,1,13,15,1,0.9375,CONTRIBUTING
Correct,1103,1698,20,9,9,9,9,9,1,1,0,8,9,0,1.0,CONTRIBUTING
Correct,1104,9190,20,16,16,16,16,16,0,0,0,16,16,0,1.0,CONTRIBUTING
Correct,1105,14105,20,0,0,0,0,0,0,0,0,0,0,0,,Z0_NO_VISIBLE_SAMPLED_SLOT
Correct,1106,27633,20,20,20,20,20,20,1,0,1,19,19,1,0.95,CONTRIBUTING
Correct,1107,6988,20,8,8,8,8,8,2,2,0,6,8,0,1.0,CONTRIBUTING
Correct,1108,27981,20,19,19,19,19,19,3,3,0,16,19,0,1.0,CONTRIBUTING
Correct,1109,20987,20,4,4,4,4,4,0,0,0,4,4,0,1.0,CONTRIBUTING
Correct,1110,9092,20,20,20,20,20,20,0,0,0,20,20,0,1.0,CONTRIBUTING
Correct,1111,18744,20,14,14,14,14,14,10,8,2,4,12,2,0.8571428571428571,CONTRIBUTING
Correct,1112,2541,20,20,20,20,20,20,4,3,1,16,19,1,0.95,CONTRIBUTING
Correct,1113,2421,20,12,12,12,12,12,1,0,1,11,11,1,0.9166666666666666,CONTRIBUTING
Correct,1114,25775,20,5,5,5,5,5,1,1,0,4,5,0,1.0,CONTRIBUTING
Correct,1115,12314,20,0,0,0,0,0,0,0,0,0,0,0,,Z0_NO_VISIBLE_SAMPLED_SLOT
Correct,1116,18027,20,12,12,12,12,12,4,4,0,8,12,0,1.0,CONTRIBUTING
Correct,1117,8274,20,3,3,3,3,3,0,0,0,3,3,0,1.0,CONTRIBUTING
Correct,1118,15835,20,0,0,0,0,0,0,0,0,0,0,0,,Z0_NO_VISIBLE_SAMPLED_SLOT
Correct,1119,10197,20,2,2,2,2,2,0,0,0,2,2,0,1.0,CONTRIBUTING
Correct,1120,8179,20,9,9,9,9,9,2,2,0,7,9,0,1.0,CONTRIBUTING
Correct,1121,15845,20,8,8,8,8,8,1,0,1,7,7,1,0.875,CONTRIBUTING
Correct,1122,1826,20,1,1,1,1,1,0,0,0,1,1,0,1.0,CONTRIBUTING
Correct,1123,6039,20,13,13,13,13,13,2,0,2,11,11,2,0.8461538461538461,CONTRIBUTING
Correct,1124,23044,20,0,0,0,0,0,0,0,0,0,0,0,,Z0_NO_VISIBLE_SAMPLED_SLOT
Correct,1125,3223,20,1,1,1,1,1,0,0,0,1,1,0,1.0,CONTRIBUTING
Correct,1126,24059,20,7,7,7,7,7,2,2,0,5,7,0,1.0,CONTRIBUTING
Correct,1127,27152,20,2,2,2,2,2,2,1,1,0,1,1,0.5,CONTRIBUTING
Correct,1128,860,20,3,3,3,3,3,1,1,0,2,3,0,1.0,CONTRIBUTING
Correct,1129,16225,20,19,19,19,19,19,6,3,3,13,16,3,0.8421052631578947,CONTRIBUTING
Correct,1130,10344,20,9,9,9,9,9,2,0,2,7,7,2,0.7777777777777778,CONTRIBUTING
Correct,1131,2288,20,14,14,14,14,14,7,0,7,7,7,7,0.5,CONTRIBUTING
Correct,1132,9264,20,19,19,19,19,19,3,2,1,16,18,1,0.9473684210526315,CONTRIBUTING
Correct,1133,3119,20,18,18,18,18,18,1,0,1,17,17,1,0.9444444444444444,CONTRIBUTING
Correct,1134,1279,20,19,19,19,19,19,4,4,0,15,19,0,1.0,CONTRIBUTING
Correct,1135,9083,20,20,20,20,20,20,0,0,0,20,20,0,1.0,CONTRIBUTING
Correct,1136,2411,20,19,19,19,19,19,3,0,3,16,16,3,0.8421052631578947,CONTRIBUTING
Correct,1137,18725,20,0,0,0,0,0,0,0,0,0,0,0,,Z0_NO_VISIBLE_SAMPLED_SLOT
Correct,1138,17016,20,4,4,4,4,4,0,0,0,4,4,0,1.0,CONTRIBUTING
Correct,1139,3289,20,4,4,4,4,4,0,0,0,4,4,0,1.0,CONTRIBUTING
Correct,1140,18008,20,2,2,2,2,2,1,0,1,1,1,1,0.5,CONTRIBUTING
Correct,1141,3150,20,1,1,1,1,1,0,0,0,1,1,0,1.0,CONTRIBUTING
Correct,1142,513,20,0,0,0,0,0,0,0,0,0,0,0,,Z0_NO_VISIBLE_SAMPLED_SLOT
Correct,1143,6051,20,9,9,9,9,9,0,0,0,9,9,0,1.0,CONTRIBUTING
Correct,1144,14731,20,1,1,1,1,1,0,0,0,1,1,0,1.0,CONTRIBUTING
Correct,1145,7194,20,7,7,7,7,7,1,1,0,6,7,0,1.0,CONTRIBUTING
Correct,1146,12255,20,19,19,19,19,19,3,3,0,16,19,0,1.0,CONTRIBUTING
Correct,1147,27742,20,0,0,0,0,0,0,0,0,0,0,0,,Z0_NO_VISIBLE_SAMPLED_SLOT
Correct,1148,8141,20,3,3,3,3,3,0,0,0,3,3,0,1.0,CONTRIBUTING
Correct,1149,4082,20,0,0,0,0,0,0,0,0,0,0,0,,Z0_NO_VISIBLE_SAMPLED_SLOT
Correct,1150,14959,20,6,6,6,6,6,0,0,0,6,6,0,1.0,CONTRIBUTING
Correct,1151,7894,20,0,0,0,0,0,0,0,0,0,0,0,,Z0_NO_VISIBLE_SAMPLED_SLOT
Correct,1152,15855,20,0,0,0,0,0,0,0,0,0,0,0,,Z0_NO_VISIBLE_SAMPLED_SLOT
Correct,1153,24981,20,6,6,6,6,6,1,0,1,5,5,1,0.8333333333333334,CONTRIBUTING
Correct,1154,22051,20,5,5,5,5,5,0,0,0,5,5,0,1.0,CONTRIBUTING
Correct,1155,26535,20,0,0,0,0,0,0,0,0,0,0,0,,Z0_NO_VISIBLE_SAMPLED_SLOT
Correct,1156,5076,20,2,2,2,2,2,0,0,0,2,2,0,1.0,CONTRIBUTING
Correct,1157,13388,20,19,19,19,19,19,4,1,3,15,16,3,0.8421052631578947,CONTRIBUTING
Correct,1158,8169,20,7,7,7,7,7,1,1,0,6,7,0,1.0,CONTRIBUTING
Correct,1159,26758,20,5,5,5,5,5,0,0,0,5,5,0,1.0,CONTRIBUTING
Correct,1160,23163,20,15,15,15,15,15,2,2,0,13,15,0,1.0,CONTRIBUTING
Correct,1161,4093,20,13,13,13,13,13,1,1,0,12,13,0,1.0,CONTRIBUTING
Correct,1162,17929,20,9,9,9,9,9,0,0,0,9,9,0,1.0,CONTRIBUTING
Correct,1163,13307,20,2,2,2,2,2,0,0,0,2,2,0,1.0,CONTRIBUTING
Correct,1164,24924,20,7,7,7,7,7,0,0,0,7,7,0,1.0,CONTRIBUTING
Correct,1165,1659,20,0,0,0,0,0,0,0,0,0,0,0,,Z0_NO_VISIBLE_SAMPLED_SLOT
Correct,1166,19874,20,9,9,9,9,9,1,0,1,8,8,1,0.8888888888888888,CONTRIBUTING
Correct,1167,27281,20,1,1,1,1,1,0,0,0,1,1,0,1.0,CONTRIBUTING
Correct,1168,5130,20,0,0,0,0,0,0,0,0,0,0,0,,Z0_NO_VISIBLE_SAMPLED_SLOT
Correct,1169,12398,20,8,8,8,8,8,0,0,0,8,8,0,1.0,CONTRIBUTING
Correct,1170,1841,20,11,11,11,11,11,3,1,2,8,9,2,0.8181818181818182,CONTRIBUTING
Correct,1171,28017,20,20,20,20,20,20,7,7,0,13,20,0,1.0,CONTRIBUTING
Correct,1172,6121,20,5,5,5,5,5,0,0,0,5,5,0,1.0,CONTRIBUTING
Correct,1173,18067,20,11,11,11,11,11,1,0,1,10,10,1,0.9090909090909091,CONTRIBUTING
Correct,1174,21016,20,14,14,14,14,14,2,1,1,12,13,1,0.9285714285714286,CONTRIBUTING
Correct,1175,15914,20,2,2,2,2,2,0,0,0,2,2,0,1.0,CONTRIBUTING
Correct,1176,10449,20,16,16,16,16,16,2,0,2,14,14,2,0.875,CONTRIBUTING
Correct,1177,4156,20,7,7,7,7,7,0,0,0,7,7,0,1.0,CONTRIBUTING
Correct,1178,23982,20,5,5,5,5,5,0,0,0,5,5,0,1.0,CONTRIBUTING
Correct,1179,27846,20,7,7,7,7,7,2,0,2,5,5,2,0.7142857142857143,CONTRIBUTING
Correct,1180,16913,20,10,10,10,10,10,0,0,0,10,10,0,1.0,CONTRIBUTING
Correct,1181,3155,20,14,14,14,14,14,0,0,0,14,14,0,1.0,CONTRIBUTING
Correct,1182,7809,20,0,0,0,0,0,0,0,0,0,0,0,,Z0_NO_VISIBLE_SAMPLED_SLOT
Correct,1183,1654,20,1,1,1,1,1,0,0,0,1,1,0,1.0,CONTRIBUTING
Correct,1184,7889,20,1,1,1,1,1,0,0,0,1,1,0,1.0,CONTRIBUTING
Correct,1185,5154,20,13,13,13,13,13,2,0,2,11,11,2,0.8461538461538461,CONTRIBUTING
Correct,1186,14895,20,0,0,0,0,0,0,0,0,0,0,0,,Z0_NO_VISIBLE_SAMPLED_SLOT
Correct,1187,9340,20,7,7,7,7,7,0,0,0,7,7,0,1.0,CONTRIBUTING
Correct,1188,6229,20,9,9,9,9,9,2,2,0,7,9,0,1.0,CONTRIBUTING
Correct,1189,27021,20,0,0,0,0,0,0,0,0,0,0,0,,Z0_NO_VISIBLE_SAMPLED_SLOT
Correct,1190,18838,20,5,5,5,5,5,2,0,2,3,3,2,0.6,CONTRIBUTING
Correct,1191,16991,20,2,2,2,2,2,0,0,0,2,2,0,1.0,CONTRIBUTING
Correct,1192,15017,20,13,13,13,13,13,0,0,0,13,13,0,1.0,CONTRIBUTING
Correct,1193,5120,20,1,1,1,1,1,1,1,0,0,1,0,1.0,CONTRIBUTING
Correct,1194,19953,20,12,12,12,12,12,0,0,0,12,12,0,1.0,CONTRIBUTING
Correct,1195,2357,20,2,2,2,2,2,1,1,0,1,2,0,1.0,CONTRIBUTING
Correct,1196,19119,20,5,5,5,5,5,1,1,0,4,5,0,1.0,CONTRIBUTING
Correct,1197,26646,20,8,8,8,8,8,1,0,1,7,7,1,0.875,CONTRIBUTING
Correct,1198,16898,20,4,4,4,4,4,0,0,0,4,4,0,1.0,CONTRIBUTING
Correct,1199,15815,20,8,8,8,8,8,0,0,0,8,8,0,1.0,CONTRIBUTING
Correct,1200,25754,20,18,18,18,18,18,4,3,1,14,17,1,0.9444444444444444,CONTRIBUTING
Correct,1201,15899,20,4,4,4,4,4,1,0,1,3,3,1,0.75,CONTRIBUTING
Correct,1202,19963,20,8,8,8,8,8,0,0,0,8,8,0,1.0,CONTRIBUTING
Correct,1203,16526,20,1,1,1,1,1,0,0,0,1,1,0,1.0,CONTRIBUTING
Correct,1204,25078,20,15,15,15,15,15,8,7,1,7,14,1,0.9333333333333333,CONTRIBUTING
Correct,1205,26336,20,2,2,2,2,2,0,0,0,2,2,0,1.0,CONTRIBUTING
Correct,1206,25819,20,13,13,13,13,13,1,0,1,12,12,1,0.9230769230769231,CONTRIBUTING
Correct,1207,26946,20,1,1,1,1,1,0,0,0,1,1,0,1.0,CONTRIBUTING
Correct,1208,14752,20,0,0,0,0,0,0,0,0,0,0,0,,Z0_NO_VISIBLE_SAMPLED_SLOT
Correct,1209,20933,20,0,0,0,0,0,0,0,0,0,0,0,,Z0_NO_VISIBLE_SAMPLED_SLOT
Correct,1210,27857,20,20,20,20,20,20,5,3,2,15,18,2,0.9,CONTRIBUTING
Correct,1211,25735,20,2,2,2,2,2,0,0,0,2,2,0,1.0,CONTRIBUTING
Correct,1212,23860,20,1,1,1,1,1,1,0,1,0,0,1,0.0,Z3_HAS_CANDIDATES_BUT_ALWAYS_LOSES_COLLISION
Correct,1213,26739,20,7,7,7,7,7,3,3,0,4,7,0,1.0,CONTRIBUTING
Correct,1214,27613,20,7,7,7,7,7,1,1,0,6,7,0,1.0,CONTRIBUTING
Correct,1215,24942,20,8,8,8,8,8,1,0,1,7,7,1,0.875,CONTRIBUTING
Correct,1216,20982,20,0,0,0,0,0,0,0,0,0,0,0,,Z0_NO_VISIBLE_SAMPLED_SLOT
Correct,1217,2721,20,17,17,17,17,17,2,0,2,15,15,2,0.8823529411764706,CONTRIBUTING
Correct,1218,4072,20,2,2,2,2,2,0,0,0,2,2,0,1.0,CONTRIBUTING
Correct,1219,17944,20,15,15,15,15,15,3,2,1,12,14,1,0.9333333333333333,CONTRIBUTING
Correct,1220,25809,20,8,8,8,8,8,1,1,0,7,8,0,1.0,CONTRIBUTING
Correct,1221,2406,20,18,18,18,18,18,0,0,0,18,18,0,1.0,CONTRIBUTING
Correct,1222,7136,20,20,20,20,20,20,0,0,0,20,20,0,1.0,CONTRIBUTING
Correct,1223,9200,20,0,0,0,0,0,0,0,0,0,0,0,,Z0_NO_VISIBLE_SAMPLED_SLOT
Correct,1224,7107,20,15,15,15,15,15,3,1,2,12,13,2,0.8666666666666667,CONTRIBUTING
Correct,1225,19830,20,3,3,3,3,3,1,0,1,2,2,1,0.6666666666666666,CONTRIBUTING
Correct,1226,2293,20,20,20,20,20,20,18,8,10,2,10,10,0.5,CONTRIBUTING
Correct,1227,19933,20,5,5,5,5,5,0,0,0,5,5,0,1.0,CONTRIBUTING
Correct,1228,13013,20,5,5,5,5,5,0,0,0,5,5,0,1.0,CONTRIBUTING
Correct,1229,4186,20,12,12,12,12,12,3,3,0,9,12,0,1.0,CONTRIBUTING
Correct,1230,8189,20,17,17,17,17,17,2,1,1,15,16,1,0.9411764705882353,CONTRIBUTING
Correct,1231,13223,20,2,2,2,2,2,0,0,0,2,2,0,1.0,CONTRIBUTING
Correct,1232,22016,20,4,4,4,4,4,0,0,0,4,4,0,1.0,CONTRIBUTING
Correct,1233,15003,20,6,6,6,6,6,0,0,0,6,6,0,1.0,CONTRIBUTING
Correct,1234,13237,20,16,16,16,16,16,5,3,2,11,14,2,0.875,CONTRIBUTING
Correct,1235,20418,20,20,20,20,20,20,0,0,0,20,20,0,1.0,CONTRIBUTING
Correct,1236,20864,20,0,0,0,0,0,0,0,0,0,0,0,,Z0_NO_VISIBLE_SAMPLED_SLOT
Correct,1237,13331,20,4,4,4,4,4,1,0,1,3,3,1,0.75,CONTRIBUTING
Correct,1238,7804,20,0,0,0,0,0,0,0,0,0,0,0,,Z0_NO_VISIBLE_SAMPLED_SLOT
Correct,1239,20903,20,0,0,0,0,0,0,0,0,0,0,0,,Z0_NO_VISIBLE_SAMPLED_SLOT
Correct,1240,7082,20,15,15,15,15,15,6,3,3,9,12,3,0.8,CONTRIBUTING
Correct,1241,27809,20,7,7,7,7,7,2,1,1,5,6,1,0.8571428571428571,CONTRIBUTING
Correct,1242,4309,20,7,7,7,7,7,0,0,0,7,7,0,1.0,CONTRIBUTING
Correct,1243,17949,20,13,13,13,13,13,3,2,1,10,12,1,0.9230769230769231,CONTRIBUTING
Correct,1244,8031,20,0,0,0,0,0,0,0,0,0,0,0,,Z0_NO_VISIBLE_SAMPLED_SLOT
Correct,1245,6925,20,20,20,20,20,20,0,0,0,20,20,0,1.0,CONTRIBUTING
Correct,1246,7318,20,10,10,10,10,10,0,0,0,10,10,0,1.0,CONTRIBUTING
Correct,1247,4985,20,14,14,14,14,14,2,0,2,12,12,2,0.8571428571428571,CONTRIBUTING
Correct,1248,2416,20,20,20,20,20,20,3,2,1,17,19,1,0.95,CONTRIBUTING
Correct,1249,27108,20,18,18,18,18,18,3,0,3,15,15,3,0.8333333333333334,CONTRIBUTING
Correct,1250,17677,20,8,8,8,8,8,3,0,3,5,5,3,0.625,CONTRIBUTING
Correct,1251,16962,20,4,4,4,4,4,0,0,0,4,4,0,1.0,CONTRIBUTING
Correct,1252,8289,20,14,14,14,14,14,7,6,1,7,13,1,0.9285714285714286,CONTRIBUTING
Correct,1253,1261,20,5,5,5,5,5,0,0,0,5,5,0,1.0,CONTRIBUTING
Correct,1254,12363,20,2,2,2,2,2,1,0,1,1,1,1,0.5,CONTRIBUTING
Correct,1255,6949,20,7,7,7,7,7,1,0,1,6,6,1,0.8571428571428571,CONTRIBUTING
Correct,1256,14905,20,0,0,0,0,0,0,0,0,0,0,0,,Z0_NO_VISIBLE_SAMPLED_SLOT
Identity-Shuffled,0,12270,20,10,10,10,10,10,3,1,2,7,8,2,0.8,CONTRIBUTING
Identity-Shuffled,1,25631,20,3,3,3,3,3,0,0,0,3,3,0,1.0,CONTRIBUTING
Identity-Shuffled,2,4181,20,9,9,9,9,9,0,0,0,9,9,0,1.0,CONTRIBUTING
Identity-Shuffled,3,11514,20,3,3,3,3,3,0,0,0,3,3,0,1.0,CONTRIBUTING
Identity-Shuffled,4,8199,20,17,17,17,17,17,2,2,0,15,17,0,1.0,CONTRIBUTING
Identity-Shuffled,5,2366,20,0,0,0,0,0,0,0,0,0,0,0,,Z0_NO_VISIBLE_SAMPLED_SLOT
Identity-Shuffled,6,16868,20,0,0,0,0,0,0,0,0,0,0,0,,Z0_NO_VISIBLE_SAMPLED_SLOT
Identity-Shuffled,7,22075,20,15,15,15,15,15,7,4,3,8,12,3,0.8,CONTRIBUTING
Identity-Shuffled,8,16981,20,8,8,8,8,8,0,0,0,8,8,0,1.0,CONTRIBUTING
Identity-Shuffled,9,21002,20,17,17,17,17,17,1,1,0,16,17,0,1.0,CONTRIBUTING
Identity-Shuffled,10,8225,20,3,3,3,3,3,0,0,0,3,3,0,1.0,CONTRIBUTING
Identity-Shuffled,11,3235,20,20,20,20,20,20,1,1,0,19,20,0,1.0,CONTRIBUTING
Identity-Shuffled,12,21160,20,3,3,3,3,3,0,0,0,3,3,0,1.0,CONTRIBUTING
Identity-Shuffled,13,18872,20,15,15,15,15,15,0,0,0,15,15,0,1.0,CONTRIBUTING
Identity-Shuffled,14,18052,20,13,13,13,13,13,4,3,1,9,12,1,0.9230769230769231,CONTRIBUTING
Identity-Shuffled,15,23015,20,2,2,2,2,2,0,0,0,2,2,0,1.0,CONTRIBUTING
Identity-Shuffled,16,25851,20,7,7,7,7,7,1,0,1,6,6,1,0.8571428571428571,CONTRIBUTING
Identity-Shuffled,17,18764,20,5,5,5,5,5,1,0,1,4,4,1,0.8,CONTRIBUTING
Identity-Shuffled,18,2840,20,1,1,1,1,1,0,0,0,1,1,0,1.0,CONTRIBUTING
Identity-Shuffled,19,6087,20,1,1,1,1,1,0,0,0,1,1,0,1.0,CONTRIBUTING
Identity-Shuffled,20,11346,20,10,10,10,10,10,0,0,0,10,10,0,1.0,CONTRIBUTING
Identity-Shuffled,21,10319,20,18,18,18,18,18,6,1,5,12,13,5,0.7222222222222222,CONTRIBUTING
Identity-Shuffled,22,1709,20,5,5,5,5,5,0,0,0,5,5,0,1.0,CONTRIBUTING
Identity-Shuffled,23,270,20,19,19,19,19,19,3,2,1,16,18,1,0.9473684210526315,CONTRIBUTING
Identity-Shuffled,24,23040,20,8,8,8,8,8,4,4,0,4,8,0,1.0,CONTRIBUTING
Identity-Shuffled,25,14090,20,0,0,0,0,0,0,0,0,0,0,0,,Z0_NO_VISIBLE_SAMPLED_SLOT
Identity-Shuffled,26,1583,20,0,0,0,0,0,0,0,0,0,0,0,,Z0_NO_VISIBLE_SAMPLED_SLOT
Identity-Shuffled,27,27132,20,9,9,9,9,9,0,0,0,9,9,0,1.0,CONTRIBUTING
Identity-Shuffled,28,14969,20,5,5,5,5,5,0,0,0,5,5,0,1.0,CONTRIBUTING
Identity-Shuffled,29,23010,20,10,10,10,10,10,2,1,1,8,9,1,0.9,CONTRIBUTING
Identity-Shuffled,30,131,20,11,11,11,11,11,3,0,3,8,8,3,0.7272727272727273,CONTRIBUTING
Identity-Shuffled,31,4146,20,17,17,17,17,17,4,3,1,13,16,1,0.9411764705882353,CONTRIBUTING
Identity-Shuffled,32,17988,20,15,15,15,15,15,0,0,0,15,15,0,1.0,CONTRIBUTING
Identity-Shuffled,33,2342,20,2,2,2,2,2,0,0,0,2,2,0,1.0,CONTRIBUTING
Identity-Shuffled,34,19919,20,1,1,1,1,1,0,0,0,1,1,0,1.0,CONTRIBUTING
Identity-Shuffled,35,11322,20,14,14,14,14,14,0,0,0,14,14,0,1.0,CONTRIBUTING
Identity-Shuffled,36,18794,20,15,15,15,15,15,0,0,0,15,15,0,1.0,CONTRIBUTING
Identity-Shuffled,37,7283,20,12,12,12,12,12,1,1,0,11,12,0,1.0,CONTRIBUTING
Identity-Shuffled,38,4281,20,1,1,1,1,1,0,0,0,1,1,0,1.0,CONTRIBUTING
Identity-Shuffled,39,15919,20,2,2,2,2,2,0,0,0,2,2,0,1.0,CONTRIBUTING
Identity-Shuffled,40,24128,20,12,12,12,12,12,2,1,1,10,11,1,0.9166666666666666,CONTRIBUTING
Identity-Shuffled,41,18779,20,5,5,5,5,5,2,2,0,3,5,0,1.0,CONTRIBUTING
Identity-Shuffled,42,11361,20,10,10,10,10,10,2,1,1,8,9,1,0.9,CONTRIBUTING
Identity-Shuffled,43,425,20,0,0,0,0,0,0,0,0,0,0,0,,Z0_NO_VISIBLE_SAMPLED_SLOT
Identity-Shuffled,44,21031,20,10,10,10,10,10,1,0,1,9,9,1,0.9,CONTRIBUTING
Identity-Shuffled,45,24138,20,5,5,5,5,5,0,0,0,5,5,0,1.0,CONTRIBUTING
Identity-Shuffled,46,9289,20,9,9,9,9,9,0,0,0,9,9,0,1.0,CONTRIBUTING
Identity-Shuffled,47,17880,20,13,13,13,13,13,0,0,0,13,13,0,1.0,CONTRIBUTING
Identity-Shuffled,48,27103,20,2,2,2,2,2,1,0,1,1,1,1,0.5,CONTRIBUTING
Identity-Shuffled,49,15860,20,7,7,7,7,7,0,0,0,7,7,0,1.0,CONTRIBUTING
Identity-Shuffled,50,6399,20,2,2,2,2,2,0,0,0,2,2,0,1.0,CONTRIBUTING
Identity-Shuffled,51,18716,20,20,20,20,20,20,0,0,0,20,20,0,1.0,CONTRIBUTING
Identity-Shuffled,52,9359,20,0,0,0,0,0,0,0,0,0,0,0,,Z0_NO_VISIBLE_SAMPLED_SLOT
Identity-Shuffled,53,24031,20,8,8,8,8,8,3,1,2,5,6,2,0.75,CONTRIBUTING
Identity-Shuffled,54,22036,20,14,14,14,14,14,0,0,0,14,14,0,1.0,CONTRIBUTING
Identity-Shuffled,55,16977,20,14,14,14,14,14,3,3,0,11,14,0,1.0,CONTRIBUTING
Identity-Shuffled,56,3228,20,3,3,3,3,3,1,0,1,2,2,1,0.6666666666666666,CONTRIBUTING
Identity-Shuffled,57,15954,20,9,9,9,9,9,1,1,0,8,9,0,1.0,CONTRIBUTING
Identity-Shuffled,58,14979,20,9,9,9,9,9,0,0,0,9,9,0,1.0,CONTRIBUTING
Identity-Shuffled,59,1728,20,4,4,4,4,4,2,2,0,2,4,0,1.0,CONTRIBUTING
Identity-Shuffled,60,1292,20,3,3,3,3,3,0,0,0,3,3,0,1.0,CONTRIBUTING
Identity-Shuffled,61,9229,20,2,2,2,2,2,0,0,0,2,2,0,1.0,CONTRIBUTING
Identity-Shuffled,62,1191,20,17,17,17,17,17,4,0,4,13,13,4,0.7647058823529411,CONTRIBUTING
Identity-Shuffled,63,9097,20,20,20,20,20,20,0,0,0,20,20,0,1.0,CONTRIBUTING
Identity-Shuffled,64,26709,20,2,2,2,2,2,0,0,0,2,2,0,1.0,CONTRIBUTING
Identity-Shuffled,65,24884,20,1,1,1,1,1,0,0,0,1,1,0,1.0,CONTRIBUTING
Identity-Shuffled,66,12383,20,5,5,5,5,5,2,2,0,3,5,0,1.0,CONTRIBUTING
Identity-Shuffled,67,24709,20,0,0,0,0,0,0,0,0,0,0,0,,Z0_NO_VISIBLE_SAMPLED_SLOT
Identity-Shuffled,68,25794,20,10,10,10,10,10,0,0,0,10,10,0,1.0,CONTRIBUTING
Identity-Shuffled,69,305,20,14,14,14,14,14,8,6,2,6,12,2,0.8571428571428571,CONTRIBUTING
Identity-Shuffled,70,8012,20,19,19,19,19,19,5,0,5,14,14,5,0.7368421052631579,CONTRIBUTING
Identity-Shuffled,71,9146,20,2,2,2,2,2,0,0,0,2,2,0,1.0,CONTRIBUTING
Identity-Shuffled,72,21021,20,16,16,16,16,16,1,1,0,15,16,0,1.0,CONTRIBUTING
Identity-Shuffled,73,8348,20,1,1,1,1,1,0,0,0,1,1,0,1.0,CONTRIBUTING
Identity-Shuffled,74,12238,20,20,20,20,20,20,0,0,0,20,20,0,1.0,CONTRIBUTING
Identity-Shuffled,75,25483,20,7,7,7,7,7,4,0,4,3,3,4,0.42857142857142855,CONTRIBUTING
Identity-Shuffled,76,25804,20,4,4,4,4,4,0,0,0,4,4,0,1.0,CONTRIBUTING
Identity-Shuffled,77,1689,20,3,3,3,3,3,1,0,1,2,2,1,0.6666666666666666,CONTRIBUTING
Identity-Shuffled,78,7200,20,7,7,7,7,7,2,0,2,5,5,2,0.7142857142857143,CONTRIBUTING
Identity-Shuffled,79,10275,20,10,10,10,10,10,1,0,1,9,9,1,0.9,CONTRIBUTING
Identity-Shuffled,80,4010,20,11,11,11,11,11,4,4,0,7,11,0,1.0,CONTRIBUTING
Identity-Shuffled,81,13351,20,9,9,9,9,9,3,2,1,6,8,1,0.8888888888888888,CONTRIBUTING
Identity-Shuffled,82,8002,20,20,20,20,20,20,0,0,0,20,20,0,1.0,CONTRIBUTING
Identity-Shuffled,83,24108,20,5,5,5,5,5,2,2,0,3,5,0,1.0,CONTRIBUTING
Identity-Shuffled,84,17895,20,7,7,7,7,7,2,2,0,5,7,0,1.0,CONTRIBUTING
Identity-Shuffled,85,803,20,14,14,14,14,14,2,0,2,12,12,2,0.8571428571428571,CONTRIBUTING
Identity-Shuffled,86,13218,20,20,20,20,20,20,0,0,0,20,20,0,1.0,CONTRIBUTING
Identity-Shuffled,87,3160,20,0,0,0,0,0,0,0,0,0,0,0,,Z0_NO_VISIBLE_SAMPLED_SLOT
Identity-Shuffled,88,9244,20,12,12,12,12,12,0,0,0,12,12,0,1.0,CONTRIBUTING
Identity-Shuffled,89,4019,20,20,20,20,20,20,0,0,0,20,20,0,1.0,CONTRIBUTING
Identity-Shuffled,90,18759,20,0,0,0,0,0,0,0,0,0,0,0,,Z0_NO_VISIBLE_SAMPLED_SLOT
Identity-Shuffled,91,9487,20,7,7,7,7,7,2,0,2,5,5,2,0.7142857142857143,CONTRIBUTING
Identity-Shuffled,92,10211,20,0,0,0,0,0,0,0,0,0,0,0,,Z0_NO_VISIBLE_SAMPLED_SLOT
Identity-Shuffled,93,1967,20,10,10,10,10,10,4,2,2,6,8,2,0.8,CONTRIBUTING
Identity-Shuffled,94,5086,20,3,3,3,3,3,1,0,1,2,2,1,0.6666666666666666,CONTRIBUTING
Identity-Shuffled,95,4798,20,20,20,20,20,20,0,0,0,20,20,0,1.0,CONTRIBUTING
Identity-Shuffled,96,27468,20,15,15,15,15,15,3,1,2,12,13,2,0.8666666666666667,CONTRIBUTING
Identity-Shuffled,97,3180,20,1,1,1,1,1,0,0,0,1,1,0,1.0,CONTRIBUTING
Identity-Shuffled,98,784,20,2,2,2,2,2,1,0,1,1,1,1,0.5,CONTRIBUTING
Identity-Shuffled,99,14095,20,2,2,2,2,2,0,0,0,2,2,0,1.0,CONTRIBUTING
Identity-Shuffled,100,12260,20,17,17,17,17,17,3,0,3,14,14,3,0.8235294117647058,CONTRIBUTING
Identity-Shuffled,101,2312,20,1,1,1,1,1,0,0,0,1,1,0,1.0,CONTRIBUTING
Identity-Shuffled,102,20019,20,3,3,3,3,3,0,0,0,3,3,0,1.0,CONTRIBUTING
Identity-Shuffled,103,23113,20,9,9,9,9,9,2,1,1,7,8,1,0.8888888888888888,CONTRIBUTING
Identity-Shuffled,104,4151,20,1,1,1,1,1,0,0,0,1,1,0,1.0,CONTRIBUTING
Identity-Shuffled,105,12284,20,4,4,4,4,4,0,0,0,4,4,0,1.0,CONTRIBUTING
Identity-Shuffled,106,2436,20,17,17,17,17,17,0,0,0,17,17,0,1.0,CONTRIBUTING
Identity-Shuffled,107,26352,20,10,10,10,10,10,0,0,0,10,10,0,1.0,CONTRIBUTING
Identity-Shuffled,108,21947,20,4,4,4,4,4,0,0,0,4,4,0,1.0,CONTRIBUTING
Identity-Shuffled,109,18047,20,10,10,10,10,10,0,0,0,10,10,0,1.0,CONTRIBUTING
Identity-Shuffled,110,7053,20,5,5,5,5,5,1,1,0,4,5,0,1.0,CONTRIBUTING
Identity-Shuffled,111,27869,20,20,20,20,20,20,1,0,1,19,19,1,0.95,CONTRIBUTING
Identity-Shuffled,112,15875,20,19,19,19,19,19,2,1,1,17,18,1,0.9473684210526315,CONTRIBUTING
Identity-Shuffled,113,1241,20,2,2,2,2,2,1,0,1,1,1,1,0.5,CONTRIBUTING
Identity-Shuffled,114,23090,20,0,0,0,0,0,0,0,0,0,0,0,,Z0_NO_VISIBLE_SAMPLED_SLOT
Identity-Shuffled,115,27381,20,10,10,10,10,10,1,1,0,9,10,0,1.0,CONTRIBUTING
Identity-Shuffled,116,15008,20,11,11,11,11,11,0,0,0,11,11,0,1.0,CONTRIBUTING
Identity-Shuffled,117,4037,20,2,2,2,2,2,0,0,0,2,2,0,1.0,CONTRIBUTING
Identity-Shuffled,118,14861,20,11,11,11,11,11,2,1,1,9,10,1,0.9090909090909091,CONTRIBUTING
Identity-Shuffled,119,6176,20,3,3,3,3,3,1,0,1,2,2,1,0.6666666666666666,CONTRIBUTING
Identity-Shuffled,120,24899,20,6,6,6,6,6,2,0,2,4,4,2,0.6666666666666666,CONTRIBUTING
Identity-Shuffled,121,21928,20,2,2,2,2,2,0,0,0,2,2,0,1.0,CONTRIBUTING
Identity-Shuffled,122,22118,20,12,12,12,12,12,10,0,10,2,2,10,0.16666666666666666,CONTRIBUTING
Identity-Shuffled,123,14066,20,2,2,2,2,2,0,0,0,2,2,0,1.0,CONTRIBUTING
Identity-Shuffled,124,8061,20,12,12,12,12,12,1,0,1,11,11,1,0.9166666666666666,CONTRIBUTING
Identity-Shuffled,125,12393,20,6,6,6,6,6,2,0,2,4,4,2,0.6666666666666666,CONTRIBUTING
Identity-Shuffled,126,14841,20,0,0,0,0,0,0,0,0,0,0,0,,Z0_NO_VISIBLE_SAMPLED_SLOT
Identity-Shuffled,127,13375,20,2,2,2,2,2,0,0,0,2,2,0,1.0,CONTRIBUTING
Identity-Shuffled,128,11406,20,18,18,18,18,18,0,0,0,18,18,0,1.0,CONTRIBUTING
Identity-Shuffled,129,8209,20,18,18,18,18,18,0,0,0,18,18,0,1.0,CONTRIBUTING
Identity-Shuffled,130,5047,20,6,6,6,6,6,0,0,0,6,6,0,1.0,CONTRIBUTING
Identity-Shuffled,131,5179,20,10,10,10,10,10,0,0,0,10,10,0,1.0,CONTRIBUTING
Identity-Shuffled,132,1649,20,0,0,0,0,0,0,0,0,0,0,0,,Z0_NO_VISIBLE_SAMPLED_SLOT
Identity-Shuffled,133,17001,20,4,4,4,4,4,0,0,0,4,4,0,1.0,CONTRIBUTING
Identity-Shuffled,134,2337,20,1,1,1,1,1,0,0,0,1,1,0,1.0,CONTRIBUTING
Identity-Shuffled,135,9948,20,20,20,20,20,20,0,0,0,20,20,0,1.0,CONTRIBUTING
Identity-Shuffled,136,24163,20,10,10,10,10,10,3,2,1,7,9,1,0.9,CONTRIBUTING
Identity-Shuffled,137,28001,20,7,7,7,7,7,1,0,1,6,6,1,0.8571428571428571,CONTRIBUTING
Identity-Shuffled,138,9472,20,5,5,5,5,5,0,0,0,5,5,0,1.0,CONTRIBUTING
Identity-Shuffled,139,23138,20,12,12,12,12,12,1,0,1,11,11,1,0.9166666666666666,CONTRIBUTING
Identity-Shuffled,140,13261,20,1,1,1,1,1,0,0,0,1,1,0,1.0,CONTRIBUTING
Identity-Shuffled,141,5174,20,7,7,7,7,7,1,0,1,6,6,1,0.8571428571428571,CONTRIBUTING
Identity-Shuffled,142,24153,20,2,2,2,2,2,0,0,0,2,2,0,1.0,CONTRIBUTING
Identity-Shuffled,143,26326,20,7,7,7,7,7,1,0,1,6,6,1,0.8571428571428571,CONTRIBUTING
Identity-Shuffled,144,9225,20,3,3,3,3,3,0,0,0,3,3,0,1.0,CONTRIBUTING
Identity-Shuffled,145,5110,20,2,2,2,2,2,0,0,0,2,2,0,1.0,CONTRIBUTING
Identity-Shuffled,146,10359,20,13,13,13,13,13,0,0,0,13,13,0,1.0,CONTRIBUTING
Identity-Shuffled,147,503,20,7,7,7,7,7,0,0,0,7,7,0,1.0,CONTRIBUTING
Identity-Shuffled,148,12388,20,7,7,7,7,7,0,0,0,7,7,0,1.0,CONTRIBUTING
Identity-Shuffled,149,11244,20,1,1,1,1,1,0,0,0,1,1,0,1.0,CONTRIBUTING
Identity-Shuffled,150,25731,20,4,4,4,4,4,1,0,1,3,3,1,0.75,CONTRIBUTING
Identity-Shuffled,151,15870,20,12,12,12,12,12,1,1,0,11,12,0,1.0,CONTRIBUTING
Identity-Shuffled,152,17909,20,0,0,0,0,0,0,0,0,0,0,0,,Z0_NO_VISIBLE_SAMPLED_SLOT
Identity-Shuffled,153,14055,20,6,6,6,6,6,1,0,1,5,5,1,0.8333333333333334,CONTRIBUTING
Identity-Shuffled,154,21932,20,8,8,8,8,8,2,0,2,6,6,2,0.75,CONTRIBUTING
Identity-Shuffled,155,10167,20,20,20,20,20,20,0,0,0,20,20,0,1.0,CONTRIBUTING
Identity-Shuffled,156,22231,20,16,16,16,16,16,3,1,2,13,14,2,0.875,CONTRIBUTING
Identity-Shuffled,157,20898,20,0,0,0,0,0,0,0,0,0,0,0,,Z0_NO_VISIBLE_SAMPLED_SLOT
Identity-Shuffled,158,11233,20,16,16,16,16,16,1,1,0,15,16,0,1.0,CONTRIBUTING
Identity-Shuffled,159,25746,20,1,1,1,1,1,0,0,0,1,1,0,1.0,CONTRIBUTING
Identity-Shuffled,160,27118,20,7,7,7,7,7,2,2,0,5,7,0,1.0,CONTRIBUTING
Identity-Shuffled,161,15796,20,3,3,3,3,3,1,1,0,2,3,0,1.0,CONTRIBUTING
Identity-Shuffled,162,19973,20,11,11,11,11,11,3,2,1,8,10,1,0.9090909090909091,CONTRIBUTING
Identity-Shuffled,163,12339,20,15,15,15,15,15,2,2,0,13,15,0,1.0,CONTRIBUTING
Identity-Shuffled,164,18003,20,2,2,2,2,2,0,0,0,2,2,0,1.0,CONTRIBUTING
Identity-Shuffled,165,6259,20,6,6,6,6,6,0,0,0,6,6,0,1.0,CONTRIBUTING
Identity-Shuffled,166,11204,20,20,20,20,20,20,0,0,0,20,20,0,1.0,CONTRIBUTING
Identity-Shuffled,167,27918,20,20,20,20,20,20,0,0,0,20,20,0,1.0,CONTRIBUTING
Identity-Shuffled,168,7033,20,2,2,2,2,2,1,1,0,1,2,0,1.0,CONTRIBUTING
Identity-Shuffled,169,20962,20,0,0,0,0,0,0,0,0,0,0,0,,Z0_NO_VISIBLE_SAMPLED_SLOT
Identity-Shuffled,170,23133,20,6,6,6,6,6,1,0,1,5,5,1,0.8333333333333334,CONTRIBUTING
Identity-Shuffled,171,9161,20,12,12,12,12,12,1,1,0,11,12,0,1.0,CONTRIBUTING
Identity-Shuffled,172,1704,20,2,2,2,2,2,0,0,0,2,2,0,1.0,CONTRIBUTING
Identity-Shuffled,173,14120,20,3,3,3,3,3,1,0,1,2,2,1,0.6666666666666666,CONTRIBUTING
Identity-Shuffled,174,15895,20,1,1,1,1,1,0,0,0,1,1,0,1.0,CONTRIBUTING
Identity-Shuffled,175,469,20,3,3,3,3,3,2,1,1,1,2,1,0.6666666666666666,CONTRIBUTING
Identity-Shuffled,176,2298,20,7,7,7,7,7,5,0,5,2,2,5,0.2857142857142857,CONTRIBUTING
Identity-Shuffled,177,3208,20,15,15,15,15,15,2,0,2,13,13,2,0.8666666666666667,CONTRIBUTING
Identity-Shuffled,178,2327,20,1,1,1,1,1,0,0,0,1,1,0,1.0,CONTRIBUTING
Identity-Shuffled,179,15826,20,13,13,13,13,13,0,0,0,13,13,0,1.0,CONTRIBUTING
Identity-Shuffled,180,19894,20,0,0,0,0,0,0,0,0,0,0,0,,Z0_NO_VISIBLE_SAMPLED_SLOT
Identity-Shuffled,181,25769,20,6,6,6,6,6,1,1,0,5,6,0,1.0,CONTRIBUTING
Identity-Shuffled,182,24870,20,1,1,1,1,1,0,0,0,1,1,0,1.0,CONTRIBUTING
Identity-Shuffled,183,8159,20,3,3,3,3,3,0,0,0,3,3,0,1.0,CONTRIBUTING
Identity-Shuffled,184,12280,20,3,3,3,3,3,1,0,1,2,2,1,0.6666666666666666,CONTRIBUTING
Identity-Shuffled,185,22095,20,9,9,9,9,9,0,0,0,9,9,0,1.0,CONTRIBUTING
Identity-Shuffled,186,7058,20,8,8,8,8,8,0,0,0,8,8,0,1.0,CONTRIBUTING
Identity-Shuffled,187,21913,20,20,20,20,20,20,0,0,0,20,20,0,1.0,CONTRIBUTING
Identity-Shuffled,188,14299,20,9,9,9,9,9,1,1,0,8,9,0,1.0,CONTRIBUTING
Identity-Shuffled,189,9428,20,6,6,6,6,6,3,2,1,3,5,1,0.8333333333333334,CONTRIBUTING
Identity-Shuffled,190,24952,20,10,10,10,10,10,1,0,1,9,9,1,0.9,CONTRIBUTING
Identity-Shuffled,191,23025,20,1,1,1,1,1,0,0,0,1,1,0,1.0,CONTRIBUTING
Identity-Shuffled,192,27818,20,8,8,8,8,8,1,0,1,7,7,1,0.875,CONTRIBUTING
Identity-Shuffled,193,13247,20,0,0,0,0,0,0,0,0,0,0,0,,Z0_NO_VISIBLE_SAMPLED_SLOT
Identity-Shuffled,194,26282,20,0,0,0,0,0,0,0,0,0,0,0,,Z0_NO_VISIBLE_SAMPLED_SLOT
Identity-Shuffled,195,12324,20,5,5,5,5,5,3,1,2,2,3,2,0.6,CONTRIBUTING
Identity-Shuffled,196,21967,20,1,1,1,1,1,1,0,1,0,0,1,0.0,Z3_HAS_CANDIDATES_BUT_ALWAYS_LOSES_COLLISION
Identity-Shuffled,197,17978,20,5,5,5,5,5,1,1,0,4,5,0,1.0,CONTRIBUTING
Identity-Shuffled,198,14027,20,0,0,0,0,0,0,0,0,0,0,0,,Z0_NO_VISIBLE_SAMPLED_SLOT
Identity-Shuffled,199,24123,20,8,8,8,8,8,0,0,0,8,8,0,1.0,CONTRIBUTING
Identity-Shuffled,200,15890,20,1,1,1,1,1,0,0,0,1,1,0,1.0,CONTRIBUTING
Identity-Shuffled,201,25846,20,13,13,13,13,13,2,1,1,11,12,1,0.9230769230769231,CONTRIBUTING
Identity-Shuffled,202,14945,20,8,8,8,8,8,0,0,0,8,8,0,1.0,CONTRIBUTING
Identity-Shuffled,203,464,20,14,14,14,14,14,1,1,0,13,14,0,1.0,CONTRIBUTING
Identity-Shuffled,204,7072,20,10,10,10,10,10,3,1,2,7,8,2,0.8,CONTRIBUTING
Identity-Shuffled,205,12241,20,20,20,20,20,20,0,0,0,20,20,0,1.0,CONTRIBUTING
Identity-Shuffled,206,7126,20,17,17,17,17,17,2,1,1,15,16,1,0.9411764705882353,CONTRIBUTING
Identity-Shuffled,207,6974,20,12,12,12,12,12,2,2,0,10,12,0,1.0,CONTRIBUTING
Identity-Shuffled,208,19944,20,17,17,17,17,17,4,2,2,13,15,2,0.8823529411764706,CONTRIBUTING
Identity-Shuffled,209,63,20,13,13,13,13,13,6,0,6,7,7,6,0.5384615384615384,CONTRIBUTING
Identity-Shuffled,210,4137,20,4,4,4,4,4,1,1,0,3,4,0,1.0,CONTRIBUTING
Identity-Shuffled,211,23069,20,1,1,1,1,1,0,0,0,1,1,0,1.0,CONTRIBUTING
Identity-Shuffled,212,1745,20,20,20,20,20,20,8,0,8,12,12,8,0.6,CONTRIBUTING
Identity-Shuffled,213,10295,20,0,0,0,0,0,0,0,0,0,0,0,,Z0_NO_VISIBLE_SAMPLED_SLOT
Identity-Shuffled,214,6219,20,13,13,13,13,13,2,2,0,11,13,0,1.0,CONTRIBUTING
Identity-Shuffled,215,24074,20,11,11,11,11,11,2,1,1,9,10,1,0.9090909090909091,CONTRIBUTING
Identity-Shuffled,216,10100,20,1,1,1,1,1,0,0,0,1,1,0,1.0,CONTRIBUTING
Identity-Shuffled,217,19114,20,5,5,5,5,5,1,1,0,4,5,0,1.0,CONTRIBUTING
Identity-Shuffled,218,18834,20,15,15,15,15,15,2,1,1,13,14,1,0.9333333333333333,CONTRIBUTING
Identity-Shuffled,219,3894,20,0,0,0,0,0,0,0,0,0,0,0,,Z0_NO_VISIBLE_SAMPLED_SLOT
Identity-Shuffled,220,7008,20,2,2,2,2,2,0,0,0,2,2,0,1.0,CONTRIBUTING
Identity-Shuffled,221,11430,20,0,0,0,0,0,0,0,0,0,0,0,,Z0_NO_VISIBLE_SAMPLED_SLOT
Identity-Shuffled,222,24986,20,5,5,5,5,5,0,0,0,5,5,0,1.0,CONTRIBUTING
Identity-Shuffled,223,22085,20,16,16,16,16,16,1,1,0,15,16,0,1.0,CONTRIBUTING
Identity-Shuffled,224,24880,20,2,2,2,2,2,0,0,0,2,2,0,1.0,CONTRIBUTING
Identity-Shuffled,225,6224,20,14,14,14,14,14,3,3,0,11,14,0,1.0,CONTRIBUTING
Identity-Shuffled,226,11228,20,16,16,16,16,16,0,0,0,16,16,0,1.0,CONTRIBUTING
Identity-Shuffled,227,27638,20,13,13,13,13,13,1,1,0,12,13,0,1.0,CONTRIBUTING
Identity-Shuffled,228,6096,20,19,19,19,19,19,4,1,3,15,16,3,0.8421052631578947,CONTRIBUTING
Identity-Shuffled,229,20860,20,12,12,12,12,12,0,0,0,12,12,0,1.0,CONTRIBUTING
Identity-Shuffled,230,14017,20,3,3,3,3,3,0,0,0,3,3,0,1.0,CONTRIBUTING
Identity-Shuffled,231,7451,20,2,2,2,2,2,0,0,0,2,2,0,1.0,CONTRIBUTING
Identity-Shuffled,232,9403,20,0,0,0,0,0,0,0,0,0,0,0,,Z0_NO_VISIBLE_SAMPLED_SLOT
Identity-Shuffled,233,18784,20,8,8,8,8,8,1,0,1,7,7,1,0.875,CONTRIBUTING
Identity-Shuffled,234,3175,20,0,0,0,0,0,0,0,0,0,0,0,,Z0_NO_VISIBLE_SAMPLED_SLOT
Identity-Shuffled,235,17045,20,19,19,19,19,19,7,3,4,12,15,4,0.7894736842105263,CONTRIBUTING
Identity-Shuffled,236,9117,20,0,0,0,0,0,0,0,0,0,0,0,,Z0_NO_VISIBLE_SAMPLED_SLOT
Identity-Shuffled,237,2081,20,4,4,4,4,4,2,0,2,2,2,2,0.5,CONTRIBUTING
Identity-Shuffled,238,14989,20,15,15,15,15,15,3,0,3,12,12,3,0.8,CONTRIBUTING
Identity-Shuffled,239,20854,20,14,14,14,14,14,0,0,0,14,14,0,1.0,CONTRIBUTING
Identity-Shuffled,240,26321,20,14,14,14,14,14,3,1,2,11,12,2,0.8571428571428571,CONTRIBUTING
Identity-Shuffled,241,25659,20,8,8,8,8,8,0,0,0,8,8,0,1.0,CONTRIBUTING
Identity-Shuffled,242,26534,20,3,3,3,3,3,0,0,0,3,3,0,1.0,CONTRIBUTING
Identity-Shuffled,243,1245,20,13,13,13,13,13,3,0,3,10,10,3,0.7692307692307693,CONTRIBUTING
Identity-Shuffled,244,847,20,20,20,20,20,20,1,1,0,19,20,0,1.0,CONTRIBUTING
Identity-Shuffled,245,17899,20,10,10,10,10,10,1,1,0,9,10,0,1.0,CONTRIBUTING
Identity-Shuffled,246,22055,20,4,4,4,4,4,1,1,0,3,4,0,1.0,CONTRIBUTING
Identity-Shuffled,247,13243,20,18,18,18,18,18,4,4,0,14,18,0,1.0,CONTRIBUTING
Identity-Shuffled,248,18032,20,0,0,0,0,0,0,0,0,0,0,0,,Z0_NO_VISIBLE_SAMPLED_SLOT
Identity-Shuffled,249,17973,20,1,1,1,1,1,0,0,0,1,1,0,1.0,CONTRIBUTING
Identity-Shuffled,250,3303,20,19,19,19,19,19,3,0,3,16,16,3,0.8421052631578947,CONTRIBUTING
Identity-Shuffled,251,12124,20,3,3,3,3,3,1,1,0,2,3,0,1.0,CONTRIBUTING
Identity-Shuffled,252,7062,20,3,3,3,3,3,0,0,0,3,3,0,1.0,CONTRIBUTING
Identity-Shuffled,253,27093,20,17,17,17,17,17,0,0,0,17,17,0,1.0,CONTRIBUTING
Identity-Shuffled,254,6244,20,10,10,10,10,10,0,0,0,10,10,0,1.0,CONTRIBUTING
Identity-Shuffled,255,23991,20,4,4,4,4,4,2,0,2,2,2,2,0.5,CONTRIBUTING
Identity-Shuffled,256,12413,20,11,11,11,11,11,1,1,0,10,11,0,1.0,CONTRIBUTING
Identity-Shuffled,257,24006,20,5,5,5,5,5,1,0,1,4,4,1,0.8,CONTRIBUTING
Identity-Shuffled,258,238,20,7,7,7,7,7,1,1,0,6,7,0,1.0,CONTRIBUTING
Identity-Shuffled,259,27900,20,20,20,20,20,20,0,0,0,20,20,0,1.0,CONTRIBUTING
Identity-Shuffled,260,8154,20,7,7,7,7,7,1,0,1,6,6,1,0.8571428571428571,CONTRIBUTING
Identity-Shuffled,261,14001,20,6,6,6,6,6,1,0,1,5,5,1,0.8333333333333334,CONTRIBUTING
Identity-Shuffled,262,18808,20,1,1,1,1,1,0,0,0,1,1,0,1.0,CONTRIBUTING
Identity-Shuffled,263,14984,20,15,15,15,15,15,2,0,2,13,13,2,0.8666666666666667,CONTRIBUTING
Identity-Shuffled,264,1665,20,0,0,0,0,0,0,0,0,0,0,0,,Z0_NO_VISIBLE_SAMPLED_SLOT
Identity-Shuffled,265,21026,20,13,13,13,13,13,2,1,1,11,12,1,0.9230769230769231,CONTRIBUTING
Identity-Shuffled,266,22002,20,9,9,9,9,9,1,0,1,8,8,1,0.8888888888888888,CONTRIBUTING
Identity-Shuffled,267,7043,20,1,1,1,1,1,0,0,0,1,1,0,1.0,CONTRIBUTING
Identity-Shuffled,268,14100,20,0,0,0,0,0,0,0,0,0,0,0,,Z0_NO_VISIBLE_SAMPLED_SLOT
Identity-Shuffled,269,1694,20,4,4,4,4,4,2,0,2,2,2,2,0.5,CONTRIBUTING
Identity-Shuffled,270,9166,20,6,6,6,6,6,0,0,0,6,6,0,1.0,CONTRIBUTING
Identity-Shuffled,271,18790,20,3,3,3,3,3,0,0,0,3,3,0,1.0,CONTRIBUTING
Identity-Shuffled,272,18862,20,7,7,7,7,7,2,2,0,5,7,0,1.0,CONTRIBUTING
Identity-Shuffled,273,24143,20,4,4,4,4,4,0,0,0,4,4,0,1.0,CONTRIBUTING
Identity-Shuffled,274,25011,20,16,16,16,16,16,0,0,0,16,16,0,1.0,CONTRIBUTING
Identity-Shuffled,275,22007,20,6,6,6,6,6,2,2,0,4,6,0,1.0,CONTRIBUTING
Identity-Shuffled,276,27127,20,13,13,13,13,13,0,0,0,13,13,0,1.0,CONTRIBUTING
Identity-Shuffled,277,17958,20,20,20,20,20,20,2,2,0,18,20,0,1.0,CONTRIBUTING
Identity-Shuffled,278,8100,20,0,0,0,0,0,0,0,0,0,0,0,,Z0_NO_VISIBLE_SAMPLED_SLOT
Identity-Shuffled,279,259,20,20,20,20,20,20,10,2,8,10,12,8,0.6,CONTRIBUTING
Identity-Shuffled,280,14925,20,1,1,1,1,1,1,1,0,0,1,0,1.0,CONTRIBUTING
Identity-Shuffled,281,8145,20,4,4,4,4,4,0,0,0,4,4,0,1.0,CONTRIBUTING
Identity-Shuffled,282,4190,20,16,16,16,16,16,3,1,2,13,14,2,0.875,CONTRIBUTING
Identity-Shuffled,283,4107,20,6,6,6,6,6,0,0,0,6,6,0,1.0,CONTRIBUTING
Identity-Shuffled,284,7048,20,2,2,2,2,2,0,0,0,2,2,0,1.0,CONTRIBUTING
Identity-Shuffled,285,479,20,1,1,1,1,1,0,0,0,1,1,0,1.0,CONTRIBUTING
Identity-Shuffled,286,13459,20,1,1,1,1,1,0,0,0,1,1,0,1.0,CONTRIBUTING
Identity-Shuffled,287,16957,20,4,4,4,4,4,0,0,0,4,4,0,1.0,CONTRIBUTING
Identity-Shuffled,288,14437,20,4,4,4,4,4,1,0,1,3,3,1,0.75,CONTRIBUTING
Identity-Shuffled,289,18754,20,2,2,2,2,2,1,0,1,1,1,1,0.5,CONTRIBUTING
Identity-Shuffled,290,1674,20,0,0,0,0,0,0,0,0,0,0,0,,Z0_NO_VISIBLE_SAMPLED_SLOT
Identity-Shuffled,291,3131,20,18,18,18,18,18,0,0,0,18,18,0,1.0,CONTRIBUTING
Identity-Shuffled,292,4127,20,18,18,18,18,18,0,0,0,18,18,0,1.0,CONTRIBUTING
Identity-Shuffled,293,10193,20,19,19,19,19,19,5,0,5,14,14,5,0.7368421052631579,CONTRIBUTING
Identity-Shuffled,294,13355,20,7,7,7,7,7,1,0,1,6,6,1,0.8571428571428571,CONTRIBUTING
Identity-Shuffled,295,2318,20,0,0,0,0,0,0,0,0,0,0,0,,Z0_NO_VISIBLE_SAMPLED_SLOT
Identity-Shuffled,296,1733,20,13,13,13,13,13,2,2,0,11,13,0,1.0,CONTRIBUTING
Identity-Shuffled,297,21962,20,1,1,1,1,1,0,0,0,1,1,0,1.0,CONTRIBUTING
Identity-Shuffled,298,28051,20,20,20,20,20,20,0,0,0,20,20,0,1.0,CONTRIBUTING
Identity-Shuffled,299,9087,20,20,20,20,20,20,0,0,0,20,20,0,1.0,CONTRIBUTING
Identity-Shuffled,300,7185,20,3,3,3,3,3,1,1,0,2,3,0,1.0,CONTRIBUTING
Identity-Shuffled,301,11283,20,13,13,13,13,13,1,0,1,12,12,1,0.9230769230769231,CONTRIBUTING
Identity-Shuffled,302,14940,20,12,12,12,12,12,0,0,0,12,12,0,1.0,CONTRIBUTING
Identity-Shuffled,303,18897,20,7,7,7,7,7,0,0,0,7,7,0,1.0,CONTRIBUTING
Identity-Shuffled,304,11214,20,2,2,2,2,2,0,0,0,2,2,0,1.0,CONTRIBUTING
Identity-Shuffled,305,2362,20,1,1,1,1,1,0,0,0,1,1,0,1.0,CONTRIBUTING
Identity-Shuffled,306,16888,20,4,4,4,4,4,0,0,0,4,4,0,1.0,CONTRIBUTING
Identity-Shuffled,307,8016,20,12,12,12,12,12,5,5,0,7,12,0,1.0,CONTRIBUTING
Identity-Shuffled,308,3254,20,18,18,18,18,18,3,1,2,15,16,2,0.8888888888888888,CONTRIBUTING
Identity-Shuffled,309,25799,20,7,7,7,7,7,0,0,0,7,7,0,1.0,CONTRIBUTING
Identity-Shuffled,310,19565,20,20,20,20,20,20,2,0,2,18,18,2,0.9,CONTRIBUTING
Identity-Shuffled,311,13301,20,11,11,11,11,11,1,0,1,10,10,1,0.9090909090909091,CONTRIBUTING
Identity-Shuffled,312,19978,20,2,2,2,2,2,0,0,0,2,2,0,1.0,CONTRIBUTING
Identity-Shuffled,313,9239,20,4,4,4,4,4,0,0,0,4,4,0,1.0,CONTRIBUTING
Identity-Shuffled,314,20849,20,20,20,20,20,20,0,0,0,20,20,0,1.0,CONTRIBUTING
Identity-Shuffled,315,15924,20,0,0,0,0,0,0,0,0,0,0,0,,Z0_NO_VISIBLE_SAMPLED_SLOT
Identity-Shuffled,316,7997,20,20,20,20,20,20,0,0,0,20,20,0,1.0,CONTRIBUTING
Identity-Shuffled,317,18818,20,1,1,1,1,1,0,0,0,1,1,0,1.0,CONTRIBUTING
Identity-Shuffled,318,23108,20,7,7,7,7,7,1,0,1,6,6,1,0.8571428571428571,CONTRIBUTING
Identity-Shuffled,319,473,20,2,2,2,2,2,1,1,0,1,2,0,1.0,CONTRIBUTING
Identity-Shuffled,320,2557,20,20,20,20,20,20,1,1,0,19,20,0,1.0,CONTRIBUTING
Identity-Shuffled,321,2332,20,1,1,1,1,1,0,0,0,1,1,0,1.0,CONTRIBUTING
Identity-Shuffled,322,6998,20,2,2,2,2,2,1,0,1,1,1,1,0.5,CONTRIBUTING
Identity-Shuffled,323,27137,20,10,10,10,10,10,1,1,0,9,10,0,1.0,CONTRIBUTING
Identity-Shuffled,324,20996,20,17,17,17,17,17,5,0,5,12,12,5,0.7058823529411765,CONTRIBUTING
Identity-Shuffled,325,25836,20,6,6,6,6,6,0,0,0,6,6,0,1.0,CONTRIBUTING
Identity-Shuffled,326,22985,20,0,0,0,0,0,0,0,0,0,0,0,,Z0_NO_VISIBLE_SAMPLED_SLOT
Identity-Shuffled,327,11209,20,20,20,20,20,20,0,0,0,20,20,0,1.0,CONTRIBUTING
Identity-Shuffled,328,18857,20,0,0,0,0,0,0,0,0,0,0,0,,Z0_NO_VISIBLE_SAMPLED_SLOT
Identity-Shuffled,329,12290,20,0,0,0,0,0,0,0,0,0,0,0,,Z0_NO_VISIBLE_SAMPLED_SLOT
Identity-Shuffled,330,9279,20,10,10,10,10,10,1,0,1,9,9,1,0.9,CONTRIBUTING
Identity-Shuffled,331,108,20,17,17,17,17,17,3,2,1,14,16,1,0.9411764705882353,CONTRIBUTING
Identity-Shuffled,332,27737,20,1,1,1,1,1,0,0,0,1,1,0,1.0,CONTRIBUTING
Identity-Shuffled,333,24016,20,14,14,14,14,14,2,2,0,12,14,0,1.0,CONTRIBUTING
Identity-Shuffled,334,14993,20,16,16,16,16,16,3,2,1,13,15,1,0.9375,CONTRIBUTING
Identity-Shuffled,335,26361,20,9,9,9,9,9,0,0,0,9,9,0,1.0,CONTRIBUTING
Identity-Shuffled,336,24699,20,10,10,10,10,10,1,0,1,9,9,1,0.9,CONTRIBUTING
Identity-Shuffled,337,18290,20,12,12,12,12,12,5,1,4,7,8,4,0.6666666666666666,CONTRIBUTING
Identity-Shuffled,338,24050,20,7,7,7,7,7,3,0,3,4,4,3,0.5714285714285714,CONTRIBUTING
Identity-Shuffled,339,11254,20,1,1,1,1,1,0,0,0,1,1,0,1.0,CONTRIBUTING
Identity-Shuffled,340,27532,20,3,3,3,3,3,1,0,1,2,2,1,0.6666666666666666,CONTRIBUTING
Identity-Shuffled,341,21056,20,5,5,5,5,5,3,3,0,2,5,0,1.0,CONTRIBUTING
Identity-Shuffled,342,23986,20,0,0,0,0,0,0,0,0,0,0,0,,Z0_NO_VISIBLE_SAMPLED_SLOT
Identity-Shuffled,343,20928,20,4,4,4,4,4,2,0,2,2,2,2,0.5,CONTRIBUTING
Identity-Shuffled,344,21136,20,2,2,2,2,2,0,0,0,2,2,0,1.0,CONTRIBUTING
Identity-Shuffled,345,16918,20,5,5,5,5,5,1,1,0,4,5,0,1.0,CONTRIBUTING
Identity-Shuffled,346,4176,20,10,10,10,10,10,0,0,0,10,10,0,1.0,CONTRIBUTING
Identity-Shuffled,347,27147,20,11,11,11,11,11,1,0,1,10,10,1,0.9090909090909091,CONTRIBUTING
Identity-Shuffled,348,6116,20,11,11,11,11,11,2,0,2,9,9,2,0.8181818181818182,CONTRIBUTING
Identity-Shuffled,349,7028,20,0,0,0,0,0,0,0,0,0,0,0,,Z0_NO_VISIBLE_SAMPLED_SLOT
Identity-Shuffled,350,13087,20,1,1,1,1,1,0,0,0,1,1,0,1.0,CONTRIBUTING
Identity-Shuffled,351,25856,20,20,20,20,20,20,2,1,1,18,19,1,0.95,CONTRIBUTING
Identity-Shuffled,352,17919,20,6,6,6,6,6,0,0,0,6,6,0,1.0,CONTRIBUTING
Identity-Shuffled,353,5210,20,20,20,20,20,20,0,0,0,20,20,0,1.0,CONTRIBUTING
Identity-Shuffled,354,11263,20,1,1,1,1,1,1,0,1,0,0,1,0.0,Z3_HAS_CANDIDATES_BUT_ALWAYS_LOSES_COLLISION
Identity-Shuffled,355,26360,20,9,9,9,9,9,1,0,1,8,8,1,0.8888888888888888,CONTRIBUTING
Identity-Shuffled,356,13393,20,15,15,15,15,15,5,0,5,10,10,5,0.6666666666666666,CONTRIBUTING
Identity-Shuffled,357,25002,20,11,11,11,11,11,5,4,1,6,10,1,0.9090909090909091,CONTRIBUTING
Identity-Shuffled,358,5105,20,4,4,4,4,4,0,0,0,4,4,0,1.0,CONTRIBUTING
Identity-Shuffled,359,19820,20,7,7,7,7,7,1,0,1,6,6,1,0.8571428571428571,CONTRIBUTING
Identity-Shuffled,360,18774,20,3,3,3,3,3,3,1,2,0,1,2,0.3333333333333333,CONTRIBUTING
Identity-Shuffled,361,17924,20,0,0,0,0,0,0,0,0,0,0,0,,Z0_NO_VISIBLE_SAMPLED_SLOT
Identity-Shuffled,362,8037,20,1,1,1,1,1,0,0,0,1,1,0,1.0,CONTRIBUTING
Identity-Shuffled,363,3279,20,8,8,8,8,8,1,1,0,7,8,0,1.0,CONTRIBUTING
Identity-Shuffled,364,1221,20,1,1,1,1,1,1,1,0,0,1,0,1.0,CONTRIBUTING
Identity-Shuffled,365,12456,20,0,0,0,0,0,0,0,0,0,0,0,,Z0_NO_VISIBLE_SAMPLED_SLOT
Identity-Shuffled,366,5057,20,1,1,1,1,1,0,0,0,1,1,0,1.0,CONTRIBUTING
Identity-Shuffled,367,19904,20,10,10,10,10,10,1,0,1,9,9,1,0.9,CONTRIBUTING
Identity-Shuffled,368,2303,20,0,0,0,0,0,0,0,0,0,0,0,,Z0_NO_VISIBLE_SAMPLED_SLOT
Identity-Shuffled,369,3250,20,16,16,16,16,16,3,2,1,13,15,1,0.9375,CONTRIBUTING
Identity-Shuffled,370,16667,20,7,7,7,7,7,1,0,1,6,6,1,0.8571428571428571,CONTRIBUTING
Identity-Shuffled,371,7092,20,6,6,6,6,6,1,0,1,5,5,1,0.8333333333333334,CONTRIBUTING
Identity-Shuffled,372,10231,20,2,2,2,2,2,0,0,0,2,2,0,1.0,CONTRIBUTING
Identity-Shuffled,373,20874,20,0,0,0,0,0,0,0,0,0,0,0,,Z0_NO_VISIBLE_SAMPLED_SLOT
Identity-Shuffled,374,13083,20,4,4,4,4,4,0,0,0,4,4,0,1.0,CONTRIBUTING
Identity-Shuffled,375,1718,20,8,8,8,8,8,0,0,0,8,8,0,1.0,CONTRIBUTING
Identity-Shuffled,376,1236,20,8,8,8,8,8,0,0,0,8,8,0,1.0,CONTRIBUTING
Identity-Shuffled,377,13341,20,8,8,8,8,8,0,0,0,8,8,0,1.0,CONTRIBUTING
Identity-Shuffled,378,12300,20,2,2,2,2,2,0,0,0,2,2,0,1.0,CONTRIBUTING
Identity-Shuffled,379,13858,20,2,2,2,2,2,1,0,1,1,1,1,0.5,CONTRIBUTING
Identity-Shuffled,380,5159,20,3,3,3,3,3,0,0,0,3,3,0,1.0,CONTRIBUTING
Identity-Shuffled,381,23661,20,8,8,8,8,8,5,0,5,3,3,5,0.375,CONTRIBUTING
Identity-Shuffled,382,27098,20,0,0,0,0,0,0,0,0,0,0,0,,Z0_NO_VISIBLE_SAMPLED_SLOT
Identity-Shuffled,383,4833,20,19,19,19,19,19,4,4,0,15,19,0,1.0,CONTRIBUTING
Identity-Shuffled,384,4171,20,15,15,15,15,15,1,1,0,14,15,0,1.0,CONTRIBUTING
Identity-Shuffled,385,16003,20,5,5,5,5,5,0,0,0,5,5,0,1.0,CONTRIBUTING
Identity-Shuffled,386,11391,20,8,8,8,8,8,1,0,1,7,7,1,0.875,CONTRIBUTING
Identity-Shuffled,387,17040,20,10,10,10,10,10,0,0,0,10,10,0,1.0,CONTRIBUTING
Identity-Shuffled,388,7117,20,18,18,18,18,18,1,0,1,17,17,1,0.9444444444444444,CONTRIBUTING
Identity-Shuffled,389,10313,20,5,5,5,5,5,0,0,0,5,5,0,1.0,CONTRIBUTING
Identity-Shuffled,390,2390,20,15,15,15,15,15,1,1,0,14,15,0,1.0,CONTRIBUTING
Identity-Shuffled,391,234,20,8,8,8,8,8,4,3,1,4,7,1,0.875,CONTRIBUTING
Identity-Shuffled,392,24166,20,14,14,14,14,14,3,1,2,11,12,2,0.8571428571428571,CONTRIBUTING
Identity-Shuffled,393,2323,20,2,2,2,2,2,0,0,0,2,2,0,1.0,CONTRIBUTING
Identity-Shuffled,394,27723,20,20,20,20,20,20,3,0,3,17,17,3,0.85,CONTRIBUTING
Identity-Shuffled,395,17963,20,2,2,2,2,2,0,0,0,2,2,0,1.0,CONTRIBUTING
Identity-Shuffled,396,44,20,20,20,20,20,20,5,4,1,15,19,1,0.95,CONTRIBUTING
Identity-Shuffled,397,16721,20,3,3,3,3,3,1,0,1,2,2,1,0.6666666666666666,CONTRIBUTING
Identity-Shuffled,398,8413,20,9,9,9,9,9,0,0,0,9,9,0,1.0,CONTRIBUTING
Identity-Shuffled,399,20893,20,2,2,2,2,2,1,0,1,1,1,1,0.5,CONTRIBUTING
Identity-Shuffled,400,17854,20,1,1,1,1,1,1,1,0,0,1,0,1.0,CONTRIBUTING
Identity-Shuffled,401,26753,20,13,13,13,13,13,0,0,0,13,13,0,1.0,CONTRIBUTING
Identity-Shuffled,402,7004,20,0,0,0,0,0,0,0,0,0,0,0,,Z0_NO_VISIBLE_SAMPLED_SLOT
Identity-Shuffled,403,4087,20,0,0,0,0,0,0,0,0,0,0,0,,Z0_NO_VISIBLE_SAMPLED_SLOT
Identity-Shuffled,404,768,20,9,9,9,9,9,1,0,1,8,8,1,0.8888888888888888,CONTRIBUTING
Identity-Shuffled,405,16883,20,6,6,6,6,6,0,0,0,6,6,0,1.0,CONTRIBUTING
Identity-Shuffled,406,17874,20,20,20,20,20,20,0,0,0,20,20,0,1.0,CONTRIBUTING
Identity-Shuffled,407,18951,20,10,10,10,10,10,2,2,0,8,10,0,1.0,CONTRIBUTING
Identity-Shuffled,408,5140,20,16,16,16,16,16,0,0,0,16,16,0,1.0,CONTRIBUTING
Identity-Shuffled,409,26346,20,10,10,10,10,10,0,0,0,10,10,0,1.0,CONTRIBUTING
Identity-Shuffled,410,26176,20,9,9,9,9,9,1,0,1,8,8,1,0.8888888888888888,CONTRIBUTING
Identity-Shuffled,411,25669,20,8,8,8,8,8,2,0,2,6,6,2,0.75,CONTRIBUTING
Identity-Shuffled,412,22060,20,5,5,5,5,5,1,1,0,4,5,0,1.0,CONTRIBUTING
Identity-Shuffled,413,9131,20,0,0,0,0,0,0,0,0,0,0,0,,Z0_NO_VISIBLE_SAMPLED_SLOT
Identity-Shuffled,414,25026,20,9,9,9,9,9,0,0,0,9,9,0,1.0,CONTRIBUTING
Identity-Shuffled,415,12319,20,0,0,0,0,0,0,0,0,0,0,0,,Z0_NO_VISIBLE_SAMPLED_SLOT
Identity-Shuffled,416,16967,20,2,2,2,2,2,0,0,0,2,2,0,1.0,CONTRIBUTING
Identity-Shuffled,417,7022,20,0,0,0,0,0,0,0,0,0,0,0,,Z0_NO_VISIBLE_SAMPLED_SLOT
Identity-Shuffled,418,12916,20,0,0,0,0,0,0,0,0,0,0,0,,Z0_NO_VISIBLE_SAMPLED_SLOT
Identity-Shuffled,419,9137,20,1,1,1,1,1,0,0,0,1,1,0,1.0,CONTRIBUTING
Identity-Shuffled,420,14216,20,2,2,2,2,2,2,0,2,0,0,2,0.0,Z3_HAS_CANDIDATES_BUT_ALWAYS_LOSES_COLLISION
Identity-Shuffled,421,23123,20,14,14,14,14,14,5,1,4,9,10,4,0.7142857142857143,CONTRIBUTING
Identity-Shuffled,422,14886,20,4,4,4,4,4,0,0,0,4,4,0,1.0,CONTRIBUTING
Identity-Shuffled,423,21972,20,6,6,6,6,6,1,0,1,5,5,1,0.8333333333333334,CONTRIBUTING
Identity-Shuffled,424,16986,20,3,3,3,3,3,0,0,0,3,3,0,1.0,CONTRIBUTING
Identity-Shuffled,425,18917,20,20,20,20,20,20,7,6,1,13,19,1,0.95,CONTRIBUTING
Identity-Shuffled,426,27397,20,3,3,3,3,3,0,0,0,3,3,0,1.0,CONTRIBUTING
Identity-Shuffled,427,6136,20,0,0,0,0,0,0,0,0,0,0,0,,Z0_NO_VISIBLE_SAMPLED_SLOT
Identity-Shuffled,428,10324,20,6,6,6,6,6,0,0,0,6,6,0,1.0,CONTRIBUTING
Identity-Shuffled,429,26783,20,1,1,1,1,1,0,0,0,1,1,0,1.0,CONTRIBUTING
Identity-Shuffled,430,9234,20,7,7,7,7,7,0,0,0,7,7,0,1.0,CONTRIBUTING
Identity-Shuffled,431,25016,20,13,13,13,13,13,1,0,1,12,12,1,0.9230769230769231,CONTRIBUTING
Identity-Shuffled,432,17011,20,14,14,14,14,14,3,2,1,11,13,1,0.9285714285714286,CONTRIBUTING
Identity-Shuffled,433,14110,20,3,3,3,3,3,1,0,1,2,2,1,0.6666666666666666,CONTRIBUTING
Identity-Shuffled,434,20104,20,5,5,5,5,5,0,0,0,5,5,0,1.0,CONTRIBUTING
Identity-Shuffled,435,18734,20,10,10,10,10,10,1,0,1,9,9,1,0.9,CONTRIBUTING
Identity-Shuffled,436,21060,20,18,18,18,18,18,4,1,3,14,15,3,0.8333333333333334,CONTRIBUTING
Identity-Shuffled,437,797,20,12,12,12,12,12,3,2,1,9,11,1,0.9166666666666666,CONTRIBUTING
Identity-Shuffled,438,24064,20,5,5,5,5,5,2,0,2,3,3,2,0.6,CONTRIBUTING
Identity-Shuffled,439,19968,20,4,4,4,4,4,0,0,0,4,4,0,1.0,CONTRIBUTING
Identity-Shuffled,440,23977,20,13,13,13,13,13,0,0,0,13,13,0,1.0,CONTRIBUTING
Identity-Shuffled,441,12369,20,3,3,3,3,3,0,0,0,3,3,0,1.0,CONTRIBUTING
Identity-Shuffled,442,24021,20,20,20,20,20,20,2,2,0,18,20,0,1.0,CONTRIBUTING
Identity-Shuffled,443,8392,20,7,7,7,7,7,1,1,0,6,7,0,1.0,CONTRIBUTING
Identity-Shuffled,444,20163,20,4,4,4,4,4,1,0,1,3,3,1,0.75,CONTRIBUTING
Identity-Shuffled,445,22958,20,15,15,15,15,15,0,0,0,15,15,0,1.0,CONTRIBUTING
Identity-Shuffled,446,6939,20,0,0,0,0,0,0,0,0,0,0,0,,Z0_NO_VISIBLE_SAMPLED_SLOT
Identity-Shuffled,447,27727,20,10,10,10,10,10,5,4,1,5,9,1,0.9,CONTRIBUTING
Identity-Shuffled,448,8051,20,0,0,0,0,0,0,0,0,0,0,0,,Z0_NO_VISIBLE_SAMPLED_SLOT
Identity-Shuffled,449,6180,20,0,0,0,0,0,0,0,0,0,0,0,,Z0_NO_VISIBLE_SAMPLED_SLOT
Identity-Shuffled,450,1683,20,1,1,1,1,1,0,0,0,1,1,0,1.0,CONTRIBUTING
Identity-Shuffled,451,23143,20,14,14,14,14,14,1,1,0,13,14,0,1.0,CONTRIBUTING
Identity-Shuffled,452,13322,20,15,15,15,15,15,1,1,0,14,15,0,1.0,CONTRIBUTING
Identity-Shuffled,453,23099,20,15,15,15,15,15,1,1,0,14,15,0,1.0,CONTRIBUTING
Identity-Shuffled,454,8080,20,11,11,11,11,11,4,3,1,7,10,1,0.9090909090909091,CONTRIBUTING
Identity-Shuffled,455,16996,20,13,13,13,13,13,6,2,4,7,9,4,0.6923076923076923,CONTRIBUTING
Identity-Shuffled,456,14866,20,1,1,1,1,1,0,0,0,1,1,0,1.0,CONTRIBUTING
Identity-Shuffled,457,4886,20,1,1,1,1,1,0,0,0,1,1,0,1.0,CONTRIBUTING
Identity-Shuffled,458,11509,20,2,2,2,2,2,1,0,1,1,1,1,0.5,CONTRIBUTING
Identity-Shuffled,459,10255,20,1,1,1,1,1,0,0,0,1,1,0,1.0,CONTRIBUTING
Identity-Shuffled,460,5007,20,20,20,20,20,20,0,0,0,20,20,0,1.0,CONTRIBUTING
Identity-Shuffled,461,13312,20,9,9,9,9,9,0,0,0,9,9,0,1.0,CONTRIBUTING
Identity-Shuffled,462,16843,20,18,18,18,18,18,1,0,1,17,17,1,0.9444444444444444,CONTRIBUTING
Identity-Shuffled,463,23035,20,7,7,7,7,7,2,2,0,5,7,0,1.0,CONTRIBUTING
Identity-Shuffled,464,14998,20,20,20,20,20,20,2,2,0,18,20,0,1.0,CONTRIBUTING
Identity-Shuffled,465,18072,20,14,14,14,14,14,5,2,3,9,11,3,0.7857142857142857,CONTRIBUTING
Identity-Shuffled,466,25006,20,7,7,7,7,7,2,1,1,5,6,1,0.8571428571428571,CONTRIBUTING
Identity-Shuffled,467,27156,20,12,12,12,12,12,2,1,1,10,11,1,0.9166666666666666,CONTRIBUTING
Identity-Shuffled,468,5018,20,4,4,4,4,4,0,0,0,4,4,0,1.0,CONTRIBUTING
Identity-Shuffled,469,25487,20,19,19,19,19,19,1,0,1,18,18,1,0.9473684210526315,CONTRIBUTING
Identity-Shuffled,470,4023,20,20,20,20,20,20,0,0,0,20,20,0,1.0,CONTRIBUTING
Identity-Shuffled,471,18804,20,2,2,2,2,2,0,0,0,2,2,0,1.0,CONTRIBUTING
Identity-Shuffled,472,5878,20,0,0,0,0,0,0,0,0,0,0,0,,Z0_NO_VISIBLE_SAMPLED_SLOT
Identity-Shuffled,473,22046,20,0,0,0,0,0,0,0,0,0,0,0,,Z0_NO_VISIBLE_SAMPLED_SLOT
Identity-Shuffled,474,14827,20,0,0,0,0,0,0,0,0,0,0,0,,Z0_NO_VISIBLE_SAMPLED_SLOT
Identity-Shuffled,475,24026,20,8,8,8,8,8,3,2,1,5,7,1,0.875,CONTRIBUTING
Identity-Shuffled,476,8302,20,14,14,14,14,14,4,1,3,10,11,3,0.7857142857142857,CONTRIBUTING
Identity-Shuffled,477,22031,20,14,14,14,14,14,0,0,0,14,14,0,1.0,CONTRIBUTING
Identity-Shuffled,478,242,20,1,1,1,1,1,0,0,0,1,1,0,1.0,CONTRIBUTING
Identity-Shuffled,479,4141,20,14,14,14,14,14,2,1,1,12,13,1,0.9285714285714286,CONTRIBUTING
Identity-Shuffled,480,10202,20,1,1,1,1,1,0,0,0,1,1,0,1.0,CONTRIBUTING
Identity-Shuffled,481,22990,20,0,0,0,0,0,0,0,0,0,0,0,,Z0_NO_VISIBLE_SAMPLED_SLOT
Identity-Shuffled,482,20907,20,4,4,4,4,4,0,0,0,4,4,0,1.0,CONTRIBUTING
Identity-Shuffled,483,26274,20,3,3,3,3,3,0,0,0,3,3,0,1.0,CONTRIBUTING
Identity-Shuffled,484,14086,20,1,1,1,1,1,0,0,0,1,1,0,1.0,CONTRIBUTING
Identity-Shuffled,485,1618,20,0,0,0,0,0,0,0,0,0,0,0,,Z0_NO_VISIBLE_SAMPLED_SLOT
Identity-Shuffled,486,20888,20,14,14,14,14,14,1,1,0,13,14,0,1.0,CONTRIBUTING
Identity-Shuffled,487,15909,20,2,2,2,2,2,1,1,0,1,2,0,1.0,CONTRIBUTING
Identity-Shuffled,488,9249,20,11,11,11,11,11,7,5,2,4,9,2,0.8181818181818182,CONTRIBUTING
Identity-Shuffled,489,13253,20,15,15,15,15,15,1,1,0,14,15,0,1.0,CONTRIBUTING
Identity-Shuffled,490,1550,20,4,4,4,4,4,1,0,1,3,3,1,0.75,CONTRIBUTING
Identity-Shuffled,491,25716,20,0,0,0,0,0,0,0,0,0,0,0,,Z0_NO_VISIBLE_SAMPLED_SLOT
Identity-Shuffled,492,827,20,16,16,16,16,16,8,3,5,8,11,5,0.6875,CONTRIBUTING
Identity-Shuffled,493,14032,20,1,1,1,1,1,0,0,0,1,1,0,1.0,CONTRIBUTING
Identity-Shuffled,494,22980,20,0,0,0,0,0,0,0,0,0,0,0,,Z0_NO_VISIBLE_SAMPLED_SLOT
Identity-Shuffled,495,25750,20,10,10,10,10,10,6,0,6,4,4,6,0.4,CONTRIBUTING
Identity-Shuffled,496,18749,20,11,11,11,11,11,0,0,0,11,11,0,1.0,CONTRIBUTING
Identity-Shuffled,497,26714,20,0,0,0,0,0,0,0,0,0,0,0,,Z0_NO_VISIBLE_SAMPLED_SLOT
Identity-Shuffled,498,10246,20,16,16,16,16,16,2,2,0,14,16,0,1.0,CONTRIBUTING
Identity-Shuffled,499,508,20,16,16,16,16,16,2,0,2,14,14,2,0.875,CONTRIBUTING
Identity-Shuffled,500,3298,20,14,14,14,14,14,5,5,0,9,14,0,1.0,CONTRIBUTING
Identity-Shuffled,501,788,20,17,17,17,17,17,0,0,0,17,17,0,1.0,CONTRIBUTING
Identity-Shuffled,502,12433,20,17,17,17,17,17,4,3,1,13,16,1,0.9411764705882353,CONTRIBUTING
Identity-Shuffled,503,1645,20,20,20,20,20,20,0,0,0,20,20,0,1.0,CONTRIBUTING
Identity-Shuffled,504,13317,20,10,10,10,10,10,3,1,2,7,8,2,0.8,CONTRIBUTING
Identity-Shuffled,505,25789,20,9,9,9,9,9,0,0,0,9,9,0,1.0,CONTRIBUTING
Identity-Shuffled,506,112,20,18,18,18,18,18,6,5,1,12,17,1,0.9444444444444444,CONTRIBUTING
Identity-Shuffled,507,1121,20,12,12,12,12,12,2,2,0,10,12,0,1.0,CONTRIBUTING
Identity-Shuffled,508,15983,20,10,10,10,10,10,2,2,0,8,10,0,1.0,CONTRIBUTING
Identity-Shuffled,509,9389,20,8,8,8,8,8,2,2,0,6,8,0,1.0,CONTRIBUTING
Identity-Shuffled,510,520,20,15,15,15,15,15,5,2,3,10,12,3,0.8,CONTRIBUTING
Identity-Shuffled,511,13360,20,7,7,7,7,7,2,0,2,5,5,2,0.7142857142857143,CONTRIBUTING
Identity-Shuffled,512,10290,20,6,6,6,6,6,2,0,2,4,4,2,0.6666666666666666,CONTRIBUTING
Identity-Shuffled,513,22105,20,0,0,0,0,0,0,0,0,0,0,0,,Z0_NO_VISIBLE_SAMPLED_SLOT
Identity-Shuffled,514,15806,20,5,5,5,5,5,0,0,0,5,5,0,1.0,CONTRIBUTING
Identity-Shuffled,515,2867,20,0,0,0,0,0,0,0,0,0,0,0,,Z0_NO_VISIBLE_SAMPLED_SLOT
Identity-Shuffled,516,5072,20,2,2,2,2,2,1,0,1,1,1,1,0.5,CONTRIBUTING
Identity-Shuffled,517,5184,20,10,10,10,10,10,0,0,0,10,10,0,1.0,CONTRIBUTING
Identity-Shuffled,518,26778,20,0,0,0,0,0,0,0,0,0,0,0,,Z0_NO_VISIBLE_SAMPLED_SLOT
Identity-Shuffled,519,12438,20,14,14,14,14,14,4,3,1,10,13,1,0.9285714285714286,CONTRIBUTING
Identity-Shuffled,520,5208,20,12,12,12,12,12,0,0,0,12,12,0,1.0,CONTRIBUTING
Identity-Shuffled,521,26733,20,20,20,20,20,20,4,2,2,16,18,2,0.9,CONTRIBUTING
Identity-Shuffled,522,5100,20,0,0,0,0,0,0,0,0,0,0,0,,Z0_NO_VISIBLE_SAMPLED_SLOT
Identity-Shuffled,523,19815,20,2,2,2,2,2,2,2,0,0,2,0,1.0,CONTRIBUTING
Identity-Shuffled,524,3141,20,20,20,20,20,20,5,5,0,15,20,0,1.0,CONTRIBUTING
Identity-Shuffled,525,16903,20,8,8,8,8,8,0,0,0,8,8,0,1.0,CONTRIBUTING
Identity-Shuffled,526,9180,20,1,1,1,1,1,0,0,0,1,1,0,1.0,CONTRIBUTING
Identity-Shuffled,527,5744,20,2,2,2,2,2,0,0,0,2,2,0,1.0,CONTRIBUTING
Identity-Shuffled,528,18013,20,19,19,19,19,19,7,3,4,12,15,4,0.7894736842105263,CONTRIBUTING
Identity-Shuffled,529,6150,20,1,1,1,1,1,0,0,0,1,1,0,1.0,CONTRIBUTING
Identity-Shuffled,530,494,20,6,6,6,6,6,0,0,0,6,6,0,1.0,CONTRIBUTING
Identity-Shuffled,531,3135,20,18,18,18,18,18,10,10,0,8,18,0,1.0,CONTRIBUTING
Identity-Shuffled,532,8065,20,12,12,12,12,12,2,2,0,10,12,0,1.0,CONTRIBUTING
Identity-Shuffled,533,1250,20,1,1,1,1,1,0,0,0,1,1,0,1.0,CONTRIBUTING
Identity-Shuffled,534,1849,20,3,3,3,3,3,1,0,1,2,2,1,0.6666666666666666,CONTRIBUTING
Identity-Shuffled,535,25021,20,8,8,8,8,8,1,1,0,7,8,0,1.0,CONTRIBUTING
Identity-Shuffled,536,4838,20,1,1,1,1,1,0,0,0,1,1,0,1.0,CONTRIBUTING
Identity-Shuffled,537,10265,20,3,3,3,3,3,0,0,0,3,3,0,1.0,CONTRIBUTING
Identity-Shuffled,538,10430,20,1,1,1,1,1,0,0,0,1,1,0,1.0,CONTRIBUTING
Identity-Shuffled,539,24914,20,18,18,18,18,18,6,2,4,12,14,4,0.7777777777777778,CONTRIBUTING
Identity-Shuffled,540,12403,20,11,11,11,11,11,3,1,2,8,9,2,0.8181818181818182,CONTRIBUTING
Identity-Shuffled,541,15944,20,9,9,9,9,9,0,0,0,9,9,0,1.0,CONTRIBUTING
Identity-Shuffled,542,22071,20,14,14,14,14,14,3,2,1,11,13,1,0.9285714285714286,CONTRIBUTING
Identity-Shuffled,543,12417,20,6,6,6,6,6,2,0,2,4,4,2,0.6666666666666666,CONTRIBUTING
Identity-Shuffled,544,14876,20,5,5,5,5,5,1,0,1,4,4,1,0.8,CONTRIBUTING
Identity-Shuffled,545,19958,20,7,7,7,7,7,0,0,0,7,7,0,1.0,CONTRIBUTING
Identity-Shuffled,546,24889,20,6,6,6,6,6,1,1,0,5,6,0,1.0,CONTRIBUTING
Identity-Shuffled,547,266,20,20,20,20,20,20,3,0,3,17,17,3,0.85,CONTRIBUTING
Identity-Shuffled,548,1317,20,12,12,12,12,12,2,1,1,10,11,1,0.9166666666666666,CONTRIBUTING
Identity-Shuffled,549,22995,20,10,10,10,10,10,2,0,2,8,8,2,0.8,CONTRIBUTING
Identity-Shuffled,550,22041,20,0,0,0,0,0,0,0,0,0,0,0,,Z0_NO_VISIBLE_SAMPLED_SLOT
Identity-Shuffled,551,24079,20,1,1,1,1,1,1,1,0,0,1,0,1.0,CONTRIBUTING
Identity-Shuffled,552,24957,20,15,15,15,15,15,2,1,1,13,14,1,0.9333333333333333,CONTRIBUTING
Identity-Shuffled,553,18922,20,20,20,20,20,20,0,0,0,20,20,0,1.0,CONTRIBUTING
Identity-Shuffled,554,24133,20,9,9,9,9,9,1,1,0,8,9,0,1.0,CONTRIBUTING
Identity-Shuffled,555,16878,20,0,0,0,0,0,0,0,0,0,0,0,,Z0_NO_VISIBLE_SAMPLED_SLOT
Identity-Shuffled,556,21942,20,6,6,6,6,6,0,0,0,6,6,0,1.0,CONTRIBUTING
Identity-Shuffled,557,24118,20,8,8,8,8,8,0,0,0,8,8,0,1.0,CONTRIBUTING
Identity-Shuffled,558,15949,20,5,5,5,5,5,0,0,0,5,5,0,1.0,CONTRIBUTING
Identity-Shuffled,559,9294,20,15,15,15,15,15,0,0,0,15,15,0,1.0,CONTRIBUTING
Identity-Shuffled,560,27440,20,8,8,8,8,8,0,0,0,8,8,0,1.0,CONTRIBUTING
Identity-Shuffled,561,7097,20,9,9,9,9,9,2,1,1,7,8,1,0.8888888888888888,CONTRIBUTING
Identity-Shuffled,562,5169,20,3,3,3,3,3,0,0,0,3,3,0,1.0,CONTRIBUTING
Identity-Shuffled,563,14130,20,12,12,12,12,12,0,0,0,12,12,0,1.0,CONTRIBUTING
Identity-Shuffled,564,4477,20,6,6,6,6,6,3,0,3,3,3,3,0.5,CONTRIBUTING
Identity-Shuffled,565,8987,20,8,8,8,8,8,1,1,0,7,8,0,1.0,CONTRIBUTING
Identity-Shuffled,566,21918,20,13,13,13,13,13,0,0,0,13,13,0,1.0,CONTRIBUTING
Identity-Shuffled,567,6076,20,0,0,0,0,0,0,0,0,0,0,0,,Z0_NO_VISIBLE_SAMPLED_SLOT
Identity-Shuffled,568,18853,20,0,0,0,0,0,0,0,0,0,0,0,,Z0_NO_VISIBLE_SAMPLED_SLOT
Identity-Shuffled,569,13453,20,3,3,3,3,3,0,0,0,3,3,0,1.0,CONTRIBUTING
Identity-Shuffled,570,12374,20,6,6,6,6,6,1,1,0,5,6,0,1.0,CONTRIBUTING
Identity-Shuffled,571,26287,20,0,0,0,0,0,0,0,0,0,0,0,,Z0_NO_VISIBLE_SAMPLED_SLOT
Identity-Shuffled,572,19938,20,20,20,20,20,20,3,3,0,17,20,0,1.0,CONTRIBUTING
Identity-Shuffled,573,4246,20,6,6,6,6,6,1,0,1,5,5,1,0.8333333333333334,CONTRIBUTING
Identity-Shuffled,574,20972,20,1,1,1,1,1,0,0,0,1,1,0,1.0,CONTRIBUTING
Identity-Shuffled,575,25764,20,0,0,0,0,0,0,0,0,0,0,0,,Z0_NO_VISIBLE_SAMPLED_SLOT
Identity-Shuffled,576,4097,20,2,2,2,2,2,0,0,0,2,2,0,1.0,CONTRIBUTING
Identity-Shuffled,577,5013,20,0,0,0,0,0,0,0,0,0,0,0,,Z0_NO_VISIBLE_SAMPLED_SLOT
Identity-Shuffled,578,27402,20,10,10,10,10,10,3,1,2,7,8,2,0.8,CONTRIBUTING
Identity-Shuffled,579,3170,20,1,1,1,1,1,0,0,0,1,1,0,1.0,CONTRIBUTING
Identity-Shuffled,580,10181,20,5,5,5,5,5,0,0,0,5,5,0,1.0,CONTRIBUTING
Identity-Shuffled,581,27674,20,11,11,11,11,11,1,0,1,10,10,1,0.9090909090909091,CONTRIBUTING
Identity-Shuffled,582,19928,20,13,13,13,13,13,5,5,0,8,13,0,1.0,CONTRIBUTING
Identity-Shuffled,583,2431,20,16,16,16,16,16,1,1,0,15,16,0,1.0,CONTRIBUTING
Identity-Shuffled,584,3165,20,0,0,0,0,0,0,0,0,0,0,0,,Z0_NO_VISIBLE_SAMPLED_SLOT
Identity-Shuffled,585,3269,20,15,15,15,15,15,0,0,0,15,15,0,1.0,CONTRIBUTING
Identity-Shuffled,586,26621,20,0,0,0,0,0,0,0,0,0,0,0,,Z0_NO_VISIBLE_SAMPLED_SLOT
Identity-Shuffled,587,4042,20,12,12,12,12,12,0,0,0,12,12,0,1.0,CONTRIBUTING
Identity-Shuffled,588,103,20,13,13,13,13,13,5,2,3,8,10,3,0.7692307692307693,CONTRIBUTING
Identity-Shuffled,589,15973,20,16,16,16,16,16,3,0,3,13,13,3,0.8125,CONTRIBUTING
Identity-Shuffled,590,13346,20,6,6,6,6,6,0,0,0,6,6,0,1.0,CONTRIBUTING
Identity-Shuffled,591,9325,20,11,11,11,11,11,9,5,4,2,7,4,0.6363636363636364,CONTRIBUTING
Identity-Shuffled,592,23059,20,9,9,9,9,9,3,1,2,6,7,2,0.7777777777777778,CONTRIBUTING
Identity-Shuffled,593,25831,20,14,14,14,14,14,2,0,2,12,12,2,0.8571428571428571,CONTRIBUTING
Identity-Shuffled,594,20957,20,2,2,2,2,2,0,0,0,2,2,0,1.0,CONTRIBUTING
Identity-Shuffled,595,6106,20,6,6,6,6,6,1,0,1,5,5,1,0.8333333333333334,CONTRIBUTING
Identity-Shuffled,596,12305,20,2,2,2,2,2,1,0,1,1,1,1,0.5,CONTRIBUTING
Identity-Shuffled,597,5992,20,12,12,12,12,12,1,0,1,11,11,1,0.9166666666666666,CONTRIBUTING
Identity-Shuffled,598,13257,20,3,3,3,3,3,0,0,0,3,3,0,1.0,CONTRIBUTING
Identity-Shuffled,599,7181,20,0,0,0,0,0,0,0,0,0,0,0,,Z0_NO_VISIBLE_SAMPLED_SLOT
Identity-Shuffled,600,15791,20,9,9,9,9,9,4,1,3,5,6,3,0.6666666666666666,CONTRIBUTING
Identity-Shuffled,601,1773,20,1,1,1,1,1,0,0,0,1,1,0,1.0,CONTRIBUTING
Identity-Shuffled,602,18057,20,2,2,2,2,2,0,0,0,2,2,0,1.0,CONTRIBUTING
Identity-Shuffled,603,823,20,13,13,13,13,13,2,2,0,11,13,0,1.0,CONTRIBUTING
Identity-Shuffled,604,24069,20,10,10,10,10,10,1,0,1,9,9,1,0.9,CONTRIBUTING
Identity-Shuffled,605,15865,20,12,12,12,12,12,0,0,0,12,12,0,1.0,CONTRIBUTING
Identity-Shuffled,606,26312,20,5,5,5,5,5,1,1,0,4,5,0,1.0,CONTRIBUTING
Identity-Shuffled,607,3218,20,7,7,7,7,7,0,0,0,7,7,0,1.0,CONTRIBUTING
Identity-Shuffled,608,23094,20,6,6,6,6,6,2,1,1,4,5,1,0.8333333333333334,CONTRIBUTING
Identity-Shuffled,609,4877,20,2,2,2,2,2,0,0,0,2,2,0,1.0,CONTRIBUTING
Identity-Shuffled,610,11396,20,7,7,7,7,7,0,0,0,7,7,0,1.0,CONTRIBUTING
Identity-Shuffled,611,7470,20,0,0,0,0,0,0,0,0,0,0,0,,Z0_NO_VISIBLE_SAMPLED_SLOT
Identity-Shuffled,612,24991,20,19,19,19,19,19,3,3,0,16,19,0,1.0,CONTRIBUTING
Identity-Shuffled,613,14135,20,7,7,7,7,7,1,1,0,6,7,0,1.0,CONTRIBUTING
Identity-Shuffled,614,11401,20,12,12,12,12,12,1,1,0,11,12,0,1.0,CONTRIBUTING
Identity-Shuffled,615,5932,20,0,0,0,0,0,0,0,0,0,0,0,,Z0_NO_VISIBLE_SAMPLED_SLOT
Identity-Shuffled,616,4166,20,17,17,17,17,17,0,0,0,17,17,0,1.0,CONTRIBUTING
Identity-Shuffled,617,13365,20,7,7,7,7,7,0,0,0,7,7,0,1.0,CONTRIBUTING
Identity-Shuffled,618,19825,20,0,0,0,0,0,0,0,0,0,0,0,,Z0_NO_VISIBLE_SAMPLED_SLOT
Identity-Shuffled,619,12311,20,0,0,0,0,0,0,0,0,0,0,0,,Z0_NO_VISIBLE_SAMPLED_SLOT
Identity-Shuffled,620,20883,20,14,14,14,14,14,0,0,0,14,14,0,1.0,CONTRIBUTING
Identity-Shuffled,621,19909,20,3,3,3,3,3,1,0,1,2,2,1,0.6666666666666666,CONTRIBUTING
Identity-Shuffled,622,1231,20,1,1,1,1,1,0,0,0,1,1,0,1.0,CONTRIBUTING
Identity-Shuffled,623,6057,20,20,20,20,20,20,0,0,0,20,20,0,1.0,CONTRIBUTING
Identity-Shuffled,624,18042,20,11,11,11,11,11,3,2,1,8,10,1,0.9090909090909091,CONTRIBUTING
Identity-Shuffled,625,19987,20,14,14,14,14,14,1,0,1,13,13,1,0.9285714285714286,CONTRIBUTING
Identity-Shuffled,626,258,20,19,19,19,19,19,6,1,5,13,14,5,0.7368421052631579,CONTRIBUTING
Identity-Shuffled,627,11583,20,5,5,5,5,5,3,2,1,2,4,1,0.8,CONTRIBUTING
Identity-Shuffled,628,7229,20,0,0,0,0,0,0,0,0,0,0,0,,Z0_NO_VISIBLE_SAMPLED_SLOT
Identity-Shuffled,629,582,20,14,14,14,14,14,2,0,2,12,12,2,0.8571428571428571,CONTRIBUTING
Identity-Shuffled,630,5052,20,1,1,1,1,1,0,0,0,1,1,0,1.0,CONTRIBUTING
Identity-Shuffled,631,25860,20,17,17,17,17,17,1,0,1,16,16,1,0.9411764705882353,CONTRIBUTING
Identity-Shuffled,632,24936,20,5,5,5,5,5,1,0,1,4,4,1,0.8,CONTRIBUTING
Identity-Shuffled,633,299,20,4,4,4,4,4,1,0,1,3,3,1,0.75,CONTRIBUTING
Identity-Shuffled,634,17953,20,16,16,16,16,16,1,0,1,15,15,1,0.9375,CONTRIBUTING
Identity-Shuffled,635,13383,20,7,7,7,7,7,2,0,2,5,5,2,0.7142857142857143,CONTRIBUTING
Identity-Shuffled,636,24054,20,0,0,0,0,0,0,0,0,0,0,0,,Z0_NO_VISIBLE_SAMPLED_SLOT
Identity-Shuffled,637,13232,20,6,6,6,6,6,0,0,0,6,6,0,1.0,CONTRIBUTING
Identity-Shuffled,638,27795,20,20,20,20,20,20,3,1,2,17,18,2,0.9,CONTRIBUTING
Identity-Shuffled,639,24103,20,9,9,9,9,9,4,1,3,5,6,3,0.6666666666666666,CONTRIBUTING
Identity-Shuffled,640,10368,20,8,8,8,8,8,2,0,2,6,6,2,0.75,CONTRIBUTING
Identity-Shuffled,641,10161,20,20,20,20,20,20,0,0,0,20,20,0,1.0,CONTRIBUTING
Identity-Shuffled,642,23000,20,13,13,13,13,13,5,4,1,8,12,1,0.9230769230769231,CONTRIBUTING
Identity-Shuffled,643,8075,20,18,18,18,18,18,7,1,6,11,12,6,0.6666666666666666,CONTRIBUTING
Identity-Shuffled,644,15904,20,3,3,3,3,3,1,1,0,2,3,0,1.0,CONTRIBUTING
Identity-Shuffled,645,24919,20,5,5,5,5,5,2,0,2,3,3,2,0.6,CONTRIBUTING
Identity-Shuffled,646,14821,20,5,5,5,5,5,0,0,0,5,5,0,1.0,CONTRIBUTING
Identity-Shuffled,647,17968,20,1,1,1,1,1,0,0,0,1,1,0,1.0,CONTRIBUTING
Identity-Shuffled,648,17036,20,6,6,6,6,6,0,0,0,6,6,0,1.0,CONTRIBUTING
Identity-Shuffled,649,2347,20,2,2,2,2,2,2,2,0,0,2,0,1.0,CONTRIBUTING
Identity-Shuffled,650,4907,20,4,4,4,4,4,1,0,1,3,3,1,0.75,CONTRIBUTING
Identity-Shuffled,651,16893,20,6,6,6,6,6,0,0,0,6,6,0,1.0,CONTRIBUTING
Identity-Shuffled,652,16972,20,1,1,1,1,1,0,0,0,1,1,0,1.0,CONTRIBUTING
Identity-Shuffled,653,27313,20,15,15,15,15,15,0,0,0,15,15,0,1.0,CONTRIBUTING
Identity-Shuffled,654,18022,20,16,16,16,16,16,4,1,3,12,13,3,0.8125,CONTRIBUTING
Identity-Shuffled,655,19654,20,14,14,14,14,14,5,1,4,9,10,4,0.7142857142857143,CONTRIBUTING
Identity-Shuffled,656,12408,20,4,4,4,4,4,2,0,2,2,2,2,0.5,CONTRIBUTING
Identity-Shuffled,657,6994,20,9,9,9,9,9,1,1,0,8,9,0,1.0,CONTRIBUTING
Identity-Shuffled,658,5022,20,0,0,0,0,0,0,0,0,0,0,0,,Z0_NO_VISIBLE_SAMPLED_SLOT
Identity-Shuffled,659,17355,20,2,2,2,2,2,1,0,1,1,1,1,0.5,CONTRIBUTING
Identity-Shuffled,660,17890,20,5,5,5,5,5,3,2,1,2,4,1,0.8,CONTRIBUTING
Identity-Shuffled,661,13464,20,2,2,2,2,2,1,0,1,1,1,1,0.5,CONTRIBUTING
Identity-Shuffled,662,15963,20,1,1,1,1,1,0,0,0,1,1,0,1.0,CONTRIBUTING
Identity-Shuffled,663,11248,20,2,2,2,2,2,0,0,0,2,2,0,1.0,CONTRIBUTING
Identity-Shuffled,664,23166,20,16,16,16,16,16,2,0,2,14,14,2,0.875,CONTRIBUTING
Identity-Shuffled,665,27392,20,1,1,1,1,1,0,0,0,1,1,0,1.0,CONTRIBUTING
Identity-Shuffled,666,18932,20,13,13,13,13,13,0,0,0,13,13,0,1.0,CONTRIBUTING
Identity-Shuffled,667,11706,20,14,14,14,14,14,2,2,0,12,14,0,1.0,CONTRIBUTING
Identity-Shuffled,668,6269,20,15,15,15,15,15,1,0,1,14,14,1,0.9333333333333333,CONTRIBUTING
Identity-Shuffled,669,17153,20,1,1,1,1,1,1,1,0,0,1,0,1.0,CONTRIBUTING
Identity-Shuffled,670,21937,20,20,20,20,20,20,1,1,0,19,20,0,1.0,CONTRIBUTING
Identity-Shuffled,671,27608,20,11,11,11,11,11,0,0,0,11,11,0,1.0,CONTRIBUTING
Identity-Shuffled,672,24001,20,0,0,0,0,0,0,0,0,0,0,0,,Z0_NO_VISIBLE_SAMPLED_SLOT
Identity-Shuffled,673,14974,20,10,10,10,10,10,1,1,0,9,10,0,1.0,CONTRIBUTING
Identity-Shuffled,674,18877,20,19,19,19,19,19,6,4,2,13,17,2,0.8947368421052632,CONTRIBUTING
Identity-Shuffled,675,19840,20,8,8,8,8,8,2,1,1,6,7,1,0.875,CONTRIBUTING
Identity-Shuffled,676,15978,20,5,5,5,5,5,0,0,0,5,5,0,1.0,CONTRIBUTING
Identity-Shuffled,677,19884,20,16,16,16,16,16,0,0,0,16,16,0,1.0,CONTRIBUTING
Identity-Shuffled,678,28240,20,2,2,2,2,2,0,0,0,2,2,0,1.0,CONTRIBUTING
Identity-Shuffled,679,14037,20,0,0,0,0,0,0,0,0,0,0,0,,Z0_NO_VISIBLE_SAMPLED_SLOT
Identity-Shuffled,680,15013,20,20,20,20,20,20,0,0,0,20,20,0,1.0,CONTRIBUTING
Identity-Shuffled,681,2385,20,15,15,15,15,15,1,0,1,14,14,1,0.9333333333333333,CONTRIBUTING
Identity-Shuffled,682,1206,20,4,4,4,4,4,0,0,0,4,4,0,1.0,CONTRIBUTING
Identity-Shuffled,683,19845,20,8,8,8,8,8,1,0,1,7,7,1,0.875,CONTRIBUTING
Identity-Shuffled,684,838,20,14,14,14,14,14,3,0,3,11,11,3,0.7857142857142857,CONTRIBUTING
Identity-Shuffled,685,8115,20,1,1,1,1,1,0,0,0,1,1,0,1.0,CONTRIBUTING
Identity-Shuffled,686,12354,20,2,2,2,2,2,0,0,0,2,2,0,1.0,CONTRIBUTING
Identity-Shuffled,687,19835,20,0,0,0,0,0,0,0,0,0,0,0,,Z0_NO_VISIBLE_SAMPLED_SLOT
Identity-Shuffled,688,7122,20,11,11,11,11,11,1,1,0,10,11,0,1.0,CONTRIBUTING
Identity-Shuffled,689,15737,20,11,11,11,11,11,1,1,0,10,11,0,1.0,CONTRIBUTING
Identity-Shuffled,690,7113,20,7,7,7,7,7,0,0,0,7,7,0,1.0,CONTRIBUTING
Identity-Shuffled,691,5062,20,1,1,1,1,1,0,0,0,1,1,0,1.0,CONTRIBUTING
Identity-Shuffled,692,11272,20,1,1,1,1,1,0,0,0,1,1,0,1.0,CONTRIBUTING
Identity-Shuffled,693,19983,20,9,9,9,9,9,0,0,0,9,9,0,1.0,CONTRIBUTING
Identity-Shuffled,694,12334,20,12,12,12,12,12,0,0,0,12,12,0,1.0,CONTRIBUTING
Identity-Shuffled,695,13326,20,19,19,19,19,19,3,1,2,16,17,2,0.8947368421052632,CONTRIBUTING
Identity-Shuffled,696,27628,20,8,8,8,8,8,1,1,0,7,8,0,1.0,CONTRIBUTING
Identity-Shuffled,697,10305,20,6,6,6,6,6,0,0,0,6,6,0,1.0,CONTRIBUTING
Identity-Shuffled,698,16521,20,3,3,3,3,3,1,0,1,2,2,1,0.6666666666666666,CONTRIBUTING
Identity-Shuffled,699,27436,20,16,16,16,16,16,0,0,0,16,16,0,1.0,CONTRIBUTING
Identity-Shuffled,700,21977,20,3,3,3,3,3,1,0,1,2,2,1,0.6666666666666666,CONTRIBUTING
Identity-Shuffled,701,808,20,12,12,12,12,12,5,3,2,7,10,2,0.8333333333333334,CONTRIBUTING
Identity-Shuffled,702,25073,20,20,20,20,20,20,2,2,0,18,20,0,1.0,CONTRIBUTING
Identity-Shuffled,703,15831,20,0,0,0,0,0,0,0,0,0,0,0,,Z0_NO_VISIBLE_SAMPLED_SLOT
Identity-Shuffled,704,14891,20,0,0,0,0,0,0,0,0,0,0,0,,Z0_NO_VISIBLE_SAMPLED_SLOT
Identity-Shuffled,705,21006,20,5,5,5,5,5,1,0,1,4,4,1,0.8,CONTRIBUTING
Identity-Shuffled,706,23020,20,5,5,5,5,5,1,0,1,4,4,1,0.8,CONTRIBUTING
Identity-Shuffled,707,14930,20,4,4,4,4,4,0,0,0,4,4,0,1.0,CONTRIBUTING
Identity-Shuffled,708,12423,20,9,9,9,9,9,0,0,0,9,9,0,1.0,CONTRIBUTING
Identity-Shuffled,709,4113,20,7,7,7,7,7,0,0,0,7,7,0,1.0,CONTRIBUTING
Identity-Shuffled,710,10340,20,7,7,7,7,7,1,1,0,6,7,0,1.0,CONTRIBUTING
Identity-Shuffled,711,11238,20,6,6,6,6,6,0,0,0,6,6,0,1.0,CONTRIBUTING
Identity-Shuffled,712,14846,20,3,3,3,3,3,1,1,0,2,3,0,1.0,CONTRIBUTING
Identity-Shuffled,713,15958,20,11,11,11,11,11,2,1,1,9,10,1,0.9090909090909091,CONTRIBUTING
Identity-Shuffled,714,10206,20,0,0,0,0,0,0,0,0,0,0,0,,Z0_NO_VISIBLE_SAMPLED_SLOT
Identity-Shuffled,715,16863,20,1,1,1,1,1,0,0,0,1,1,0,1.0,CONTRIBUTING
Identity-Shuffled,716,3204,20,4,4,4,4,4,1,0,1,3,3,1,0.75,CONTRIBUTING
Identity-Shuffled,717,12378,20,7,7,7,7,7,0,0,0,7,7,0,1.0,CONTRIBUTING
Identity-Shuffled,718,2426,20,20,20,20,20,20,2,2,0,18,20,0,1.0,CONTRIBUTING
Identity-Shuffled,719,23064,20,6,6,6,6,6,2,2,0,4,6,0,1.0,CONTRIBUTING
Identity-Shuffled,720,14115,20,12,12,12,12,12,1,0,1,11,11,1,0.9166666666666666,CONTRIBUTING
Identity-Shuffled,721,16,20,16,16,16,16,16,5,1,4,11,12,4,0.75,CONTRIBUTING
Identity-Shuffled,722,24089,20,11,11,11,11,11,1,1,0,10,11,0,1.0,CONTRIBUTING
Identity-Shuffled,723,6101,20,1,1,1,1,1,0,0,0,1,1,0,1.0,CONTRIBUTING
Identity-Shuffled,724,14836,20,6,6,6,6,6,4,0,4,2,2,4,0.3333333333333333,CONTRIBUTING
Identity-Shuffled,725,6234,20,11,11,11,11,11,0,0,0,11,11,0,1.0,CONTRIBUTING
Identity-Shuffled,726,24148,20,17,17,17,17,17,3,1,2,14,15,2,0.8823529411764706,CONTRIBUTING
Identity-Shuffled,727,14080,20,0,0,0,0,0,0,0,0,0,0,0,,Z0_NO_VISIBLE_SAMPLED_SLOT
Identity-Shuffled,728,9259,20,7,7,7,7,7,1,0,1,6,6,1,0.8571428571428571,CONTRIBUTING
Identity-Shuffled,729,14453,20,8,8,8,8,8,3,0,3,5,5,3,0.625,CONTRIBUTING
Identity-Shuffled,730,7077,20,10,10,10,10,10,2,0,2,8,8,2,0.8,CONTRIBUTING
Identity-Shuffled,731,27583,20,2,2,2,2,2,0,0,0,2,2,0,1.0,CONTRIBUTING
Identity-Shuffled,732,10364,20,18,18,18,18,18,1,1,0,17,18,0,1.0,CONTRIBUTING
Identity-Shuffled,733,25720,20,1,1,1,1,1,1,1,0,0,1,0,1.0,CONTRIBUTING
Identity-Shuffled,734,28131,20,7,7,7,7,7,1,1,0,6,7,0,1.0,CONTRIBUTING
Identity-Shuffled,735,14920,20,0,0,0,0,0,0,0,0,0,0,0,,Z0_NO_VISIBLE_SAMPLED_SLOT
Identity-Shuffled,736,9151,20,0,0,0,0,0,0,0,0,0,0,0,,Z0_NO_VISIBLE_SAMPLED_SLOT
Identity-Shuffled,737,15968,20,4,4,4,4,4,1,1,0,3,4,0,1.0,CONTRIBUTING
Identity-Shuffled,738,18882,20,16,16,16,16,16,4,1,3,12,13,3,0.8125,CONTRIBUTING
Identity-Shuffled,739,17020,20,14,14,14,14,14,3,0,3,11,11,3,0.7857142857142857,CONTRIBUTING
Identity-Shuffled,740,27113,20,2,2,2,2,2,0,0,0,2,2,0,1.0,CONTRIBUTING
Identity-Shuffled,741,20913,20,2,2,2,2,2,2,1,1,0,1,1,0.5,CONTRIBUTING
Identity-Shuffled,742,12276,20,0,0,0,0,0,0,0,0,0,0,0,,Z0_NO_VISIBLE_SAMPLED_SLOT
Identity-Shuffled,743,14954,20,5,5,5,5,5,1,0,1,4,4,1,0.8,CONTRIBUTING
Identity-Shuffled,744,26297,20,4,4,4,4,4,0,0,0,4,4,0,1.0,CONTRIBUTING
Identity-Shuffled,745,2394,20,15,15,15,15,15,2,2,0,13,15,0,1.0,CONTRIBUTING
Identity-Shuffled,746,1266,20,5,5,5,5,5,1,0,1,4,4,1,0.8,CONTRIBUTING
Identity-Shuffled,747,14042,20,0,0,0,0,0,0,0,0,0,0,0,,Z0_NO_VISIBLE_SAMPLED_SLOT
Identity-Shuffled,748,14900,20,1,1,1,1,1,0,0,0,1,1,0,1.0,CONTRIBUTING
Identity-Shuffled,749,24759,20,10,10,10,10,10,4,2,2,6,8,2,0.8,CONTRIBUTING
Identity-Shuffled,750,14012,20,20,20,20,20,20,0,0,0,20,20,0,1.0,CONTRIBUTING
Identity-Shuffled,751,8120,20,8,8,8,8,8,2,0,2,6,6,2,0.75,CONTRIBUTING
Identity-Shuffled,752,20878,20,2,2,2,2,2,0,0,0,2,2,0,1.0,CONTRIBUTING
Identity-Shuffled,753,9195,20,3,3,3,3,3,0,0,0,3,3,0,1.0,CONTRIBUTING
Identity-Shuffled,754,14052,20,13,13,13,13,13,1,1,0,12,13,0,1.0,CONTRIBUTING
Identity-Shuffled,755,5189,20,14,14,14,14,14,2,1,1,12,13,1,0.9285714285714286,CONTRIBUTING
Identity-Shuffled,756,8313,20,0,0,0,0,0,0,0,0,0,0,0,,Z0_NO_VISIBLE_SAMPLED_SLOT
Identity-Shuffled,757,5853,20,20,20,20,20,20,0,0,0,20,20,0,1.0,CONTRIBUTING
Identity-Shuffled,758,8211,20,20,20,20,20,20,0,0,0,20,20,0,1.0,CONTRIBUTING
Identity-Shuffled,759,18867,20,14,14,14,14,14,0,0,0,14,14,0,1.0,CONTRIBUTING
Identity-Shuffled,760,22966,20,13,13,13,13,13,0,0,0,13,13,0,1.0,CONTRIBUTING
Identity-Shuffled,761,27411,20,12,12,12,12,12,0,0,0,12,12,0,1.0,CONTRIBUTING
Identity-Shuffled,762,24971,20,2,2,2,2,2,2,1,1,0,1,1,0.5,CONTRIBUTING
Identity-Shuffled,763,18769,20,2,2,2,2,2,2,1,1,0,1,1,0.5,CONTRIBUTING
Identity-Shuffled,764,19776,20,20,20,20,20,20,0,0,0,20,20,0,1.0,CONTRIBUTING
Identity-Shuffled,765,2307,20,0,0,0,0,0,0,0,0,0,0,0,,Z0_NO_VISIBLE_SAMPLED_SLOT
Identity-Shuffled,766,26331,20,3,3,3,3,3,0,0,0,3,3,0,1.0,CONTRIBUTING
Identity-Shuffled,767,20992,20,0,0,0,0,0,0,0,0,0,0,0,,Z0_NO_VISIBLE_SAMPLED_SLOT
Identity-Shuffled,768,14061,20,3,3,3,3,3,1,0,1,2,2,1,0.6666666666666666,CONTRIBUTING
Identity-Shuffled,769,15732,20,9,9,9,9,9,1,0,1,8,8,1,0.8888888888888888,CONTRIBUTING
Identity-Shuffled,770,2441,20,19,19,19,19,19,2,2,0,17,19,0,1.0,CONTRIBUTING
Identity-Shuffled,771,560,20,11,11,11,11,11,4,4,0,7,11,0,1.0,CONTRIBUTING
Identity-Shuffled,772,4062,20,11,11,11,11,11,0,0,0,11,11,0,1.0,CONTRIBUTING
Identity-Shuffled,773,18813,20,0,0,0,0,0,0,0,0,0,0,0,,Z0_NO_VISIBLE_SAMPLED_SLOT
Identity-Shuffled,774,26685,20,3,3,3,3,3,1,0,1,2,2,1,0.6666666666666666,CONTRIBUTING
Identity-Shuffled,775,19879,20,4,4,4,4,4,0,0,0,4,4,0,1.0,CONTRIBUTING
Identity-Shuffled,776,11366,20,3,3,3,3,3,0,0,0,3,3,0,1.0,CONTRIBUTING
Identity-Shuffled,777,15030,20,0,0,0,0,0,0,0,0,0,0,0,,Z0_NO_VISIBLE_SAMPLED_SLOT
Identity-Shuffled,778,3274,20,5,5,5,5,5,1,0,1,4,4,1,0.8,CONTRIBUTING
Identity-Shuffled,779,27814,20,10,10,10,10,10,1,1,0,9,10,0,1.0,CONTRIBUTING
Identity-Shuffled,780,15884,20,6,6,6,6,6,1,0,1,5,5,1,0.8333333333333334,CONTRIBUTING
Identity-Shuffled,781,26306,20,1,1,1,1,1,1,0,1,0,0,1,0.0,Z3_HAS_CANDIDATES_BUT_ALWAYS_LOSES_COLLISION
Identity-Shuffled,782,13200,20,16,16,16,16,16,2,0,2,14,14,2,0.875,CONTRIBUTING
Identity-Shuffled,783,7160,20,0,0,0,0,0,0,0,0,0,0,0,,Z0_NO_VISIBLE_SAMPLED_SLOT
Identity-Shuffled,784,6959,20,1,1,1,1,1,0,0,0,1,1,0,1.0,CONTRIBUTING
Identity-Shuffled,785,18017,20,6,6,6,6,6,4,3,1,2,5,1,0.8333333333333334,CONTRIBUTING
Identity-Shuffled,786,3195,20,1,1,1,1,1,0,0,0,1,1,0,1.0,CONTRIBUTING
Identity-Shuffled,787,8125,20,1,1,1,1,1,0,0,0,1,1,0,1.0,CONTRIBUTING
Identity-Shuffled,788,19810,20,19,19,19,19,19,4,4,0,15,19,0,1.0,CONTRIBUTING
Identity-Shuffled,789,17993,20,13,13,13,13,13,2,1,1,11,12,1,0.9230769230769231,CONTRIBUTING
Identity-Shuffled,790,18887,20,1,1,1,1,1,0,0,0,1,1,0,1.0,CONTRIBUTING
Identity-Shuffled,791,4941,20,13,13,13,13,13,5,2,3,8,10,3,0.7692307692307693,CONTRIBUTING
Identity-Shuffled,792,9102,20,2,2,2,2,2,0,0,0,2,2,0,1.0,CONTRIBUTING
Identity-Shuffled,793,10334,20,6,6,6,6,6,0,0,0,6,6,0,1.0,CONTRIBUTING
Identity-Shuffled,794,26278,20,2,2,2,2,2,0,0,0,2,2,0,1.0,CONTRIBUTING
Identity-Shuffled,795,14443,20,2,2,2,2,2,0,0,0,2,2,0,1.0,CONTRIBUTING
Identity-Shuffled,796,28189,20,11,11,11,11,11,2,2,0,9,11,0,1.0,CONTRIBUTING
Identity-Shuffled,797,27075,20,4,4,4,4,4,3,3,0,1,4,0,1.0,CONTRIBUTING
Identity-Shuffled,798,10285,20,3,3,3,3,3,0,0,0,3,3,0,1.0,CONTRIBUTING
Identity-Shuffled,799,14047,20,8,8,8,8,8,0,0,0,8,8,0,1.0,CONTRIBUTING
Identity-Shuffled,800,23103,20,6,6,6,6,6,3,2,1,3,5,1,0.8333333333333334,CONTRIBUTING
Identity-Shuffled,801,21051,20,5,5,5,5,5,0,0,0,5,5,0,1.0,CONTRIBUTING
Identity-Shuffled,802,27732,20,3,3,3,3,3,1,0,1,2,2,1,0.6666666666666666,CONTRIBUTING
Identity-Shuffled,803,22971,20,5,5,5,5,5,0,0,0,5,5,0,1.0,CONTRIBUTING
Identity-Shuffled,804,18848,20,0,0,0,0,0,0,0,0,0,0,0,,Z0_NO_VISIBLE_SAMPLED_SLOT
Identity-Shuffled,805,9274,20,8,8,8,8,8,1,1,0,7,8,0,1.0,CONTRIBUTING
Identity-Shuffled,806,21982,20,7,7,7,7,7,1,0,1,6,6,1,0.8571428571428571,CONTRIBUTING
Identity-Shuffled,807,14871,20,7,7,7,7,7,1,1,0,6,7,0,1.0,CONTRIBUTING
Identity-Shuffled,808,13380,20,3,3,3,3,3,1,1,0,2,3,0,1.0,CONTRIBUTING
Identity-Shuffled,809,229,20,2,2,2,2,2,0,0,0,2,2,0,1.0,CONTRIBUTING
Identity-Shuffled,810,24041,20,2,2,2,2,2,0,0,0,2,2,0,1.0,CONTRIBUTING
Identity-Shuffled,811,24894,20,0,0,0,0,0,0,0,0,0,0,0,,Z0_NO_VISIBLE_SAMPLED_SLOT
Identity-Shuffled,812,2401,20,13,13,13,13,13,0,0,0,13,13,0,1.0,CONTRIBUTING
Identity-Shuffled,813,8090,20,0,0,0,0,0,0,0,0,0,0,0,,Z0_NO_VISIBLE_SAMPLED_SLOT
Identity-Shuffled,814,2451,20,20,20,20,20,20,0,0,0,20,20,0,1.0,CONTRIBUTING
Identity-Shuffled,815,26356,20,9,9,9,9,9,1,1,0,8,9,0,1.0,CONTRIBUTING
Identity-Shuffled,816,27623,20,15,15,15,15,15,3,3,0,12,15,0,1.0,CONTRIBUTING
Identity-Shuffled,817,22025,20,9,9,9,9,9,2,2,0,7,9,0,1.0,CONTRIBUTING
Identity-Shuffled,818,27607,20,16,16,16,16,16,0,0,0,16,16,0,1.0,CONTRIBUTING
Identity-Shuffled,819,3016,20,3,3,3,3,3,2,0,2,1,1,2,0.3333333333333333,CONTRIBUTING
Identity-Shuffled,820,15727,20,0,0,0,0,0,0,0,0,0,0,0,,Z0_NO_VISIBLE_SAMPLED_SLOT
Identity-Shuffled,821,4862,20,1,1,1,1,1,0,0,0,1,1,0,1.0,CONTRIBUTING
Identity-Shuffled,822,4881,20,3,3,3,3,3,2,2,0,1,3,0,1.0,CONTRIBUTING
Identity-Shuffled,823,25780,20,6,6,6,6,6,2,2,0,4,6,0,1.0,CONTRIBUTING
Identity-Shuffled,824,25673,20,5,5,5,5,5,0,0,0,5,5,0,1.0,CONTRIBUTING
Identity-Shuffled,825,18912,20,15,15,15,15,15,5,3,2,10,13,2,0.8666666666666667,CONTRIBUTING
Identity-Shuffled,826,24094,20,12,12,12,12,12,3,2,1,9,11,1,0.9166666666666666,CONTRIBUTING
Identity-Shuffled,827,10300,20,0,0,0,0,0,0,0,0,0,0,0,,Z0_NO_VISIBLE_SAMPLED_SLOT
Identity-Shuffled,828,794,20,12,12,12,12,12,2,1,1,10,11,1,0.9166666666666666,CONTRIBUTING
Identity-Shuffled,829,10171,20,7,7,7,7,7,3,0,3,4,4,3,0.5714285714285714,CONTRIBUTING
Identity-Shuffled,830,6209,20,3,3,3,3,3,0,0,0,3,3,0,1.0,CONTRIBUTING
Identity-Shuffled,831,14950,20,6,6,6,6,6,1,1,0,5,6,0,1.0,CONTRIBUTING
Identity-Shuffled,832,27406,20,5,5,5,5,5,0,0,0,5,5,0,1.0,CONTRIBUTING
Identity-Shuffled,833,14452,20,2,2,2,2,2,1,0,1,1,1,1,0.5,CONTRIBUTING
Identity-Shuffled,834,8203,20,10,10,10,10,10,1,0,1,9,9,1,0.9,CONTRIBUTING
Identity-Shuffled,835,23055,20,8,8,8,8,8,3,2,1,5,7,1,0.875,CONTRIBUTING
Identity-Shuffled,836,9175,20,1,1,1,1,1,0,0,0,1,1,0,1.0,CONTRIBUTING
Identity-Shuffled,837,8046,20,0,0,0,0,0,0,0,0,0,0,0,,Z0_NO_VISIBLE_SAMPLED_SLOT
Identity-Shuffled,838,4161,20,5,5,5,5,5,0,0,0,5,5,0,1.0,CONTRIBUTING
Identity-Shuffled,839,7087,20,6,6,6,6,6,1,0,1,5,5,1,0.8333333333333334,CONTRIBUTING
Identity-Shuffled,840,8259,20,0,0,0,0,0,0,0,0,0,0,0,,Z0_NO_VISIBLE_SAMPLED_SLOT
Identity-Shuffled,841,16909,20,5,5,5,5,5,0,0,0,5,5,0,1.0,CONTRIBUTING
Identity-Shuffled,842,812,20,8,8,8,8,8,3,3,0,5,8,0,1.0,CONTRIBUTING
Identity-Shuffled,843,2,20,20,20,20,20,20,4,4,0,16,20,0,1.0,CONTRIBUTING
Identity-Shuffled,844,6111,20,15,15,15,15,15,1,0,1,14,14,1,0.9333333333333333,CONTRIBUTING
Identity-Shuffled,845,11351,20,10,10,10,10,10,0,0,0,10,10,0,1.0,CONTRIBUTING
Identity-Shuffled,846,6126,20,0,0,0,0,0,0,0,0,0,0,0,,Z0_NO_VISIBLE_SAMPLED_SLOT
Identity-Shuffled,847,24158,20,17,17,17,17,17,3,1,2,14,15,2,0.8823529411764706,CONTRIBUTING
Identity-Shuffled,848,24947,20,9,9,9,9,9,0,0,0,9,9,0,1.0,CONTRIBUTING
Identity-Shuffled,849,10177,20,5,5,5,5,5,3,0,3,2,2,3,0.4,CONTRIBUTING
Identity-Shuffled,850,12294,20,0,0,0,0,0,0,0,0,0,0,0,,Z0_NO_VISIBLE_SAMPLED_SLOT
Identity-Shuffled,851,21923,20,6,6,6,6,6,0,0,0,6,6,0,1.0,CONTRIBUTING
Identity-Shuffled,852,25784,20,7,7,7,7,7,0,0,0,7,7,0,1.0,CONTRIBUTING
Identity-Shuffled,853,4033,20,0,0,0,0,0,0,0,0,0,0,0,,Z0_NO_VISIBLE_SAMPLED_SLOT
Identity-Shuffled,854,10269,20,3,3,3,3,3,0,0,0,3,3,0,1.0,CONTRIBUTING
Identity-Shuffled,855,21011,20,10,10,10,10,10,2,1,1,8,9,1,0.9,CONTRIBUTING
Identity-Shuffled,856,14021,20,6,6,6,6,6,0,0,0,6,6,0,1.0,CONTRIBUTING
Identity-Shuffled,857,18799,20,15,15,15,15,15,6,4,2,9,13,2,0.8666666666666667,CONTRIBUTING
Identity-Shuffled,858,12349,20,12,12,12,12,12,2,2,0,10,12,0,1.0,CONTRIBUTING
Identity-Shuffled,859,26293,20,5,5,5,5,5,0,0,0,5,5,0,1.0,CONTRIBUTING
Identity-Shuffled,860,11356,20,6,6,6,6,6,1,1,0,5,6,0,1.0,CONTRIBUTING
Identity-Shuffled,861,6239,20,10,10,10,10,10,2,1,1,8,9,1,0.9,CONTRIBUTING
Identity-Shuffled,862,17934,20,9,9,9,9,9,4,2,2,5,7,2,0.7777777777777778,CONTRIBUTING
Identity-Shuffled,863,26773,20,13,13,13,13,13,3,0,3,10,10,3,0.7692307692307693,CONTRIBUTING
Identity-Shuffled,864,18941,20,2,2,2,2,2,0,0,0,2,2,0,1.0,CONTRIBUTING
Identity-Shuffled,865,19863,20,5,5,5,5,5,0,0,0,5,5,0,1.0,CONTRIBUTING
Identity-Shuffled,866,21908,20,20,20,20,20,20,0,0,0,20,20,0,1.0,CONTRIBUTING
Identity-Shuffled,867,861,20,18,18,18,18,18,0,0,0,18,18,0,1.0,CONTRIBUTING
Identity-Shuffled,868,3869,20,2,2,2,2,2,0,0,0,2,2,0,1.0,CONTRIBUTING
Identity-Shuffled,869,11371,20,17,17,17,17,17,4,3,1,13,16,1,0.9411764705882353,CONTRIBUTING
Identity-Shuffled,870,2446,20,19,19,19,19,19,8,6,2,11,17,2,0.8947368421052632,CONTRIBUTING
Identity-Shuffled,871,26341,20,1,1,1,1,1,0,0,0,1,1,0,1.0,CONTRIBUTING
Identity-Shuffled,872,21987,20,10,10,10,10,10,1,1,0,9,10,0,1.0,CONTRIBUTING
Identity-Shuffled,873,4476,20,3,3,3,3,3,0,0,0,3,3,0,1.0,CONTRIBUTING
Identity-Shuffled,874,17998,20,5,5,5,5,5,2,2,0,3,5,0,1.0,CONTRIBUTING
Identity-Shuffled,875,13113,20,2,2,2,2,2,1,0,1,1,1,1,0.5,CONTRIBUTING
Identity-Shuffled,876,1741,20,19,19,19,19,19,4,2,2,15,17,2,0.8947368421052632,CONTRIBUTING
Identity-Shuffled,877,23050,20,10,10,10,10,10,2,1,1,8,9,1,0.9,CONTRIBUTING
Identity-Shuffled,878,5868,20,0,0,0,0,0,0,0,0,0,0,0,,Z0_NO_VISIBLE_SAMPLED_SLOT
Identity-Shuffled,879,11219,20,1,1,1,1,1,0,0,0,1,1,0,1.0,CONTRIBUTING
Identity-Shuffled,880,5125,20,2,2,2,2,2,0,0,0,2,2,0,1.0,CONTRIBUTING
Identity-Shuffled,881,1275,20,20,20,20,20,20,1,1,0,19,20,0,1.0,CONTRIBUTING
Identity-Shuffled,882,5032,20,14,14,14,14,14,2,2,0,12,14,0,1.0,CONTRIBUTING
Identity-Shuffled,883,20014,20,1,1,1,1,1,0,0,0,1,1,0,1.0,CONTRIBUTING
Identity-Shuffled,884,16013,20,12,12,12,12,12,0,0,0,12,12,0,1.0,CONTRIBUTING
Identity-Shuffled,885,25814,20,5,5,5,5,5,3,0,3,2,2,3,0.4,CONTRIBUTING
Identity-Shuffled,886,1738,20,16,16,16,16,16,3,3,0,13,16,0,1.0,CONTRIBUTING
Identity-Shuffled,887,2381,20,2,2,2,2,2,2,0,2,0,0,2,0.0,Z3_HAS_CANDIDATES_BUT_ALWAYS_LOSES_COLLISION
Identity-Shuffled,888,16858,20,2,2,2,2,2,1,1,0,1,2,0,1.0,CONTRIBUTING
Identity-Shuffled,889,14856,20,16,16,16,16,16,1,1,0,15,16,0,1.0,CONTRIBUTING
Identity-Shuffled,890,11277,20,1,1,1,1,1,1,1,0,0,1,0,1.0,CONTRIBUTING
Identity-Shuffled,891,9126,20,2,2,2,2,2,0,0,0,2,2,0,1.0,CONTRIBUTING
Identity-Shuffled,892,6,20,19,19,19,19,19,2,2,0,17,19,0,1.0,CONTRIBUTING
Identity-Shuffled,893,9156,20,0,0,0,0,0,0,0,0,0,0,0,,Z0_NO_VISIBLE_SAMPLED_SLOT
Identity-Shuffled,894,25841,20,5,5,5,5,5,0,0,0,5,5,0,1.0,CONTRIBUTING
Identity-Shuffled,895,25031,20,18,18,18,18,18,1,1,0,17,18,0,1.0,CONTRIBUTING
Identity-Shuffled,896,25035,20,14,14,14,14,14,1,0,1,13,13,1,0.9285714285714286,CONTRIBUTING
Identity-Shuffled,897,24084,20,10,10,10,10,10,2,1,1,8,9,1,0.9,CONTRIBUTING
Identity-Shuffled,898,4200,20,17,17,17,17,17,6,2,4,11,13,4,0.7647058823529411,CONTRIBUTING
Identity-Shuffled,899,4122,20,4,4,4,4,4,0,0,0,4,4,0,1.0,CONTRIBUTING
Identity-Shuffled,900,22100,20,7,7,7,7,7,0,0,0,7,7,0,1.0,CONTRIBUTING
Identity-Shuffled,901,13336,20,5,5,5,5,5,1,0,1,4,4,1,0.8,CONTRIBUTING
Identity-Shuffled,902,6199,20,5,5,5,5,5,0,0,0,5,5,0,1.0,CONTRIBUTING
Identity-Shuffled,903,15841,20,1,1,1,1,1,0,0,0,1,1,0,1.0,CONTRIBUTING
Identity-Shuffled,904,7170,20,0,0,0,0,0,0,0,0,0,0,0,,Z0_NO_VISIBLE_SAMPLED_SLOT
Identity-Shuffled,905,22080,20,7,7,7,7,7,0,0,0,7,7,0,1.0,CONTRIBUTING
Identity-Shuffled,906,7933,20,3,3,3,3,3,1,0,1,2,2,1,0.6666666666666666,CONTRIBUTING
Identity-Shuffled,907,5134,20,12,12,12,12,12,0,0,0,12,12,0,1.0,CONTRIBUTING
Identity-Shuffled,908,27122,20,5,5,5,5,5,0,0,0,5,5,0,1.0,CONTRIBUTING
Identity-Shuffled,909,25098,20,14,14,14,14,14,3,2,1,11,13,1,0.9285714285714286,CONTRIBUTING
Identity-Shuffled,910,14964,20,6,6,6,6,6,1,1,0,5,6,0,1.0,CONTRIBUTING
Identity-Shuffled,911,20069,20,8,8,8,8,8,2,2,0,6,8,0,1.0,CONTRIBUTING
Identity-Shuffled,912,21996,20,5,5,5,5,5,0,0,0,5,5,0,1.0,CONTRIBUTING
Identity-Shuffled,913,23148,20,17,17,17,17,17,2,2,0,15,17,0,1.0,CONTRIBUTING
Identity-Shuffled,914,22012,20,0,0,0,0,0,0,0,0,0,0,0,,Z0_NO_VISIBLE_SAMPLED_SLOT
Identity-Shuffled,915,26763,20,4,4,4,4,4,0,0,0,4,4,0,1.0,CONTRIBUTING
Identity-Shuffled,916,2971,20,5,5,5,5,5,0,0,0,5,5,0,1.0,CONTRIBUTING
Identity-Shuffled,917,6214,20,7,7,7,7,7,2,2,0,5,7,0,1.0,CONTRIBUTING
Identity-Shuffled,918,14851,20,6,6,6,6,6,0,0,0,6,6,0,1.0,CONTRIBUTING
Identity-Shuffled,919,6155,20,3,3,3,3,3,0,0,0,3,3,0,1.0,CONTRIBUTING
Identity-Shuffled,920,7146,20,20,20,20,20,20,10,0,10,10,10,10,0.5,CONTRIBUTING
Identity-Shuffled,921,19850,20,4,4,4,4,4,0,0,0,4,4,0,1.0,CONTRIBUTING
Identity-Shuffled,922,21991,20,0,0,0,0,0,0,0,0,0,0,0,,Z0_NO_VISIBLE_SAMPLED_SLOT
Identity-Shuffled,923,6195,20,5,5,5,5,5,0,0,0,5,5,0,1.0,CONTRIBUTING
Identity-Shuffled,924,3089,20,19,19,19,19,19,4,4,0,15,19,0,1.0,CONTRIBUTING
Identity-Shuffled,925,832,20,2,2,2,2,2,0,0,0,2,2,0,1.0,CONTRIBUTING
Identity-Shuffled,926,22115,20,20,20,20,20,20,12,10,2,8,18,2,0.9,CONTRIBUTING
Identity-Shuffled,927,21180,20,16,16,16,16,16,0,0,0,16,16,0,1.0,CONTRIBUTING
Identity-Shuffled,928,10025,20,0,0,0,0,0,0,0,0,0,0,0,,Z0_NO_VISIBLE_SAMPLED_SLOT
Identity-Shuffled,929,6190,20,1,1,1,1,1,0,0,0,1,1,0,1.0,CONTRIBUTING
Identity-Shuffled,930,26744,20,6,6,6,6,6,1,1,0,5,6,0,1.0,CONTRIBUTING
Identity-Shuffled,931,852,20,10,10,10,10,10,1,1,0,9,10,0,1.0,CONTRIBUTING
Identity-Shuffled,932,14910,20,2,2,2,2,2,0,0,0,2,2,0,1.0,CONTRIBUTING
Identity-Shuffled,933,17026,20,5,5,5,5,5,1,0,1,4,4,1,0.8,CONTRIBUTING
Identity-Shuffled,934,8134,20,8,8,8,8,8,1,0,1,7,7,1,0.875,CONTRIBUTING
Identity-Shuffled,935,10215,20,1,1,1,1,1,0,0,0,1,1,0,1.0,CONTRIBUTING
Identity-Shuffled,936,5164,20,5,5,5,5,5,0,0,0,5,5,0,1.0,CONTRIBUTING
Identity-Shuffled,937,16840,20,20,20,20,20,20,0,0,0,20,20,0,1.0,CONTRIBUTING
Identity-Shuffled,938,17904,20,13,13,13,13,13,8,0,8,5,5,8,0.38461538461538464,CONTRIBUTING
Identity-Shuffled,939,4205,20,16,16,16,16,16,2,0,2,14,14,2,0.875,CONTRIBUTING
Identity-Shuffled,940,20005,20,8,8,8,8,8,0,0,0,8,8,0,1.0,CONTRIBUTING
Identity-Shuffled,941,18828,20,3,3,3,3,3,0,0,0,3,3,0,1.0,CONTRIBUTING
Identity-Shuffled,942,11336,20,8,8,8,8,8,0,0,0,8,8,0,1.0,CONTRIBUTING
Identity-Shuffled,943,25103,20,11,11,11,11,11,1,0,1,10,10,1,0.9090909090909091,CONTRIBUTING
Identity-Shuffled,944,3239,20,9,9,9,9,9,2,1,1,7,8,1,0.8888888888888888,CONTRIBUTING
Identity-Shuffled,945,10279,20,9,9,9,9,9,1,1,0,8,9,0,1.0,CONTRIBUTING
Identity-Shuffled,946,4028,20,17,17,17,17,17,0,0,0,17,17,0,1.0,CONTRIBUTING
Identity-Shuffled,947,6141,20,0,0,0,0,0,0,0,0,0,0,0,,Z0_NO_VISIBLE_SAMPLED_SLOT
Identity-Shuffled,948,19899,20,1,1,1,1,1,0,0,0,1,1,0,1.0,CONTRIBUTING
Identity-Shuffled,949,16854,20,2,2,2,2,2,0,0,0,2,2,0,1.0,CONTRIBUTING
Identity-Shuffled,950,25551,20,5,5,5,5,5,0,0,0,5,5,0,1.0,CONTRIBUTING
Identity-Shuffled,951,6248,20,13,13,13,13,13,4,4,0,9,13,0,1.0,CONTRIBUTING
Identity-Shuffled,952,23153,20,10,10,10,10,10,3,2,1,7,9,1,0.9,CONTRIBUTING
Identity-Shuffled,953,9502,20,11,11,11,11,11,4,3,1,7,10,1,0.9090909090909091,CONTRIBUTING
Identity-Shuffled,954,14881,20,1,1,1,1,1,1,1,0,0,1,0,1.0,CONTRIBUTING
Identity-Shuffled,955,28232,20,1,1,1,1,1,1,0,1,0,0,1,0.0,Z3_HAS_CANDIDATES_BUT_ALWAYS_LOSES_COLLISION
Identity-Shuffled,956,24996,20,3,3,3,3,3,1,0,1,2,2,1,0.6666666666666666,CONTRIBUTING
Identity-Shuffled,957,18843,20,11,11,11,11,11,1,0,1,10,10,1,0.9090909090909091,CONTRIBUTING
Identity-Shuffled,958,24113,20,7,7,7,7,7,2,1,1,5,6,1,0.8571428571428571,CONTRIBUTING
Identity-Shuffled,959,22961,20,12,12,12,12,12,0,0,0,12,12,0,1.0,CONTRIBUTING
Identity-Shuffled,960,11385,20,8,8,8,8,8,1,1,0,7,8,0,1.0,CONTRIBUTING
Identity-Shuffled,961,14447,20,1,1,1,1,1,0,0,0,1,1,0,1.0,CONTRIBUTING
Identity-Shuffled,962,10349,20,8,8,8,8,8,1,1,0,7,8,0,1.0,CONTRIBUTING
Identity-Shuffled,963,20942,20,3,3,3,3,3,0,0,0,3,3,0,1.0,CONTRIBUTING
Identity-Shuffled,964,1255,20,2,2,2,2,2,0,0,0,2,2,0,1.0,CONTRIBUTING
Identity-Shuffled,965,27426,20,1,1,1,1,1,1,0,1,0,0,1,0.0,Z3_HAS_CANDIDATES_BUT_ALWAYS_LOSES_COLLISION
Identity-Shuffled,966,26718,20,2,2,2,2,2,0,0,0,2,2,0,1.0,CONTRIBUTING
Identity-Shuffled,967,11331,20,8,8,8,8,8,3,3,0,5,8,0,1.0,CONTRIBUTING
Identity-Shuffled,968,15821,20,7,7,7,7,7,0,0,0,7,7,0,1.0,CONTRIBUTING
Identity-Shuffled,969,4132,20,13,13,13,13,13,0,0,0,13,13,0,1.0,CONTRIBUTING
Identity-Shuffled,970,26302,20,1,1,1,1,1,1,1,0,0,1,0,1.0,CONTRIBUTING
Identity-Shuffled,971,9111,20,19,19,19,19,19,4,4,0,15,19,0,1.0,CONTRIBUTING
Identity-Shuffled,972,5027,20,4,4,4,4,4,1,0,1,3,3,1,0.75,CONTRIBUTING
Identity-Shuffled,973,22065,20,15,15,15,15,15,1,1,0,14,15,0,1.0,CONTRIBUTING
Identity-Shuffled,974,9220,20,4,4,4,4,4,0,0,0,4,4,0,1.0,CONTRIBUTING
Identity-Shuffled,975,11410,20,16,16,16,16,16,0,0,0,16,16,0,1.0,CONTRIBUTING
Identity-Shuffled,976,1962,20,17,17,17,17,17,2,0,2,15,15,2,0.8823529411764706,CONTRIBUTING
Identity-Shuffled,977,23074,20,10,10,10,10,10,1,1,0,9,10,0,1.0,CONTRIBUTING
Identity-Shuffled,978,24962,20,7,7,7,7,7,2,0,2,5,5,2,0.7142857142857143,CONTRIBUTING
Identity-Shuffled,979,7,20,17,17,17,17,17,7,4,3,10,14,3,0.8235294117647058,CONTRIBUTING
Identity-Shuffled,980,10260,20,10,10,10,10,10,3,1,2,7,8,2,0.8,CONTRIBUTING
Identity-Shuffled,981,20918,20,9,9,9,9,9,1,1,0,8,9,0,1.0,CONTRIBUTING
Identity-Shuffled,982,24976,20,19,19,19,19,19,3,1,2,16,17,2,0.8947368421052632,CONTRIBUTING
Identity-Shuffled,983,4048,20,13,13,13,13,13,1,0,1,12,12,1,0.9230769230769231,CONTRIBUTING
Identity-Shuffled,984,6377,20,2,2,2,2,2,1,0,1,1,1,1,0.5,CONTRIBUTING
Identity-Shuffled,985,22090,20,4,4,4,4,4,0,0,0,4,4,0,1.0,CONTRIBUTING
Identity-Shuffled,986,11381,20,5,5,5,5,5,0,0,0,5,5,0,1.0,CONTRIBUTING
Identity-Shuffled,987,24967,20,7,7,7,7,7,5,5,0,2,7,0,1.0,CONTRIBUTING
Identity-Shuffled,988,28125,20,20,20,20,20,20,0,0,0,20,20,0,1.0,CONTRIBUTING
Identity-Shuffled,989,26748,20,6,6,6,6,6,1,0,1,5,5,1,0.8333333333333334,CONTRIBUTING
Identity-Shuffled,990,23158,20,13,13,13,13,13,1,1,0,12,13,0,1.0,CONTRIBUTING
Identity-Shuffled,991,9433,20,4,4,4,4,4,1,0,1,3,3,1,0.75,CONTRIBUTING
Identity-Shuffled,992,25760,20,14,14,14,14,14,1,1,0,13,14,0,1.0,CONTRIBUTING
Identity-Shuffled,993,113,20,17,17,17,17,17,1,0,1,16,16,1,0.9411764705882353,CONTRIBUTING
Identity-Shuffled,994,2396,20,18,18,18,18,18,0,0,0,18,18,0,1.0,CONTRIBUTING
Identity-Shuffled,995,19913,20,9,9,9,9,9,2,0,2,7,7,2,0.7777777777777778,CONTRIBUTING
Identity-Shuffled,996,11258,20,1,1,1,1,1,0,0,0,1,1,0,1.0,CONTRIBUTING
Identity-Shuffled,997,8401,20,16,16,16,16,16,2,0,2,14,14,2,0.875,CONTRIBUTING
Identity-Shuffled,998,10397,20,0,0,0,0,0,0,0,0,0,0,0,,Z0_NO_VISIBLE_SAMPLED_SLOT
Identity-Shuffled,999,24932,20,7,7,7,7,7,3,1,2,4,5,2,0.7142857142857143,CONTRIBUTING
Identity-Shuffled,1000,5849,20,20,20,20,20,20,0,0,0,20,20,0,1.0,CONTRIBUTING
Identity-Shuffled,1001,18892,20,6,6,6,6,6,1,1,0,5,6,0,1.0,CONTRIBUTING
Identity-Shuffled,1002,10226,20,1,1,1,1,1,1,1,0,0,1,0,1.0,CONTRIBUTING
Identity-Shuffled,1003,3034,20,1,1,1,1,1,0,0,0,1,1,0,1.0,CONTRIBUTING
Identity-Shuffled,1004,18921,20,14,14,14,14,14,6,3,3,8,11,3,0.7857142857142857,CONTRIBUTING
Identity-Shuffled,1005,16922,20,0,0,0,0,0,0,0,0,0,0,0,,Z0_NO_VISIBLE_SAMPLED_SLOT
Identity-Shuffled,1006,26787,20,9,9,9,9,9,0,0,0,9,9,0,1.0,CONTRIBUTING
Identity-Shuffled,1007,12359,20,4,4,4,4,4,1,1,0,3,4,0,1.0,CONTRIBUTING
Identity-Shuffled,1008,12428,20,11,11,11,11,11,2,2,0,9,11,0,1.0,CONTRIBUTING
Identity-Shuffled,1009,19860,20,6,6,6,6,6,0,0,0,6,6,0,1.0,CONTRIBUTING
Identity-Shuffled,1010,17031,20,3,3,3,3,3,0,0,0,3,3,0,1.0,CONTRIBUTING
Identity-Shuffled,1011,25943,20,7,7,7,7,7,0,0,0,7,7,0,1.0,CONTRIBUTING
Identity-Shuffled,1012,15850,20,2,2,2,2,2,1,1,0,1,2,0,1.0,CONTRIBUTING
Identity-Shuffled,1013,17939,20,4,4,4,4,4,1,1,0,3,4,0,1.0,CONTRIBUTING
Identity-Shuffled,1014,17157,20,2,2,2,2,2,1,0,1,1,1,1,0.5,CONTRIBUTING
Identity-Shuffled,1015,6131,20,7,7,7,7,7,3,1,2,4,5,2,0.7142857142857143,CONTRIBUTING
Identity-Shuffled,1016,3482,20,20,20,20,20,20,0,0,0,20,20,0,1.0,CONTRIBUTING
Identity-Shuffled,1017,11287,20,19,19,19,19,19,2,1,1,17,18,1,0.9473684210526315,CONTRIBUTING
Identity-Shuffled,1018,15880,20,19,19,19,19,19,3,2,1,16,18,1,0.9473684210526315,CONTRIBUTING
Identity-Shuffled,1019,23030,20,6,6,6,6,6,0,0,0,6,6,0,1.0,CONTRIBUTING
Identity-Shuffled,1020,18823,20,2,2,2,2,2,1,1,0,1,2,0,1.0,CONTRIBUTING
Identity-Shuffled,1021,6160,20,2,2,2,2,2,1,1,0,1,2,0,1.0,CONTRIBUTING
Identity-Shuffled,1022,18077,20,16,16,16,16,16,5,2,3,11,13,3,0.8125,CONTRIBUTING
Identity-Shuffled,1023,25654,20,5,5,5,5,5,1,0,1,4,4,1,0.8,CONTRIBUTING
Identity-Shuffled,1024,4102,20,2,2,2,2,2,0,0,0,2,2,0,1.0,CONTRIBUTING
Identity-Shuffled,1025,4990,20,9,9,9,9,9,0,0,0,9,9,0,1.0,CONTRIBUTING
Identity-Shuffled,1026,17983,20,4,4,4,4,4,1,0,1,3,3,1,0.75,CONTRIBUTING
Identity-Shuffled,1027,1270,20,4,4,4,4,4,1,0,1,3,3,1,0.75,CONTRIBUTING
Identity-Shuffled,1028,11316,20,9,9,9,9,9,0,0,0,9,9,0,1.0,CONTRIBUTING
Identity-Shuffled,1029,22110,20,10,10,10,10,10,2,2,0,8,10,0,1.0,CONTRIBUTING
Identity-Shuffled,1030,27338,20,2,2,2,2,2,1,0,1,1,1,1,0.5,CONTRIBUTING
Identity-Shuffled,1031,17914,20,0,0,0,0,0,0,0,0,0,0,0,,Z0_NO_VISIBLE_SAMPLED_SLOT
Identity-Shuffled,1032,24099,20,6,6,6,6,6,2,1,1,4,5,1,0.8333333333333334,CONTRIBUTING
Identity-Shuffled,1033,23005,20,1,1,1,1,1,0,0,0,1,1,0,1.0,CONTRIBUTING
Identity-Shuffled,1034,18291,20,20,20,20,20,20,0,0,0,20,20,0,1.0,CONTRIBUTING
Identity-Shuffled,1035,24046,20,3,3,3,3,3,0,0,0,3,3,0,1.0,CONTRIBUTING
Identity-Shuffled,1036,4067,20,1,1,1,1,1,0,0,0,1,1,0,1.0,CONTRIBUTING
Identity-Shuffled,1037,3230,20,18,18,18,18,18,0,0,0,18,18,0,1.0,CONTRIBUTING
Identity-Shuffled,1038,23337,20,17,17,17,17,17,2,1,1,15,16,1,0.9411764705882353,CONTRIBUTING
Identity-Shuffled,1039,20937,20,8,8,8,8,8,0,0,0,8,8,0,1.0,CONTRIBUTING
Identity-Shuffled,1040,19571,20,13,13,13,13,13,0,0,0,13,13,0,1.0,CONTRIBUTING
Identity-Shuffled,1041,3259,20,18,18,18,18,18,1,0,1,17,17,1,0.9444444444444444,CONTRIBUTING
Identity-Shuffled,1042,1196,20,2,2,2,2,2,0,0,0,2,2,0,1.0,CONTRIBUTING
Identity-Shuffled,1043,2352,20,8,8,8,8,8,0,0,0,8,8,0,1.0,CONTRIBUTING
Identity-Shuffled,1044,27967,20,20,20,20,20,20,0,0,0,20,20,0,1.0,CONTRIBUTING
Identity-Shuffled,1045,17006,20,5,5,5,5,5,1,1,0,4,5,0,1.0,CONTRIBUTING
Identity-Shuffled,1046,11341,20,2,2,2,2,2,0,0,0,2,2,0,1.0,CONTRIBUTING
Identity-Shuffled,1047,21046,20,19,19,19,19,19,2,0,2,17,17,2,0.8947368421052632,CONTRIBUTING
Identity-Shuffled,1048,9298,20,18,18,18,18,18,1,1,0,17,18,0,1.0,CONTRIBUTING
Identity-Shuffled,1049,18037,20,20,20,20,20,20,4,2,2,16,18,2,0.9,CONTRIBUTING
Identity-Shuffled,1050,23084,20,4,4,4,4,4,1,0,1,3,3,1,0.75,CONTRIBUTING
Identity-Shuffled,1051,23079,20,19,19,19,19,19,3,2,1,16,18,1,0.9473684210526315,CONTRIBUTING
Identity-Shuffled,1052,3244,20,20,20,20,20,20,0,0,0,20,20,0,1.0,CONTRIBUTING
Identity-Shuffled,1053,3200,20,2,2,2,2,2,1,0,1,1,1,1,0.5,CONTRIBUTING
Identity-Shuffled,1054,22976,20,4,4,4,4,4,2,2,0,2,4,0,1.0,CONTRIBUTING
Identity-Shuffled,1055,26316,20,14,14,14,14,14,4,4,0,10,14,0,1.0,CONTRIBUTING
Identity-Shuffled,1056,12344,20,5,5,5,5,5,1,1,0,4,5,0,1.0,CONTRIBUTING
Identity-Shuffled,1057,7150,20,20,20,20,20,20,10,10,0,10,20,0,1.0,CONTRIBUTING
Identity-Shuffled,1058,7130,20,20,20,20,20,20,0,0,0,20,20,0,1.0,CONTRIBUTING
Identity-Shuffled,1059,10538,20,11,11,11,11,11,1,1,0,10,11,0,1.0,CONTRIBUTING
Identity-Shuffled,1060,11312,20,7,7,7,7,7,0,0,0,7,7,0,1.0,CONTRIBUTING
Identity-Shuffled,1061,3213,20,13,13,13,13,13,3,1,2,10,11,2,0.8461538461538461,CONTRIBUTING
Identity-Shuffled,1062,10251,20,4,4,4,4,4,0,0,0,4,4,0,1.0,CONTRIBUTING
Identity-Shuffled,1063,23996,20,2,2,2,2,2,0,0,0,2,2,0,1.0,CONTRIBUTING
Identity-Shuffled,1064,21036,20,5,5,5,5,5,0,0,0,5,5,0,1.0,CONTRIBUTING
Identity-Shuffled,1065,13227,20,5,5,5,5,5,3,0,3,2,2,3,0.4,CONTRIBUTING
Identity-Shuffled,1066,21952,20,0,0,0,0,0,0,0,0,0,0,0,,Z0_NO_VISIBLE_SAMPLED_SLOT
Identity-Shuffled,1067,25740,20,1,1,1,1,1,0,0,0,1,1,0,1.0,CONTRIBUTING
Identity-Shuffled,1068,23118,20,3,3,3,3,3,0,0,0,3,3,0,1.0,CONTRIBUTING
Identity-Shuffled,1069,2376,20,4,4,4,4,4,0,0,0,4,4,0,1.0,CONTRIBUTING
Identity-Shuffled,1070,24036,20,11,11,11,11,11,3,1,2,8,9,2,0.8181818181818182,CONTRIBUTING
Identity-Shuffled,1071,11267,20,1,1,1,1,1,0,0,0,1,1,0,1.0,CONTRIBUTING
Identity-Shuffled,1072,16848,20,4,4,4,4,4,0,0,0,4,4,0,1.0,CONTRIBUTING
Identity-Shuffled,1073,21041,20,8,8,8,8,8,0,0,0,8,8,0,1.0,CONTRIBUTING
Identity-Shuffled,1074,8164,20,13,13,13,13,13,3,0,3,10,10,3,0.7692307692307693,CONTRIBUTING
Identity-Shuffled,1075,24011,20,7,7,7,7,7,2,1,1,5,6,1,0.8571428571428571,CONTRIBUTING
Identity-Shuffled,1076,13370,20,13,13,13,13,13,1,0,1,12,12,1,0.9230769230769231,CONTRIBUTING
Identity-Shuffled,1077,5203,20,3,3,3,3,3,0,0,0,3,3,0,1.0,CONTRIBUTING
Identity-Shuffled,1078,14071,20,1,1,1,1,1,0,0,0,1,1,0,1.0,CONTRIBUTING
Identity-Shuffled,1079,21165,20,11,11,11,11,11,0,0,0,11,11,0,1.0,CONTRIBUTING
Identity-Shuffled,1080,11711,20,18,18,18,18,18,5,3,2,13,16,2,0.8888888888888888,CONTRIBUTING
Identity-Shuffled,1081,26724,20,3,3,3,3,3,0,0,0,3,3,0,1.0,CONTRIBUTING
Identity-Shuffled,1082,1845,20,19,19,19,19,19,3,1,2,16,17,2,0.8947368421052632,CONTRIBUTING
Identity-Shuffled,1083,3284,20,5,5,5,5,5,0,0,0,5,5,0,1.0,CONTRIBUTING
Identity-Shuffled,1084,20010,20,0,0,0,0,0,0,0,0,0,0,0,,Z0_NO_VISIBLE_SAMPLED_SLOT
Identity-Shuffled,1085,3377,20,12,12,12,12,12,0,0,0,12,12,0,1.0,CONTRIBUTING
Identity-Shuffled,1086,1215,20,4,4,4,4,4,1,0,1,3,3,1,0.75,CONTRIBUTING
Identity-Shuffled,1087,19923,20,1,1,1,1,1,0,0,0,1,1,0,1.0,CONTRIBUTING
Identity-Shuffled,1088,5145,20,5,5,5,5,5,1,1,0,4,5,0,1.0,CONTRIBUTING
Identity-Shuffled,1089,10354,20,18,18,18,18,18,4,1,3,14,15,3,0.8333333333333334,CONTRIBUTING
Identity-Shuffled,1090,616,20,15,15,15,15,15,7,7,0,8,15,0,1.0,CONTRIBUTING
Identity-Shuffled,1091,21957,20,11,11,11,11,11,1,0,1,10,10,1,0.9090909090909091,CONTRIBUTING
Identity-Shuffled,1092,25278,20,8,8,8,8,8,2,0,2,6,6,2,0.75,CONTRIBUTING
Identity-Shuffled,1093,518,20,6,6,6,6,6,0,0,0,6,6,0,1.0,CONTRIBUTING
Identity-Shuffled,1094,15988,20,15,15,15,15,15,7,3,4,8,11,4,0.7333333333333333,CONTRIBUTING
Identity-Shuffled,1095,743,20,0,0,0,0,0,0,0,0,0,0,0,,Z0_NO_VISIBLE_SAMPLED_SLOT
Identity-Shuffled,1096,20869,20,1,1,1,1,1,0,0,0,1,1,0,1.0,CONTRIBUTING
Identity-Shuffled,1097,25826,20,15,15,15,15,15,2,0,2,13,13,2,0.8666666666666667,CONTRIBUTING
Identity-Shuffled,1098,14125,20,3,3,3,3,3,0,0,0,3,3,0,1.0,CONTRIBUTING
Identity-Shuffled,1099,12246,20,10,10,10,10,10,0,0,0,10,10,0,1.0,CONTRIBUTING
Identity-Shuffled,1100,11119,20,2,2,2,2,2,0,0,0,2,2,0,1.0,CONTRIBUTING
Identity-Shuffled,1101,2371,20,2,2,2,2,2,0,0,0,2,2,0,1.0,CONTRIBUTING
Identity-Shuffled,1102,248,20,16,16,16,16,16,3,2,1,13,15,1,0.9375,CONTRIBUTING
Identity-Shuffled,1103,1698,20,9,9,9,9,9,1,1,0,8,9,0,1.0,CONTRIBUTING
Identity-Shuffled,1104,9190,20,16,16,16,16,16,0,0,0,16,16,0,1.0,CONTRIBUTING
Identity-Shuffled,1105,14105,20,0,0,0,0,0,0,0,0,0,0,0,,Z0_NO_VISIBLE_SAMPLED_SLOT
Identity-Shuffled,1106,27633,20,20,20,20,20,20,1,0,1,19,19,1,0.95,CONTRIBUTING
Identity-Shuffled,1107,6988,20,8,8,8,8,8,2,2,0,6,8,0,1.0,CONTRIBUTING
Identity-Shuffled,1108,27981,20,19,19,19,19,19,3,3,0,16,19,0,1.0,CONTRIBUTING
Identity-Shuffled,1109,20987,20,4,4,4,4,4,0,0,0,4,4,0,1.0,CONTRIBUTING
Identity-Shuffled,1110,9092,20,20,20,20,20,20,0,0,0,20,20,0,1.0,CONTRIBUTING
Identity-Shuffled,1111,18744,20,14,14,14,14,14,10,8,2,4,12,2,0.8571428571428571,CONTRIBUTING
Identity-Shuffled,1112,2541,20,20,20,20,20,20,4,3,1,16,19,1,0.95,CONTRIBUTING
Identity-Shuffled,1113,2421,20,12,12,12,12,12,1,0,1,11,11,1,0.9166666666666666,CONTRIBUTING
Identity-Shuffled,1114,25775,20,5,5,5,5,5,1,1,0,4,5,0,1.0,CONTRIBUTING
Identity-Shuffled,1115,12314,20,0,0,0,0,0,0,0,0,0,0,0,,Z0_NO_VISIBLE_SAMPLED_SLOT
Identity-Shuffled,1116,18027,20,12,12,12,12,12,4,4,0,8,12,0,1.0,CONTRIBUTING
Identity-Shuffled,1117,8274,20,3,3,3,3,3,0,0,0,3,3,0,1.0,CONTRIBUTING
Identity-Shuffled,1118,15835,20,0,0,0,0,0,0,0,0,0,0,0,,Z0_NO_VISIBLE_SAMPLED_SLOT
Identity-Shuffled,1119,10197,20,2,2,2,2,2,0,0,0,2,2,0,1.0,CONTRIBUTING
Identity-Shuffled,1120,8179,20,9,9,9,9,9,2,2,0,7,9,0,1.0,CONTRIBUTING
Identity-Shuffled,1121,15845,20,8,8,8,8,8,1,0,1,7,7,1,0.875,CONTRIBUTING
Identity-Shuffled,1122,1826,20,1,1,1,1,1,0,0,0,1,1,0,1.0,CONTRIBUTING
Identity-Shuffled,1123,6039,20,13,13,13,13,13,2,0,2,11,11,2,0.8461538461538461,CONTRIBUTING
Identity-Shuffled,1124,23044,20,0,0,0,0,0,0,0,0,0,0,0,,Z0_NO_VISIBLE_SAMPLED_SLOT
Identity-Shuffled,1125,3223,20,1,1,1,1,1,0,0,0,1,1,0,1.0,CONTRIBUTING
Identity-Shuffled,1126,24059,20,7,7,7,7,7,2,2,0,5,7,0,1.0,CONTRIBUTING
Identity-Shuffled,1127,27152,20,2,2,2,2,2,2,1,1,0,1,1,0.5,CONTRIBUTING
Identity-Shuffled,1128,860,20,3,3,3,3,3,1,1,0,2,3,0,1.0,CONTRIBUTING
Identity-Shuffled,1129,16225,20,19,19,19,19,19,6,3,3,13,16,3,0.8421052631578947,CONTRIBUTING
Identity-Shuffled,1130,10344,20,9,9,9,9,9,2,0,2,7,7,2,0.7777777777777778,CONTRIBUTING
Identity-Shuffled,1131,2288,20,14,14,14,14,14,7,0,7,7,7,7,0.5,CONTRIBUTING
Identity-Shuffled,1132,9264,20,19,19,19,19,19,3,2,1,16,18,1,0.9473684210526315,CONTRIBUTING
Identity-Shuffled,1133,3119,20,18,18,18,18,18,1,0,1,17,17,1,0.9444444444444444,CONTRIBUTING
Identity-Shuffled,1134,1279,20,19,19,19,19,19,4,4,0,15,19,0,1.0,CONTRIBUTING
Identity-Shuffled,1135,9083,20,20,20,20,20,20,0,0,0,20,20,0,1.0,CONTRIBUTING
Identity-Shuffled,1136,2411,20,19,19,19,19,19,3,0,3,16,16,3,0.8421052631578947,CONTRIBUTING
Identity-Shuffled,1137,18725,20,0,0,0,0,0,0,0,0,0,0,0,,Z0_NO_VISIBLE_SAMPLED_SLOT
Identity-Shuffled,1138,17016,20,4,4,4,4,4,0,0,0,4,4,0,1.0,CONTRIBUTING
Identity-Shuffled,1139,3289,20,4,4,4,4,4,0,0,0,4,4,0,1.0,CONTRIBUTING
Identity-Shuffled,1140,18008,20,2,2,2,2,2,1,0,1,1,1,1,0.5,CONTRIBUTING
Identity-Shuffled,1141,3150,20,1,1,1,1,1,0,0,0,1,1,0,1.0,CONTRIBUTING
Identity-Shuffled,1142,513,20,0,0,0,0,0,0,0,0,0,0,0,,Z0_NO_VISIBLE_SAMPLED_SLOT
Identity-Shuffled,1143,6051,20,9,9,9,9,9,0,0,0,9,9,0,1.0,CONTRIBUTING
Identity-Shuffled,1144,14731,20,1,1,1,1,1,0,0,0,1,1,0,1.0,CONTRIBUTING
Identity-Shuffled,1145,7194,20,7,7,7,7,7,1,1,0,6,7,0,1.0,CONTRIBUTING
Identity-Shuffled,1146,12255,20,19,19,19,19,19,3,3,0,16,19,0,1.0,CONTRIBUTING
Identity-Shuffled,1147,27742,20,0,0,0,0,0,0,0,0,0,0,0,,Z0_NO_VISIBLE_SAMPLED_SLOT
Identity-Shuffled,1148,8141,20,3,3,3,3,3,0,0,0,3,3,0,1.0,CONTRIBUTING
Identity-Shuffled,1149,4082,20,0,0,0,0,0,0,0,0,0,0,0,,Z0_NO_VISIBLE_SAMPLED_SLOT
Identity-Shuffled,1150,14959,20,6,6,6,6,6,0,0,0,6,6,0,1.0,CONTRIBUTING
Identity-Shuffled,1151,7894,20,0,0,0,0,0,0,0,0,0,0,0,,Z0_NO_VISIBLE_SAMPLED_SLOT
Identity-Shuffled,1152,15855,20,0,0,0,0,0,0,0,0,0,0,0,,Z0_NO_VISIBLE_SAMPLED_SLOT
Identity-Shuffled,1153,24981,20,6,6,6,6,6,1,0,1,5,5,1,0.8333333333333334,CONTRIBUTING
Identity-Shuffled,1154,22051,20,5,5,5,5,5,0,0,0,5,5,0,1.0,CONTRIBUTING
Identity-Shuffled,1155,26535,20,0,0,0,0,0,0,0,0,0,0,0,,Z0_NO_VISIBLE_SAMPLED_SLOT
Identity-Shuffled,1156,5076,20,2,2,2,2,2,0,0,0,2,2,0,1.0,CONTRIBUTING
Identity-Shuffled,1157,13388,20,19,19,19,19,19,4,1,3,15,16,3,0.8421052631578947,CONTRIBUTING
Identity-Shuffled,1158,8169,20,7,7,7,7,7,1,1,0,6,7,0,1.0,CONTRIBUTING
Identity-Shuffled,1159,26758,20,5,5,5,5,5,0,0,0,5,5,0,1.0,CONTRIBUTING
Identity-Shuffled,1160,23163,20,15,15,15,15,15,2,2,0,13,15,0,1.0,CONTRIBUTING
Identity-Shuffled,1161,4093,20,13,13,13,13,13,1,1,0,12,13,0,1.0,CONTRIBUTING
Identity-Shuffled,1162,17929,20,9,9,9,9,9,0,0,0,9,9,0,1.0,CONTRIBUTING
Identity-Shuffled,1163,13307,20,2,2,2,2,2,0,0,0,2,2,0,1.0,CONTRIBUTING
Identity-Shuffled,1164,24924,20,7,7,7,7,7,0,0,0,7,7,0,1.0,CONTRIBUTING
Identity-Shuffled,1165,1659,20,0,0,0,0,0,0,0,0,0,0,0,,Z0_NO_VISIBLE_SAMPLED_SLOT
Identity-Shuffled,1166,19874,20,9,9,9,9,9,1,0,1,8,8,1,0.8888888888888888,CONTRIBUTING
Identity-Shuffled,1167,27281,20,1,1,1,1,1,0,0,0,1,1,0,1.0,CONTRIBUTING
Identity-Shuffled,1168,5130,20,0,0,0,0,0,0,0,0,0,0,0,,Z0_NO_VISIBLE_SAMPLED_SLOT
Identity-Shuffled,1169,12398,20,8,8,8,8,8,0,0,0,8,8,0,1.0,CONTRIBUTING
Identity-Shuffled,1170,1841,20,11,11,11,11,11,3,1,2,8,9,2,0.8181818181818182,CONTRIBUTING
Identity-Shuffled,1171,28017,20,20,20,20,20,20,7,7,0,13,20,0,1.0,CONTRIBUTING
Identity-Shuffled,1172,6121,20,5,5,5,5,5,0,0,0,5,5,0,1.0,CONTRIBUTING
Identity-Shuffled,1173,18067,20,11,11,11,11,11,1,0,1,10,10,1,0.9090909090909091,CONTRIBUTING
Identity-Shuffled,1174,21016,20,14,14,14,14,14,2,1,1,12,13,1,0.9285714285714286,CONTRIBUTING
Identity-Shuffled,1175,15914,20,2,2,2,2,2,0,0,0,2,2,0,1.0,CONTRIBUTING
Identity-Shuffled,1176,10449,20,16,16,16,16,16,2,0,2,14,14,2,0.875,CONTRIBUTING
Identity-Shuffled,1177,4156,20,7,7,7,7,7,0,0,0,7,7,0,1.0,CONTRIBUTING
Identity-Shuffled,1178,23982,20,5,5,5,5,5,0,0,0,5,5,0,1.0,CONTRIBUTING
Identity-Shuffled,1179,27846,20,7,7,7,7,7,2,0,2,5,5,2,0.7142857142857143,CONTRIBUTING
Identity-Shuffled,1180,16913,20,10,10,10,10,10,0,0,0,10,10,0,1.0,CONTRIBUTING
Identity-Shuffled,1181,3155,20,14,14,14,14,14,0,0,0,14,14,0,1.0,CONTRIBUTING
Identity-Shuffled,1182,7809,20,0,0,0,0,0,0,0,0,0,0,0,,Z0_NO_VISIBLE_SAMPLED_SLOT
Identity-Shuffled,1183,1654,20,1,1,1,1,1,0,0,0,1,1,0,1.0,CONTRIBUTING
Identity-Shuffled,1184,7889,20,1,1,1,1,1,0,0,0,1,1,0,1.0,CONTRIBUTING
Identity-Shuffled,1185,5154,20,13,13,13,13,13,2,0,2,11,11,2,0.8461538461538461,CONTRIBUTING
Identity-Shuffled,1186,14895,20,0,0,0,0,0,0,0,0,0,0,0,,Z0_NO_VISIBLE_SAMPLED_SLOT
Identity-Shuffled,1187,9340,20,7,7,7,7,7,0,0,0,7,7,0,1.0,CONTRIBUTING
Identity-Shuffled,1188,6229,20,9,9,9,9,9,2,2,0,7,9,0,1.0,CONTRIBUTING
Identity-Shuffled,1189,27021,20,0,0,0,0,0,0,0,0,0,0,0,,Z0_NO_VISIBLE_SAMPLED_SLOT
Identity-Shuffled,1190,18838,20,5,5,5,5,5,2,0,2,3,3,2,0.6,CONTRIBUTING
Identity-Shuffled,1191,16991,20,2,2,2,2,2,0,0,0,2,2,0,1.0,CONTRIBUTING
Identity-Shuffled,1192,15017,20,13,13,13,13,13,0,0,0,13,13,0,1.0,CONTRIBUTING
Identity-Shuffled,1193,5120,20,1,1,1,1,1,1,1,0,0,1,0,1.0,CONTRIBUTING
Identity-Shuffled,1194,19953,20,12,12,12,12,12,0,0,0,12,12,0,1.0,CONTRIBUTING
Identity-Shuffled,1195,2357,20,2,2,2,2,2,1,1,0,1,2,0,1.0,CONTRIBUTING
Identity-Shuffled,1196,19119,20,5,5,5,5,5,1,1,0,4,5,0,1.0,CONTRIBUTING
Identity-Shuffled,1197,26646,20,8,8,8,8,8,1,0,1,7,7,1,0.875,CONTRIBUTING
Identity-Shuffled,1198,16898,20,4,4,4,4,4,0,0,0,4,4,0,1.0,CONTRIBUTING
Identity-Shuffled,1199,15815,20,8,8,8,8,8,0,0,0,8,8,0,1.0,CONTRIBUTING
Identity-Shuffled,1200,25754,20,18,18,18,18,18,4,3,1,14,17,1,0.9444444444444444,CONTRIBUTING
Identity-Shuffled,1201,15899,20,4,4,4,4,4,1,0,1,3,3,1,0.75,CONTRIBUTING
Identity-Shuffled,1202,19963,20,8,8,8,8,8,0,0,0,8,8,0,1.0,CONTRIBUTING
Identity-Shuffled,1203,16526,20,1,1,1,1,1,0,0,0,1,1,0,1.0,CONTRIBUTING
Identity-Shuffled,1204,25078,20,15,15,15,15,15,8,7,1,7,14,1,0.9333333333333333,CONTRIBUTING
Identity-Shuffled,1205,26336,20,2,2,2,2,2,0,0,0,2,2,0,1.0,CONTRIBUTING
Identity-Shuffled,1206,25819,20,13,13,13,13,13,1,0,1,12,12,1,0.9230769230769231,CONTRIBUTING
Identity-Shuffled,1207,26946,20,1,1,1,1,1,0,0,0,1,1,0,1.0,CONTRIBUTING
Identity-Shuffled,1208,14752,20,0,0,0,0,0,0,0,0,0,0,0,,Z0_NO_VISIBLE_SAMPLED_SLOT
Identity-Shuffled,1209,20933,20,0,0,0,0,0,0,0,0,0,0,0,,Z0_NO_VISIBLE_SAMPLED_SLOT
Identity-Shuffled,1210,27857,20,20,20,20,20,20,5,3,2,15,18,2,0.9,CONTRIBUTING
Identity-Shuffled,1211,25735,20,2,2,2,2,2,0,0,0,2,2,0,1.0,CONTRIBUTING
Identity-Shuffled,1212,23860,20,1,1,1,1,1,1,0,1,0,0,1,0.0,Z3_HAS_CANDIDATES_BUT_ALWAYS_LOSES_COLLISION
Identity-Shuffled,1213,26739,20,7,7,7,7,7,3,3,0,4,7,0,1.0,CONTRIBUTING
Identity-Shuffled,1214,27613,20,7,7,7,7,7,1,1,0,6,7,0,1.0,CONTRIBUTING
Identity-Shuffled,1215,24942,20,8,8,8,8,8,1,0,1,7,7,1,0.875,CONTRIBUTING
Identity-Shuffled,1216,20982,20,0,0,0,0,0,0,0,0,0,0,0,,Z0_NO_VISIBLE_SAMPLED_SLOT
Identity-Shuffled,1217,2721,20,17,17,17,17,17,2,0,2,15,15,2,0.8823529411764706,CONTRIBUTING
Identity-Shuffled,1218,4072,20,2,2,2,2,2,0,0,0,2,2,0,1.0,CONTRIBUTING
Identity-Shuffled,1219,17944,20,15,15,15,15,15,3,2,1,12,14,1,0.9333333333333333,CONTRIBUTING
Identity-Shuffled,1220,25809,20,8,8,8,8,8,1,1,0,7,8,0,1.0,CONTRIBUTING
Identity-Shuffled,1221,2406,20,18,18,18,18,18,0,0,0,18,18,0,1.0,CONTRIBUTING
Identity-Shuffled,1222,7136,20,20,20,20,20,20,0,0,0,20,20,0,1.0,CONTRIBUTING
Identity-Shuffled,1223,9200,20,0,0,0,0,0,0,0,0,0,0,0,,Z0_NO_VISIBLE_SAMPLED_SLOT
Identity-Shuffled,1224,7107,20,15,15,15,15,15,3,1,2,12,13,2,0.8666666666666667,CONTRIBUTING
Identity-Shuffled,1225,19830,20,3,3,3,3,3,1,0,1,2,2,1,0.6666666666666666,CONTRIBUTING
Identity-Shuffled,1226,2293,20,20,20,20,20,20,18,8,10,2,10,10,0.5,CONTRIBUTING
Identity-Shuffled,1227,19933,20,5,5,5,5,5,0,0,0,5,5,0,1.0,CONTRIBUTING
Identity-Shuffled,1228,13013,20,5,5,5,5,5,0,0,0,5,5,0,1.0,CONTRIBUTING
Identity-Shuffled,1229,4186,20,12,12,12,12,12,3,3,0,9,12,0,1.0,CONTRIBUTING
Identity-Shuffled,1230,8189,20,17,17,17,17,17,2,1,1,15,16,1,0.9411764705882353,CONTRIBUTING
Identity-Shuffled,1231,13223,20,2,2,2,2,2,0,0,0,2,2,0,1.0,CONTRIBUTING
Identity-Shuffled,1232,22016,20,4,4,4,4,4,0,0,0,4,4,0,1.0,CONTRIBUTING
Identity-Shuffled,1233,15003,20,6,6,6,6,6,0,0,0,6,6,0,1.0,CONTRIBUTING
Identity-Shuffled,1234,13237,20,16,16,16,16,16,5,3,2,11,14,2,0.875,CONTRIBUTING
Identity-Shuffled,1235,20418,20,20,20,20,20,20,0,0,0,20,20,0,1.0,CONTRIBUTING
Identity-Shuffled,1236,20864,20,0,0,0,0,0,0,0,0,0,0,0,,Z0_NO_VISIBLE_SAMPLED_SLOT
Identity-Shuffled,1237,13331,20,4,4,4,4,4,1,0,1,3,3,1,0.75,CONTRIBUTING
Identity-Shuffled,1238,7804,20,0,0,0,0,0,0,0,0,0,0,0,,Z0_NO_VISIBLE_SAMPLED_SLOT
Identity-Shuffled,1239,20903,20,0,0,0,0,0,0,0,0,0,0,0,,Z0_NO_VISIBLE_SAMPLED_SLOT
Identity-Shuffled,1240,7082,20,15,15,15,15,15,6,3,3,9,12,3,0.8,CONTRIBUTING
Identity-Shuffled,1241,27809,20,7,7,7,7,7,2,1,1,5,6,1,0.8571428571428571,CONTRIBUTING
Identity-Shuffled,1242,4309,20,7,7,7,7,7,0,0,0,7,7,0,1.0,CONTRIBUTING
Identity-Shuffled,1243,17949,20,13,13,13,13,13,3,2,1,10,12,1,0.9230769230769231,CONTRIBUTING
Identity-Shuffled,1244,8031,20,0,0,0,0,0,0,0,0,0,0,0,,Z0_NO_VISIBLE_SAMPLED_SLOT
Identity-Shuffled,1245,6925,20,20,20,20,20,20,0,0,0,20,20,0,1.0,CONTRIBUTING
Identity-Shuffled,1246,7318,20,10,10,10,10,10,0,0,0,10,10,0,1.0,CONTRIBUTING
Identity-Shuffled,1247,4985,20,14,14,14,14,14,2,0,2,12,12,2,0.8571428571428571,CONTRIBUTING
Identity-Shuffled,1248,2416,20,20,20,20,20,20,3,2,1,17,19,1,0.95,CONTRIBUTING
Identity-Shuffled,1249,27108,20,18,18,18,18,18,3,0,3,15,15,3,0.8333333333333334,CONTRIBUTING
Identity-Shuffled,1250,17677,20,8,8,8,8,8,3,0,3,5,5,3,0.625,CONTRIBUTING
Identity-Shuffled,1251,16962,20,4,4,4,4,4,0,0,0,4,4,0,1.0,CONTRIBUTING
Identity-Shuffled,1252,8289,20,14,14,14,14,14,7,6,1,7,13,1,0.9285714285714286,CONTRIBUTING
Identity-Shuffled,1253,1261,20,5,5,5,5,5,0,0,0,5,5,0,1.0,CONTRIBUTING
Identity-Shuffled,1254,12363,20,2,2,2,2,2,1,0,1,1,1,1,0.5,CONTRIBUTING
Identity-Shuffled,1255,6949,20,7,7,7,7,7,1,0,1,6,6,1,0.8571428571428571,CONTRIBUTING
Identity-Shuffled,1256,14905,20,0,0,0,0,0,0,0,0,0,0,0,,Z0_NO_VISIBLE_SAMPLED_SLOT
