material_id,transition,epe
27918,0,0.1858466790251911
8211,0,0.1990351951033966
9083,0,0.21308620484697846
28125,0,0.33155024019807194
20418,0,0.44010297640246393
5210,0,0.4976647046548645
6057,0,0.45980590109775005
7130,0,0.4552056495454566
7997,0,0.461271896755316
9087,0,0.4185199180288329
9948,0,0.176670068306102
18291,0,0.35682457899943754
18922,0,0.5207849775264769
19776,0,0.5882037195831572
20849,0,0.6267875067110932
21908,0,0.5940564537159272
22958,0,0.5521348132849219
3482,0,0.7194491574624707
4019,0,0.6580844161037128
4798,0,0.5893297282654383
5849,0,0.4551548279205757
7136,0,0.5112414622580851
8002,0,0.5045526503621677
9092,0,0.4683701934225947
10161,0,0.21837462807478164
11204,0,0.039892806705193525
12238,0,0.08324826241421639
16840,0,0.04872528409663792
17874,0,0.12529715978165054
18716,0,0.5375781960113518
19565,0,0.5713732399143905
20854,0,0.6315339884020114
21913,0,0.6296891266570063
22961,0,0.5734751773764533
23977,0,0.31131833817828497
2451,0,0.7640808469370192
3131,0,0.7886208393115893
4023,0,0.8100398836892937
5007,0,0.7275840501892354
5853,0,0.604265581806997
6925,0,0.6186823240821877
8225,0,0.6455006402669426
9097,0,0.6433711598679666
10167,0,0.6624277109513823
11209,0,0.2889830716417989
12241,0,0.08979605043826504
13218,0,0.07012006036910892
14012,0,0.07000940311967327
15017,0,0.09192783095430514
15821,0,0.09771107153930352
16843,0,0.10056956080521337
17880,0,0.16966872655169207
18932,0,0.6665365174036314
19571,0,0.6696543230232039
20860,0,0.691997914040742
21918,0,0.6954023816564235
22966,0,0.704917183048238
23982,0,0.8873465634553676
24699,0,0.8122746427687657
1745,0,0.7364408334671979
2293,0,0.6450498825943685
3135,0,0.7482714010995678
4028,0,0.7633005481844357
5013,0,0.8821560070682299
27900,0,0.6711944842648944
7146,0,0.5956014664675175
9102,0,0.6824754825812537
10171,0,0.7107322537581063
11214,0,0.7443769473142917
12246,0,0.6568690110488224
14017,0,0.07488927181647556
14821,0,0.10296811581926388
15826,0,0.4709029662088478
17677,0,0.3441397689144796
18725,0,0.6876996446448504
20005,0,0.6789084726389983
20864,0,0.7083416653931871
21923,0,0.7403124865006441
22971,0,0.6849518313183612
25551,0,0.7392530609754963
1645,0,0.7444641225761222
2298,0,0.38919202354504057
3141,0,0.5382764838616442
6076,0,1.4719449973716994
7150,0,0.6421698192283247
10177,0,0.6668382813370539
11219,0,0.7473859244909788
13227,0,0.7117155192363305
14021,0,0.08583675070039387
15831,0,0.5991598078540527
17890,0,0.30136714870748604
18941,0,0.3517085963381575
20010,0,0.5395050457209314
20869,0,0.5709656011270302
22976,0,0.493736763097842
24709,0,0.5321917220785849
1649,0,0.8625561783295085
2303,0,0.2974168413214741
4037,0,0.3510187949887224
6939,0,1.3809459030117919
7804,0,1.7779436398802826
9111,0,0.6893836278516404
10181,0,0.6794473337668263
12255,0,0.8012513514947412
13232,0,0.6532697669400838
15030,0,0.5716267081098456
16858,0,0.7778635788954996
17895,0,0.4866998376866868
18734,0,0.3557201682668727
20014,0,0.4332233498353321
21932,0,0.4719510703054441
25720,0,0.7848973827047404
28232,0,0.5688383173354609
1279,0,0.3318529153773298
1654,0,0.5170188848104291
2307,0,0.11354104868519078
3150,0,0.4519389186175021
4042,0,0.7024825893611342
6087,0,0.28441000591123416
7809,0,0.45108510926589945
9117,0,0.8341150545336499
11228,0,0.7458730871056222
12260,0,0.6219423322483539
13237,0,0.5771120067398551
15841,0,0.4017835668684472
16863,0,0.19543419991956087
17899,0,0.7680130598943937
21937,0,1.1423380297624652
24001,0,0.16593333784299155
28240,0,0.8723143507871989
26278,0,0.8204029766540718
1191,0,0.2901781014781102
1659,0,0.2333759400890922
4048,0,0.9874897691517345
5032,0,0.7988037521923492
9340,0,0.8641401876061734
11233,0,0.648985500805783
28017,0,0.8135494778266881
13243,0,0.2251061829582254
14037,0,0.35274126771576786
15845,0,0.33486611323628457
18744,0,0.45990616641234955
20883,0,0.9168523788832487
21942,0,0.7763891610434456
22990,0,0.380966778409413
25731,0,0.6161386661223112
26282,0,0.7987987775439662
26535,0,0.8073648638876665
1196,0,0.8706686174213605
2318,0,1.087325793719529
3160,0,1.0341856605943518
3869,0,1.1546366275208952
6096,0,0.7576466711666945
7170,0,0.7046143914595655
9126,0,0.6566895557148884
10197,0,0.6834320566364697
14846,0,0.5084412141250826
15850,0,0.20989765694720133
16667,0,0.2671917700070952
18749,0,0.8016356553604161
20888,0,0.7200718178457405
24011,0,1.0589367061583321
25735,0,0.5870400952202585
26287,0,0.7986589363503652
2323,0,1.5239910884949492
3165,0,1.3119339699553372
4246,0,1.1815724396663665
6101,0,1.2861978080926721
6959,0,1.0029478856952525
9131,0,0.774568647135216
10202,0,0.8596484726230572
11244,0,0.701577611690544
13253,0,0.5455496346413027
14047,0,0.28863025811827925
14851,0,0.5919111927556087
15855,0,0.5828289528397851
16878,0,0.8126513537463133
17914,0,0.8945570146644191
18754,0,0.9637659190203807
23000,0,1.584528219601084
24016,0,1.3335122415572052
26709,0,1.819868035990362
788,0,0.8158076893304796
1674,0,1.0600225157623662
2327,0,1.4051208744704815
3170,0,1.264938171275805
9137,0,1.1901651239121982
11248,0,0.7850559587897227
14856,0,0.4443841413939097
17919,0,1.0973705349152154
18759,0,1.0210844175044327
19825,0,1.0756208674909424
20898,0,1.4163324049797026
23005,0,1.692386828573874
24021,0,1.579973076455084
25746,0,0.6719247954744644
26297,0,0.8871615382309412
26946,0,2.440928877350706
582,0,0.882213463812103
794,0,0.9479649469017445
1583,0,0.8601270663868346
2332,0,1.0127781076398465
3175,0,1.027266434889828
6111,0,0.9636233476561548
8051,0,1.137956504586071
10211,0,0.8730714133145356
11254,0,0.8665248225361756
14055,0,0.42686148071980656
14861,0,0.41762026698201565
15865,0,0.7022794287941988
16888,0,1.1759665090921851
17924,0,1.18469192465207
18764,0,1.3151156706680034
19830,0,1.6771280063222138
21962,0,1.4857607524900087
23010,0,1.5414849018083103
24026,0,1.3618854117083705
25750,0,0.8375625034424444
26302,0,1.0486972601049924
26718,0,1.0958508791791275
27021,0,1.7566062967712741
797,0,1.2040155253040985
1683,0,0.8651987928621009
2337,0,0.8938915705584713
3180,0,0.9176437541001529
5057,0,0.9571484333718167
6974,0,0.8992233252133813
8274,0,0.983168609656941
11258,0,0.8463611914642943
12290,0,0.7032489572301293
14061,0,0.5190970216775961
14866,0,0.49285931606134614
15870,0,1.1273389668897986
16893,0,1.331833217992423
17929,0,1.2217499096126723
18769,0,1.6094758724295362
19835,0,1.70906080503248
23015,0,1.3950582096587747
26306,0,1.09524816157855
26724,0,1.1859104444162352
27093,0,1.77782809530576
464,0,0.935853713917092
1689,0,0.8559794322875236
2342,0,0.7851612748865905
2840,0,0.8513248576412769
5062,0,0.9872548621933592
7194,0,1.0199250676906155
8061,0,0.9598568334065494
10430,0,0.9383443977714011
14066,0,0.602212010078274
14871,0,0.54294576082656
15875,0,1.0889192978013493
16898,0,1.2994307496525246
17934,0,1.36364080495743
18774,0,1.4306477299630433
19840,0,1.4470958342065425
21972,0,1.3393177453194172
23020,0,1.3247472483608256
24036,0,1.2509533029692455
24919,0,0.9705206092677227
25760,0,1.1793591969310728
26312,0,1.1923374000094127
27098,0,1.5753202438816807
27281,0,1.4482681148078018
305,0,0.6652193271783098
469,0,0.6374206776781874
1317,0,0.7769912083935215
2347,0,0.9707962478623039
3016,0,1.2869015397925152
4082,0,1.2681350315270232
4862,0,1.199644272338156
6126,0,1.0225903736945603
8065,0,1.0346913275386602
10226,0,1.423962398544843
11267,0,1.3442352931948731
12300,0,1.2043797413062078
14071,0,0.7367357492272625
14876,0,0.5012325200329031
16903,0,0.9207627644064056
17939,0,1.2413754381555426
18779,0,1.3718023823158907
19845,0,1.2977309148804672
21977,0,1.222722360471423
24041,0,1.2793698137081515
24924,0,0.9968196232262961
27103,0,1.3180299994081877
259,0,0.7104790710059296
812,0,0.7783693961115853
1231,0,0.6680381740949171
1698,0,0.7141392034032195
2352,0,1.0572629220834093
3195,0,1.1457676870077849
4087,0,1.2576892848626013
5072,0,1.2425516964016776
6131,0,1.1326548391844726
6988,0,1.0149233164336577
8289,0,1.0231039783789095
9161,0,1.0111775580909967
10231,0,1.359464542402314
11272,0,1.3838156930959973
13459,0,0.8700316698861644
14216,0,0.7198755746142509
17944,0,1.075843272285297
18784,0,1.2287202724411268
19850,0,1.2013423450635459
21136,0,1.1240744046083628
21982,0,1.3035833729015691
23030,0,1.3580861895315335
24046,0,1.374617662389261
25098,0,0.9795420613343963
26739,0,1.204680184179708
27392,0,1.0685735094754276
266,0,0.5927313206204807
1236,0,0.47688078578784554
1704,0,0.4782938424993483
2357,0,0.8326306745972567
3200,0,0.8852187329130522
4281,0,0.9630556619018229
5076,0,1.0258429350361489
6136,0,1.2113865692660795
12311,0,0.7885479419416475
14080,0,0.6301922969278962
14886,0,0.44821228830335913
15890,0,0.6804878022974065
16913,0,0.720919969301743
18790,0,0.962425984598374
20928,0,1.1354679233761182
21987,0,1.54387096403668
23035,0,1.4869213727717014
24050,0,1.4308608785947183
25103,0,1.0140942826890864
26326,0,1.0497277454206722
26744,0,1.0882477368360306
27397,0,1.1364165997113524
823,0,0.45515756096895926
1241,0,0.34629195008746966
3204,0,0.7550014772643796
4476,0,0.8667830677478595
4877,0,0.9578490620586517
6998,0,1.1026812794899294
9389,0,0.9558565714588423
10449,0,0.9309473646149595
11283,0,0.8295405749667779
14086,0,0.5496939688470708
14891,0,0.49689021313941434
15895,0,0.5253636058279517
19860,0,0.8567391085722968
20933,0,0.9385545567068206
25278,0,1.2194355494623095
25780,0,1.1733721297416118
26331,0,1.0883959304229913
26748,0,1.0586109812937317
27118,0,1.0187759907524643
27402,0,0.8602745474466897
27532,0,1.010129809506944
113,0,1.1096294245410683
616,0,0.3872701855251082
827,0,0.34397551600310716
1245,0,0.2683077494190195
3034,0,0.5918642192302537
5086,0,1.2993558172347865
8302,0,1.0073523443786372
10246,0,1.0833469538358402
12319,0,0.8570387140323124
14895,0,0.5785248391472926
15899,0,0.35491259737911035
17958,0,0.7549121915213268
18799,0,0.8953366618989296
19863,0,0.8524481792794673
20937,0,0.9205992273556313
25784,0,1.1565794299760153
26336,0,1.1130595769235483
27122,0,0.9829315954437111
63,0,1.1491436922197684
494,0,0.40157676643002105
832,0,0.293442061033578
1718,0,1.2208757562316548
2371,0,1.1633709934979926
2867,0,0.5932588396365481
4477,0,0.43644011329869875
4881,0,1.103583548944678
9180,0,0.9499474281165952
10251,0,0.8649671145376645
13301,0,1.0089241293771758
14900,0,0.9504987521985303
15904,0,0.7198091184781675
16721,0,0.099194915497911
17963,0,0.26353435796425567
20942,0,0.9075043763389332
23050,0,0.8691243112148852
23860,0,1.193936192232823
25789,0,0.9389700642113258
27127,0,1.029146264068879
27411,0,0.7405288321990277
27613,0,0.3644257529652539
27674,0,0.6266920765250402
44,0,1.004202376228453
238,0,0.366984278116739
838,0,0.1883629208544211
1826,0,0.9071803272660279
2376,0,0.7072622273225643
4093,0,0.5899368373932063
4886,0,1.1153805505179197
6155,0,1.1395399996687434
9403,0,0.7845654449089943
11711,0,0.5292648418987874
13307,0,1.263836513818706
14100,0,0.7275985292229411
14905,0,0.812025853020061
15909,0,0.9512961872339698
16521,0,0.869998694479746
17968,0,0.3973990586510375
21160,0,0.8694773024836477
22007,0,0.8748532489180503
23055,0,0.7751153127344577
24054,0,0.8019673015705965
25794,0,0.5262187809867194
26346,0,0.9105566564509046
26763,0,0.9991180918938232
27132,0,0.8915206313161909
27723,0,0.9645032059742302
16,0,1.091921367029953
131,0,0.4339419458352647
242,0,0.3135606390436772
503,0,0.2939242766795245
768,0,0.21700793961643156
1261,0,0.3849519715491053
1728,0,0.5790862833097515
2381,0,0.6574235095298695
4097,0,1.1055344094413175
5100,0,0.789989828211688
9190,0,0.5230869279704515
10260,0,0.460236427602755
11509,0,0.5989094572315644
15914,0,1.0845182694820072
17973,0,0.6013849815240084
19879,0,0.7956032371836811
21165,0,0.8706180414650828
22012,0,0.780390636527432
23059,0,0.8244613019064542
24059,0,0.7533905770895362
24759,0,1.024461404689967
25943,0,0.9450466096904117
26352,0,0.4501558606305069
27468,0,0.5847885723142515
27623,0,0.6776522049156398
27727,0,1.0832289681212808
27795,0,1.5110627918044373
7,0,1.11584463801142
103,0,0.5388296009536079
248,0,0.6423627072680644
508,0,0.5211488207917649
1266,0,0.20744331900190582
1733,0,0.36966525747382567
2081,0,0.4525337011665001
4102,0,0.8028756007331911
5105,0,0.4921549004851803
10265,0,0.33769665212856986
11514,0,0.6945785005277236
13317,0,1.1663360606637356
14731,0,0.946336283891384
15919,0,1.0069523615546172
18818,0,0.3470803502608219
20957,0,0.6116373659349448
23064,0,0.78327594627283
24064,0,0.8609417690645045
24932,0,1.0337524803849898
26356,0,0.153285109121075
26773,0,0.3304998970552971
27075,0,0.594302878865914
27628,0,0.44925513189711586
27732,0,0.6809068944873827
27809,0,1.2616456963924625
2,0,0.2307818598110652
108,0,0.7015677449029903
852,0,0.4557660589640065
1270,0,0.39742328267460414
1738,0,0.18880569949238626
3208,0,0.325609849605785
4107,0,0.6948672733981648
5744,0,0.3634029987357034
10269,0,0.4089259927364761
11312,0,0.6592391796156212
13322,0,1.2025767285018392
14115,0,1.3672723697865812
18823,0,0.3495653183655315
20104,0,0.5302439925808262
22231,0,0.800998791822761
23069,0,0.8077992980124347
24936,0,0.8137448084894336
25631,0,0.7427773858823054
26360,0,0.321267871000948
27147,0,0.4206181836608333
27381,0,0.5220597084549148
27633,0,0.42960091185255445
27814,0,0.9419802387858598
6,0,0.20731996555716076
112,0,0.30556899008857413
258,0,0.7658104639109523
518,0,0.431918052966939
1550,0,0.16406053605062698
2541,0,0.33720762736509974
3213,0,0.3816112695434689
4113,0,0.5089565145185674
6176,0,0.7526864906411249
7033,0,0.5871963520904674
8987,0,0.5078337339183355
10275,0,0.8311651731439027
11316,0,1.004048064997943
12349,0,0.5299761526708628
17157,0,1.1751679000530533
17988,0,1.1914662200074762
18828,0,0.4213220538603927
19894,0,0.6639009595194757
21180,0,0.5364375447071759
23074,0,0.9168687177285739
24074,0,0.9575072497926596
24942,0,1.058920676555969
25799,0,0.9715921549323058
26534,0,0.17311086527664019
27152,0,0.3956535550948403
27638,0,0.33119741995096846
27742,0,0.5518819533554318
27818,0,1.056642962571142
27846,0,0.6630363187246205
3218,0,0.7067891404650986
5120,0,0.567006887941023
7470,0,0.5708891609476656
9428,0,1.3941598220128282
10279,0,1.5037351120358176
12354,0,0.415856690402061
13331,0,0.5616537024543162
15732,0,0.7051769448023034
17993,0,1.0008292009003141
18834,0,0.9803047517993199
19899,0,1.1945456418441982
20972,0,0.7894711832476097
22031,0,0.8341358455668523
23079,0,1.1974597550946238
24947,0,0.949069508044057
25804,0,0.8229041186322902
26176,0,1.0325868045113982
26787,0,0.5047876199158486
27156,0,0.4116082264869872
27440,0,0.4074481442955867
1841,0,0.7915595610369243
2390,0,0.5648576661503673
3223,0,0.8369762973296814
6399,0,0.5050014918921077
7043,0,0.4894101835892437
8125,0,0.4837120267082702
11119,0,0.5012736736818337
13336,0,0.49183924944233726
14130,0,0.6801842115250971
15737,0,0.6863835868408761
16962,0,0.8295915315202579
17998,0,0.9275003701153577
18838,0,1.1777559109731004
23084,0,1.4825379872082511
24084,0,1.441380171468615
26361,0,1.5937561155309388
27869,0,0.9858191107115667
2394,0,0.26046301870664373
3228,0,0.09656203414407613
6190,0,0.5124728162963287
7048,0,0.4847722675582094
10290,0,0.7329870816663647
11331,0,0.5949271579857821
14135,0,0.28637368925882806
15944,0,0.3402376895430045
16967,0,1.1934677889071077
18003,0,0.9362466505054299
18843,0,0.4870495006977814
24089,0,1.3568946981777108
25814,0,1.4605010785526622
26274,0,1.812217680317258
3230,0,0.36233668380731476
4132,0,0.336531677684858
5134,0,0.497681624728666
6195,0,0.5418527343381262
7053,0,0.3787301857182796
8134,0,0.2380201812506353
12369,0,0.578544282644682
13346,0,0.32538413717914355
14001,0,0.27241221367686247
15949,0,0.5518625769330486
16972,0,0.6531628459047129
20987,0,0.2047823704173784
23094,0,0.1785443977973054
24094,0,0.06339239991541099
24962,0,0.08283775979716632
28189,0,0.868471237101725
3235,0,0.5462209719379094
12374,0,0.0872417701057617
13351,0,0.18639909046737516
13858,0,0.2136942581572299
15954,0,0.6504104881615553
16977,0,0.4403601612865479
20992,0,0.23851146567073078
22051,0,0.08227802000737794
23099,0,0.019540781049651935
24099,0,0.4091631917644785
24967,0,0.3539118419341626
25483,0,1.112316946282428
2721,0,0.7153839066270514
3239,0,0.3727412096590969
4141,0,0.13989616938473173
5992,0,0.10914176584337197
9234,0,0.12665946253417026
10305,0,0.194043376784126
12378,0,0.12600356642619867
13355,0,0.11633072440027889
14437,0,0.42528222942164473
14954,0,0.41425364570843887
15958,0,0.5171207885674283
16981,0,0.39777668323365534
19923,0,0.23227632823333189
22055,0,0.06793616694002091
23103,0,0.32088151434445655
24971,0,0.4378762722340273
2557,0,0.5769926860393073
3244,0,0.41164022370380554
4146,0,0.08305933500243834
4941,0,0.09601618213739682
6209,0,0.05441772172969642
7283,0,0.03209953895624003
7933,0,0.06761872270990421
11351,0,0.013710517425866124
13360,0,0.12241908615387016
14443,0,0.4057290274777205
14959,0,0.4279866967578621
18862,0,0.22041363047685236
21002,0,0.43238003527757635
22060,0,0.3924942971678838
24108,0,0.4430117780508747
24976,0,0.6290834769336336
2396,0,0.34674877238790397
3250,0,1.040073312137934
6214,0,0.019475077789334622
7072,0,0.048499171145267035
8154,0,0.028376683969154163
9244,0,0.05104988180563213
11356,0,0.02763336847684325
12388,0,0.08527540153746091
13365,0,0.3819809904528381
14447,0,0.18386858291795682
18027,0,0.20087928324728954
19933,0,0.3339224211723088
22065,0,0.441099798790342
24113,0,0.39251741556775577
2401,0,0.5360584605909631
3254,0,0.7533589957073296
4156,0,0.3694469868565839
6219,0,0.020251799012214484
7077,0,0.05481675311078768
10319,0,0.014286564728803703
11361,0,0.012567807974840646
12393,0,0.40216662484252486
13370,0,0.6442260107573626
14452,0,0.0879139469992057
16996,0,0.19210566257798511
18032,0,0.11601852761774305
18872,0,0.5985575112198346
19938,0,0.7972386391116207
21011,0,0.48093229688944666
23118,0,0.360756908818964
24118,0,0.3424223911645781
24986,0,0.5222731112207386
25819,0,1.2367850474341338
2406,0,0.5558386217054658
3259,0,0.7063249976546818
4161,0,0.5575338078350711
5164,0,0.26917351828487346
7082,0,0.18226396930191333
9472,0,0.06382124818031984
11366,0,0.10931243860434683
12398,0,0.5656726254455081
13375,0,0.6745775675603901
14974,0,0.359955173154091
15978,0,0.21493834970943207
17001,0,0.15553489362683445
18037,0,0.549755051048856
18877,0,0.7256599381867677
19944,0,0.485846980999454
22075,0,0.3347525922560201
23123,0,0.356397710772648
24123,0,0.38658965814493607
24991,0,0.46614344025154425
25669,0,0.8376734173619919
2411,0,0.7635464422517092
3089,0,0.5231992859402981
5169,0,0.5546388761889378
8169,0,0.2172681816133693
9259,0,0.1888452342870915
10538,0,0.3410781743401554
11371,0,0.5758943747884778
12403,0,0.6459449301396943
13380,0,0.746601412547105
14979,0,0.6045008350239731
15983,0,0.3405287899354326
17006,0,0.7281368498867963
18042,0,0.7095136343890147
18882,0,0.39689792682958525
21021,0,0.32353562013727444
22080,0,0.3505700800286622
23337,0,0.370463121467859
24128,0,0.379774535398169
24996,0,0.6348117801803367
25673,0,0.6621224243439245
2416,0,0.8743220058739143
4171,0,0.522639879341022
8392,0,0.599684288545579
9264,0,0.8228189162502513
10334,0,0.8311682110582793
11583,0,0.7652632325462081
12408,0,0.6967129597514854
13200,0,0.8746944777490135
14984,0,0.2204173638785313
15988,0,0.6830925173979766
17011,0,0.7018572383602383
18047,0,0.3282854453546554
23133,0,0.3580366731161192
24133,0,0.47437230463382307
25002,0,1.0265120108507968
25826,0,1.0993171872252145
2421,0,1.234638581148723
3274,0,0.5540252982290425
4176,0,0.5490152752446608
6239,0,0.5597778014871514
7097,0,0.6132058155478652
9487,0,0.794956746845672
10340,0,0.8216875416326971
11381,0,0.7595960017985915
12413,0,0.9215233782229314
14989,0,0.3894002789107321
15791,0,0.5594566202596986
17016,0,0.3746098457458141
18052,0,0.3334728776684616
22090,0,0.36902856288755753
24138,0,0.7026147745035575
25006,0,0.843601178098668
25831,0,1.4667290833152509
1962,0,0.6100195875205546
2426,0,0.8200372180146888
3279,0,0.6251707269731696
5184,0,0.6115767491671376
7318,0,0.6112289861637039
8401,0,0.7233369052257996
10344,0,0.8160121110669811
11385,0,0.8553579927026888
12417,0,0.9411567762662428
14993,0,0.4703951339933767
15796,0,0.4150924183161529
17020,0,0.36740674534012835
18057,0,0.3599787757233554
19963,0,0.36540355798710006
24143,0,0.8001135488016997
25011,0,0.7871637463989279
25836,0,1.526507729901299
2431,0,0.7618144803588596
5189,0,0.7435609106256743
6248,0,0.7046142512343663
8189,0,0.789313905942269
9279,0,0.8709229483259041
11391,0,0.9463340775628026
12423,0,0.9477004228018062
13013,0,0.7509954795899539
14453,0,0.44435971041025507
16003,0,0.49786233808757036
17026,0,0.4446069635657316
21041,0,0.3791911978728117
24148,0,0.7848549019160461
25016,0,0.8767699874966267
25841,0,1.5261795064547734
1845,0,0.4112310416380206
2436,0,0.84197979590524
4190,0,0.5672778622579785
7113,0,0.5563999852061284
8413,0,0.7223389153541506
9502,0,0.7099316356253855
10354,0,0.7747354640655139
11396,0,0.8873346359951562
12428,0,0.8441034119138952
13383,0,0.09490714595810523
14299,0,0.5070732320395945
15003,0,0.5116725181940395
15806,0,0.5145201286870483
17031,0,0.5256244366720995
19973,0,0.4556436489996785
21046,0,0.5083875424851838
23153,0,0.6874901288671683
25021,0,1.2154728357216877
25846,0,1.407966034967625
2441,0,1.255356905128101
3119,0,1.6009724416173676
4010,0,0.950497532055843
6259,0,0.5257015403913664
8199,0,0.7249342328476381
9289,0,0.7826786151194252
10359,0,0.8637571810758155
11401,0,0.7917271676329493
12433,0,0.8972036404137798
13388,0,0.9834342954737298
28001,0,0.40855539245736944
16013,0,0.47963434305816793
17036,0,0.4992448173445462
18912,0,0.5123823801604587
19978,0,0.5785537208524035
21051,0,0.5697869641353699
23158,0,0.6924349231245803
24158,0,0.6573381574780737
25026,0,1.0750502974740692
25851,0,1.1922753319359702
1741,0,0.6197911295470334
3298,0,1.9917275939334877
4200,0,0.9335815711849171
5203,0,0.626046361729726
9294,0,0.8570779446378692
10364,0,0.9174541264246475
11406,0,0.6564095438477102
12438,0,0.7004825146536421
13393,0,1.185495317524867
15013,0,0.6348253233296713
15815,0,0.4032096918604612
17040,0,0.43811506845248427
18917,0,0.5021951877105709
19983,0,0.36057104332160944
21056,0,0.5478377892587197
22115,0,0.6121162416457294
23163,0,0.5097643201353377
24163,0,0.7390553267056597
25031,0,0.8599260583497095
25856,0,0.928424384446789
27857,0,0.6377676617662235
2288,0,0.2562220349920853
3303,0,0.6812291159498428
6269,0,0.9741406055302764
8209,0,0.8034890977942241
9298,0,0.803063473388393
10368,0,0.7131314627373943
27967,0,1.2107655482223914
27981,0,1.106746104226173
28051,0,0.9037104762334525
18290,0,0.4658471946613956
18921,0,0.4300103732198796
19987,0,0.37590534451611607
21060,0,0.49988158660029397
22118,0,0.44183043924350857
23166,0,0.7480582782728085
24166,0,1.0311641052894711
25035,0,0.9225395285628987
25860,0,0.8534910016401394
27918,1,0.11884995846499186
8211,1,0.12830196435477884
9083,1,0.09296074777699324
28125,1,0.3721597327032853
20418,1,0.5297053896812273
5210,1,0.46464292102562704
6057,1,0.32040932462465743
7130,1,0.2673397164047969
7997,1,0.2839723653018767
9087,1,0.26496344640411335
9948,1,0.20903628081707806
18291,1,0.43650506915944626
18922,1,0.5907244862561775
19776,1,0.6413600142327612
20849,1,0.7160366400098068
21908,1,0.683729863688508
22958,1,0.6224798882201964
3482,1,2.5654360798809326
4019,1,2.0397871660202918
4798,1,1.1622401619583869
5849,1,0.2815691011900028
7136,1,0.3032477299558061
8002,1,0.29729629883482683
9092,1,0.3019831225684614
10161,1,0.25339877403730515
11204,1,0.1548156431531626
12238,1,0.18264127321710394
16840,1,0.08359507739590502
17874,1,0.15229441824696893
18716,1,0.6058201409021374
19565,1,0.6260758486632426
20854,1,0.7129498163894316
21913,1,0.722607761301821
22961,1,0.6548209385883074
23977,1,0.3086235970505226
2451,1,2.9110463832971605
3131,1,2.9153862592356585
4023,1,2.901054533129896
5007,1,1.2791741913568977
5853,1,0.3859768250619921
6925,1,0.3415448000557469
8225,1,0.3447631774380546
9097,1,0.3549408536223994
10167,1,0.34789185082456037
11209,1,0.28085327593130743
12241,1,0.20039638375681204
13218,1,0.15973836976018232
14012,1,0.14778346418616206
15017,1,0.137639855881042
15821,1,0.13353912525267733
16843,1,0.1256046155317151
17880,1,0.22018731471532196
18932,1,0.7128668100200801
19571,1,0.74019805762716
20860,1,0.7928279600750469
21918,1,0.8029417129718157
22966,1,0.9228378184125995
23982,1,1.526407989709971
24699,1,1.4957709528460166
1745,1,2.5027819822539468
2293,1,2.6277763724991865
3135,1,2.6294135281981843
27900,1,0.3872973166048869
7146,1,0.3836763687280092
9102,1,0.3542052278219581
10171,1,0.3839921760989414
11214,1,0.44726161677253784
12246,1,0.4028708779356816
14017,1,0.18085536684584508
14821,1,0.14763708695334865
15826,1,0.6457389897837001
17677,1,0.6590658187935446
18725,1,0.8868814564410815
20005,1,0.8200809533910024
21923,1,0.873761793983134
22971,1,0.9353535385994332
25551,1,1.774383784467559
1645,1,2.388680811751266
3141,1,2.1823414873487397
7150,1,0.5184523178334421
10177,1,0.357310378942642
18941,1,1.0487009849755884
20010,1,1.015716384927779
22976,1,1.7734378159522723
24709,1,2.5715693217021265
1649,1,1.657254430303567
2303,1,1.2728378405732523
4037,1,1.6544390984233674
6939,1,0.7643664768730619
7804,1,0.5706947331461928
9111,1,0.3150318584376444
10181,1,0.28220803341941847
12255,1,0.3844948702419765
13232,1,1.0968407078109115
17895,1,0.989021246953401
18734,1,1.0160721290508228
20014,1,1.039689589346627
21932,1,0.9011286278486733
25720,1,2.423159844366667
28232,1,0.527274901575424
1279,1,1.1184499149292955
1654,1,1.2469762854177417
2307,1,1.1207043184158512
4042,1,0.9794144640320978
6087,1,0.9514935044602165
11228,1,0.36774753113135605
12260,1,0.35540601185374016
13237,1,2.304420635946296
16863,1,0.44307640202312026
17899,1,0.8299538739219433
21937,1,1.4422891578845618
28240,1,1.9058689423109092
26278,1,1.7697483384777801
1191,1,0.7892130431435633
11233,1,0.958245931857207
28017,1,0.40371784558478774
13243,1,0.7422875064810749
14037,1,0.6493298505848387
15845,1,0.5587779453712599
18744,1,0.8774512026636634
20883,1,0.7052329747257707
21942,1,1.3320943129659206
25731,1,1.225372487865127
26282,1,1.4540268374647807
26535,1,0.9266020069858318
3160,1,0.977738005831117
3869,1,0.9484608868343499
6096,1,0.7882814491355874
7170,1,0.7363179613414953
9126,1,0.5061831754425957
10197,1,0.5555365460145787
16667,1,0.7834884479524854
18749,1,0.7556759973433684
24011,1,1.0396865186330575
25735,1,1.078415623640654
26287,1,1.0604254449957178
2323,1,0.23843176999628637
3165,1,0.5738383592789793
6101,1,1.6267952704568123
9131,1,0.5292484624002382
10202,1,0.7538254379609829
11244,1,0.5748904034913945
13253,1,0.36018680130672837
14047,1,1.0761743173492224
14851,1,1.0909193834250064
15855,1,1.0336309510521866
17914,1,1.0861312894910269
18754,1,1.1758473690452413
23000,1,0.7794529975371545
26709,1,0.5729435052250139
2327,1,0.29744929420021976
3170,1,0.46470578731892254
14856,1,0.9183227252252262
17919,1,0.6738653721418716
18759,1,1.3168820899589226
23005,1,0.343752378403331
24021,1,0.4919696416717558
25746,1,0.4364834712768202
26297,1,0.4216090104761863
26946,1,3.0440735803118644
582,1,1.0156753883431004
794,1,1.1365549806406725
3175,1,0.5453486877733905
6111,1,0.640899995606823
10211,1,0.4348238068931689
11254,1,0.4268522476611437
14055,1,0.9630770737355184
14861,1,0.9971950266310426
16888,1,0.280241396775646
19830,1,0.7524323835962955
21962,1,0.25080774490413205
23010,1,0.24294910437009926
24026,1,0.20854837357991868
25750,1,0.26280228373725506
26302,1,0.23052602753649148
26718,1,0.34091503999189604
797,1,1.0870354756880871
2337,1,0.6040900071879115
3180,1,0.6946524755578656
5057,1,0.7978600457293803
6974,1,0.5874991938110207
11258,1,0.5052065262364258
12290,1,0.4971805066132613
14061,1,1.0096082199401746
15870,1,1.255114775812326
16893,1,0.1726114436603354
19835,1,0.294001096471674
23015,1,0.16937939495197976
26306,1,0.13609695819384957
27093,1,2.6808319322468206
1689,1,0.6036406947779484
2342,1,0.6679111094063285
2840,1,0.7627502524706109
5062,1,0.8153702150841189
7194,1,0.6700532107775102
8061,1,0.44444744900022715
10430,1,0.38979999225384204
14066,1,1.0958023169108728
14871,1,1.1053189653668303
15875,1,1.0114776063556987
16898,1,0.07522903751981982
17934,1,0.13281453379996455
18774,1,0.1879570055901429
23020,1,0.2403168853552582
24036,1,0.18530438295109658
24919,1,0.1782651515659276
26312,1,0.025637678676022402
27098,1,0.029917019855619568
27281,1,2.1910913552078894
305,1,4.656274637374997
1317,1,0.5539110077780631
2347,1,0.5989400980766278
3016,1,0.9991882807346205
4082,1,1.0483858641797916
4862,1,0.9730310635428592
6126,1,0.8847817974494696
11267,1,0.5106929314161209
12300,1,0.6245433752896972
14071,1,0.4205456114074399
14876,1,0.21660980643817246
16903,1,0.20243580392155075
17939,1,0.24579852399546934
18779,1,0.19587056005333034
24041,1,0.7368882108155556
24924,1,0.7567938531504333
27103,1,0.2354665864400957
259,1,4.6976184508752965
812,1,0.44947030053900183
1231,1,0.511477322158685
1698,1,0.5462594291945998
2352,1,0.6965712395442409
4087,1,1.1891724993639758
5072,1,0.9473169756728798
6131,1,0.8613480852992135
6988,1,0.765697584858862
10231,1,0.4970594089001437
11272,1,0.5817890784116132
13459,1,0.4090084378730107
17944,1,0.3155580682795248
18784,1,0.23956023471840035
21136,1,0.31737143771023507
23030,1,0.883590172064157
24046,1,0.8718956295641421
25098,1,0.7658530885727071
26739,1,0.5836430393598423
27392,1,0.8009818493384071
266,1,0.8557399497107058
1236,1,0.49127587422443464
1704,1,0.5409681268513848
2357,1,0.7307570610746544
3200,1,1.4385944986378025
4281,1,1.4720743403682215
5076,1,0.9163705714079459
14886,1,0.351011111901533
15890,1,0.42794063167582713
16913,1,0.7314090078152319
18790,1,0.39114000137170335
21987,1,0.6539528625377055
23035,1,0.9125045990556211
25103,1,0.8448828426073023
26326,1,0.7800461276212599
27397,1,0.6930971398048157
823,1,0.4200510823307615
1241,1,0.4794739505158545
3204,1,1.9396732365493352
4476,1,1.863546874280511
4877,1,1.4679359725657444
11283,1,0.8644262847044695
14891,1,0.37814730023873266
15895,1,0.6411257492719005
19860,1,0.4085058692502721
25278,1,0.8736988206567761
25780,1,0.8838634207999089
26748,1,0.8536821052969797
27118,1,0.8668884418155809
27402,1,0.7665857314315724
27532,1,1.6264497844037895
113,1,2.82651481865719
616,1,0.435015574604056
827,1,0.4448268252215396
1245,1,0.4805537996258926
3034,1,1.9039919735968283
5086,1,1.4346193132408953
8302,1,1.1664161807210434
12319,1,0.47217572041125094
14895,1,0.5020690441162762
15899,1,0.7225376894565833
17958,1,0.5610970411041084
18799,1,0.5159359984743481
19863,1,0.3862637018936457
20937,1,0.35477358680108545
25784,1,0.7819667597363127
27122,1,0.8908541585770744
63,1,1.7246911866369463
494,1,0.3558794766425391
832,1,0.41362784552617127
2371,1,0.9606676027859659
2867,1,1.869057761481742
4477,1,1.241990184865096
4881,1,1.2107927664164513
10251,1,0.6865148409864912
13301,1,0.6189878501506625
14900,1,0.6203096842658344
17963,1,0.7712339372638796
20942,1,0.3752281803318287
23860,1,0.7887453960249229
25789,1,0.8725131146038149
27411,1,0.9306532606585941
27613,1,0.9546579311764601
44,1,1.8882282510920532
238,1,0.1323800386683636
2376,1,1.0795008020526822
4093,1,1.2017332430554215
4886,1,1.0833184309412596
9403,1,0.7346820407467042
11711,1,0.5580994890881689
13307,1,0.7083227167331906
14100,1,0.6928897479500779
14905,1,0.7036596517068773
15909,1,0.7772610919950756
16521,1,0.8009266208633955
17968,1,0.7525477631124087
21160,1,0.3173095754110635
23055,1,0.6814037374590535
25794,1,0.7597623159063406
26346,1,0.751020222463267
26763,1,0.7844698420884398
27132,1,0.8549278117362902
27723,1,2.6444034540085277
16,1,3.972481197943533
242,1,0.0876971843755633
503,1,0.23244584164172627
768,1,0.39682314596580526
1261,1,0.5523357364980488
1728,1,0.6539082387363053
2381,1,1.8024456400743187
4097,1,1.2313904916970841
5100,1,1.2951468902637044
10260,1,0.5497382649382146
11509,1,0.5750208563562509
15914,1,0.800218332120157
19879,1,0.7134548117200313
21165,1,0.5827858368534262
22012,1,0.7285955637776437
23059,1,0.9716629922947574
24059,1,1.2941097696944004
24759,1,0.8942169639928286
25943,1,0.815375536408891
26352,1,0.8439675846071494
27468,1,0.9460073722061194
27623,1,1.144575829943748
27727,1,1.3835575847346138
27795,1,3.635476546690569
7,1,3.81885757049992
508,1,0.42622165561993014
1266,1,0.7408488665327236
1733,1,0.6693719615866369
2081,1,1.81876596035614
5105,1,1.4443382216380507
10265,1,0.5319844042179995
11514,1,0.5858540696302832
13317,1,0.7063054294412936
14731,1,0.7592231792780728
15919,1,0.7489051756542089
20957,1,0.6953188661070665
23064,1,1.116556452056226
24064,1,1.2467448783602337
24932,1,0.8310117713778026
26773,1,0.7701972880017416
27628,1,1.1962204086952541
27809,1,2.9629560819229797
2,1,2.938236768306305
108,1,0.1552797581609647
852,1,0.6861314549485854
1738,1,0.9679298357027593
3208,1,1.052077117422831
4107,1,1.1737500498341191
10269,1,0.5651222436533659
13322,1,0.4962694567916521
14115,1,0.28474803568209106
18823,1,0.5437736031215779
20104,1,0.644225790668111
23069,1,1.1449265738308188
24936,1,0.8314031658465416
25631,1,0.7417840892171618
26360,1,0.8258122954933866
27633,1,1.0323618513768724
27814,1,1.4524773012793157
6,1,0.250643022567326
112,1,0.6133688901015474
258,1,0.7530471634308784
518,1,0.760296409000051
1550,1,0.5719403941797854
2541,1,1.3418606676303377
3213,1,0.9842542368490552
4113,1,0.7320260091845195
7033,1,1.1592593692158093
8987,1,0.7781434115610505
10275,1,0.5978520876039484
11316,1,0.6841706676888385
12349,1,0.5298328533102458
17157,1,0.7387508556626977
19894,1,0.624636661875131
23074,1,0.7892878784043164
24074,1,1.0386421217346424
24942,1,1.7373351356975906
25799,1,1.075202846337282
26534,1,1.0508609428345745
27152,1,0.6616779645436459
27638,1,0.8829083731168769
27742,1,1.305949602404099
27818,1,1.5722679501031922
27846,1,0.5194494826588673
3218,1,0.8289357411073609
9428,1,1.137386630390079
10279,1,0.7093413439496309
12354,1,0.8572593511374669
13331,1,0.796401854296975
15732,1,1.0512172374362683
17993,1,1.0779606867527423
18834,1,1.0624331605336665
19899,1,0.6890090233009165
20972,1,0.5480438909781564
22031,1,0.5406325100621834
23079,1,0.486646788401602
24947,1,1.5113398221928893
26176,1,0.619772668330401
26787,1,1.0062007216255566
27156,1,0.9156484794033507
27440,1,0.7912563847577978
1841,1,1.433187688691817
2390,1,0.5495813419835189
3223,1,0.7415409285320312
6399,1,0.6014069400419166
7043,1,0.6036320850686079
8125,1,0.458786541325526
14130,1,0.5606646579743363
15737,1,1.0009784820923435
16962,1,1.1113897890327884
17998,1,1.0153041532050973
18838,1,1.0034844387805397
23084,1,1.3253106718024261
26361,1,1.191079595011097
27869,1,3.6722393069074584
3228,1,0.4183816613005494
6190,1,0.5009319747551678
10290,1,0.1317595140106162
11331,1,0.53514313470976
14135,1,0.1747911569825025
15944,1,0.257089320285945
16967,1,0.4093747358765277
18003,1,0.5286976487624222
18843,1,0.6756838978888458
24089,1,1.0391027413645078
25814,1,0.7457354935368344
26274,1,0.6111405216716838
4132,1,0.4156156883096721
6195,1,0.4700543909789766
7053,1,0.4247910284370757
12369,1,0.45421997685149756
13346,1,0.5589598298702166
14001,1,0.40256619901098395
15949,1,0.48264530166725106
16972,1,0.48221522718787463
23094,1,0.7376522298615801
24094,1,0.7556021307908971
28189,1,1.3125275464625972
3235,1,0.14310225634454338
12374,1,0.5063012126952692
13351,1,0.5545984568646839
15954,1,0.6772247765472207
16977,1,0.6000848451870008
22051,1,0.7296295969038816
23099,1,0.7871129583246046
24099,1,0.7534386527565359
24967,1,0.7318004654632215
25483,1,3.0628727818053583
2721,1,2.263872343791099
12378,1,0.5029509923320512
13355,1,0.6261578502155167
15958,1,0.6533447993804439
16981,1,0.6527058282254465
24971,1,0.7424989921063275
2557,1,2.303193955924086
3244,1,0.9774882990537883
4146,1,0.7203742339342185
4941,1,0.756522842337125
7933,1,0.780989659601101
13360,1,0.59464718309457
14443,1,0.6790487341120701
14959,1,0.6565509087995991
21002,1,0.7631124242355769
22060,1,0.7158376893838577
24976,1,0.7814085135698023
3250,1,0.7171951155940677
9244,1,0.7605078634194373
11356,1,0.6979018236933087
12388,1,0.7017318749522683
13365,1,0.7350758365103798
14447,1,0.7643982416677381
18027,1,0.6495411430598416
19933,1,0.8115465170037537
22065,1,0.7397391256143614
24113,1,0.7359742867584108
2401,1,2.6474950682780563
3254,1,0.8745752586041547
6219,1,0.7834918111663577
7077,1,0.7712242248976217
11361,1,0.7702407365357887
13370,1,0.7956398874994802
16996,1,0.6401694807640148
18032,1,0.779143414958315
18872,1,0.8077145897997191
19938,1,0.8584183819913006
21011,1,0.8281530322226001
23118,1,0.793366740544036
24118,1,0.7832127421005616
24986,1,0.756375601618943
25819,1,3.038415636614027
2406,1,2.085237212973779
3259,1,1.1471613243225782
4161,1,1.132688851395233
5164,1,1.0331208589914271
11366,1,0.8182287832315042
12398,1,0.8761618097005762
13375,1,0.8934528889117307
14974,1,0.8213597085766352
15978,1,0.668916041971282
18877,1,0.849231208628731
19944,1,0.8393904202128382
23123,1,0.7953275785399514
24123,1,0.7209927239779178
25669,1,1.1320321508894362
2411,1,0.44623914040820933
3089,1,1.2971001038605685
5169,1,1.1078022760190962
10538,1,0.9755438266425261
11371,1,1.006650421944868
12403,1,1.050428247047424
13380,1,0.8372164208704211
14979,1,1.112676508659133
15983,1,0.7351591945470936
17006,1,0.8493403418149429
18042,1,0.846320302544221
18882,1,0.8290613684414911
22080,1,0.7604989275152907
23337,1,0.7432978503106559
24128,1,0.7031111981665935
25673,1,0.9162236968745795
2416,1,0.036635719448065464
8392,1,1.2034081104923624
9264,1,1.2020071521236735
10334,1,1.118433457201985
12408,1,1.1641972161461638
13200,1,0.9826564885610789
14984,1,0.6539331612359762
15988,1,0.6742051073482408
17011,1,0.749676858603532
18047,1,0.7698368843211997
23133,1,0.697239563073582
24133,1,0.7359775330682424
25002,1,0.836221303383789
2421,1,0.38942983569039236
4176,1,1.095961625576053
6239,1,1.2003660148284703
7097,1,1.2611190232414884
9487,1,1.305768796819105
10340,1,1.2949852203274015
11381,1,1.2754846547679444
12413,1,1.647027939648426
14989,1,0.5042094607614985
15791,1,0.627237678914046
22090,1,0.7519060823573739
24138,1,0.8872082266042258
25006,1,0.8790911785766945
25831,1,1.2815935164737853
1962,1,0.5484624073821395
2426,1,0.5960462897708332
3279,1,1.098488066996529
7318,1,1.3766810372913305
8401,1,1.3403932725415078
11385,1,1.3684460995740477
12417,1,1.6552314805626185
14993,1,0.8138619719808518
19963,1,0.7448429695771097
24143,1,0.8940709819483637
25011,1,0.9037626850759383
25836,1,0.815614583560772
2431,1,0.6616760432350713
6248,1,1.317499262199804
8189,1,1.3482091764924935
11391,1,1.4656427873758116
12423,1,1.5649559916702596
13013,1,1.5037045065840562
14453,1,0.5412701748402567
24148,1,0.8821750815971732
25016,1,0.8804031523332086
25841,1,0.7602226530135751
1845,1,0.9753097922931769
2436,1,0.3114850989732954
4190,1,0.8777198898953399
9502,1,0.9458326918576189
10354,1,0.9178513176491874
13383,1,0.893667144793205
14299,1,0.5729139426111328
19973,1,0.7317585733664419
21046,1,0.7050103884875691
23153,1,0.7394343217005761
25021,1,0.671834276361614
25846,1,0.6406316888089477
2441,1,0.5131094661026263
3119,1,0.6667826699434133
4010,1,0.7871980522336497
6259,1,0.9258155390268373
8199,1,0.8290805000583314
9289,1,0.8749241554949412
10359,1,0.9357055982153296
11401,1,0.675331762179078
12433,1,0.4627280512617476
28001,1,0.7142083590270272
18912,1,0.7696551846313112
19978,1,0.6157167355226397
23158,1,0.8216607077457193
24158,1,0.8857715281571994
25026,1,0.726797539639799
25851,1,0.6309495762272843
1741,1,0.9221105668718805
3298,1,0.6619934691603127
4200,1,0.7595887351280951
11406,1,0.9955583047743052
12438,1,0.5526154869406781
13393,1,0.4504768101731998
15013,1,0.669098861645204
17040,1,0.46478006018376317
18917,1,0.3998297766961243
19983,1,0.07154538558993093
21056,1,0.01707600861055228
22115,1,0.35138346090954853
23163,1,0.5666761052815497
24163,1,0.6814416444633272
25031,1,0.6585834993036594
27857,1,0.3576201492451731
2288,1,0.3340487726833534
3303,1,0.4090595949206825
6269,1,1.1107066871901818
8209,1,1.1308199807554296
9298,1,0.9927619738655143
27967,1,1.4148292277693046
27981,1,0.9033074406887992
28051,1,1.7700835930251302
18290,1,0.4600226850166096
19987,1,0.3387513885624032
21060,1,0.44740169562826787
22118,1,0.5085378649582601
23166,1,1.0070844280714866
24166,1,1.305517921039763
25035,1,2.0718884256707932
25860,1,2.18664856444353
27918,2,0.10386502296550522
8211,2,0.11450907940885227
9083,2,0.08548979904168193
28125,2,0.15947573209553143
20418,2,0.2138363232187769
5210,2,0.38281421157132683
6057,2,0.27127742997963195
7130,2,0.2219485831171867
7997,2,0.23432810190564046
9087,2,0.22004623617375352
9948,2,0.17234601583708523
18291,2,0.22137275116923202
18922,2,0.2580381362204689
19776,2,0.2727458673239873
20849,2,0.28925114360458104
21908,2,0.2683210065360886
22958,2,0.25596794305204185
3482,2,2.8045979155668537
4019,2,1.709640760019128
4798,2,0.8800747042133213
5849,2,0.2412572134129441
7136,2,0.24605143967617202
8002,2,0.24200059241014388
9092,2,0.2407227268751931
10161,2,0.2006551482707623
11204,2,0.1373083251945238
12238,2,0.16619261306616526
16840,2,0.11065721714723539
17874,2,0.1396663532482766
18716,2,0.2657745159137958
19565,2,0.26880481054009114
20854,2,0.2994119714263548
21913,2,0.3027269392231088
22961,2,0.26982955493273225
23977,2,0.15563013990255103
2451,2,3.6765549808392697
3131,2,3.465137727987836
4023,2,3.255018376128609
5007,2,0.8150508948777921
5853,2,0.30982814326361635
6925,2,0.25972558368849885
8225,2,0.2783254858771179
9097,2,0.2777696382840804
10167,2,0.26785231965623824
11209,2,0.22221933367705735
12241,2,0.18178358057594923
13218,2,0.16006356804330552
14012,2,0.15111247353695417
15017,2,0.16091865834918515
15821,2,0.15539845139331454
16843,2,0.16057299785247278
17880,2,0.21555135532314243
18932,2,0.31377775218441645
19571,2,0.32023039352014077
20860,2,0.37757997924005
21918,2,0.37896972669830664
22966,2,0.42615032463233254
23982,2,0.7836098886520255
24699,2,0.9821908159402952
1745,2,3.179403961049839
2293,2,3.5846448845067482
3135,2,3.2318931179510346
27900,2,0.25268516882023334
7146,2,0.04608681606346415
8012,2,0.05153392935120273
9102,2,0.15226959632190123
10171,2,0.22980847215787298
12246,2,0.28808065377187564
14017,2,0.20013828789137636
14821,2,0.18409992989674473
15826,2,0.24199268702952992
17677,2,0.3343949912397359
21923,2,0.41731819196046865
22971,2,0.39360184218723265
25551,2,1.3084234035579327
1645,2,3.1243809582497866
3141,2,3.0986201693283295
7150,2,0.1258366687675538
8016,2,0.11044539021084256
10177,2,0.3637828192641814
18941,2,0.6436056476395627
20010,2,0.46287757113991673
21928,2,0.5912625059311614
22976,2,1.718749054831713
24709,2,2.319948668444272
1649,2,2.718213307305209
2971,2,2.535138585333743
4037,2,2.5349008690731414
10181,2,0.6617220997749816
12255,2,0.9216691936406886
13232,2,1.3151151023320238
17895,2,0.918724356582543
18734,2,0.8083154890484119
20874,2,0.4384229942891372
21932,2,0.6513828047518672
23996,2,1.585935621105621
25720,2,2.583941602141814
28232,2,1.994435938540772
1279,2,2.0537549378168
1654,2,2.457429778862365
2307,2,2.3947225484218926
4042,2,1.6322939837873913
6087,2,0.8978786304467415
11228,2,1.119696690977499
12260,2,1.2833474237323612
20019,2,0.33522346367484107
21937,2,1.1514462647111772
24884,2,1.5664917381244186
28240,2,1.7090678576226324
26278,2,2.2617298298921416
28017,2,0.7458844277294531
13243,2,0.6890023759477109
15845,2,0.6590518810583759
21942,2,0.9020508014197172
25731,2,1.2329329315332764
26535,2,2.0558033873604757
6096,2,0.7434235175372752
7170,2,0.7924391927922487
8037,2,0.364218804034856
9126,2,0.7138542677761306
10197,2,0.5142936283288345
16667,2,0.48946031656992284
18749,2,0.7461602693808769
19815,2,1.0577906714354683
24011,2,1.0662645362110015
25735,2,1.13042371604838
26287,2,1.330603845096513
2323,2,1.2704822048253994
3165,2,1.452664063006902
6101,2,1.42878899367559
8259,2,0.48110451236372637
10202,2,0.47247095689492474
11244,2,0.39323186173683333
13253,2,0.4338175809990795
14851,2,0.28265075870235973
15855,2,0.2955366025715242
19820,2,0.9574266843472833
20893,2,0.7812826184280791
23000,2,0.4731223320726226
26293,2,0.9281995729984561
26709,2,1.4134062772689162
1206,2,0.9585920295965524
2327,2,1.0134173982188979
3170,2,1.119688154765622
13257,2,0.3290597943342982
14052,2,0.18040724477357598
14856,2,0.17919116977817418
15860,2,0.1800474895050129
23005,2,0.5485299028743073
24021,2,0.6711178172609452
25746,2,0.8625629842991633
26297,2,0.8158232836471608
26714,2,1.1070750848651563
26946,2,1.6442282476927392
582,2,1.5902680846161643
4067,2,0.6272675521443302
11254,2,0.33480307859174796
14055,2,0.247850757812675
14861,2,0.251515686347109
16888,2,0.16850101021849212
19830,2,0.4337557903546652
21962,2,0.588680295238573
23010,2,0.5058299310736658
26302,2,0.7461249564413124
26718,2,0.8530873052142064
2337,2,0.4640184088692442
3180,2,0.5842875740048706
4072,2,0.4654726915984713
6974,2,0.5951877023885909
10215,2,0.38976547449591026
13083,2,0.452858496096838
14061,2,0.3585131028688344
15870,2,0.3819882397249683
16893,2,0.4588328801644572
19835,2,0.3638041899622613
21967,2,0.5611249313132752
24031,2,0.6473470575832713
24914,2,0.7190621812072198
27093,2,1.8583191629863953
1689,2,0.6449529629464827
2342,2,0.41346145210365454
5062,2,0.24157238812061665
8061,2,0.5391403295792719
14066,2,0.277856815001761
14871,2,0.35140767314927823
15875,2,0.5943725263544598
16898,2,0.7143087046821551
23020,2,0.530071161293479
24036,2,0.6501504194739037
26312,2,0.43362969299126897
305,2,3.304029064587588
1317,2,0.8393671270823356
2347,2,0.5108696779135112
3016,2,0.4529834095379082
4082,2,0.16739755811730392
4862,2,0.14961779755192736
6126,2,0.5227779104729593
11267,2,0.45848859316829105
12300,2,0.5512724772031602
14876,2,0.38850276334820055
15880,2,0.5044512873159274
16903,2,0.5946630607085186
17939,2,0.4082300756156338
18779,2,0.31787313874679557
20918,2,0.3705473501926957
24041,2,0.3528981570231367
24924,2,0.11577402036708373
26733,2,0.14165224800581278
27103,2,0.20126638752768508
27338,2,1.4843368967643573
259,2,3.0019293364709574
812,2,0.9565029000018563
1231,2,0.9029470060450471
1698,2,0.7635492204873144
2352,2,0.5847016447384381
4087,2,0.2638717890441873
5072,2,0.07581647309784106
6988,2,0.43470208466174415
10231,2,0.4998489792513042
11272,2,0.5679163978171342
12305,2,0.45989337410136394
14881,2,0.43171042994448916
16909,2,0.5601904172100989
17944,2,0.42228779030198393
18784,2,0.3689501878588908
25098,2,0.0997190185144353
25769,2,0.19749069129364707
26739,2,0.16225228995830107
27108,2,0.14075072795658472
27392,2,1.1448831416441343
266,2,1.3290645696746863
1236,2,0.884502207040524
1704,2,0.8065953008609609
2357,2,0.6074910374561445
3200,2,0.543146004437957
4281,2,0.6061648580988253
5076,2,0.5313334193178979
10025,2,1.0168507142613057
13464,2,0.5729990768045717
14886,2,0.4539532240366116
15890,2,0.5778526187068187
16913,2,0.5350910509351543
18790,2,0.42064006906335366
20069,2,0.3801945732596248
21987,2,0.27700197698103174
23035,2,0.2434734863103385
25103,2,0.21372405860468413
25775,2,0.25623364355914974
27397,2,0.08314903624041148
270,2,1.3221505976490064
823,2,0.8941332095742519
1241,2,0.8602448976810069
2362,2,0.6247184809870926
3204,2,0.5660866972725314
4476,2,0.7222402738615815
14891,2,0.4017681208487956
15895,2,0.39156065426641395
16918,2,0.37681338486547206
18794,2,0.4272976491953139
19860,2,0.4018065281854529
23040,2,0.32663046084699077
25278,2,0.21672309852368457
25780,2,0.051035260834795045
26748,2,0.11231023110567687
27118,2,0.11887383537726585
27402,2,0.21108844881712344
27532,2,0.22376032829110207
113,2,1.743699491871104
616,2,0.8754043778763256
827,2,0.8639483977625981
1245,2,0.8507355860037191
3034,2,0.5448775106300153
5086,2,1.065760666048546
8302,2,1.0361821019552995
12319,2,0.3519426098969502
15899,2,0.4592556166177465
17958,2,0.47984066676781834
18799,2,0.34595426550362335
19863,2,0.33672122763162865
20937,2,0.3163240924368321
25784,2,0.23546434965348131
26753,2,0.14659258485657364
27122,2,0.15706982219770696
27406,2,0.1938966379015983
63,2,2.544952582411582
494,2,0.7979748131837257
832,2,0.8280626644014926
2371,2,0.6791735369328242
2867,2,0.6062539170681612
4477,2,0.904300340517486
4881,2,0.6144762408125589
7008,2,0.2599011136797151
12324,2,0.23716498909216463
13301,2,0.11226224848984227
14095,2,0.5376543886416326
14900,2,0.49915755770564535
17963,2,0.381830692175248
20942,2,0.2342482353840988
25789,2,0.43673280601238634
26758,2,0.20604719231425875
27411,2,0.27368158093039635
44,2,3.212374239819737
238,2,0.7684809603828366
1255,2,0.8003997672095666
2376,2,0.6920796413881879
4093,2,0.9237688207069574
4886,2,0.663485324720462
9403,2,0.47790569262662014
10255,2,0.5256684127744002
13307,2,0.5330793315865759
14100,2,0.2700973604951513
14905,2,0.3795164581909543
15909,2,0.37637825184927604
16521,2,0.3321406623120963
17968,2,0.2726960550757088
21160,2,0.24792254287951224
23055,2,0.019220658790440562
25794,2,0.4178099553654283
26346,2,0.4524308728338396
27132,2,0.2436637506255804
27313,2,0.2414467944854111
27723,2,3.3406362570655594
16,2,3.908323751119144
768,2,0.7870168140896245
1728,2,0.7503816482065521
2381,2,0.7431671747039773
4097,2,1.0304319684971162
5100,2,0.7305580480106195
6160,2,0.57600212500056
10260,2,0.6708001950331679
11509,2,0.6417832627594104
15914,2,0.33460957204141384
21165,2,0.25950342953832845
22012,2,0.2489046327314539
23059,2,0.14475071344116822
24759,2,0.18815290504443954
25943,2,0.4655141839464813
26352,2,0.6266961368530128
27137,2,0.29821613906342853
27623,2,0.3390653702421303
27727,2,1.258327543717377
27795,2,4.471529221895641
7,2,3.8880558004357804
508,2,0.7793928920628251
847,2,0.8554497299674906
1266,2,0.780587961856038
1733,2,0.7014650830529253
2081,2,0.7381102037710159
3377,2,0.8731875349555334
5105,2,0.862604453007757
10265,2,0.7551019385299964
14731,2,0.3054676428360067
15919,2,0.37325493831576867
17978,2,0.26623271809177734
20957,2,0.3804468490707579
22016,2,0.33717944650500997
23064,2,0.11290927688910864
24064,2,0.2945214490083957
24932,2,0.30892868811154456
26773,2,0.5785594375291372
27628,2,0.37006927656962424
2,2,4.12098970760071
852,2,0.8220846752647536
1738,2,0.686690364431609
3208,2,0.9782579829364283
4107,2,1.1044828050433786
10269,2,0.7134439853672274
12344,2,0.7232995104493395
13322,2,0.6131301697365377
14115,2,0.08025582322759388
18823,2,0.12903902543513965
20104,2,0.3285422750717254
23069,2,0.34393316020022313
24069,2,0.5512261589884464
24936,2,0.3090240986507148
25631,2,0.3332113723177801
26360,2,0.6619257455536859
27633,2,0.5682320502081719
27814,2,2.9259549350042895
6,2,1.7632650446212481
112,2,0.6384343858546115
258,2,0.9276530075785571
518,2,0.9158825505956415
1275,2,0.8953274809740489
1550,2,0.6459504155740525
2541,2,0.8348836921777049
3213,2,0.9724973407556635
4113,2,0.9455840117985197
4907,2,0.8148192563199464
8987,2,0.7523785001421863
10275,2,0.6825507981517838
11316,2,0.6479909416030826
12349,2,0.4689960717307438
17157,2,0.372429241899388
23074,2,0.4635024768456291
24074,2,0.71593046009764
24942,2,0.5680452366324837
25799,2,0.18646003019956095
26534,2,0.751380988788802
26783,2,0.9879369156283112
27152,2,1.182253872004283
27436,2,0.46573683494697843
27638,2,0.39300450783563795
27742,2,0.8672404174771632
27818,2,1.3396070191041287
860,2,1.7203303054742207
27846,2,3.387753993406696
3218,2,0.8047520283040915
8120,2,0.7250825291551992
9428,2,0.563933094713123
10279,2,0.5669234901863942
12354,2,0.31672296552000084
13331,2,0.39468024800575335
14125,2,0.6066419959982652
14930,2,0.6795470552295696
17993,2,0.5562794953124152
18834,2,0.8110971166884707
19899,2,0.5265421888903206
20972,2,0.2344662660400276
22031,2,0.2795982900260214
23079,2,0.684803147656479
24947,2,0.5190032832368674
26176,2,0.1625718561135415
26787,2,1.0787604391671177
27156,2,0.9864804923837169
27440,2,1.0321345253728569
27607,2,0.7330720356090943
1841,2,1.2243486231702876
3223,2,0.569339205570686
6399,2,0.5065155687848668
7043,2,0.5631906036469357
8125,2,0.5911662917685693
9433,2,0.6443167002647501
14130,2,0.42471488042127054
15737,2,0.23524210696056974
17998,2,0.7106261369614231
18838,2,0.9481144802934232
28131,2,0.3779431218024561
23084,2,0.831556974998058
25809,2,0.5936674239663127
26361,2,0.27368345959463897
27869,2,4.01182773377228
3228,2,0.627432733016147
6190,2,0.5149441358865794
9220,2,0.31018044293940156
11331,2,0.5704907589918465
14135,2,0.5570191863295421
14940,2,0.5169785949297242
15944,2,0.5845742489904627
16967,2,0.2954582103709942
18003,2,0.36524401553747515
18843,2,0.44529568263197145
24089,2,0.6275235974933919
24957,2,0.3564010638769516
25814,2,0.164715796412529
26274,2,0.5955087509691893
4132,2,0.3501823021148833
6195,2,0.2964597777430507
7053,2,0.2748620981728085
9225,2,0.26115976726787493
13346,2,0.7784709313856462
14001,2,0.6038354308165061
16972,2,0.27251819340559186
23094,2,0.4404884974937622
24094,2,0.6042796293380364
28189,2,3.9764181188732035
4137,2,0.27981200353438507
5140,2,0.2982621604225805
12374,2,0.48601563965122263
13351,2,0.5900067599906887
14950,2,0.5292739343635465
15954,2,0.319266494208176
16977,2,0.18539954038691397
18013,2,0.1512138335797899
22051,2,0.18784341407070018
23099,2,0.4648921282110846
24099,2,0.5492071720121805
24967,2,0.5886586484769721
25483,2,3.9238593458067044
2721,2,0.8936099615215558
12378,2,0.405892769004107
13355,2,0.5995122547136287
15958,2,0.17212335005702928
16981,2,0.07353454747348781
20996,2,0.14070690213850687
24103,2,0.4771076528135395
24971,2,0.4679888016199648
2557,2,2.0147855033015194
3244,2,0.42179765786658197
4941,2,0.306051476604094
13360,2,0.31652950930749224
14443,2,0.15366132157193094
14959,2,0.04356536798287655
15963,2,0.12901230780557932
21002,2,0.17571797684044158
24976,2,0.32458288829753956
25654,2,1.4255227612616328
3250,2,0.4798961257757183
4151,2,0.3746909443084603
9244,2,0.38993276985378034
11356,2,0.4193091758248102
12388,2,0.3695273338348716
13365,2,0.22430991069076148
14447,2,0.6488109094381987
14964,2,0.28284218876690514
16991,2,0.20368222091723012
18027,2,0.146556016445218
18867,2,0.13230800550901117
22065,2,0.22741501823946586
24981,2,0.312471088477497
2401,2,1.3433591284120254
3254,2,0.47696234885422223
11361,2,0.39680564559504516
13370,2,0.21668261618298934
16996,2,0.31581284649895147
18872,2,0.1670627596899594
19938,2,0.35983631587370135
21011,2,0.29818030222322844
23118,2,0.25072587440542243
24118,2,0.26722793451788307
24986,2,0.24791356182779642
25819,2,2.3929986352852852
2406,2,0.706392847625436
3259,2,0.4618183924524136
4161,2,0.4478845594107053
5164,2,0.47858136695457676
10324,2,0.44359879831734544
12398,2,0.33134657050962246
13375,2,0.33985802684679595
14974,2,0.4363398746116678
18877,2,0.07927169718947151
23123,2,0.23989775623203416
25669,2,0.16350303421209658
2411,2,0.48683049528977096
3089,2,0.4872350684844566
4166,2,0.5094767923608022
5169,2,0.6139302841610909
10538,2,0.45585193599596896
11371,2,0.4529856319676737
12403,2,0.4063151153204154
13380,2,0.46066513816375576
14979,2,0.3699379701918363
15983,2,0.39981977034622274
17006,2,0.5510885474579381
18042,2,0.38600149079498786
18882,2,0.09761079370446091
22080,2,0.1808492193970655
23337,2,0.18488366784086058
24128,2,0.19969825804434446
2416,2,0.467682617041866
3269,2,0.5702844299794817
5174,2,0.6784299750403047
9264,2,0.5301683356613168
10334,2,0.5084987178372559
12408,2,0.45227615384007464
13200,2,0.49445888252200165
14984,2,0.12246765777747298
15988,2,0.3335187642800017
17011,2,0.3219646481966996
18047,2,0.07784423754015236
23133,2,0.20341376573466036
24133,2,0.4115071872367548
25002,2,0.2767652106603581
2421,2,0.4354245320497217
4176,2,0.6807338044452305
6239,2,0.6416916406273984
7097,2,0.5963261746700281
8179,2,0.6334591850264738
9487,2,0.6586229176500621
10340,2,0.6046311343615685
11381,2,0.5146577929226996
12413,2,0.6144961875337693
14989,2,0.16505521531079273
15791,2,0.257840848997572
22090,2,0.19629206517581319
24138,2,0.5502863016139158
25006,2,0.4388504522646641
25831,2,0.3648935809366529
1962,2,1.883615093585523
2426,2,0.38861056178306014
3279,2,0.5131517815424718
6244,2,0.6648028957153557
7318,2,0.639424150989356
8401,2,0.6787908558912358
11385,2,0.5168717309039811
12417,2,0.6218646312699175
14993,2,0.2906772125215681
19963,2,0.13195087568114797
21036,2,0.15032438736157638
24143,2,0.5033379218436497
2431,2,0.41870020791601303
6248,2,0.6875691463521291
7107,2,0.6818689586207232
8189,2,0.6888235160322221
11391,2,0.5533340256208027
14453,2,0.31356783615518263
14998,2,0.32252456297777093
17854,2,0.1735265355650264
23148,2,0.4846204658416716
24148,2,0.5119451460909331
25016,2,0.35473815733027286
25841,2,0.3168688004855976
1845,2,0.5071699194245395
2436,2,0.4687404670681426
4190,2,0.5062768997263962
6039,2,0.6347887485911192
10354,2,0.5609560077021822
14299,2,0.09203591134633328
19119,2,0.18273075760444807
19973,2,0.19604211251537781
21046,2,0.02601423514535465
25021,2,0.12278754772991778
25846,2,0.40508737875487527
2441,2,0.3502031335401171
3119,2,0.3583434949590096
7117,2,0.437903020698597
8199,2,0.45761699197229067
9289,2,0.5564998461693565
10359,2,0.5642428805680153
11401,2,0.774436041181128
12433,2,0.6639141695359663
28001,2,0.9397948155882454
18072,2,0.2327401562066309
18912,2,0.22225914713503872
19978,2,0.2055600056343529
23158,2,0.43212540984351394
24158,2,0.3069837706547594
25851,2,0.5945903191836909
1741,2,0.39336520157849675
4200,2,0.5293814332059497
13393,2,1.9322885237411334
15013,2,0.5280792782425241
17040,2,0.13244091292249685
18917,2,0.11787972378894901
19983,2,0.17707544844917728
22115,2,0.19055440060652273
23163,2,0.27219593301821504
24163,2,0.27236663827701185
25031,2,0.16809506460687917
27857,2,2.8533588388291222
2288,2,2.730705542428228
3303,2,2.1981965414930116
7126,2,1.132247587664531
8209,2,0.9834017625935759
9298,2,0.582341813480587
27967,2,2.1520617737414844
27981,2,2.2130777480738955
28051,2,2.822866555350007
18290,2,0.23912977679567765
19987,2,0.41003736641923527
21060,2,0.1751517078352751
22118,2,0.14975980064699768
23166,2,0.17130655111070714
24166,2,0.72724382177002
25035,2,2.4414975937341703
25860,2,2.2947287770162905
27918,3,0.030881313336407878
8211,3,0.030298876278140444
9083,3,0.022704325493923764
28125,3,0.10699458419471286
20418,3,0.14732131931484402
5210,3,0.12952261380303462
6057,3,0.10440014428578735
7130,3,0.07862183513365886
7997,3,0.08353397208435207
9087,3,0.06997222877816303
9948,3,0.059917551152857164
18291,3,0.12325022520524472
18922,3,0.16738024465884327
19776,3,0.19010570467244953
20849,3,0.21348259803212258
21908,3,0.1931821554273223
22958,3,0.17655005907703264
3482,3,0.7317118676123581
4019,3,0.3336064088321137
4798,3,0.19490346679547899
5849,3,0.09252576783910098
7136,3,0.0920105732060578
8002,3,0.09371705405421502
9092,3,0.08943867687032883
10161,3,0.07672784342063575
11204,3,0.06678697569731637
12238,3,0.08345694786134765
16840,3,0.05415485445437961
17874,3,0.06934173086027783
18716,3,0.18351900684949046
19565,3,0.19269742363405207
20854,3,0.22708750910156048
21913,3,0.22390213739629683
22961,3,0.1904879668435863
23977,3,0.10430787424005922
2451,3,1.2208285029492867
3131,3,1.1050857975103316
4023,3,0.9015502706442124
5007,3,0.22995492434350465
5853,3,0.1327532911515142
6925,3,0.12259421983010015
8225,3,0.12554178455617115
9097,3,0.1387840319604243
10167,3,0.13751558155646695
11209,3,0.11921519838843818
12241,3,0.10527758571453126
13218,3,0.09168975791177014
14012,3,0.0853415392209362
15017,3,0.09812292577257016
15821,3,0.08980600448535271
16843,3,0.08606268544674318
17880,3,0.12353932410659971
18932,3,0.2518997480590539
19571,3,0.25334553669766924
20860,3,0.2856823008644604
21918,3,0.28361271180293207
22966,3,0.27841308306792545
23982,3,0.42655147871015003
24699,3,0.5496268683224607
1745,3,0.4084177532656143
2293,3,1.1746975277783245
3135,3,1.195260592451173
4028,3,1.1319065337929957
27900,3,0.11934186538898889
7146,3,0.052270961728452914
12246,3,0.17055910000446364
14017,3,0.10426865217871996
14821,3,0.11077753130482372
15826,3,0.38215938014496836
17677,3,0.2763866708745455
21923,3,0.3735120558374118
22971,3,0.3022769547733884
25551,3,0.7385321074985707
1645,3,0.4176428881166385
3141,3,1.2879622090104033
5018,3,1.3700352623153451
7150,3,0.08700415269366213
8016,3,0.07648127773859056
17890,3,0.5125348472543245
18941,3,0.4498654010039432
20869,3,0.4382011329086499
22976,3,1.2092273648284033
23991,3,1.1930389713077219
2971,3,0.8367883309256671
10181,3,0.19054496920611866
12255,3,0.19619648633282474
13232,3,0.5537805276342433
17895,3,0.8953759609427173
18734,3,0.6383232220927141
21932,3,0.5331604674396847
23996,3,1.2390524130323917
25720,3,1.4815538787476612
28232,3,1.383943574384406
1654,3,0.14982452823435533
4042,3,0.546050913604613
5027,3,0.8361621752618604
6087,3,0.7778694400428632
11228,3,0.36622943051126733
12260,3,0.32719592917264034
20878,3,0.9422972266873632
21937,3,1.1203568378418043
28240,3,1.212342899861286
26278,3,1.4580341058750204
5032,3,0.5463899573246381
10193,3,0.8930597804640032
28017,3,0.23850770936632326
13243,3,0.7268781881290222
15845,3,0.48230420567424565
19810,3,0.3332357428807437
21942,3,0.7281073515956649
25731,3,0.7496934581221047
1196,3,0.3114727923795767
6096,3,0.40246287567100175
8037,3,0.5669330803021847
9126,3,0.6310222151398691
10197,3,0.7648291933138242
16667,3,0.3568208522184513
21947,3,0.6209838585835739
25735,3,0.641722971400392
2323,3,0.11346347483663366
4838,3,0.440147519273826
6101,3,1.0302547015725187
10202,3,1.0578327595354595
11244,3,1.089485628710786
13253,3,0.6624565517485053
14851,3,0.7215030826510407
19820,3,0.114053652243581
20893,3,0.12541260032817306
23000,3,0.6524970679201646
25740,3,0.44771972917865027
26293,3,0.5578905426521393
26709,3,1.409431352711175
1206,3,0.8748034025977193
2327,3,0.15675281119930157
3170,3,0.1266993616400088
9137,3,1.6639409527053348
12280,3,0.6037673805431613
13257,3,0.6849977424320819
14052,3,0.8975756637404549
14856,3,0.7940691237605813
15860,3,0.8314788207722443
21957,3,0.22618557511169765
24021,3,0.5358042284411415
25746,3,0.1898931701665262
26297,3,0.4181194926215205
26946,3,1.2570655332092917
2332,3,0.4174655013213227
4067,3,0.11184825814207551
5052,3,0.26778759432506877
11254,3,0.6677104711364003
12284,3,0.5916002968540572
14055,3,0.936865526655069
16888,3,0.9458643915058786
23010,3,0.2996355478022697
26302,3,0.31519288091965947
26718,3,0.7863434481520072
1215,3,0.8954356953372826
1683,3,0.7905501153808752
2337,3,0.5798613750489835
3180,3,0.20749386158267102
4072,3,0.23969911172399724
6974,3,0.6517413913580465
10215,3,0.6716598854013441
13083,3,0.6610079494747733
14061,3,0.9740084759284253
16893,3,0.8860720177062
17929,3,1.3060223224840555
24031,3,0.13845352875042635
24914,3,0.19055473896570635
25754,3,0.19061231783746213
27093,3,0.9930048534685796
1689,3,0.7585502256655365
8061,3,0.8518002997698111
14066,3,1.0380508717100587
14871,3,1.0595619897838537
15875,3,1.2434673628483601
16898,3,0.9637114694133593
19840,3,1.3522715729320014
20913,3,0.7740794927847797
24036,3,0.2576180022404475
26312,3,0.40369929450241687
305,3,3.762186315505442
808,3,0.9880857042648091
1317,3,0.8195336324114886
2347,3,0.6044932256787865
3016,3,0.4545612769000405
4862,3,0.6279765106951004
11267,3,0.8429641392392995
14876,3,1.0669491370848216
15880,3,1.3201111702763684
16903,3,1.0984694920992752
19845,3,1.3243694507936734
20918,3,0.9962951319858421
21977,3,0.2583093085931432
24041,3,0.26532956242542355
24924,3,0.37062055196247007
26733,3,0.4331040836917341
27103,3,0.7174095033708371
259,3,2.7283110657729055
812,3,0.8613774125217107
1698,3,0.6782082385987557
2352,3,0.5404598574998987
5072,3,0.560003617306089
9161,3,1.226349006595534
10231,3,1.2437521971400745
11272,3,1.0216198379815333
12305,3,0.7908532264178675
14216,3,0.7789152969130071
14881,3,0.9374755679610891
16909,3,1.0127387595413049
19850,3,1.018324045743725
21982,3,0.29089086701430017
25098,3,0.32367473673348046
25769,3,0.37983116426301344
26739,3,0.37941518129881724
27108,3,0.5819338176940984
27392,3,0.5059752431713695
266,3,1.1540506752148552
1236,3,0.7170073536803666
1704,3,0.677492355055695
2357,3,0.514889306471194
3200,3,0.2686929523614521
5076,3,0.2262113680328584
8075,3,0.9697231542206797
14886,3,0.6341108187281249
15890,3,0.7454253662091649
16913,3,0.7260304678706027
20069,3,0.5497602678149194
21987,3,0.2520479082328962
23035,3,0.23388401847515664
25103,3,0.2525405739550531
25775,3,0.36448545230552054
26744,3,0.49664514882012123
27113,3,0.8074071774922978
27397,3,1.0404781257274767
270,3,0.7465456892181839
823,3,0.5713525556399278
1241,3,0.6090452796136352
2362,3,0.48031951496504693
3204,3,0.1870145160180325
4476,3,0.3436685533330084
8080,3,0.38548119323934876
15895,3,0.7960516664271101
16918,3,0.8017605166817964
18794,3,0.6719821213304067
19860,3,0.572818946581615
23040,3,0.24032168854807062
25278,3,0.1597646732608914
25780,3,0.14449621970931795
26748,3,0.5153645153307014
27118,3,0.733111008892795
27402,3,0.9514676832532387
27532,3,0.9627358631229228
113,3,0.8306652209779297
229,3,0.6072684144194175
616,3,0.4542059252930493
827,3,0.5154613441395713
3034,3,0.18102833483644332
5086,3,0.2767680124204822
8302,3,0.3866984044351351
15899,3,0.47786365271552295
17958,3,0.8439512941378319
18799,3,0.8997120753034052
19863,3,0.6579278871373346
20937,3,0.5116510179445345
25784,3,0.10296963599015818
26753,3,0.42848219555547784
27122,3,0.5216200686829578
27406,3,0.8169908732052077
63,3,3.2057707003862133
494,3,0.4591059224950704
2371,3,0.3283141161793165
4477,3,0.48856142049273377
4881,3,0.3655224501892355
7008,3,0.2750732132711464
13301,3,0.6201666891299105
14095,3,0.9695908620165873
14900,3,0.86435884710868
15904,3,0.43725350775529437
17963,3,1.1469993638113218
25789,3,0.0472290440242207
27127,3,0.5492564340071531
27411,3,0.6554246277112873
44,3,4.1432899111924035
238,3,0.466330535604377
838,3,0.4407387208574192
1255,3,0.45565780117134236
4093,3,0.5981088043578587
6155,3,0.5103875979769196
10255,3,0.231386107267378
13307,3,0.689596555330406
15909,3,0.5015158198495762
16521,3,1.5782039819616402
17968,3,1.4400828121633256
21160,3,1.0977489716065842
25794,3,0.18960851633802903
26346,3,0.14332511384613045
27132,3,0.49038618046652005
27313,3,0.5215724842656564
27723,3,1.4255671914747423
16,3,4.672609818139796
131,3,0.45314031090493234
768,3,0.4598910699742956
1728,3,0.369279037738238
2381,3,0.4786484741036151
9190,3,0.2906591090589575
10260,3,0.10412454180900832
11509,3,0.20040401975350974
15914,3,0.4175526503574877
21165,3,1.2783038481426872
23059,3,1.3435004692420693
24759,3,0.737393067525869
25943,3,0.38206670726246406
26352,3,0.29440222703508123
27137,3,0.34370134576541833
27623,3,0.7270579461393223
27727,3,0.9190148453236592
27795,3,3.7514004950922057
7,3,4.76103183606163
248,3,0.4494580930793027
508,3,0.48134354399546847
847,3,0.5613581778375011
1266,3,0.47730438120588276
1733,3,0.3951155200830105
2081,3,0.48319224078617923
3377,3,0.570114262109465
5105,3,0.6157757376054172
6377,3,0.6734837111511359
10265,3,0.12954671797151918
15919,3,0.5823176459332376
17355,3,1.6233127270151522
17978,3,1.4323575433889213
20957,3,1.5254380008737336
23064,3,1.4223030279416005
24064,3,1.1809028960869496
24932,3,0.7267885196341873
26356,3,0.44069346215120375
26773,3,0.23872714664739694
27732,3,1.341592728351758
2,3,4.703047637120997
852,3,0.6335137029254649
1270,3,0.6275704688135262
1738,3,0.4785622039011783
3208,3,0.56245723352907
4107,3,0.46166706245893213
5110,3,0.5930708882418373
10269,3,0.22904145132836945
13322,3,0.6361340790828344
14115,3,0.8327223731230644
18823,3,1.5749450333510069
20104,3,1.702943254597284
23069,3,1.244322597394378
24069,3,1.0593619979525741
24936,3,0.7777098125570953
25631,3,0.6197934070602091
26360,3,0.40843081781459656
27633,3,0.7939163912348824
27814,3,1.2059795579136061
6,3,4.623295881801981
258,3,0.5829827995419053
518,3,0.603036356818701
1275,3,0.7880218631397301
1550,3,0.47244759490407146
2541,3,0.328252926749806
3213,3,0.49112173834877815
4113,3,0.7451885337536744
4907,3,0.5849816380455904
6176,3,0.6460519816051007
8115,3,0.5209841656545348
8987,3,0.4605048513084433
11316,3,0.06340617797012534
12349,3,0.39473513803973975
14120,3,1.1738448234745193
14925,3,0.6859925253750747
17157,3,1.4286709787408471
17988,3,1.3504384708794648
18828,3,1.45611258207265
24074,3,0.954421622703324
24942,3,0.7196749514789941
25799,3,1.0257876196199904
26534,3,0.41564422782896826
26783,3,1.0181995080555803
27152,3,1.2844282908393698
27436,3,0.46221687600858713
27818,3,0.8975089952951341
27846,3,3.733598870154366
3218,3,0.15085369533123924
4309,3,0.30237424462092977
9428,3,0.3971497914459906
10279,3,0.34291966248487
13331,3,1.2095110241444087
14125,3,1.2630129579959841
14930,3,1.1841321996576764
17993,3,0.2566466394286729
18834,3,0.2865362106455987
19899,3,0.6246447571829533
20972,3,0.7753868221819095
22031,3,0.7545458445909417
23079,3,0.5276801350209103
24947,3,0.4047476269260367
26176,3,0.7816496427934233
26787,3,0.690770518945301
27156,3,0.7147589106144198
27440,3,0.8215089354345078
27607,3,4.40299352348604
1841,3,4.317497612477436
7043,3,0.32787581264443827
8125,3,0.4041440225437617
14130,3,1.147668428317452
15737,3,0.29392495635242566
17998,3,0.33580673790146165
18838,3,0.27895390555231997
23084,3,0.4209351361127312
24084,3,0.35436636781895364
25809,3,0.3879045691103473
26361,3,0.3005733170655707
27869,3,4.304915990009709
3228,3,0.723028746187062
6190,3,0.3831833649591165
9220,3,0.8044890039594205
11331,3,0.8683589309235566
12363,3,0.8816067053670453
14135,3,0.6636296102363815
14940,3,0.9995498640559998
15944,3,2.025667812280696
16967,3,1.465307050835294
18003,3,0.9216601695633239
18843,3,1.3317866786450017
24089,3,0.8083494309497085
24957,3,0.49478409456359684
26274,3,0.8506451757491512
4132,3,1.0725770367151473
6195,3,0.7824241226730584
7053,3,0.6226255049240524
9225,3,0.7978565520440485
13346,3,1.0810279028037106
14001,3,1.0654787189751493
16972,3,1.4889181321804625
23094,3,1.7278126163697054
24094,3,1.679320788760798
24962,3,1.4705473678285799
28189,3,3.1912300976741514
12374,3,1.2097921751310161
13351,3,1.1538546270691026
13858,3,1.050765070441062
15954,3,1.4239041472768303
16977,3,1.4521563787852034
18013,3,1.4080813516807307
22051,3,1.4608860573530476
24099,3,1.5910203728082917
24967,3,1.5563101302194056
25483,3,3.1930156498437534
2721,3,1.322078391639365
4141,3,1.1130314716711855
11346,3,1.2527453314386803
12378,3,1.2434648933972756
13355,3,1.114429323592669
14954,3,1.308375541363551
15958,3,1.3897449710220027
16981,3,1.4358745621697386
19923,3,1.362059534404787
24103,3,1.4812739610941144
24971,3,1.482463792523623
2557,3,1.9329571498919844
3244,3,1.0359451952960452
4941,3,1.0409984711076736
13360,3,1.0530339807385787
14443,3,1.2202798364941891
14959,3,1.4163882923372362
18022,3,1.3665910019894059
18862,3,1.3851213670267486
21002,3,1.3710584662207996
24108,3,1.4243799047040753
24976,3,1.2863866650916174
25654,3,2.226764285980908
2396,3,1.9180744877715654
3250,3,0.9854794135532343
4151,3,1.0150502677147273
7072,3,1.0682718964967544
8154,3,1.078571693788189
9244,3,1.1023859269967882
13365,3,0.8881803822321414
14447,3,1.218245221381153
14964,3,1.372324049146888
16991,3,1.370073397884238
18027,3,1.3403577678613623
18867,3,1.3150295173291586
22065,3,1.396735604906022
24981,3,1.190178729812175
3254,3,1.0251332510782054
4156,3,1.0472985865191808
8159,3,1.0643648242686612
11361,3,1.0843702901348078
12393,3,0.8563087674535869
13370,3,0.7167922065874123
18872,3,1.316882262107233
19938,3,1.3757532627525568
24118,3,1.2636804819798049
24986,3,1.0609212415550153
3259,3,1.0382690901245086
4161,3,1.0227463321966235
5164,3,0.9926247443164113
8164,3,0.9643821116141875
9472,3,1.045526911754828
10324,3,1.0413471159377923
12398,3,0.7372104757202083
13375,3,0.6865065007951049
14974,3,1.3013807693566581
18037,3,1.3130989507163342
18877,3,1.3736127632365507
23123,3,1.210303361187842
24991,3,1.0052423866313316
2411,3,1.1003112488195312
3089,3,1.0055095239827871
4166,3,0.9788829198256714
10538,3,0.842782572125338
11371,3,0.6326958906247498
13380,3,0.6934233495740817
14979,3,1.2744042148278525
15983,3,1.303343929451178
17006,3,1.308069845309988
18042,3,1.3377887596479383
18882,3,1.336091224258917
22080,3,1.2487432553589548
23337,3,1.1966312604727256
24128,3,1.1535467351027422
2416,3,1.0998119123022159
3269,3,0.9472010337739234
9264,3,0.8271560787119466
10334,3,0.7662682790840563
11583,3,0.5713956446332993
12408,3,0.5656893216964408
13200,3,0.6678712545857648
14984,3,1.0713718387011648
17011,3,1.3144754159553065
18047,3,1.3231359920508012
24133,3,1.1193388457543252
25002,3,1.017078208480058
25826,3,0.6631631479318966
4176,3,0.8212648889859783
7097,3,0.7099236054127656
10340,3,0.6518848670383698
11381,3,0.5954820759829959
12413,3,0.6184915932535128
14989,3,1.1540250114978399
15791,3,1.384299393562043
17016,3,1.3069730737369774
18892,3,1.249645365874412
24138,3,1.171746081578692
25006,3,1.091741175481168
25831,3,0.663160619727312
1962,3,1.077279978356088
2426,3,0.9381974436405739
4181,3,0.6137243652162769
6244,3,0.6279247329265951
7318,3,0.6604385216734251
8401,3,0.67219925111435
11385,3,0.6006796725401148
12417,3,0.6394115298839448
14993,3,1.3336074614149809
15796,3,1.329490355979595
21036,3,1.1083884501698338
2431,3,0.7865324929965591
6248,3,0.5944275359839286
7107,3,0.5856534386675746
8189,3,0.5628126527427207
9279,3,0.5193832299207082
11391,3,0.5851990023560046
14453,3,1.4112016067021407
14998,3,1.351003726134196
16003,3,1.277513543665799
21041,3,1.1015389116096816
24148,3,0.9228968376485622
25016,3,0.8057936531004097
25841,3,0.727413361521882
1845,3,0.9556618991579122
2436,3,0.8613774173813883
4190,3,0.4659644633067791
6039,3,0.47463616461357705
10354,3,0.3939555629744229
11396,3,0.3499722139134484
12428,3,0.26751682855907605
14299,3,1.4219863008228462
19119,3,1.1499672031705075
19973,3,1.114518956533508
21046,3,1.104635006643589
25021,3,0.8218773845628722
25846,3,0.8003220116471009
2441,3,0.6676886303226395
3119,3,0.5030899725722574
7117,3,0.4482836493876437
8199,3,0.44715642795914773
9289,3,0.39855473504537536
10359,3,0.3022694254415791
11401,3,0.2685148318878122
12433,3,0.20876473407860274
28001,3,0.8984575572840885
18072,3,1.2485986682058434
18912,3,1.2017705018158964
19978,3,1.0956833250115963
22110,3,0.8528414713856054
23158,3,0.8675235114253284
24158,3,0.8414715742109143
25851,3,0.7844655600580855
1741,3,0.991338465832293
13393,3,2.34140409484234
15013,3,1.433163307121268
17040,3,1.1697869364951279
18917,3,1.112361503407312
22115,3,0.8553404377004952
23163,3,0.8510316304333561
24163,3,0.9332485121267867
25856,3,0.7059726731863694
27857,3,2.8357768654510935
2288,3,2.9232762951700395
3303,3,2.5701600651417214
7126,3,0.565569442034457
8209,3,1.6073791520510583
9298,3,0.21065781890935836
27967,3,2.6614016107411214
27981,3,2.7474536170036044
28051,3,2.8030847329985336
17045,3,2.533436833880066
18290,3,1.1551031991444392
19987,3,1.309635423236508
21060,3,1.2514600836480931
22118,3,1.1671597926547181
23166,3,1.004235612745601
24166,3,0.9133342886258281
25035,3,0.7982670378274963
25860,3,0.6156592265617444
27918,4,0.0020587731665536978
8211,4,0.00038280680953755214
9083,4,0.014607738400619713
28125,4,0.026777447197492206
20418,4,0.036022244460041916
5210,4,0.05852222357457438
6057,4,0.0350505418309162
7130,4,0.020884096798346137
7997,4,0.025526566744160137
9087,4,0.03328164394449967
9948,4,0.038890229506483145
18291,4,0.042754393523994676
18922,4,0.043690981535771174
19776,4,0.04739083487693613
20849,4,0.062088364191573125
21908,4,0.06340753721560513
22958,4,0.07369827198123231
3482,4,0.7872710293899394
4019,4,0.2985781367238756
4798,4,0.11800477518841049
5849,4,0.02969499340304397
7136,4,0.028382396524347635
8002,4,0.03326945575420278
9092,4,0.04874122001706763
10161,4,0.05030290350430537
11204,4,0.04147532439533674
12238,4,0.04850392906761102
16840,4,0.021690889207620627
17874,4,0.0262519067580596
18716,4,0.05321740027506
19565,4,0.049407244533822954
20854,4,0.06906547061767598
21913,4,0.07353200885280683
22961,4,0.08307222283920787
23977,4,0.053367588376768096
2451,4,1.2980911223225469
3131,4,1.1567334003581013
4023,4,0.9219515391703729
5007,4,0.13068507636828713
5853,4,0.05369129146701541
6925,4,0.03295336238778425
8225,4,0.05972997167879117
9097,4,0.08286315782186203
10167,4,0.08764901438673765
11209,4,0.07570212405132941
12241,4,0.06531838222579839
13218,4,0.04781700595311676
14012,4,0.039012045830093746
15017,4,0.04565179789864367
15821,4,0.04572394252231829
16843,4,0.041400848000738844
17880,4,0.05391612126187677
18932,4,0.07682394181407852
19571,4,0.07687658192042003
20860,4,0.08932475997477658
21918,4,0.09018505764183038
22966,4,0.10173434817320416
23982,4,0.2102213053204166
24699,4,0.41124547056219346
1745,4,0.5855969136106665
2293,4,1.35119654930372
3135,4,1.1287806465874441
4028,4,1.0128480711547767
27900,4,0.06557932462866739
12246,4,0.1080059661337932
14017,4,0.06920468261642719
14821,4,0.06506339169767124
15826,4,0.1812397176548459
17677,4,0.08142890909873957
20005,4,0.08172694907919523
21923,4,0.07047357185927478
22971,4,0.09319248416533157
25551,4,0.5684326824286351
1645,4,0.9252061190806918
3141,4,1.3053156137835715
5018,4,1.0960809515337158
7150,4,0.1954860921864323
17890,4,0.20566699868678065
18941,4,0.12479346866779438
22976,4,0.42130075271808426
23991,4,0.70999637469515
10181,4,0.08614527987394124
12255,4,0.2241715103478918
13232,4,0.20364533614674724
17895,4,0.3832094985118075
18734,4,0.18712574322804604
21932,4,0.19157965632758106
23996,4,0.6170583162694269
28232,4,1.0652993431646978
4042,4,1.1203609024476482
5027,4,0.9356658292775243
12260,4,0.054175386428053716
17899,4,0.4792006917251921
20878,4,0.3124431001453691
21937,4,0.7440295164916241
26278,4,1.0421304242108402
3155,4,0.9418199072292945
5032,4,0.6403244154794795
6949,4,0.29197484025781695
28017,4,0.7093304982335549
13243,4,0.31443453503024027
15845,4,0.1242247852576064
18744,4,0.07634589139355885
19810,4,0.1480293940647369
21942,4,0.8072785021787425
25731,4,0.9678052731076349
1196,4,1.07762795338567
4833,4,0.41641285936932104
6096,4,0.3704799168181333
8037,4,0.6024334478807334
9126,4,0.202265777526504
10197,4,0.5015750440781598
14846,4,0.4082453397162743
20888,4,0.6838082570293733
25735,4,0.930890004061718
1773,4,0.5608845644153193
2323,4,0.8382943057350942
4838,4,0.5805836121248706
6101,4,1.5201509382194107
10202,4,1.136313875212985
14851,4,0.4511481023268552
19820,4,0.5958448610326949
23000,4,0.6036219010498363
26293,4,1.1521443163355312
26709,4,1.197164770092699
1206,4,0.7063311681505102
2327,4,1.0545836089105385
11248,4,0.2679749801350461
13257,4,0.41030387671863755
14052,4,0.5297394342784523
14856,4,0.49225970436498495
15860,4,0.5761529770256428
16883,4,0.7487110235710244
17919,4,0.7330913067868723
24021,4,0.4144520685060941
25073,4,0.3836643241497665
25746,4,0.6065257070180579
26297,4,1.0720032333968808
26946,4,1.3016213341661749
2332,4,0.939803281098859
4067,4,0.5307222914064419
6111,4,0.3864840990220624
11254,4,0.30005030748022365
12284,4,0.35490806627419985
14055,4,0.6379526308829848
16888,4,0.9117905670312889
23010,4,0.799334411752059
24026,4,0.45550623732866136
25078,4,0.31176292089600616
26718,4,1.4329950980468287
1215,4,0.7704104623987896
1683,4,0.8570138962139372
3180,4,0.890488100946943
5057,4,0.6842381587824281
6974,4,0.35702938745912277
13083,4,0.48557630039398625
14061,4,0.6754389979292684
16893,4,0.9648527812275725
17929,4,1.1330831296258879
24031,4,0.716186890560906
24914,4,0.3978048194018244
25754,4,0.3899172209935631
26306,4,0.8116683189377758
27093,4,1.5959991855527915
1689,4,0.9651639740881609
10430,4,0.37449359933510434
14066,4,0.7698864666250664
15875,4,1.0528141516133322
16898,4,1.15567115721564
17934,4,1.5140619400667374
20913,4,1.1632759769673313
24036,4,0.8661313802479012
26646,4,1.0944266297325878
305,4,1.9292680766361192
808,4,0.6845741256101874
1317,4,0.8607863148172873
2347,4,1.2984208586612935
3016,4,1.5330400631802903
11267,4,0.6504751419623563
15880,4,1.1019977506352865
19845,4,1.6500920566155155
20918,4,1.512956899758375
21977,4,1.2608611736517121
24041,4,1.1209332210178622
24924,4,1.0704930114767053
26733,4,0.9691943637376932
27103,4,1.4670800712050527
259,4,1.09524481658975
812,4,0.7365709682369446
1698,4,1.0807857589863177
2352,4,1.3707033602827803
5072,4,0.6360097041740977
6131,4,0.7745626066188965
8289,4,0.6781196471719522
9161,4,0.807943330853295
10231,4,1.0528170311329983
11272,4,0.7972344314346762
13459,4,0.9137702298831106
14216,4,0.9323831691460638
15884,4,1.072661094484672
16909,4,1.134217175925485
19850,4,1.6699069001849167
21982,4,1.5057446163198465
23030,4,1.1472884667553547
24046,4,1.1050254956665573
25098,4,0.9989553563224889
25769,4,0.7318822892599196
26739,4,1.0834205607723992
27108,4,1.2256431864658093
266,4,0.16909468031227012
1236,4,0.9524931182634768
2357,4,1.409326318506322
3200,4,1.7317375092537872
5076,4,0.8194163227938308
8075,4,0.7601773874172094
14886,4,0.8436144008034989
16913,4,1.0816055686069532
21987,4,1.4067524379818805
23035,4,1.279006166247184
25103,4,0.9309640770493712
25775,4,0.7826491315111966
26326,4,0.8334838724610751
26744,4,0.95330757934527
27113,4,1.204900622023881
270,4,0.4903576264137568
823,4,0.9432169370713803
1241,4,1.022270207826539
3204,4,1.8061350039299724
4476,4,0.1873934800581194
4877,4,0.5036545600427587
8080,4,0.9465240219864391
11283,4,1.2079320066063803
15895,4,1.249177191778768
16918,4,1.3857798354810895
23040,4,1.2233067250239116
23661,4,1.139088862401656
25278,4,0.7295546198037557
25780,4,0.7718006637216973
27118,4,1.0893858629175153
113,4,0.20492259298061907
229,4,0.5857296479987203
616,4,0.918224672962518
827,4,0.9806307527462329
3034,4,1.799374681065252
5086,4,0.7733061332597054
8302,4,1.01963210723157
15899,4,1.2574037612570166
17958,4,1.3551541774078146
18799,4,1.3994801162472672
19863,4,1.2528303796917937
27122,4,1.016339106661404
63,4,3.6771912309539903
2371,4,1.1937567567424519
4477,4,1.0031191270891229
4881,4,1.0481629524124128
10251,4,1.2436220646225984
13301,4,1.3500791235475311
14900,4,0.7798657527751093
15904,4,1.052954662583859
16721,4,1.6139889215770071
17963,4,1.5680130867148285
25789,4,0.48738639049203475
27127,4,0.859919974563416
44,4,4.26324477886365
238,4,0.8433833031476526
838,4,0.9643900716998183
1255,4,1.0211863350868091
4093,4,0.9443939996506432
6155,4,1.0108382790033241
10255,4,0.9019267437623655
11711,4,0.902931721424763
12124,4,1.049172237426251
13307,4,1.166710316853273
16521,4,1.8507230391233205
21160,4,1.4016613901807196
25794,4,0.5113240849955168
26346,4,0.6394322228346957
27132,4,0.7520018029798252
27723,4,0.9396374165577496
16,4,4.570637213759283
131,4,0.8347036429309507
503,4,0.8699905837470963
768,4,0.9521193032643706
1728,4,1.1501314903310813
2381,4,1.1619887556975583
9190,4,1.1300472304112716
10260,4,0.7736796409407162
13312,4,1.1967026820434084
14910,4,0.6809123191854731
23059,4,1.8671737686653775
24059,4,2.0961489914459337
24759,4,1.8942280504847746
25943,4,0.414023544769422
26352,4,0.44682733729379776
27623,4,0.69094532555814
27727,4,0.8719079724989478
7,4,4.585592776634749
248,4,0.8162672356079868
508,4,0.756447704516871
1266,4,0.7769890850788566
1733,4,0.9812278013546323
2081,4,0.9935004323619272
3377,4,0.782786143199262
6377,4,0.8314964378040961
7889,4,0.7835726994484229
10265,4,0.7714514604689489
11514,4,0.744697752047344
17355,4,1.8569405620387416
17978,4,1.6725491160063604
19884,4,1.6748026913108802
23064,4,2.2499831545478957
24064,4,2.271266822622133
24932,4,1.9350824383905834
26356,4,0.38942468741834774
26773,4,0.3405170288832798
27732,4,0.6553984764011046
2,4,4.5808338243172875
108,4,0.713704581964653
852,4,0.9107233951762502
1738,4,1.010115983428964
3208,4,0.841576648925013
4107,4,0.7733195967479025
10269,4,0.7377007752268493
13322,4,0.8998255728698717
14115,4,0.9798979732958586
18823,4,1.9760341924661473
20104,4,1.9297730724316753
23069,4,2.4131471210638
24069,4,2.33266507103845
24936,4,2.0454573934059646
25631,4,2.0723399152796245
26360,4,0.16065234244915874
27633,4,0.40716249635976515
27814,4,1.1114022353028294
6,4,4.70028151730146
258,4,0.8127065299153775
518,4,0.9845024056255732
1275,4,0.9666995932073984
1550,4,1.116489395078669
2541,4,0.9585072367887437
3213,4,0.8059258297642167
4113,4,0.7044720802475477
4907,4,0.6636070929260017
8115,4,0.5806465486581394
8987,4,0.4519297020007315
11316,4,0.5143775035915419
13326,4,0.6310799921538525
14120,4,1.4420076336504892
14925,4,0.40606067144809416
17157,4,2.1358915940010874
18828,4,2.1086207139583926
24942,4,2.118818937706911
25799,4,2.5848638748844426
26534,4,0.36967292645101085
26783,4,0.9118273556008717
27152,4,0.8156398430809392
27436,4,0.5992956103562327
27818,4,2.457332330423022
27846,4,4.529230233884931
3218,4,0.8143855882038492
4309,4,0.7133173512584879
9428,4,0.6244792763812431
10279,4,0.6321740517238867
13331,4,1.6060048615802178
14930,4,1.6092044774529104
16957,4,0.6486229632994771
18834,4,1.2841674214924292
19899,4,2.0265535318268286
20972,4,2.325724860598893
22031,4,2.413199181653585
23079,4,1.972760334290281
24947,4,1.9915688752410112
26176,4,2.239942931216759
26787,4,1.4158492286400945
27156,4,1.1939203365984012
27440,4,3.1838830593916967
27607,4,4.61945986338403
1841,4,4.492566090886606
7043,4,0.8079025613966117
8125,4,0.7528528847361416
14130,4,1.8322589921532375
15737,4,0.2788253444798208
16962,4,0.6386662057827286
18838,4,1.1326875721684988
19904,4,2.2279759872102063
23084,4,0.9766581562824502
24084,4,0.8501198827153812
24952,4,1.2875033265640767
25809,4,1.2726984426301662
26361,4,1.3780825314463314
27869,4,4.515507237753878
3228,4,0.7729946194163724
6190,4,0.8269712661765061
9220,4,1.4820862907570844
11331,4,1.7107446598902731
14135,4,0.2606740539484837
14940,4,1.238380338904747
15944,4,1.345661987043616
16967,4,1.4577424144017403
18003,4,2.564769904745821
18843,4,3.2126125529516236
24089,4,0.909687184170468
24957,4,1.1591093873184726
26274,4,0.7494938973568869
4132,4,1.3478328565786244
12369,4,0.7500600896690609
13346,4,0.6038207836033671
14001,4,0.9887613672493183
15949,4,1.7813116211686932
24094,4,1.5215785939807658
24962,4,1.4215329050398466
28189,4,2.8260702302302714
3235,4,1.411386847090585
13351,4,0.7211832050084064
13858,4,0.7733600965741908
15954,4,1.5296773743717655
16977,4,1.468711849121302
18013,4,1.3679363878922444
24099,4,1.4957979261368113
24967,4,1.501814375966955
25483,4,3.9699326381209743
2721,4,1.434164991085182
5992,4,1.0430649091317594
8145,4,0.9205741178062149
11346,4,0.8022055011278755
12378,4,0.7962975045784555
13355,4,0.7284821927060964
14954,4,1.433650362360433
15958,4,1.4801413244207142
23103,4,1.2882303282361391
24103,4,1.3865691519666565
24971,4,1.3301609843019486
2557,4,1.6082342235602356
3244,4,1.4137010422706844
13360,4,0.6801135413366481
14443,4,1.4739291003475419
14959,4,1.4748080867075972
18022,4,1.2865627363896133
18862,4,1.2581055397045795
21002,4,1.1720600965090677
22060,4,1.1707226709790268
24108,4,1.2441623056960787
24976,4,1.1545014001490743
25654,4,2.422909014176427
3250,4,1.3372702663409788
4151,4,1.151530498639922
6214,4,0.951655552142202
7072,4,0.9104805783710447
9244,4,0.7538288716981473
10313,4,0.7530055403330179
13365,4,0.6379595307738104
14964,4,1.4955451360283378
15968,4,1.4738778917233255
18027,4,1.3044509846340822
22065,4,1.0541053744298987
24113,4,1.0869047396831797
24981,4,0.9889845256545194
3254,4,1.2281991675847934
7077,4,0.9055744552464223
8159,4,0.7744811708279921
10319,4,0.6609362415870944
12393,4,0.572738261929758
13370,4,0.6178712862128373
18872,4,1.122922175933899
19938,4,1.0765729556278067
24986,4,0.8115982170896592
3259,4,1.2215019226983288
4161,4,1.147546498509582
9472,4,0.6455510987333298
10324,4,0.6321572072945655
11366,4,0.5971902687770331
12398,4,0.5728628755410023
13375,4,0.585377648274739
14974,4,1.5048780060786757
15978,4,1.419347697364944
18037,4,1.1618225391155603
18877,4,1.1233934670084078
23123,4,0.9018224608226376
24123,4,0.8460414406246295
24991,4,0.702236444564658
2411,4,1.353268220552415
3089,4,1.2603197330428046
4166,4,1.124689924812887
9259,4,0.6477284605981392
10538,4,0.5787347803427624
11371,4,0.6197392714979753
13380,4,0.6450122887150502
14979,4,1.522260902853775
15983,4,1.4199292434910176
17006,4,1.2644777240794494
18042,4,1.2438793795231085
18882,4,1.1752793304363596
22080,4,0.8707631576740921
23337,4,0.8176259611053168
2416,4,1.362244669941622
3269,4,1.2345668673332326
4171,4,1.0383278555526265
9264,4,0.724786320465081
10334,4,0.7483245445060969
11583,4,0.6221155173531706
12408,4,0.5499113457617174
13200,4,0.586035930657436
14984,4,1.5971732465069373
17011,4,1.3241193244922669
18047,4,1.2428012924077352
24133,4,0.6691337292010433
25002,4,0.651450660290491
25826,4,0.2345938390989237
5179,4,0.9030140522968665
7097,4,0.7850600088644639
11381,4,0.7087196695279135
12413,4,0.636012338238333
14989,4,1.6103810564283363
15791,4,1.4393675687245047
17016,4,1.3278413552209263
23138,4,0.6677854125691061
25006,4,0.6591510609555011
25831,4,0.41912065432233014
1962,4,1.2902236765678792
2426,4,1.28869993228448
4181,4,1.0467644656306294
5184,4,0.9301432869629104
6244,4,0.8583475263897804
7318,4,0.8210960742091492
11385,4,0.7001124330905469
12417,4,0.596905209826093
14993,4,1.5845513275269707
17020,4,1.3304583418350944
21036,4,0.9597702716791615
23143,4,0.51283962240287
2431,4,1.2793537980287726
6248,4,0.9723371684018631
7107,4,0.9431080370896092
8189,4,0.9448907892575293
9279,4,0.9604456722602221
11391,4,0.811113184794124
12423,4,0.872681304978342
14453,4,1.5819705382484224
14998,4,1.5677375115307437
21041,4,0.9887639615805844
25841,4,0.45241879422526404
1845,4,1.608949316115944
2436,4,1.4190609716491076
4190,4,1.1473513732170773
4985,4,1.1577492039023198
9502,4,1.0055334732109813
10354,4,0.9160691166378078
11396,4,0.9800014092465238
12428,4,0.9464710437615623
14299,4,1.5312765116302829
15003,4,1.45208295788815
15806,4,1.3901634585860534
19973,4,1.0605457207997997
21046,4,1.1309116810197262
25021,4,0.6872624367994461
25846,4,0.27875801823713375
2441,4,1.335633668530155
4010,4,1.2750656257311312
7117,4,1.134932558773873
8199,4,1.0189492734442562
9289,4,0.9011994820671227
10359,4,0.9568155914729704
12433,4,0.9526743893576879
28001,4,0.7157506217569389
18072,4,1.2290733842171757
18912,4,1.164201830652489
21051,4,1.0489938676311616
22110,4,0.8897752835759897
23158,4,0.8859743014320247
25026,4,0.6961269114477427
25851,4,0.14341896876902185
1741,4,1.6732869809237114
3298,4,1.4090944844565172
11406,4,1.006711543905342
13393,4,2.360758229381391
15013,4,1.5236905351666266
15815,4,1.4676000586074187
17040,4,1.2302148351168094
18917,4,1.218123260508659
22115,4,0.8220749500210157
23163,4,0.8776942060023759
24163,4,0.8873057145640354
27857,4,1.5556325679834415
2288,4,1.4495921920139747
3303,4,0.9172664051135632
5208,4,0.7884141443893445
7126,4,0.9482518606844779
8209,4,2.062618984386937
9298,4,0.6329524845133556
27967,4,2.5981558896153163
27981,4,2.2183410288431147
28051,4,2.8140537656854088
16225,4,2.63810095541403
17045,4,1.8155767200502424
18290,4,1.0260439744593897
21060,4,0.982760824862919
22118,4,0.9226491661647253
24166,4,0.9817536751782004
25035,4,0.9692889028519837
25860,4,0.6074356951260693
27918,5,0.005031873878430842
8211,5,0.003116005543026025
9083,5,0.002495213523776125
28125,5,0.022087645737147128
20418,5,0.03216657847632116
5210,5,0.05358067399591363
6057,5,0.04515235704187658
7130,5,0.02561486613500418
7997,5,0.0257797018019567
9087,5,0.019841586701889086
9948,5,0.014214736011911288
18291,5,0.03544558302674222
18922,5,0.038397327635484535
19776,5,0.04114048508597786
20849,5,0.04980391231797704
21908,5,0.050631446164000074
22958,5,0.05517340434390869
3482,5,0.2000454371085504
4019,5,0.10380858420803635
4798,5,0.06866126619630188
5849,5,0.04276085054748587
7136,5,0.031047623375547576
8002,5,0.03031210457850958
9092,5,0.02623740957035962
10161,5,0.019094792007787686
11204,5,0.009809159467832335
12238,5,0.012117000725701108
16840,5,0.018214832420017965
17874,5,0.02344756050063871
18716,5,0.04270966559871403
19565,5,0.04305765948411084
20854,5,0.05482795526434795
21913,5,0.05644011054875421
22961,5,0.06534128428506525
23977,5,0.03197759032622883
2451,5,0.4062498822664584
3131,5,0.28229691832831677
4023,5,0.17596594261079843
5007,5,0.08816091389638668
5853,5,0.05690870826834279
6925,5,0.04584172827108122
8225,5,0.0429038703015676
9097,5,0.04485636719033395
10167,5,0.04129285332240676
11209,5,0.0265906984046881
12241,5,0.01924513077339353
13218,5,0.016168379319343743
14012,5,0.01563990275399404
15017,5,0.021811208094811352
15821,5,0.02582959275771971
16843,5,0.03035717403449869
17880,5,0.03731734264601119
18932,5,0.05624022629318327
19571,5,0.058618655318666765
20860,5,0.07291781821836828
21918,5,0.0771726070733563
22966,5,0.08434128227420026
23982,5,0.1418443979511744
24699,5,0.19186070834833874
1745,5,0.16245327538017576
2293,5,0.48308186998052766
4028,5,0.19097213123138435
27900,5,0.05993687398239989
8012,5,0.02151911921866003
9102,5,0.05820091595694698
10171,5,0.07927487016844813
12246,5,0.039811710058064054
14017,5,0.05222905362255674
14821,5,0.026699129244933357
15826,5,0.09555151889454
17677,5,0.049517260821739344
20005,5,0.07851902804996784
21923,5,0.1430485019299627
22971,5,0.09736076703446347
25551,5,0.24013867267555197
1645,5,0.303627276523543
2298,5,0.480122557260298
3141,5,0.4708122742814033
5018,5,0.12906107614979187
7150,5,0.04953795669586956
13227,5,0.19971094105547874
14021,5,0.2532043671754424
17890,5,0.164468721540051
18941,5,0.14972322012012584
22976,5,0.24730035279420012
24709,5,0.35335800947945656
10181,5,0.21309901442671025
12255,5,0.20987329035742788
13232,5,0.33927506878582825
17895,5,0.3723690629839399
18734,5,0.5436279357445634
21932,5,0.16530193912889588
23996,5,0.17887081517724288
28232,5,0.5535896566175712
1279,5,0.21988736044636756
4042,5,0.3571185802771216
5027,5,0.37735671003693844
12260,5,0.22405673119053213
17899,5,0.6159916719278857
20878,5,0.8146119752416507
21937,5,0.9604530661958403
26278,5,0.5745172139167489
1191,5,0.18542827533592027
3155,5,0.2135940101752564
5032,5,0.5465742673655051
6949,5,0.48542324765351247
9340,5,0.5251377249332366
28017,5,0.02857826702515364
13243,5,0.5646219083234096
15845,5,0.6212525873639905
18744,5,0.8868103976920033
19810,5,1.0800675351753355
21942,5,0.9093289000901635
24889,5,0.3711777938254718
25731,5,0.7787633461306791
1196,5,0.17157966565097857
4833,5,0.6317430669035533
6096,5,0.6202208708753628
8037,5,1.1657356649331765
9126,5,0.5490672850599596
10197,5,0.9701015611592158
14846,5,0.5857050527443506
15850,5,0.7176609440070398
20888,5,0.7783052709602903
24011,5,0.4358603432991085
25735,5,0.7697313885058845
26287,5,0.8709243595740124
1773,5,0.3065289419712649
3165,5,0.5829524521502779
4838,5,1.5166098510316153
6101,5,2.5074098891183403
10202,5,1.5927759973185471
14851,5,0.586309317263271
15855,5,0.6621411690229004
19820,5,0.7418104136852047
23000,5,0.9443328345745925
26293,5,0.9914298210730371
26709,5,0.9260621759001764
788,5,0.6587687222206269
1206,5,0.28415830676471127
4062,5,0.8501875400854769
14856,5,0.6521325414349676
15860,5,0.6750794148524171
16883,5,0.7212012448887763
17919,5,0.6615573383792976
24021,5,1.0575539387347943
25073,5,1.0087096797084256
25746,5,1.0353026722951197
26297,5,1.0142228155427726
26714,5,1.0688627827768058
6111,5,0.7984753351387587
12284,5,0.7400556111704124
14055,5,0.8017125544653338
18764,5,0.6346189709448413
19830,5,0.5763456701304077
23010,5,0.9091012297116038
24026,5,1.0484512308058156
25078,5,1.0953647812443807
25750,5,1.0756846497429662
520,5,1.2461861475041565
1215,5,0.2809504573263512
1683,5,0.08840591206541079
5057,5,1.2276791427056424
6974,5,0.9185681883914375
13083,5,0.8674697441732134
14061,5,0.9065777808472201
16893,5,0.8760068128030348
17929,5,0.8822863819223005
24031,5,0.970144472544146
24914,5,1.102254763615523
25754,5,1.1325293632985265
26306,5,1.0801431461849405
26724,5,1.0393352296372211
27093,5,1.081183726150305
1221,5,0.28411200506312206
1689,5,0.09671289300466403
14066,5,0.9649147029527558
15875,5,0.9552058595233017
16898,5,0.9556593044442204
17934,5,1.1768421208514221
20913,5,0.7106428933898777
21972,5,0.7642131276080071
23020,5,0.9216757552251347
24036,5,1.0250480009322527
26646,5,0.985279643166216
305,5,1.4400849751411093
808,5,0.22291975631073188
1317,5,0.3444412513626266
2347,5,0.05269794467055007
3016,5,0.20849431229260765
6126,5,1.9688633795606942
7200,5,1.3946381933067247
11267,5,0.9421407120536913
15880,5,1.0847711687205086
19845,5,1.2144039914525753
20918,5,1.0151364948350554
21977,5,0.9098177780178003
24041,5,1.1914919951721434
24924,5,1.1570266460105905
26733,5,0.9563486525877295
27103,5,0.976900978832806
259,5,1.25250395444807
812,5,0.386533970837462
1231,5,0.39915939234539766
2352,5,0.15996112803991355
5072,5,1.2054785042599325
6131,5,1.8373921807645008
6988,5,1.4830369970529074
8289,5,1.3896630694988918
9161,5,1.6697367847167803
10231,5,1.6232859814612932
11272,5,1.1412803913752494
13459,5,1.0214493825973254
14216,5,0.9567038300844197
15884,5,1.1042457219319277
17944,5,1.2933773178221333
18784,5,1.3188065207562574
19850,5,1.328062985011016
21982,5,1.5150442350100064
23030,5,1.3007213371524193
24046,5,1.2357138820612432
25098,5,0.9504833082661356
25769,5,0.7880921357648892
26739,5,0.8839055347639574
27108,5,0.9049159192114162
266,5,1.3250394472819542
1236,5,0.4712494429797298
3200,5,0.21252832042868502
5076,5,1.1081493271054885
8075,5,1.0598923236348352
14886,5,0.762388262330888
16913,5,0.9887560697965689
21987,5,1.7565072222225675
23035,5,1.674878600328637
24050,5,1.3931548617418552
25103,5,0.9244235281068355
25775,5,0.6791164402191121
26326,5,0.7843232837419841
270,5,1.3310891937778593
823,5,0.5537192360262589
3204,5,0.254449857800144
4476,5,0.4210809766170799
6998,5,0.9754556488641476
8080,5,0.7274224949581475
10449,5,1.0955003439652595
11283,5,1.4052787721282152
16918,5,1.165213726922635
23040,5,1.6521791205589966
23661,5,1.4540077117094252
25278,5,0.7835567293926304
25780,5,0.7677437872002933
113,5,2.3254894261842516
229,5,1.3173336068556951
616,5,0.6725542766627663
827,5,0.6236602423605916
1245,5,0.5536398305447718
5086,5,0.3258451593613047
8302,5,0.8985739109731302
15899,5,1.155478713411677
17958,5,1.1865831489436065
18799,5,1.270042718250345
27122,5,0.9090516774448083
63,5,4.325226677751462
2371,5,0.31943381365236195
4477,5,0.46350634413477143
4881,5,0.3025163738110458
6150,5,0.12845635912454617
12324,5,0.7249029862667979
13301,5,0.4811548468870135
15904,5,1.3442148632484079
16721,5,1.282852305682588
17963,5,1.3221474491361267
19654,5,1.293937603972116
25789,5,0.6565741691230056
26758,5,0.7582078700453388
27127,5,0.8981704622446567
44,5,4.579200627859703
238,5,0.8298530862256646
838,5,0.628375829163851
1255,5,0.6114168027887963
4093,5,0.5039696251185825
6155,5,0.2034149178685411
12124,5,0.8759819769478461
13307,5,0.7337950862551281
16521,5,1.7497012080072385
21160,5,1.5784586851111813
23055,5,2.141715597996083
25794,5,0.5417824431505145
26346,5,0.6689272893453818
27132,5,0.9462659250911748
27723,5,1.54542504361412
16,5,4.663101526394343
131,5,0.8063884350018651
503,5,0.649123240729027
768,5,0.627328410532904
1261,5,0.5088751664053055
1728,5,0.44003913217102386
7451,5,0.22919712865337788
9190,5,0.3449608804232734
10260,5,1.2333389345416856
18813,5,1.614913464743883
23059,5,2.171376879528296
24059,5,2.23401322724817
24759,5,2.1955329054745465
25943,5,0.6727894738536591
27623,5,1.4264910205011332
27727,5,1.5801899028364863
7,5,4.594166219827756
508,5,0.8004722448668423
1266,5,0.6813272683184706
1733,5,0.4413122576141453
2081,5,0.4302990626058926
3377,5,0.616635478911114
6377,5,0.3712767601804442
7889,5,0.5117896458964246
10265,5,1.2035996238707314
13317,5,1.0846784977021773
14731,5,1.3490044308266556
17355,5,2.026097618764933
17978,5,1.7839310425898844
19884,5,1.855285409064424
23064,5,2.3403614253876066
24064,5,2.3171530705933137
24932,5,2.3881945226725176
26356,5,0.4329715132296177
26773,5,0.7340245969095495
27732,5,1.6615995959551253
27809,5,1.9584461667603703
2,5,4.569889719634377
108,5,4.3189503770652165
852,5,1.5332998654266463
1738,5,0.490284973871644
3208,5,0.6553614945629298
4107,5,0.39691037747494873
10269,5,1.31121715569282
13322,5,1.4508989896267264
14115,5,1.4256089710669386
17983,5,2.1527791626653854
18823,5,2.0440113049512543
20104,5,2.0230979847989854
22231,5,2.7912070479475752
23069,5,2.467157400766364
24069,5,2.374019892241595
24936,5,2.426287558224725
25631,5,2.464648951521499
26360,5,0.4187074416326197
27633,5,1.5419503105299663
6,5,4.4961175663698345
112,5,4.331172329462548
258,5,1.7620978482309104
518,5,1.5645680623105338
1275,5,1.2963292304358298
1550,5,0.6373148526226847
2541,5,0.4348861612672637
3213,5,0.5152673943902393
4113,5,0.5648674143724782
4907,5,0.5932420862985234
8115,5,0.8628172018317423
8987,5,0.9874253331349362
10275,5,1.2760559219821148
11316,5,1.3555490787113704
13326,5,1.4184431531988773
14120,5,1.9113274292589841
14925,5,1.9384800879177908
17157,5,2.468204286009472
18828,5,2.2371080077943883
24942,5,2.075304701999564
25799,5,2.6789394421671617
26534,5,0.1547017850508696
27818,5,3.650783344035361
860,5,2.833656336760457
27846,5,4.321528088436707
3218,5,0.5194032172144054
4309,5,0.7247013942226018
9428,5,0.9762465972133836
10279,5,1.0837971499377979
12354,5,1.738383834901839
13331,5,1.8419216768483495
14930,5,2.232789791504026
16957,5,1.4834180482263963
18834,5,1.6357150313843951
19899,5,2.277013696731623
20972,5,2.2294334960567577
22031,5,2.224004709886305
23079,5,2.0171338390245963
25804,5,2.2111907114030105
26176,5,1.9171022153576673
26787,5,2.568698472654793
27156,5,1.2764712382168448
27440,5,2.519043084792234
1841,5,4.496684832406808
8125,5,0.9517298651173178
9433,5,0.9640723509045918
13336,5,1.9163139875720436
14130,5,2.1644190858518835
16962,5,1.8465128018057877
18838,5,1.5675199133408957
19904,5,2.2740603390967253
28131,5,2.060958511539121
23084,5,1.112691459895332
24952,5,1.207976086893974
26361,5,1.5588273335574478
27869,5,4.515435909403805
2394,5,4.1399546261557285
3228,5,1.2047644810850135
6190,5,0.7733577718935372
9220,5,1.026034131456364
11331,5,1.5471305871320005
14135,5,1.0974190918800508
15944,5,2.042496948612955
18003,5,3.3541027696865626
18843,5,3.3747407204610886
24089,5,0.933020402034806
24957,5,0.9622416173195993
26274,5,1.242444218581782
4132,5,1.5746097791685683
12369,5,1.304771314169629
13346,5,1.0316389304959597
24094,5,1.232141915248426
28189,5,2.4105409016468413
3235,5,1.335978091619877
13351,5,1.2423575686126618
13858,5,1.1399979469204986
15954,5,0.7088750146350734
16977,5,0.8214315032448642
18013,5,0.8494608364279742
24099,5,0.6836802485416181
24967,5,1.0233336135934255
25483,5,3.582293912146494
2721,5,1.2977532509720466
10305,5,1.428567547113013
11346,5,1.4124067261064335
12378,5,1.3810047560074161
13355,5,1.3075270375246706
14954,5,0.8950113771755706
15958,5,0.7846407085364575
23103,5,0.8073965486816972
24103,5,0.7382433938903844
24971,5,0.6814407520409206
2557,5,1.6704309729812339
3244,5,1.495488431726668
4146,5,1.3191191078313846
13360,5,1.4266280519610657
14443,5,0.8496977522350418
14959,5,0.8350547684989973
15963,5,0.8218247404578797
21002,5,1.0228737157934915
22060,5,0.889647145052694
24108,5,0.7433331259198231
24976,5,0.592500860374159
25654,5,3.4742178991201706
3250,5,1.4143777233202375
4151,5,1.3261261519174636
10313,5,1.3070287246711867
11356,5,1.2990317423944242
12388,5,1.3054375215553937
13365,5,1.3241597147062605
14964,5,0.7222794828769558
15968,5,0.7218009179672705
22065,5,0.7193281503937795
24113,5,0.7641430390564753
24981,5,0.6391862863574189
3254,5,1.2254962017693978
7077,5,1.2169776837551685
10319,5,1.1826868924487264
12393,5,1.1457744246293473
13370,5,1.1510913120472277
18872,5,0.8591505379646196
23118,5,0.7438715728250521
25819,5,2.395506391272454
2406,5,1.1467223548655894
3259,5,1.1589970441332105
4161,5,1.0823695080948046
9472,5,1.106266650679351
10324,5,1.111124411852364
11366,5,1.0858714782370713
12398,5,1.052260901786817
13375,5,1.0472415680092517
14974,5,0.47232946865970393
15978,5,0.5978289054685175
18037,5,0.7485474410434878
18877,5,0.7694993667371399
19944,5,0.6515593055642735
24123,5,0.7474721973790966
24991,5,0.7075875289466486
2411,5,1.0833532118246283
3089,5,1.0792126311269001
6229,5,0.9235228922230997
7087,5,0.950182020741989
9259,5,0.9803366976637128
12403,5,0.8568928307472471
13380,5,1.0445238134308676
14979,5,0.31211783649753805
15983,5,0.564252490887154
17006,5,0.5914464103945442
18042,5,0.6355887576385973
18882,5,0.6719978794568756
22080,5,0.6748735239975557
23337,5,0.7598551250734913
8392,5,0.8436027317634192
9264,5,0.8118183567411552
10334,5,0.7887783049458369
11583,5,0.7406350961024023
12408,5,0.7281497115120421
13200,5,0.9689465815613024
14984,5,0.41541509074047894
15988,5,0.4123621615820611
17011,5,0.5037500946017752
18047,5,0.5456056342912333
24133,5,0.6863574481494213
25002,5,0.6484374110881893
25826,5,0.9570733687743564
7097,5,0.7303941852714869
8179,5,0.7638095168716388
11381,5,0.683174504229674
12413,5,0.7021391154938222
14989,5,0.4653816205670473
15791,5,0.38803085168053647
23138,5,0.8057609736263669
25831,5,0.9548373642038669
1962,5,0.9592240467435605
2426,5,0.9321325621149911
4181,5,0.7433481586850069
6244,5,0.7027227114567145
7318,5,0.7124327055544701
10344,5,0.6579653288477864
11385,5,0.6280154397265445
12417,5,0.6884672391529821
14993,5,0.37746355049243274
17020,5,0.4788864895887007
21036,5,0.6401854780044826
23143,5,1.0338096879227132
2431,5,0.8635904187782881
4186,5,0.7894029453028151
8189,5,0.7329273076031498
9279,5,0.6653460866261519
11391,5,0.6007322932969001
12423,5,0.6045635662316038
14453,5,0.2636869331088243
14998,5,0.419115519249211
21041,5,0.586174215502171
25841,5,0.9486281587699963
1845,5,1.1459029902080513
2436,5,0.974897913984261
4190,5,0.7175407884406296
4985,5,0.6514184575644791
10354,5,0.6260641820986703
11396,5,0.619951776999683
12428,5,0.5945873537845418
14299,5,0.38804419051391087
15003,5,0.2838976099866234
19973,5,0.5936641464123477
21046,5,0.6422104405484781
25021,5,0.8666470407074458
25846,5,0.9484141146303243
2441,5,1.0009993731805498
4010,5,0.7682701707551927
7117,5,0.7397787658020946
8199,5,0.6420861238976662
9289,5,0.6557383377222437
10359,5,0.6033913805929099
12433,5,0.5258796510044118
28001,5,0.24507354799639813
18072,5,0.5067321790435728
18912,5,0.5377767516420637
23158,5,0.38067891989410274
25026,5,0.9069104942962477
25851,5,1.0570701880209241
1741,5,1.1539340704956782
3298,5,0.8246690116900357
4200,5,0.7572714354826517
5203,5,0.6849417405571981
11406,5,0.49779504750489356
13393,5,0.39254288252680547
15013,5,0.4376359722887192
15815,5,0.37200452662441263
17040,5,0.8375577179704522
18917,5,0.9323382020204632
19983,5,0.5865647784446
22115,5,0.28183608024540974
23163,5,0.32358628891705615
24163,5,0.7153650710646725
25031,5,0.8476313517545635
27857,5,1.4347858943888017
2288,5,0.9529702878836289
3303,5,0.9820554312167712
5208,5,0.6553957921764557
7126,5,0.5238347295528011
8209,5,0.6545740495205715
9298,5,0.4099897527250701
27967,5,2.2190602394525016
27981,5,0.7333244722482368
28051,5,1.7134127613184282
16225,5,2.617874256901487
17045,5,1.2523601718391806
18290,5,1.208714432747401
18921,5,1.1285609349458374
21060,5,0.45606447644380277
22118,5,0.4348166571816803
24166,5,0.8898833442561339
25035,5,1.0158134634725131
25860,5,1.3261659679095887
27918,6,0.0039012062745984013
8211,6,0.0035358235911669145
9083,6,0.004996944554871927
28125,6,0.02825510179107013
20418,6,0.03658009427078035
5210,6,0.025549159561424943
6057,6,0.023746380077176166
7130,6,0.016368766807513358
7997,6,0.018442019700043253
9087,6,0.019811753645320805
9948,6,0.015633044228507788
18291,6,0.031030462206915955
18922,6,0.03666117594038623
19776,6,0.04219608000148714
20849,6,0.048774161874202644
21908,6,0.04813896368470358
22958,6,0.053416927447546475
3482,6,0.05795953555546138
4019,6,0.0319713288596778
4798,6,0.02745129038366522
5849,6,0.02089616275904323
7136,6,0.020276346452137446
8002,6,0.02201264409602848
9092,6,0.026402143314441264
10161,6,0.021242360689301864
11204,6,0.009420094517957568
12238,6,0.012909599318576657
16840,6,0.006451600356705748
17874,6,0.014662376533623742
18716,6,0.03921771860312933
19565,6,0.04090175175278425
20854,6,0.0516516914987127
21913,6,0.054409269009435754
22961,6,0.06559121399853002
23977,6,0.03439971568632614
2451,6,0.11436726663829892
3131,6,0.08347026676845248
4023,6,0.06297317620803133
5007,6,0.04108123506288327
5853,6,0.03318765984179117
6925,6,0.03136814671372765
8225,6,0.03428651026439927
9097,6,0.04429708121629002
10167,6,0.04260956118761975
11209,6,0.02771828128324328
12241,6,0.01997392163709929
13218,6,0.012953305320405138
14012,6,0.012129139122369346
15017,6,0.011345453889654744
15821,6,0.01387850484602551
16843,6,0.018186020039393538
17880,6,0.027041338224608344
18932,6,0.05432235729105132
19571,6,0.05782394321044059
20860,6,0.07705056977444814
21918,6,0.07810500623590615
22966,6,0.08443520538213906
23982,6,0.15347738215574622
24699,6,0.23242301092702572
1745,6,0.16426868134586364
2293,6,0.10441494897347722
4028,6,0.04474280465679545
27900,6,0.027709619554210984
8012,6,0.04278374370421157
9102,6,0.025530940301225425
10171,6,0.039642932935230565
12246,6,0.042218381909614765
14017,6,0.017253312113868918
14821,6,0.016915567854170838
15826,6,0.21462757308948036
17677,6,0.03660141225901731
20005,6,0.0698552596273753
21923,6,0.1005645121795382
22971,6,0.09806262887216251
25551,6,0.3356385417348963
1645,6,0.39435669660590145
2298,6,0.015439447225408246
3141,6,0.13551196205016383
5018,6,0.033285687930930646
7150,6,0.12033462983775185
13227,6,0.10099321371547341
14021,6,0.17542055289015362
17890,6,0.13459081111541812
18941,6,0.11468565437169269
21928,6,0.07731483931443761
22976,6,0.0625766629126423
24709,6,0.3504441480483223
2971,6,0.09952573730943526
9111,6,0.32267708522124905
10181,6,0.09344536334333597
12255,6,0.29696381437125086
13232,6,0.4685793736319366
17895,6,0.37939995244952135
18734,6,0.3202715873932566
21932,6,0.1669780030467791
23996,6,0.10164884753531632
24880,6,0.11468375182779851
1279,6,0.4302270607737984
4042,6,0.33503832708204007
5027,6,0.26177531791524306
12260,6,0.3922065625946145
21937,6,0.3172997187190966
28240,6,0.23816913169110357
3155,6,0.2811871094869152
5032,6,0.44038772608423155
6949,6,0.344920011132139
9340,6,0.5843518714256515
28017,6,0.5283308822094996
13243,6,0.4000317414679155
15845,6,0.4946913850421797
19810,6,0.3911680574016387
20883,6,0.4972375603201568
21942,6,0.5272360034520953
24889,6,0.3292290209318974
25731,6,0.45118304846059604
1196,6,0.6859034640592147
4833,6,0.5029439801046216
6096,6,0.4033080775428126
8037,6,0.9110617535679556
9126,6,0.31643459846100824
10197,6,0.652282387009584
14846,6,0.4972836461801027
20888,6,0.615992097900446
6959,6,1.102004024194012
10202,6,1.2059414359289011
13253,6,0.36758135471581294
14851,6,0.43577388236729697
15855,6,0.3871586870182136
20893,6,0.8196605924257708
23000,6,1.001568383004334
26709,6,0.5575580900247028
788,6,0.710620774021942
1206,6,0.30597403291279646
4062,6,0.9254812858660983
8046,6,1.864334933186115
14856,6,0.3314980307523117
15860,6,0.36647014704127656
16883,6,0.4924569804538243
17919,6,0.5978182574667764
21957,6,0.9155805511700069
24021,6,0.9628528309776871
25073,6,1.0216121853115758
6111,6,0.7375388577886128
12284,6,0.2817286056785505
14055,6,0.32536357667559235
18764,6,0.7636746220128784
23010,6,1.0202807232577895
24026,6,1.0601148132735156
25078,6,1.077018600111969
25750,6,1.0460309707155726
520,6,0.7690343032645032
4072,6,1.9279429369578287
6974,6,0.8427418662663101
8274,6,1.4447915157959694
13083,6,0.2921999341791493
14061,6,0.32962247801775985
16893,6,0.4864695404507159
17929,6,0.6273666705835759
20907,6,1.0470161735750216
24031,6,1.0902930160041895
24914,6,1.1294397037139232
25754,6,1.1413466580062517
26724,6,1.0687717967337813
27093,6,1.0508807003475589
464,6,0.5637298345308613
1221,6,0.3953936159712744
1689,6,0.45085244455494294
8061,6,1.1524884881548407
14066,6,0.3119811991064541
15875,6,0.43481482353890316
16898,6,0.5026199604916575
17934,6,0.6629368553894585
19840,6,0.8049522975039838
20913,6,1.04817759432185
21972,6,1.1054255824110242
23020,6,1.0828930648458233
24036,6,1.1166023929028663
305,6,0.7726479054260411
808,6,0.32646225388309896
1317,6,0.39644335882889437
2347,6,0.5690078306249322
3016,6,0.6612467187755493
7200,6,0.9159096489325173
8065,6,1.0571455683884774
14071,6,0.47680901575337076
15880,6,0.5616732071266021
18779,6,0.6280170972427561
19845,6,0.6813855391856379
20918,6,0.8745370148260563
21977,6,1.0594594264745383
24924,6,1.170064306698129
26733,6,1.0061250325686284
259,6,0.6945532237853779
812,6,0.31957793965845893
1231,6,0.37220197777238406
2352,6,0.5569294516975128
5072,6,2.5402940534914245
6131,6,1.5799386058210545
8289,6,1.1299877608815314
9161,6,1.3767261103603374
10231,6,1.167026782385054
15884,6,0.5938504417452551
18784,6,0.7038664705737248
19850,6,0.7705422164592609
21982,6,0.9784595413803345
25098,6,0.8844028926155302
25769,6,0.8762551942190052
26321,6,0.8221245289133717
26739,6,0.8066004720014397
27108,6,0.7420940861503535
266,6,0.9210888222665513
1236,6,0.350938153068179
1704,6,0.39373766517914927
3200,6,0.4141512501173845
5076,6,1.3671615973402675
6994,6,0.6924626864151991
8075,6,0.7319675178003242
9166,6,0.7811451501422739
14886,6,0.5806218433988856
16913,6,0.6860870829667951
21987,6,0.8676971996211998
23035,6,0.9733507835309927
24050,6,1.0980936508940418
25103,6,0.635847021756893
25775,6,0.4836896185805259
270,6,0.8832461299992421
823,6,0.3187708775252592
3204,6,0.27087583503340695
4476,6,1.0136090072958737
8080,6,0.7096223230234985
11283,6,0.9666733055651806
16918,6,0.5569919183510137
18794,6,0.7373361426799336
23040,6,0.6006061569606747
23661,6,0.7830086267900823
25278,6,0.4699691846987374
25780,6,0.45385082408473487
27402,6,0.6042327274018452
27532,6,0.7095779920213161
113,6,1.3303422347813825
229,6,0.8940902117670289
616,6,0.40039788892587874
827,6,0.30458097764954145
1245,6,0.31049887524685177
5086,6,0.39443072709573185
8302,6,0.9834880805689918
11287,6,1.1723631069901448
15899,6,0.595115010692628
17958,6,0.7636094297647775
18799,6,0.7292079905787126
26753,6,0.43685188503237
27122,6,0.4863132821628825
63,6,4.435009992695777
2371,6,0.2922471803318919
4477,6,0.5967340555667849
4881,6,0.5040954372693934
6150,6,0.5321719511996613
12324,6,0.5658607410404018
13301,6,1.0895520478256253
15904,6,0.7419473399900691
16721,6,0.6109621568775955
17963,6,0.489124834001069
19654,6,0.6662275570945456
22002,6,0.7659418300866139
23050,6,0.6789574965229089
25789,6,0.44720467721956175
26758,6,0.3341440275070779
27127,6,0.42132852263569365
44,6,4.428342565909434
238,6,0.5447954510675915
838,6,0.35276935586864167
1255,6,0.2964794879872538
4093,6,0.5253541162816147
6155,6,0.5576796670299055
13307,6,0.7226147059484695
15909,6,0.8245335197597554
16521,6,0.8369067484680294
17968,6,0.7680364644729726
18808,6,0.6200334753761992
21160,6,0.9490947621253341
23055,6,0.8939982578930774
25794,6,0.19929901415357032
26346,6,0.289285326599698
26763,6,0.3788984190206488
27313,6,0.48900408560774866
27723,6,1.050625953667254
16,6,4.477739025827755
503,6,0.37934989588197715
768,6,0.4092597605681469
1728,6,0.29344555699841124
6160,6,0.4637861850897055
9190,6,0.6098497467417817
10260,6,0.8966906914249182
12334,6,0.3591824606695052
15914,6,0.9275948007341641
18813,6,0.8309369716750851
21165,6,0.8682667798892229
23059,6,1.123564100503493
24059,6,0.8118294896447978
24759,6,0.8424996307941031
25943,6,0.2807016366449818
27623,6,0.7773478787245734
27727,6,1.1039030542792456
27795,6,1.8544939064555377
7,6,4.420008166360663
508,6,0.5751541935737495
1266,6,0.49274705080394643
1733,6,0.40305079098962426
2081,6,0.10366855325790976
3377,6,0.45504388113032845
6377,6,0.4454919140495002
10265,6,0.914179747603078
14731,6,0.5638283771489038
15919,6,1.0966303122194911
17355,6,1.0306027326535934
17978,6,0.9198358605302046
19884,6,0.8001578244263388
24932,6,0.7928062357541942
26356,6,0.282157334767123
26773,6,0.3695762160087749
27732,6,1.0224532440996728
27809,6,1.0686047917105579
2,6,4.388279600870704
108,6,3.4874646549289383
852,6,0.6732930108748795
1738,6,0.2512374925108477
3208,6,0.3831899626193748
4107,6,0.37854538333860216
10269,6,0.9357420787020481
12344,6,0.6171488285601936
13322,6,0.7735294968904108
14115,6,0.6321661949442956
17983,6,1.060604609416806
18823,6,0.8208895553401255
20104,6,0.8098815550988923
22231,6,1.5306886275850795
24069,6,0.6367593729635138
24936,6,0.7899770776397802
25631,6,0.741740337491921
26360,6,0.23834896320715696
27147,6,0.6333937529242593
27633,6,0.9239974687720233
6,6,4.415077182004024
112,6,4.331125898174119
258,6,0.5717398964016699
518,6,0.5341342593947773
1275,6,1.5615394817254722
1550,6,0.3125818254644605
2541,6,0.2374308159091192
3213,6,0.24757906099477453
4113,6,0.2181533772522428
4907,6,0.25530716241935325
6176,6,0.1421153045143914
8115,6,0.04858296203768372
8987,6,0.3002658898431362
10275,6,0.6503635228396059
11316,6,0.6197894091462818
13326,6,0.6532703558354986
14120,6,1.4663906863137144
14925,6,0.2906118560469487
17157,6,1.307984977932699
18828,6,0.9556435058744941
23074,6,1.2960330864305976
24074,6,0.6471870316415106
24942,6,0.5241865758543215
25799,6,0.9624440032587213
27818,6,1.626720340690067
860,6,3.5344384983119
27846,6,4.245506640422859
3218,6,0.15635446841171224
4309,6,0.14004208920140737
9428,6,0.08766175489596242
10279,6,0.09739585618168652
12354,6,1.6038982357216145
13331,6,1.6113649690430052
14930,6,1.5674391839087458
16957,6,0.8071895530286454
18834,6,0.7739517972159405
19899,6,0.9399650948867495
22031,6,0.5948265201436466
23079,6,0.2688078704716194
25804,6,0.7089634592125676
26176,6,0.8843246573837653
26787,6,1.4375976100568342
27156,6,1.1142861414416694
27440,6,1.4289501181992654
1841,6,4.3137353448751234
13336,6,1.704688656149925
14130,6,1.6945632921783564
17998,6,0.46326190465283423
18838,6,0.38679972902294885
19904,6,1.6386962427702736
28131,6,1.1611906418350304
23084,6,0.22419209736525014
24952,6,0.39124198362518625
26361,6,0.888497995593912
27869,6,4.322597583980625
2394,6,3.1816735973935866
3228,6,0.9265797291867549
6190,6,0.2165766160367862
7048,6,0.11622241671046088
11331,6,1.6246696021982119
14135,6,0.46570103570359334
15944,6,1.404759131160562
18003,6,2.506068583770808
18843,6,2.621335000914616
24089,6,0.17898123260625584
26274,6,0.9380318680037812
4132,6,0.5774076377262545
5134,6,0.47306031801115483
6195,6,0.5678697282795261
12369,6,0.579572461177468
13346,6,0.4027218879499954
24094,6,0.18108430519714042
28189,6,1.1685755201406771
3235,6,0.6536349034184629
12374,6,0.660151511711997
13351,6,0.470067870154922
15954,6,0.45746854931399783
16977,6,0.40236828854861173
18013,6,0.5142854440665412
22051,6,0.4074385102665458
23099,6,0.36148974798578937
24099,6,0.27292404923837116
24967,6,2.1796475227455554
25483,6,3.4834747701327373
2721,6,0.5767868037961782
4141,6,0.6283312122966533
11346,6,0.7864057131527149
12378,6,0.6869390904861815
13355,6,0.524953544360909
14954,6,0.43341329442878873
15958,6,0.48050081416509133
16981,6,0.4892720729086897
18017,6,0.5819429716811088
23103,6,0.38425951507623984
24103,6,0.33065860584388773
24971,6,0.38265867981944607
2557,6,0.5777611083026739
3244,6,0.7433557637717182
4146,6,0.5857056841203059
12383,6,0.6585048781625568
13360,6,0.7476712888039343
14443,6,0.6575693980470109
14959,6,0.5557819001010638
15963,6,0.5051243178599857
21002,6,0.5125635360934795
22060,6,0.46347073537579875
24108,6,0.42164493692698934
24976,6,0.4996049311097593
25654,6,3.393142178417048
3250,6,0.6876833892417482
12388,6,0.6920864917470225
13365,6,0.7785176692025099
14964,6,0.6072017406989432
15968,6,0.6087900008873814
16991,6,0.6352137912099306
24113,6,0.5231260581858743
24981,6,0.5542645223305225
2401,6,0.47263768127208655
3254,6,0.5086305552153
4156,6,0.46509857017840545
10319,6,0.5820599051915545
12393,6,0.6219945158342994
13370,6,0.5112993711767074
14969,6,0.6863495243073862
15973,6,0.6780747380950004
18872,6,0.7075419560055084
21011,6,0.6924471008673896
23118,6,0.6210262024259318
24118,6,0.57167220034462
25819,6,3.13223368261671
2406,6,0.4235009181794079
3259,6,0.3662166384355012
4161,6,0.34416231471856634
8164,6,0.47197483493784564
9472,6,0.5362417030646314
10324,6,0.5522869130722294
11366,6,0.5390099808262637
12398,6,0.43939587446889916
13375,6,0.2714450771572222
14974,6,0.797660659539524
15978,6,0.792534191111696
18877,6,0.7712098091122287
19944,6,0.8206915983206003
24123,6,0.7054816656888858
24991,6,0.823411977204938
2411,6,0.35345593590839103
3089,6,0.26800031404815305
6229,6,0.3527455596494586
7087,6,0.36669845391200684
9259,6,0.45132223770354574
12403,6,0.09884520975931015
14979,6,0.9437075309229428
15983,6,0.85144032327352
17006,6,0.8394971102321546
18042,6,0.8555261525959516
18882,6,0.8812869886726666
22080,6,0.8530174148565962
23337,6,0.8173994305204666
24128,6,0.7685960984673139
8392,6,0.29218652154670505
9264,6,0.23880130613228887
10334,6,0.15641709778974877
11583,6,0.03974698323001906
12408,6,0.030869218929041528
13200,6,0.5839163289667347
14984,6,0.9870208711692197
15988,6,0.9760960767540717
17011,6,0.9504377858018199
18047,6,0.9886657718293993
24133,6,0.8739870328305496
25002,6,0.9585282200319865
25826,6,1.239695883925047
7097,6,0.2700485341042284
8179,6,0.26858439244675797
10340,6,0.1100859109913619
11381,6,0.1174865239596749
12413,6,0.09090319718236856
14989,6,1.0497746013364957
18892,6,1.0617400303966615
23138,6,0.9615700391971664
25831,6,1.1922357357664564
1962,6,0.19073244496959108
2426,6,0.18565876748347607
4181,6,0.10773615659136487
7318,6,0.16429045736044484
8401,6,0.06926992685571459
11385,6,0.15083632942448388
12417,6,0.36779961934289856
14993,6,1.2465906939025801
17020,6,1.0782966112804244
18897,6,1.0895649411087764
24143,6,1.0280242684365308
25836,6,1.1459189570335422
2431,6,0.12063517559553595
8189,6,0.22367404783851083
11391,6,0.0742284067044581
12423,6,0.11104077063100269
14453,6,1.6538164033766998
14998,6,1.1775981277273797
16003,6,1.1706596910852007
23148,6,1.1215083409086344
25841,6,0.5110500172485735
1845,6,0.3542190090271734
2436,6,0.23244389118420353
4985,6,0.17549135215288278
10354,6,0.3755757653221593
11396,6,0.24296932277958613
12428,6,0.17287072610340387
14299,6,1.8152980974888964
15003,6,1.413039405531363
19119,6,1.2380292404749464
19973,6,1.2359145509562102
21046,6,1.476028234986967
25021,6,1.0599415831732737
25846,6,0.6641396528714826
2441,6,0.44101223102166465
4010,6,0.3429432806181713
7117,6,0.315404200375561
8199,6,0.36172521033225485
9289,6,0.3967877956045686
10359,6,0.3467079875997949
12433,6,0.24389237410944672
28001,6,0.6755280995232311
18072,6,1.324026949926875
18912,6,1.2479274929432573
23158,6,1.578645622097934
25026,6,1.2409003876637341
25851,6,0.8889160743611001
1741,6,0.4719872302050924
3298,6,0.435640474262771
5203,6,0.3073272205996312
11406,6,0.4114674905777321
13393,6,0.39836162810604353
15013,6,1.564170103461696
15815,6,1.4273084263919724
17040,6,1.800454635390365
18917,6,1.9806281780948876
22115,6,1.6461637622475915
23163,6,1.5867927547898368
24163,6,1.4728805104053007
25031,6,1.3516301639591837
25856,6,1.0982092711476161
27857,6,0.6451404662642848
2288,6,0.6728587093349332
3303,6,0.6217024164841337
7126,6,0.4420069234248203
8209,6,0.44747475114496227
9298,6,0.4022434938938527
27967,6,2.0427509778507296
27981,6,0.3293693322681794
28051,6,2.776109218905004
16225,6,3.252164321350485
17045,6,2.359303837213363
18290,6,1.2869292259611842
21060,6,1.594339818799098
22118,6,1.591474663835716
23166,6,1.4823616170605995
24166,6,1.292831001205631
25035,6,0.38378326111030686
25860,6,0.42906338506412184
27918,7,0.017223005514023445
8211,7,0.013795329150364511
9083,7,0.015737528895546773
28125,7,0.011448502641525216
20418,7,0.01726216701612314
5210,7,0.07092303336766914
6057,7,0.061449327970605275
7130,7,0.03816381598479442
7997,7,0.0391534733940335
9087,7,0.030806977334730836
9948,7,0.026301806373529395
18291,7,0.016709597523906213
18922,7,0.01786544199114773
19776,7,0.020037712358290227
20849,7,0.02713572665476093
21908,7,0.02662229526182437
22958,7,0.03246245678840164
3482,7,0.4506936735576107
4019,7,0.16527139677016528
4798,7,0.09917320470223011
5849,7,0.05498467051036393
7136,7,0.04305047375518962
8002,7,0.04379268220924224
9092,7,0.03826968255956406
10161,7,0.031189878812686218
11204,7,0.020579925234071195
12238,7,0.025046209407092453
16840,7,0.011282082743185247
17874,7,0.013614618400126096
18716,7,0.02529181616160216
19565,7,0.021293135204440757
20854,7,0.03368676800678676
21913,7,0.03381500338916774
22961,7,0.04169240279990741
23977,7,0.023580758977606028
2451,7,0.6090624077667102
3131,7,0.6483741738982314
4023,7,0.43314107775817146
5007,7,0.12726189731180218
5853,7,0.07238595390732766
6925,7,0.039325730609915434
8225,7,0.05437902760142539
9097,7,0.05690249074517848
10167,7,0.051032251534275035
11209,7,0.03633915320867288
12241,7,0.029553142383623342
13218,7,0.0231754349318835
14012,7,0.02413262124627316
15017,7,0.02213955734750492
15821,7,0.021940449883000115
16843,7,0.019861672238369335
17880,7,0.0262573678929129
18932,7,0.042004316753468995
19571,7,0.04295698421952682
20860,7,0.059187312267713406
21918,7,0.06072736175720312
22966,7,0.06277713295762206
23982,7,0.16045387425589502
24699,7,0.27008517631444756
1745,7,0.18033738480011074
2293,7,0.7101282068327956
4028,7,0.6892537282789696
27900,7,0.0727541749284187
7146,7,0.18117004096433106
8012,7,0.24195566012472902
9102,7,0.061733633570197136
10171,7,0.09954925080238368
12246,7,0.04365340439864642
14017,7,0.022041758866987057
14821,7,0.023302715169204825
15826,7,0.0661243515864462
17677,7,0.0521575004743498
20005,7,0.055583220361925124
21923,7,0.08266644430453936
22971,7,0.02673681802538157
25551,7,0.3894902471926426
1645,7,0.2132954098076898
2298,7,0.7668463132514116
3141,7,0.8577501714909708
5018,7,0.807965713450107
7150,7,0.2008930711251082
8016,7,0.4366916738866929
10177,7,0.13462683037636247
13227,7,0.05981857575865437
14021,7,0.06019366789857007
16854,7,0.15512126144092322
17890,7,0.10301271905273746
18941,7,0.09078935800381166
21928,7,0.053302874665675924
22976,7,0.196441104527058
9111,7,0.41302243296653673
12255,7,0.02362119961148178
13232,7,0.08084818546093177
17895,7,0.3063705424396045
18734,7,0.34312156757846685
23996,7,0.21932808666424408
24880,7,0.3447027868833707
1279,7,1.0454634714482065
4042,7,0.8301231592636095
5027,7,0.9388062293482863
12260,7,0.12934789569400248
21937,7,0.28507146739146527
3155,7,0.9159457852395866
5032,7,0.8640774468720082
6949,7,0.6675269667826773
9340,7,0.23317478621367954
28017,7,0.2475367921657238
13243,7,0.30945260929431406
15845,7,0.13548735826661729
19810,7,0.2951208114136062
20883,7,0.3096649756615159
24889,7,0.29109426794423204
25731,7,0.431257193007328
1196,7,0.16322017237295355
4833,7,0.7885449867737364
6096,7,0.805566210569306
9126,7,0.8763858554775175
10197,7,0.5157974789492031
14846,7,0.0918909093113277
20888,7,0.2310335000592724
13253,7,0.489928365407363
14851,7,0.07307101165202701
20893,7,0.1640997472448502
23000,7,0.16773932584014054
26709,7,0.7664223838091395
788,7,0.2779631005324191
4062,7,0.5643294533292765
11248,7,0.9935084637585012
14052,7,0.49686295933817665
14856,7,0.26655246283798384
15860,7,0.2248845875373352
16883,7,0.09614355291119056
17919,7,0.030148880431647825
21957,7,0.17736707505601476
24021,7,0.17298016322095602
25073,7,0.17776790985962862
6111,7,0.28312245284776594
7185,7,0.3056917573719297
12284,7,0.9192197877420547
13261,7,0.6987663979086224
14055,7,0.5669849401623891
18764,7,0.08286394868128609
23010,7,0.10514972880951706
24026,7,0.06571804445826167
25078,7,0.12498646948638426
25750,7,0.2080437581428888
520,7,0.6036710775506025
4072,7,0.3493682637045906
6116,7,0.22650546096535173
6974,7,0.12734786575052653
8274,7,0.5572724722199699
11258,7,0.6872824506457276
13083,7,0.3327757246700524
16893,7,0.298521378933077
17929,7,0.14271599265878995
20907,7,0.05655648973184934
24031,7,0.059201746495508085
24914,7,0.0781150157788074
25754,7,0.16241569272727632
26724,7,0.5731733823330505
27093,7,0.5670182284621003
464,7,0.5562560655199285
1221,7,0.22054831623707777
1689,7,0.45250470352656164
8061,7,0.18604509121178905
17934,7,0.22666830972042493
19840,7,0.07851482768302019
21972,7,0.007756946042722354
24036,7,0.059573632557163324
808,7,0.24376507881648915
1317,7,0.2912166567316778
2347,7,0.42082558806798975
3016,7,0.4464856241621856
8065,7,0.4573629436817952
13453,7,0.1862293806607709
14876,7,0.6206149212498444
15880,7,0.34448426658112113
18779,7,0.21878215478747826
19845,7,0.12673420467974322
20918,7,0.10149546262662579
21977,7,0.07281371676915475
24924,7,0.13037812679169877
26316,7,0.31563197107342034
26733,7,0.4319376594388668
259,7,0.18904753473249644
1231,7,0.28707714769623716
1698,7,0.3789237174090566
2352,7,0.4091355874836807
5072,7,0.9096556865879469
6131,7,0.5370372063031074
8289,7,0.5952838352647782
9161,7,0.6655422602086565
10231,7,0.6374945933509906
15884,7,0.4290448561952108
18784,7,0.26386023688352495
19850,7,0.14029920736332524
21982,7,0.03782622675068761
25098,7,0.22207577410309004
25769,7,0.28289679350205976
27108,7,0.4671168243402708
266,7,0.3312713966348155
1236,7,0.3085334933344894
1704,7,0.3963887629329162
2357,7,0.3935438988162696
3200,7,0.5302147948188676
4281,7,0.6888384222982126
5076,7,0.7430073984881321
6994,7,0.4269453679536844
8075,7,0.4418787156386368
9166,7,0.5308862497934786
11277,7,0.5607144667447718
14886,7,0.39750597991853
16913,7,0.35227626720438887
21987,7,0.09387594700704298
23035,7,0.0457104141287526
25103,7,0.17737551633148735
25775,7,0.3659827700393808
270,7,0.30249062124072684
823,7,0.2840081003033716
4476,7,0.6198067714840103
8080,7,0.5919777104555002
11283,7,0.7723365856273148
16918,7,0.5399246306509264
18794,7,0.18514315363835387
23040,7,0.19052629511907077
25278,7,0.2001130347308112
27532,7,0.6850589257283338
113,7,0.1920788504513868
616,7,0.4004947416774218
827,7,0.40116444085741465
1245,7,0.4607143578306848
5086,7,1.1338769895525338
8302,7,0.7899853031796216
11287,7,0.7448424778135829
15899,7,0.36946171481847073
17958,7,0.2238954951346597
18799,7,0.2261197595851126
26753,7,0.4775767305737148
63,7,0.23552572053903842
832,7,0.5903322541906141
2371,7,0.6269983323744146
4477,7,1.0983638544205
4881,7,1.119846629193167
6150,7,1.1343862109290188
9180,7,1.0675205018801615
12324,7,1.089925241294744
13301,7,1.3996274581905235
15904,7,0.22443013037825046
16721,7,0.2175817404814042
17963,7,0.4382626207724591
19654,7,0.05599226449560772
20942,7,0.0865024907441841
22002,7,0.2816359955689553
23050,7,0.4389192779290106
25789,7,0.2503196880984846
26341,7,0.36532674251568426
26758,7,0.46083573931444766
27127,7,0.5068839291727798
44,7,1.5839136813111843
238,7,0.6879390982593343
838,7,0.6919258725003025
1255,7,0.5557665688181155
4093,7,1.101722569046051
6155,7,1.1995368502447554
11711,7,0.8208981961489028
13307,7,1.1098817034797552
15909,7,0.06570127885158651
16521,7,0.18607161745605494
23055,7,0.3045393433943987
25794,7,0.17075360678422266
26346,7,0.29043923722261555
27313,7,0.5034601025838812
27723,7,1.2929791752699202
16,7,3.6970919014889776
768,7,0.7332628587196854
1728,7,0.7202650856908143
2381,7,0.8508462788177328
6160,7,1.093827696812042
9190,7,1.0558357293410405
10260,7,0.90067254231624
15914,7,0.15560310857882872
21165,7,0.13025938225337397
23059,7,0.1088740807592227
24059,7,0.30232791269281395
24759,7,0.18420164653929527
25943,7,0.19597944615748397
26352,7,0.2318985809530627
27623,7,0.7234495641244577
27727,7,0.8213157309225656
27795,7,2.5641835067317484
7,7,4.03802698862297
248,7,1.4095934399327108
508,7,0.9470238423071595
1266,7,0.8164875940503259
1733,7,0.8736379442656678
2081,7,0.8675098145163838
3377,7,1.0699424973154839
6377,7,1.0485126723037752
10265,7,0.9269368329890038
12339,7,0.5675843212814587
14731,7,1.7627640766980068
15919,7,0.19198886544666674
17355,7,0.22718812628405005
17978,7,0.29709836178003596
18818,7,0.3453807838405732
20957,7,0.21714705006165227
24932,7,0.2222065238166419
26356,7,0.25828028236744516
26773,7,0.3737359834013211
27732,7,0.9205023584147676
27809,7,2.488630796326472
2,7,4.032653967380846
852,7,0.966336393120458
1738,7,0.9517621451652488
3208,7,1.102396386278653
4107,7,1.1478835618525796
10269,7,0.8995582295095864
11312,7,0.8462902469950694
12344,7,0.46482713099561473
13322,7,0.5003171229071892
14115,7,0.5247700298032321
17983,7,0.23442294938183675
18823,7,0.2882362852601147
20104,7,0.2340508140508216
24069,7,0.22596797852909448
24936,7,0.2776082045415389
25631,7,0.31238881448358286
26360,7,0.3507844250509275
27147,7,0.6066300402884804
27633,7,0.8395669481475326
27814,7,1.1747384791612934
6,7,4.13318823465448
112,7,2.846096638343434
258,7,1.0271329922505354
518,7,1.177565777672794
1275,7,0.32131742340323977
1550,7,0.9386891004848481
2541,7,0.8241790052625552
3213,7,1.0777788310076546
4113,7,0.9962897208159754
4907,7,1.0007478085560175
6176,7,0.7064053668493772
8987,7,0.6263615436606668
10275,7,0.6769347633622022
11316,7,0.5677682798377094
13326,7,0.5536875765056567
14120,7,1.6083354847287694
17157,7,0.2762792079842892
24074,7,0.3527250962710446
24942,7,0.2120610554924134
25799,7,0.46614502872952446
27818,7,1.1514345384499982
27846,7,4.352647416383854
3218,7,0.9260951585538277
4309,7,0.782993085367707
9428,7,0.5726192709092917
10279,7,0.61940102672001
14930,7,1.4598373951823957
16957,7,0.19737847058674873
17993,7,0.46446141355820497
18834,7,0.2410402741764729
22031,7,0.47023866530323566
23079,7,0.7034767011999147
25804,7,0.5139913337874416
26176,7,0.6160258843333959
26787,7,1.1173565419915403
27156,7,0.8995839825506292
27440,7,1.305346713711249
1841,7,4.240535062598339
6399,7,0.5965656119878716
13336,7,1.9110147248357587
17998,7,0.36091968656333373
18838,7,0.29884581645104746
28131,7,1.2033607717820178
23084,7,0.5580623252866289
24084,7,0.34237449536823117
24952,7,0.23679241444417695
26361,7,0.771687303671211
27869,7,4.279285285740986
2394,7,2.464090479903902
3228,7,0.714707180918465
7048,7,0.4819897951799118
10290,7,1.760929304120536
11331,7,1.851355786989118
14135,7,0.46414731311936164
16967,7,1.5644326969384963
18003,7,2.300516458735062
18843,7,2.214392679044551
24089,7,0.06164531401621586
26274,7,0.5507608861892144
4132,7,0.21984580887162194
6195,7,0.5260096404735738
8134,7,1.4057796953073396
11336,7,0.63768293869003
12369,7,0.43827715405428364
13346,7,0.4338345005503926
23094,7,1.0020020762516992
24094,7,1.2077930842511866
24962,7,2.7261600656727905
28189,7,1.2369303582177158
3235,7,0.3424610950929477
4137,7,0.23726146260091416
8141,7,0.33457718557462385
12374,7,0.4986664008863004
13351,7,0.4103829114790969
15954,7,1.0977475436491417
16977,7,1.044891139609547
18013,7,0.9328464037657112
23099,7,1.1231209711282804
24099,7,1.2854361359476651
24967,7,1.950188452871596
25483,7,3.0904607042960404
2721,7,0.27067415877018397
4141,7,0.2611015256559306
5992,7,0.23053314270142775
11346,7,0.544980022419305
12378,7,0.5039704967425733
13355,7,0.4356253082645187
15958,7,1.113519263405164
16981,7,1.0778429087217791
22055,7,1.0680760977872799
23103,7,1.2470375021381979
24103,7,1.2651170565519996
25487,7,3.0933537773784985
2557,7,0.07935655519191151
3244,7,0.19829938831184088
4146,7,0.2636121605224223
4941,7,0.23974367266567026
9239,7,0.42414830619992694
11351,7,0.493652917307964
13360,7,0.6106150544472171
14959,7,0.5779767512806412
15963,7,0.972469910037236
18022,7,1.0056965372959168
18862,7,0.9940113729702216
21002,7,1.1401067989942544
22060,7,1.2133795868824895
24108,7,1.2307674753572195
24976,7,1.1671529503429308
25654,7,3.2310660749171105
3250,7,0.2355124780207803
5154,7,0.2593738922844403
6214,7,0.21717708305348243
12388,7,0.5771881736792065
13365,7,0.8677611179926163
21006,7,1.2194732612338104
24113,7,1.2916023233499585
24981,7,1.2259765175062431
2401,7,0.3896859477450623
3254,7,0.33943866514544946
4156,7,0.30124782947868084
5159,7,0.29531215270832833
11361,7,0.5260220980891942
12393,7,0.4357925393063437
13370,7,0.357617492000393
14452,7,0.8140646565388268
14969,7,1.0191190085977426
15973,7,1.0737955905393968
18872,7,1.1982887538490226
19938,7,1.2462121473863592
23118,7,1.234004412344666
24118,7,1.2719025777652107
24986,7,1.1909585200058848
25819,7,3.285462143603463
2406,7,0.4197780756897761
3259,7,0.4392911616500723
4161,7,0.4445776234786568
7082,7,0.43911090632758804
8164,7,0.4116876306348775
10324,7,0.4654424908171371
11366,7,0.43629829712780105
12398,7,0.27732320900797786
14974,7,1.0584259401989282
15978,7,1.0992041843606335
18877,7,1.2352133013561863
19944,7,1.2759659233409446
23123,7,1.3068940606523687
24123,7,1.2744846488361443
24991,7,1.259449804183355
3089,7,0.49077606238458177
6229,7,0.49357964353804007
7087,7,0.5093357238259252
9259,7,0.3909973646608526
12403,7,0.3235054302630531
14979,7,1.02543030651264
15983,7,1.101219316638499
17006,7,1.1570077818380615
18042,7,1.2037400065954018
18882,7,1.259287965679231
22080,7,1.3103626119653446
23337,7,1.2871715991781927
24128,7,1.2870816268178904
25673,7,1.0056675894673628
2416,7,0.5083220600434614
3269,7,0.4953107094024918
4171,7,0.4492132741686874
8392,7,0.35408810685217734
9264,7,0.33063177134676663
10334,7,0.31496525394384417
11583,7,0.37014576014350054
12408,7,0.37704435212704945
13200,7,0.16956370455791184
14984,7,0.9559424785712738
17011,7,1.17987226736915
18047,7,1.2198602932793023
25002,7,1.264366364178535
25826,7,0.6214985229862181
8179,7,0.32517116044215616
10340,7,0.38614368818925204
11381,7,0.3947872339537946
12413,7,0.32559843126654325
14989,7,1.0252883916908662
17016,7,1.2161118566026061
23138,7,1.3655978934637407
25831,7,0.540389025843443
1962,7,0.718721055815855
2426,7,0.5223247445251502
4181,7,0.5266755088753962
5184,7,0.5058706170403493
7318,7,0.3566907452144055
11385,7,0.4272274065048122
12417,7,0.23984117382502163
14993,7,1.3336554046257023
17020,7,1.2697607832021
18897,7,1.2765943165499236
25011,7,1.2506242592241272
25836,7,0.6344774985395439
2431,7,0.6171001079137783
7107,7,0.43152342701319024
12423,7,0.16884245127047226
14453,7,0.27238406181383473
14998,7,1.2772269299071117
23148,7,1.6481250552153897
25016,7,1.2741724190756722
25841,7,0.9414052841500283
1845,7,0.8199548542023986
2436,7,0.6914601950812873
10354,7,0.3436577778977325
11396,7,0.2283425042684485
12428,7,0.21279795172685287
14299,7,0.9100624386857222
15003,7,1.4710660296946005
15806,7,1.4723865537469794
19119,7,1.3818413404910739
19973,7,1.324472930063205
21046,7,1.6099055826047861
25021,7,1.320565225295665
25846,7,0.9867831441675151
2441,7,0.7221527479066033
4010,7,0.5716728927984115
4990,7,0.5533374395176186
7117,7,0.46745186198709504
9289,7,0.3438303684446164
12433,7,0.14709466267481863
28001,7,0.0972207620495709
18072,7,1.4234261339044112
18912,7,1.4132681531142375
23158,7,1.7670857364651953
24158,7,1.692719113271636
25026,7,1.3479540583340013
25851,7,1.1143936804794037
1741,7,0.7534273839524437
9294,7,0.31549428609143176
11406,7,0.09270099566669154
12438,7,0.06086450114901338
13393,7,1.2790502972989417
15013,7,1.4462350533617507
17040,7,1.5107901278627054
18077,7,1.7663100107296754
18917,7,1.6043603368647839
22115,7,1.7036475782951952
24163,7,1.5389762322354952
25031,7,1.3081046378346406
25856,7,1.0328949324692367
27857,7,1.3759149859856863
2288,7,0.9621327712297948
3303,7,0.6986000000099938
7126,7,0.4591069043733646
8209,7,0.40150984433095976
9298,7,0.34468458303253396
27967,7,2.972600499858753
27981,7,2.068876170995138
28051,7,3.7046288853457274
16225,7,3.733185589291157
17045,7,3.7236284849280907
18290,7,3.521997951234606
21060,7,1.5423637698638621
22118,7,1.5654655037762062
23166,7,1.3031338382925663
24166,7,0.45915568857551514
25035,7,1.076204327134241
25860,7,0.6041822165236618
27918,8,0.008717474839804359
8211,8,0.007101586512759847
9083,8,0.006450344632878305
28125,8,0.012637975955529991
20418,8,0.015508930263449933
5210,8,0.08947202041588757
6057,8,0.06200407896612898
7130,8,0.03536499319697814
7997,8,0.03529811359663304
9087,8,0.023844211134593472
9948,8,0.019199231533711895
18291,8,0.015114992684276156
18922,8,0.017358976696267393
19776,8,0.01797929602000504
20849,8,0.02432566589858947
21908,8,0.020141768188818337
22958,8,0.016843686591110688
3482,8,0.4660585944539345
4019,8,0.2564398488863164
4798,8,0.16278175352022572
5849,8,0.050237401226809586
7136,8,0.038170182206508446
8002,8,0.03837376460997364
9092,8,0.0294321043513887
10161,8,0.023041448359256016
11204,8,0.01906287978609927
12238,8,0.023597116802982217
16840,8,0.00293100059409695
17874,8,0.012501076525368578
18716,8,0.022694969586960732
19565,8,0.017875330862091532
20854,8,0.026381751750207582
21913,8,0.024777507167926694
22961,8,0.02237156403812924
23977,8,0.017317753416777007
2451,8,0.5542201432096007
3131,8,0.6253739884611614
4023,8,0.5039629863100282
5007,8,0.18406078585733307
5853,8,0.06418660706823806
6925,8,0.049029345538173355
8225,8,0.046983952443254796
9097,8,0.04223048638128028
10167,8,0.03821987411464686
11209,8,0.028698801301431095
12241,8,0.025829829799082823
13218,8,0.020546553175472465
14012,8,0.021432467343252232
15017,8,0.02006316205491915
15821,8,0.015918942179834833
16843,8,0.009866805175922897
17880,8,0.017906479134773737
18932,8,0.02142277465361022
19571,8,0.020144593180744488
20860,8,0.024255770712080547
21918,8,0.024168760608923923
22966,8,0.014917764739851992
23982,8,0.11057690472274924
24699,8,0.22142829156275506
1745,8,0.17134697196706947
2293,8,0.5703136935520524
3135,8,0.6747544851723591
4028,8,0.6620717437529802
27900,8,0.04308730964733523
7146,8,0.19614176136233538
8012,8,0.3182577634480331
10171,8,0.049057380393466764
12246,8,0.034614850334200774
14017,8,0.0817056711950824
14821,8,0.021223400767658298
15826,8,0.060468291329041426
17677,8,0.021138563323073043
20005,8,0.020294002254650684
21923,8,0.02969647720622187
22971,8,0.011930563906448245
25551,8,0.3013321008729931
1645,8,0.06440547258341699
2298,8,0.4997755256913552
3141,8,0.6165335543577576
5018,8,0.6697966523085808
7150,8,0.10672705636315512
8016,8,0.21845585098072481
9325,8,0.35894429668838884
10177,8,0.2387548206363574
13227,8,0.05106092360312643
14021,8,0.07801188661069108
16854,8,0.06786327707915497
17890,8,0.06568666757433936
18941,8,0.06518423922658337
21928,8,0.019184625601386368
22976,8,0.328237191017989
23991,8,0.3422293289126115
9111,8,0.35476758218056004
12255,8,0.0558143591184991
13232,8,0.03536787246324443
17895,8,0.11635742834900872
18734,8,0.06696965124634373
23996,8,0.28974902483394716
24880,8,0.31716187282808267
1279,8,0.9790436210099978
4042,8,0.26662939651285283
5027,8,0.41521114263880465
11228,8,0.3837882843966944
12260,8,0.1190816040004906
13237,8,0.10530956768718534
21937,8,0.31900610805286855
26278,8,0.45235722948320806
3155,8,0.16351575325113984
5032,8,0.23509357227309674
6949,8,0.5821311947498354
9340,8,0.21890880666673176
11233,8,0.05638725605795296
28017,8,0.3620017940622132
13243,8,0.136633134219434
15845,8,0.07893096390654107
19810,8,0.24033516024043122
24889,8,0.3570289498052945
25731,8,0.46822480295644675
1196,8,0.5685715874436036
4833,8,0.14049232702189746
6096,8,0.37699672316699007
9126,8,0.9505801519465664
10197,8,0.6529860705631837
14846,8,0.036612783609017
16667,8,0.30017612838977364
20888,8,0.22933999966570465
25735,8,0.4939498532539695
13253,8,0.29393631838888584
14047,8,0.19549817831779845
14851,8,0.037250893895040396
20893,8,0.261930643799996
23000,8,0.43542844098317396
26293,8,0.5991057193083241
26709,8,0.6115813898377699
788,8,0.6209083251046503
4062,8,0.31142941450353556
14856,8,0.18359316488327437
15860,8,0.1787592320614497
16883,8,0.33532412302546727
17919,8,0.31825992547022275
21957,8,0.3506149817718393
24021,8,0.5342240520770534
25073,8,0.5712468869668015
1121,8,0.8523053805674642
6111,8,0.48413388331105345
12284,8,0.7291537173644125
13261,8,0.2510238439467171
14055,8,0.25071582496712697
18764,8,0.24467568751667954
23010,8,0.500948583272368
24026,8,0.6098456607066269
25078,8,0.6871327235038374
25750,8,0.6886829991266982
520,8,0.462299769880717
4072,8,0.9975267362544686
6974,8,0.6240834195852383
8274,8,0.9870560594463333
11258,8,0.5670508635155305
13083,8,0.1945657151335424
16893,8,0.053697658140854525
17929,8,0.15140239182936405
24031,8,0.6511850415894166
24914,8,0.7316395308070968
25754,8,0.7719891133771377
26724,8,0.8128543526197599
27093,8,0.8714562990468561
464,8,0.6619531045324712
1221,8,0.948057368704763
2342,8,1.0597188151323687
8061,8,0.8838567943969938
14871,8,0.18495047983133756
17934,8,0.336007834421723
19840,8,0.2757262530997078
21972,8,0.4582558330424965
24036,8,0.6568259564106899
25760,8,0.8458784499034402
808,8,1.0866066049276577
1317,8,1.0318219965809543
2347,8,1.2095820985422954
3016,8,1.4398062306399928
12300,8,0.3799640470072992
13453,8,0.39371571138500033
14876,8,0.1713501196992144
15880,8,0.11216246637322584
18779,8,0.36891757483631626
19845,8,0.42775647807120853
20918,8,0.42848856399249646
21977,8,0.5507870868377435
24924,8,0.8726771746555462
26316,8,1.01959728452952
26733,8,1.084342707370388
259,8,1.6799447114499302
1231,8,1.1964836428776338
1698,8,1.066872064391963
2352,8,1.373505632371198
3195,8,1.6525855813684065
5072,8,1.737993425877476
6131,8,0.9856309901077448
8289,8,1.217790224125039
9161,8,1.3575645733457191
12305,8,0.17748264576746764
15884,8,0.06924871775075177
18784,8,0.3986147311327716
19850,8,0.4446705686430694
21982,8,0.6169293251174142
23030,8,0.7202509887749134
24046,8,0.7409318399948319
25098,8,0.9082510138404163
25769,8,1.0532655284757404
27108,8,1.189927667331359
1236,8,1.2912676086730301
1704,8,1.0760728130264232
5076,8,1.7481137876574588
6994,8,0.9946398742206836
8075,8,0.9480286579222557
9166,8,1.0652098361495115
14886,8,0.4425187034959641
16913,8,0.09473984439599054
20069,8,0.45379644142369796
21987,8,0.683026905342653
23035,8,0.74356458419634
25103,8,0.9636472332214819
25775,8,1.1456197487012618
27397,8,1.2884991895625677
270,8,2.256032217933389
823,8,1.4568374732900693
4476,8,1.5191697956935812
8080,8,1.1512730553339277
10449,8,1.1249916428463163
11283,8,0.820416992285027
14086,8,0.49781707090506183
16918,8,0.0568683517854547
25278,8,1.161374247937045
27532,8,1.4351495516294048
616,8,1.5267872757292438
827,8,1.5214339233599026
1245,8,1.4434085758585309
5086,8,1.227911473160544
8302,8,1.2893076190615622
11287,8,1.1546325989226978
13113,8,0.7666081782971864
15899,8,0.3513515713023849
17958,8,0.2037315871754251
18799,8,0.25247823054170765
20937,8,0.44590200994572254
26753,8,1.3923443910826483
63,8,2.9980530000856156
1250,8,1.5599374667193135
1718,8,1.6610543891256435
4477,8,1.0665330085335267
4881,8,1.109521484431408
6150,8,1.1803108186737916
9180,8,0.8531385580756102
13301,8,0.8923623504433879
15904,8,0.4949977595462648
16721,8,0.12625870518526222
19654,8,0.2968989126221642
22002,8,0.5985283777602092
25789,8,1.423021908175751
26758,8,1.4514635416730999
27127,8,1.5641183002301773
27411,8,1.6662898612259835
44,8,3.728974411250947
238,8,1.714096039105088
838,8,1.6681055095248947
4093,8,1.0629719456777367
4886,8,1.1300271960610149
11711,8,0.9923720134539055
15909,8,0.6479873357128242
16521,8,0.5587947931997858
23055,8,0.757240207935776
25794,8,1.280059042151193
26346,8,1.598358169040386
27313,8,1.7153530767901233
27723,8,1.8256203686495542
16,8,3.9777805421151347
768,8,1.6279427250985716
1728,8,1.9001330671739012
6160,8,1.2597029967441296
7451,8,1.112268032039054
9190,8,1.0255013119284193
10260,8,1.1671482062743956
15914,8,0.6242563260342804
21165,8,0.5558523216050263
23059,8,0.6884040545470903
24059,8,0.9664457376402215
24759,8,0.9735476831727606
25943,8,1.0642589226721784
26352,8,1.7467730812380369
27468,8,1.8846566570662564
27623,8,1.7774162358164358
27727,8,1.7590487593967996
27795,8,1.9634414499491526
7,8,3.944733024674891
508,8,0.8650125192074979
1266,8,1.118124461494058
1733,8,1.1248105526826437
2081,8,1.0347777672925784
3377,8,1.0954341915664099
6377,8,1.2753112525834889
10265,8,1.1836180130742393
12339,8,1.179660955454776
15919,8,0.37327767907502957
17355,8,0.845889398302975
17978,8,0.9948915482758973
24064,8,0.8617237505725325
24932,8,0.9808120987411292
26356,8,1.1778341734014763
26773,8,1.8983814592548873
27628,8,1.9758135939482218
27732,8,1.8202914699430226
27809,8,2.036784654962283
2,8,4.006138180175397
852,8,1.0962141067834
1738,8,1.0890171908353865
3208,8,1.1708027023637229
4107,8,1.1929774320396054
5744,8,1.2028248464339026
10269,8,1.2810948679305032
11312,8,1.3036651014555443
13322,8,1.238297410081102
14115,8,1.0802198251127957
17153,8,0.7907677074612036
20104,8,0.8066952372161966
24069,8,0.8859118168283666
24936,8,1.0739633690390604
26360,8,1.4056371464216686
27147,8,1.9697888075125625
27633,8,2.1053071590089374
27814,8,1.965307544134062
6,8,4.0722832179408535
112,8,4.242390969504393
258,8,1.628103366680857
518,8,1.139759964363026
1275,8,1.3427345432565279
2541,8,1.1526083530332456
3213,8,1.2564918597788686
4113,8,1.2983936868209782
6176,8,1.4438549070793678
7033,8,1.52262321280166
8987,8,1.2323427156208608
10275,8,1.2534193607134754
11316,8,1.2145308108106248
13326,8,0.8241671078432531
14120,8,0.7889617292493464
17157,8,0.8286022747991024
24074,8,0.9472808710081466
24942,8,1.25830143570257
25799,8,1.2827827558919949
26534,8,1.7140135393667384
27818,8,2.084940504564421
27846,8,4.29406061303856
3218,8,1.3781696137374004
9428,8,1.3480249908961306
10279,8,1.209241560238511
14930,8,0.9914801280698496
16957,8,0.28456771660966074
17993,8,1.1146526693959313
18834,8,1.1946537677887188
22031,8,1.2393247322005456
23079,8,1.568332243126042
25804,8,1.420238701933648
26176,8,1.9101121721621224
26787,8,2.279123907689978
27156,8,2.3001655121281575
27440,8,2.3420905741090263
1841,8,4.122064715660036
3223,8,1.4541331575559935
12359,8,1.1062525685388098
13336,8,0.8511916501469674
18838,8,0.7107680534606619
22036,8,1.5869026003301954
23084,8,1.664851951319283
24084,8,1.5071209948599782
24952,8,1.3487821388263308
26361,8,1.4221106225133977
27869,8,4.134606890829729
2394,8,3.8386075152818186
4127,8,1.3337139109955218
7048,8,1.7075423910032534
10290,8,1.2940610339372831
11331,8,1.2665695264017929
14135,8,1.0602294748340755
18843,8,2.0511398757837127
24089,8,1.4837396056314562
26274,8,1.5330264919269496
6195,8,1.2644499905275837
8134,8,1.2747109642693648
11336,8,1.8353416222181131
13346,8,1.2931144505868015
14945,8,0.9255282870602034
19913,8,0.7477087790662995
24094,8,0.8798942751216233
28189,8,1.5682785135404023
3235,8,1.6614968025454673
5140,8,1.9200277840803646
8141,8,1.9850008229255571
12374,8,1.8574069502527168
13351,8,1.5538181764218355
15954,8,0.6656606727146379
16977,8,0.6611897563287763
18013,8,0.6964925741760463
23099,8,0.7918710561602708
24099,8,0.8809840083225949
24967,8,1.2067880160696922
25483,8,3.007435967781882
2721,8,1.6568604334762762
4141,8,1.8669115354895083
5992,8,1.9254754520702018
10305,8,1.944560031846465
12378,8,1.8523016787717896
15958,8,0.6279151410754258
20996,8,0.6225100566665184
22055,8,0.7242868887257788
23103,8,0.8293529197948214
24103,8,0.873168977463496
25487,8,2.477249463897562
2557,8,2.1718910807884924
3244,8,1.677825413972981
4146,8,1.8224310346659995
4941,8,1.8248904906936563
9239,8,1.9197949833553005
11351,8,1.9081402944623636
13360,8,1.4812144559834142
14959,8,0.6806883933741896
15963,8,0.6341962774941471
18022,8,0.5947147553460133
18862,8,0.5678674019185392
21002,8,0.7288204588510074
22060,8,0.7455719760136101
24108,8,0.8720650899428103
24976,8,0.9752884759061261
25654,8,3.157606173686468
2396,8,2.155356673416313
3250,8,1.723871085604352
6214,8,1.8461121399830442
8154,8,1.8499882473523472
11356,8,1.875922306208139
12388,8,1.827735761052561
13365,8,1.1400845768201293
21006,8,0.726712688072855
24981,8,0.9498960445428352
2401,8,1.8583620664501608
3254,8,1.795827073411566
4156,8,1.798224550585837
5159,8,1.779802873817007
12393,8,1.8057201441037174
13370,8,1.077753241339104
14969,8,0.5663356928706301
15973,8,0.6198366226318804
23118,8,0.8124345759807866
24118,8,0.8609887977844636
24986,8,0.9901778169167649
25819,8,2.21042224972021
2406,8,1.7811953284384647
4161,8,1.7617722082351148
7082,8,1.7037677322806202
8164,8,1.7407114117611397
10324,8,1.8205501971299893
11366,8,1.8249101614793308
12398,8,1.6726141573512558
14974,8,0.5324350669065244
15978,8,0.5511109273376141
18877,8,0.5707170018956069
19944,8,0.6559361627925836
23123,8,0.8065863092384904
24123,8,0.8443001004573879
24991,8,0.9766682996833097
3089,8,1.719660727822017
4166,8,1.7280466354719295
6229,8,1.6671676068956731
7087,8,1.6796058612011402
9259,8,1.7348430259108698
11371,8,1.5306609925415722
13380,8,1.006824594463233
14979,8,0.5049634217398472
15983,8,0.44435562227069775
18042,8,0.5238577141732577
18882,8,0.5936145418913302
22080,8,0.7418667704706192
23337,8,0.8066607184906736
24128,8,0.8335001987097811
2416,8,1.6417892919693664
3269,8,1.6762918217315481
8392,8,1.6849177018627843
10334,8,1.5443219003976612
11583,8,1.4349459627241021
12408,8,1.4114861966511234
13200,8,1.2038112335774511
14984,8,0.4974371512266032
18047,8,0.5302305329478241
23133,8,0.7839110594645082
25002,8,1.0640725437607315
25826,8,1.1147559907752975
2421,8,1.557802345736707
8179,8,1.6085400138493287
10340,8,1.424212758466337
11381,8,1.4233941988738679
12413,8,1.4692808387392045
14989,8,0.5356817487370911
21031,8,0.673363602859877
25006,8,1.027393592033831
25831,8,1.124446189845007
1962,8,1.9084559067709277
2426,8,1.5672421327259556
4181,8,1.6239915956591728
5184,8,1.6165043159213
7318,8,1.5790675062702464
10344,8,1.3946624010933664
11385,8,1.4293831583416339
12417,8,1.5482450501843288
14993,8,0.4119009976892901
18897,8,0.5998691235313659
21036,8,0.7101453274534764
23143,8,0.9132601170624001
25011,8,0.9815351679281793
25836,8,1.142182939358596
2431,8,1.390989545991425
5189,8,1.6046873913581687
7107,8,1.5125516492520044
9279,8,1.416381540795255
12423,8,1.6471047162747805
14453,8,0.5704983689139199
14998,8,0.4256440370354297
21041,8,0.7366245072751301
25016,8,1.0119393805307741
25841,8,1.1121304639776826
1845,8,2.5927610636967873
2436,8,1.2913391890086605
9502,8,1.4035988373101795
10354,8,1.4112086249352978
11396,8,1.526109726299061
12428,8,1.5914287860081693
14299,8,0.5310158607146224
15003,8,0.39268500733641004
19119,8,0.5815429157806388
19973,8,0.6703409717363055
21046,8,0.6763879898117902
25021,8,0.9797604828284482
25846,8,0.9637166413710654
2441,8,1.2579704451160227
4010,8,1.4306570351443395
4990,8,1.4749809290616607
7117,8,1.4274240933957654
11401,8,1.5059242749404549
12433,8,1.513845258189133
28001,8,1.5221510691415354
15008,8,0.37994754240708967
18072,8,0.5102850267143789
18912,8,0.5873486611381256
24158,8,0.8182036231552842
25026,8,1.0267045698416877
25851,8,1.048923840742931
1741,8,3.432053956548213
11406,8,1.493522475340656
12438,8,1.5617510344468
13393,8,2.2530801980598674
15013,8,2.207018683882265
17040,8,0.43598819291572694
18077,8,0.4385090611437819
18917,8,0.4594671338987233
22115,8,0.713821719114774
24163,8,0.8844674608283146
25031,8,0.9157310655833485
27857,8,3.5052597889472037
2288,8,1.0889793074929286
3303,8,1.2032518242687658
4205,8,1.3055987955881232
5208,8,1.355650349923039
7126,8,1.4650443503940387
8209,8,1.4982910713917883
9298,8,1.4931121899839659
27967,8,2.5359064147057637
27981,8,2.653402245174428
28051,8,3.780233495931784
16225,8,3.899484827310408
18290,8,3.677950933260077
18921,8,3.259310653751374
21060,8,0.660794499152426
22118,8,0.6781922550167281
23166,8,0.746146562793131
24166,8,1.0129377469581249
25035,8,2.336872839546856
25860,8,1.295083344849715
27918,9,0.00553100583096245
8211,9,0.003147280865784157
9083,9,0.0037387771021216228
28125,9,0.03828117667829871
20418,9,0.0495495630646824
5210,9,0.11391990532877297
6057,9,0.05602379546891732
7130,9,0.03355891574147041
7997,9,0.033405489438262485
9087,9,0.018298549124079442
9948,9,0.010182017323303372
18291,9,0.04658527466904207
18922,9,0.055252136373592525
19776,9,0.06152280094142424
20849,9,0.0722417428864157
21908,9,0.06983011189439287
22958,9,0.0731777412723909
3482,9,0.8490068134244668
4019,9,0.4892089110047372
4798,9,0.3237670873623764
5849,9,0.048714002463091724
7136,9,0.0366919944027202
8002,9,0.036009281272777825
9092,9,0.024203267348437345
10161,9,0.015241667526071038
11204,9,0.013612571332431973
12238,9,0.020386005173037288
16840,9,0.026042625109490822
17874,9,0.03540835471259264
18716,9,0.06263835837206518
19565,9,0.06169347942701124
20854,9,0.07758218492637523
21913,9,0.07902345412776031
22961,9,0.08563708598207435
23977,9,0.05418791521030736
2451,9,0.8878329047164285
3131,9,1.1017437746614247
4023,9,0.98168977553855
5007,9,0.44155867435739937
5853,9,0.06846130281971181
6925,9,0.1056544780346044
8225,9,0.055337312542777774
9097,9,0.0415112823322399
10167,9,0.035992100347682014
11209,9,0.03216264703738906
12241,9,0.030131251504559847
13218,9,0.022292078367458317
14012,9,0.02448530761282288
15017,9,0.0307450378473158
15821,9,0.03009719868931008
16843,9,0.036022086172350386
17880,9,0.04767538611994069
18932,9,0.06843606980679447
19571,9,0.07145320222157739
20860,9,0.09410885510904128
21918,9,0.09840821280825558
22966,9,0.10504796435135895
23982,9,0.2322956802960489
24699,9,0.32316202594851917
1745,9,0.08818570891287755
2293,9,1.0350882060924276
3135,9,1.306405336909706
4028,9,1.346964045736726
27900,9,0.09755851144314148
7146,9,0.08710445583116602
8012,9,0.10694966008563817
10171,9,0.09158232376437186
12246,9,0.04909828034770334
14821,9,0.038060423350471405
17677,9,0.06312641031434868
20005,9,0.09479703764556285
21923,9,0.11456707372304613
22971,9,0.16778781795407166
25551,9,0.4665788552156927
1645,9,0.17771672224986532
3141,9,1.4279751954660773
5018,9,1.4998587145381352
7150,9,0.29138490168967446
9325,9,0.12870105444965804
10177,9,0.1303130898103077
13227,9,0.09116734549813199
14021,9,0.1542174176748765
16854,9,0.2354007104200937
17890,9,0.2482466478520553
21928,9,0.21897740597292428
22976,9,0.5947722671894565
9111,9,0.13203610423296933
10181,9,0.1390097692390111
12255,9,0.0894047611422641
13232,9,0.12108469631796695
17895,9,0.3185770281737599
18734,9,0.30476390746200943
23996,9,0.6307857974743402
24880,9,0.5540599569321847
1279,9,0.19912076893360786
4042,9,1.225536935556026
5027,9,1.3428421340776027
11228,9,0.16994372011320363
12260,9,0.09014129859221294
13237,9,0.15294378395757358
21937,9,0.5069619258071609
26278,9,0.4116134277135314
3155,9,1.2006795427442498
5032,9,1.0577226245198306
6949,9,0.5772558428165255
28017,9,0.4259995771714854
13243,9,0.1460318465358201
15845,9,0.2820000455650749
18744,9,0.27176457608435844
19810,9,0.3454766809644833
24889,9,0.45886948619663914
25731,9,0.425699246737095
4833,9,0.8203022002470158
6096,9,0.48591153844180557
9126,9,0.5558154406516099
20888,9,0.5266290463148158
26287,9,0.41703813020916564
13253,9,0.3239624300990482
14851,9,0.2654522951161669
15855,9,0.3431540710777231
20893,9,0.5278960098477955
23000,9,0.4195940607134421
26293,9,0.41968795305361506
26709,9,0.45828159588845074
788,9,1.4358731236593176
1206,9,1.239851924779425
4062,9,0.7440270714155472
13257,9,0.2948801764609169
14856,9,0.3444933782532648
15860,9,0.3699420815142252
16883,9,0.3652999973051294
17919,9,0.3716622536144426
21957,9,0.5212168862863383
24021,9,0.4913632656105536
25073,9,0.4259250935962023
1121,9,1.1723243345017649
6111,9,0.7453181444039999
12284,9,0.2862930032672028
14055,9,0.27224166475409034
14861,9,0.30091443271245366
18764,9,0.31091074497769067
23010,9,0.4969278827090447
24026,9,0.4613575216687276
25078,9,0.44227375468401725
25750,9,0.4349138572750256
520,9,1.7763497281290674
1215,9,1.2690317269891236
4072,9,0.8785710865632874
8274,9,0.9081203234196802
13083,9,0.10107638065579162
14061,9,0.2890496321417556
16893,9,0.40253609756507414
17929,9,0.3347510046920743
24031,9,0.4327510265508561
24914,9,0.4540382815558456
25754,9,0.39942262628159786
26724,9,0.36627066213248705
27093,9,0.753844407845007
464,9,1.7244417167961088
1221,9,1.2710223938531637
7194,9,0.3043761339302811
14871,9,0.23294812973243778
15875,9,0.28617043111311763
17934,9,0.22724765161641527
19840,9,0.2847873181963051
21972,9,0.3382256310699964
24036,9,0.4234249324592059
25760,9,0.410738128631168
808,9,1.2523510510010738
1317,9,1.231862972794056
2347,9,1.138622351284694
3016,9,0.8829333697669406
12300,9,0.8079010595525887
14071,9,0.2561601022677964
14876,9,0.2847792424268627
15880,9,0.29935844782958315
18779,9,0.21144133910397103
19845,9,0.24454627961868583
20918,9,0.26000177530931995
24924,9,0.2742929406609402
26733,9,0.46632259139521326
259,9,1.0774763519047692
1698,9,1.0955242424285823
2352,9,1.2096638447558088
3195,9,0.9822062395404396
5072,9,1.6526064562755813
6988,9,0.5492483553909214
8289,9,1.0018003088848146
18784,9,0.17231449055088796
19850,9,0.1502323224791334
21982,9,0.2084407366853165
23030,9,0.32268356762750044
25098,9,0.23499316829203665
25769,9,0.34542542952468935
27108,9,0.5826207423143602
1236,9,1.1577985167648965
5076,9,1.5592522455292566
6994,9,0.3661508619213301
8075,9,0.361897476309199
9166,9,0.5328674640339811
13464,9,0.5674849585748488
16913,9,0.6246438516655439
20069,9,0.24284908788621165
21987,9,0.1428907345321077
23035,9,0.2336349027629759
24050,9,0.21898796091469308
25103,9,0.18690417620433433
25775,9,0.3294780572606334
27113,9,0.6289739806942019
270,9,0.8573039124142003
823,9,1.0797791615954075
3204,9,0.5710945162015104
4476,9,1.3753583435746493
8080,9,0.5169191939022546
10449,9,0.5778000677335192
14086,9,0.7909221426176957
16918,9,0.9572340054537465
23661,9,0.344975893476513
25278,9,0.3002625418872843
25780,9,0.3967954020016258
229,9,0.7810899534325949
616,9,1.0750651375048392
827,9,1.0771485350077232
1245,9,1.1628146222161533
5086,9,0.9391911259144822
8302,9,0.6744821640552354
11287,9,0.6101032903623391
15899,9,0.905867149513424
17958,9,0.9415335303136455
18799,9,1.0219142060562383
20937,9,0.6326332911889668
27122,9,0.7316865785049405
63,9,0.9849276060871405
494,9,1.1407544453258402
4477,9,1.215756679706826
4881,9,1.3748116948980462
6150,9,1.4652724070405008
15904,9,1.1966615802438667
16721,9,1.4070622001808433
19654,9,1.38860809679797
25789,9,0.6120046927188602
26758,9,0.7209086689609192
27127,9,0.8477809297489145
27411,9,0.8696644605221205
44,9,0.7279557208309367
238,9,1.0464952881462577
838,9,0.9734869195076638
4093,9,1.1590278870780941
4886,9,1.404265389116285
11711,9,1.742359911351604
16521,9,1.101872062709813
21160,9,1.1150234811532904
25794,9,0.6251927596345151
26346,9,0.7858011723694602
27723,9,1.8078354405976549
16,9,3.24783354119621
768,9,0.8945045962034209
1728,9,0.730475349122894
4097,9,1.1159142323577818
6160,9,1.432619499599674
7451,9,1.2938031892146498
9190,9,1.710037813834844
10260,9,1.5746859702066776
21165,9,1.0276890061798396
23059,9,0.8410438438589303
24759,9,0.36791540474713597
25943,9,0.7445240567041677
27468,9,1.1237107762909475
27623,9,1.2349316191843807
27727,9,1.5964205331358439
27795,9,2.0554944401011923
7,9,3.9233655869664767
508,9,0.7728258116687453
1266,9,0.5306540587904214
1733,9,0.5308748271298829
3377,9,0.9531720242648827
6377,9,1.383103688432919
7889,9,1.0564548744166966
9195,9,1.5053700704515696
12339,9,1.6697767309803666
17355,9,1.1302475635258034
24064,9,0.6550247465336057
24932,9,0.6561001022999547
26356,9,1.049107332389135
26773,9,1.0606355213072551
27628,9,1.630946958643408
27809,9,2.0725623335063466
2,9,3.9399919076583956
108,9,2.381844517607395
852,9,0.46934997848251675
1738,9,0.42133561205721465
3208,9,0.7645593102452447
4107,9,1.2406926884311076
5744,9,1.451453738144513
10269,9,1.4488034360323319
11312,9,1.50452477971933
13322,9,1.5421601955239228
14115,9,1.501353177513242
20104,9,0.8768550500320067
24069,9,0.682438746122601
24936,9,0.708420279980456
26360,9,1.7260561395064702
27147,9,1.8617257171273975
27633,9,1.8681352758434204
6,9,4.090115727576529
112,9,4.27438369463506
258,9,0.6130364704488594
1275,9,1.135980648145912
2541,9,0.5175053986599704
3213,9,0.6827814213808353
4113,9,0.7898360699884436
8987,9,1.0380886215918599
10275,9,1.2247177065335983
11316,9,1.2355143336707652
13326,9,1.2120105966034806
14120,9,1.6837515991688072
17157,9,1.182130920368892
24074,9,0.5491892839895992
24942,9,0.6334315729561552
25799,9,2.0042636429740246
26534,9,2.082642752380518
27436,9,1.9030347286119953
27846,9,4.336048875933807
9428,9,0.6926156097730808
10279,9,0.8856066320963896
12354,9,1.6056028870003791
13331,9,1.7018117962454682
14930,9,1.118384493198226
16957,9,1.623672190204092
17993,9,0.819568670006398
18834,9,0.8090840624146648
20972,9,0.7339260991332086
22031,9,0.5986139510991368
25804,9,0.5747024287529787
26176,9,2.278655953115235
26787,9,2.1917254526077845
27156,9,2.117884138387721
27440,9,2.084394767879871
1841,9,4.083177537413453
10285,9,1.0884081151813187
13336,9,1.5915115822186834
16962,9,1.4209345828533484
18838,9,1.2314599320741857
19904,9,0.9161147294784524
22036,9,0.664134775319601
23084,9,0.27981008990346595
24952,9,0.581561191923901
26361,9,2.396565191312127
27869,9,4.013366179217129
2394,9,2.4481534914549625
4127,9,0.5394090294549477
7048,9,0.6618091677492887
10290,9,1.1524513315942013
11331,9,1.2406372154657854
14135,9,0.7037706058005849
18843,9,0.8414879526101446
24089,9,0.2370170818321546
26274,9,0.4862226580305532
3230,9,0.6326951988113823
5134,9,0.7221938577384502
6195,9,0.6818065568299557
11336,9,0.24714507434611566
13346,9,0.572839884502149
14945,9,0.48893056412573327
18008,9,0.8190333099785237
24094,9,0.8804797382489362
28189,9,0.30965355999703204
3235,9,0.40678290164319547
8141,9,0.3430008304600713
12374,9,0.34447061055969913
13351,9,0.3667349068013151
15954,9,1.0416685554832825
18013,9,0.8381961848023225
24099,9,1.1429838755996173
24967,9,0.906288750382213
25483,9,2.8249349336964693
2721,9,0.5754875906969644
4141,9,0.20507154791836843
8145,9,0.35909775013895734
10305,9,0.43889802564564295
12378,9,0.382516456263305
20996,9,0.7728864328870295
22055,9,0.7650720720978926
23103,9,1.0139457492412667
24103,9,1.1817907395315637
24971,9,1.1379577563151364
25487,9,2.994983668075683
2557,9,0.5696332017397598
3244,9,0.5061353527529495
6209,9,0.23415764534203615
9239,9,0.40089650762912726
13360,9,0.38429335257522085
14959,9,1.0850194277713239
15963,9,0.8788478157104741
18022,9,0.913176018807228
18862,9,0.8498543364301244
21002,9,0.8354522571783246
22060,9,0.9360517710169016
24108,9,1.1222112006095613
24976,9,1.1387683234912207
25654,9,3.1157911379693304
2396,9,0.5318016072180888
3250,9,0.4014032889499891
8154,9,0.38636359650018104
10313,9,0.4692114889962585
11356,9,0.44145426233939183
12388,9,0.3091959096331886
13365,9,0.8381517106513895
21006,9,0.8629238336603161
22065,9,0.9597533613638587
24981,9,1.104927052915239
2401,9,0.5085240785820266
3254,9,0.31730338965807586
4156,9,0.241420454533704
12393,9,0.43163762276550854
13370,9,0.742029670041069
15973,9,0.810508789040097
24118,9,0.9709820249773133
24986,9,0.993751693887468
25819,9,3.196648082264597
7082,9,0.3678435806876958
8164,9,0.430980186583747
10324,9,0.40301670764666225
12398,9,0.5074316448835952
13375,9,0.6538975101868657
14974,9,0.7373935055112947
15978,9,0.8387854809731652
18877,9,0.6836657612738033
19944,9,0.8182192507165528
23123,9,0.9661931006894579
24123,9,0.9678621596041599
24991,9,0.9469913178930514
2411,9,0.4305122576726489
3089,9,0.3980709352315323
4166,9,0.3757621947033822
6229,9,0.37994859571512674
8169,9,0.4570541252864075
13380,9,0.5624589067371458
14979,9,0.6608515932672829
15983,9,0.7640414982895857
18042,9,0.6969483547412361
22080,9,0.8810723527622187
23337,9,0.9045629027765696
24128,9,0.9122425344245806
2416,9,0.4189448238292669
3269,9,0.3807578003445832
6234,9,0.43282751972049566
8392,9,0.3963972204534985
10334,9,0.42721347403065163
11583,9,0.3663611399963701
12408,9,0.38153986094876047
13200,9,0.504187711765472
14984,9,0.6890626887829092
15988,9,0.681729940541217
18047,9,0.6884693895348718
23133,9,0.8787327500264475
25002,9,0.8501959945350335
25826,9,1.1972556482698529
5179,9,0.4177601486439031
8179,9,0.4304500511480835
10340,9,0.3796856834478938
11381,9,0.3593190252356225
12413,9,0.3283660793658738
14989,9,0.542371361561062
24138,9,1.0040573004832902
25006,9,0.915997946047555
25831,9,0.8977310171520376
1962,9,0.6343771396082356
2426,9,0.3730105262912267
4181,9,0.4466466686077524
5184,9,0.49538026951296155
7318,9,0.4197527040232556
9274,9,0.40080856316100744
10344,9,0.40004879095767043
11385,9,0.378769326003321
12417,9,0.35596088703061507
14993,9,0.5834864318434
18897,9,0.6135860047571554
21036,9,0.7635921894937274
23143,9,1.0624182408767548
25011,9,0.8446744283413886
25836,9,0.638982594461711
2431,9,0.438194018249804
5189,9,0.4971920878005251
7107,9,0.4643618970674212
9279,9,0.4337589617011377
11391,9,0.4010583566242242
12423,9,0.40147408308002613
14453,9,0.5099702299164919
14998,9,0.5850152736597737
16003,9,0.5478652784148262
21041,9,0.6407999284759629
25016,9,0.8608484768808138
25841,9,0.6877875951436176
1845,9,0.9325195092067333
2436,9,0.7223360029472801
4190,9,0.5572674644514194
11396,9,0.5160076398128721
12428,9,0.46066157597902146
14299,9,0.48694904165783603
15003,9,0.6496547258556502
18067,9,0.6396930586644497
19119,9,0.6501142402739757
19973,9,0.6665356695216751
21046,9,0.7560191302792653
25021,9,0.7229161765679701
25846,9,0.6423698575616993
4010,9,0.6839410026623343
4990,9,0.5980442902325039
7117,9,0.5765187388730711
11401,9,0.5188837465293885
12433,9,0.44009955850127835
28001,9,0.2561268767469947
15008,9,0.6682414986672736
18072,9,0.683426571896581
18912,9,0.7189108059751059
24158,9,0.8173314083628537
25026,9,0.7956311890155959
25851,9,0.6784573857270827
1741,9,0.4017269770515249
12438,9,0.4379763521474868
13393,9,2.0195742508931733
15013,9,0.5611410545752019
15815,9,0.7065202381974338
17040,9,0.7951482398541307
18077,9,0.7420688039053654
18917,9,0.8379725457057744
19983,9,0.8796800422521076
22115,9,0.7984200407617976
24163,9,0.7562044392642541
25031,9,0.6834360382832958
27857,9,0.6707112305256063
2288,9,0.8740717367708049
4205,9,0.77662862924275
7126,9,0.6571981675607003
8209,9,0.6205292461087462
9298,9,0.6049990770606475
27967,9,1.826945241672684
27981,9,2.9410540912997463
28051,9,3.5285759679255886
16225,9,3.91690568957686
21060,9,0.7919990826805954
22118,9,0.7616687752090437
23166,9,0.7279056953952412
24166,9,0.6829677994628096
25035,9,0.5365517762070653
25860,9,0.6164879917088685
27918,10,0.016078233962273505
8211,10,0.012561745156792856
9083,10,0.01796490020308112
28125,10,0.012804626971632828
20418,10,0.018289185909893278
5210,10,0.12429079104382645
6057,10,0.06319431501919215
7130,10,0.040912648111887516
7997,10,0.03992600106034218
9087,10,0.02767187770514847
9948,10,0.022950944341687776
18291,10,0.024606036630539774
18922,10,0.0279666298037604
19776,10,0.02690376460352301
20849,10,0.035313199986646136
21908,10,0.03368484196747319
22958,10,0.033628241313341106
3482,10,0.6237669361224868
4019,10,0.4936938251582296
4798,10,0.3195190200394896
5849,10,0.057589168165569304
7136,10,0.04183995239904258
8002,10,0.040548555740564915
9092,10,0.030830106612200522
10161,10,0.0251053153653185
11204,10,0.025377129412226244
12238,10,0.02642843433293544
16840,10,0.006856853488896328
17874,10,0.016773696003933747
18716,10,0.03538560815616588
19565,10,0.02909856848207878
20854,10,0.04233598464369816
21913,10,0.0400883330668911
22961,10,0.04019626692393036
23977,10,0.025905049672276425
2451,10,0.6526911067377611
3131,10,0.725304138733987
4023,10,0.6698590551715093
5007,10,0.3648405967061971
5853,10,0.07482434116067255
6925,10,0.0537377700714604
8225,10,0.04904621469458405
9097,10,0.044644687224359464
10167,10,0.0406104201875705
11209,10,0.033271368290945194
12241,10,0.03196043980617161
13218,10,0.021054092524246303
14012,10,0.01878230030735166
15017,10,0.01728195342137906
15821,10,0.01561124434969557
16843,10,0.011268724490571745
17880,10,0.024282779652518103
18932,10,0.04515356472422587
19571,10,0.04737883769024793
20860,10,0.06151387591951884
21918,10,0.06290435982538711
22966,10,0.06207972487434496
23982,10,0.148513780406909
24699,10,0.1650721306393269
1745,10,0.07651721534588886
2293,10,0.6961477148455026
3135,10,0.8118051325902782
4028,10,0.8152376154058685
27900,10,0.06528972638787761
7146,10,0.046755669257328686
8012,10,0.09756321247141429
10171,10,0.045455081686416085
12246,10,0.04360939692315625
14821,10,0.019739248801635998
17677,10,0.031595696840630426
20005,10,0.05580486680351649
21923,10,0.07915991653897106
22971,10,0.0987769460370479
25551,10,0.2653155682707079
1645,10,0.0800515051582129
3141,10,0.7542995677357621
5018,10,0.7870681405497765
7150,10,0.17305838774920917
9325,10,0.079163116823786
10177,10,0.13784468147599188
14021,10,0.07200105448109453
16854,10,0.06408786230990185
17890,10,0.07665391144560996
21928,10,0.06832608673581446
22976,10,0.16894875409312318
9111,10,0.08649398849459172
10181,10,0.06717521824975856
12255,10,0.0053045874600320215
13232,10,0.012378467126047238
17895,10,0.168540470015927
18734,10,0.15174184991571493
23996,10,0.11993977682947858
24880,10,0.26843827261988656
1279,10,0.5924083944574801
4042,10,0.5281764231165231
5027,10,0.6393537433045696
11228,10,0.09918016379695951
12260,10,0.030599128982953156
21937,10,0.22223068427066967
3155,10,0.5581778154483954
5032,10,0.49525058828970825
6949,10,0.5481144851996255
28017,10,0.44495721713246855
13243,10,0.159420776857875
15845,10,0.2695935202835791
18744,10,0.3030782452958639
19810,10,0.2952358417905176
21942,10,0.21016347500065047
24889,10,0.22481983059462524
25731,10,0.30970555702891167
4833,10,0.4409494542876255
6096,10,0.5672693346200957
9126,10,0.3685023656024066
15850,10,0.14887814408190034
20888,10,0.28577616459717176
13253,10,0.1212341429434548
14851,10,0.14850493622294095
20893,10,0.3334950165472339
23000,10,0.17383701200230856
26709,10,0.3680011010137569
788,10,0.09998839691799194
1206,10,0.16189398760979676
4062,10,0.619583610877646
13257,10,0.19705337774374942
14052,10,0.1336511175911284
14856,10,0.11609988405121308
15860,10,0.13688431785591282
16883,10,0.0786884197268002
17919,10,0.16627756857018164
24021,10,0.16567752847652426
25073,10,0.24821095316135033
1121,10,0.25426515777745257
6111,10,0.5357701905843287
12284,10,0.20646746377975628
14055,10,0.15742542265338205
14861,10,0.15216751817057775
18764,10,0.23406596231648133
19830,10,0.32748957598120787
23010,10,0.33917050525822995
24026,10,0.27628779746609533
25078,10,0.29079417072327174
520,10,0.5458282744941856
797,10,0.19680489489532485
1215,10,0.16114218067875322
8274,10,0.6765377433674794
13083,10,0.1886151966231477
14061,10,0.2519350946674625
16893,10,0.1209819426074185
17929,10,0.16655815274253513
24031,10,0.3702787415095234
24914,10,0.3226936977830486
25754,10,0.30993372965655624
26724,10,0.4518641603356665
27093,10,0.8072550690507885
464,10,0.5813965178379255
1221,10,0.1535159476476599
1689,10,0.026083986956048202
7194,10,0.8842980093900173
13087,10,0.17464599013867213
14871,10,0.26467778314690144
15875,10,0.22342418516899665
16898,10,0.17104725707672308
17934,10,0.20509234300219206
19840,10,0.3189487274328623
20913,10,0.4019028156607004
21972,10,0.3680386994018006
23020,10,0.42364739401737916
24036,10,0.4589176495703249
25760,10,0.43396747334157626
26312,10,0.46679837599048196
808,10,0.28782617126218696
3016,10,0.30563898832453434
8065,10,1.1316453521012788
12300,10,0.1421642064117633
14876,10,0.21063796429017445
15880,10,0.2378810949200487
18779,10,0.261216452074597
19845,10,0.3346546870133678
20918,10,0.4124318425747114
24924,10,0.6199025253866057
26733,10,0.735199290136399
259,10,0.6541304924441946
812,10,0.34296525074734446
1698,10,0.12162924799302952
2352,10,0.22665082011116996
6988,10,0.9046181017427198
8289,10,1.2436463559881634
18784,10,0.30287251978119556
21982,10,0.566521691195691
23030,10,0.5744210358942257
25098,10,0.6085945678472521
25769,10,0.6847679949023568
266,10,0.9718962635137834
5076,10,1.7832542351721428
6994,10,0.7808189855312281
8075,10,1.0128424402793863
9166,10,1.0383489889965511
11277,10,0.3102413637285335
13464,10,0.14779432873098905
15890,10,0.21865233245880047
16913,10,0.24470209635863893
21987,10,0.5671734452740695
23035,10,0.590776829743507
25103,10,0.6145787355933656
25775,10,0.6704829915647968
26326,10,0.7557000811658113
27113,10,0.8785771532371252
270,10,1.097281376690721
823,10,0.4705719799203865
3204,10,0.7672532759174215
4476,10,1.761915699537358
4877,10,1.9336111570647643
8080,10,0.9593248895969277
10449,10,0.9234487153462878
14086,10,0.16015277655836327
16918,10,0.16359497393159006
19860,10,0.2945455014359687
23661,10,0.5283407593509064
25278,10,0.7261974778827942
25780,10,0.7263873298855004
26748,10,0.8424747655356041
616,10,0.5651253234748765
1245,10,0.4518057441219779
5086,10,1.4442240859505855
8302,10,1.0752833480604556
11287,10,0.9699092015146765
15899,10,0.2274791926768773
17958,10,0.23765842444568291
18799,10,0.22447994277020109
63,10,1.1380052115529415
2371,10,0.6682912612721992
4477,10,1.1359442764648475
4881,10,1.24220185561107
6150,10,1.2916761797761958
11706,10,0.7347013325425382
15904,10,0.586280419230606
16721,10,0.639397807514422
19654,10,0.4660273403177794
23050,10,0.318808040129617
23860,10,0.35845584991861706
25789,10,0.8244724083640081
26758,10,0.9978107733239113
44,10,2.27996859321962
838,10,0.7433749874052288
4093,10,1.2465330929167522
4886,10,1.3661153329263702
6155,10,1.5003318702654476
11711,10,0.9209644714047418
16521,10,0.6195557602740416
25794,10,0.9006654949848484
26346,10,0.9619775080449051
27132,10,1.093550101159393
27723,10,1.8968296384166508
16,10,3.527393298016903
768,10,0.8501920298362184
1261,10,0.9780495967885761
1728,10,1.013030211464501
6160,10,1.6952204468678134
7451,10,1.3315171863566186
9190,10,0.8622668352113262
10260,10,1.131259709875365
21165,10,0.3721239446877262
24759,10,0.549872855461421
25943,10,0.9821012196147404
27623,10,1.2915523409405958
27727,10,1.8468032003222556
27795,10,2.0264221627976338
7,10,3.847017492186446
508,10,0.9013114280313015
1266,10,1.11528798023548
1733,10,1.1938132903391254
3377,10,1.463080886380723
5105,10,1.7299489583296894
6377,10,1.7497672464214353
7889,10,1.210520175917838
9195,10,1.177347036938944
12339,10,1.0995772036770382
13317,10,1.2356637616216468
17355,10,0.5656044694117573
20957,10,0.3227990124227098
23064,10,0.39282670874832354
24064,10,0.36956193612267063
24932,10,0.5427782150450889
26356,10,1.1322961667009321
26773,10,1.1812850311764416
27628,10,1.3168033793389304
27809,10,2.1337766379112333
2,10,3.9773220807666365
852,10,1.1506775708509278
1738,10,1.2707310101625835
3208,10,1.6753474785896958
4107,10,1.7735059212290165
5744,10,1.7855751925166026
10269,10,1.3615228708202782
11312,10,1.39454849649402
13322,10,1.1452237234262177
14115,10,1.144503966133951
20104,10,0.3535674154317376
24069,10,0.42587403633410414
24936,10,0.5296633798122871
25631,10,1.0523356265505428
26360,10,1.2525260543465688
27147,10,1.4216046202217942
6,10,4.206936891042577
112,10,4.327351501898901
258,10,1.5517916128302656
1275,10,1.441684634548842
2541,10,1.6782028153096862
3213,10,1.8443500535428532
4113,10,1.8470359239810477
8987,10,1.3324081366919538
10275,10,1.4676888853501806
11316,10,1.4178233819491064
12349,10,1.3236084125530454
13326,10,1.1107363296048955
24074,10,0.45398714522022215
24942,10,0.5147232820347732
25799,10,1.390709501082573
27152,10,1.5543918083153199
27436,10,1.36595479867272
27846,10,4.444673253748448
9428,10,1.5018413772417472
10279,10,1.5224921456090716
13331,10,0.8629779055398173
14930,10,1.0074157291109962
16957,10,0.5330608114309815
18834,10,1.0257931836781407
20972,10,0.6143435309747529
22031,10,0.3755194476495779
25804,10,0.7432995880250783
26176,10,1.9326855097726423
26787,10,1.6891727327313513
27156,10,1.5429319924666514
27440,10,1.6503798221941184
1841,10,4.116251382628534
6399,10,1.8532311051428936
10285,10,1.3018737371251383
13336,10,0.6262175844962113
16962,10,0.5261657782554034
18838,10,1.1663747049675246
19904,10,1.603918692565004
28131,10,1.6137158492401078
22036,10,1.2764470949612579
23084,10,0.7768705317023287
25809,10,0.7966589191575449
26361,10,2.0891490202812837
27869,10,4.0131173128381095
2394,10,3.4680066564581282
3228,10,1.504777943429593
4127,10,1.4198852024513045
7048,10,1.851419260734166
9220,10,1.2591439065469134
11331,10,1.1593944930490723
14940,10,1.563283991274236
18843,10,1.9754904574354417
24089,10,1.584427827208101
24957,10,1.152197559721926
3230,10,1.241940531711119
5134,10,1.2878684622438488
6195,10,1.3273830066381809
11336,10,1.7683224789541563
13346,10,1.629531862691799
18008,10,1.3954867002554048
24962,10,1.5247800417127668
28189,10,1.2738630736269716
3235,10,1.4708878946067494
4137,10,1.7661003851063783
8141,10,1.6821590816129972
10300,10,1.6786036929813548
12374,10,1.6837925802545237
13351,10,1.690619414296875
13858,10,1.6777840171340535
18013,10,1.287805086377509
22051,10,1.1679407226409515
24967,10,1.1435736111774373
25483,10,2.778619615296843
2721,10,1.39128693384742
4141,10,1.7286366878419979
10305,10,1.6315339856260667
12378,10,1.658240576738547
13355,10,1.634461219338469
22055,10,1.0738756040242903
23103,10,1.1184396363845737
24103,10,1.1110799376059708
24971,10,1.146817771885177
25487,10,2.3340273215751743
2557,10,1.5471556123033514
3244,10,1.500215114618474
9239,10,1.5752763330812483
12383,10,1.499487129983134
13360,10,1.3846159462753669
14959,10,1.199545171647038
18022,10,1.0963889223489316
18862,10,1.0781810837550116
21002,10,1.0891254265973587
22060,10,1.1128222496658184
24976,10,1.1886842021129829
25654,10,2.89512375445999
2396,10,1.568795948660974
3250,10,1.5678940569066768
8154,10,1.5804634204777823
10313,10,1.577818135904259
11356,10,1.515931591292702
21006,10,1.0645586401675746
22065,10,1.072455058365328
24981,10,1.2710943896394151
2401,10,1.583918062274196
3254,10,1.6467026049603173
4156,10,1.662664819779017
6219,10,1.6661301161743078
8159,10,1.5583207113666664
11361,10,1.4682924894623395
12393,10,1.3245448097058334
13370,10,1.2455794481342983
15973,10,1.120264159663413
18872,10,1.0851763071134508
22071,10,1.0837194245034747
24118,10,1.1850132401634996
24986,10,1.262177760058764
25819,10,2.900359892802722
3259,10,1.6786553790871799
7082,10,1.6163803470698368
8164,10,1.5762269678091962
9472,10,1.577024292899234
10324,10,1.5517726766953264
12398,10,1.3268786216987438
13375,10,1.3176668621781702
14974,10,1.1616739631000614
15978,10,1.0786750192796588
18877,10,1.0888601957989945
19944,10,1.0564590149048165
23123,10,1.2281515118156436
24123,10,1.2651218900605445
24991,10,1.2908095962756765
2411,10,1.6326729270960743
3089,10,1.682274892949841
4166,10,1.690078232355982
6229,10,1.685839039952221
8169,10,1.6117958027731911
12403,10,1.4348307240517668
13380,10,1.3323760198212462
14979,10,1.17688250219249
15983,10,1.0407872360538808
18042,10,1.0873601016307677
22080,10,1.2043688871292413
23337,10,1.2289291749748652
24128,10,1.3357797727736984
2416,10,1.6159594136399333
3269,10,1.6872765331867507
4171,10,1.708177452277178
8392,10,1.6341153422268226
9264,10,1.6417065241652256
10334,10,1.5942977600539825
11583,10,1.5326260498107016
12408,10,1.4839495491121162
13200,10,1.3434722182644725
14984,10,1.1488639055518077
15988,10,1.0916681516203737
17011,10,1.0933264887542313
18047,10,1.1478603307721351
23133,10,1.2745392920486498
25002,10,1.4029482231310273
25826,10,1.5825700973212258
5179,10,1.6938895607898083
6239,10,1.6757445442705217
8179,10,1.6515046638611763
10340,10,1.5919664165690324
11381,10,1.571360101087218
12413,10,1.5175772363022284
14989,10,1.1195175095752585
22090,10,1.2455025922693295
23138,10,1.2433979041323404
24138,10,1.3624394861129896
25006,10,1.4338536817457397
25831,10,1.6375442865469565
1962,10,1.4944348613802545
2426,10,1.6236492926302957
4181,10,1.6573576708862288
5184,10,1.668997788333729
7318,10,1.6618648397955067
9274,10,1.6078344214064166
10344,10,1.5822936282623228
11385,10,1.5785043641836036
12417,10,1.5160154304153464
18897,10,1.2278157786873145
23143,10,1.333842904637778
25011,10,1.3991733337137426
25836,10,1.6047346562527336
2431,10,1.583867495725521
5189,10,1.6392571633946598
8189,10,1.5956943512562876
9279,10,1.5707834235185218
11391,10,1.542085553907192
12423,10,1.5138927006202867
14453,10,1.4346179401712078
14998,10,1.2578668837127658
16003,10,1.2320687599984068
21041,10,1.3202849243472625
23148,10,1.3550223244783273
25016,10,1.4986556341290778
1845,10,2.0352133653803604
2436,10,1.5481957547530345
4190,10,1.5528050917011715
6039,10,1.6039942073760036
7113,10,1.5356002158322168
11396,10,1.45650625864423
12428,10,1.474704956749582
14299,10,1.3650391229151062
15003,10,1.1831930226206782
15806,10,1.190438318283486
19973,10,1.2615185800010766
21046,10,1.356459436893156
25021,10,1.4751108575531793
25846,10,1.4887598942571798
3119,10,1.5383462112488966
4010,10,1.5309044066960853
4990,10,1.5204738530127517
6259,10,1.5349664895373418
7117,10,1.523227759480208
11401,10,1.4704992481336117
12433,10,1.4795164184127496
28001,10,1.4139618452584093
15008,10,1.231790521034805
17036,10,1.236441972463823
18072,10,1.2459660364624003
18912,10,1.2556516380709177
23158,10,1.375976247414839
24158,10,1.3801955790590632
25026,10,1.4689059208198574
25851,10,1.4785849515465568
1741,10,3.4194740775215635
4200,10,1.5272457045732715
10364,10,1.5235009527783043
12438,10,1.4694603243775546
13393,10,2.3920367524366304
15013,10,1.290201937348137
15815,10,1.2001111364892763
17040,10,1.2324853516195218
18077,10,1.345225878831472
18917,10,1.2527489550019295
19983,10,1.355485000709559
22115,10,1.3708751048256393
24163,10,1.3646176913564252
25031,10,1.4647349621143095
27857,10,3.5410904171893813
2288,10,1.4329592342534736
4205,10,1.4475373776160219
7126,10,1.50550347810845
8209,10,1.541972199401632
9298,10,1.5095921831863626
27967,10,3.3333056943727457
27981,10,2.9396670794408903
28051,10,3.7630769518952407
16225,10,3.9122244760526
17045,10,3.945758192751493
21060,10,1.2641887014281075
22118,10,1.3621364572800936
23166,10,1.3495722701410893
24166,10,1.446389879890638
25035,10,1.9961707476182713
25860,10,1.9314404114419528
27918,11,0.026795221884599568
8211,11,0.023942189783682337
9083,11,0.01959456226922561
28125,11,0.030427870650750723
20418,11,0.04125761645698906
5210,11,0.14595573868634143
6057,11,0.09144625716863007
7130,11,0.05420421491490593
7997,11,0.05350744992213212
9087,11,0.04007327987155682
9948,11,0.03085160955483728
18291,11,0.04626011236462993
18922,11,0.052245187700256254
19776,11,0.05547984342070053
20849,11,0.06103384263524228
21908,11,0.05688392162096416
22958,11,0.06010823650929615
3482,11,0.6656580048935493
4019,11,0.4571648119780038
4798,11,0.316379899105617
5849,11,0.08072927845775231
7136,11,0.05820853626731042
8002,11,0.05722194946001626
9092,11,0.04788685324131728
10161,11,0.036543594000832874
11204,11,0.03109479027706487
12238,11,0.03732344608275342
16840,11,0.035015135775422805
17874,11,0.04216091985299405
18716,11,0.057846497861015526
19565,11,0.05486501408133832
20854,11,0.06732966646760115
21913,11,0.06761853676087846
22961,11,0.07003423054245327
23977,11,0.05037622601704866
2451,11,0.7199218397259506
3131,11,0.8274801748102543
4023,11,0.714670657038437
5007,11,0.37045359065216354
5853,11,0.10033975422294045
6925,11,0.07692405552964507
8225,11,0.07333566373092146
9097,11,0.06948197279504174
10167,11,0.06475566155244449
11209,11,0.05294063381091134
12241,11,0.04940792972598255
13218,11,0.04367841527891282
14012,11,0.0436761273604426
15017,11,0.049948395162187825
15821,11,0.04841987798019962
16843,11,0.04749112371937114
17880,11,0.05500219439560055
18932,11,0.07152973059898766
19571,11,0.07242185473626907
20860,11,0.08250552791207319
21918,11,0.08239428791437999
22966,11,0.08594295264989198
23982,11,0.24936004476141893
24699,11,0.2952740038195787
1745,11,0.06426471346045663
2293,11,0.8392579017816131
3135,11,0.9545409389109898
4028,11,0.949968185385125
27900,11,0.1045451825298203
7146,11,0.08455837007406086
8012,11,0.08597543668283511
10171,11,0.08238321574754248
12246,11,0.07304392863425493
14821,11,0.05764904372780879
15826,11,0.08479730357787812
17677,11,0.08527955724102963
20005,11,0.0805122346557983
21923,11,0.09585760190435387
22971,11,0.04504271852661242
24870,11,0.4441066485580962
25551,11,0.44666744249483503
1645,11,0.030605030834864225
2298,11,0.9325642152904557
3141,11,0.9560552011190141
5018,11,0.9826940970558056
7150,11,0.20640700436925197
9325,11,0.13699368384750502
10177,11,0.09964345617866671
11219,11,0.10151401239275057
14021,11,0.10359092176152104
16854,11,0.12039256708427684
21928,11,0.1150840719823889
22976,11,0.1329240158195603
9111,11,0.10019969538904051
10181,11,0.12152670870202921
12255,11,0.14346009123188977
13232,11,0.13201299855279316
17895,11,0.13686897887939656
18734,11,0.14699169132354656
24880,11,0.3504054701782932
1279,11,0.4177706568467216
4042,11,0.8076001091082246
5027,11,0.9031284816469064
11228,11,0.11614727849744239
12260,11,0.1311052297871461
21937,11,0.3872404158692736
1191,11,0.5620198015865153
3155,11,0.774144857772383
4048,11,0.7488072108291212
5032,11,0.8056203635372063
6949,11,0.8486377615415878
9340,11,0.1868999873793442
11233,11,0.1133670887652892
28017,11,0.41445763486705595
13243,11,0.305968052611143
15845,11,0.2764299723733456
19810,11,0.3157082921206919
20883,11,0.35458133514324286
21942,11,0.3896796456785796
24889,11,0.634362675686565
25731,11,0.47877740187680085
4833,11,0.7471985551276636
6096,11,0.8742094926785531
15850,11,0.2956034877080072
4246,11,0.7037584483650456
14851,11,0.2809859098320929
23000,11,0.26899431319060013
788,11,0.5871075266031438
4062,11,0.6865237161009472
6106,11,0.5155243397260112
13257,11,0.354289587762201
14052,11,0.3428657139393305
14856,11,0.3243538910450781
15860,11,0.3266749362009794
16883,11,0.2570874888072342
17919,11,0.22255526022027838
24021,11,0.3124846667739017
25073,11,0.3045919816179525
794,11,0.40295772007826014
1121,11,0.35827868301601945
6111,11,0.3299706422386318
12284,11,0.5096147913395809
14861,11,0.3626166663275239
16888,11,0.33909286684891293
18764,11,0.1943519849925014
19830,11,0.17032086638614752
23010,11,0.21251343293957375
24026,11,0.2368733390278243
25078,11,0.2785847299578727
520,11,0.5089440344684907
797,11,0.44128986492480804
8274,11,0.4959716212490878
9146,11,0.4809872173443284
13083,11,0.3800342148521133
14061,11,0.3673102215775591
16893,11,0.36381950158024373
17929,11,0.32184984298116004
24031,11,0.22084917714661545
24914,11,0.2657182352246763
25754,11,0.3028586521536196
27093,11,1.06003541634594
464,11,0.512589546672723
1689,11,0.4748277772842073
7194,11,0.48525562252466714
14066,11,0.328009001767134
14871,11,0.36445361975466645
15875,11,0.3662757757065452
19840,11,0.18196992762336422
21972,11,0.17359094586895668
23020,11,0.16939013994869087
24036,11,0.20044858380280844
26312,11,0.339922411040846
808,11,0.2656737411343644
3016,11,0.3725178640076259
7200,11,0.5626792394896006
12300,11,0.5564386199682266
15880,11,0.3219051604256994
19845,11,0.26272360368209385
20918,11,0.16781889799097122
24924,11,0.18331025758227973
26733,11,0.48161996546075886
259,11,0.7605418382206034
812,11,0.1520253173848009
1698,11,0.4656773732633607
2352,11,0.6617200552270526
6131,11,0.33167983750892316
6988,11,0.45804358683297264
8289,11,0.6246614580825547
9161,11,0.6055937153592095
17944,11,0.34049694123972735
18784,11,0.34456447376781446
21982,11,0.057296051722438186
23030,11,0.055101548723436464
25098,11,0.13517644690134986
25769,11,0.23090209963693362
26321,11,0.3059695272530102
26739,11,0.394298345697617
266,11,0.5727851436588103
6994,11,0.18071020263429768
8075,11,0.39182594420122957
13464,11,0.3232393151943209
14886,11,0.34378869205607004
16913,11,0.35507245619575045
21987,11,0.13711093636003535
23035,11,0.1002649384335407
25103,11,0.10526043443422069
25775,11,0.21342306567980235
26326,11,0.31941709220216913
26744,11,0.3995569551306263
27113,11,0.48199657773877475
823,11,0.0564000999284142
3204,11,0.5957318153939098
4476,11,1.2073963826047447
4877,11,1.3208934699183152
8080,11,0.4071903186765111
10449,11,0.3528613817016393
16918,11,0.6458850146357713
19860,11,0.8300038348426194
23040,11,0.8476743006005544
23661,11,0.6024656197974811
25278,11,0.10021822555043558
25780,11,0.2866032527788992
26748,11,0.4224503991048048
27532,11,1.312557653759524
113,11,0.8435547682715304
616,11,0.22234462896894394
1245,11,0.21056749215992054
5086,11,1.022035267312619
8302,11,0.5459807672791049
10246,11,0.4870518639810499
11287,11,0.4163048375546871
15899,11,0.34824219369030746
17958,11,0.7243441190495423
18799,11,0.5221926433398237
19863,11,0.9598649239837118
26753,11,0.4017694353986303
63,11,0.6727779200314367
1718,11,0.2472133944730886
4477,11,1.3537654768821943
4881,11,1.4929639358118243
11706,11,1.6546269708526953
15904,11,0.5539974955526643
16721,11,0.6177182117830047
19654,11,0.7666081177002199
20942,11,0.6610249422213056
22002,11,0.5314427717793669
23050,11,0.5366823445577918
25789,11,0.3356036391794936
26758,11,0.4550004029130341
44,11,0.5097974776897229
560,11,0.2903553983823034
838,11,0.1321502113434966
2376,11,0.21992051503065685
4093,11,1.1763219702364434
6155,11,1.5004738808524816
11711,11,1.4967026945610922
23055,11,0.5419152912508294
25794,11,0.3653131870093372
26346,11,0.3606086369843014
26763,11,0.5551205366268267
27132,11,0.568535457681185
27313,11,0.6109520085391427
27723,11,2.003462022109854
16,11,1.7322867585738269
131,11,0.601302143855973
1728,11,0.13532812679409834
6160,11,1.2876381568604398
7451,11,1.2604598978523527
9190,11,1.8696226498933752
10260,11,1.612735441239663
21165,11,0.6890867747169467
24059,11,0.5488825143401919
24759,11,0.3272675081046776
25943,11,0.44420777664728583
26352,11,0.5431642500000692
27623,11,0.7725270472624329
27727,11,1.9849136944303174
27795,11,2.145570653613368
7,11,3.7574479809233106
508,11,0.3713033007255834
847,11,0.33248847150873934
1266,11,0.2894732286942389
3377,11,1.0615296053090666
5105,11,1.2290345064695658
9195,11,1.7093413024204873
10265,11,1.6591928481113083
12339,11,1.4988980687778481
13317,11,1.7418873835683824
17978,11,0.8651194512486053
24064,11,0.7187612805471763
24932,11,0.5600467268512899
26773,11,0.5439062530039354
27628,11,0.6654988384641785
2,11,3.9236042902070936
852,11,0.39779354098758546
1738,11,0.41788297227966986
3208,11,0.721193440584291
4107,11,1.0925971812936874
5110,11,1.2051839450676174
10269,11,1.6339004753048032
11312,11,1.5513627213161343
13322,11,1.1027676406001758
20104,11,0.7440085841382285
24069,11,0.8365630533442384
24936,11,0.7899824733590111
26360,11,0.6251579173780354
27147,11,0.7619585659566523
27814,11,2.167218481298204
6,11,4.150922741642128
258,11,0.8780749272244515
518,11,0.8535637347053247
1275,11,1.5554940746065926
1550,11,0.44716577825369563
2541,11,0.6615919976527163
3213,11,0.6657018182002672
4113,11,0.9036889846389417
8987,11,1.3104786167717348
10275,11,1.4266283281359466
11316,11,1.2819174020544875
12349,11,0.9515412680635431
13326,11,1.0565395807728368
24074,11,1.1344297983786906
24942,11,0.8517165420530052
25799,11,0.5773746661174096
27436,11,0.6874845583154869
27818,11,2.217035873335761
27846,11,3.2993677742831786
2385,11,0.6216123576032393
8120,11,1.0301621108448245
9428,11,1.1044894173816775
10279,11,0.9289116480830796
11322,11,0.6661164649150375
14930,11,0.9100513061312431
16957,11,1.2396366339198883
18834,11,1.3128359726608552
22031,11,0.874918183775534
25804,11,0.9133770327436745
26176,11,1.7744585380031366
26787,11,0.9117827564343253
27156,11,0.9192673099952624
27440,11,0.8969258266799949
1841,11,2.960402690639574
2390,11,0.6841016910460758
5125,11,0.9931843781781456
6399,11,0.9743889986203143
10285,11,0.9140254780873097
13336,11,1.38664935167867
16962,11,0.8636660679394036
17998,11,0.8314378951499068
18838,11,0.6609707108875658
28131,11,1.157264195122696
22036,11,0.90448723083721
23084,11,0.5289402005633129
25809,11,1.0221532580480515
26361,11,2.1201440199103594
27869,11,3.091869659816111
2394,11,0.6416986894108249
4127,11,0.837154959016985
7048,11,0.9644034803489596
8348,11,1.2823687420675076
9220,11,1.2327144047379304
11331,11,1.1878717604052502
18843,11,1.486149628357187
24089,11,0.6046276205186606
24957,11,0.5328865679680079
3230,11,0.5179185268592619
5134,11,1.1129147313026777
6195,11,0.4957575874862757
8134,11,1.4374487462157006
11336,11,0.6898376261394092
13346,11,0.6476482031439296
18008,11,0.2704212594098623
19913,11,0.2032709774958602
20987,11,0.3603129839176366
28189,11,0.404596134135896
3235,11,0.3873171239044382
4137,11,0.40339887364675636
5140,11,0.45503137163251467
7058,11,0.4889177367551338
8141,11,0.5633562136546728
12374,11,0.6564095935495647
13351,11,0.5611566302225911
13858,11,0.5039992440949573
18013,11,0.1458943790517045
24967,11,0.8712394745388063
25483,11,2.8270587713899005
2721,11,0.3899293953131028
4141,11,0.4382248157647431
10305,11,0.6503447191467887
12378,11,0.6495686204348841
13355,11,0.4773650273130352
22055,11,0.12909499858169146
23103,11,0.2697530554973548
24103,11,0.3459125360447307
25487,11,2.9804021848204036
2557,11,0.3662112060731569
3244,11,0.3976454211273474
4146,11,0.44700021514761373
9239,11,0.5486977282863309
13360,11,0.6464712497045692
14959,11,0.7031763368541826
18022,11,0.23655799619855944
18862,11,0.21052097397592057
2396,11,0.28487678677951794
3250,11,0.43446798290308436
8154,11,0.43595757105187694
10313,11,0.6093234066405085
21006,11,0.2566434368019644
22065,11,0.33596668363837573
24981,11,0.3581975708897714
25659,11,3.1651324153311737
2401,11,0.2457551662864245
3254,11,0.43390692198870257
6219,11,0.5260433757506207
8159,11,0.4851931041283506
11361,11,0.6788480585762483
12393,11,0.6409733504247975
13370,11,0.6107346663958365
14969,11,0.3930550778443317
23118,11,0.3328778838234651
24118,11,0.283011233848475
25819,11,3.1826283840566703
2406,11,0.19761127153196828
3259,11,0.4075600697206674
7082,11,0.6047771912797651
8164,11,0.6326994778871616
9472,11,0.6833554765866205
10324,11,0.6854942934910081
12398,11,0.5906660851422335
13375,11,0.46795997726490474
14974,11,0.3587834105800153
15978,11,0.38801721391120114
18877,11,0.3466716152895814
23123,11,0.30104501998037514
24123,11,0.2946676693519052
24991,11,0.25876517483316847
25669,11,1.0835736963545988
2411,11,0.22605124507067634
3089,11,0.4471175999581759
4166,11,0.5908674673223437
6229,11,0.7599292170122881
12403,11,0.530126787175982
14979,11,0.38782240239507304
15983,11,0.41278807771734183
18042,11,0.42333267357791615
22080,11,0.4136778516317816
23337,11,0.2666933306525523
24128,11,0.2218330536383544
2416,11,0.29095977505763787
3269,11,0.45162401697970217
4171,11,0.5951226310560522
8392,11,1.0483533760566344
10334,11,0.9596819516699254
12408,11,0.5744971124233167
13200,11,0.39517603333695
15988,11,0.45472747851980655
17011,11,0.414278189054339
23133,11,0.28239951743330516
24133,11,0.29790516779150505
25002,11,0.2771581541186973
25826,11,2.5264816796148493
2421,11,0.2506680072611206
5179,11,0.7551563208530493
6239,11,0.9255517488548175
10340,11,1.059103814730682
11381,11,0.9052399961885379
12413,11,0.5387111310164793
14989,11,0.376173643825149
23138,11,0.3467836331958104
24138,11,0.3747165958830697
25006,11,0.32800192865303285
25831,11,1.8175002288192563
1962,11,0.11137396433298995
2426,11,0.24546944122904651
4181,11,0.5411072338532432
5184,11,0.7261333891852317
7318,11,1.0037688455567828
8401,11,1.1116374709126393
10344,11,1.0571023292627737
11385,11,1.0435679749231446
12417,11,0.21818489556425097
18897,11,0.3925796044958226
22095,11,0.26705320017195944
23143,11,0.3054866951293317
25011,11,0.2828945862768023
25836,11,1.4423863730665887
2431,11,0.20789546383374488
5189,11,0.6885598211309218
9279,11,1.0805721620771382
11391,11,1.1259213549296094
12423,11,1.043711195120324
14453,11,0.33911720102217596
14998,11,0.35736719985594273
16003,11,0.34584085232406364
21041,11,0.25272276726523313
23148,11,0.24176683986401454
25016,11,0.25221010004267264
1845,11,0.44034399842340355
2436,11,0.381916515776861
7113,11,0.11534828275074532
11396,11,0.30354298468754837
12428,11,0.2211230316222649
14299,11,0.35061944791883926
15003,11,0.3565787151998343
15806,11,0.34163575275072944
19973,11,0.22061712158053762
21046,11,0.10338749112523907
25021,11,0.2856653670612029
25846,11,0.2822844761664731
3119,11,0.43369251035145867
4010,11,0.3818121218748913
4990,11,0.24422992223654924
7117,11,0.3372073659127653
8199,11,0.35220965406881977
11401,11,0.348714926560953
12433,11,0.4082556838585546
28001,11,0.08285264957231903
18072,11,0.24427131799079085
18912,11,0.2442312668317492
23158,11,0.09945642176182828
24158,11,0.1696987697135147
25026,11,0.20230569048883543
25851,11,0.20771684764293166
1741,11,0.2128160085579569
10364,11,0.28217399150920075
11406,11,0.34077381815696667
12438,11,0.34310655499911813
13393,11,1.397069211918169
15013,11,0.33410821606022245
15815,11,0.27854597826488137
17040,11,0.19434611282280292
18077,11,0.10060342832583513
18917,11,0.08043898997652174
22115,11,0.10212389574157053
24163,11,0.2118670808489065
25031,11,0.2536463332030647
25856,11,0.3179049407762707
27857,11,0.9244317058244795
2288,11,0.4392242020800539
3303,11,0.4967818247196811
7126,11,0.32595087380637155
8209,11,0.3429111706921838
9298,11,0.23956997224861257
27967,11,3.3529265628978426
27981,11,1.761409119479039
28051,11,2.754029162868802
16225,11,3.081626799174177
17045,11,3.8423927414135846
19987,11,0.10917565141803208
21060,11,0.15917425704758373
22118,11,0.20548175847885952
23166,11,0.21842279483854024
24166,11,0.30474161606018374
25035,11,0.38378658719245584
25860,11,0.2922099833791545
27918,12,0.03319698579587509
8211,12,0.03139188831638386
9083,12,0.029293271937550967
28125,12,0.021448020916910435
20418,12,0.024573472415990318
5210,12,0.11906208613128111
6057,12,0.0937567623227192
7130,12,0.057477130896783114
7997,12,0.0565423288901218
9087,12,0.04672807785885527
9948,12,0.037923943220015084
18291,12,0.03245849592062011
18922,12,0.03563325178709689
19776,12,0.036764792160943145
20849,12,0.039918434136051666
21908,12,0.03880499772498241
22958,12,0.04721310528609029
3482,12,0.4892191921723681
4019,12,0.31167687941228717
4798,12,0.20367627887946596
5849,12,0.08552968409292476
7136,12,0.062014617716385785
8002,12,0.06041914653406009
9092,12,0.05429847503572437
10161,12,0.043197055881933843
11204,12,0.03766446892852074
12238,12,0.044202049569781285
16840,12,0.032590359023337546
17874,12,0.03359902567818414
18716,12,0.039632607270409695
19565,12,0.03602211103286344
20854,12,0.04607893396460102
21913,12,0.047421442290036656
22961,12,0.05345084703515561
23977,12,0.04080458510793372
2451,12,0.6192689071332488
3131,12,0.569792937700563
4023,12,0.4869690121254627
5007,12,0.23602824598604238
5853,12,0.10239500065583966
6925,12,0.08400771008279993
8225,12,0.07838824325165064
9097,12,0.07444600071670737
10167,12,0.06847004976862424
11209,12,0.055555175718619246
12241,12,0.05244731828173189
13218,12,0.04547141248075546
14012,12,0.04375454292470088
15017,12,0.04758334307641079
15821,12,0.04679424358726419
16843,12,0.04053411698276743
17880,12,0.043539890400324424
18932,12,0.058857580370834016
19571,12,0.059316708910749166
20860,12,0.06791392499654571
21918,12,0.06928985509779796
22966,12,0.07628665685145569
23982,12,0.24502508273590964
24699,12,0.3037878336317252
1745,12,0.0558088996258185
2293,12,0.6626043332755448
3135,12,0.6770269579259055
4028,12,0.6475353794634526
27900,12,0.09414460297702214
7146,12,0.061960761606742396
8012,12,0.12075228913341311
10171,12,0.07522264489360769
12246,12,0.0707775124554702
14821,12,0.05377585984878317
15826,12,0.03231610129510138
17677,12,0.03752258950665921
20005,12,0.06749382080416853
21923,12,0.08533592289125523
22971,12,0.07815333207614662
25551,12,0.46681765573587963
1645,12,0.14985939976502374
2298,12,0.7207124589670321
3141,12,0.7683904590927844
7150,12,0.17051105254262136
9325,12,0.06143158291531482
10177,12,0.046558322203033846
11219,12,0.039514560238144134
13227,12,0.12505574247706616
14021,12,0.08277266323780047
16854,12,0.06380830958315788
21928,12,0.08602194169488918
22976,12,0.1687375331859214
9111,12,0.04149521976607961
10181,12,0.026968546265237273
12255,12,0.12661797815100667
13232,12,0.19382424512240967
17895,12,0.05850145121934319
18734,12,0.04712829137761762
1279,12,0.6088035042898795
4042,12,0.628139268153508
5027,12,0.6239821027124558
12260,12,0.09187865955696181
18951,12,0.13018057767747726
21937,12,0.1187821730503468
1191,12,0.6857585337433845
3155,12,0.6625394456854284
4048,12,0.6693314824396436
5032,12,0.6078385976027482
6949,12,0.5322385585409676
11233,12,0.08075033903298828
28017,12,0.2433207838994855
13243,12,0.32866918598046424
15845,12,0.2185977060972369
19810,12,0.06503173167718576
21942,12,0.12026369608274295
24889,12,0.33272899017890806
4833,12,0.6267603447899068
6096,12,0.5856445191225854
15850,12,0.23721608387195772
4246,12,0.6787852899947926
14851,12,0.2263857363658123
19820,12,0.08832601260376434
788,12,0.7105270050560087
4062,12,0.6632363187552817
6106,12,0.3406193946124828
13257,12,0.15799815713828874
14052,12,0.34324527219755524
14856,12,0.2952981787071628
15860,12,0.26273945493890166
16883,12,0.01771662669718456
17919,12,0.010633178547228127
24021,12,0.09651545068739383
25073,12,0.12627101538881277
794,12,0.711415767273463
1121,12,0.5685948405090615
6111,12,0.36039497949757093
12284,12,0.3169143066853589
14861,12,0.3020318869198426
16888,12,0.023752588949625886
18764,12,0.055839398218532135
23010,12,0.23212537619434553
24026,12,0.19867970048750566
520,12,1.4166902438366817
8274,12,0.23210520148039937
13083,12,0.30341553337979726
14061,12,0.34930173056426744
16893,12,0.026347362259335514
20907,12,0.127495787296371
24914,12,0.21498080216112853
25754,12,0.14259532715670065
27093,12,1.1068985464645391
464,12,1.5518471250074615
7194,12,0.12284490789513353
14871,12,0.3455515797827392
15875,12,0.2398080512378436
19840,12,0.05956136575969333
21972,12,0.17051882599790077
23020,12,0.194325792040699
24036,12,0.22722679780933855
26312,12,0.15566254970467486
26646,12,0.2586789344750585
808,12,0.8201158897884296
1317,12,0.7008456770007481
3016,12,0.2933647965795902
7200,12,0.1869358415357031
12300,12,0.6512612256298479
15880,12,0.19004340975535042
19845,12,0.027400050649374223
20918,12,0.11042659493566352
21977,12,0.21288469632655058
24924,12,0.26326610333615047
26733,12,0.19919655763193728
259,12,1.482885106120294
812,12,0.758606286221015
1698,12,0.5814878841487527
2352,12,0.6776399188168146
6988,12,0.06669500610435716
8289,12,0.18186242578264683
18784,12,0.06435301433157677
21982,12,0.22381409503992103
23030,12,0.2549868894777062
25098,12,0.2584643898171777
25769,12,0.23563455687699372
26739,12,0.2340452465310671
27108,12,0.26033802545300766
266,12,1.197964452772981
6994,12,0.5577130581306725
8075,12,0.16511945353263235
13464,12,0.2967704509083302
16913,12,0.0927444132911311
21987,12,0.2060977311155098
23035,12,0.2474104533862442
25103,12,0.18799638671411484
25775,12,0.31810421512513104
26326,12,0.26087868922351903
823,12,0.6257462960748578
3204,12,0.8051387499731729
4476,12,0.42743987702107616
4877,12,0.4221285850399336
8080,12,0.4576380334193551
10449,12,0.3761547949360971
16918,12,0.10942744174815729
19860,12,0.04515150903434421
23040,12,0.2211346054613182
23661,12,0.3129658352099126
25278,12,0.3683326470827394
25780,12,0.2740046201339898
26331,12,0.31228512339873854
27118,12,0.32259513248792143
27402,12,0.25719729907756095
27532,12,1.2677725528980535
616,12,0.6655400687301616
827,12,0.6703756486807247
1245,12,0.6566265862172558
5086,12,0.5051494867008672
8302,12,0.25750997434689077
10246,12,0.8734868402170474
11287,12,0.7058696838682988
15899,12,0.2760157530462663
17958,12,0.12141673810320415
20937,12,0.19122217010731715
26753,12,0.30451063246791954
27122,12,0.2887271909261483
27406,12,0.29604779136031373
63,12,1.078870783557189
494,12,0.6849857145153301
832,12,0.668862203148453
4477,12,1.0162436187446737
4881,12,1.120420834702534
11706,12,2.006434622314224
16721,12,0.12231926577470052
19654,12,0.02679496319493414
23050,12,0.31014329251975187
25789,12,0.40543787859527064
26758,12,0.40798138756089725
44,12,2.3396398751136585
838,12,0.5791701275077992
2376,12,0.5371818924620054
4093,12,0.8992846058811461
11711,12,2.0365073484985263
25794,12,0.3831315765424776
26346,12,0.4939959694868189
26763,12,0.45499887181871546
27132,12,0.4612082558921947
27313,12,0.464462750990385
27723,12,2.0042668609030634
16,12,3.394583755388644
242,12,0.8721290226422455
503,12,0.680034439666636
1728,12,0.42069686783191707
6160,12,1.1699833105441744
7451,12,1.199293630460007
9190,12,1.9445850080361817
10260,12,2.1380815639895276
23059,12,0.4600680139343644
24059,12,0.5311249077250918
24759,12,0.5110905261559572
25943,12,0.5155937104807058
26352,12,0.5637281104598669
27623,12,0.5026999928916781
27727,12,2.03661849310916
27795,12,2.173908833378593
7,12,3.562876701867361
103,12,3.0114259133728702
508,12,0.4847742395065752
1266,12,0.15759726455130305
3377,12,0.6594673763180564
5105,12,1.01109926602797
9195,12,2.0644633111247606
12339,12,2.207048874675899
24064,12,0.6767766062404913
24932,12,0.5014838361871967
26773,12,0.7080929345711556
27628,12,0.6396791322695207
2,12,3.746102221772963
108,12,3.654341317901451
852,12,0.5635019321198405
1738,12,0.2972172989806311
3208,12,0.5027914097823593
4107,12,0.8618586588202751
11312,12,2.0948427498464444
13322,12,2.0357345555952673
20104,12,0.2872161687480239
22231,12,0.41283823369557554
24069,12,0.8025942080215195
24936,12,0.6009755806844039
26360,12,0.6999868717814411
27147,12,0.803213914099734
27633,12,0.8091902633210027
27814,12,2.3396051824706374
6,12,4.061355215224482
258,12,1.4192579626316904
518,12,0.8819575952403973
1275,12,0.5848454023221569
1550,12,0.29872681867152373
2541,12,0.274471084539781
3213,12,0.4750054336761128
4113,12,0.6972108829773334
6176,12,0.7443800014560736
8987,12,1.4877239037404535
10275,12,1.7802159317918993
11316,12,1.7198599536839576
12349,12,1.4164439377102545
13326,12,1.542118677527238
24074,12,0.7221229802917715
24942,12,1.0678221421154712
25799,12,0.778177951528982
27436,12,0.9090332590267626
27818,12,2.339998498032149
27846,12,3.04450827191926
2385,12,0.5712599078526037
8120,12,1.0756835899998085
9428,12,1.2052391129471156
10279,12,1.2047873842477534
11322,12,1.1517353166944237
14930,12,1.0742915710986298
16957,12,1.2450564639376804
18834,12,1.041449049264473
26176,12,1.0270680542299595
26787,12,0.9609891818573498
27156,12,0.906645465898751
27440,12,0.9909324136045903
27607,12,1.044071515670839
1841,12,2.9720986025121823
2390,12,0.33766738322968226
5125,12,1.0019454577758458
6399,12,0.9631778276136822
10285,12,0.9012138995222339
13336,12,1.4317881095653875
16962,12,1.0527659567200658
17998,12,1.1437578097765078
18838,12,1.0431325618965321
28131,12,0.2191319727651214
22036,12,0.39050896730366075
24084,12,0.5332906227290992
25809,12,1.0960938571167538
26361,12,1.676654037640437
27869,12,2.99349185837723
2394,12,1.1056295606804152
4127,12,0.8161786264908732
7048,12,0.974049816057723
8348,12,0.8237018346552171
9220,12,0.8260640505506875
10290,12,0.8340456909052173
11331,12,0.8324221063396728
14135,12,0.6698619143430538
18843,12,0.20306452528643176
24089,12,0.5924849354370519
24957,12,0.4632174028615451
26274,12,0.90871553142987
3230,12,0.4453026361810539
6195,12,0.738600697971019
8134,12,0.8349831368339726
11336,12,0.4136770657247149
14945,12,0.7043998229091352
24094,12,0.3499049739276442
28189,12,0.8663210557912723
3235,12,0.27529833010115773
8141,12,0.2757232223643956
12374,12,0.36813112666006614
13351,12,0.38990789231458073
18013,12,0.32526939804168775
24099,12,0.2498459360305256
24967,12,1.0473509809868986
25483,12,2.990126792667915
2721,12,0.26607480946325013
4141,12,0.2745045985124434
8145,12,0.26386292943023315
10305,12,0.3266683360788898
11346,12,0.3706384602718771
12378,12,0.33602317713141366
13355,12,0.3539248229301892
22055,12,0.16392469165628923
23103,12,0.13159579050935996
24103,12,0.20992073710831405
25487,12,3.038645177416119
2557,12,0.738692299402539
3244,12,0.2508776688622705
4146,12,0.23820210619913432
9239,12,0.28777502181471487
13360,12,0.28033493047848795
14959,12,0.4819200977582752
18022,12,0.26521659423458555
18862,12,0.25450145319042067
23108,12,0.1252657233468297
2396,12,0.9441785170407532
3250,12,0.25060608085439534
5154,12,0.18492466689884393
8154,12,0.1910109931474579
10313,12,0.304973486938289
19933,12,0.01979385599065968
21006,12,0.1026005599785443
24981,12,0.3118677696901324
25659,12,3.3124607612683747
2401,12,0.7349610627660229
3254,12,0.24156888752193775
6219,12,0.23040405281048545
8159,12,0.23614266433255224
9249,12,0.23218454323663018
10319,12,0.2826209120361094
12393,12,0.35449603050407946
13370,12,0.25402769341403486
14969,12,0.24498580771619957
19938,12,0.09591814150022221
23118,12,0.13255884513978264
24118,12,0.20688394430466076
25819,12,3.3487932932703535
3259,12,0.2292090726045049
7082,12,0.19397749265459038
8164,12,0.22226300119188783
9472,12,0.27873543054547445
10324,12,0.33478292428628414
12398,12,0.32526228743607594
14974,12,0.17932128098108732
15978,12,0.2259056028421919
18037,12,0.05619068688216217
18877,12,0.07787822259883279
23123,12,0.12167655158021638
24123,12,0.22795806278600256
24991,12,0.36536422606699115
2411,12,0.2643784435361498
3089,12,0.23048742458971858
4166,12,0.1605730755977061
6229,12,0.15505045598321482
11371,12,0.10261036845932292
12403,12,0.1948054169227115
14979,12,0.15440070054297933
15983,12,0.22787382930864386
17006,12,0.09195078655283344
18042,12,0.08656691970301782
22080,12,0.14260357721137382
23337,12,0.15754889435149286
24128,12,0.20437655268527855
25673,12,0.9706563783661631
2416,12,0.1994635044620393
3269,12,0.1925567265720285
4171,12,0.1907471302661908
7092,12,0.15474059130768053
8392,12,0.23393113290874826
10334,12,0.14203317548654293
12408,12,0.12884937424814796
13200,12,0.16633926686831021
15988,12,0.1182450886650383
17011,12,0.058148615532980244
23133,12,0.1800651992435731
24133,12,0.2504965682869453
25002,12,0.36857046859606
25826,12,1.4748959438657032
5179,12,0.19982437484123175
10340,12,0.11070582776148487
11381,12,0.10470475876495651
12413,12,0.14860218608707032
14989,12,0.09994344042892772
17016,12,0.03531511016853592
23138,12,0.257597899138123
24138,12,0.32506565981118096
25831,12,0.7259037189762501
1962,12,0.40899970696136745
2426,12,0.18663400893653417
5184,12,0.16393166325342443
6244,12,0.1982634221508913
7318,12,0.19024331793107396
8401,12,0.08040001130308547
10344,12,0.17095924124210155
11385,12,0.14434297824089143
12417,12,0.1312810703623137
14993,12,0.08611470050615652
17020,12,0.03716211656184048
22095,12,0.1882814680194606
23143,12,0.2990325832364328
25011,12,0.47621899763273406
25836,12,0.6483490818170525
2431,12,0.25125402973738864
5189,12,0.17143222767324046
7107,12,0.08272737205278352
9279,12,0.14042962900415687
11391,12,0.12408465581440963
14453,12,0.45359370208245575
14998,12,0.11151815584167869
16003,12,0.03175565888594379
21041,12,0.16662938075933367
23148,12,0.26651779972420625
25016,12,0.42530603008677614
25841,12,0.5812601426149355
1845,12,0.3318495975139507
2436,12,0.350617299359898
7113,12,0.11917288395998214
10354,12,0.027292351923271143
11396,12,0.13346748909288675
12428,12,0.27868958997474325
14299,12,0.1528437378649706
15003,12,0.08478246368681898
15806,12,0.037555212841383016
19119,12,0.10446657907936882
19973,12,0.14931352610847728
21046,12,0.16556332335323898
25021,12,0.44559050131564487
25846,12,0.6434014313406697
3119,12,0.45731025204504805
4010,12,0.4597273916120035
7117,12,0.07960987309170926
8199,12,0.06730643353435471
10359,12,0.0709764424979999
11401,12,0.08893439889986922
12433,12,0.21221640116806667
28001,12,0.9734726884474888
18072,12,0.08512490216538242
18912,12,0.1350443742314183
23158,12,0.42857104355508496
24158,12,0.4491527051699024
25026,12,0.5807198443126781
25851,12,0.6778501278618364
1741,12,0.7546842138004057
10364,12,0.0394985772522764
11406,12,0.0853344067634226
12438,12,0.20507334497921242
13393,12,2.31649264541711
15013,12,0.0690299615405773
15815,12,0.15638896265720673
17040,12,0.22226988602374292
18077,12,0.2818596861517546
18917,12,0.27525277997704095
22115,12,0.472338272382947
24163,12,0.48590467348466326
25031,12,0.6355491485850495
25856,12,0.6736590528014805
27857,12,1.7685234094186484
2288,12,0.5081299137274872
3303,12,0.51133639105366
7126,12,0.3029458151251306
8209,12,0.18917440713851627
9298,12,0.18524286914132823
27967,12,2.6943036387775803
27981,12,2.5805174608438914
28051,12,3.0835472188246884
16225,12,3.2089138255902263
17045,12,3.411002600266573
18290,12,0.3421358375328368
19987,12,0.45813049818481605
21060,12,0.41663533283933524
22118,12,0.46850590481768045
23166,12,0.6063388192811734
24166,12,0.6850027110694893
25035,12,0.6911055780417329
25860,12,0.7111119671817321
27918,13,0.030281021498034792
8211,13,0.02959076029268785
9083,13,0.024057107523178568
28125,13,0.023571605175444554
20418,13,0.02937400201439968
5210,13,0.11259052321834381
6057,13,0.09373193508214286
7130,13,0.06041592828274666
7997,13,0.058557138033976386
9087,13,0.048063364326190634
9948,13,0.039777638060600924
18291,13,0.044948867219410236
18922,13,0.046475930380772225
19776,13,0.04669133043526756
20849,13,0.0487097313902766
21908,13,0.047895456215606286
22958,13,0.057935615238476894
3482,13,0.3114340469089549
4019,13,0.21487999352386847
4798,13,0.1536820830703163
5849,13,0.08502741205492237
7136,13,0.06546174248618955
8002,13,0.0639305586631928
9092,13,0.0581203336098991
10161,13,0.04925622104243877
11204,13,0.046592600419655295
12238,13,0.058104715246705844
16840,13,0.03747381811663006
17874,13,0.03992308222639556
18716,13,0.051883159060961845
19565,13,0.04835277344714635
20854,13,0.0580597605294883
21913,13,0.05853394078110751
22961,13,0.06591701265916491
23977,13,0.05263862091453273
2451,13,0.38395814194380523
3131,13,0.36598725058900217
4023,13,0.31279767278134624
5007,13,0.19662460759013745
5853,13,0.11113370176542342
6925,13,0.08889784684758781
9097,13,0.08800370073040985
10167,13,0.08322924441974214
11209,13,0.07167030485510371
12241,13,0.07112515153624976
13218,13,0.06010252959156475
14012,13,0.05592873861255566
15017,13,0.06092235043764211
15821,13,0.05845921174125377
16843,13,0.04874156942586705
17880,13,0.05615836615852063
18932,13,0.07635408898231902
19571,13,0.07694395034983155
20860,13,0.08591612171155956
21918,13,0.08512582752261388
22966,13,0.09591966132459967
23982,13,0.2805030412927824
24699,13,0.31836141139022156
1745,13,0.12248691188097971
2293,13,0.39168426952229185
3135,13,0.4247903415189802
4028,13,0.43481747740647575
27900,13,0.10577077860393315
7146,13,0.15787275899604636
8012,13,0.11433724549557908
10171,13,0.09165827053623747
12246,13,0.09672789111358943
14821,13,0.07043274004008235
15826,13,0.06579436757002186
17677,13,0.09960655771902074
20005,13,0.08870744015584552
21923,13,0.10457445621221476
22971,13,0.13800592448369722
25551,13,0.5541963710851893
1645,13,0.18444924425850764
3141,13,0.4245062180951877
7150,13,0.16949770271994566
9325,13,0.11532763783584549
14021,13,0.11792764610509955
16854,13,0.11342947416053298
22976,13,0.45493223072814004
9111,13,0.20527973221326062
12255,13,0.1280428732616101
13232,13,0.1358336465909656
17895,13,0.13266364928549412
18734,13,0.17941204180386647
21932,13,0.06294979293013508
1279,13,0.5833835294342555
4042,13,0.3487523788812698
5027,13,0.4495934667256805
12260,13,0.15687349510224854
21937,13,0.26773704253408365
28240,13,0.441584714194068
1191,13,0.6579563070688029
3155,13,0.35999228163693797
4048,13,0.3852281801473136
5032,13,0.4563284037963198
6949,13,0.525018422406788
28017,13,0.3439068899100844
13243,13,0.18730115928821603
15845,13,0.23466843226886627
19810,13,0.20747110765379387
21942,13,0.32521055682717503
24889,13,0.24789172418442254
4833,13,0.41687785705415775
6096,13,0.5458238792695015
11238,13,0.6704048177115793
15850,13,0.24037699866073584
20888,13,0.32291401165909583
21947,13,0.4186921849458617
4246,13,0.40887450147647125
13253,13,0.1706773834706102
14851,13,0.20700417454445846
19820,13,0.25487433117918756
788,13,0.26930071659278393
4062,13,0.3717739800355469
6106,13,0.6287386647299347
13257,13,0.2535833630327896
14052,13,0.2662833031672168
14856,13,0.21059415496445133
15860,13,0.22054131219183365
16883,13,0.17596049335592134
17919,13,0.2003938447035098
24021,13,0.3065387130176332
25073,13,0.2869162757883037
582,13,0.5792241977932008
794,13,0.4694994223436271
1121,13,0.3575559151212841
6111,13,0.3601279137560963
12284,13,0.5486792716335233
14055,13,0.2947553714574302
14861,13,0.22539307844622972
16888,13,0.18971011963948056
18764,13,0.15874226449566492
23010,13,0.21960450786977767
520,13,0.5547510813725605
6116,13,0.3885793220831343
13083,13,0.18676844564409464
16893,13,0.1395598749222094
25754,13,0.2597238102093686
26724,13,0.4713058209864328
27093,13,0.6812956355908568
464,13,0.6700966817808077
2342,13,0.2291765280864839
7194,13,0.1313536726109811
13087,13,0.39533046955479745
14871,13,0.26375308558779365
15875,13,0.12888818883395353
16898,13,0.12785514795140676
17934,13,0.04411617380441967
19840,13,0.09150247072684609
21972,13,0.12127201577176198
23020,13,0.19333924535321603
24036,13,0.20336149535345066
26312,13,0.3829724078376836
26646,13,0.43912734740600534
808,13,0.6058223129822622
1317,13,0.60569575013656
3016,13,0.160737076929266
7200,13,0.08849924508472201
8065,13,0.07022193943629317
14876,13,0.29081324541939385
15880,13,0.1301487495881717
19845,13,0.0427615248106541
20918,13,0.024634933854664844
21977,13,0.05585557489061959
24041,13,0.11584473430166399
24924,13,0.20870139928759956
26733,13,0.4090078721293362
259,13,1.30351167521187
812,13,0.621000150168581
1698,13,0.4504615851097983
2352,13,0.27982628200516424
6988,13,0.22039185939176478
8289,13,0.17046393653889347
18784,13,0.024360631545322687
19850,13,0.03918663203196174
21136,13,0.014559687695657984
21982,13,0.019490469220527024
23030,13,0.04121806748436687
25098,13,0.21752997975363852
25769,13,0.26562387257455344
26739,13,0.4528492068677044
27108,13,0.45327729342662276
266,13,1.104212863670797
6994,13,0.16830945945003906
8075,13,0.09128224543707206
9166,13,0.12512175707236442
13464,13,0.1787695726092128
16913,13,0.10423308298196804
20069,13,0.04317725772947353
21987,13,0.054054429126411105
23035,13,0.027178634812083574
25103,13,0.22798362326354338
25775,13,0.34309177822830467
26326,13,0.33083803847140136
823,13,0.6488317497585239
4476,13,1.1302406973009893
4877,13,0.9450950530254608
8080,13,0.23663104553330144
9389,13,0.32606936100774575
10449,13,0.10115473579121911
16918,13,0.11103128249059348
23040,13,0.0717851001754046
23661,13,0.0924678582792263
25278,13,0.35480591501937747
25780,13,0.29150459954667196
26331,13,0.3575235225169763
27118,13,0.4400490091116563
27402,13,0.45029615983141413
827,13,0.6152499069946554
1245,13,0.5680960436996889
5086,13,1.1519246515357033
8302,13,0.3584637656899453
10246,13,0.19987842743813558
11287,13,0.32553778637946407
15899,13,0.14398165759551035
17958,13,0.11379868812231098
20937,13,0.056841955377036096
27122,13,0.4349585074332021
27406,13,0.46840488809275305
63,13,1.0873879973242282
494,13,0.582849158013035
4477,13,0.4742311006337117
11706,13,0.23339940071885965
16721,13,0.223805057247586
23050,13,0.20029888734523058
25789,13,0.43259659717257803
27411,13,0.43248881464255007
44,13,3.0054788218055974
238,13,0.8001733583069923
838,13,0.43846947706141204
2376,13,0.07936587110265295
4093,13,0.5446626064929857
11711,13,1.4861495392502702
16521,13,0.02717980356598704
25794,13,0.5859062228184247
26346,13,0.4690081438672364
26763,13,0.44045728958462693
27723,13,2.110066481955189
16,13,3.788313576065553
503,13,0.599873380618957
1728,13,0.18479935844681467
7451,13,1.0886342503934838
9190,13,2.1527098710455825
10260,13,2.2763953125010525
23059,13,0.27584661615531353
24759,13,0.2949719916969765
25943,13,0.5968527449638866
26352,13,0.55558059721232
27623,13,0.49546117050297017
27727,13,2.118750089230534
27795,13,2.1993668466438887
7,13,3.622280332464183
103,13,3.131668801821403
508,13,0.7722043034452852
1266,13,0.5566467875998744
3377,13,0.8680650730331082
5105,13,0.8557802432056929
12339,13,1.8645812369174952
23064,13,0.2799623694674183
24064,13,0.24993600987301534
24932,13,0.25242863108155833
26356,13,0.6569094851587803
26773,13,0.5227849502893582
27628,13,0.5551002363892291
27809,13,2.2320003538330564
2,13,3.5578599577384984
108,13,3.5261893735440433
852,13,1.0968139321833494
1738,13,0.47730553988433266
3208,13,0.8074089646569338
4107,13,0.8223849278198905
11312,13,2.204321942384804
13322,13,1.6834297335173243
20104,13,0.5001173064782091
22231,13,0.37111034890822653
24069,13,0.2521566156121121
24936,13,0.1861405585239287
25631,13,0.32157858403188666
26360,13,0.6364716820338886
27147,13,0.6564449920350047
27633,13,0.5094876367637641
27814,13,2.3196608337810116
6,13,3.801305780771574
258,13,3.207242582081043
518,13,1.1563627810252164
1275,13,1.4208540298480483
1550,13,0.5082523368087252
2541,13,1.392264566793103
3213,13,0.5360186968503975
4113,13,0.7697402590461772
8987,13,1.8043364725427802
10275,13,2.084921374824523
11316,13,1.8888191879154614
12349,13,1.2941058721094554
13326,13,1.2833029522006703
14120,13,0.384793660766036
23074,13,0.3180307985572552
24074,13,0.26405348107506216
24942,13,0.29271641908399465
25799,13,0.38912853405599673
27436,13,0.6370852776242799
27818,13,2.439182616421112
27846,13,3.7673531068328727
2385,13,1.8463426706008448
3218,13,1.458268160862585
8120,13,0.5217097622240454
9428,13,0.4770598137700563
10279,13,0.5704812584876243
11322,13,0.7675074570657532
14125,13,0.44617853166751364
14930,13,0.4021837792802964
16957,13,0.48054658367645975
18834,13,0.5051038141157197
26176,13,0.6866233678120013
26787,13,0.7660806706842903
27156,13,0.6493548582323905
27440,13,0.6216652900310593
27607,13,0.5464413455093753
1841,13,3.739240763279296
2390,13,3.2194090087347687
4122,13,1.4887498176860259
5125,13,1.4990154548510934
6399,13,1.298756743630459
9433,13,0.641837795463054
10285,13,0.8828231714700865
13336,13,0.4809777551385837
16962,13,0.30700734900286025
17998,13,0.3727974387946875
18838,13,0.232350500122716
28131,13,0.3617690698083972
22036,13,0.43407052291858356
24084,13,0.482269204892345
26361,13,0.9962916325054354
27869,13,3.7095547825374817
2394,13,3.1794630840626517
4127,13,1.602269215922629
7048,13,1.3041147594469826
8348,13,0.9112648190677999
9220,13,0.8437128486012909
10290,13,0.7995122332904729
11331,13,0.7119812049676548
14135,13,0.8852895872855782
18843,13,0.2775959752133104
24089,13,0.3735932273891653
24957,13,0.1683112456132711
3230,13,0.585856899467578
6195,13,0.45273135923491703
8134,13,0.8822053365176158
14945,13,0.7802188749646825
28189,13,0.23028125831934854
3235,13,0.5481698956014179
8141,13,0.39083324265645547
12374,13,0.4725872930788115
13351,13,0.6237567816333769
18013,13,0.5957025032581443
24099,13,0.09228023167095162
24967,13,0.39903188801964684
25483,13,3.136275843631409
2721,13,0.6722252308854373
4141,13,0.5452546470826538
8145,13,0.3956237878497838
9234,13,0.40250940494295984
10305,13,0.38279217749330835
11346,13,0.3571202358262011
12378,13,0.352342851211639
20996,13,0.3643372836535139
22055,13,0.15250878279326954
23103,13,0.12393572704709391
24103,13,0.08512749692706931
25487,13,2.980319486555916
2557,13,0.7290122331176189
3244,13,0.5310655790946766
4146,13,0.5368807600542148
6209,13,0.4779994697523775
9239,13,0.37744478136373655
10100,13,0.3496166708584693
13360,13,0.40019623062879023
14959,13,0.6480117594665821
18022,13,0.585133162382478
21002,13,0.11131714617139235
22060,13,0.13275299298575005
23108,13,0.17985024520234177
24976,13,0.1634536106967032
25654,13,3.3309144669318997
2396,13,0.5808272810910886
3250,13,0.5444300187624695
8154,13,0.42052576938254294
10313,13,0.3295951898821337
13365,13,0.39220260126380363
24981,13,0.11825755492060397
25659,13,3.1251505975964857
2401,13,0.5321282906380945
3254,13,0.5301110368445885
6219,13,0.47154424302736864
8159,13,0.4240340232776834
9249,13,0.3715696490764266
10319,13,0.291625055787812
12393,13,0.2570404933429941
13370,13,0.2888442002910819
14969,13,0.5098401624400519
18872,13,0.16617776765543332
19938,13,0.17232282423232384
22071,13,0.2134403832199182
23118,13,0.13945530895169791
24118,13,0.08818634817244934
24986,13,0.08473567035648441
25819,13,3.1039201498228515
3259,13,0.5315850752849783
7082,13,0.45704262943985297
8164,13,0.40631540045278847
9472,13,0.3340666452439579
10324,13,0.29168683081610564
12398,13,0.2970227629892541
14974,13,0.5268855163909707
15978,13,0.510610967394358
18037,13,0.21731173635931839
18877,13,0.1991821307803021
19944,13,0.2610893571436767
21016,13,0.2677232198679658
23123,13,0.16330414549268957
24123,13,0.13801798074507352
24991,13,0.10006809477003718
2411,13,0.5048708934655582
3089,13,0.540758103062972
6229,13,0.48550269798518053
7087,13,0.4635048464177243
8169,13,0.4126116101803131
11371,13,0.10608455691401868
12403,13,0.1740948649186949
14979,13,0.36920137967973543
15983,13,0.4474184046412408
17006,13,0.3369025828377336
18042,13,0.2870943235000977
22080,13,0.23641475835525078
23337,13,0.13916456197853327
24128,13,0.14890350008933945
2416,13,0.5344559920462213
3269,13,0.5397151645181033
7092,13,0.4684033803666052
8392,13,0.3420352263129524
10334,13,0.12397183415206117
11583,13,0.07843980158928046
13200,13,0.4267626272455648
15988,13,0.35092111985200897
17011,13,0.29536609851464823
18047,13,0.27941001404277993
18887,13,0.25296844860170076
23133,13,0.2099888537405138
24133,13,0.14754287140934746
25002,13,0.18790705253318274
25826,13,0.27284200079001936
5179,13,0.5133359969441053
7097,13,0.5224678105522627
8179,13,0.403352433134838
10340,13,0.06941485121860085
11381,13,0.09054076165601628
12413,13,0.40851896053715875
14989,13,0.43147688294965625
15791,13,0.3438818012507193
17016,13,0.303033831097795
18052,13,0.2824350803220306
22090,13,0.22192318529477822
24138,13,0.15668605119584927
25831,13,0.24800599700256856
1962,13,0.5946672532737957
2426,13,0.5162421818175429
5184,13,0.5374274327230377
6244,13,0.5092011406075626
7318,13,0.4466554222745494
8401,13,0.2484812655912528
11385,13,0.13154908222116768
12417,13,0.4659953254180496
14993,13,0.2964734896501339
17020,13,0.33563240927414595
21036,13,0.2284820848774435
23143,13,0.1414962030416066
25011,13,0.2253458973736085
2431,13,0.5119666764286697
8189,13,0.10487894638915389
9279,13,0.04438729596825402
11391,13,0.20905428264704118
14453,13,0.20875954213851722
14998,13,0.35716911887796565
16003,13,0.34080845539900917
21041,13,0.21155927258234947
23148,13,0.12581645102874212
25016,13,0.279900474559542
1845,13,0.5362855494802796
2436,13,0.5618524016405326
4190,13,0.6160569148618391
10354,13,0.08383180508752971
11396,13,0.2616291129230106
14299,13,0.24519289051171725
15003,13,0.291926085767899
15806,13,0.25557324693421835
19119,13,0.23923765103856162
19973,13,0.19739458729377896
21046,13,0.069842203246043
25021,13,0.17513527191821565
25846,13,0.3516385934784104
2441,13,0.48676574129153277
4010,13,0.5747746490917823
6259,13,0.3528879653402268
7117,13,0.2643248450840186
8199,13,0.14392896198800198
10359,13,0.06620571594395562
12433,13,0.2858546055549534
28001,13,0.2880626999038205
15008,13,0.2093157807820567
17036,13,0.17367576494154333
18072,13,0.21723775126961448
18912,13,0.19102908284574008
23158,13,0.16474114734226245
24158,13,0.19996301211930237
25026,13,0.19628950144832977
25851,13,0.1891326108184893
1741,13,0.9031022091761642
3298,13,0.5582882434160512
4200,13,0.5616588111497841
11406,13,0.2331154455111622
13393,13,1.1596962584629007
15013,13,0.09659168577150976
15815,13,0.14586703192548112
17040,13,0.15780446519168068
18077,13,0.32399453462919325
18917,13,0.15685780709559638
22115,13,0.06418616075358635
24163,13,0.17159601074916161
25031,13,0.21322147494904106
25856,13,0.3206471518956056
27857,13,3.4274479212129405
2288,13,0.5332102684849874
3303,13,0.523930608865725
7126,13,0.5775619162540058
8209,13,0.7113601287789929
9298,13,0.21443778570047442
27967,13,3.3810879048962112
27981,13,2.179283969017369
28051,13,1.8008997287117434
16225,13,2.620039735043998
17045,13,3.3503410741953803
18290,13,0.7968479984112242
21060,13,0.10106162791377678
22118,13,0.12251546105934423
23166,13,0.14319999330569153
24166,13,0.17038469343097173
25035,13,0.449429025847197
25860,13,0.2439911347306656
27918,14,0.035391894492144325
8211,14,0.03404900658861409
9083,14,0.026267148004694284
28125,14,0.026865151141110162
20418,14,0.03838822969754405
5210,14,0.11107144348704859
6057,14,0.09521384908859457
7130,14,0.07056762012710734
7997,14,0.07168819654072703
9087,14,0.0590098633085973
9948,14,0.05041655526718508
18291,14,0.05430902810055098
18922,14,0.055585143542317576
19776,14,0.055231414788398644
20849,14,0.06230370981125889
21908,14,0.06230276991937902
22958,14,0.06924173832827793
3482,14,0.26383661052281193
4019,14,0.17604516849418836
4798,14,0.13790528509365707
5849,14,0.08247092129162947
7136,14,0.07643551710913965
8002,14,0.07785762966077911
9092,14,0.07064956337536595
10161,14,0.06110560625620602
11204,14,0.050495600234321564
12238,14,0.05471116730272723
16840,14,0.04039285378048293
17874,14,0.04684370141487886
18716,14,0.06435131654457235
19565,14,0.059976592555189376
20854,14,0.07389363153328977
21913,14,0.07384329905890362
22961,14,0.07693409874426953
23977,14,0.05955762548552781
2451,14,0.37893653621423445
3131,14,0.35871923678201556
4023,14,0.2528959865078725
5007,14,0.18596757779778927
5853,14,0.10481286340856658
6925,14,0.09570705354752154
9097,14,0.0959262520951009
10167,14,0.09297482916870335
11209,14,0.07714085338797944
12241,14,0.06648118276589225
13218,14,0.055098318539475014
14012,14,0.05004582460993472
15017,14,0.05608108277884094
15821,14,0.05589019420141619
16843,14,0.05404836822715139
17880,14,0.06522156917392047
18932,14,0.09305702467579206
19571,14,0.09531688925432477
20860,14,0.1094530810165522
21918,14,0.10821379304220201
22966,14,0.11524315002576048
23982,14,0.22092108593112617
24699,14,0.20634525039464163
1745,14,0.07092911292604102
2293,14,0.3713673222095151
3135,14,0.4166850812206449
27900,14,0.11060036155578508
7146,14,0.08983488409085501
8012,14,0.13910052402681694
10171,14,0.10914571487812723
12246,14,0.09444738783827017
14821,14,0.06558299390228298
15826,14,0.09739747651445393
17677,14,0.08502168281923642
20005,14,0.11296274463603573
21923,14,0.13428019284056705
22971,14,0.1468043810400402
25551,14,0.3746149630460533
1645,14,0.2069299402468342
3141,14,0.45749917830161646
7150,14,0.21503289721344487
9325,14,0.18438194086458215
14021,14,0.12175415660960426
22976,14,0.3703040244812805
9111,14,0.17161946064936207
12255,14,0.14101020017970584
13232,14,0.11020461742487163
17895,14,0.1434277268847673
18734,14,0.13105015861683858
21932,14,0.28374461695142744
1279,14,0.656845492886473
4042,14,0.39832868403893773
5027,14,0.4911244092585318
12260,14,0.19062878666303054
21937,14,0.32310180538536976
28240,14,0.4151212831950552
1191,14,0.6586099987178243
3155,14,0.4544893183059493
4048,14,0.4316369609086992
5032,14,0.4824587986956538
6949,14,0.5390617158737808
9340,14,0.1702368718603794
10193,14,0.1847543794807686
28017,14,0.21704625668973238
13243,14,0.1522737820157939
15845,14,0.1947725075501883
19810,14,0.17823143642304054
20883,14,0.28772109041782296
21942,14,0.3334153572703307
24889,14,0.30141053774273013
4833,14,0.4292020681350156
6096,14,0.4915585714352381
11238,14,0.20967311185362503
16667,14,0.2494542339964925
20888,14,0.2975033400046818
4246,14,0.4860820926696523
13253,14,0.12744114020896194
14047,14,0.1867305941686884
14851,14,0.2484464649263084
19820,14,0.28359725757617005
20893,14,0.2468254325575785
24016,14,0.3018713311155318
788,14,0.4227579199057192
4062,14,0.49265860721509463
6106,14,0.15347551647565102
13257,14,0.17928932827375682
14052,14,0.2040330755684595
14856,14,0.2003025569334139
15860,14,0.29927820564535873
16883,14,0.2624402452376433
17919,14,0.23271350543463307
21957,14,0.24726152620969236
24021,14,0.33837033301092206
25073,14,0.278829101325829
582,14,0.3432437926662584
794,14,0.10520756040484176
1121,14,0.04285893116354933
6111,14,0.37932129745386733
12284,14,0.22581391246139976
14055,14,0.20337478107773554
14861,14,0.23429080747478695
16888,14,0.2775066753459197
18764,14,0.24739727744562515
23010,14,0.25344763788722763
25750,14,0.28989729260960634
520,14,0.21892444711857117
6116,14,0.48351597075222585
16893,14,0.23984137579870235
24031,14,0.24708970523979193
25754,14,0.3697169933100181
26724,14,0.37542854191290775
27093,14,0.3621581259102816
464,14,0.15209370437624034
803,14,0.07532898947315475
7194,14,0.7209244785702449
13087,14,0.22205224481732638
14871,14,0.3302817376345449
15875,14,0.2597373830022138
19840,14,0.2825945074780446
21972,14,0.20145431247839457
23020,14,0.2559582200730071
24036,14,0.21870097187432938
25760,14,0.19572692984048448
808,14,0.12531931853042194
1317,14,0.12307372411160472
1694,14,0.259361916491461
2347,14,0.3286539917895224
3016,14,0.4887292858300315
8065,14,0.8062895006340677
14876,14,0.3797297229263685
15880,14,0.2742188215581712
19845,14,0.29518881241604644
20918,14,0.22266224895950623
24924,14,0.1785624205217721
26733,14,0.2360208970644088
259,14,0.7550970969878473
1698,14,0.2788097499729731
2352,14,0.3438828122848764
17944,14,0.26004906633876734
18784,14,0.24012225008570892
19850,14,0.23083313090883267
21136,14,0.240222569510795
21982,14,0.21068554172129395
25098,14,0.20838554636442894
25769,14,0.20473936542792234
26321,14,0.1589046491880981
26739,14,0.11384835028148146
27108,14,0.1713783876756539
266,14,0.7099269511619272
1236,14,0.2672146179402766
6994,14,0.2235187751328046
8075,14,0.5795569918939394
9166,14,0.5253657274106531
13464,14,0.1531530076179923
16913,14,0.21891460797479823
21987,14,0.18752257295463337
23035,14,0.1651128619039494
25103,14,0.18179915703073105
25775,14,0.2387552747104411
26326,14,0.15633037528912463
823,14,0.31014248717850906
4476,14,0.8017586922041723
4877,14,0.9513180753904613
9389,14,0.39890239195848853
10449,14,0.1817727155830152
16918,14,0.061440955282707266
18794,14,0.05631732716189317
23040,14,0.12335931029781387
23661,14,0.0958102355973131
25278,14,0.25621453880931117
26331,14,0.28147355869340573
26748,14,0.26660549290106045
27118,14,0.3054975929063573
27402,14,0.2888618009795635
827,14,0.27603315536337425
1245,14,0.31598543578806965
8302,14,0.5545046835259735
11287,14,0.4134333321194398
15899,14,0.16029867707531295
17958,14,0.01063438743046549
20937,14,0.1006082626626017
21996,14,0.14683551469788383
63,14,0.745151522864219
494,14,0.26728262829200905
1718,14,0.45713305336016125
4477,14,1.1535023757796494
11706,14,0.4461591842258083
16721,14,0.07825188227808223
22002,14,0.20052157237445645
25789,14,0.3887978120238089
27411,14,0.3318931055010877
44,14,3.1281429626422503
838,14,0.16741693977507546
4093,14,1.2231640988886112
11711,14,0.3961397451129803
16521,14,0.18690318449995852
19874,14,0.3753578308115037
25794,14,0.5425259086875945
26346,14,0.3760064177189886
26763,14,0.4041974166639773
27723,14,2.0178461849150056
16,14,3.8912815581022246
503,14,0.12874008990856403
1728,14,0.4251455768518382
7451,14,0.886835566344888
9190,14,0.2755271807112194
10260,14,0.22233575759800375
24759,14,0.14159042326534463
25943,14,0.47255452199770176
26352,14,0.43339490146668425
27623,14,0.468309750142572
27727,14,1.5926006446721497
27795,14,2.2874932902851906
103,14,3.2813406659096747
248,14,0.249540592014197
508,14,0.03959629402420557
1266,14,0.3376332233936177
3377,14,1.3080931801338485
4102,14,1.1965015917741424
5105,14,1.3935984289058252
12339,14,0.41603902893127614
24932,14,0.09463780865653955
26356,14,0.4771415462271533
26773,14,0.47992822978900596
27628,14,0.4712181328004689
27732,14,0.4746019033251714
27809,14,2.3144259514059455
2,14,3.471373332725877
108,14,3.357419501377725
852,14,0.27472572971904674
1738,14,0.5922987390632745
3208,14,1.5065635143246388
10269,14,0.22852546320280884
11312,14,0.2215396188476323
13322,14,0.4505971749764084
20104,14,0.525059799286918
22231,14,0.2750123330033597
23069,14,0.29255946166544794
24069,14,0.257227028038906
24936,14,0.137005815715565
25631,14,0.240613498867647
26360,14,0.6071290237570841
27147,14,0.6372005739077289
27633,14,0.4694703587744536
6,14,3.660054472224837
258,14,0.8370785500113905
518,14,0.4380578933002015
1275,14,1.9914038421551459
1550,14,0.5643731349772442
2541,14,1.5662979135794424
3213,14,1.5180208766763792
4113,14,1.4858706006200546
8987,14,0.3453353793490848
10275,14,0.2533169804025292
11316,14,0.4276638842667915
12349,14,0.7891371626649059
13326,14,0.7847968002437731
14120,14,0.625230620545359
23074,14,0.25265164574581916
24074,14,0.24715171338119246
24942,14,0.2608408133982323
25799,14,0.4144618879935321
27436,14,0.577008787288553
27818,14,1.0893703443698504
27846,14,3.587631807607377
2385,14,2.956071241270993
8120,14,0.8064344798860946
9428,14,0.6312639607281691
10279,14,0.6948258384479763
11322,14,0.9816514427069798
14930,14,0.6673075743260873
18834,14,0.7187318226531373
22031,14,0.4150093498419809
25804,14,0.24139062663638627
26176,14,0.43440302887144283
26787,14,0.38755028056720053
27156,14,0.54701386373314
27440,14,0.43162817393626907
27607,14,0.3437062719267675
1841,14,3.4076418438179745
2390,14,3.364193124316123
8125,14,1.1162369380993498
9433,14,0.7561372280113845
10285,14,1.0342434774027658
13336,14,0.7060267493637233
16962,14,0.4518309324132971
28131,14,0.8031311497303814
22036,14,0.31210947430146185
24952,14,0.33690265900339816
26361,14,2.080385287191288
27869,14,3.4210699947161385
2394,14,3.2995638995524468
4127,14,1.6366851708585834
7048,14,1.5602793937903165
9220,14,1.2313159974014785
10290,14,1.1886689840056746
11331,14,1.1596660147388533
18843,14,0.5479563042043238
24089,14,0.46532528375248394
24957,14,0.579269089401838
3230,14,0.6388797625532991
5134,14,0.496050128902545
8134,14,1.3437461641612582
14945,14,0.8038243368112056
19913,14,0.5636484406048589
20987,14,0.5380449632457822
24962,14,1.846520967558086
28189,14,1.4156345355744537
3235,14,0.5251261472531183
8141,14,0.3598851178898551
11341,14,0.5154939754730506
12374,14,0.5563759910871098
13351,14,0.6459236899153062
18013,14,0.6342165015812163
24967,14,0.5549511546054051
25483,14,2.915867755071141
2721,14,0.863091700789101
3239,14,0.49202252351925124
5145,14,0.3908471340022403
8145,14,0.34130878073695475
9234,14,0.3899888588851402
11346,14,0.47733345112953335
12378,14,0.46624204524728236
20996,14,0.5673414653007134
22055,14,0.3787845329111038
23103,14,0.2541418297218444
24103,14,0.3610910425464884
25487,14,2.347889200524549
2557,14,0.6833161712064595
3244,14,0.4688815175370379
4146,14,0.4213592131064435
6209,14,0.3492224962211132
9239,14,0.3815020074038216
13360,14,0.4494559561380434
14959,14,0.43814308605492325
18022,14,0.6742808686023375
21002,14,0.22525997064999756
22060,14,0.19486530003589386
23108,14,0.21526054322379348
24108,14,0.32966803379741505
24976,14,0.4566720782910116
25654,14,3.1985152986009457
2396,14,0.558109109741252
3250,14,0.43703309478848623
8154,14,0.34050368879766213
10313,14,0.3373200936072815
13365,14,0.4484427720955974
24113,14,0.35720251543507126
24981,14,0.46643227564709683
25659,14,2.8553456185424744
2401,14,0.45007861801478793
3254,14,0.43060729845477097
6219,14,0.351418301800173
8159,14,0.289641681864164
10319,14,0.2687579958758188
11361,14,0.25451060676196685
12393,14,0.2587309380129296
13370,14,0.35909980616897413
18872,14,0.30612339256718396
19938,14,0.1051721453596188
22071,14,0.21226373921872538
23118,14,0.3043687139571702
24118,14,0.34897919127021554
24986,14,0.432591226594467
25819,14,2.842233263108259
2406,14,0.42631714135645454
3259,14,0.4117642739702599
7082,14,0.29110564795073063
8164,14,0.3377957370558127
9472,14,0.29667333760666303
10324,14,0.22161941789286893
11366,14,0.14717305840189698
12398,14,0.2261844034797494
14974,14,0.4371045229208215
15978,14,0.4735008399447318
17001,14,0.5016286258875078
18037,14,0.33393661958210524
18877,14,0.1963674603354398
19944,14,0.0972597411219176
21016,14,0.11855232055399416
23123,14,0.3374673420110284
24123,14,0.33772704455471064
24991,14,0.45332394362870776
2411,14,0.3928052564349371
3089,14,0.41026276024911706
6229,14,0.3588711079202273
8169,14,0.3267025056509264
12403,14,0.05924832631522229
14979,14,0.37507732207441125
15983,14,0.4247269180497602
17006,14,0.3252467463742496
18042,14,0.18165425843109922
22080,14,0.3075619241056484
23337,14,0.29804634591049756
24128,14,0.359942832616974
24996,14,0.44511540873692096
2416,14,0.3963679334372206
3269,14,0.40067542584531546
7092,14,0.3072067870253897
8392,14,0.2051524858696182
9264,14,0.07697311140691127
10334,14,0.08509898251117735
11583,14,0.12525382148159886
13200,14,0.3728951099900777
14984,14,0.25021901093158394
15988,14,0.30362399037780974
17011,14,0.23482298402177745
18047,14,0.12608895879541837
23133,14,0.33514136557018465
24133,14,0.3475424700959401
25002,14,0.40934815293976234
25826,14,0.5741936635301355
5179,14,0.35723373627784194
7097,14,0.29321616025128344
8179,14,0.1378657213711021
10340,14,0.1959826646138866
11381,14,0.12709146702695273
12413,14,0.3014878497234721
14989,14,0.3078564282207463
15791,14,0.24307950575392487
22090,14,0.3049932308589757
24138,14,0.36333467860384805
25006,14,0.40978061517571024
25831,14,0.5972001527970379
1962,14,0.36046937512799326
2426,14,0.3940146953369452
5184,14,0.3299216844257985
6244,14,0.29529881439542915
7318,14,0.22919871080810503
8401,14,0.057932116330886685
11385,14,0.1148022633284854
12417,14,0.34914419255704626
14993,14,0.2532005617151558
15796,14,0.23348370932083903
17020,14,0.19878574932430734
21036,14,0.2762095158524959
23143,14,0.29041254809416467
24143,14,0.3422508229272146
25011,14,0.45307586016825013
2431,14,0.4178288033536528
9279,14,0.30759188207175725
11391,14,0.24111483416725646
12423,14,0.3503412806748567
14453,14,0.22585037810617536
14998,14,0.2730864546563885
16003,14,0.22286985662469028
21041,14,0.26742324348226876
23148,14,0.2929339831367082
25016,14,0.4186003336097118
1845,14,0.36521447308184024
2436,14,0.358903837489538
4190,14,0.31852130033819215
6039,14,0.20336854858082568
10354,14,0.2913598283398549
13383,14,0.3658330781851099
14299,14,0.18644778433302275
15003,14,0.22322997987603369
15806,14,0.21963268502939123
19119,14,0.22559743950188887
19973,14,0.26520210265859057
21046,14,0.18465722946119886
25021,14,0.469206647743762
25846,14,0.5697162065706415
2441,14,0.354781235170308
4010,14,0.3309731199697434
7117,14,0.22584692461612935
8199,14,0.31359585763353265
10359,14,0.2960706722520833
12433,14,0.3507297575233595
13388,14,0.36277873741184763
28001,14,0.26944532929382087
18072,14,0.21607998381627305
18912,14,0.2651613925283005
23158,14,0.26435286566058924
25026,14,0.44276745709701876
25851,14,0.5596526897142156
1741,14,1.9912676404155811
4200,14,0.30756839725774326
9294,14,0.2846987883531163
11406,14,0.2122534339712086
13393,14,1.2744378682510213
15013,14,0.1643652099770877
15815,14,0.1806917779087699
17040,14,0.22614796364001374
18077,14,0.26778248770667684
18917,14,0.17534159222050308
19983,14,0.13470582287948052
22115,14,0.24541148393053622
25031,14,0.34957637968900984
25856,14,0.583023397513098
27857,14,1.9729889014313229
2288,14,0.4130394694170122
3303,14,0.30912540481641815
7126,14,0.16076943435080032
8209,14,0.3198310180272004
9298,14,0.13412357067626393
11410,14,0.15635347440050099
27967,14,3.226312782167596
27981,14,2.9492980997360716
28051,14,1.9228309951740605
16225,14,2.38643946165319
17045,14,3.328982441483303
18290,14,0.8837314007723477
21060,14,0.16437660233773957
22118,14,0.2524336938547851
23166,14,0.368633586670736
24166,14,0.3468329645241244
25035,14,0.5888937453071288
25860,14,0.5864154818712352
27918,15,0.049458794487059116
8211,15,0.05048027907797113
9083,15,0.03856107511114548
28125,15,0.024748538418484883
20418,15,0.028966019222101055
5210,15,0.13396104848073018
6057,15,0.12016654452108616
7130,15,0.09170368652544553
7997,15,0.09309053440653743
9087,15,0.08180364757264022
9948,15,0.07012110223977742
18291,15,0.05350891517067255
18922,15,0.05205999130835897
19776,15,0.04664622800494618
20849,15,0.050839024385744516
21908,15,0.05484043690781505
22958,15,0.0640088388535592
3482,15,0.30576151898410575
4019,15,0.21083426627134658
4798,15,0.15928733303776382
5849,15,0.10847019884088951
7136,15,0.10070133917447437
8002,15,0.10224565068148378
9092,15,0.09638987137069899
10161,15,0.08347513086840824
11204,15,0.06601655758539048
12238,15,0.07677105599696679
16840,15,0.050080840422694575
17874,15,0.053474288088385745
18716,15,0.06447797322065486
19565,15,0.05445591950005101
20854,15,0.0691982717515357
21913,15,0.06790152044450465
22961,15,0.06978652001631179
23977,15,0.060795306521867036
2451,15,0.42340921051434016
3131,15,0.30681319564930354
4023,15,0.2946361363422613
5007,15,0.22886732923648798
5853,15,0.1452383304562558
6925,15,0.1259825458095527
9097,15,0.12967219559231222
10167,15,0.124570311162191
11209,15,0.10306259853356715
12241,15,0.09259816247549943
13218,15,0.07631318536323253
14012,15,0.06924899389923829
15017,15,0.07402460343783146
15821,15,0.07191179998790675
16843,15,0.06642124257582233
17880,15,0.07559111416027729
18932,15,0.10246476952353406
19571,15,0.10377740469392686
20860,15,0.11716979981847525
21918,15,0.11520366831066224
22966,15,0.12516730333007817
23982,15,0.239750172327442
24699,15,0.239961708115773
1745,15,0.09943129538928357
2293,15,0.3980885294442561
3135,15,0.3518462694767534
27900,15,0.16584268812302697
7146,15,0.12287233228580854
8012,15,0.13294603254949344
10171,15,0.14359014059232114
12246,15,0.12524903652273878
14821,15,0.08782581509285954
15826,15,0.09655277251427719
17677,15,0.09993054017024938
20005,15,0.12593983317178936
21923,15,0.1500829691822526
22971,15,0.16717303986317295
25551,15,0.4256538912531323
1645,15,0.15425867158616016
3141,15,0.4436293116941502
5018,15,0.4309931794397528
7150,15,0.23656471139171872
9325,15,0.15877631611988668
14021,15,0.13714439326712075
17890,15,0.10446161217450707
22976,15,0.34209977377662487
10181,15,0.14239445183771218
12255,15,0.17028806797568663
13232,15,0.14229549871206482
17895,15,0.21834738897948885
18734,15,0.16698661789815045
21932,15,0.20195806230263166
1279,15,0.5841795214528468
4042,15,0.3189521058495175
5027,15,0.40698824023896046
12260,15,0.16514918410689647
20019,15,0.2081086089549481
21937,15,0.3165407101537377
28240,15,0.4211095898820063
1191,15,0.6365060632884468
3155,15,0.3683738890578425
4048,15,0.35646157635525066
5032,15,0.42398796956766066
6949,15,0.4288560433405513
9340,15,0.13992181474418897
10193,15,0.31784118281953044
28017,15,0.2910613101174182
13243,15,0.1472193880264509
15845,15,0.1755162340807106
18744,15,0.16512997507885552
19810,15,0.23936945155339345
21942,15,0.37784806123966574
24889,15,0.2929806051797306
4833,15,0.34713437023012605
6096,15,0.41180159037183445
11238,15,0.4214890839119489
16667,15,0.267225005908506
20888,15,0.3213766901875257
4246,15,0.4146897219308499
13253,15,0.17205105768943588
14851,15,0.19806950043157157
19820,15,0.2935452186307828
788,15,0.24824226261803609
4062,15,0.4420784271467642
6106,15,0.20238572871068264
14052,15,0.15683950279684436
14856,15,0.1761020152536595
15860,15,0.19833100366047415
16883,15,0.22678583775295846
17919,15,0.2231829618724931
21957,15,0.313575077155732
24021,15,0.2904417582571919
25073,15,0.2864197446106186
794,15,0.19824206014268783
1121,15,0.13632857523754244
6111,15,0.1400941475341067
12284,15,0.3564408606056861
14861,15,0.20981422773552028
16888,15,0.22772985650997582
18764,15,0.2360189906198522
23010,15,0.25328961913996345
24026,15,0.2507996398856253
25750,15,0.2756453243484424
520,15,0.09783617902168913
6116,15,0.09886012627205747
16893,15,0.20514676520566907
17929,15,0.20593247337083823
24031,15,0.24900568942442095
24914,15,0.20891012055522168
25754,15,0.21080325402835856
26724,15,0.2549403892694045
27093,15,0.3823559359232965
464,15,0.7633516543881526
803,15,0.3083224266689753
7194,15,0.20053770741292556
13087,15,0.20627739143030374
14871,15,0.146708864104536
15875,15,0.18857147079753964
18774,15,0.19672320611143215
19840,15,0.21834248641222442
21972,15,0.2581552322644455
23020,15,0.20979898066855576
24036,15,0.2657186032891304
808,15,0.29068631283821883
1317,15,0.292584947670158
8065,15,0.27516256140390377
14876,15,0.15783935022001117
15880,15,0.151849006582358
19845,15,0.15622788316162378
20918,15,0.2121982121229564
24924,15,0.16577993307820513
26733,15,0.2175743678889224
259,15,0.3261966666527325
1698,15,0.1757406207176257
2352,15,0.24598376637411642
6131,15,0.0337092558736618
17944,15,0.14679432062611686
18784,15,0.13510303632468643
19850,15,0.13428649178649243
21136,15,0.15671537106562372
21982,15,0.16467385054361836
25098,15,0.17879371292095342
25769,15,0.17964949300622302
26321,15,0.2285242188610991
27108,15,0.19199912063773727
266,15,0.4330690266904339
1236,15,0.14801867342824127
6994,15,0.09995698936774833
8075,15,0.25593922781335215
13464,15,0.22854839968279647
16913,15,0.15029648491155637
21987,15,0.13618198753218902
23035,15,0.11103806411759677
25103,15,0.24373446098061202
25775,15,0.18633502013410014
26326,15,0.13854885814354653
26744,15,0.14715099285967967
3204,15,0.43806696477585855
9389,15,0.22783942431861734
10449,15,0.04087020183808179
16918,15,0.27410753399820403
18794,15,0.1855490320636404
19860,15,0.25016586708700245
23040,15,0.4270970462906023
23661,15,0.36986363762106345
25278,15,0.21953877133268324
27118,15,0.18135121936804313
27402,15,0.1788254585303002
616,15,0.181603700952212
827,15,0.10573121378383224
1245,15,0.04486569784756193
8302,15,0.24533236287531887
11287,15,0.014436446441374226
15899,15,0.17027730977198013
17958,15,0.18606132340890502
20937,15,0.27985688696712624
63,15,0.5049991925826457
494,15,0.26277275171815584
1718,15,0.4719279994582482
4477,15,0.9690109328422125
11706,15,0.13300702450430785
22002,15,0.6349977788447243
25789,15,0.3131460068412122
44,15,1.3034472309324794
838,15,0.4419189835555689
4093,15,1.0465229673170544
11711,15,0.2074274140257639
16521,15,0.25133838872264025
25794,15,0.49449680013836383
26346,15,0.35038380715802797
27132,15,0.17084048890256748
27313,15,0.131691142005904
27723,15,1.5140508796804346
503,15,0.5713463283854593
1261,15,0.612382724242367
1728,15,0.6162009000800612
4097,15,1.1206201495799133
9190,15,0.07934134964572477
10260,15,0.10797043905760559
24759,15,0.7338411552904012
25943,15,0.6068490157233409
26352,15,0.524194684681855
27623,15,0.12162294935494866
27727,15,0.130165507493685
27795,15,2.2136038381298317
248,15,0.6947003121410119
508,15,0.584783352899147
1266,15,0.7727863968483231
3377,15,1.210546949758261
4102,15,1.208038809756757
5105,15,1.385990385497672
12339,15,0.11698676776204657
22016,15,0.7592801535010627
24932,15,0.7865665697738199
26356,15,0.6369540626626065
26773,15,0.45630037441568777
27628,15,0.9637983161537309
27809,15,2.2691045992773438
2,15,3.2803788384316643
108,15,3.2235794415021926
852,15,0.8218749387623041
1738,15,0.7688805336588924
3208,15,1.4191729916757179
11312,15,0.12547476827972118
13322,15,0.015683644320275997
20104,15,0.540138804979634
22231,15,0.7450110654471451
24069,15,0.8010352193910362
26360,15,1.131135687801274
27147,15,1.1031744846729035
27633,15,1.0551165337498574
112,15,3.507479572847937
258,15,2.0508388722628816
518,15,1.1405932935885232
1275,15,2.9763967271252976
2541,15,1.5845215954346128
3213,15,1.5209829887801916
4113,15,1.4562746416398247
8987,15,0.41490882771340537
10275,15,0.1960597522212601
11316,15,0.20746360367730368
12349,15,0.43909155483461826
13326,15,0.35765916085452704
23074,15,0.7962308953085273
24074,15,0.8104422787972533
24942,15,0.689684448892599
25799,15,0.7928113898103709
27436,15,1.082281734868294
27818,15,0.6293529634560502
27846,15,3.377746608816995
2385,15,2.1088954441009875
8120,15,0.6699706140547174
9428,15,0.5911910746781281
10279,15,0.5486210200709383
14930,15,0.4431595474592985
22031,15,0.6881385025046933
23079,15,0.41904149677856695
25804,15,0.6060577083943841
26176,15,0.3807440650304646
26787,15,0.9428436524124917
27156,15,1.0427906659380697
27440,15,0.8458303434410082
27607,15,0.2738419336067565
1841,15,3.408445814086959
2390,15,3.138670892945387
9433,15,0.599850433230586
10285,15,0.8368182916047529
13336,15,0.38838294706050985
16962,15,0.38129419404419557
19904,15,1.3484495967432037
22036,15,1.2221329767891242
24952,15,0.27194546789980983
26361,15,0.7412539105418008
27869,15,3.404868299535625
2394,15,3.2912645858935914
4127,15,1.4833225898439768
9220,15,1.11648068285997
10290,15,0.9787486495426185
11331,15,0.8845016795288326
14940,15,0.4063054543108944
18843,15,0.5936371270975402
24089,15,0.9497942163589135
24957,15,0.6817819168883993
3230,15,0.9337824369675877
4132,15,0.8180498752678145
5134,15,1.0331812552242934
8134,15,1.1127572253914932
11336,15,0.761917043087983
14945,15,0.7106175789328718
19913,15,0.6624856312096912
23094,15,0.7159725397103757
24094,15,0.3301033445706575
24962,15,0.6554750300713318
28189,15,1.9702985800154884
3235,15,0.7978496015171973
8141,15,0.8427648754841031
13351,15,0.3511482828488144
18013,15,0.6361268479342679
24967,15,0.36086517799912493
25483,15,2.8735107701860003
2721,15,0.770201426662479
3239,15,0.7493752711298367
8145,15,0.8144303889012129
9234,15,0.8222810015570001
12378,15,0.5108737688394921
20996,15,0.6075640087295221
23103,15,0.2831576734316742
24103,15,0.3606090525111867
25487,15,2.6489217696319525
2557,15,0.7659607102367718
3244,15,0.6637977031638865
4146,15,0.7199963060299065
9239,15,0.8013386895323439
12383,15,0.6259619116736351
13360,15,0.2605242972658846
14959,15,0.3096761218702593
18022,15,0.6152678056109444
19928,15,0.5180980570489823
21002,15,0.1333907028134984
22060,15,0.12466298130230373
24976,15,0.373566467474239
25654,15,3.033697185472875
2396,15,0.5987524990479377
3250,15,0.6400980055479787
5154,15,0.7281138792359625
8154,15,0.823330050550867
9244,15,0.7934741174928749
10313,15,0.736891252654549
11356,15,0.7024455572615276
13365,15,0.24403423364478835
21006,15,0.2479601108350704
24113,15,0.41492006194461223
24981,15,0.36187975352401247
25659,15,3.1456500336629984
2401,15,0.5410590277211218
3254,15,0.6101486192679311
6219,15,0.7359286842127017
8159,15,0.7925069504209158
10319,15,0.697546954005573
11361,15,0.6619551821756373
12393,15,0.5886677941865194
13370,15,0.14327219469826635
18872,15,0.41717971051480374
19938,15,0.2331291937616746
22071,15,0.3138347353835319
23118,15,0.3489906683943995
24118,15,0.38770616572948247
24986,15,0.3243684677761953
25819,15,3.193727135655992
3259,15,0.5534324786570642
7082,15,0.7536857874562288
8164,15,0.7727705910424582
9472,15,0.7198114759513276
10324,15,0.6466600908528205
12398,15,0.4703446925750811
14974,15,0.5178051768410331
15978,15,0.5543197577569763
17001,15,0.5389828494506144
18037,15,0.36698273569314366
18877,15,0.2869980786333429
19944,15,0.2625416326715537
22075,15,0.4144590477577397
23123,15,0.3650236539652613
24123,15,0.396593490920057
24991,15,0.2859727535861751
25669,15,0.9348373503413812
2411,15,0.47611706648953533
3089,15,0.5546629899124491
6229,15,0.7710634590695592
8169,15,0.7345980339042286
9259,15,0.6965468609077105
12403,15,0.4740386506512592
14979,15,0.4293748095978356
15983,15,0.485502019305716
17006,15,0.41849140954999303
18042,15,0.3476493824265089
22080,15,0.3101157742503823
23337,15,0.31925363577413995
24128,15,0.28835434432384255
24996,15,0.21289933267242792
25673,15,0.37802622226914295
2416,15,0.424602069381625
3269,15,0.5289332968199074
4171,15,0.6187657244517841
7092,15,0.7836269019491688
8392,15,0.7078282942903085
9264,15,0.7027987553418281
10334,15,0.6913938316304865
11583,15,0.595859420866155
13200,15,0.3008490232341961
14984,15,0.4115741173530217
15988,15,0.48837038420946227
17011,15,0.4229355674599762
18047,15,0.3719561566451566
19953,15,0.3527382881548729
23133,15,0.30689235990105523
24133,15,0.17897258139870087
25002,15,0.19164053012027488
25826,15,0.5462705021412577
5179,15,0.6938557989637205
7097,15,0.726493681342692
8179,15,0.669941245533986
10340,15,0.6941012821976958
12413,15,0.3334904169745534
14989,15,0.46974117472408633
15791,15,0.4439767079664235
24138,15,0.16217127257580588
25006,15,0.2078565452615371
25831,15,0.3308757717596769
1962,15,0.3685650015721237
2426,15,0.4261521357727443
5184,15,0.7034713504398348
7318,15,0.6544779273928971
8401,15,0.6854593750487481
11385,15,0.4776392434868702
12417,15,0.14664883503512116
14993,15,0.3916824316393194
17020,15,0.3984346718842052
21036,15,0.2242378783406244
23143,15,0.08244990573636345
25011,15,0.20199558255284947
25836,15,0.34201847821632825
1967,15,0.4952629000196005
2431,15,0.515288109725348
4186,15,0.5136211235505985
9279,15,0.3917628098571532
11391,15,0.36179474666120603
12423,15,0.22834765546786562
14453,15,0.23900316165769328
14998,15,0.3867781959029116
16003,15,0.3794361535231221
21041,15,0.25443176345949725
23148,15,0.060536970794128224
25016,15,0.30778252011039614
25841,15,0.37146584280850853
1845,15,0.29378671821396407
2436,15,0.6231036664885781
4190,15,0.5302472696611623
6039,15,0.28315035550760803
10354,15,0.15636501527773763
14299,15,0.19929914218645306
15003,15,0.298281329426915
15806,15,0.29854019337511994
18067,15,0.24910300215955736
19119,15,0.2643169265546439
19973,15,0.19679346360708624
21046,15,0.07385517848664712
25021,15,0.34520306761976693
25846,15,0.42086623592421596
2441,15,0.6076380314372913
4010,15,0.46129352463629403
7117,15,0.2594976833192043
8199,15,0.19676084380993436
10359,15,0.13086465394135163
11401,15,0.18686058869151007
12433,15,0.3122724488904125
13388,15,0.29180065582322384
28001,15,0.22289475269774026
18072,15,0.189735118895628
18912,15,0.16741056470553317
23158,15,0.19615630644924265
25026,15,0.4043465213825585
25851,15,0.49984558901622816
1741,15,2.969236643758022
5203,15,0.3278536386568993
9294,15,0.11175586444244535
13393,15,0.1594448112386359
15013,15,0.15307818757877695
17040,15,0.07961135327671309
18077,15,0.22402421264997796
18917,15,0.15515877339971487
19983,15,0.1613614252318
22115,15,0.25526352566737065
25031,15,0.47395818897571124
25856,15,0.5427308950211155
27857,15,3.4348467347230613
2288,15,0.57167419181843
3303,15,0.4510561026886879
7126,15,0.37174381981212906
8209,15,0.3179266643239397
9298,15,0.3013265485667665
11410,15,0.14177158111000324
27967,15,1.2532123486864408
27981,15,0.29895399811729517
28051,15,0.2962780793547795
16225,15,0.777538902319709
17045,15,1.2652290171027192
18290,15,0.5000483674030093
21060,15,0.21633042129755636
22118,15,0.28165832535187135
23166,15,0.4423473498436158
24166,15,0.5281362786564744
25035,15,0.42626907586338936
25860,15,0.6156446398645247
27918,16,0.005212013229235817
8211,16,0.0010766654712634285
9083,16,0.001955104132563038
28125,16,0.022487951546907206
20418,16,0.030001812887175246
5210,16,0.07761980660945572
6057,16,0.0473632005996851
7130,16,0.014316496580952175
7997,16,0.013297455083931818
9087,16,0.012416997481177788
9948,16,0.016125617658957488
18291,16,0.04258635784620186
18922,16,0.043542501711558435
19776,16,0.04431928348436144
20849,16,0.049230585719625075
21908,16,0.04775680627302963
22958,16,0.048802330341605936
3482,16,0.33779601587563957
4019,16,0.21846494360574698
4798,16,0.12189961931431366
5849,16,0.036016674846236475
7136,16,0.013648272362035588
8002,16,0.014441751172027496
9092,16,0.01815820731220127
10161,16,0.02146215804773398
11204,16,0.013391973107444742
12238,16,0.013102118778390931
16840,16,0.022468803346726747
17874,16,0.03142364534505095
18716,16,0.05078373227741573
19565,16,0.048633318403974043
20854,16,0.05875147938285637
21913,16,0.05623498299641478
22961,16,0.0529444146520463
23977,16,0.039595589754856705
2451,16,0.4529307887997598
3131,16,0.38251311808029076
4023,16,0.3147431349089831
5007,16,0.1907382689645693
5853,16,0.06182759688045437
6925,16,0.022031714962148785
9097,16,0.03388590703996546
10167,16,0.0365674953127652
11209,16,0.02277796426416933
12241,16,0.01898053400566588
13218,16,0.020584646279583674
14012,16,0.015650242886277522
15017,16,0.015415620161897556
15821,16,0.01882211696976255
16843,16,0.031411048989656326
17880,16,0.04361688569979406
18932,16,0.06672377269106139
19571,16,0.07029612239016772
20860,16,0.08963089573875758
21918,16,0.09186177933279313
22966,16,0.09764943146424192
23982,16,0.20702102816397794
24699,16,0.1968250046367627
1745,16,0.08973141034247371
2293,16,0.4342885731494338
3135,16,0.47636652799974455
27900,16,0.0708139933106472
7146,16,0.08240323170987947
8012,16,0.07978333096769703
10171,16,0.03384058357348011
12246,16,0.029646225866576163
14821,16,0.022244225594133284
15826,16,0.04411864629674443
17677,16,0.04866556069781842
20005,16,0.08317430876417747
21923,16,0.11273990614442488
22971,16,0.12329127543499796
25551,16,0.3873962384737988
1645,16,0.24045511716306603
2298,16,0.48526858962775443
3141,16,0.47794666435170435
5018,16,0.5019897946302233
7150,16,0.19906754352560638
8016,16,0.13717708160200578
10177,16,0.07345722584253725
14021,16,0.05184286868606008
17890,16,0.0507820339814576
22976,16,0.20682756265739774
12255,16,0.1611457971974304
13232,16,0.17308658468483384
17895,16,0.13180676352548162
18734,16,0.1275923349175053
21932,16,0.058211255918273176
1279,16,0.6098446148609017
3150,16,0.42478278081626636
4042,16,0.43253878333649803
12260,16,0.18993958444294917
20019,16,0.2187154283889217
21937,16,0.163125407221024
28240,16,0.2054899086524707
1191,16,0.6536573907545465
3155,16,0.4519305745826727
4048,16,0.43614441714730984
5032,16,0.4395103688626576
6949,16,0.47183616025580033
9340,16,0.11077944175727909
10193,16,0.36660993996134145
28017,16,0.13019625049733038
13243,16,0.1457401992921989
15845,16,0.3166512381936506
19810,16,0.30263730807443295
21942,16,0.12578248657601826
24889,16,0.16996862732836263
4833,16,0.3492299520444205
6096,16,0.4245255941878024
12270,16,0.4340620177482221
21947,16,0.13061120947360202
861,16,0.6178992507187444
4246,16,0.36171141638855653
13253,16,0.10942487255028134
14851,16,0.15514295689967234
19820,16,0.1635257919674878
23000,16,0.11861389058930157
24899,16,0.11305234685946404
788,16,0.15441858296123986
4062,16,0.30503695844291023
5047,16,0.24526493588810477
6106,16,0.132500146246542
14052,16,0.08748713340492026
14856,16,0.1165910967949035
15860,16,0.18176481890158408
16883,16,0.18596372211004525
17919,16,0.15685520545731396
21957,16,0.13474597646298922
24021,16,0.1242064590893986
25073,16,0.08490837631062903
1121,16,0.14747464620738757
6111,16,0.06124966506805817
12284,16,0.1903819057569245
14861,16,0.10116172418912728
16888,16,0.20202147074741839
23010,16,0.14936624992128228
24026,16,0.09776508672697619
520,16,0.11960933581322473
1215,16,0.149539178822544
13083,16,0.06886449594083542
16893,16,0.13276269994845322
17929,16,0.17472916353212328
24031,16,0.1064950757854247
24914,16,0.09930313022869107
25754,16,0.05699095215934076
26724,16,0.15357512374209856
27093,16,0.15459053271203138
464,16,0.6412727728193518
2342,16,0.35356283055131765
7194,16,0.19713716533806436
13087,16,0.10894182063373287
14871,16,0.09548253592885597
15875,16,0.13849743042951182
17934,16,0.14961398541990648
18774,16,0.1227629003603264
19840,16,0.11740613054086602
21972,16,0.10728852497534667
23020,16,0.104963270954606
24036,16,0.14281878995504155
24919,16,0.11057389749967367
26312,16,0.04022262495928152
26646,16,0.10605181842840675
808,16,0.04229397532638362
1317,16,0.14739311342040134
7200,16,0.27650962008985225
8065,16,0.2492397258017124
15880,16,0.11366607841302731
19845,16,0.09867292925632219
20918,16,0.04986089608284102
24041,16,0.045496602626183935
24924,16,0.1144970277786895
26733,16,0.1358782277929422
259,16,0.36572462177142295
1698,16,0.2958844047564675
2352,16,0.3671871654394432
17944,16,0.08541420165043151
18784,16,0.08502367638780337
19850,16,0.08660405823693852
21982,16,0.05283319505507589
23030,16,0.046955450418220586
25098,16,0.031516670494055696
25769,16,0.02605099169202554
26321,16,0.0673574533750388
27108,16,0.03520869203445497
266,16,0.4637430769348657
6994,16,0.21314918567546287
8075,16,0.23344062358132603
13464,16,0.1829447878363404
14886,16,0.17097402460366692
16913,16,0.059993639176156376
21987,16,0.037865509707093785
23035,16,0.1281438443038742
25103,16,0.09384969610521172
25775,16,0.18453755370746802
26326,16,0.09197270250107431
3204,16,0.5158486534956453
8080,16,0.18739923370545347
9389,16,0.23871297676243497
16918,16,0.21780888947528293
18794,16,0.2611355058714614
19860,16,0.32552382991603235
23040,16,0.31510375644629474
25278,16,0.1967847315659521
25780,16,0.245211234706276
27118,16,0.14036244508095808
27402,16,0.02246935126163011
616,16,0.119410663139901
827,16,0.13481529666913827
1245,16,0.22162644512069304
8302,16,0.23025100837403126
10246,16,0.25359532313395305
11287,16,0.20999532587508574
17958,16,0.2022065925978992
19863,16,0.27451429539986827
27122,16,0.12499633553279274
63,16,0.5476333849821418
494,16,0.21959162867709273
4477,16,0.9196501717507704
11706,16,0.1568266022432442
22002,16,0.38656134794097713
23050,16,0.3837039046671994
25789,16,0.3228184719410326
44,16,0.8450734343672633
838,16,0.3922432195916681
2376,16,0.654604786091646
4093,16,1.001132327030467
11711,16,0.37456284206725227
23055,16,0.34903692343090165
25794,16,0.24981796796034508
26346,16,0.250006795065167
27723,16,0.7867587374508381
1728,16,0.6089296744645566
4097,16,0.9917985128130015
9190,16,0.2752189334704483
10260,16,0.2657748404323272
23059,16,0.24064553394451116
24759,16,0.14209931545353416
25943,16,0.2137625389480964
26352,16,0.2728874055293907
27623,16,0.10299964012627556
27727,16,0.1461019730429362
27795,16,2.19592046739241
7,16,3.4701426774071513
508,16,0.683178053856656
847,16,0.8259278594357742
1266,16,0.9799934483286167
3377,16,1.0070231454079555
4102,16,1.0586971645914705
5105,16,1.2265055092225974
12339,16,0.281399531010578
24064,16,0.2650232771214864
24932,16,0.2581920958844653
26356,16,0.24242782385060707
26773,16,0.2918000391134086
27809,16,1.7806223475666707
2,16,3.2148016817523315
108,16,3.0395756197792596
1738,16,1.1113067077265346
3208,16,1.1199691698365588
4107,16,1.1900836788933562
11312,16,0.28419862007300417
13322,16,0.3205839141635792
20104,16,0.01715327934186687
22231,16,0.07220945235254786
24069,16,0.19424608206304272
26360,16,0.3437486803480219
27147,16,0.34600585511739373
27814,16,0.19469777285719045
112,16,3.203180415125609
258,16,1.4830320998419249
518,16,1.0561571048005494
1275,16,2.717938596372547
2541,16,1.1309066775473704
3213,16,1.1883796582741086
4113,16,1.2101409919274653
4907,16,1.2091674093796623
8987,16,0.4244821340201022
10275,16,0.32626252515543713
11316,16,0.36973049608284286
12349,16,0.4935706944017472
13326,16,0.3918746745527304
23074,16,0.17459800294276456
24074,16,0.11006561833273917
24942,16,0.17441215034891755
27436,16,0.33643342268262527
27818,16,0.24948713657364904
27846,16,3.405087596676493
2385,16,1.1613603001770787
8120,16,0.7547546513593213
9428,16,0.4838548358957077
10279,16,0.44171399856968613
14930,16,0.23341688146856926
22031,16,0.05927700289189215
23079,16,0.11277509846135401
24947,16,0.1021903509254347
25804,16,0.04724825987199362
26176,16,0.04581305559381119
26787,16,0.24647267061079967
27156,16,0.24682193614203676
27440,16,0.17836872737873058
1841,16,3.3027902639634736
2390,16,1.2494568739718372
10285,16,0.6371593743991303
13336,16,0.3240984980873068
16962,16,0.2110038128530699
18838,16,0.20356055986216318
19904,16,0.15125039869225795
24952,16,0.16396988495311987
25809,16,0.11171274475463537
26361,16,0.233770582489706
27869,16,3.359272116103824
2394,16,2.9931719592762502
4127,16,1.123511702888998
9220,16,0.9285184264795895
10290,16,0.7344467641792232
11331,16,0.6174954719375085
18843,16,0.22863366724935424
24089,16,0.05964040028692438
24957,16,0.24861792135329408
3230,16,0.8068408972396233
4132,16,0.6011188494529246
5134,16,0.6497646415223811
11336,16,0.5674966052971523
14945,16,0.3461016609263017
19913,16,0.2532242748927008
24094,16,0.1491953697912969
24962,16,0.30412459620181886
28189,16,0.57203942194716
3235,16,0.5647065084822589
8141,16,0.5139410735352062
13351,16,0.35853058405978633
24967,16,0.12544211685252205
25483,16,2.482348983059101
2721,16,3.1803787787685422
4141,16,0.5089662015765308
8145,16,0.4806563590083192
9234,16,0.4532611379129998
10305,16,0.37945338057988165
12378,16,0.3874355112197491
20996,16,0.06842983580746195
23103,16,0.19634183137249253
24103,16,0.07707092619017185
24971,16,0.08011901582704868
25487,16,1.5465873455753323
2557,16,2.3848896662885473
3244,16,0.47223817326351636
4146,16,0.44981609454449645
9239,16,0.43112364022105204
12383,16,0.347036896749767
13360,16,0.2742200878338919
14959,16,0.11447521090312059
18022,16,0.24144839076856964
19928,16,0.2168908921992584
21002,16,0.18693307305329765
22060,16,0.3488159016881369
24976,16,0.18710971665383005
25654,16,2.204627332989362
2396,16,1.7574097380787062
3250,16,0.43435606113500724
5154,16,0.38761689132895416
8154,16,0.4115557644962318
9244,16,0.38277505362022607
10313,16,0.33929583644228545
11356,16,0.3325518651022532
18867,16,0.192607594082341
21006,16,0.3045450054580965
24113,16,0.09907252312355917
24981,16,0.22303857590769482
25659,16,2.7861508822219694
3254,16,0.4359577818309252
6219,16,0.33723277443993266
7077,16,0.3688517359105831
11361,16,0.32359566149838603
12393,16,0.221960254038423
13370,16,0.1978574868234264
14969,16,0.0976007064760315
18872,16,0.1403685026475657
19938,16,0.2579252399430783
23118,16,0.08838272278658563
24118,16,0.13638383734681173
24986,16,0.22957598699021084
25819,16,2.7225687117599424
3259,16,0.4262941430664588
7082,16,0.3641894255663078
8164,16,0.33934046941281537
9472,16,0.27113564810013846
10324,16,0.25629389680651987
12398,16,0.14657963573913982
14974,16,0.03877848093974413
15978,16,0.07140498726088447
17001,16,0.10044245309256478
18037,16,0.10810781039556497
18877,16,0.19889059665570283
19944,16,0.2957387316710267
23123,16,0.10071010203409707
24123,16,0.15464156738216256
24991,16,0.31159049715149867
25669,16,0.5419055943728497
2411,16,0.5712447810125802
3089,16,0.4608880572616201
4166,16,0.4210845495134096
6229,16,0.41531614453227794
8169,16,0.31037327505916984
9259,16,0.2315638837388085
12403,16,0.08969973922431994
14979,16,0.034098765266980295
15983,16,0.09634831889109964
17006,16,0.07387582023811742
18042,16,0.1751684215856769
21021,16,0.1171884218353385
23337,16,0.15255350442456433
24128,16,0.21442480224663044
25673,16,0.4496237064126528
2416,16,0.5022286785376832
3269,16,0.4054044782086221
4171,16,0.40061976068924376
8392,16,0.2254307008033434
9264,16,0.15042897656437823
10334,16,0.13122179090265249
11583,16,0.10986265757926666
13200,16,0.20092591452164277
15988,16,0.1362500273765377
17011,16,0.1582822657524365
18047,16,0.2455846354147721
18887,16,0.2741176310296252
19953,16,0.19597942557889977
25002,16,0.35513490397213476
5179,16,0.3978439598926265
8179,16,0.207195207188255
10340,16,0.03352857267814673
14989,16,0.15625335362488146
17016,16,0.1556964886242996
18052,16,0.200779953119888
24138,16,0.3739694492138858
25006,16,0.40522164712136116
25831,16,0.6447342772835035
1962,16,1.5411714995604833
2426,16,0.5498731359545439
4181,16,0.3778788021616024
5184,16,0.3366540567217232
7318,16,0.2083863271075612
8401,16,0.05639300777661566
11385,16,0.042356669368868324
12417,16,0.16549317321386578
14993,16,0.08427769004340421
17020,16,0.15272123040313756
18057,16,0.21706447341867455
25011,16,0.4440059365337074
25836,16,0.6528601517902961
2431,16,0.4469803421554039
6248,16,0.25054550923562613
7107,16,0.13680093012524527
8189,16,0.02047244711464172
9279,16,0.06830776070696296
11391,16,0.1337468626720176
14453,16,0.12137678837606942
14998,16,0.1276977092624597
17026,16,0.13366299876561913
21041,16,0.2243380004881197
23148,16,0.36750199716533455
25016,16,0.5126486732693059
25841,16,0.7017478657799591
1845,16,2.5800838060127567
2436,16,0.4689735374784097
4190,16,0.3805179731894369
4985,16,0.3978066451805376
6039,16,0.25016544298663074
11396,16,0.25477400711889336
14299,16,0.1328514701758738
15003,16,0.11647767753413502
15806,16,0.1895354402500816
17031,16,0.14107730525211032
18067,16,0.20761491303912663
19119,16,0.22254286584943353
19973,16,0.24182570037925247
21046,16,0.3764166863480603
25021,16,0.5046217580044007
25846,16,0.6480503439758998
1849,16,1.5923095765541837
2441,16,0.5083884963293901
4010,16,0.4556913863567446
7117,16,0.25722338574876896
9289,16,0.2714030409530538
10359,16,0.22485775022024504
11401,16,0.2542623337573351
13388,16,0.1461458389667749
28001,16,0.06067244949138722
18072,16,0.15807501357898376
18912,16,0.2321283278112054
23158,16,0.49450800737126416
24158,16,0.48886825224831
25026,16,0.510868441555824
25851,16,0.6894019240152036
1741,16,3.147216057576157
7122,16,0.306234649388706
9294,16,0.22301326877687996
13393,16,0.8976977778686636
15013,16,0.23769245648370546
17040,16,0.3581880333114174
18077,16,0.6005798748838039
18917,16,0.5288247583991538
19983,16,0.4412099562313705
22115,16,0.5081441050630098
23163,16,0.5604095438126211
24163,16,0.5039886048462644
25031,16,0.632044466144898
25856,16,0.7675452171869507
27857,16,3.245455233322825
2288,16,0.481840023137265
3303,16,0.44915529244922847
7126,16,0.3061241566846772
8209,16,0.25059048738953604
11410,16,0.24560861617790095
27967,16,0.8713586873365172
27981,16,1.313204353070886
28051,16,0.4708886560375407
16225,16,1.1661232441845009
21060,16,0.5992422795253415
22118,16,0.5226795690768677
23166,16,0.5290146236786525
24166,16,0.5812680342376783
25035,16,0.6744106152023002
25860,16,0.7422891509338194
27918,17,0.0036329437295507536
8211,17,0.005602075946290762
9083,17,0.006261043929773494
28125,17,0.022494253555581385
20418,17,0.03176019800088096
5210,17,0.026925577299998397
6057,17,0.0245294313194753
7130,17,0.011629546277067386
7997,17,0.012736325228428146
9087,17,0.012509882961241477
9948,17,0.008621023334732966
18291,17,0.047377279314812316
18922,17,0.04806713526375249
19776,17,0.04837637317429286
20849,17,0.0536636074210761
21908,17,0.05313615345754694
22958,17,0.056628009234657314
3482,17,0.07973389466851438
4019,17,0.047107527365019206
4798,17,0.027353728744406662
5849,17,0.016708894151771615
7136,17,0.014732659028937512
8002,17,0.016152332977980327
9092,17,0.018659526293315583
10161,17,0.013706927895913459
11204,17,0.008531587829963501
12238,17,0.014461489101538508
16840,17,0.028999774804570125
17874,17,0.036144198732519714
18716,17,0.05587757385731548
19565,17,0.052890149287408775
20854,17,0.06480227575583905
21913,17,0.06383319680365411
22961,17,0.06478177020796073
23977,17,0.047758516054674904
2451,17,0.15373946926161783
3131,17,0.09498691616699
4023,17,0.08382554669538846
5007,17,0.06519197737402799
5853,17,0.0430447120046772
6925,17,0.061342890080603014
9097,17,0.03365220781513538
10167,17,0.031794664339234696
11209,17,0.024273563536054674
12241,17,0.024865464327809058
13218,17,0.023575869818682694
14012,17,0.021486656939246333
15017,17,0.03079728978445116
15821,17,0.03326236293663013
16843,17,0.04068035210752582
17880,17,0.051894639462419956
18932,17,0.07946758639262629
19571,17,0.08347201383934631
20860,17,0.10287416748732428
21918,17,0.10030749117040262
22966,17,0.10824140589082763
23982,17,0.26064184952835134
24699,17,0.24019289170066943
1745,17,0.053336371085888554
2293,17,0.13021288868099032
3135,17,0.08427572695095892
27900,17,0.052198055009142166
7146,17,0.09141516955332354
8012,17,0.0270171394346698
10171,17,0.04231132643775607
12246,17,0.04139739676378981
14821,17,0.0370332693074885
15826,17,0.1130169708314797
17677,17,0.06538137575181352
20005,17,0.10057693986131146
21923,17,0.12555268335457642
22971,17,0.1334191862533281
25551,17,0.5562948247813481
1645,17,0.12244869079175678
2298,17,0.0578093302372416
3141,17,0.08507977207340123
5018,17,0.14201238061716767
7150,17,0.14752990826610118
8016,17,0.047055279180982554
10177,17,0.03388354751438297
14021,17,0.054619400903326766
17890,17,0.09033718776821648
22976,17,0.27837018488747617
23991,17,0.527808608922328
9111,17,0.10241977733787952
12255,17,0.034057343876424714
13232,17,0.11370060864152554
17895,17,0.06478119953357324
18734,17,0.053211114475651
21932,17,0.2315686274724489
1279,17,0.5341377115286352
4042,17,0.1054270022835753
12260,17,0.056636370785997224
20019,17,0.10180639935814999
21937,17,0.2588017192205038
1191,17,0.5658988399546261
3155,17,0.10059932138136977
4048,17,0.12506083418433345
6949,17,0.11073045419315766
10193,17,0.3115004625923
28017,17,0.05554638991382958
13243,17,0.026645961967254998
19810,17,0.113435557577083
21942,17,0.2589384849839278
24889,17,0.10890042264838135
4833,17,0.1191737477083104
14846,17,0.23966306943215732
15850,17,0.1193665248581671
861,17,0.8148839218993341
13253,17,0.14258244543095625
14851,17,0.08533765194897205
24016,17,0.11788867695064863
788,17,0.7903076303113046
4062,17,0.18170708023991666
5047,17,0.1469671747720557
6106,17,0.06660818801393532
13257,17,0.1325609244862034
14052,17,0.1444590255253345
14856,17,0.1468962556720132
15860,17,0.14624938417837963
17919,17,0.11472409080266496
21957,17,0.16474397846373218
24021,17,0.22349117134085664
25073,17,0.17360421589008979
582,17,0.3595332539234814
1121,17,0.2968912798137242
6111,17,0.25011878292469486
12284,17,0.20446418022519874
14861,17,0.1717385004885267
16888,17,0.12136976499743472
23010,17,0.12190695552974375
520,17,0.409390181728448
13083,17,0.10334885799856892
16893,17,0.16712774247308126
17929,17,0.11310378923354313
24031,17,0.1247443582490536
24914,17,0.12295085801395568
25754,17,0.14978664003233352
26724,17,0.19307060501172446
27093,17,0.4150288629138344
464,17,0.7378564656957656
7194,17,0.33445015920505483
14871,17,0.1691727339861332
15875,17,0.14304348553487461
19840,17,0.08618963259834182
20913,17,0.044581093865521504
21972,17,0.08925449627728639
23020,17,0.12960479698847616
24036,17,0.1124022205229416
26312,17,0.1416009392293053
305,17,0.24025832975540054
808,17,0.2791018553956066
1317,17,0.31218852881455417
1694,17,0.41969171632470853
2347,17,0.4739103669267605
8065,17,0.33091427479537966
15880,17,0.11356568647584658
19845,17,0.13964251330083916
20918,17,0.12798904344822146
21977,17,0.09929336937522891
24924,17,0.07543897291598292
26733,17,0.12258017208714034
259,17,0.39125164699138576
1698,17,0.44100119968080986
2352,17,0.4462458646400693
6988,17,0.38653287490524807
18784,17,0.12183575068133495
19850,17,0.11408599121135285
21982,17,0.11585139061445679
23030,17,0.15994344070045388
25098,17,0.23283316753541347
25769,17,0.2951636176557331
26321,17,0.2941263907366714
26739,17,0.31964567862994564
27108,17,0.29049630616294253
266,17,0.042558259373065545
6994,17,0.1704054989779607
8075,17,0.28577522047134785
14886,17,0.049904314961719855
15890,17,0.11962495331416859
16913,17,0.2308390916539425
21987,17,0.20207826129692205
23035,17,0.21176978516348832
25103,17,0.2120845235218041
26326,17,0.4129382233815393
823,17,0.18172681047754122
3204,17,0.4582559154381626
8080,17,0.16316266668447818
9389,17,0.14496609828896637
18794,17,0.22417217837372405
19860,17,0.2342095287015965
23040,17,0.2585575907720344
25278,17,0.2251135950049811
25780,17,0.5557857677648316
26748,17,0.48210988020701856
27118,17,0.517747888515595
27402,17,0.530297761969077
27532,17,0.603112871672898
616,17,0.18569413734442997
827,17,0.20332385823369878
1245,17,0.30067134090001085
8302,17,0.18281376547864914
11287,17,0.07435147015660909
17958,17,0.2172111082533845
19863,17,0.22123013401425048
27122,17,0.6425306923828548
63,17,0.4412867496339903
494,17,0.2915166960109654
4477,17,0.5542787232762306
11706,17,0.10811683005311092
22002,17,0.2550081907465212
23050,17,0.2597173079274307
25789,17,0.6241194351930833
44,17,0.6520619288324296
838,17,0.4576342412546592
4093,17,0.5680453040079295
11711,17,0.33088134635214184
21160,17,0.23618488679749286
23055,17,0.2558474578334395
25794,17,0.3170454273951163
26346,17,0.7992596171116679
27723,17,0.6294159689604948
4097,17,0.5668361354709567
9190,17,0.36171581580417866
10260,17,0.3900857625818351
21165,17,0.23850723084185496
23059,17,0.26138030023437325
24759,17,0.1782009449863113
25943,17,0.5236365629032643
26352,17,0.8870224785420515
27623,17,0.9423699926874629
27727,17,1.1495796088397319
27795,17,1.8010497937014676
508,17,0.552233681495794
847,17,0.8496393585420177
1266,17,0.7638490823931926
3377,17,0.6174657310529676
5105,17,0.7484481215138435
19884,17,0.29425605194572907
23064,17,0.33346873198524657
24064,17,0.36995238814234577
24932,17,0.2018551424401697
26356,17,0.7679794066531308
26773,17,0.9914771856128008
2,17,3.0812693726659894
108,17,2.500236062908655
1738,17,0.9436642410830719
3208,17,0.6794994350437615
9200,17,0.2018392965356954
11312,17,0.4419442694733126
13322,17,0.6819253387285313
20104,17,0.29548900876589157
22231,17,0.3837950505031733
23069,17,0.34261656341917335
24069,17,0.34664641517103617
25631,17,0.21944114722634855
26360,17,1.000750886370868
27147,17,1.3057164521851492
112,17,2.662617086604203
258,17,0.6134898656045359
518,17,0.831209403607312
1275,17,2.606473328287486
2541,17,0.6978968065490758
3213,17,0.7052436704289317
4113,17,0.7312521405119502
4907,17,0.7450765219614937
8987,17,0.19428319450919712
10275,17,0.23796704251579395
11316,17,0.2685591522461609
12349,17,0.39368947175526714
13326,17,0.46375192239153723
14120,17,0.3891809518296282
17988,17,0.36064413967072695
23074,17,0.39878743626637836
24074,17,0.42093384442925874
24942,17,0.49714470950592143
27436,17,1.330262158961077
27818,17,1.3217411647888788
27846,17,2.815044587636191
2385,17,0.7869434367562005
8120,17,0.5224907637669444
9428,17,0.2976558701891991
10279,17,0.23394896617400146
22031,17,0.2686233633331194
23079,17,0.31170719107132444
26176,17,0.10962897958554374
27156,17,1.3375526052316955
27440,17,1.0109534296106522
1841,17,3.085012818298097
2390,17,0.942100494378968
8125,17,0.5181807490533719
10285,17,0.3812892943578831
16962,17,0.47303312843674283
18838,17,0.20575250627620353
19904,17,0.5222802181802816
28131,17,0.5626311161481048
26361,17,0.07812004449431352
27869,17,3.1430228856590063
2394,17,2.4750255843586704
4127,17,0.6401136220012319
9220,17,0.5477111795818367
10290,17,0.44016409372937065
11331,17,0.3677213443057369
18843,17,0.14372579859486811
24089,17,0.4055535740644539
24957,17,0.49369030281272597
3230,17,0.5301288500263502
4132,17,0.2864876718388456
5134,17,0.4247673604706005
11336,17,0.33038423121507643
19913,17,0.5722946807318042
24094,17,0.3676237009178921
24962,17,0.3261038286196205
28189,17,0.5563974441364082
3235,17,0.3719924262984629
8141,17,0.3552046810155088
13351,17,0.3207899297076036
23099,17,0.5495772084572814
25483,17,2.6945197529090006
2721,17,2.6012117334919793
4141,17,0.36088178256592296
5992,17,0.33065501194101155
8145,17,0.35749811044312846
9234,17,0.32109986262886875
10305,17,0.3731028597429659
12378,17,0.2239043663732814
20996,17,0.4739687143550106
23103,17,0.3008725234453817
24103,17,0.3725794826698171
24971,17,0.388053918730366
25487,17,0.6530831634655401
2557,17,2.1757274463254683
3244,17,0.38902773998803003
4146,17,0.3551178081992849
9239,17,0.3442478456200799
12383,17,0.23549079961234887
13360,17,0.5390574369226214
18022,17,0.4533899544766502
19928,17,0.39987911702362233
21002,17,0.2882770375722095
22060,17,0.3554922905906247
23108,17,0.41398822289810133
24108,17,0.3851989805095822
24976,17,0.34753711205556376
25654,17,2.5774824719925653
3250,17,0.39857069156150443
8154,17,0.3227376339281962
9244,17,0.3408143407237576
10313,17,0.32219711000774615
18867,17,0.444134497700328
21006,17,0.3867757561064741
24113,17,0.4721151716294498
24981,17,0.4194811638259531
3254,17,0.3967020370495736
6219,17,0.38046509547974067
11361,17,0.1886339280577375
12393,17,0.19427567337132184
13370,17,0.3404236544671581
14969,17,0.5185053017797935
15973,17,0.46411002333293594
18032,17,0.4375462226341826
18872,17,0.40300120952379864
19938,17,0.4733313712962144
24118,17,0.45724991435806744
24986,17,0.4117026725802835
25819,17,3.172769936358502
2406,17,0.3589913276848958
3259,17,0.38455303213624525
8164,17,0.3531482117352441
9472,17,0.29031758691676657
10324,17,0.25355592697401474
12398,17,0.2595047138462824
14974,17,0.507113137968766
15978,17,0.5082174186014664
17001,17,0.4325781816426682
18877,17,0.5101921809695287
19944,17,0.5619750567211014
23123,17,0.5347444519836115
24123,17,0.5356541023541573
24991,17,0.406952076346851
25669,17,0.35043988200702353
3089,17,0.4302679178233929
4166,17,0.39680177529462385
6229,17,0.35857966177987366
8169,17,0.39874656741097075
9259,17,0.3132407247503864
14979,17,0.4750204982068081
15983,17,0.5002131375052362
18042,17,0.5507681834783819
21021,17,0.544803127000419
23337,17,0.5419179300112393
24128,17,0.5384804658595658
25673,17,0.5688079438416234
2416,17,0.2994095683760481
3269,17,0.40851952970513467
9264,17,0.28103141703486606
10334,17,0.2491281624079942
11583,17,0.2875224282505697
13200,17,0.4758450335902714
15988,17,0.5530306158081179
17011,17,0.5700363992853462
18047,17,0.5896577965378064
18887,17,0.5658126118912723
19953,17,0.6096132222446439
25002,17,0.532949644380109
5179,17,0.4006614627951239
8179,17,0.348082574150444
10340,17,0.29336962170026837
11381,17,0.3682145158213078
14989,17,0.4469631630741897
17016,17,0.5885923428175626
18052,17,0.5891257399461015
24138,17,0.5692355851657682
25006,17,0.6073956458547531
25831,17,0.49189888663647535
1962,17,2.1376401585639093
2426,17,0.40552207910603544
5184,17,0.4730000656671232
6244,17,0.426519698350791
7318,17,0.447166061854055
8401,17,0.3989169321843153
11385,17,0.4527449969619248
14993,17,0.5833220761718547
17020,17,0.6095945330918688
18057,17,0.6376886584779855
18897,17,0.6121329926064368
25011,17,0.5877053902032694
25836,17,0.5247607544663304
2431,17,0.5288319062408715
6248,17,0.4381354277047012
7107,17,0.41915820801122844
8189,17,0.39498567861067163
9279,17,0.4226254794774007
11391,17,0.5659104130828455
14453,17,0.5080111182562425
14998,17,0.6209955601862086
17026,17,0.6535302907788318
21041,17,0.6823987997149372
23148,17,0.6720887005704077
25016,17,0.6368182216865934
25841,17,0.5450005899961695
1845,17,1.8017712082337207
2436,17,0.5418405622891234
4190,17,0.5959590021368527
6039,17,0.6068163070031098
12428,17,0.674322577002303
14299,17,0.6065716167427827
15806,17,0.7738916679235011
17031,17,0.7235432141836395
18067,17,0.7386596625641427
19119,17,0.7233701175517903
19973,17,0.7157765698019944
21046,17,0.690600217643372
25021,17,0.7240777603681972
25846,17,0.7774974194243848
1849,17,1.0181369745510949
2441,17,0.5809569968045024
4010,17,0.6330401515403458
7117,17,0.6411700684227242
9289,17,0.6064844733322731
10359,17,0.5828257551423381
11401,17,0.5923668945609755
13388,17,0.6757595577273128
28001,17,0.6312963023320363
16013,17,0.8004925913412185
18072,17,0.7765218524833913
23158,17,0.7759467080457829
24158,17,0.813086918698182
25026,17,0.8246612622682875
25851,17,0.959768585462771
1741,17,3.4888619390631455
7122,17,0.6636083604158359
11406,17,0.623193383371272
13393,17,0.5938725870043656
15013,17,0.7198223080026701
17040,17,0.759401144882131
18077,17,0.6597947565352732
18917,17,0.6622547871809145
19983,17,0.7644591074080359
22115,17,0.8096263538636076
23163,17,0.815711816181067
24163,17,0.774443821932986
25031,17,0.7811037641002274
27857,17,3.5269520944462935
2288,17,0.5099398823163013
5208,17,0.6413553166326436
7126,17,0.5847434539425509
8209,17,0.581497264505801
10368,17,0.6055454819305836
27967,17,0.04874490628898987
27981,17,0.5156647528591585
28051,17,0.46749944947489047
16225,17,1.3623116044687409
22118,17,0.843223814512234
23166,17,0.7737335196400673
24166,17,0.8409205919516339
25035,17,0.8065420196229167
25860,17,0.8776939227849254
27918,18,0.020378058406294735
8211,18,0.020414555831179734
9083,18,0.016483849321675563
28125,18,0.022113408482277785
20418,18,0.02292587608340455
5210,18,0.04778874070203997
6057,18,0.04205267169380289
7130,18,0.026430539982544812
7997,18,0.02457875366441451
9087,18,0.018676823532852414
9948,18,0.016149052659632766
18291,18,0.038198389696579876
18922,18,0.03859203492945791
19776,18,0.03710927804195706
20849,18,0.03682385344159099
21908,18,0.03492533509599304
22958,18,0.040665741396318435
3482,18,0.10760365318140173
4019,18,0.08836598109785146
4798,18,0.05342005653895103
5849,18,0.04002291279979801
7136,18,0.028330002261840764
8002,18,0.027018994853388087
9092,18,0.02304160489899219
10161,18,0.021536433164593666
11204,18,0.019051498764256398
12238,18,0.02012010980829121
16840,18,0.03024926277482988
17874,18,0.03314536355381153
18716,18,0.044543922243354184
19565,18,0.040109815339432836
20854,18,0.04514265049925966
21913,18,0.04485780871112247
22961,18,0.04600580178553887
23977,18,0.03240324727500444
2451,18,0.20190259460734705
3131,18,0.11255092820041071
4023,18,0.09677509271043219
5007,18,0.07593348667672713
5853,18,0.05719599704556005
6925,18,0.0393710875688154
9097,18,0.03852403858495857
10167,18,0.03578853857053108
11209,18,0.028698889987123048
12241,18,0.026842552503071614
13218,18,0.028291611516617743
14012,18,0.028080329203349446
15017,18,0.03334404809331306
15821,18,0.034629141134012824
16843,18,0.03856197835051297
17880,18,0.044711485964550615
18932,18,0.06189631264665941
19571,18,0.06404081063763245
20860,18,0.07106500928130116
21918,18,0.07037640697667985
22966,18,0.07074839948418259
23982,18,0.13528522415560512
24699,18,0.10324105491666342
1745,18,0.0951236468867628
2293,18,0.12519772113400826
3135,18,0.09202949734109067
27900,18,0.06295353511859551
7146,18,0.09388506850013352
8012,18,0.14296114109577096
10171,18,0.04532275553214827
12246,18,0.037287164778744386
14821,18,0.038072067271459585
15826,18,0.09727463415401383
17677,18,0.07133453757432147
20005,18,0.07437141520333904
21923,18,0.08419980129172677
22971,18,0.08630258357775022
25551,18,0.1953228916371623
1645,18,0.1385779282090684
3141,18,0.15680826868693545
7150,18,0.15642192485151052
8016,18,0.1554394799486462
10177,18,0.07056231378182683
14021,18,0.05830381509054335
17890,18,0.07110233543525739
22976,18,0.11520605203676511
23991,18,0.21907003186693766
9111,18,0.14595316475399883
12255,18,0.11705101209530676
13232,18,0.1697113183913361
17895,18,0.05620436091214567
18734,18,0.05351630992562125
21932,18,0.07974673033443093
1279,18,0.46550397478199174
4042,18,0.24253326123791566
12260,18,0.1544092648415413
20019,18,0.07459546150770568
21937,18,0.2612865155859701
3155,18,0.3264069504012002
4048,18,0.2971793999568989
6949,18,0.16707241928541985
10193,18,0.06313012387121113
28017,18,0.2248501518167002
13243,18,0.10977413899440437
17904,18,0.15292741086639464
19810,18,0.08750890869734639
20883,18,0.2799380667561124
21942,18,0.3835399837982415
24889,18,0.5464913103656248
4833,18,0.3371111085810864
15850,18,0.26366556728707014
20888,18,0.33301376340543604
861,18,0.8535816213619641
13253,18,0.06279107940611035
14851,18,0.29283196433788633
24016,18,0.535229623178322
788,18,0.8337465439214411
4062,18,0.41016739143286646
5047,18,0.41858317930179745
6106,18,0.17177323272103048
14052,18,0.23264642468353006
15860,18,0.3331456395736101
17919,18,0.3801497071174295
21957,18,0.49708423466156615
24021,18,0.5713700990137781
25073,18,0.6426952318952506
582,18,0.7151143204102185
794,18,0.564953775300317
1121,18,0.5504544759324352
6111,18,0.527053908776183
12284,18,0.07359233484598646
14861,18,0.28734321244136074
16888,18,0.4658884820457473
23010,18,0.6112667762822391
25750,18,0.6655114028544665
520,18,0.7546668174559592
797,18,0.5586804838313372
16893,18,0.46198192754477585
17929,18,0.5563263507155645
24031,18,0.7077189389536985
24914,18,0.6758747751052222
25754,18,0.7046644579772121
464,18,0.8726831272874499
803,18,0.6460006228430841
1689,18,0.6395741841567842
7194,18,0.7037155634986707
14871,18,0.4449789430012843
15875,18,0.48555194854138184
19840,18,0.6049282373078411
20913,18,0.6238341397876794
21972,18,0.6299392331293049
23020,18,0.6956468745578234
24036,18,0.7382648795381007
26312,18,0.7638154534584214
808,18,0.7034127242507541
1317,18,0.6981513599565438
8065,18,0.788188914177054
15880,18,0.5344229968337647
19845,18,0.6873139115884492
20918,18,0.6629306989603649
24924,18,0.8165372755444678
26733,18,0.9155245837802568
259,18,0.6030382144382425
812,18,0.7012342467979882
1698,18,0.7842237361979345
2352,18,0.8507257462096667
6988,18,0.7980642988489707
18784,18,0.6160825247846702
19850,18,0.6705514823116346
21982,18,0.7185569560684185
23030,18,0.7266768243707109
25098,18,0.7852676841260109
25769,18,0.8099189651877066
26739,18,0.8067559231088035
27108,18,0.8628961992699673
266,18,0.5876579222984099
6994,18,0.7613563362347974
8075,18,0.827630444445807
9166,18,0.9200274878672339
16913,18,0.547873935288656
20069,18,0.42344820874964206
21987,18,0.5180962008476606
23035,18,0.6550886266635674
25103,18,0.5189443370230165
26326,18,0.8127051058450436
26744,18,0.7845217831614842
270,18,0.626314371318632
823,18,0.7953196453290324
3204,18,1.0320785496026987
9389,18,0.9474258294796611
10449,18,0.975520094875108
18794,18,0.4431040746721375
19860,18,0.39740814427637516
23040,18,0.31925500050375916
23661,18,0.37698696992760167
25278,18,0.44656107531805844
25780,18,0.6650182355496048
26331,18,0.7281935091295
26748,18,0.720745198948919
27118,18,0.7256490263220872
27402,18,0.865742630218122
616,18,0.8339661727803652
827,18,0.8235867936881457
1245,18,0.8640408004535878
8302,18,0.925547988569662
11287,18,0.9513371487076073
17958,18,0.606989342489624
19863,18,0.7120221616182872
20937,18,0.6895375221254724
26753,18,0.7703027478425755
63,18,0.9711977771031575
494,18,0.8739616624373594
4477,18,0.963104870854125
10251,18,0.5652377195929104
11706,18,0.7420956246043413
22002,18,0.7542834755108612
23050,18,0.7029445697455557
25789,18,0.6116989636601952
44,18,1.0641839981538148
838,18,1.0071069708068183
4093,18,1.070304819351509
11711,18,1.1946950094605322
19874,18,0.7702186741729259
21160,18,0.8244516965056374
23055,18,0.815739211978879
25794,18,0.737179419614425
26346,18,0.7002858280997147
27723,18,0.9242393608664065
503,18,1.0353991133421305
1261,18,1.1272628259187711
4097,18,1.0424756347524262
9190,18,0.5738297163212455
10260,18,0.6791401131788464
23059,18,0.8104071301850871
24759,18,0.821291250924881
26352,18,0.7600501639057087
27137,18,0.8394382216359437
27623,18,0.9409647716268569
27727,18,0.9556424333762167
27795,18,1.213447804456414
248,18,1.1357462809582652
508,18,1.1798330270191735
847,18,1.2476961112049165
1266,18,1.1766053194088786
2081,18,1.3759806773207106
19884,18,0.6990073904268967
24064,18,0.8763200651024541
24932,18,0.7468731780556446
26356,18,0.8006267383495883
26773,18,0.8344354988133882
27628,18,0.8826395844793595
2,18,2.833667796289099
108,18,1.8522243623331358
852,18,1.3047465139035364
1738,18,1.3154083710433675
3208,18,1.4176451036466107
9200,18,0.7766176927755559
11312,18,0.7307035411109908
12344,18,0.8427713773938227
20104,18,0.8724929372160912
22231,18,0.8627651262448465
25631,18,0.7886004178552052
26360,18,0.9010500834717989
27147,18,0.9364320772486245
112,18,2.2832107565841038
258,18,1.1968242328972438
1275,18,2.2668050465721468
2541,18,1.4369581735295982
3213,18,1.4206378586525934
4113,18,1.4788619787371553
8987,18,0.9172850856831278
10275,18,0.7721336586309937
11316,18,0.8149393546844715
12349,18,0.9927417432105152
13326,18,0.9014831411145466
14120,18,0.8122084620997658
21180,18,0.8142891569524537
23074,18,0.8982401535062539
24074,18,1.0767773321099625
24942,18,1.0604337787087854
27436,18,0.9720360388461317
27818,18,1.1815307936835422
27846,18,2.3938661584829495
2385,18,1.4056987883428596
8120,18,1.1741258504124554
9428,18,1.0599998555274461
10279,18,0.9718196512299847
14125,18,0.7512916170034156
23079,18,0.9991279368354813
26176,18,1.132004496293875
27156,18,1.1162259520854487
27440,18,1.2980854533193646
1841,18,2.720737061751015
2390,18,1.4940457140054606
10285,18,1.3231699594824873
16962,18,0.8962390664092839
18838,18,1.0032126242911517
19904,18,1.2606098219606894
28131,18,1.293960002230122
22036,18,1.3349819579926876
26361,18,1.24877265943358
27869,18,2.788496985785896
2394,18,1.6187996292607443
4127,18,1.4295940973444041
9220,18,1.5626346336858636
10290,18,1.4025781468779575
11331,18,1.338494920973735
18843,18,1.187886368192073
24089,18,1.086067949508714
24957,18,1.2485696507537845
3230,18,1.3043126176524993
5134,18,1.3579506646252557
8134,18,1.4778705151313372
11336,18,1.3403327989630882
19913,18,1.1071142379637482
23094,18,1.1160255651193258
24094,18,1.2196287389862395
28189,18,2.1644415676481503
3235,18,1.2079485014574916
5140,18,1.247014920259335
8141,18,1.3497499526976648
13351,18,1.2577212932557593
16977,18,1.2002167139229432
18013,18,1.1514004990355269
23099,18,1.1479813752579744
24099,18,1.2861834961011225
25483,18,2.8287807101051556
2721,18,2.0855528836594734
4141,18,1.2402903935597889
5145,18,1.234628877283451
5992,18,1.2750919095832831
8145,18,1.3804197593459782
9234,18,1.4307261627469308
12378,18,1.4063455921707524
20996,18,1.1538087901463896
23103,18,1.3814537726755625
24103,18,1.3023949555639052
25487,18,2.3938479264544097
2557,18,1.9779777766117732
3244,18,1.162681656546313
4146,18,1.2279482941232618
9239,18,1.4301161584429172
13360,18,1.261150670694912
19928,18,1.2276872464783997
21002,18,1.311107189011253
23108,18,1.4306104865481502
24108,18,1.353185868729539
24976,18,1.3498579052267585
25654,18,2.9196507493355384
3250,18,1.1900548836733482
8154,18,1.3939079307795896
9244,18,1.4263679404348675
10313,18,1.4055413415610996
18867,18,1.2131635251116064
21006,18,1.3399623491228692
23113,18,1.4107922236607282
24113,18,1.3756485707248305
2401,18,1.3532347507343396
3254,18,1.181818711590433
4156,18,1.2023275367003416
6219,18,1.3493338600385396
11361,18,1.4514693360027249
12393,18,1.470883043746728
13370,18,1.3114368944318355
14969,18,1.1740836299107167
15973,18,1.2307488265875581
18872,18,1.2700137036533916
19938,18,1.300613667295957
24118,18,1.4469540399640564
24986,18,1.4381625518617474
25819,18,3.0922671030592372
2406,18,1.2868608111505517
3259,18,1.1975293605633743
9472,18,1.3907050179118186
10324,18,1.3808476674018915
12398,18,1.380794803974215
14974,18,1.2212713232646462
15978,18,1.232735400400254
18877,18,1.3174151055205272
19944,18,1.3351892314315126
22075,18,1.291557460216709
23123,18,1.4493500697647541
24991,18,1.5117353869749417
25669,18,1.7271266647893375
3089,18,1.1629687975857128
4166,18,1.1987054679873437
6229,18,1.3363453192451191
9259,18,1.387039804115189
10538,18,1.3801214602843879
14979,18,1.257081425873747
15983,18,1.249010624883876
18042,18,1.2628073064519136
21021,18,1.3797075937812073
23337,18,1.4136156778195954
24128,18,1.4710613544178048
2416,18,1.1605017160711646
3269,18,1.1716219924025777
7092,18,1.3674142242543927
9264,18,1.3272525224091292
10334,18,1.3730713890041295
11583,18,1.3793709783833
13200,18,1.2186645655885024
15988,18,1.3054090770071987
17011,18,1.2902358971174976
18047,18,1.25575975987218
18887,18,1.3499410439576975
23133,18,1.4696957758950553
25002,18,1.6934698321255173
25826,18,1.7130757262167562
4176,18,1.212834175066691
5179,18,1.2731253495450872
8179,18,1.3414874179017444
10340,18,1.3283246936927224
11381,18,1.3603801596010217
12413,18,1.2614763586943412
18052,18,1.2534153326966373
19958,18,1.3382629168940887
22090,18,1.4407245595787563
24138,18,1.6034382291162748
25006,18,1.7361158065858562
25831,18,1.7403836236017733
1962,18,2.163284301194824
2426,18,1.15227101086241
5184,18,1.2961119786569681
7318,18,1.2943751025023817
8401,18,1.3070577613375722
9274,18,1.2852280074038902
11385,18,1.3152745613318162
14993,18,1.230233658778152
17020,18,1.2326397955117598
18057,18,1.2891319117327755
18897,18,1.3313384401675186
21036,18,1.4875343344459429
23143,18,1.6071853419531343
25011,18,1.7615758133407236
1967,18,1.4093215332476143
2431,18,1.12505571429135
6248,18,1.2697840657551318
7107,18,1.3095940186494666
8189,18,1.3129162615178078
9279,18,1.2911372340021494
11391,18,1.2992578900834673
12423,18,1.2421864211465925
13013,18,1.247462764635394
14453,18,1.2893415329391253
14998,18,1.2545656178513238
16003,18,1.2658088204349658
17026,18,1.3139378922090488
21041,18,1.4857206509401273
23148,18,1.6882166767192313
24148,18,1.7705289499342922
25016,18,1.8488596218085933
25841,18,1.8453923312566576
1845,18,2.867817957213038
2436,18,1.1210073276673482
4190,18,1.214593440090481
10354,18,1.3033949044743292
13383,18,1.230398573466588
14299,18,1.2663639238016526
15806,18,1.3394135823755327
17031,18,1.330157537931819
18067,18,1.387116177742514
19119,18,1.430342245358584
19973,18,1.4643811064935919
21046,18,1.567528414539117
25021,18,1.8434545195808199
25846,18,1.889498774478873
1849,18,2.882397177653927
2441,18,1.2234191228079745
4010,18,1.242267533394198
9289,18,1.302380800118772
10359,18,1.3174435070866748
11401,18,1.2879584153824513
12433,18,1.2631754186740187
13388,18,1.3153022860994983
28001,18,1.323441949721567
18072,18,1.410983917559784
23158,18,1.7072955599437745
24158,18,1.808107570965101
25026,18,1.836944552892572
25851,18,1.9083293630498066
1741,18,3.527693643465997
5203,18,1.2582652197159216
7122,18,1.318795113627255
8203,18,1.3071735446848813
11406,18,1.3604645275311773
13393,18,1.375908096656157
15013,18,1.4099078166799885
17040,18,1.5234061038793274
18917,18,1.5240070683876148
22115,18,1.724451786330261
23163,18,1.713475162933702
24163,18,1.9040121602491502
25031,18,1.9987221748663173
27857,18,3.5829884604078046
2288,18,1.169699209167578
5208,18,1.2691963639670898
7126,18,1.3355546768334194
8209,18,1.323021640715569
9298,18,1.3117826240540573
10368,18,1.3523698716726131
27967,18,1.418719636537608
27981,18,1.474777418913695
28051,18,1.748300561733214
16225,18,2.9759586071285264
17045,18,3.57618654662475
18921,18,1.8846144884978127
22118,18,1.7340480895499857
23166,18,1.7896210921874363
24166,18,1.900179375791636
25035,18,3.0555779912136836
25860,18,2.6221699067583293
27918,19,0.02416620950040515
8211,19,0.02613801326392574
9083,19,0.022331722140671154
28125,19,0.03245390102500176
20418,19,0.040802785286888285
5210,19,0.04775227546960901
6057,19,0.04594663725515685
7130,19,0.04449291403713152
7997,19,0.046966231508314374
9087,19,0.04586520544336988
9948,19,0.04485052876245881
18291,19,0.07082129496402632
18922,19,0.07450307635119748
19776,19,0.07217226647925068
20849,19,0.07548825351904971
21908,19,0.0783048458882398
22958,19,0.08097766876156018
3482,19,0.07193195432633344
4019,19,0.057992747661970656
4798,19,0.04913570124617974
5849,19,0.0406851485879079
7136,19,0.049183282649411894
8002,19,0.052132532377281715
9092,19,0.05660338216623285
10161,19,0.05486239561827787
11204,19,0.04238410155445237
12238,19,0.043236705281798446
16840,19,0.03831211283335796
17874,19,0.04898717968179199
18716,19,0.08503286204315555
19565,19,0.07826503454050804
20854,19,0.0919708745044961
21913,19,0.09173198391250209
22961,19,0.08743288501437979
23977,19,0.050079550381854195
2451,19,0.10427955639763671
3131,19,0.07827139979758961
4023,19,0.0723445129329786
5007,19,0.06794386301763658
5853,19,0.06714749137436966
6925,19,0.06337726884370629
9097,19,0.07281586593422425
10167,19,0.07230246288368018
11209,19,0.06311050574232052
12241,19,0.05514347088698836
13218,19,0.04232545325064873
14012,19,0.03296247686199547
15017,19,0.04094274641329532
15821,19,0.0444558208964546
16843,19,0.053179020823649156
17880,19,0.06904185807992352
18932,19,0.11525017566928521
19571,19,0.1229516061687434
20860,19,0.14960281695753086
21918,19,0.14459989767978704
22966,19,0.1555772553820708
23982,19,0.4368668000003808
24699,19,0.3392009158086675
1745,19,0.06248111903647063
2293,19,0.06671082635203462
4028,19,0.05323872500611996
27900,19,0.06585521056223156
7146,19,0.0640089876735965
8012,19,0.07140899804225297
10171,19,0.07991154735314916
12246,19,0.07339825932297514
14821,19,0.051950861150538846
15826,19,0.07903435607469066
17677,19,0.09572450753854227
20005,19,0.14949490789006456
21923,19,0.1424858968372132
22971,19,0.19696426682491625
25551,19,0.5591186951309975
1645,19,0.17321489354418174
3141,19,0.0333245651375847
7150,19,0.10251104289976516
9325,19,0.0417618829542793
10177,19,0.05553880696850982
14021,19,0.17283400844517113
17890,19,0.16140988291428554
23991,19,0.4951274776886301
9111,19,0.059893268894900056
12255,19,0.0559569063259066
13232,19,0.02432529266242205
17895,19,0.14909702442868958
18734,19,0.15013229258332933
21932,19,0.3900030352465215
1279,19,0.5606216060810812
4042,19,0.23182847408015403
12260,19,0.041176048376860515
13237,19,0.04475759596589415
20019,19,0.16121382855712443
21937,19,0.20525150063667263
3155,19,0.2277196592187682
4048,19,0.24228773334106019
5032,19,0.06831581615924304
6949,19,0.0390282874810499
10193,19,0.19153905220285972
28017,19,0.14870686228438462
13243,19,0.10565168606437393
19810,19,0.149273263321195
20883,19,0.23576718099491403
21942,19,0.26679404855468425
24889,19,0.13440564458934484
4833,19,0.21620667092949206
15850,19,0.12181989830167299
21947,19,0.3015602094704723
861,19,0.5695386659566218
1292,19,0.2977512570472225
13253,19,0.20572104247438197
14851,19,0.15587292232235722
19820,19,0.18242027782063264
24016,19,0.22402211256621005
26293,19,0.21142884788666963
788,19,0.4915408484162938
4062,19,0.19188286093697227
5047,19,0.291109942958264
6106,19,0.20928890719131904
14052,19,0.22201216439633342
15860,19,0.16641776072121817
16883,19,0.14727545031154507
17919,19,0.22417956350014992
21957,19,0.1803068885564454
24021,19,0.2827251130402693
25073,19,0.20972932400054334
794,19,0.3786504793724311
1121,19,0.3806389223696367
6111,19,0.3197952698773353
14861,19,0.1950394969892814
16888,19,0.15621063548506792
19830,19,0.17562177193085823
23010,19,0.19906531775809724
25750,19,0.09182959736167917
520,19,0.45484421925923213
797,19,0.3585040799003481
16893,19,0.17996331509226376
17929,19,0.14139095744953306
18769,19,0.13420755655299282
20907,19,0.15970263522295325
25754,19,0.11738072800183001
464,19,0.6394227121503413
803,19,0.41205467338861873
7194,19,0.32313794891561304
14871,19,0.16086100240976922
15875,19,0.16469870034699244
19840,19,0.04418009055786477
20913,19,0.0543127528798627
21972,19,0.04615510978542153
23020,19,0.05918687519764712
24036,19,0.115489783719782
24919,19,0.12121531088578683
26312,19,0.07770862418371037
26646,19,0.15678243934761718
808,19,0.40116884951492526
1317,19,0.3920737965358231
15880,19,0.19023312362525666
18779,19,0.11138903597031698
19845,19,0.08930661727432235
20918,19,0.08719056687823887
24924,19,0.1622717618847137
26733,19,0.2698655570723345
259,19,0.3821211196791494
812,19,0.4000281721533878
1698,19,0.44507115147962845
2352,19,0.3795812290433676
6988,19,0.289225946385495
9161,19,0.4082170396049834
18784,19,0.1189383966036612
19850,19,0.07834164127501153
21982,19,0.11514247790131904
23030,19,0.10003214853217288
25098,19,0.1606568719291135
25769,19,0.2224087696517447
26739,19,0.2956999036696513
27108,19,0.33029563091189673
266,19,0.31326449564995773
6994,19,0.12609810240621752
8075,19,0.26629209533955445
9166,19,0.24888167878148978
16913,19,0.17041973261862872
20069,19,0.11236517742595174
21987,19,0.15494571194389317
23035,19,0.16840428328446802
24050,19,0.11183855678476017
25103,19,0.13051621044912834
26744,19,0.34029757126666427
270,19,0.2875100466532892
823,19,0.40236580815872386
3204,19,0.372590661761475
9389,19,0.21541107757255248
10449,19,0.3256064616777158
16918,19,0.1820234125534369
18794,19,0.11905121290117707
23040,19,0.10111888467716086
23661,19,0.034081792458801614
25278,19,0.1413698114297452
25780,19,0.2239618232638337
26748,19,0.33778420908155765
27118,19,0.45002076465725316
27402,19,0.4849575232428519
616,19,0.39714368969584124
827,19,0.409579114668552
1245,19,0.4170028916073782
8302,19,0.1705469031846693
10246,19,0.1920193001444193
11287,19,0.31439721803788356
17958,19,0.1525009852364571
19863,19,0.12788892172762284
26753,19,0.34500364259046024
63,19,0.26501528892380993
494,19,0.36572785024813487
4477,19,0.11658139828209217
22002,19,0.12042814317984281
23050,19,0.02850104615361188
25789,19,0.25361060391952606
44,19,0.4106489789281055
838,19,0.4451443535497331
4093,19,0.2997256972545197
11711,19,0.43927663367486436
19874,19,0.1169648051436478
21160,19,0.017544735143625114
23055,19,0.06296869590766387
25794,19,0.2225508123069286
26346,19,0.3332184076914975
27132,19,0.5142281583938758
27723,19,0.7844853616198196
503,19,0.40420438783051915
4097,19,0.24585975861544596
9190,19,0.08501627162300712
10260,19,0.26353103367629616
11509,19,0.30878889977437046
23059,19,0.12201288502400244
24059,19,0.06994695594508492
24759,19,0.1922531239762054
26352,19,0.4261547574950444
27137,19,0.4855784932532709
27623,19,0.607185960281786
27795,19,1.251645200256679
248,19,0.45967916269305925
508,19,0.45690235999504264
847,19,0.5911046661847615
1733,19,0.6519224524340647
2081,19,0.6477600696601344
4102,19,0.36354583439254856
19884,19,0.12680703032031013
24064,19,0.15776143197512174
24932,19,0.1681787947942228
26356,19,0.2087171596906467
26773,19,0.44419067033121856
2,19,2.673406733908127
108,19,0.6738286497172765
1738,19,0.6961793315773956
3208,19,0.6809870259006826
4107,19,0.44078937511374316
20104,19,0.23806524573795979
22231,19,0.20338895707304908
24936,19,0.2151560955919302
25631,19,0.25230533345451145
26360,19,0.349662988834637
27147,19,0.3364958730636534
27633,19,0.4550934956577267
27814,19,0.505644691936768
112,19,0.9991078122387593
258,19,0.6725780734550438
1275,19,1.904793221356921
2541,19,0.6554838229838146
3213,19,0.6856043156790632
4113,19,0.6891206516375823
8987,19,0.2872089139900663
10275,19,0.2639434136111654
11316,19,0.25828807885851923
12349,19,0.28266178776815176
13326,19,0.2196645399437092
14120,19,0.31961317795148986
21180,19,0.2905896599823733
23074,19,0.22803241786781808
24074,19,0.24129683805872448
24942,19,0.29859516069752057
25799,19,0.3583557404859636
27436,19,0.43490668126427406
27818,19,0.6184478150053797
27846,19,2.2991162094030906
2385,19,0.5845632657934264
4309,19,0.7718718493620192
8120,19,0.3036051086529462
9428,19,0.13118901403355074
10279,19,0.1862714527994382
14125,19,0.4420951705041246
23079,19,0.15591396545928807
24947,19,0.3703522626667915
26176,19,0.8580641828968216
26787,19,0.9266661417185592
27156,19,0.46549150042746035
27440,19,0.48053633296233705
1841,19,2.0390088232787815
2390,19,0.6157512638034472
9433,19,0.20799811877815313
16962,19,0.14768694572612204
18838,19,0.21744412729949916
19904,19,0.19659272314268147
28131,19,0.199062325666579
24084,19,0.12451403093065182
25809,19,0.36681793819203123
26361,19,1.3510567579841477
27869,19,2.584570419978736
2394,19,1.0681441760924937
4127,19,0.5110092967044526
9220,19,0.5067313329032033
10290,19,0.3843378421846145
11331,19,0.24573879386721567
14940,19,0.5599405866307549
18843,19,0.4343560943855357
24089,19,0.1321607817681641
24957,19,0.33174826393712736
3230,19,0.21257578272696348
5134,19,0.35883965578790095
8134,19,0.4008351065224136
11336,19,0.267341073073501
14945,19,0.9181460894918597
19913,19,0.556818816691078
24094,19,0.44720475106791036
28189,19,0.3438884827337768
3235,19,0.20949168968555576
5140,19,0.2523360236309886
7058,19,0.3375922281089444
12374,19,0.28025330410852994
13351,19,0.4599366991135558
16977,19,0.4585997047151836
18013,19,0.5172933348268731
23099,19,0.6607668624441227
25483,19,2.84016598734242
2721,19,1.3566143297502482
4141,19,0.29526345080451893
5145,19,0.2958364859985911
5992,19,0.3052342234071903
8145,19,0.4045868281822225
11346,19,0.29147292788118145
12378,19,0.27013089551539293
20996,19,0.5393543503848963
23103,19,0.5061525135558305
24103,19,0.54201889112436
25487,19,3.029384644720756
2557,19,1.3902847031451193
3244,19,0.27105171779496756
9239,19,0.3752477252279107
11351,19,0.23787371005511626
13360,19,0.29444037931365613
14959,19,0.7465964675284591
19928,19,0.49565974951851866
21002,19,0.450560055275931
23108,19,0.4083787924220209
24108,19,0.4765786838534716
24976,19,0.513554808325354
25654,19,3.098859049011843
3250,19,0.2824914459668418
8154,19,0.3524402482548613
9244,19,0.3434896455331212
10313,19,0.3294231368593444
18867,19,0.5063966364821402
21006,19,0.3593379664985882
23113,19,0.30890306307503634
24113,19,0.43096440189976615
2401,19,0.288578126556584
3254,19,0.2544258762327193
4156,19,0.2612656860380617
6219,19,0.3278312526427485
7077,19,0.28379749823855965
10319,19,0.28631816582664543
11361,19,0.17963932588979153
12393,19,0.08386999968897073
13370,19,0.0722585642460564
18872,19,0.4562812676930715
19938,19,0.38809635240751883
24986,19,0.506740987161946
25819,19,3.29269772780995
2406,19,0.17791839713025426
3259,19,0.2553275780336971
9472,19,0.3392727114845358
10324,19,0.2837950614704822
12398,19,0.03526880822220158
14974,19,0.2273816123512245
15978,19,0.1863512706415815
18877,19,0.398458960875949
19944,19,0.3466444070279604
22075,19,0.2919822239364224
24991,19,0.500196519372321
25669,19,2.163846307312863
2411,19,0.323588078226424
3089,19,0.31750209217547853
6229,19,0.3015405369867946
9259,19,0.2851557970633597
10538,19,0.1689540940896621
14979,19,0.08615812894068868
15983,19,0.13416163634179312
18882,19,0.30309886869456065
23337,19,0.4361417792017271
2416,19,0.37710771324743997
3269,19,0.2801798168087228
4171,19,0.22938890843462184
8392,19,0.22188772401355653
9264,19,0.18623648676087637
10334,19,0.12875572458904389
11583,19,0.08819574715744198
13200,19,0.10321831118569906
15988,19,0.1603759229333903
17011,19,0.21497955869146013
18047,19,0.3179546804011065
25002,19,0.47856397938857387
25826,19,1.1832477907635852
2421,19,0.3687897930430914
4176,19,0.26040137964438576
8179,19,0.2461115266296206
10340,19,0.1474301648078126
11381,19,0.1294522333293329
12413,19,0.11846615486854209
18052,19,0.2891254462633342
19958,19,0.2722885501289695
24138,19,0.3256160038316599
1962,19,0.1833181046136323
2426,19,0.4728850156169834
5184,19,0.1970106980712955
7318,19,0.22976975687250467
8401,19,0.21999193537986703
9274,19,0.16759010656366052
11385,19,0.15462929427622293
14993,19,0.1633830300424063
17020,19,0.26849520684362554
18057,19,0.2785314534049734
19963,19,0.3066911963556065
21036,19,0.35650032571875023
23143,19,0.35540717631275914
25011,19,0.2684025010582812
1967,19,0.5853388372648077
2431,19,0.5164931878481634
4186,19,0.22769626841322582
5189,19,0.22355593673810986
6248,19,0.21337981940512657
7107,19,0.2671101266201637
8189,19,0.20667467535252304
9279,19,0.2035867744336159
11391,19,0.246421839389176
12423,19,0.31895224274726897
14453,19,0.2130301743251392
14998,19,0.3160389814661987
16003,19,0.31911318945710193
21041,19,0.22861579633857437
24148,19,0.17648236409331786
25016,19,0.2551130040385871
25841,19,0.3470287412702023
1845,19,0.3946450666824866
2436,19,0.5868205743700086
4190,19,0.4817126305527829
10354,19,0.46415420072193464
13383,19,0.2774108683256671
14299,19,0.2337715171851056
17031,19,0.32771244885289313
18067,19,0.2763552160835427
19973,19,0.29611313589814503
21046,19,0.13648697442048754
25021,19,0.2464869959048377
1849,19,0.129257510058581
2441,19,0.6582911465077007
4010,19,0.5584391006018032
9289,19,0.45716733923427644
10359,19,0.4486320605995968
11401,19,0.48688469592393263
12433,19,0.48922791382727476
13388,19,0.37182410617265166
28001,19,0.2754965386386021
17036,19,0.39791950540228355
18072,19,0.36599326129221305
23158,19,0.16151896183616266
24158,19,0.17219004993112672
25026,19,0.26060342168324746
25851,19,0.3167992174062612
1741,19,2.801790647866202
4200,19,0.5136234899261083
5203,19,0.5098742142029998
8203,19,0.4751807670221356
11406,19,0.4596709153777548
12438,19,0.4249102805689497
13393,19,0.38344378684686986
15013,19,0.3575240514872762
17040,19,0.1717140760514773
18917,19,0.10931921533367564
22115,19,0.26442698875111215
23163,19,0.21975526220634492
25031,19,0.18303148325881224
25856,19,0.21759071031003263
27857,19,3.076532434357876
2288,19,0.5598403702164583
3303,19,0.663732146402151
5208,19,0.5811328346124711
7126,19,0.48101234488746
8209,19,0.5218779700205793
9298,19,0.4353910597944665
10368,19,0.42768281830096067
27967,19,0.48763878140132355
27981,19,0.5496070404844404
28051,19,0.15149818893114034
16225,19,0.5958901756771051
18921,19,0.20365775760816984
22118,19,0.20765084861694386
23166,19,0.1467240368471612
24166,19,0.037764224414247705
25035,19,0.23608114594229093
25860,19,0.17815119018396144
27918,20,0.011839002877318643
8211,20,0.012545864972397855
9083,20,0.014851859730946448
28125,20,0.02217636706796977
20418,20,0.021997803617484574
5210,20,0.040554258946882214
6057,20,0.03414480569881988
7130,20,0.029386239533976975
7997,20,0.030710271773648875
9087,20,0.031738213979173514
9948,20,0.03353230053552414
18291,20,0.041188382979452265
18922,20,0.041451490261845164
19776,20,0.03831716780757884
20849,20,0.03722794582460252
21908,20,0.034803076216079754
22958,20,0.03846769662214544
3482,20,0.08731049510023596
4019,20,0.06852358465711632
4798,20,0.045244407435335234
5849,20,0.029263605468192355
7136,20,0.03252034852605402
8002,20,0.03466058324637963
9092,20,0.038973430905460564
10161,20,0.04108040757915657
11204,20,0.03505178698495538
12238,20,0.03713479212470049
16840,20,0.025992146698402108
17874,20,0.031666507741133526
18716,20,0.04707334708678007
19565,20,0.0411406166711198
20854,20,0.04581523999025405
21913,20,0.044136059607121594
22961,20,0.04234036577065866
23977,20,0.030646806366963868
2451,20,0.1480766966834763
3131,20,0.09603108515306463
4023,20,0.08534447953788399
5007,20,0.07134498374848983
5853,20,0.056245980371662056
6925,20,0.04843522861969704
9097,20,0.05503280457344447
10167,20,0.054629342039041226
11209,20,0.04826563759179623
12241,20,0.0438271056559446
13218,20,0.03484225559268427
14012,20,0.028401575241704467
15017,20,0.028797011939743773
15821,20,0.030111479140937182
16843,20,0.03270440690021014
17880,20,0.042482075369934626
18932,20,0.06248260844451591
19571,20,0.06392757001474215
20860,20,0.06694315869458531
21918,20,0.06466544130041305
22966,20,0.06357627106007185
23982,20,0.14034978896328512
24699,20,0.11735826808082632
1745,20,0.10198894201763174
2293,20,0.08110598167642728
4028,20,0.08030767820846446
27900,20,0.05363635624463937
7146,20,0.057398449849748366
8012,20,0.06061449535664916
9102,20,0.06153204024175526
10171,20,0.06024665279022469
12246,20,0.05258371551154213
14821,20,0.033652533525735884
15826,20,0.14804401592876684
20005,20,0.017862434576619863
21923,20,0.0769075833175909
22971,20,0.002506686664788968
1645,20,0.11143636116979508
3141,20,0.07046550023389354
7150,20,0.12278571850745375
9325,20,0.07515154420346629
10177,20,0.0684199615449029
14021,20,0.0762011481076971
2971,20,0.08988819801715468
9111,20,0.08088758673687571
12255,20,0.08336636604419141
13232,20,0.12413535966950506
17895,20,0.17594280046312394
18734,20,0.18908721953962085
21932,20,0.8171850780092099
1279,20,0.38926205417970544
4042,20,0.05143477158168543
12260,20,0.06035362403591035
20019,20,0.28415792911773946
21937,20,0.8140256428636587
1191,20,0.4020766984374546
3155,20,0.05153685299893924
4048,20,0.06463053548208446
6949,20,0.10015368291764845
9340,20,0.034444140897838
10193,20,0.09073474283407856
28017,20,0.08604610482238588
13243,20,0.11929636148587777
15845,20,0.26533611529389917
19810,20,0.24593112898815034
20883,20,0.6865088208675928
21942,20,0.7339126658066986
24889,20,0.9232373193961869
4833,20,0.061124488814650595
6096,20,0.10900638333255387
12270,20,0.11435431088206983
14846,20,0.35938097671930197
15850,20,0.3309548021237529
16667,20,0.2885972469741301
21947,20,0.6885740263632142
861,20,0.4685759730591642
13253,20,0.06256203576057129
14851,20,0.3695353662313159
24016,20,0.7054287908855791
26293,20,0.6011581777959513
788,20,0.44950142689852285
4062,20,0.12657515977652956
5047,20,0.11947207912521829
6106,20,0.2067838800886741
14052,20,0.26147979002110305
14856,20,0.26985023743688974
15860,20,0.4193412852833578
16883,20,0.44324433667193114
17919,20,0.4350539784491894
21957,20,0.5404423685162103
24021,20,0.6880361051096647
25073,20,0.6462380075284888
1121,20,0.4132754276782027
6111,20,0.21371469285213074
14861,20,0.3380683684920711
18764,20,0.5219026445956089
19830,20,0.48068296167800584
23010,20,0.5907521457994009
25750,20,0.645998306714934
520,20,0.3843098882622251
6116,20,0.1664126113166801
8274,20,0.199318214773875
16893,20,0.5576687673766345
17929,20,0.6592113428584191
18769,20,0.5799079799766547
25754,20,0.6361685138650442
26724,20,0.7150007802083265
27093,20,0.6784615117672778
464,20,0.5886201821895228
7194,20,0.2583312776710754
14871,20,0.43353697688323783
15875,20,0.4922935777002331
19840,20,0.7131511866705406
21972,20,0.6464154777200987
23020,20,0.7177699086948266
24036,20,0.7490146509278421
26312,20,0.7631598731561565
26646,20,0.8567751568559339
808,20,0.4942081459032359
1317,20,0.4743173026168516
1694,20,0.5109039128215268
15880,20,0.49794217507285526
18779,20,0.6595234528502715
19845,20,0.7951694559938457
20918,20,0.7454205042257945
26733,20,1.0893163054486916
259,20,0.49071894410100336
812,20,0.5272488439793155
1698,20,0.526874379236161
2352,20,0.43953086293930593
6988,20,0.3186119247876771
18784,20,0.5805328577913439
19850,20,0.7135184669445487
21982,20,0.799127400257071
23030,20,0.8896768973928199
25098,20,1.013658134109934
26739,20,1.1483593069565254
27108,20,1.243228127694189
266,20,0.3499900892723914
6994,20,0.1245927651709082
8075,20,0.32959400122039245
9166,20,0.1639926916589978
16913,20,0.5054223732321648
21987,20,0.5797896530039498
23035,20,0.7954454533084628
25103,20,0.5566837358558536
26744,20,1.2039502759551644
270,20,0.38704653018655616
823,20,0.525994206554037
3204,20,0.2892647987063728
8080,20,0.08210589460236291
9389,20,0.10713965601546688
10449,20,0.08761278738594107
23661,20,0.07689474854947331
25278,20,0.6338783284873023
25780,20,1.2233579384963225
26748,20,1.3147357153734585
27118,20,1.3364437778944094
27402,20,1.4941640274709667
616,20,0.5194517793891062
827,20,0.49890707808751883
1245,20,0.5806502208323888
8302,20,0.17682154451398124
11287,20,0.08691056620866276
17958,20,0.1611335025626839
19863,20,0.17574368929754727
26336,20,1.2633228186889345
27122,20,1.376337854281439
63,20,0.5163719828867446
494,20,0.5018669639604072
1718,20,0.5899690291246078
4477,20,0.26821963516974856
22002,20,0.27754623463411937
23050,20,0.2917905940949381
25789,20,1.2383477498971518
27127,20,1.4790408109547866
27411,20,1.5450285099582526
44,20,0.5882155080481918
560,20,0.5902891191324829
838,20,0.5894212206457307
4093,20,0.24772272776299936
11711,20,0.311453089353632
19874,20,0.25531074400352827
23055,20,0.2892662876463813
25794,20,0.6488989625217347
26346,20,1.3536939915607777
27132,20,1.537462455924177
27723,20,1.841179638236145
503,20,0.6338685365744894
4097,20,0.41042935808790393
9190,20,0.2887956946110997
10260,20,0.289399241546622
21165,20,0.24736852443856147
23059,20,0.21150771128045306
24059,20,0.23440039684173647
24759,20,0.0699051442566043
25943,20,1.1748294990604442
26352,20,1.4869475496088393
27623,20,1.7858319971878829
27795,20,1.851835141408787
248,20,0.7263612111014844
508,20,0.6820544263824188
847,20,0.7470708631219105
2081,20,0.5817212304633573
3377,20,0.457807154813647
4102,20,0.47010398904474104
19884,20,0.1984050212677082
23064,20,0.31401794106102104
24064,20,0.1815431858153517
24932,20,0.08784477757461967
26356,20,1.4675189407239257
26773,20,1.5883529655658726
2,20,2.578523617334144
108,20,0.993950798868246
1738,20,0.720094008979795
3208,20,0.548120945953302
4107,20,0.5320887667134216
22231,20,0.34374231926611326
25631,20,0.0738147467299143
26360,20,1.4588653456237208
27147,20,1.5434363691994686
27633,20,1.657965822372569
27814,20,1.6357365701157538
112,20,1.10627511277449
258,20,0.8203737617431642
1275,20,1.433720649734895
2541,20,0.6172668711510265
3213,20,0.6313253665803342
4113,20,0.582439004951117
8987,20,0.45904125220545305
10275,20,0.3839110427398134
11316,20,0.33520320600872855
12349,20,0.47664153118950225
13326,20,0.40193046242039804
14120,20,0.25591069842650555
21180,20,0.29422070180928295
23074,20,0.3257864334659297
24074,20,0.3463188145135953
24942,20,0.16584046138162237
25799,20,0.2388349603078061
27436,20,1.5911899245345416
27818,20,1.8092513330543123
27846,20,2.240287424602068
2385,20,0.6281068381056081
8120,20,0.5005657484280776
9428,20,0.5364147163239332
10279,20,0.5912964259050758
14125,20,0.16698236026707694
23079,20,0.42808946294533046
24947,20,0.4009658385212597
26176,20,1.7983778227052534
27156,20,1.716592701524764
27440,20,1.7719035049219853
1841,20,0.8094491684264548
2390,20,0.7596854028343807
9433,20,0.617297697342948
16962,20,0.3919148570833989
19904,20,0.5195220586064458
28131,20,0.5267182446329769
24084,20,0.4375121017151251
25809,20,0.45925517051929937
26361,20,2.0573209676346065
27869,20,1.9071017354608792
2394,20,1.0150304975526154
4127,20,0.9017332054176045
10290,20,0.8550934930128373
11331,20,0.8566283045253238
18843,20,0.5873984023097242
24089,20,0.4620158103535673
24957,20,0.5444437288899536
3230,20,0.9792072181830416
5134,20,0.7330685431715
7053,20,0.7848296427831641
8134,20,0.8150413801095021
11336,20,0.7313803640447464
19913,20,0.6858429150877671
24094,20,0.394840280852533
24962,20,0.34050549196183494
28189,20,0.6976287292824388
3235,20,0.12538020410531545
5140,20,0.17209752825616154
6199,20,0.18344666373059546
7058,20,0.1528808564786743
16977,20,0.5971393581340646
18013,20,0.6477635338321723
23099,20,0.7317229371771783
25483,20,2.8003458290973375
2721,20,2.105118629354491
3239,20,0.09912786964377909
4141,20,0.13825410258791976
5145,20,0.13709246845375408
5992,20,0.1423547460250221
7062,20,0.17220106549427774
8145,20,0.12457886163391231
10305,20,0.034577433420290585
12378,20,0.12774398574644308
20996,20,0.7704993155188311
24103,20,0.6677734834850476
25487,20,2.8886677331229764
2557,20,2.1524071998149963
3244,20,0.16792225894424959
9239,20,0.023212893356376794
11351,20,0.09933047006721844
12383,20,0.21529172560721024
13360,20,0.2645769500836525
14959,20,0.7543395665349589
18022,20,0.5707011054441165
19928,20,0.6643643884171431
21002,20,0.5489947808233904
23108,20,0.5834667231491272
24976,20,0.6164647647214506
3250,20,0.1481854607130143
6214,20,0.12212466758213335
10313,20,0.022810912730774357
18867,20,0.5915722699387558
23113,20,0.643254197211736
24113,20,0.6747465821846876
24981,20,0.6268786919561848
2401,20,2.041791743835432
3254,20,0.16095891622213473
4156,20,0.17845926233419382
6219,20,0.1284548798359747
7077,20,0.09088581084350164
10319,20,0.027785038222066873
11361,20,0.1466607476413251
12393,20,0.41561503085272594
13370,20,0.4100966941911844
18872,20,0.5404965774382215
19938,20,0.630484366685002
24986,20,0.6361052414552958
25819,20,3.32511230370118
2406,20,1.1586112783640545
3259,20,0.18466714651400748
10324,20,0.07734949852927384
12398,20,0.38235459552995993
14974,20,0.5715081246551569
17001,20,0.3805528777163666
18037,20,0.4547536744824858
18877,20,0.5704976329642446
19944,20,0.6962363183057739
21016,20,0.7316410675525257
24991,20,0.5345778582684744
25669,20,1.5913208624391726
2411,20,0.9231776105158211
3089,20,0.22028164611484757
6229,20,0.120629857996802
10538,20,0.19566612112332304
14979,20,0.5299030914489267
15983,20,0.6176133131919053
18882,20,0.6580745862824168
2416,20,0.5305461654299488
3269,20,0.20073025905854117
4171,20,0.19472987795569868
8392,20,0.11487140129729428
9264,20,0.12957297137494872
10334,20,0.184680585892724
11583,20,0.30901305250478117
15988,20,0.45415013687723393
17011,20,0.4518623217431552
18047,20,0.6037906972337511
21026,20,0.831341656438056
25002,20,0.49652929897512427
2421,20,0.4619979678134964
4176,20,0.22826155486212443
8179,20,0.13222318419803125
10340,20,0.2603624927734968
11381,20,0.30748624737667457
12413,20,0.3306729745225778
18052,20,0.8229805624968934
19958,20,0.8580871163012044
24138,20,0.5603761583445658
1962,20,2.5987164588487484
2426,20,0.412794848853
5184,20,0.1679818014114405
6244,20,0.14050332757646794
7318,20,0.1648487722126335
8401,20,0.18237255313816247
10344,20,0.2558361551339239
11385,20,0.30145103051301936
14993,20,0.5541249927111476
17020,20,0.7410605270989898
18057,20,0.8504979017137694
19963,20,0.7876371304054587
23143,20,0.5771460112140675
25011,20,0.49010955618083113
25836,20,0.31487032293544087
2431,20,0.4061925722024457
4186,20,0.24751333808514997
5189,20,0.2426723002417537
6248,20,0.17929814729782165
7107,20,0.22721730820487382
8189,20,0.2002242475204108
9279,20,0.243992483152363
11391,20,0.3537296066671395
12423,20,0.3731810407822929
14453,20,0.5204717200556982
14998,20,0.5776644150286876
24148,20,0.48790843255486266
25016,20,0.3867588715511517
25841,20,0.29864999263041586
1845,20,2.7609546832231433
2436,20,0.3072539834650753
10354,20,0.4672347433178853
12428,20,0.7231156443328701
14299,20,0.4992485704243022
18067,20,0.6899026788033865
19973,20,0.6788144236036464
21046,20,0.764332010730679
25021,20,0.3640633294428662
2441,20,0.35055264872436076
4010,20,0.3770770566644698
7117,20,0.35491245287094003
8199,20,0.36121610572685225
9289,20,0.4565556664285318
10359,20,0.5173402391093957
11401,20,0.6784890642139974
12433,20,0.6906828540974044
13388,20,0.6312960965728583
28001,20,0.5310866051463784
18072,20,0.6914879649790134
18912,20,0.674311382157353
23158,20,0.6426456707899505
25026,20,0.35376197877974286
25851,20,0.28447297019571777
1741,20,3.514845448878824
3298,20,0.3417672374344822
4200,20,0.38881268927437307
5203,20,0.31795163404325333
8203,20,0.3322897065051122
11406,20,0.5276028467430093
12438,20,0.578072853966546
13393,20,0.37043215879307706
15013,20,0.5612007252523914
17040,20,0.48426638086068413
18077,20,0.4779373135057784
18917,20,0.66247687268024
19983,20,0.6792561790874521
22115,20,0.6848485932277001
23163,20,0.6685721193063304
27857,20,3.597701159633148
2288,20,0.45012378876798287
3303,20,0.3645102456010244
5208,20,0.33222638598124815
7126,20,0.40588912624551005
8209,20,0.29982629245041803
9298,20,0.3841817547114583
10368,20,0.41924189874844175
27967,20,0.649027711675223
27981,20,1.6863199014195103
28051,20,0.8617966863802883
16225,20,2.8749026842199146
18921,20,1.1499624243208084
22118,20,0.6796800107851498
23166,20,0.6435616545844658
24166,20,0.5044852069117328
25035,20,0.46298723102099953
25860,20,0.39305340165538794
27918,21,0.027749331363800332
8211,21,0.03058293157940177
9083,21,0.02629244519037865
28125,21,0.06940313174377474
20418,21,0.08536663004989312
5210,21,0.06615337747394451
6057,21,0.059317127611811
7130,21,0.050518329173921676
7997,21,0.05338145299667916
9087,21,0.05651090203646136
9948,21,0.05486462494487229
18291,21,0.11544394997712339
18922,21,0.12794883119511832
19776,21,0.12738179706870537
20849,21,0.12812205896596807
21908,21,0.12793200143886527
22958,21,0.12280045697172771
3482,21,0.13787745107735525
4019,21,0.10420995441400577
4798,21,0.07553781305656437
5849,21,0.047514780690992804
7136,21,0.054256695729380015
8002,21,0.0583833885233124
9092,21,0.06657209738983617
10161,21,0.06599329512362355
11204,21,0.05699867919691561
12238,21,0.06255174045790346
16840,21,0.05909797434915714
17874,21,0.08208250675499912
18716,21,0.12990988486867927
19565,21,0.12724083727141108
20854,21,0.13923198523346278
21913,21,0.13767374776610727
22961,21,0.1225098260715908
23977,21,0.07871400611802702
2451,21,0.18452123180424812
3131,21,0.14634258023212282
4023,21,0.13288226189602234
5007,21,0.102742753480015
5853,21,0.07155122245419399
6925,21,0.07358327050772187
9097,21,0.09347647401025419
10167,21,0.09300113042872397
11209,21,0.08748076337543327
12241,21,0.08114649927637718
13218,21,0.0635775588849253
14012,21,0.05551238971623219
15017,21,0.06310633926103587
15821,21,0.06239828746923712
16843,21,0.075509475398875
17880,21,0.10045489867001021
18932,21,0.16682269225641774
19571,21,0.17455736602997737
20860,21,0.19743160814558092
21918,21,0.19180633167183508
22966,21,0.1910226093071339
24699,21,0.3435949610358201
1745,21,0.07096989844962302
2293,21,0.16580543499808556
3135,21,0.1293370172917316
4028,21,0.13473608551059232
27900,21,0.10237545613034149
7146,21,0.07983988930482044
8012,21,0.08326303804683573
12246,21,0.11357877920238868
14821,21,0.08490288800220738
15826,21,0.1140617830565189
20005,21,0.21051805745500302
21923,21,0.2264793248426408
1645,21,0.1610955788598753
2298,21,0.1779831685171615
3141,21,0.16993022854359738
7150,21,0.14329581473192218
8016,21,0.10924638434433194
9325,21,0.14425707278986113
10177,21,0.12671417738742974
14021,21,0.1667881686309401
9111,21,0.19663467603304996
12255,21,0.14741128117053426
13232,21,0.07007669411004497
17895,21,0.0939754517998013
18734,21,0.08704343184637818
21932,21,0.19855416898968345
1279,21,0.4194023584770839
4042,21,0.12063694974044421
12260,21,0.22299399278701437
20019,21,0.13909066804990797
21937,21,0.6274627741435291
1191,21,0.4701192878908856
3155,21,0.14978616703305028
4048,21,0.17832282268558794
6949,21,0.1474047100202897
8031,21,0.1144837966860267
9340,21,0.21715655098865377
10193,21,0.45614898421291356
28017,21,0.1557331702798873
13243,21,0.14010007212332237
15845,21,0.12707678311598397
19810,21,0.26908164098514914
20883,21,0.6494704525224669
21942,21,0.6086654287947001
24889,21,0.701010198749905
4833,21,0.19250658333954151
6096,21,0.1698949859807742
14846,21,0.22550107368278952
16667,21,0.1362096519571195
861,21,0.4577944679392146
4246,21,0.2052665984329458
13253,21,0.38649410940445317
14851,21,0.08460353645047414
24016,21,0.5357468701411677
26293,21,0.35731046363711433
788,21,0.2851447006408469
4062,21,0.2562568912747744
6106,21,0.1992196652406985
14052,21,0.11868323295331618
14856,21,0.05359400424033239
15860,21,0.1429475138072314
17919,21,0.13259506095932022
21957,21,0.3387036841298435
24021,21,0.5496389156502598
25073,21,0.4989201815181141
582,21,0.11230847345755193
1121,21,0.12281583025375768
6111,21,0.22301081400379089
14861,21,0.1168845537314092
18764,21,0.2326557715953876
23010,21,0.4349675125600513
25750,21,0.49335888595307015
520,21,0.15362285724698202
6116,21,0.2714014530160153
16893,21,0.1814409467926244
17929,21,0.2825179330990063
24914,21,0.42920085078631465
25754,21,0.4711178167014516
27093,21,0.4548597392382247
464,21,0.1981170292792757
7194,21,0.1353314273657908
14871,21,0.03719328785098672
15875,21,0.06774366955162335
19840,21,0.35013449804580404
21972,21,0.29632487431433646
23020,21,0.39201670213042356
24036,21,0.44434570537434015
26646,21,0.4852491755517931
808,21,0.20397240329958
1694,21,0.15287231816884758
8065,21,0.08416649265355451
15880,21,0.1530130995469923
18779,21,0.4356783052072469
19845,21,0.47754146020758714
20918,21,0.4550216296327987
26733,21,0.5599699894392905
259,21,0.25965873468523193
812,21,0.2197706104731178
1698,21,0.22009104442865363
2352,21,0.20068881882997536
6131,21,0.18936531296307177
6988,21,0.13786657996572388
18784,21,0.38730272338558397
19850,21,0.4417101749758921
21982,21,0.4678337393176762
23030,21,0.4279958432879341
25098,21,0.5717125710145148
26739,21,0.6036665211644878
27108,21,0.6249251187406184
266,21,0.1275473921964868
6994,21,0.2854000787024358
8075,21,0.10123194798389483
9166,21,0.12269485222549766
16913,21,0.1200473950843444
21987,21,0.4537918206159288
23035,21,0.3672253212429303
25103,21,0.25529857458440547
26326,21,0.6317729241881963
26744,21,0.6800704121408382
270,21,0.10191572656293739
823,21,0.20045743599807697
3204,21,0.2059509838748125
8080,21,0.2284708310067767
9389,21,0.1831915992649321
10449,21,0.12355396911191388
17953,21,0.2981897222753204
25278,21,0.2973573990818442
25780,21,0.6683484512417754
26331,21,0.7041818609713375
26748,21,0.7272155289773224
27118,21,0.7880413787494427
27402,21,0.8922345877607992
27532,21,0.8816312200119435
616,21,0.2406993882873393
827,21,0.20660845892534618
1245,21,0.23503507422266492
8302,21,0.20235522292627373
11287,21,0.15225323476057903
17958,21,0.13138230023269087
26336,21,0.7757945594497807
27122,21,0.8941002479043471
63,21,0.46321810609505254
494,21,0.261045670327422
1718,21,0.39394928083767067
4477,21,0.10917173599987279
23050,21,0.4766590810124906
25789,21,0.8051419592952571
26758,21,0.8842516629312497
27411,21,1.0549758154274187
44,21,0.7834615896217276
560,21,0.40816731096928993
838,21,0.33547907370255253
2376,21,0.3953862323876646
4093,21,0.18724685029035196
11711,21,0.16186752954265426
19874,21,0.3124377373437941
25794,21,0.815737470992595
26346,21,0.8830860276176344
27723,21,1.4493882592869956
503,21,0.5128079615280914
4097,21,0.27227147478588376
9190,21,0.3054262861036726
10260,21,0.21276806398882056
21165,21,0.22861723621035004
23059,21,0.2513628531669167
24759,21,0.38817303780155427
26352,21,1.0554546645736247
27623,21,1.2617601089969095
27727,21,1.3145777099596978
27795,21,2.1577056732202147
248,21,0.6437650893256022
508,21,0.5762514414598047
847,21,0.549259576958901
1266,21,0.5007933208798356
2081,21,0.44182297337119925
3377,21,0.27454056815081945
4102,21,0.337114736834137
11514,21,0.2057139328684009
19884,21,0.3002480400289028
24932,21,0.41618437266058556
26356,21,1.1190875716154294
26773,21,1.1720274546554466
27628,21,1.2058180701360948
27809,21,1.776893614853501
2,21,2.293585964039053
108,21,0.8473236534582436
852,21,0.5847959199631602
1738,21,0.552905830012866
4107,21,0.42740043327693905
22231,21,0.24412641913572752
24069,21,0.26058807131398504
26360,21,1.1794457216120717
27147,21,1.2687147353562136
27633,21,1.3154635592741943
112,21,0.7884592562278976
258,21,0.5004604888602129
518,21,0.5328093103478011
1275,21,0.7787512383235854
2541,21,0.4613848226769569
3213,21,0.48166645556642457
4113,21,0.47606327694951067
8987,21,0.10778357025126904
10275,21,0.12364698685082434
11316,21,0.10984972000040949
12349,21,0.20991583536717934
13326,21,0.3128192308652697
14120,21,0.4574564601498059
17988,21,0.13171293645246632
21180,21,0.2208212186309712
23074,21,0.20252654279752014
24074,21,0.24638909557161426
24942,21,0.3079223752611851
27436,21,1.3973348817118616
27818,21,1.622497723931727
27846,21,1.2135144773404434
2385,21,0.3989328825449797
3218,21,0.497570764819311
8120,21,0.25507394677475953
9428,21,0.24735944206847524
10279,21,0.20207143551632412
23079,21,0.25786004150676217
24947,21,0.3100354834404892
26176,21,1.8065766285396072
27156,21,1.477996018672022
27440,21,1.494565767138365
27607,21,1.7805566963358468
1841,21,0.9309814652468447
2390,21,0.5082310280811986
9433,21,0.27500182943719154
16962,21,0.16116973381849375
19904,21,0.32146498951432306
28131,21,0.23556404280015175
22036,21,0.26978219134673137
24084,21,0.19020131199910725
25809,21,0.31293391917128216
26361,21,2.01313089939572
27869,21,1.4184602024967723
2394,21,0.7333473695540028
4127,21,0.5533488477589312
10290,21,0.6317313268791088
11331,21,0.6945799841995296
18843,21,0.5847344185761462
24089,21,0.20873934892224325
24957,21,0.271624029145085
3230,21,0.42662368592062566
5134,21,0.10589176256565927
7053,21,0.2568080971315826
8134,21,0.5611364951144705
9225,21,0.4659734546801145
19913,21,0.8502277363726963
24962,21,0.6390398178604454
28189,21,0.13783408219437024
3235,21,0.7755947642123487
5140,21,0.665316168085336
6199,21,0.7192058917060902
7058,21,0.6685057580967658
16977,21,0.7900919349923765
18013,21,0.7521441836532196
23099,21,0.7288056127642311
24967,21,0.6143410433463703
25483,21,2.0308707753262647
2721,21,0.2924897677797207
4141,21,0.7114716800347776
5145,21,0.6791701277966252
5992,21,0.6823466572232095
7062,21,0.673595424991227
9234,21,0.7345399482670907
10305,21,0.6883270837355329
12378,21,0.7755010817989573
20996,21,0.626159612972025
24103,21,0.4670359650991291
25487,21,2.0300159829308924
2557,21,0.5484157915062386
3244,21,0.6986473762773139
9239,21,0.7026925357248466
11351,21,0.6732550599785948
12383,21,0.648254435126289
18022,21,0.6718079210091804
19928,21,0.638545785665903
21002,21,0.5253483749262883
23108,21,0.462093718193656
24976,21,0.5517367575516742
2396,21,0.23954955160765734
3250,21,0.6867656882988185
6214,21,0.6929905802191567
7072,21,0.6502944498536699
10313,21,0.7148476323867761
18867,21,0.6072069332825003
22065,21,0.3976442688051305
23113,21,0.43991317713431943
24113,21,0.5847236431563726
25659,21,2.798618254524428
2401,21,0.6127784860317645
3254,21,0.5685673359519439
4156,21,0.5573271338402132
6219,21,0.6354382303893814
7077,21,0.6375118143928867
10319,21,0.6794892106357122
11361,21,0.597400779784768
12393,21,0.2622807505989783
13370,21,0.15961116724858684
18872,21,0.5319021007676594
19938,21,0.4596595957289207
24986,21,0.4377630481932866
25819,21,2.307576096483654
2406,21,0.7088932891822224
3259,21,0.5904676869667648
5164,21,0.588577809020053
10324,21,0.6557556679681513
12398,21,0.14092753477297087
18037,21,0.5133996675697223
18877,21,0.48953422377776645
19944,21,0.46143377923080475
21016,21,0.4194664977065796
24123,21,0.5867329652657477
24991,21,0.4573738655035152
25669,21,0.2868984065312728
2411,21,0.6765076109724867
3089,21,0.560292482694808
4166,21,0.6016826490747567
10538,21,0.46733601918559303
11371,21,0.2511926230296316
12403,21,0.15149087345472118
14979,21,0.2805741194248092
18882,21,0.4720474550688889
24128,21,0.569048327094275
25673,21,0.37374450091266914
2416,21,0.7173240701296812
3269,21,0.6356273270022434
5174,21,0.60621445947122
7092,21,0.566685547321086
9264,21,0.4936510669434725
10334,21,0.43669698175152477
11583,21,0.2637212424209209
15988,21,0.0327891052495139
18047,21,0.3204420811022597
19953,21,0.4152342963481283
21026,21,0.4568496518958753
25002,21,0.3417800424017296
4176,21,0.6366328441846787
5179,21,0.6530182898565422
8179,21,0.5705649015957173
10340,21,0.43552565372655033
11381,21,0.3530366599332176
18052,21,0.34128461074819244
19958,21,0.5306169174366365
22090,21,0.5733101738761548
25831,21,0.3499821104205218
1962,21,0.6180148923199736
2426,21,0.7114956752507473
4181,21,0.5987334005802641
6244,21,0.6280390507108091
7318,21,0.6356517733424097
8401,21,0.5788700402260336
11385,21,0.37107206349816096
14993,21,0.4096113482856829
17020,21,0.29933106085181704
19963,21,0.5520905726501152
23143,21,0.4828404376537258
25011,21,0.3838602662690169
25836,21,0.2537691581985718
2431,21,0.6906772315713767
4186,21,0.6086078620104372
5189,21,0.6528552049642443
6248,21,0.6369924048005179
7107,21,0.6433911891440985
8189,21,0.6317248660487064
9279,21,0.611757114376624
11391,21,0.5163250002610958
12423,21,0.4591273327648835
14453,21,0.4782787129683704
14998,21,0.3039532975798843
19968,21,0.5003839601187758
23148,21,0.4324460024308072
25016,21,0.1580080155145414
1845,21,0.37031083716165253
2436,21,0.6576311576070276
6039,21,0.642549824853368
10354,21,0.5418332037701817
12428,21,0.5097307056872766
14299,21,0.46266636668882893
18067,21,0.4923492619449582
19119,21,0.45450067893261503
19973,21,0.4307303911223712
21046,21,0.4068420826549131
25021,21,0.1893906901167694
2441,21,0.5463181843867998
3119,21,0.5643493687516784
4010,21,0.5890910928487687
8199,21,0.5781493214201373
9289,21,0.5667838434493743
10359,21,0.4993678022391022
11401,21,0.46323004309637467
12433,21,0.5325263920483005
13388,21,0.4295996529061357
28001,21,0.4952445038282546
16013,21,0.35765572636648046
18072,21,0.4348446468105616
18912,21,0.44188943322247504
23158,21,0.2512204645291752
25851,21,0.12136835132447012
1741,21,3.619504103316824
3298,21,0.5304720064331869
5203,21,0.5708757480284476
7122,21,0.4923144536586187
8203,21,0.4779312265898152
11406,21,0.38293342722363893
13393,21,0.5687994794349001
15013,21,0.3019171231253249
17040,21,0.1343700831534404
18917,21,0.2243543082693285
19983,21,0.3034047888391153
22115,21,0.3000879129691764
27857,21,3.681054580063743
2288,21,0.20776768212924424
3303,21,0.4720430708673737
5208,21,0.4656263442340844
7126,21,0.3754636958550544
8209,21,0.12303596952830215
27967,21,1.4449491103948076
27981,21,1.2702160899066541
28051,21,1.7676934747984805
16225,21,3.1912968318035153
17045,21,2.73332458071109
21060,21,0.28790240634488967
22118,21,0.26164836694958465
23166,21,0.21855737690054577
24166,21,0.1828123840863211
25035,21,0.40676102195126446
25860,21,0.33080263276962824
27918,22,0.014969347946959389
8211,22,0.016874739629574
9083,22,0.004950745243343027
28125,22,0.02533780224170046
20418,22,0.03254006186172746
5210,22,0.025111964119742154
6057,22,0.018842657717298116
7130,22,0.005310475246012467
7997,22,0.0058378211952053545
9087,22,0.010639099484046795
9948,22,0.016455217418173417
18291,22,0.05211491657657733
18922,22,0.0520201840541689
19776,22,0.050998150750796355
20849,22,0.0547644907858321
21908,22,0.05384932872727397
22958,22,0.05187314378656919
3482,22,0.08845383069279059
4019,22,0.06027747041608311
4798,22,0.029929382862116907
5849,22,0.015817385253688313
7136,22,0.006447054326159348
8002,22,0.007066293819522678
9092,22,0.01783310170554555
10161,22,0.02347184883264835
11204,22,0.02376884278425977
12238,22,0.02647764127063463
16840,22,0.028410319593780955
17874,22,0.03644749945354303
18716,22,0.05905872004311716
19565,22,0.05525778497724952
20854,22,0.06338145922494365
21913,22,0.05926490645401555
22961,22,0.05054632589170689
23977,22,0.04016671050852501
2451,22,0.16511662050550996
3131,22,0.10028477693623544
4023,22,0.08331113280175169
5007,22,0.05888260625236409
5853,22,0.03544567411036498
6925,22,0.02031581004712837
9097,22,0.037448814298060136
10167,22,0.03855561917560582
11209,22,0.03539863893969546
12241,22,0.03562352315177481
13218,22,0.029297250460484564
14012,22,0.022448608673981022
15017,22,0.028316146964354805
15821,22,0.030036554739398157
16843,22,0.03945773617614768
17880,22,0.050251129183133056
18932,22,0.07778302604652093
19571,22,0.08088888071451397
20860,22,0.08971922998440399
21918,22,0.09196173779837184
22966,22,0.10498831303517821
24699,22,0.27709377982410477
1745,22,0.07238691557673292
2293,22,0.10264278598057337
3135,22,0.08801567495437466
4028,22,0.12256747259598147
27900,22,0.04677228993326036
7146,22,0.06862101914311954
8012,22,0.1176964598226952
12246,22,0.04878609080734304
15826,22,0.40670195026853934
20005,22,0.15944583267401854
21923,22,0.10789161598466496
1645,22,0.11625169654005743
2298,22,0.14777102130704264
3141,22,0.12870927371388047
7150,22,0.10821365862171682
9325,22,0.1685073315775062
14021,22,0.10564355853130358
9111,22,0.11956246648089208
12255,22,0.09522350626090861
13232,22,0.12854853809364078
17895,22,0.4875423723659144
18734,22,0.33886739107850555
21932,22,0.2763268381768502
1279,22,0.3273380744285594
4042,22,0.16997642597518797
12260,22,0.2005270147327795
21937,22,0.08005904047249056
1191,22,0.3494497970530584
3155,22,0.2051020861780377
4048,22,0.21656023966252014
6949,22,0.1318750446839485
10193,22,0.34145521168612175
28017,22,0.17670804040993268
19810,22,0.372862450081163
20883,22,0.020364281502316166
21942,22,0.0638626606600322
24889,22,0.2121904532448473
4833,22,0.24482220269927185
6096,22,0.2194301636918979
14846,22,0.3414020144047806
16667,22,0.3084812197540449
22995,22,0.2553820851006344
861,22,0.31972201173164033
4246,22,0.20627169911577264
13253,22,0.23383733767209333
14851,22,0.3311304836413236
24016,22,0.34977063433480143
24899,22,0.3211746804121677
26293,22,0.28946017222679515
788,22,0.21816419451531022
1206,22,0.19488316340272793
4062,22,0.2014110109310704
6106,22,0.26090644095555265
14856,22,0.19261219662685442
17919,22,0.28047328273541183
21957,22,0.4189154280050591
24021,22,0.3332298820400602
25073,22,0.3774259657963101
582,22,0.1682194183739417
794,22,0.17856945665915858
1121,22,0.23495456484791885
6111,22,0.18345628170610787
14861,22,0.23378387584681923
18764,22,0.36323192295046325
24026,22,0.44421324577253973
25750,22,0.4600293985954108
520,22,0.16727018906178281
16893,22,0.33870665822864826
17929,22,0.4313799113198782
20907,22,0.41504651146252874
24914,22,0.4986772930292967
25754,22,0.4677432118654607
464,22,0.1552184807711224
803,22,0.2088340765684902
7194,22,0.1352715891223066
14871,22,0.35392779218858805
18774,22,0.4415413145198501
19840,22,0.4111262491373343
23020,22,0.5080714574188376
24036,22,0.5398733120410789
26646,22,0.5698733722344252
808,22,0.24794079102301023
1694,22,0.3518914794150867
8065,22,0.17791800157839074
14876,22,0.4584263463774018
15880,22,0.2795682680132388
19845,22,0.44148941392651764
20918,22,0.3576012094204651
24924,22,0.5990000687785229
26733,22,0.5851891982955385
259,22,0.1735696102039246
812,22,0.2866578844856353
1698,22,0.3524010005367526
2352,22,0.2898256624320842
6131,22,0.19095070379291146
6988,22,0.1611321534294568
18784,22,0.3396181858608891
21982,22,0.4021008236371197
23030,22,0.38874552698878734
25098,22,0.4936434643532479
25769,22,0.4900127930094322
26739,22,0.5107444963199782
27108,22,0.5271497454079146
266,22,0.20687633732871544
6994,22,0.16807969364918982
8075,22,0.1900403190030049
9166,22,0.14487162680696009
16913,22,0.3846825573419201
21987,22,0.10978143285814
23035,22,0.19122316045352342
25103,22,0.24114692599778953
26326,22,0.5401832828070696
26744,22,0.5431203966463163
27113,22,0.5327906407490832
823,22,0.31383914890974507
1709,22,0.4746162563933884
9389,22,0.17794456978736503
10449,22,0.20709104461949993
17953,22,0.17372244406413026
25278,22,0.21659802153799168
25780,22,0.3975878239809505
26331,22,0.4782246337490904
27402,22,0.5791465222673661
616,22,0.2883880183585875
827,22,0.30819263529555896
1245,22,0.33831823613465667
8302,22,0.1984223325772279
11287,22,0.32995975071332057
17958,22,0.12642758608076676
27122,22,0.5659178995060073
494,22,0.31251538660665973
4477,22,0.34602670839989796
23050,22,0.42467917185901005
25789,22,0.4781703257201284
26758,22,0.6042988294785527
27411,22,0.7132542819559871
44,22,0.3368587543451788
560,22,0.3519892110779457
838,22,0.32368928310847633
4093,22,0.3908817741276017
11711,22,0.15332574496874912
25794,22,0.5728690844455622
26346,22,0.6486533858793794
27313,22,0.685353722799948
27723,22,1.0587514324277374
503,22,0.3477992920463613
9190,22,0.3542602593834168
10260,22,0.26308354629896363
23059,22,0.22502503337376337
24759,22,0.41031412964857733
26352,22,0.7541568884048048
27137,22,0.7077219041025343
27623,22,0.7185686227792077
27727,22,0.728071892074417
27795,22,2.1557712632821753
248,22,0.23042645520614294
508,22,0.2884131929652096
847,22,0.25629432983250866
1266,22,0.32270076466625325
2081,22,0.29385007439996763
3377,22,0.3118926791254511
4102,22,0.22415482541887427
11514,22,0.24393894239371158
19884,22,0.2938675366501743
22016,22,0.21862487956348553
24932,22,0.438369613208837
26356,22,0.7532255964975855
26773,22,0.910442383035801
27628,22,0.7862094449833671
27809,22,1.9790999185561098
2,22,1.333487711160705
108,22,0.16183073031664694
852,22,0.2920957067136357
1738,22,0.19009892140391668
4107,22,0.27048033743269956
20104,22,0.09573554556207861
22231,22,0.17080807816124405
24069,22,0.16153768113981773
24936,22,0.39942720030853185
26360,22,0.9231231698033762
27147,22,0.9114972778804796
112,22,0.18883353804340283
258,22,0.2703072012356619
518,22,0.29458439244193596
1275,22,0.1725857444879196
1550,22,0.2947148362384903
2541,22,0.14139646244516074
3213,22,0.210481924432505
4113,22,0.2480311564010047
8987,22,0.27527945204284754
10275,22,0.20811489234266098
11316,22,0.2985033802366338
13326,22,0.42232958320995273
21180,22,0.16258595685212524
23074,22,0.2593471565063289
24074,22,0.2205200058209388
24942,22,0.20878530685004143
27436,22,0.9394451105882927
27818,22,0.9683784521089641
27846,22,1.0252201839255235
2385,22,0.1287621657136713
3218,22,0.32345092274440645
8120,22,0.28799895696098465
10279,22,0.23519349488970137
23079,22,0.1805535410199139
24947,22,0.18002173131120913
26176,22,0.23634984879413753
27156,22,1.1003329183280566
27440,22,1.1999844545942557
27607,22,1.4371193714841846
1841,22,0.7815099733424756
19904,22,0.13316192850807634
28131,22,0.16563735103741273
22036,22,0.14444654633652754
24084,22,0.23316181413808199
25809,22,0.1627628668407677
26361,22,1.663160010331421
27869,22,1.7882706714605685
2394,22,0.7552221247709914
4127,22,0.6713390186577387
10290,22,0.22988168859435978
11331,22,0.3627564515994418
14940,22,0.6136374470982382
18843,22,0.9865656705502581
24089,22,0.1831957202549949
24957,22,0.08123861452159609
3230,22,0.2931945647005361
5134,22,0.2154663368677107
7053,22,0.9859934268938985
8134,22,0.26958376654427724
14945,22,1.022279873983486
18008,22,1.1371013812084583
19913,22,1.1258609547543879
24962,22,0.874461250282189
28189,22,0.05492588805314613
3235,22,0.6090684048270295
5140,22,0.593542120873712
7058,22,0.7275436014493285
16977,22,0.9797664640606799
23099,22,0.9698242428537523
25483,22,0.6764410785020963
2721,22,1.4287232286188591
4141,22,0.5175632041606565
5145,22,0.5819566488517003
5992,22,0.6168942851526179
7062,22,0.6613199954133276
9234,22,0.8972799671532495
10305,22,0.9162421231697669
12378,22,0.9135964313863525
20996,22,0.8126019503913713
25487,22,0.8178112304274273
2557,22,1.7146783906620127
3244,22,0.5038407160084495
7283,22,0.5848539395872452
9239,22,0.8372420828535466
10100,22,0.807685359921756
11351,22,0.8758703974197134
12383,22,0.8335045684927235
18022,22,0.8214887559586379
19928,22,0.6969963746452472
21002,22,0.7581020921448239
23108,22,0.5741508260752674
24976,22,0.8830891366431377
2396,22,1.1843108254684054
3250,22,0.45361279578522007
6214,22,0.5003845119608372
7072,22,0.5262662684566407
10313,22,0.7777800767504244
18867,22,0.759245137786019
23113,22,0.5319459521243733
24113,22,0.7749513019331469
25659,22,0.862377331703781
2401,22,0.6046289509151263
3254,22,0.39768828053075916
4156,22,0.4440190237611877
7077,22,0.4428552079777068
10319,22,0.657653172303396
11361,22,0.7249673156196128
12393,22,0.7083727158898784
13370,22,0.4256420163175091
15973,22,0.4377587075706992
18872,22,0.5779351019045916
19938,22,0.6348634802071458
25819,22,0.8478626393432259
2406,22,0.4344873477390821
3259,22,0.3608710774877
5164,22,0.35864814698100356
10324,22,0.7135121030710581
12398,22,0.6433207498162015
18037,22,0.6037673653131022
18877,22,0.522884287621825
19944,22,0.5391952016862748
21016,22,0.3811015320522158
22075,22,0.3413994901529664
24123,22,0.8776382341559172
24991,22,0.8714368899605964
25669,22,0.6628869642323468
2411,22,0.26802910342508085
3089,22,0.2979211040158225
4166,22,0.3376319105222606
10538,22,0.6154821479249866
12403,22,0.4600956685086182
14979,22,0.23954720161851287
24128,22,0.9195940231473798
2416,22,0.25149575301625793
3269,22,0.30408057664437027
5174,22,0.31822330811484417
9264,22,0.4223167990980284
10334,22,0.5049206518701549
11583,22,0.43966990560076424
15988,22,0.2634837632295542
18047,22,0.32278321207883875
19953,22,0.35262632626034257
22085,22,0.38007397920583375
25002,22,0.7433334130740782
25826,22,0.5925340540844685
4176,22,0.2759691549532815
5179,22,0.32148399825478435
7097,22,0.3139982677215507
8179,22,0.40337150983665715
10340,22,0.4264249742143517
11381,22,0.41471461964367556
14989,22,0.45949045346316075
18052,22,0.3255994871191309
25831,22,0.4679285186956257
1962,22,3.1236929799403224
2426,22,0.2042613076385858
6244,22,0.306855491407403
7318,22,0.35147075627996044
8401,22,0.3922085066786744
11385,22,0.2982243575981634
12417,22,0.24193153320625818
14993,22,0.34583723908925434
17020,22,0.23027911802645257
19963,22,0.2575761027103599
23143,22,0.7453834276973813
25011,22,0.6118260345036403
1967,22,2.9365941918888447
2431,22,0.1266676497736736
5189,22,0.2227237322783102
6248,22,0.27755871256770287
7107,22,0.26852170127340164
8189,22,0.3308540850104678
9279,22,0.40293904495347865
11391,22,0.2896089166794088
14453,22,0.3296521590130251
14998,22,0.29517964346639725
19114,22,0.29363243764151303
19968,22,0.31866415515917224
21041,22,0.3784272466482616
25016,22,0.6307873703807476
1845,22,3.4015635248730476
2436,22,0.25651550008041146
10354,22,0.4169327647330566
12428,22,0.28142034251828635
14299,22,0.37629562996637356
18067,22,0.2686496678993851
19119,22,0.37635572742853746
19973,22,0.31035547709084293
21046,22,0.23061096416716878
25021,22,0.6804777461075008
25846,22,0.6019863438798517
2441,22,0.21399676390506778
3119,22,0.1320285737633695
4010,22,0.2562691610573377
8199,22,0.38353516544240235
9289,22,0.383958856311582
10359,22,0.398326779469147
11401,22,0.36135445913629105
12433,22,0.27806012360714005
13388,22,0.33588491904838236
16013,22,0.31557044374040927
18072,22,0.33697587198758305
18912,22,0.366549436070783
23158,22,0.5737677882635052
24158,22,0.6077331876933149
25851,22,0.5917522708673209
1741,22,3.558278119028608
5203,22,0.2646938623400775
7122,22,0.2617323752849046
8203,22,0.3481582508827949
11406,22,0.34817870367382026
13393,22,0.3193616169378015
15013,22,0.28131448026836325
15815,22,0.27636443974689356
17040,22,0.28069138699588336
18917,22,0.08148121057003077
19983,22,0.4168724153900286
21056,22,0.47827452946388976
22115,22,0.46124583734292657
25031,22,0.4087415065838408
25856,22,0.5279091997398123
27857,22,3.6115457981799604
2288,22,0.20223141083393883
4205,22,0.20040690942203704
5208,22,0.20442772739669457
7126,22,0.20527020681618496
8209,22,1.3725491400022423
27967,22,1.190836063430481
27981,22,1.1686146828383226
28051,22,1.3010392478664505
16225,22,3.81974212559174
17045,22,3.7114363821843543
19987,22,0.17678383564470396
21060,22,0.4613163925645081
22118,22,0.43545312702510947
23166,22,0.42271443062199504
24166,22,0.4091008154147128
25035,22,0.4106532140337041
25860,22,0.502208388085767
27918,23,0.004917404431093697
8211,23,0.004938833250863107
9083,23,0.0018372052177301156
28125,23,0.03738679099424898
20418,23,0.04459002513497569
5210,23,0.041334822452070846
6057,23,0.031164813626051984
7130,23,0.017947881729825477
7997,23,0.018991004764519384
9087,23,0.01892730896952295
9948,23,0.018586733977029982
18291,23,0.06193062405378484
18922,23,0.0654875205895691
19776,23,0.06740541706832809
20849,23,0.06995866466405073
21908,23,0.07119421003679331
22958,23,0.07301597617667246
3482,23,0.13036322035027686
4019,23,0.08687639734456384
4798,23,0.04852139828229274
5849,23,0.022024095388189294
7136,23,0.018083628753070746
8002,23,0.01980174156721793
9092,23,0.025136577704194828
10161,23,0.025116907805119732
11204,23,0.02723940232099854
12238,23,0.0327755188489262
16840,23,0.03442710954848315
17874,23,0.04171262990396269
18716,23,0.07119440504523372
19565,23,0.07006324804992205
20854,23,0.08105454554610105
21913,23,0.078185237625984
22961,23,0.07024013969136204
23977,23,0.05069775534939196
2451,23,0.19893361688582947
3131,23,0.15722459318860965
4023,23,0.12121476970769615
5007,23,0.07851256717791752
5853,23,0.03818628507192573
6925,23,0.030336726041829635
9097,23,0.03692903048365421
10167,23,0.03653826281643311
11209,23,0.039408647233072
12241,23,0.0423547376347922
13218,23,0.035092892782110544
14012,23,0.03117657303817885
15017,23,0.03978369148594634
15821,23,0.03892628857053134
16843,23,0.043466953047354186
17880,23,0.0581576563741051
18932,23,0.08974977953853587
19571,23,0.09409438263076789
20860,23,0.10897880070229725
21918,23,0.11227055141317759
22966,23,0.12034294654861276
24699,23,0.16353360130309502
1745,23,0.03813694203331824
2293,23,0.1621886472516104
3135,23,0.2016675329407015
4028,23,0.174376672138469
27900,23,0.03680203384869351
7146,23,0.055643456547532964
8012,23,0.0767860401293311
12246,23,0.05547701123448011
15826,23,0.13201897384338235
20005,23,0.05761217847298081
21923,23,0.1279813030917849
1645,23,0.11770025697476949
2298,23,0.18531170433026506
3141,23,0.19445398160343783
7150,23,0.13245392726393435
9325,23,0.06960659987413721
13227,23,0.07587366037086755
14021,23,0.08576234342436295
9111,23,0.17697681431280968
12255,23,0.22934080484134717
17895,23,0.19037144415947135
18734,23,0.145364964522251
21932,23,0.0958402345547117
1279,23,0.3100333428324964
4042,23,0.3491779474211651
12260,23,0.22298853783930692
21937,23,0.5107665440066457
3155,23,0.31475925731640864
4048,23,0.37481445907139394
10193,23,0.3154314657741071
28017,23,0.3318691797448292
19810,23,0.45120084444241043
20883,23,0.45416183465543625
21942,23,0.4445291365980638
24889,23,0.7187724162832041
4833,23,0.3746896307017277
6096,23,0.35243188588321467
21947,23,0.3643467769727774
22995,23,0.5456134143051231
861,23,0.26415468498322225
4246,23,0.3699248758409254
13253,23,0.17299276695040003
14851,23,0.4234113263602443
24016,23,0.6055843496211426
24899,23,0.6759616903411105
788,23,0.2690079392718714
4062,23,0.3912209528306284
5047,23,0.3450238152346701
6106,23,0.42861407276912084
14856,23,0.3948371664041976
16883,23,0.4030691886684195
21957,23,0.32402842449164665
24021,23,0.5360244262689403
25073,23,0.4875596321743324
1121,23,0.34324478311576945
6111,23,0.3005458918745678
14055,23,0.327691296957491
14861,23,0.3745748252046673
18764,23,0.3182443401633872
19830,23,0.37448909727222074
25750,23,0.473881329061695
520,23,0.27825723358564486
1215,23,0.3621722689828277
16893,23,0.5056472094970363
17929,23,0.5460272577376498
20907,23,0.42335091913751416
24914,23,0.43649252874459504
25754,23,0.4389425521730672
464,23,0.3360881935132395
14871,23,0.48750370409101884
16898,23,0.42422668097592325
17934,23,0.6451487129661222
18774,23,0.6468368592306053
19840,23,0.5249709103776474
23020,23,0.5600813385346249
24036,23,0.5401094357809741
26312,23,0.5032514996102276
26646,23,0.5436227947144455
808,23,0.4080382593000942
1317,23,0.41478075665668096
1694,23,0.44243783597492625
14876,23,0.5601387010967199
15880,23,0.49846375498369555
19845,23,0.6373372161979477
20918,23,0.5708934564031319
24924,23,0.6442404286938458
26733,23,0.6458612692796687
259,23,0.3251293095055908
1698,23,0.422238865487022
2352,23,0.4595381317991478
6131,23,0.35756697680032523
6988,23,0.3504636787994378
18784,23,0.5582734374414015
21982,23,0.5760890592249971
23030,23,0.6052157216597784
25098,23,0.5766906186334695
25769,23,0.6466836730996016
26739,23,0.6460885117599542
27108,23,0.5801630830379755
266,23,0.33891591751997724
6994,23,0.40979269041429245
8075,23,0.3980487108867831
16913,23,0.5723864308227905
20069,23,0.3864546401698032
21987,23,0.3806872770944508
23035,23,0.3566593385933389
25103,23,0.49834342130736137
25775,23,0.6379916565558779
26326,23,0.624176926033544
26744,23,0.6458622333517667
823,23,0.5040903358334863
9389,23,0.46436147701965674
10449,23,0.5402505324794178
17953,23,0.308587029267433
23040,23,0.249210304788195
23661,23,0.23667036148686652
25278,23,0.41617724511551263
25780,23,0.5413929416870755
26331,23,0.6399248290959108
27402,23,0.7445611591813857
616,23,0.5241001357602464
827,23,0.5043386434426652
1245,23,0.504583726574683
8302,23,0.4605682397431431
11287,23,0.5165963504576809
17958,23,0.36798045243968097
27122,23,0.7109359706792273
494,23,0.5334427652031715
4477,23,0.6699333294279547
22002,23,0.4288478022827705
23050,23,0.37175070690484013
25789,23,0.6415285138009281
26758,23,0.6914617454574972
27411,23,0.8229902863581411
44,23,0.517298081673257
838,23,0.6432579813632938
4093,23,0.6955561027184055
11711,23,0.520929443183891
23055,23,0.46103539158093343
25794,23,0.6788410927324359
26346,23,0.6810067290194138
27132,23,0.7928183636166451
27723,23,0.9849938394380567
503,23,0.6397057614448313
1261,23,0.7227357932554481
9190,23,0.1298217929344701
10260,23,0.5256915818981527
23059,23,0.5879291301009218
24059,23,0.43597930726306583
24759,23,0.5083149949273591
26352,23,0.8452291167820722
27137,23,0.8550673393296796
27623,23,0.9535243349815972
27727,23,0.9604616750531351
27795,23,1.946757191398726
248,23,0.6757154129280042
508,23,0.6566834196666679
847,23,0.7096008947997383
1733,23,0.7834819101975962
3377,23,0.7544430710890369
11514,23,0.5233058499976135
19884,23,0.48063122168874167
22016,23,0.6633924441034345
23064,23,0.6923164080276643
24932,23,0.5045921657921033
26356,23,0.7569407141177092
26773,23,0.8947712035382429
27628,23,0.8772559008574523
27809,23,1.4491094411627499
2,23,1.223791882126125
108,23,0.5884431859358342
852,23,0.7531373510622814
1738,23,0.8894126104431598
4107,23,0.6883111172544256
11312,23,0.5990018853537772
24069,23,0.699108361332475
24936,23,0.5759205791930455
26360,23,0.9391902809289995
27147,23,0.954892324924085
112,23,0.650169859660975
258,23,0.5429401391386731
518,23,0.5932969374422337
1275,23,0.8677295011981442
2541,23,0.8277488678198655
3213,23,0.9866350206125926
4113,23,1.069249618595533
8987,23,0.3463958100895383
10275,23,0.5094042777978022
11316,23,0.4395166230234305
13326,23,0.5816368470597113
21180,23,0.6461580256660703
23074,23,0.7291790283628975
24074,23,0.7735158839675491
24942,23,0.8030476917039726
27436,23,0.9696615029300059
27818,23,0.9023653080007388
27846,23,1.0652673004241544
2385,23,0.8658886811602717
8120,23,0.42982978230002605
10279,23,0.38935996135079337
18834,23,0.6773366813271586
23079,23,0.6864489967213965
26176,23,0.8848300060082666
27156,23,1.1425455019042603
27440,23,1.1545126315418195
1841,23,1.5252166984358742
19904,23,0.540877895096191
28131,23,0.6069246395526444
22036,23,0.6993400018118608
24084,23,0.7321863371921832
24952,23,0.7627250851319085
26361,23,1.608993029681223
27869,23,1.9471081578725622
2394,23,1.2779705468018363
4127,23,0.9518780138218701
10290,23,0.6558595012184145
11331,23,0.6459303785613244
14940,23,0.8105116345317239
18843,23,0.40666258110293524
24089,23,0.7809021253510122
24957,23,0.8785908328618468
3230,23,0.9501290021101957
4132,23,1.0398616123613753
5134,23,1.1511891084356012
7053,23,1.0792024678357366
8134,23,0.7439126008263314
11336,23,0.6491335268297763
19913,23,0.46015236177348706
24094,23,0.77651277190034
24962,23,0.8493009651195663
28189,23,0.9763167028863718
3235,23,0.9277526487492048
5140,23,0.8984600660901353
16977,23,0.5157006105147559
19919,23,0.30947414406436563
23099,23,0.6970385973398504
24099,23,0.7685222255624993
25483,23,0.8300077693691867
2721,23,1.7789903746169105
4141,23,0.9089600807616453
5145,23,0.8635220448180169
5992,23,0.7887479659985758
7062,23,0.6474896821761907
10305,23,0.8236773312640011
11346,23,0.8454467084710924
12378,23,0.8369404580654382
20996,23,0.5404420023877446
23103,23,0.7320277457653513
25487,23,0.9074416751059419
2557,23,2.0689181814217146
3244,23,1.0586194294166174
4146,23,0.9354129419749351
7283,23,0.7024461978814815
10100,23,0.845945634042653
11351,23,0.908850103314539
12383,23,0.9777093799287111
19928,23,0.28917820070032396
21002,23,0.5739111522676413
23108,23,0.7564831335014849
24976,23,0.8347074151676867
2396,23,1.984548479673647
3250,23,1.065382271293762
5154,23,0.9663934360213517
6214,23,0.9343496419107606
7072,23,0.8864360909659347
10313,23,0.8971549803577706
18867,23,0.6765612697101283
23113,23,0.8208838903247853
24113,23,0.7945603717966827
2401,23,1.6255144595611306
3254,23,1.1168879471681774
7077,23,1.0023601525565315
11361,23,0.9954214554057823
12393,23,1.195127101374467
13370,23,1.164678303181212
14969,23,1.0785545735165134
18872,23,0.6653436567558297
19938,23,0.6633800014793367
24118,23,0.7943782714304606
25819,23,1.0657516888291614
2406,23,1.212325755784194
3259,23,1.0940141706465278
12398,23,1.310815773448182
14974,23,1.1377427944400278
18037,23,0.6193915665578877
18877,23,0.5956999666314318
19944,23,0.6529636526566113
22075,23,0.9046637512019348
24123,23,0.8075604673071441
24991,23,0.9863580207389798
2411,23,0.9641341817084181
3089,23,1.147667660358751
4166,23,1.1381918102478958
10538,23,1.1927709069318049
14979,23,1.0691890069777636
15983,23,1.028282922037079
21021,23,0.7721976477774855
24128,23,0.8419895997760309
2416,23,0.9371241985749282
3269,23,1.1661081164713927
4171,23,1.196566967934022
5174,23,1.2064133190000923
9264,23,1.2057444181463424
10334,23,1.2314306679540437
11583,23,1.272364325250682
14984,23,0.8036277722882638
15988,23,0.9174546376909359
17011,23,0.693576731114502
18047,23,0.6425007960064177
22085,23,0.8392619969649782
25002,23,1.0316020231847938
25826,23,1.1128012898195119
4176,23,1.1761832953348192
7097,23,1.239457811801358
8179,23,1.2482413622949253
10340,23,1.2633901611534486
11381,23,1.3107922248947264
12413,23,1.3935840565820246
14989,23,0.7982220876156855
18052,23,0.773945443872187
18892,23,0.721938823855606
21031,23,0.8215521660814689
25831,23,1.11478889515689
1962,23,3.2549631534997374
2426,23,1.0431821753829882
5184,23,1.2298468107648266
6244,23,1.2365768105031463
7318,23,1.24487331901243
8401,23,1.2704910420024746
11385,23,1.346489063131394
12417,23,1.3462817623294028
14993,23,1.0156783638344975
17020,23,0.9022945056776295
18897,23,0.7320736291210193
19963,23,0.7557258934113933
25011,23,1.0443013423400846
2431,23,1.062327093644043
5189,23,1.3001682788560223
6248,23,1.3063279315320202
8189,23,1.3367155609688919
9279,23,1.3302269242221625
11391,23,1.2909240674422164
14453,23,1.1880644921123744
14998,23,1.0628800303013572
19114,23,0.7740434876034312
19968,23,0.7438406692557189
21041,23,0.7958735942650416
25016,23,1.0415277216139072
1845,23,3.4862973849672483
2436,23,1.1035117600695747
10354,23,0.9655370609310462
12428,23,0.9309117095376412
14299,23,0.9721197776915875
18067,23,0.7873467652920544
19973,23,0.766865130481118
21046,23,0.9072718060548299
2441,23,1.2055496259896024
3119,23,1.21476179605724
4010,23,1.1594301814322772
8199,23,0.9415791265861174
9289,23,0.9878406112654398
10359,23,0.9937649590169726
11401,23,1.0383223074970425
12433,23,1.0542408981207232
13388,23,1.0150428750999114
16013,23,0.7940891207167455
17036,23,0.8416126784614065
18072,23,0.8359292587103986
18912,23,0.7905547319069146
23158,23,0.9247978312895908
24158,23,1.0072293453000067
25026,23,1.1417738234535502
25851,23,1.156741132407029
1741,23,3.689701857202621
4200,23,1.1294249259039617
6051,23,1.1485816569499139
10364,23,1.1615767732348945
11406,23,1.1376410462161395
12438,23,1.1501592853321636
13393,23,1.0835551588843662
15013,23,0.8363837886816554
15815,23,0.7836847596240581
17040,23,1.0255425297416583
18077,23,1.2235118336996504
18917,23,1.036519640476474
19983,23,0.8803836892645259
22115,23,0.9045800462063708
23163,23,0.9716903374803142
24163,23,1.1024167120092858
25856,23,1.2901159059598544
27857,23,3.789367765639598
2288,23,2.3076214513098856
4205,23,1.1990387160004226
6269,23,1.160812834336727
7126,23,1.1506545622938182
8209,23,1.544318650943349
11410,23,1.20789890544239
27967,23,1.503717410356493
27981,23,1.1524110836946206
28051,23,2.340754243483849
17045,23,3.406690070956212
18290,23,1.4905607144967339
19987,23,1.9108127907008958
22118,23,0.9346073286861148
23166,23,1.1073713798892673
24166,23,1.3757909449020387
25035,23,1.9370272411891287
25860,23,1.5101212485857427
27918,24,0.01411055655638582
8211,24,0.015969722828460448
9083,24,0.019049684954674972
28125,24,0.008974499609696884
20418,24,0.017385820906205416
5210,24,0.02244540213464595
6057,24,0.015777848796510802
7130,24,0.0011315061414154323
7997,24,0.0019630003265083324
9087,24,0.0051055702712043535
9948,24,0.00941619457334642
18291,24,0.030224719752580568
18922,24,0.028913559185683273
19776,24,0.03163554617327432
20849,24,0.03585635354285171
21908,24,0.036812170116844525
22958,24,0.03919605745007119
3482,24,0.08711321731066822
4019,24,0.05319946961473983
4798,24,0.026364018945276558
5849,24,0.009198136352508861
7136,24,0.005077512715291111
8002,24,0.0032583636181943106
9092,24,0.0049511131199030415
10161,24,0.006129613874619521
11204,24,0.008358959045595027
12238,24,0.0071929022937809286
16840,24,0.014722727667274485
17874,24,0.016041337436644366
18716,24,0.03690279315090627
19565,24,0.036883990774650675
20854,24,0.043688560070904325
21913,24,0.03873891870762246
22961,24,0.033597853025525114
23977,24,0.0317464849531305
2451,24,0.14812421705565967
3131,24,0.11020403855737627
4023,24,0.08291553079532062
5007,24,0.048766026035449286
5853,24,0.01704791518926148
6925,24,0.009491874058044256
9097,24,0.009664150027829667
10167,24,0.006823009812094245
11209,24,0.006757680309082008
12241,24,0.00890607871496472
13218,24,0.00861144035786828
14012,24,0.008798068559186207
15017,24,0.02035391201862487
15821,24,0.020808638753655805
16843,24,0.02669140438557572
17880,24,0.03271870379047038
18932,24,0.05264284018241385
19571,24,0.054779551194793524
20860,24,0.06758655767986228
21918,24,0.06864534194061035
22966,24,0.08617250545318182
24699,24,0.24133608872699758
1745,24,0.07815611342636448
2293,24,0.1402423735626555
3135,24,0.11249828078177589
4028,24,0.13890393372404067
27900,24,0.08242642730406761
7146,24,0.09653341008860172
8012,24,0.07812315277406691
11214,24,0.012994522424076862
12246,24,0.018043981281397725
15826,24,0.19001025923257034
17677,24,0.1126791971443632
20005,24,0.1364250764276022
21923,24,0.09032816498353016
1645,24,0.1312700225597977
3141,24,0.11759037946014815
7150,24,0.21020368036362833
9325,24,0.25095274638318504
14021,24,0.10780200989462639
9111,24,0.3205028631786986
12255,24,0.22418255609176382
17895,24,0.21518896813816554
18734,24,0.2121509811168369
21932,24,0.17246296975394107
1279,24,0.3472286870875762
4042,24,0.3002098805830549
11228,24,0.30601870011903143
12260,24,0.21808520062395925
13237,24,0.1414414961943601
21937,24,0.3792069040396737
3155,24,0.260521052023539
4048,24,0.309540696538706
10193,24,0.16128791202503523
28017,24,0.2008799458602017
13243,24,0.13961947466206515
19810,24,0.43396787938081965
21942,24,0.3102981818276398
24889,24,0.5803066835989086
4833,24,0.2636714343934019
12270,24,0.2740328101424411
21947,24,0.227148666422746
22995,24,0.19475520407194316
24011,24,0.3761881709837127
861,24,0.28946524349170233
4246,24,0.3220789062620822
13253,24,0.22177228793908577
14851,24,0.026478747815405157
19820,24,0.1347459597803623
24016,24,0.23823407309856912
24899,24,0.1626453716966806
788,24,0.1975236289722194
4062,24,0.2926763960025888
5047,24,0.25653635013414333
6106,24,0.522196645457346
14052,24,0.14517454520159168
14856,24,0.11800560209701472
15860,24,0.02910737528911462
16883,24,0.11418525963332962
21957,24,0.287806661915699
24021,24,0.22730203235561616
25073,24,0.17707643834422337
1121,24,0.36880869451352793
6111,24,0.2515970896056302
14861,24,0.14851737947271051
18764,24,0.06581509884519723
19830,24,0.08174617427185973
520,24,0.287254355490708
16893,24,0.1264477233189412
17929,24,0.03344466436047242
20907,24,0.12340531381686137
24914,24,0.21837810957125015
25754,24,0.21451044587221157
464,24,0.28858910233781293
14871,24,0.28354162711193875
15875,24,0.18948056097957294
16898,24,0.20811737649954104
17934,24,0.29830287604246425
18774,24,0.1740162806701097
19840,24,0.019056380633113757
23020,24,0.13516942952347574
24036,24,0.11789180521536617
808,24,0.37716984730501457
1317,24,0.3482825674159328
1694,24,0.4005012592422447
18779,24,0.350755663009971
19845,24,0.20588407137635575
20918,24,0.014054150703597175
24924,24,0.13853019431282163
26733,24,0.23773166766161088
259,24,0.4569509994698595
1698,24,0.4343893654643746
2352,24,0.33047638387628897
6131,24,0.1842225706676203
6988,24,0.18340175267945455
18784,24,0.38319754638608394
21982,24,0.13212083411187298
23030,24,0.12733134431033039
25098,24,0.12526373358032428
25769,24,0.11263812030895592
26739,24,0.11245147053846175
27108,24,0.22476854359346307
266,24,0.48605339760709476
6994,24,0.06386301426681393
8075,24,0.053867618489150476
16913,24,0.30493774753698305
20069,24,0.32838243433409725
21987,24,0.18359690748667695
23035,24,0.14085594332156884
25103,24,0.17863461598034228
26326,24,0.07013257315841039
26744,24,0.06501078543195975
270,24,0.48584833086968066
823,24,0.39447684416324447
9389,24,0.04042464626336739
10449,24,0.1066700813081335
17953,24,0.26955135806174857
18794,24,0.31228261822770376
23661,24,0.19913225566478757
25278,24,0.19322499571163043
25780,24,0.040636525677712004
26331,24,0.08283782047899257
27118,24,0.050852879306809276
27402,24,0.17898380666702562
616,24,0.3857814424542252
827,24,0.4216521129575708
1245,24,0.4451971975449547
8302,24,0.09537135966607292
10246,24,0.09972436708399653
11287,24,0.04572156242481896
17958,24,0.33217123540769483
25784,24,0.10390663098819712
27122,24,0.1154652328332445
63,24,0.6091004533273969
234,24,0.5554048791834862
494,24,0.3731152615632961
4477,24,0.20333396485936736
22002,24,0.3151116711954562
23050,24,0.27100659648506037
25789,24,0.20685254399734895
26758,24,0.07412979375448937
27411,24,0.13565321624495533
44,24,0.5555626623416482
838,24,0.40478188788816
2376,24,0.5035713615675593
4093,24,0.2850883047710313
11711,24,0.0967603713415647
19874,24,0.42610001934299274
23055,24,0.28581866996965954
25794,24,0.22580124494144843
26346,24,0.14163060658400436
27723,24,0.6174921853715133
503,24,0.3828852211950787
1261,24,0.4480060911909297
9190,24,0.5589582120574034
10260,24,0.4239835199426397
21165,24,0.38163950721719997
23059,24,0.3979827948302407
24059,24,0.4300047863256845
24759,24,0.26767524351518773
26352,24,0.2858492794291562
27468,24,0.17570583317471775
27623,24,0.12916556040884236
27727,24,0.19979630413788252
27795,24,1.7002364587111545
248,24,0.5527719528419404
508,24,0.47525976387342767
847,24,0.4011229184603077
1733,24,0.37475615640051607
3377,24,0.2897124670582199
11514,24,0.5465103603955792
19884,24,0.5886930221002455
22016,24,0.4311661494404634
23064,24,0.4765812316845446
24932,24,0.2919657280897801
26356,24,0.2561151611545245
26773,24,0.27067398126897146
27628,24,0.2924750006488861
27809,24,0.3247427459327376
2,24,0.14191342605648125
108,24,0.4687533555006474
852,24,0.3618020573673657
1738,24,0.3119878051632197
4107,24,0.38194820057909834
11312,24,0.5240096329575396
24069,24,0.5082440515518947
26360,24,0.3501489307996726
27147,24,0.3415900709743835
27633,24,0.3582780594759772
6,24,1.7279927888090982
112,24,0.38391544155265434
258,24,0.40590550914103946
518,24,0.3774238190665829
1275,24,0.2884904029003291
2541,24,0.24590736643534641
3213,24,0.32136931128517127
4113,24,0.36154047167133946
10275,24,0.5944337399179883
11316,24,0.7040943644918083
12349,24,0.5683108808479591
13326,24,0.4607659031703232
17988,24,0.7155939536084512
21180,24,0.7930695982560767
23074,24,0.6295544175331418
24074,24,0.5489356982661936
24942,24,0.5429704057085293
25799,24,0.4104719669062592
27436,24,0.3971462846508757
27818,24,0.24867174315056811
860,24,0.3100465366635188
27846,24,0.2766797142461135
2385,24,0.28857560797841697
8120,24,0.5629901081078673
10279,24,0.7740893894592854
11322,24,0.647904375193524
18834,24,0.7625834195822089
23079,24,0.6008464133575458
26176,24,0.4893286489411305
27156,24,0.37074997820415084
1841,24,0.21735498649251211
2390,24,0.16649672103298624
28131,24,0.5691435605589215
24952,24,0.7697012452013582
26361,24,1.7677551433528709
27869,24,1.3532941564424295
2394,24,0.1934507896909997
4127,24,0.2512010274508048
11331,24,0.7755572627519176
14940,24,0.19572062701228335
24089,24,0.7402567328439194
24957,24,0.8605461550066373
3230,24,0.11177640245245829
4132,24,0.027182867194241553
5134,24,0.15156387316316616
7053,24,0.20624206997661707
8134,24,0.24587726420119102
11336,24,0.7182454165352434
19913,24,0.38065259568512344
24094,24,0.12681655893958366
28189,24,1.007944415588373
3235,24,0.1464456021082697
5140,24,0.15731520858660508
6199,24,0.189029768150907
15954,24,0.17976002786472806
16977,24,0.24055636886226692
18013,24,0.3644418215719762
23099,24,0.28921273420382543
25483,24,0.0932218375240434
2721,24,0.38931807029413784
4141,24,0.20659230237508108
5145,24,0.258631757603176
5992,24,0.3951773634676422
7062,24,0.29980283001545166
10305,24,0.5498340280200796
11346,24,0.6451326679855581
12378,24,0.5493075779112203
15958,24,0.2387037754807643
18017,24,0.2814896049538365
20996,24,0.24064781478444866
25487,24,0.056600541710109684
2557,24,0.9074272928422445
3244,24,0.39156716160123645
4146,24,0.3191521889696988
7283,24,0.2947735521218436
10100,24,0.5090799796657309
11351,24,0.5296600190253685
12383,24,0.4255218930855673
19928,24,0.3969022294559539
21002,24,0.2640186037090225
24976,24,0.03661125328395427
25654,24,0.32697582474139164
2396,24,1.187181260150617
3250,24,0.49343651235848124
5154,24,0.33670682023851817
6214,24,0.36766229919811555
7072,24,0.3254758952345394
11356,24,0.48417903755184327
18867,24,0.30301222883836737
23113,24,0.15711756472432567
2401,24,0.643915126743182
3254,24,0.468023502300901
7077,24,0.33410474724435135
12393,24,0.30600213836640466
13370,24,0.2652737104770364
14969,24,0.506507154706617
18872,24,0.31941250248448944
19938,24,0.3272852607008198
24118,24,0.24380721289532128
25819,24,1.6965113803453276
2406,24,0.4013127824260769
3259,24,0.5657189788327689
4161,24,0.5407410536650407
7082,24,0.5007542967154635
8164,24,0.3490839541809482
11366,24,0.341692524231893
12398,24,0.3883187610629393
14974,24,0.651532111722692
18037,24,0.38170095227609085
18877,24,0.40735293716620613
19944,24,0.3822768956161702
22075,24,0.3264545258961136
24123,24,0.1979951318629939
24991,24,0.22856608613898435
2411,24,0.3466214486031255
3089,24,0.5875768017215616
4166,24,0.5652182844458983
11371,24,0.46464183320900876
14979,24,0.7264919900922465
15983,24,0.5168567721329378
18882,24,0.41301053849223024
20163,24,0.39215220792660593
21021,24,0.37325781090038157
24128,24,0.28884304470689853
25673,24,0.3069399764870324
2416,24,0.47974987542841396
3269,24,0.6009861494763329
4171,24,0.6071951872181641
8392,24,0.5877393542033648
9264,24,0.5834216333248686
11583,24,0.5164666197512767
13200,24,0.5789067258372985
14984,24,0.5184178569330044
15988,24,0.4553598095516066
18047,24,0.4540240045171206
22085,24,0.45034953292777424
25002,24,0.24492520135922344
25826,24,0.411198174394264
4176,24,0.6199868115265721
7097,24,0.6350477862800005
8179,24,0.6737242503521458
9487,24,0.6148674272106969
10340,24,0.5650601537206921
11381,24,0.4993680562624454
12413,24,0.579492931431792
14989,24,0.5045333033926102
18052,24,0.43010754695531583
18892,24,0.44511254727512484
1962,24,2.94295856563693
2426,24,0.5549364769352445
3279,24,0.7118901989728796
5184,24,0.6774081605403297
6244,24,0.681354504787729
7318,24,0.6748266703337481
8401,24,0.705555872326886
11385,24,0.5448885410359577
12417,24,0.4955878835149163
14993,24,0.6136972201673131
17020,24,0.4437939742464601
18897,24,0.5593134180343977
19963,24,0.48702587082090115
24143,24,0.29424244600308636
25011,24,0.32086176313559656
25836,24,0.5976156918247052
2431,24,0.5784287685810979
5189,24,0.743501883515998
8189,24,0.7373770508507909
11391,24,0.31788099236214534
14453,24,0.4084098914612878
14998,24,0.47189267986746525
19968,24,0.5610760144151283
21041,24,0.5108489314598003
23148,24,0.4393337160213837
25016,24,0.49910326564229396
1845,24,3.307699500493588
2436,24,0.5124743662544226
13383,24,0.295594109003954
14299,24,0.41398781647277155
18067,24,0.4634183250001598
19973,24,0.49670408948722594
21046,24,0.7000004927066998
2441,24,0.5761847542315315
7117,24,0.3233547787750032
9289,24,0.25267214457059206
10359,24,0.27966358916883677
11401,24,0.17317248011968228
13388,24,0.31042232866703967
28001,24,0.26216809067943425
16013,24,0.4230530992769795
18072,24,0.5055678099301155
18912,24,0.4586130248038252
23158,24,0.5478439101231548
24158,24,0.5400711295894896
25026,24,0.6431674187881282
25851,24,0.705560420272905
1741,24,3.694255205766232
3298,24,0.5058997457492053
4200,24,0.516996992429648
9294,24,0.37263007042175134
11406,24,0.3586116070992202
12438,24,0.29129248660298374
13393,24,0.37434879690308426
15013,24,0.4466857660343312
15815,24,0.4363795076916809
17040,24,0.5543510869703265
18077,24,0.7620659007464873
18917,24,0.7318957106179391
19983,24,0.6297566042798926
22115,24,0.5888465237068724
24163,24,0.7057848647127354
25856,24,0.9564367871354674
27857,24,3.790735639098635
2288,24,0.587188314649435
3303,24,0.5922553259219282
4205,24,0.5056177453910196
7126,24,0.5336345345406135
8209,24,0.6021093571222902
11410,24,0.3852594468862527
27967,24,0.6971124023190225
27981,24,0.7166150919138479
28051,24,1.5851586620276499
17045,24,1.6111038088596532
19987,24,1.8290454683624566
22118,24,0.6517113448030729
23166,24,0.7440192150722
24166,24,0.8617144080030885
25035,24,1.084951925640666
25860,24,0.939515025639791
27918,25,0.02604458539628798
8211,25,0.026437955855496482
9083,25,0.017596435053694216
28125,25,0.03195039150223095
20418,25,0.04394111438990935
5210,25,0.010578483331079698
6057,25,0.016226813833594277
7130,25,0.023066920434296728
7997,25,0.023972621470360386
9087,25,0.027319616786716967
9948,25,0.03143576527415523
18291,25,0.06606908975069237
18922,25,0.0645565175634751
19776,25,0.06508765529144826
20849,25,0.07053230064478351
21908,25,0.07338974535449326
22958,25,0.06405172798715894
3482,25,0.07581698525796098
4019,25,0.04297408324897155
4798,25,0.011062819428894689
5849,25,0.018024752350581486
7136,25,0.024280104005485144
8002,25,0.024822803164760262
9092,25,0.03325133159943075
10161,25,0.037844593417275134
11204,25,0.03393417512087076
12238,25,0.03723528530656942
16840,25,0.03793921366802984
17874,25,0.04649988776270792
18716,25,0.07491249090482467
19565,25,0.0744098673633332
20854,25,0.08131595753612636
21913,25,0.0739232878822845
22961,25,0.0594934774068221
23977,25,0.05131224354486163
2451,25,0.11650868093494497
3131,25,0.09632218462561376
4023,25,0.07365364435353185
5007,25,0.031078899892054035
5853,25,0.016024481399576525
6925,25,0.04590261397341466
9097,25,0.04118546630196204
10167,25,0.04506157431826332
11209,25,0.048510890364367516
12241,25,0.04506927674265392
13218,25,0.03733988166384234
14012,25,0.03193796263586396
15017,25,0.036482624211141686
15821,25,0.03930357241622364
16843,25,0.05445143289767064
17880,25,0.0664402051383451
18932,25,0.09675180097616173
19571,25,0.10057743488641309
20860,25,0.11737264368457093
21918,25,0.11601227213379148
22966,25,0.13329189038257228
24699,25,0.24458662669827538
1745,25,0.0715840513204862
2293,25,0.08401553530870914
3135,25,0.09254475903731282
27900,25,0.02843952061600176
7146,25,0.0906224939619768
8012,25,0.0872661792710667
10171,25,0.05039217592231017
12246,25,0.056778721602637576
13223,25,0.04850555632429121
15826,25,0.17639918121107548
17677,25,0.1573931335488836
20005,25,0.12109200602982036
21923,25,0.13950142602819415
1645,25,0.1275922256445257
3141,25,0.07502040781126222
7150,25,0.0913904043029072
9325,25,0.28360447101837966
14021,25,0.09176763009693566
9111,25,0.21088209370328823
12255,25,0.14366784969024246
17895,25,0.23708833433201743
18734,25,0.1631697100607243
21932,25,0.11814964825004573
1279,25,0.351498665048821
4042,25,0.24225755176036073
12260,25,0.24822067788212013
21937,25,0.18341115582735876
1191,25,0.3871254791860255
3155,25,0.19184392491077143
4048,25,0.27310888261283844
9340,25,0.10681019395858264
10193,25,0.359264275684195
28017,25,0.14050402367289802
13243,25,0.10626747318842852
19810,25,0.4058537464608525
21942,25,0.19208843241370052
24889,25,0.47587095396599194
3869,25,0.24083894912363663
4833,25,0.23947584117868084
11238,25,0.40321044429036357
14846,25,0.07654270714015818
22995,25,0.35995001015247546
24011,25,0.3866217332943393
861,25,0.2243598020876093
4246,25,0.2118813549293227
13253,25,0.4300051225089834
14851,25,0.24133225413059672
19820,25,0.35238514168311375
24016,25,0.4402534828847133
24899,25,0.543931000746185
4062,25,0.22730135171518273
5047,25,0.20478250637487336
6106,25,0.2476237370485958
14052,25,0.37198103190401066
14856,25,0.3098348550533225
17919,25,0.4070202282328893
21957,25,0.5147567414936723
24021,25,0.5860419729355262
25073,25,0.5748563571177391
794,25,0.2355085729536094
1121,25,0.18145575757077437
6111,25,0.20764163270420352
14861,25,0.3891447935044034
18764,25,0.49837519953374027
19830,25,0.4434598592180153
23010,25,0.5822102285878913
520,25,0.13493054185582723
16893,25,0.3207257015822004
17929,25,0.30978223011576905
18769,25,0.42576792925296475
20907,25,0.43748432384778724
24914,25,0.5606209889794881
25754,25,0.5151211684433267
464,25,0.30977809631112757
803,25,0.2383350139719137
7194,25,0.2515761177659944
14871,25,0.26481055672849463
15875,25,0.4127631511365961
17934,25,0.17533893382413687
18774,25,0.29114924022010436
19840,25,0.41364767090456506
23020,25,0.35034541579075856
24036,25,0.40047524084653113
24919,25,0.4604690404799905
25760,25,0.4855476577717573
305,25,0.24143330567034532
808,25,0.24919229960888215
1317,25,0.2299638111021443
1694,25,0.2196749981970446
19845,25,0.2765598032208763
20918,25,0.4579802780337121
24924,25,0.22225396960929208
26733,25,0.38904360008847033
259,25,0.23356613981136914
1698,25,0.2185846366170192
2352,25,0.17728063920575238
6131,25,0.34566210595527425
6988,25,0.3223651193604635
9161,25,0.2749964782006219
18784,25,0.24215502595305122
21982,25,0.4120237646640395
25098,25,0.31717977688683274
26739,25,0.38339042396931755
27108,25,0.5464913024401193
266,25,0.34947223854164455
6994,25,0.39625838587711787
8075,25,0.3677372921287423
17949,25,0.3352092727935569
21987,25,0.35936756983550316
23035,25,0.4497165312266328
25103,25,0.2913408563922005
26326,25,0.3827796256250373
26744,25,0.3894778830073599
270,25,0.3858542531201341
823,25,0.24369589960646793
9389,25,0.3967550720800817
10449,25,0.4279955861393637
17953,25,0.39401976372288655
18794,25,0.3528361290981501
23661,25,0.3878934647056719
25278,25,0.315301919807231
25780,25,0.36835167943874664
26331,25,0.39221287255447823
27118,25,0.33695196530791255
27402,25,0.5058387521001255
113,25,0.48110420293111517
616,25,0.2276413037438791
827,25,0.21596307318553173
1245,25,0.23404550446675249
8302,25,0.4714041536805156
11287,25,0.4518070583478285
17958,25,0.32996172812530844
20937,25,0.18089561100559468
25784,25,0.4702889660440111
26753,25,0.3985816074594443
27122,25,0.3583290667301764
63,25,0.5707747915268375
234,25,0.39754838198486514
494,25,0.23480065120955906
22002,25,0.6095444007662432
23050,25,0.6041603754256585
25789,25,0.4252161863359269
27127,25,0.40405842792195673
27411,25,0.3779529395730605
44,25,0.4633664987423183
560,25,0.2129789667607106
838,25,0.2306174917503311
2376,25,0.20371883525997805
4093,25,0.38078273402177876
11711,25,0.4525505079700563
19874,25,0.5704572258100458
23055,25,0.5838197739753397
25794,25,0.40177316817828795
26346,25,0.34895433699133327
27723,25,0.2202042688118835
9190,25,0.7566169935903363
10260,25,0.607296974208496
21165,25,0.6342527652665189
23059,25,0.5982461931648119
24059,25,0.6372739849385922
24759,25,0.5243492034935283
26352,25,0.3702752201754617
27623,25,0.21198153521041044
27795,25,1.3505564935119478
248,25,0.6878701701012596
508,25,0.7093580978656719
847,25,0.6080077584313636
1733,25,0.3602350402049723
3377,25,0.353799296432691
9195,25,0.6210259191853034
19884,25,0.33934505563665796
23064,25,0.5828358262252515
24932,25,0.6013199559779843
26356,25,0.35424952506444396
26773,25,0.34034577301798946
27628,25,0.39514861553444663
27809,25,0.15069394014406
2,25,0.8110193613827493
108,25,0.6994846358597028
852,25,0.6907750974171896
1738,25,0.5026564788579738
11312,25,0.7018430035638182
24069,25,0.590917817457054
25631,25,0.6258559800322382
26360,25,0.610699413017015
27147,25,0.3745200383984613
27633,25,0.35556355181708454
6,25,1.5185961183313275
112,25,0.6418505274152758
258,25,0.8027555553007755
518,25,0.7866788278928618
1275,25,0.6746270956532887
2541,25,0.5359984888010424
3213,25,0.5102558489404949
4113,25,0.6715678917072885
10275,25,0.6951028174549609
11316,25,0.7517981866380837
12349,25,0.7851332031246478
13326,25,0.6111642116224361
17988,25,0.4921024794289493
21180,25,0.21897990869808293
23074,25,0.5048189255531623
24074,25,0.5045247634362283
24942,25,0.5157257154043284
27436,25,0.4198104385584498
27846,25,0.7368111046352798
2385,25,0.5552434732806105
3218,25,0.5836897616513067
8120,25,0.8003923623377992
9428,25,0.8076262516985824
10279,25,0.8826919524209164
11322,25,0.9261408329578001
18834,25,0.4134287355503926
23079,25,0.3618541313188429
24947,25,0.4773875142675936
26176,25,0.22882682570660318
27156,25,0.2758025480493038
27607,25,1.3918260771805233
1841,25,0.283017974240175
2390,25,0.5519345474997172
4122,25,0.48469103947224546
28131,25,0.27455853170668554
26361,25,1.649414560456964
27869,25,0.1508990265755181
2394,25,0.31452425430743275
4127,25,0.5603760411163187
11331,25,0.7929563915787605
14940,25,0.3505288743622711
24089,25,0.3760622525399705
24957,25,0.3163356612707129
3230,25,0.374644821115398
4132,25,0.33298737672204093
5134,25,0.2848769398459201
7053,25,0.34484402687255905
11336,25,0.8995847876551013
19913,25,0.8282452275433542
24094,25,0.5158405606979295
28189,25,0.25386772935585117
3235,25,0.36073473278552376
5140,25,0.2348849971187373
6199,25,0.2590488994468046
15954,25,0.6824441248891708
16977,25,0.6993776748602576
18013,25,0.8237064380399456
23099,25,0.6071397334191486
2721,25,0.9184396044360426
4141,25,0.13212025994308635
5145,25,0.19475420871179952
5992,25,0.17912272540033256
10305,25,1.0560536222509793
11346,25,1.0456885001944112
12378,25,0.9064881154783189
15958,25,0.6820337453201445
20996,25,0.6555296244265103
25487,25,0.4481260908734227
2557,25,1.8428409383049136
3244,25,0.20978081618904632
4146,25,0.09807769557636628
7283,25,0.15805363561490401
11351,25,1.123455690378421
12383,25,0.9124678360780819
13360,25,0.4067754579708306
18022,25,0.6984151515832882
21002,25,0.5710337925282452
24976,25,0.43651894884435966
25654,25,0.44153911700706855
2396,25,1.8221756353736298
3250,25,0.14580494695443844
5154,25,0.14532479294413922
6214,25,0.1698488478694935
7072,25,0.13701632769689143
13365,25,0.2321377641313207
18867,25,0.6320530308674195
23113,25,0.5897473764546022
25659,25,0.5774250667667277
2401,25,0.19831820772491401
3254,25,0.1160934050077335
6219,25,0.2020237747336923
7077,25,0.2218404480130829
9249,25,0.8892293761421838
10319,25,1.2749037366046199
12393,25,0.7365906801750846
13370,25,0.3072118776197828
14969,25,0.2505859605663724
15973,25,0.6688677880900096
18872,25,0.5567307615936686
19938,25,0.5677162722979804
24118,25,0.5415896114626487
24986,25,0.5454736455907297
25819,25,0.40979272012350243
2406,25,0.22255576696934057
3259,25,0.1226173677064319
5164,25,0.37179749946909724
7082,25,0.24173740267224308
12398,25,0.5818350501382408
14974,25,0.24073148945816683
17001,25,0.981814640255082
18037,25,0.6655484685815034
18877,25,0.6306792858722494
19944,25,0.6071309543553965
21016,25,0.6112113951449926
22075,25,0.5777217393757853
24123,25,0.5416911970054016
24991,25,0.4996669677244958
25669,25,0.4620487465712244
2411,25,0.3469013184811811
3089,25,0.21368372267989452
4166,25,0.23508323185540844
11371,25,0.7640306727383446
14979,25,0.2765606946060285
18882,25,0.6513708639817256
20163,25,0.5687287754763156
21021,25,0.5863577009566284
2416,25,0.3409922613443698
3269,25,0.2903165706544006
8392,25,0.37591274014647863
9264,25,0.5241924335269136
11583,25,0.6779410849567878
13200,25,0.2867159467435407
14984,25,0.3968754240600323
15988,25,0.4898866781055487
18047,25,0.7183728498693565
19953,25,0.6105511223385442
22085,25,0.5894745187049402
23133,25,0.5635654800273618
25002,25,0.45980036977305766
25826,25,0.5086076231118231
4176,25,0.39472277387153537
5179,25,0.3831607395295201
8179,25,0.4136585173061482
9487,25,0.5107581607056421
10340,25,0.6888815152378135
11381,25,0.7559380095715061
14989,25,0.472082586049558
18052,25,0.654807987360455
18892,25,0.6525263701536969
25006,25,0.4654286182301117
1962,25,3.2792406912125482
2426,25,0.3840513926788697
3279,25,0.4129539475127093
4181,25,0.3799684745234106
5184,25,0.41132412231169696
6244,25,0.4493802097345867
7318,25,0.4715260966491705
9274,25,0.49127987224697617
11385,25,0.5968136033436788
12417,25,0.34108292803802154
14993,25,0.36298862722253916
17020,25,0.5399435059103138
18897,25,0.621656542552114
25011,25,0.47670528831599845
2431,25,0.5752995178023409
3284,25,0.49135921135128025
5189,25,0.5044553242969803
7107,25,0.5049049310222204
11391,25,0.5807402527292873
12423,25,0.47274546195386213
14453,25,0.48530115719877887
14998,25,0.3619611638999667
21041,25,0.538499104162457
25016,25,0.552455374863637
1845,25,2.9349298462253883
2436,25,0.6710698139586891
3289,25,0.6052828699903585
6039,25,0.4690671035732236
13383,25,0.30605793147454785
14299,25,0.4725119935846019
18067,25,0.44320587460073396
19973,25,0.49755697268870186
21046,25,0.4548337337605496
25021,25,0.3460638860047929
2441,25,0.7453717336387149
7117,25,0.5768360526049582
9289,25,0.6040388236490409
10359,25,0.647668891563049
11401,25,0.7981704195319587
13388,25,0.6296765318180697
18072,25,0.4029493234308463
18912,25,0.49090014317373915
23158,25,0.411069629826854
24158,25,0.3024972528661754
25026,25,0.24828385880053255
1741,25,3.656034135018918
5203,25,0.6097762217074604
7122,25,0.50995552957302
9294,25,0.6096348179944115
11406,25,0.5670460323686359
12438,25,0.6568725692414481
13393,25,0.12178128777381463
15013,25,0.5145860624826313
15815,25,0.46047461790766386
17040,25,0.39781442954217655
18077,25,0.34952531632461753
18917,25,0.4153021121584557
22115,25,0.378663592748444
25031,25,0.2668976854141735
25856,25,0.18111222563233476
27857,25,3.76964620287077
2288,25,0.7366824903439041
3303,25,0.8267961996785441
5208,25,0.6662792159588503
7126,25,0.503448740190416
8209,25,0.4461014641098593
9298,25,0.5387002615355375
27967,25,0.2876005400946838
27981,25,1.0799852568117523
28051,25,1.2038545197637274
16225,25,2.470672716837674
17045,25,1.2336329877056513
22118,25,0.33902854610001826
23166,25,0.34309832275536106
24166,25,1.2382104056895304
25035,25,2.1057972361175805
25860,25,0.9841755870023066
27918,26,0.01149961042012413
8211,26,0.012326538270475869
9083,26,0.009350917935022617
28125,26,0.016769802666281617
20418,26,0.015928568844948372
5210,26,0.01696509384470862
6057,26,0.013950409779924088
7130,26,0.011724634544346755
7997,26,0.013831722064954904
9087,26,0.01798507607756341
9948,26,0.017756477552497485
18291,26,0.033459925822206096
18922,26,0.031025940406387946
19776,26,0.03085571616719571
20849,26,0.03237159790842803
21908,26,0.03787685346319595
22958,26,0.0461089804143444
3482,26,0.043247773381761695
4019,26,0.027216760434103694
4798,26,0.016498729713238736
5849,26,0.001975192717851059
7136,26,0.010070155067665327
8002,26,0.013876021121961632
9092,26,0.02327322479806618
10161,26,0.02301414156606704
11204,26,0.0219368544177763
12238,26,0.02376379531545877
16840,26,0.020342451623795423
17874,26,0.022179927176257348
18716,26,0.037717855110319574
19565,26,0.03732187282901612
20854,26,0.040877965003413425
21913,26,0.03777455556285093
22961,26,0.04246249211028672
23977,26,0.0442255933166234
2451,26,0.08947007863623406
3131,26,0.05015397298446574
4023,26,0.03942053472412355
5007,26,0.03320095992926498
5853,26,0.01986960266482229
6925,26,0.02134771700668258
9097,26,0.03980142748965803
10167,26,0.038341071850662094
11209,26,0.03496992644982722
12241,26,0.03292151113663202
13218,26,0.027484042341848456
14012,26,0.024556223590544327
15017,26,0.031190295566334597
15821,26,0.03151711507788928
16843,26,0.03174426746479216
17880,26,0.03512165873639994
18932,26,0.04906232541311889
19571,26,0.05004996753102859
20860,26,0.05702639455894319
21918,26,0.05968180023214805
22966,26,0.07456523269684097
24699,26,0.11770600856719714
1745,26,0.10503613232076874
2293,26,0.03835833521338193
3135,26,0.0634558422944535
27900,26,0.02278059155881877
7146,26,0.01652074709117616
8012,26,0.05914743934282383
10171,26,0.03868181494255884
12246,26,0.04696048225574779
13223,26,0.04080761005175062
15826,26,0.11810933904559032
17677,26,0.1872055079972654
20005,26,0.06019364270143718
1645,26,0.12672172911192314
2298,26,0.008112255865445192
3141,26,0.045207151442792595
7150,26,0.07355622947182133
9325,26,0.09267005474135291
14021,26,0.05874203319926942
9111,26,0.11226457232628954
10181,26,0.10910046725218928
12255,26,0.22663211287459634
18734,26,0.10055995150869541
21932,26,0.04267668280492412
1279,26,0.2655125053119819
4042,26,0.13290380692775655
12260,26,0.17869806234042176
21937,26,0.3748987886602162
1191,26,0.3031190466891519
3155,26,0.1399556403511389
4048,26,0.19311873406986219
10193,26,0.19297021143965767
28017,26,0.0954073697443967
13243,26,0.09726296149362892
19810,26,0.4244964690075265
20883,26,0.18016325041899883
21942,26,0.31373372447273595
24889,26,0.2893573239520577
4833,26,0.17974790783443723
6096,26,0.17024093033065094
24011,26,0.20282867777162578
861,26,0.14237969048451735
4246,26,0.1966751342719636
14851,26,0.11892783446769359
24016,26,0.22037904294718005
24899,26,0.19970229041902082
4062,26,0.20215874900795092
5047,26,0.18196988435919242
6106,26,0.21445814999754542
14052,26,0.13881303946169107
14856,26,0.09628432899085215
21957,26,0.06022874146487825
24021,26,0.1572223563718348
25073,26,0.18298517753903912
582,26,0.09568804708050538
794,26,0.1676520763446504
1121,26,0.1844337163143625
6111,26,0.14731308401549525
14861,26,0.13090127347460462
18764,26,0.15391649290647796
21962,26,0.18447957832786457
23010,26,0.08603311052912313
520,26,0.11574804897335113
797,26,0.15469136049456048
17929,26,0.07142600164574818
24914,26,0.1115664962001127
25754,26,0.16506110996400808
464,26,0.2758646938680732
7194,26,0.07732264720714327
15875,26,0.07349818122209577
17934,26,0.42544827385331313
18774,26,0.2117420448562559
19840,26,0.16826667192463382
23020,26,0.2651231429869418
24036,26,0.2561534070344761
24919,26,0.22844779465683587
25760,26,0.2538263109759408
26312,26,0.34917115838050194
305,26,0.17276598814467914
1317,26,0.1967094623256796
1694,26,0.19157164821048456
8065,26,0.10280025276010621
15880,26,0.2877659366234117
19845,26,0.25789146018385745
20918,26,0.2143101381794199
24924,26,0.5105803097161423
26733,26,0.6058842206743918
259,26,0.10405372427751318
1698,26,0.19494469334946035
2352,26,0.1953154139174462
14216,26,0.044748735667230616
15884,26,0.31375128506250866
18784,26,0.5828174223684323
21982,26,0.26590266298923676
25098,26,0.5722668327663465
26739,26,0.6920528893583633
27108,26,0.7515436608139843
266,26,0.19696869612831627
6994,26,0.3337881912308349
8075,26,0.21654995666899898
17949,26,0.222551085042072
20928,26,0.17400847281954956
21987,26,0.25040130736375926
23035,26,0.3621096672423831
24050,26,0.6084608780583103
25103,26,0.5386356493038091
25775,26,0.6486965993736636
26326,26,0.7154384621161538
26744,26,0.764086377416278
270,26,0.24292004789585808
823,26,0.18148934072299575
1709,26,0.2701596521990371
8080,26,0.293336191343275
9389,26,0.1977201112918101
10449,26,0.17401566992403647
17953,26,0.16206556816299644
18794,26,0.17225078935819818
23661,26,0.12001045852269099
25278,26,0.31853250116483595
25780,26,0.6948203569824236
26331,26,0.7128402029312442
27118,26,0.8369057131855294
27402,26,0.8902089882033869
113,26,0.3285632835111837
616,26,0.16360371158542214
827,26,0.18385989556874638
1245,26,0.22451208935923186
8302,26,0.3154201447122214
11287,26,0.24377033793220285
17958,26,0.16418659046867431
20937,26,0.07456629707791286
21996,26,0.16421699676443666
25784,26,0.729257030034174
26753,26,0.8417654063704345
27122,26,0.8916463304321597
63,26,0.40556489907466037
234,26,0.2624712177665776
494,26,0.15578762773464747
1718,26,0.3009868545773264
22002,26,0.44142104148256694
23050,26,0.4400042330169907
25789,26,0.8827976288139534
44,26,0.319276870005814
560,26,0.1438972293181951
838,26,0.18028868947688734
2376,26,0.23459171079914456
4093,26,0.3549371568837696
11711,26,0.48129460499529986
19874,26,0.6109352052213385
23055,26,0.3401488509162119
25794,26,0.8739507384442934
26346,26,0.9131508113263753
27132,26,1.0416246477645836
27313,26,1.1506714742942932
27723,26,1.2726619369149144
9190,26,0.6709287520350276
10260,26,0.5579196292091309
21165,26,0.47240056962240096
23059,26,0.2783281354600003
24059,26,0.3154341145462793
24759,26,0.42699335155997165
25943,26,0.9841371791605776
26352,26,1.0930689031172514
27623,26,1.3439602329864848
27795,26,1.4090554327696616
248,26,0.20381591888544495
508,26,0.28191673657608673
847,26,0.312573760802699
1266,26,0.2656561805309948
3377,26,0.27758701877761144
19884,26,0.20318828346316717
23064,26,0.19695734082958063
24932,26,0.4047504054076022
26356,26,1.069741060135177
26773,26,1.1990723776919798
27628,26,1.2512368380389436
2,26,0.9259529417812408
108,26,0.13154222153531112
1738,26,0.43827088794881225
3208,26,0.5399964241553282
11312,26,0.5726828967705695
24069,26,0.20279581919547998
25631,26,0.42296066530866944
26360,26,1.135123531134804
27147,26,1.277550628307962
27633,26,1.4219222763011572
6,26,1.6837826148450004
112,26,0.8249247586617539
258,26,0.4525644532491083
518,26,0.4631327471864856
1275,26,0.37362264234148984
2541,26,0.459288810626905
3213,26,0.6254405077526605
4113,26,0.7513981842744705
10275,26,0.6073058063485712
11316,26,0.6991332705724337
12349,26,0.5819319106799002
13326,26,0.5261984190959802
17988,26,0.5994779969891625
21180,26,0.23173414577554166
23074,26,0.2557653655688138
24074,26,0.2536398713011853
24942,26,0.2981975114088406
27436,26,1.2838536189291558
27846,26,0.7079486350102487
2385,26,0.44912320198571193
3218,26,0.5106041338911049
8120,26,0.7621316974498976
9428,26,0.8379168769107599
10279,26,0.8189498745599687
11322,26,0.7865415797063328
18834,26,0.49431592766552696
23079,26,0.2851416253551755
26176,26,0.3552808038732024
27156,26,1.419366568081545
27440,26,1.5170336939009563
27607,26,1.7498534133181685
1841,26,1.7568102651837272
2390,26,0.41987972447424315
22036,26,0.25999436076844235
24084,26,0.28099865627837
25809,26,0.3052164373768322
26361,26,0.9537018275894342
27869,26,1.8937713512637466
2394,26,0.18000325834791248
4127,26,0.39564542609118636
11331,26,0.9564727925478299
18843,26,0.6066040575595648
24089,26,0.26286909948880627
24957,26,0.24914436404539003
3230,26,0.5181360961792059
4132,26,0.4905121607916837
5134,26,0.3007087678993975
6195,26,0.3244492067799628
7053,26,0.43032530831826227
11336,26,1.10717014743434
19913,26,0.6920186798291444
24094,26,0.38750536280959974
28189,26,0.32610008328283874
3235,26,0.5741349813654798
5140,26,0.30790149919114557
6199,26,0.3093268997838417
15954,26,0.4049309170872655
16977,26,0.5089948789465678
18013,26,0.5555544445476001
23099,26,0.6129094955072789
24099,26,0.5144105667400293
2721,26,2.3191271173564676
4141,26,0.3465020010847338
5145,26,0.29486310429354134
5992,26,0.2289738098459267
10305,26,1.2235574051394282
11346,26,1.3096210071236245
12378,26,1.2530752180704146
20996,26,0.47357305275253603
2557,26,2.3988863143804084
3244,26,0.3739731296687063
4146,26,0.2784885980829242
7283,26,0.3082252378003113
11351,26,1.3326563800437718
12383,26,1.2820105417378156
13360,26,0.6050320343078166
18022,26,0.35129974840234035
21002,26,0.37724671654168745
24976,26,0.37285881732013715
25654,26,0.43120138314767203
2396,26,2.258364576667323
3250,26,0.2565661995500082
5154,26,0.22903137033140347
6214,26,0.21256496065521796
7072,26,0.26493631095191134
12388,26,1.2274241671832458
13365,26,0.32626526586763815
14964,26,0.11135627884968656
18867,26,0.28822067269751955
23113,26,0.3438742693371108
3254,26,0.21022343425670917
6219,26,0.09364577643470728
7077,26,0.20892151350137084
9249,26,0.9379309428812731
10319,26,1.3599801726043197
12393,26,1.051767323420818
13370,26,0.498166734131284
14969,26,0.12689857371725932
15973,26,0.25887099922147544
18872,26,0.15197527502621405
19938,26,0.262136798210437
21011,26,0.26733739227296865
24118,26,0.3153052145133039
24986,26,0.4256929465390076
25819,26,0.6004854994140351
2406,26,0.2949843356866864
3259,26,0.2738649038713244
12398,26,0.737027267147532
14974,26,0.16952767114589146
17001,26,0.25828625558737156
18037,26,0.1699776332037723
18877,26,0.14530982518735078
19944,26,0.27448623257641613
21016,26,0.2582130087493065
22075,26,0.2846995991118668
24123,26,0.3339219907828198
24991,26,0.3998268657242005
25669,26,0.4257354664380437
2411,26,0.23777378505302502
3089,26,0.247305506241871
4166,26,0.28739604074905495
7087,26,0.08118071781779329
11371,26,0.9830593243174865
12403,26,0.534615711257583
14979,26,0.20486184416748138
18882,26,0.14151967203468285
21021,26,0.25838507023777013
2416,26,0.13000588773445376
7092,26,0.1591788738488597
8392,26,0.17153828702320695
9264,26,0.40170482673326685
11583,26,0.8412935172570608
13200,26,0.19702319755813136
14984,26,0.11134432179358851
15988,26,0.14837207887601048
17011,26,0.13743399754186006
18047,26,0.16875574115257105
19953,26,0.12355805533498022
22085,26,0.26917858396713784
23133,26,0.2926963446652205
25002,26,0.3986750218443887
25826,26,0.46026731806586996
4176,26,0.23043109213441312
5179,26,0.2798044380635253
10340,26,0.6002022397397713
11381,26,0.6660974215475319
14989,26,0.06648840170102917
18052,26,0.1463309339107548
18892,26,0.03538225930318447
19958,26,0.12674524125692302
21031,26,0.16187285877487187
25006,26,0.3863048849498732
25831,26,0.48693486086163734
1962,26,3.2873309096147647
2426,26,0.32939548732531676
3279,26,0.28667106138225407
4181,26,0.24093824715726117
5184,26,0.2677984481211185
6244,26,0.3283997783790696
7318,26,0.2639041042912649
12417,26,0.14822405269626776
14993,26,0.1342366954287892
17020,26,0.0510015372534568
18897,26,0.024476425247315844
25011,26,0.42555635604866054
2431,26,0.33222188152339954
5189,26,0.2435101314927582
6248,26,0.3092420402620799
7107,26,0.28714423418557516
11391,26,0.1912574116319878
12423,26,0.1625735321222932
13013,26,0.31335352887543877
14453,26,0.22819417269978917
14998,26,0.0544782766020292
25016,26,0.5043421436673121
1845,26,3.2727693510110045
2436,26,0.34884048080833
4190,26,0.19351584433889477
6039,26,0.2526389939677212
10354,26,0.18166020220212897
12428,26,0.223465782909075
13383,26,0.28309559600308043
14299,26,0.19575490990787364
18067,26,0.051979252240989315
19973,26,0.08749451023361854
21046,26,0.23546517402415826
2441,26,0.4196057084852548
3119,26,0.4035239011671998
4010,26,0.28907203759880723
8199,26,0.2747600847517131
9289,26,0.23139714962609909
10359,26,0.25241271710358104
11401,26,0.224236769861336
13388,26,0.29991331288838463
18072,26,0.08476340392889488
18912,26,0.09116134306660185
23158,26,0.38515325778806786
24158,26,0.44105691962222515
25026,26,0.5609607449850613
1741,26,3.6934588900108105
5203,26,0.32892699624552196
6051,26,0.4331251652410342
7122,26,0.4221758082158802
9294,26,0.3659123593452976
10364,26,0.4417473478241864
11406,26,0.2990805538154776
13393,26,0.565347482647002
15013,26,0.13422025303697213
15815,26,0.1441410072793252
17040,26,0.1304243427721456
18077,26,0.26545595836336044
18917,26,0.1894559043186883
22115,26,0.33257540711185085
25031,26,0.6172799623180725
25856,26,0.6802775612349908
27857,26,3.7535001848514136
2288,26,0.5940864633961654
3303,26,0.43578593776635777
5208,26,0.3519486620008737
7126,26,0.5166957831802523
8209,26,1.2146432555881856
9298,26,0.49314734547572076
10368,26,0.46001621011015653
27967,26,0.7806086899402576
27981,26,1.102251924600062
28051,26,1.9950928875457488
16225,26,3.2359959349206426
22118,26,0.3844419307229223
23166,26,0.6120450012859038
24166,26,0.6925884944382426
25035,26,1.7209601055036055
25860,26,0.8125111944899036
27918,27,0.008882527467393372
8211,27,0.008144744086710377
9083,27,0.00333308567657318
28125,27,0.01797631135455369
20418,27,0.013444956364897806
5210,27,0.008787032359305539
6057,27,0.004358469330981042
7130,27,0.0033149621278189064
7997,27,0.005568057751611371
9087,27,0.011877160668217602
9948,27,0.011605164440472366
18291,27,0.026685737590585745
18922,27,0.024586364593604033
19776,27,0.02305231980948606
20849,27,0.022038829268611844
21908,27,0.02707166556131692
22958,27,0.03194092944975825
3482,27,0.040595955926327684
4019,27,0.0240619229864572
4798,27,0.009686857380477112
5849,27,0.010058783547500517
7136,27,0.0004190944518779534
8002,27,0.0046157441689975215
9092,27,0.0145944506506442
10161,27,0.01521957192948674
11204,27,0.010024975605510928
12238,27,0.008073996807637755
16840,27,0.016724318909840576
17874,27,0.01810181412593006
18716,27,0.028331272690350046
19565,27,0.02719886804499536
20854,27,0.028594118302048853
21913,27,0.026358504379107722
22961,27,0.030631344452690466
23977,27,0.02557645708511127
2451,27,0.09208177091642952
4023,27,0.03826422801932072
5007,27,0.023114833668269996
5853,27,0.009460227410324804
6925,27,0.010867862251032673
9097,27,0.021196120646418817
10167,27,0.01825768112034998
11209,27,0.01676589833144414
12241,27,0.013226208672742847
13218,27,0.008792615738812572
14012,27,0.008195837902558718
15017,27,0.018212966584073318
15821,27,0.020217514060162554
16843,27,0.022947414211040934
17880,27,0.02478444563868783
18932,27,0.0347731105804381
19571,27,0.03542103053610072
20860,27,0.03873979480049803
21918,27,0.041381206195982664
22966,27,0.049263160179698125
24699,27,0.05352183867069455
1745,27,0.020197401312485954
2293,27,0.10972165085955887
3135,27,0.027187367828655107
27900,27,0.025869615488100253
7146,27,0.06942489720432085
8012,27,0.017831542545419524
10171,27,0.023277076506774977
12246,27,0.022317427378927612
13223,27,0.011623222328637006
15826,27,0.0720315431498639
17677,27,0.04393226925946967
20005,27,0.03978213025934527
1645,27,0.09345004559859048
2298,27,0.09005445081116854
3141,27,0.10087124998705825
7150,27,0.10846095103080164
9325,27,0.03936228807500493
9111,27,0.04040522885724354
10181,27,0.05233534703171491
12255,27,0.050814661203440206
18734,27,0.11373191782357636
21932,27,0.006615900575022027
1279,27,0.22549986902679256
4042,27,0.1286894276728696
12260,27,0.09228838807714354
21937,27,0.09933474858693447
1191,27,0.2645563648044191
3155,27,0.1577380030544398
4048,27,0.1713672344964417
10193,27,0.18301435548613798
28017,27,0.05917718683742734
13243,27,0.12664550660691606
19810,27,0.27495631748504723
20883,27,0.1344104586301393
21942,27,0.17535718463714176
24889,27,0.2065319713249081
4833,27,0.21614595971259032
6096,27,0.17456044048152308
24011,27,0.31436281184990444
861,27,0.12276956424120859
4246,27,0.1667284917798818
23000,27,0.2444906225654698
24016,27,0.19084513755802937
24899,27,0.3266802738240966
788,27,0.11119376248843119
4062,27,0.18644395977945874
6106,27,0.2636581964080453
14856,27,0.029137651255686244
21957,27,0.06526998819046965
24021,27,0.18900023902130872
25073,27,0.1793389303585221
582,27,0.105787669284734
794,27,0.1737900311823868
1121,27,0.15903839058298716
6111,27,0.22086242289106747
14861,27,0.09777984647468675
520,27,0.14107806125060682
797,27,0.10904232034944987
17929,27,0.31206348069218126
24914,27,0.10225485268618957
25754,27,0.20824853658025705
464,27,0.24695928991893218
7194,27,0.2429934469758189
15875,27,0.17972746263439435
16898,27,0.3237727860664638
17934,27,0.5086982385945695
18774,27,0.44488834871529814
19840,27,0.32000010526848516
23020,27,0.4768059150534346
24036,27,0.27599340029930447
25760,27,0.09596693914204532
26646,27,0.4148470624932597
305,27,0.11793010081920267
1317,27,0.24957097167242495
1694,27,0.22088913278750774
18779,27,0.5496383898454894
19845,27,0.46099217876309373
20918,27,0.3217623889003222
24924,27,0.5497942842536021
26733,27,0.48464345114269614
259,27,0.1276589338609064
1698,27,0.23000699714965958
2352,27,0.18695457468770466
15884,27,0.40765439321272434
18784,27,0.6429741602934397
25098,27,0.654009221112838
26739,27,0.49318853299555626
27108,27,0.447574963205791
266,27,0.10279046121522156
6994,27,0.23931073155311902
8075,27,0.24960794435339223
16913,27,0.4737299116287436
17949,27,0.2344136456799659
20069,27,0.18584312551215615
20928,27,0.26160162873738213
21987,27,0.24117485008287412
24050,27,0.5768827372611971
25103,27,0.6206043098290843
26326,27,0.53998023834356
26744,27,0.5597566521250349
270,27,0.1284182367304987
823,27,0.2597206075497224
1709,27,0.33603310499873634
9389,27,0.33244954463316634
10449,27,0.3947058286916394
17953,27,0.10415732487928048
23661,27,0.20333125423734127
25278,27,0.35375677439018294
25780,27,0.7342376971778144
26331,27,0.7596874657360783
27118,27,0.7485860246267693
27402,27,0.8072740742609602
113,27,0.1125908864322728
616,27,0.32204514362313635
827,27,0.30183552451465695
1245,27,0.28877681867826493
8302,27,0.2800883169329883
11287,27,0.41870251093422417
17958,27,0.21747689999207465
19863,27,0.2137203500972188
20937,27,0.27155093319893936
21996,27,0.2833807280886124
25784,27,0.7417762648248583
26753,27,0.8012858052270468
63,27,0.21341590542619912
234,27,0.27843688555221174
1718,27,0.4319413797076834
18804,27,0.27189357843810746
22002,27,0.4076272189184402
23050,27,0.4090365213635626
25789,27,0.7873446763751306
26758,27,0.8447458082367671
44,27,0.2506716729176416
238,27,0.36463678095086055
560,27,0.46215905987695827
838,27,0.4504328774109535
4093,27,0.2591699454133641
11711,27,0.244530370296614
19874,27,0.2741751696972615
25794,27,0.8709809281907445
26346,27,0.8500363698226785
27132,27,1.0244991956780047
27723,27,1.051836955882723
503,27,0.5059799498006154
9190,27,0.2904131934125921
10260,27,0.3699690960274264
21165,27,0.379796731104687
23059,27,0.5354436328712098
24059,27,0.5141641900276274
24759,27,0.523216447488323
25943,27,1.0265639306907868
26352,27,0.9931235824169061
26685,27,0.9448713683475305
27468,27,1.2388830885505175
27623,27,1.191955924408401
27727,27,0.8663763015721022
27795,27,0.8048946829224898
248,27,0.5093124185028224
508,27,0.44986973623221804
847,27,0.42221827790917876
1266,27,0.49512795356964656
3377,27,0.28654363159218704
19884,27,0.5089686302502491
22016,27,0.5995859631213103
24932,27,0.5020731386500972
26356,27,1.0828429152527592
26773,27,1.0430094269211034
27628,27,0.9965771008453165
2,27,1.1610149187062422
108,27,0.5723184302078274
3208,27,0.3795449227005684
11312,27,0.4077157893683662
24069,27,0.7236516793549602
26360,27,0.8903096090325494
27147,27,1.155305228922758
27633,27,0.9284256441189045
6,27,1.6922087316408299
112,27,1.378976591801271
258,27,0.5336756625533347
518,27,0.47298203515651926
1275,27,0.47426346512253964
2541,27,0.5167431755017549
3213,27,0.4827636782188954
4113,27,0.37695246044684416
10275,27,0.3797159978296383
11316,27,0.2865412117565345
12349,27,0.254473526682997
13326,27,0.43251224322385723
17988,27,0.2885339389751024
21180,27,0.6709331146675973
23074,27,0.7459165119934558
24074,27,0.8512771369217981
24942,27,0.8326681273407555
27436,27,1.1629254438782899
27846,27,0.8885078438306705
2385,27,0.5610662510930339
3218,27,0.5702573944100287
8120,27,0.4139447150310394
9428,27,0.4056670941416479
10279,27,0.3515272982499292
11322,27,0.22353937254586864
18834,27,0.5158604951607962
23079,27,0.8679651644870834
26176,27,0.827933302492653
27156,27,1.1317305306434249
27440,27,1.0883488847970195
27607,27,0.9218767931374798
1841,27,1.7105528781043622
2390,27,0.5909874688114539
22036,27,0.8281264606177974
24084,27,0.8532375331183808
24952,27,0.937679025367194
25809,27,1.0236853967613604
26361,27,1.0976135994858285
27869,27,1.845615008579437
2394,27,0.8872444366633896
4127,27,0.7893878880878094
11331,27,0.26240746706587975
18843,27,0.5832756139908782
24089,27,0.928765407470488
24957,27,1.0189612511334576
25814,27,1.0936670469027443
3230,27,0.9213713100353238
4132,27,1.0214308492470732
5134,27,1.074448815177235
6195,27,1.1025534959285588
7053,27,1.045099966296839
8134,27,0.8343565176888783
11336,27,0.33183491606111615
19913,27,0.6754203801654051
28189,27,1.1361709886460098
3235,27,0.9492242740643039
5140,27,1.154362383083717
9229,27,0.6711927337829114
14950,27,0.9583807306599644
15954,27,0.9504529210993276
16977,27,0.8971772954590995
18013,27,0.8472257603169153
23099,27,0.9423607783176492
24099,27,1.0206773621624692
24967,27,1.0040128527900878
2721,27,2.2606588979383107
4141,27,1.1052965283799583
5145,27,1.1948300863381627
5992,27,1.238824768822047
10305,27,0.7213614230412537
11346,27,0.5743273821451118
12378,27,0.437508891932958
18017,27,0.9700563737081708
20996,27,0.8703749956076614
2557,27,2.188073089452281
3244,27,1.191293844489917
4146,27,1.180567084420774
7283,27,1.2259286504736817
11351,27,0.650369815398583
12383,27,0.48352473438548726
13360,27,0.7087599848410668
18022,27,1.0339268850429613
19928,27,0.9409790578541292
21002,27,1.0753045675037196
24976,27,1.1475026280899836
2396,27,1.6992225572312256
5154,27,1.3524879300712058
6214,27,1.3644140154604163
7072,27,1.2739490972643368
11356,27,0.7341232531651657
12388,27,0.5480770998039934
13365,27,1.043891752255833
14964,27,1.19726233871684
18867,27,1.1681901220634787
22065,27,1.1632103876315156
23113,27,1.1704755120945303
24113,27,1.145687182508529
3254,27,1.3747020808621668
9249,27,1.0765495360926878
10319,27,0.8391017409423251
13370,27,0.8367399265713562
15973,27,1.1228595074153331
18872,27,1.2048917403819108
19938,27,1.2882082821471539
21011,27,1.2362342960747428
24118,27,1.267533647883059
24986,27,1.259037247511775
25819,27,1.4757803851923077
2406,27,1.6591673914794127
3259,27,1.4597230971711204
8164,27,1.3945834778980597
10324,27,0.8742012532334601
12398,27,0.8669294657084522
14974,27,1.412210392686587
17001,27,1.1493910630292994
18037,27,1.2695636832318185
18877,27,1.232466468843202
19944,27,1.3207933551400588
21016,27,1.283531818061695
22075,27,1.2859490119768209
24123,27,1.2921700913340353
24991,27,1.3213934975486143
2411,27,1.5782806095133484
3089,27,1.5379028331030786
4166,27,1.5206376414201055
7087,27,1.684522171927417
11371,27,1.0319206626220414
14979,27,1.5067633253516257
18882,27,1.285832896751727
21021,27,1.3544634298175537
24128,27,1.3365635193026624
2416,27,1.610210684380559
4171,27,1.6321689946374314
7092,27,1.734645702643509
8392,27,1.6926680087782537
9264,27,1.6534773060900407
12408,27,1.1907661894400794
13200,27,1.59952834734646
14984,27,1.3964306093031804
15988,27,1.3074762394071209
17011,27,1.288641148259658
19953,27,1.3573360476536322
22085,27,1.366260790710364
23133,27,1.3396473458004243
25002,27,1.4944015074284311
25826,27,1.5161925661345417
4176,27,1.687047079347412
5179,27,1.680426661629044
7097,27,1.7610649305341768
14989,27,1.3956151910227692
18052,27,1.3621865344711492
18892,27,1.3357214020872759
21031,27,1.3679813827531304
25006,27,1.5683112010272382
25831,27,1.5323284650023692
2426,27,1.694862699747384
5184,27,1.8001506875524118
6244,27,1.7548703353074329
7318,27,1.8347163723772877
12417,27,1.6975791320910234
14993,27,1.4342260466754848
17020,27,1.4392277704049763
18897,27,1.3956165020101723
24143,27,1.5613373412359248
25011,27,1.6070458597651067
5189,27,1.835809407106504
6248,27,1.8637526880422541
7107,27,1.8854625820180413
8189,27,1.896264163149969
11391,27,1.596220870181613
12423,27,1.525331364464437
13013,27,1.6655103934176314
14453,27,1.7100403062469494
14998,27,1.4259057791255678
19968,27,1.4860590942833796
24148,27,1.658617542063304
25016,27,1.69060792596958
1845,27,3.3041769478206096
2436,27,1.7512687546198997
4190,27,1.7475483916692793
6039,27,1.853277135233342
10354,27,1.399661300899266
12428,27,1.4257870913963582
13383,27,1.593829111789661
14299,27,1.368375963563365
18067,27,1.359191813203941
19973,27,1.4817201672799496
21046,27,1.4249940287570622
25846,27,1.619818405712185
2441,27,1.799501532485831
3119,27,1.6865695005347519
8199,27,1.5317033446255468
9289,27,1.5931788905581878
10359,27,1.5517839893132208
11401,27,1.5246520118193594
13388,27,1.545636695806487
16013,27,1.2686319581169678
18072,27,1.275841381344965
18912,27,1.3081373997371095
23158,27,1.5167301018105246
24158,27,1.491490586030273
25026,27,1.5570719536281636
1741,27,3.4538016650145575
2446,27,1.872544070961978
4200,27,1.6746224125015317
7122,27,1.6094840372103463
10364,27,1.6444912223070376
11406,27,1.662054890972146
13393,27,1.5911685059644292
15013,27,1.322521777382886
17040,27,1.3962966768428633
18917,27,1.4274087596254765
22115,27,1.5070354176637188
23163,27,1.5026366298719864
25031,27,1.6212208317452352
25856,27,1.4952092357402527
27857,27,3.5830681709377887
2288,27,1.6150582575884644
7126,27,1.5848840641071473
8209,27,1.9656772356671837
9298,27,1.7367319022645855
10368,27,1.6790608802940732
11410,27,1.6160299065327803
27967,27,1.8432057877239287
27981,27,1.8262559145973634
28051,27,2.820308809145283
16225,27,3.7380503295846226
18921,27,2.9125592067587567
19987,27,3.185957443773522
22118,27,1.5545246712572547
23166,27,1.634603577986077
24166,27,1.730396748466843
25035,27,2.6000912747912825
25860,27,2.717104401232592
27918,28,0.012025503379049302
8211,28,0.011208533439615125
9083,28,0.004527782164934986
28125,28,0.014169810985451559
20418,28,0.011510355944877216
5210,28,0.01182462410972961
6057,28,0.008189453820851697
7130,28,0.005065987001517475
7997,28,0.004136000123868444
9087,28,0.014274314471881992
9948,28,0.019962142406185834
18291,28,0.02315664875440548
18922,28,0.020433388441528515
19776,28,0.018132064810541002
20849,28,0.015831700793962872
21908,28,0.020646015221186028
22958,28,0.024105204857806022
3482,28,0.0440862198686799
4019,28,0.029424692830621477
4798,28,0.013991334280673283
5849,28,0.014203296063053069
7136,28,0.00818509767159562
8002,28,0.005274611277095592
9092,28,0.019155458130762696
10161,28,0.026999945920724987
11204,28,0.026427604578838786
12238,28,0.029323332755213247
16840,28,0.018457898465682222
17874,28,0.01911430593447189
18716,28,0.023459261418124475
19565,28,0.02125814318356535
20854,28,0.01979561093959734
21913,28,0.019108528292384998
22961,28,0.021676015783521022
23977,28,0.02336574031619905
2451,28,0.08298867694960581
4023,28,0.043631740543998584
5007,28,0.021987834575608094
5853,28,0.012016134754179402
6925,28,0.01124946780951946
9097,28,0.025210187686122282
10167,28,0.025123127977845883
11209,28,0.03203403662182936
12241,28,0.03423833886712248
13218,28,0.030380415319465816
14012,28,0.026411722481481513
15017,28,0.028142760503121263
15821,28,0.027409826157673598
16843,28,0.023286111317596385
17880,28,0.024899423808844426
18932,28,0.029930129253584944
19571,28,0.029108412827556163
20860,28,0.026893684369837214
21918,28,0.029388630580523222
22966,28,0.03475728896095756
24699,28,0.03374883509744887
1745,28,0.07744227348403804
2293,28,0.0429863145670921
3135,28,0.06776078148802521
7146,28,0.017801538477353017
8012,28,0.022379308401812497
11214,28,0.036037615235631815
12246,28,0.04037472856909706
13223,28,0.03466064093949731
15826,28,0.06543522358262063
17677,28,0.04335912259505627
20005,28,0.03158778758912485
1645,28,0.15993337269419153
2298,28,0.09562197454060303
3141,28,0.10126475977564461
7150,28,0.09914689542254879
9111,28,0.1800448035931131
12255,28,0.1395263833406252
17895,28,0.12269566680735394
18734,28,0.08033653033838162
21932,28,0.19713299842083393
1279,28,0.2785189676823318
4042,28,0.1560974703383448
12260,28,0.1402662564535693
21937,28,0.2725440723508756
1191,28,0.3108289583602254
3155,28,0.16207254745780925
4048,28,0.2230488904448425
10193,28,0.17903536791773528
11233,28,0.18767260702101604
28017,28,0.23951699168049775
13243,28,0.34038387814345555
17904,28,0.10915337276239231
19810,28,0.17211929596575706
20883,28,0.1251273914268547
21942,28,0.23731291427916387
24889,28,0.28801774746931896
4833,28,0.22749178241106804
6096,28,0.21155071692326158
24011,28,0.3593032403308548
861,28,0.10424889296432158
4246,28,0.22451712867595672
13253,28,0.26483232489646896
19820,28,0.12414637715390874
23000,28,0.29606219166508246
1206,28,0.19361620519874384
4062,28,0.2556323844307469
6106,28,0.2492193770581011
14856,28,0.3020172047544926
21957,28,0.16638411999562996
24021,28,0.3100142012487279
25073,28,0.34947314544449765
582,28,0.20838117846161583
794,28,0.19461230821604455
1121,28,0.25947770997604425
6111,28,0.2980000364127172
14861,28,0.36609958225085015
520,28,0.22843931516710092
797,28,0.23637169800179267
6116,28,0.31282125276599976
17929,28,0.4463220365370402
24031,28,0.2765012586271454
24914,28,0.30825217124128595
25754,28,0.5600189324204919
464,28,0.14549808256409225
803,28,0.3207278750210136
15875,28,0.4442854311307692
16898,28,0.49681113758833195
17934,28,0.6408474897227822
18774,28,0.5363831189230649
19840,28,0.4303048867427998
24036,28,0.39846180300340023
25760,28,0.48439257516289497
305,28,0.6073771755401391
1317,28,0.3493169439556427
1694,28,0.4211228330698855
13453,28,0.3192491574696557
18779,28,0.6643558652716092
19845,28,0.6326032128008005
20918,28,0.5679489552484659
24924,28,0.7261725584903418
26733,28,0.8129672919559406
259,28,0.1642294911594889
1698,28,0.4658701354396291
2352,28,0.3063360732797458
6131,28,0.36513735411908593
6988,28,0.4334660080252809
9161,28,0.43797777942639304
15884,28,0.629935328439337
18784,28,0.7208090883732482
25098,28,0.7965433058136002
26739,28,0.7207361771541665
27108,28,0.6388254915146547
266,28,0.5548346920338071
1236,28,0.5040598901063984
6994,28,0.212854499122304
8075,28,0.4015924562420154
16913,28,0.710720608608487
17949,28,0.3402645261850903
20069,28,0.34193266634735403
20928,28,0.3952921730498331
21987,28,0.5388288378737259
24050,28,0.8093580276688085
25103,28,0.8961573435330652
26326,28,0.6292662395475559
26744,28,0.6356740693523645
270,28,0.5555588240301391
823,28,0.4948570434733452
9389,28,0.3606694249818694
10449,28,0.40754366030795647
17953,28,0.26902642408827
23040,28,0.35729584994024405
23661,28,0.41761354460065137
25278,28,0.49241239502166156
25780,28,0.6894583865686472
26331,28,0.7841464571733711
27118,28,0.7371145168544833
27402,28,0.6916069390396632
113,28,0.6756655713221347
616,28,0.4538337581194912
827,28,0.4719843027857578
1245,28,0.5299414085714751
8302,28,0.2981816522711692
11287,28,0.38853308770305645
17958,28,0.2454033665970938
20937,28,0.34740446123859653
21996,28,0.3907109753801201
25784,28,0.5492802045570384
26753,28,0.8052282494420151
63,28,0.5934643013026561
234,28,0.46081748131076855
11706,28,0.650471489700988
18804,28,0.2453987449569875
22002,28,0.4494342575765885
23050,28,0.4707455901628714
25789,28,0.5418218926951706
26758,28,0.7503599969699601
27127,28,0.7315271145053496
44,28,0.48685562478402283
238,28,0.40193881514080826
560,28,0.42595781968989704
4093,28,0.6747334961826573
11711,28,0.646427145078809
25794,28,0.4278514054357037
26346,28,0.4848984318325488
27132,28,0.816345294961507
27723,28,0.9698339550623496
9190,28,0.7358648451577208
10260,28,0.598106864006491
21165,28,0.4740723145766481
23059,28,0.64309213301412
24059,28,0.6152242163562871
24759,28,0.5807651749337955
26352,28,0.6774824009511617
26685,28,0.540902583391162
27623,28,1.0688308276029788
27727,28,0.6544450932279864
27795,28,1.4024029504738318
248,28,0.2836733185045075
508,28,0.21313235787150347
847,28,0.10747658099743708
1733,28,0.5519141902153164
3377,28,0.6487257135426346
19884,28,0.4852719882557973
22016,28,0.6716484680903819
24932,28,0.6462918435122221
26356,28,0.5355982710682219
26773,28,0.7050135486735537
27628,28,0.47282485676967173
2,28,0.6385263387431751
108,28,0.1847125708597665
852,28,0.1514005691549817
3208,28,0.5678588128602834
11312,28,0.5334997425064238
24069,28,0.7765021673061134
26360,28,0.6395893028839317
27147,28,0.6636485067465185
27633,28,0.5569284363041144
6,28,1.602581987442761
112,28,0.5236213528685639
258,28,0.27819516693260615
1275,28,0.08319009473578741
2541,28,0.4915124715332165
3213,28,0.4389247290343016
4113,28,0.41555390478596693
8987,28,0.31145255033012315
10275,28,0.565486921456724
11316,28,0.56329766540835
12349,28,0.4491089728474532
13326,28,0.22497983190432194
17988,28,0.4456997690018687
21180,28,0.6722527092730536
24074,28,0.847854549210001
24942,28,0.9282735267843936
27436,28,0.6607839625765398
27846,28,0.3662306575477468
2385,28,0.3013947222635479
3218,28,0.354190438580456
8120,28,0.42915227778059173
10279,28,0.6894866183467037
11322,28,0.6685366337396529
18834,28,0.6158518230088806
23079,28,0.9924972807804158
24947,28,0.9944584987012977
26176,28,1.3342649928646553
26787,28,0.6766378506165239
27156,28,0.7424089948133575
27607,28,1.4173690966585915
1841,28,1.455804828991599
2390,28,0.4955791095783843
17998,28,0.5811010673421361
22036,28,1.1834042710976713
25809,28,1.3740926663309228
26361,28,1.8835152104079484
27869,28,1.665282355721017
2394,28,0.4244164485518132
4127,28,0.143919344785408
11331,28,1.0499671967585036
14940,28,0.3588048829509544
18843,28,0.8054436695321373
24089,28,1.2342646302857436
24957,28,1.4069098532241426
25814,28,1.5526117176963747
3230,28,0.33773932484507513
4132,28,0.3340326933795512
5134,28,0.296164058569788
6195,28,0.3116843598973061
7053,28,0.17688075207096368
9225,28,0.4271212481586719
11336,28,0.994570080978832
19913,28,0.8331539377056473
28189,28,1.5978891395196717
3235,28,0.49619574252938814
5140,28,0.5211884054685766
13351,28,0.5051196358732504
14950,28,0.12087293137175724
15954,28,0.4219629118377793
18013,28,0.6949708723325908
23099,28,0.5326424543258357
24967,28,0.5458983675084826
2721,28,1.8165820133406951
3239,28,0.49201598780931877
4141,28,0.5246566161816523
5145,28,0.5814352783551474
5992,28,0.653804919519737
10305,28,0.6503172223819693
11346,28,0.6221642942600878
12378,28,0.5702647357038709
14437,28,0.11017480032824808
15958,28,0.46929398015949503
20996,28,0.5539688544326098
24103,28,0.49050530022619376
25487,28,0.27499297063202666
2557,28,2.2728612036897475
3244,28,0.5074849599252073
4146,28,0.6278529711557043
7283,28,0.6994972316571026
11351,28,0.6591093680260772
12383,28,0.6520299182842566
13360,28,0.20269688729371416
21002,28,0.5019003585429506
24976,28,0.49905795862685
2396,28,2.130812986087125
5154,28,0.7800283673834602
6214,28,0.8123956397284812
7072,28,0.8472178715977658
13365,28,0.35144791286576754
14964,28,0.3179831517488258
18867,28,0.48897441146289083
22065,28,0.40063722227912935
23113,28,0.36408750511057375
2401,28,1.892222411994067
3254,28,0.6938256074011336
9249,28,0.8474537431912789
13370,28,0.5255573530783566
15973,28,0.46162313925599013
18872,28,0.365438113671537
19938,28,0.38682760267634264
21011,28,0.3339141045533321
25819,28,2.4676914933185063
2406,28,1.4666075244727348
3259,28,0.7501580478574833
6224,28,1.0494364058626546
12398,28,0.8945938630259265
14974,28,0.20769255636112974
17001,28,0.4532351383619666
18037,28,0.4035158507153991
18877,28,0.3909676399926472
19944,28,0.34517538002791603
22075,28,0.23928045860851024
24123,28,0.2429214935457118
24991,28,0.22170220670069202
2411,28,1.3525233070111762
3089,28,0.8165185169652917
4166,28,0.8705543787491045
6229,28,1.1220086263282187
7087,28,1.1340974799850243
11371,28,0.830452075773798
13380,28,0.8154797511867147
14979,28,0.33211405380011705
18882,28,0.3753793308459291
21021,28,0.2421578511638081
24128,28,0.10290821288870287
2416,28,1.0283969687481254
3269,28,0.8955456314897394
4171,28,1.001444480133768
7092,28,1.154733182301251
9264,28,1.1659294380561351
13200,28,0.9275403391310755
14984,28,0.3706346661244145
15988,28,0.36910675023421907
17011,28,0.414563387298197
19953,28,0.3303911110590118
21026,28,0.26177312250777146
22085,28,0.22227705358562672
23133,28,0.13342705708706548
25002,28,0.10574966558506446
25826,28,0.11766779737259195
2421,28,1.1425830325415613
4176,28,1.0530508578312672
5179,28,1.1295837611690567
7097,28,1.218710381056657
8179,28,1.2321524663151378
14989,28,0.4313474292873398
18052,28,0.341538415803584
18892,28,0.33860325165135724
21031,28,0.2723047761731779
25831,28,0.221606718171908
2426,28,0.5471907872566972
5184,28,1.1503544568349484
6244,28,1.256942145772057
7318,28,1.2488036051981126
9274,28,1.2532218215751083
14993,28,0.34728462093296847
17020,28,0.2994407143058649
18897,28,0.32170775653421113
19963,28,0.24954907170372434
24143,28,0.076144550622977
25011,28,0.06573850848150913
1967,28,0.6822064684321341
4186,28,1.2228003181696872
5189,28,1.2277017128690457
6248,28,1.2753487363015525
7107,28,1.3993695056209372
8189,28,1.4133394207493966
9279,28,1.3456034089475006
11391,28,1.2376170627600809
12423,28,1.2704432773013545
14453,28,0.829267843110015
14998,28,0.3188305158508088
16003,28,0.35157272739472434
19968,28,0.2982074372394447
21041,28,0.3076741281849151
24148,28,0.20062160279084157
25016,28,0.17238222125176358
1845,28,1.5050083256642455
2436,28,0.2506869245572819
3289,28,0.2774142089010732
4190,28,0.8322674457583775
6039,28,1.332768682533411
13383,28,1.180389110271942
14299,28,0.7951413295388963
18067,28,0.41587158120135814
19119,28,0.3467090002376768
19973,28,0.24236070813647256
21046,28,0.37542905017247546
25021,28,0.23813437113125224
25846,28,0.3593106436522377
3119,28,0.29409752744559065
7117,28,0.13565805405723497
8199,28,0.19639637937844415
9289,28,0.15410945144592741
10359,28,0.13353501791287173
12433,28,0.2894001939661733
13388,28,0.2721870143081813
28001,28,0.5093819970431541
16013,28,0.5589219678756402
18072,28,0.6191637363765751
18912,28,0.5489802481817001
23158,28,0.34910858565141223
24158,28,0.286656949561973
25026,28,0.25767250016105003
1741,28,2.766631134519686
4200,28,0.2892349686906943
7122,28,0.20891027885756283
10364,28,0.2394236729064357
11406,28,0.3124499439167576
13393,28,0.6034859994436604
15013,28,0.7461377526754908
17040,28,0.6429354417313281
18917,28,0.6746667197458502
22115,28,0.5431895466655127
23163,28,0.49431470053751475
25031,28,0.3935277585972282
25856,28,0.5461442274861472
27857,28,2.96788995565158
2288,28,0.5162065548446878
6269,28,0.32973172020020763
7126,28,0.34235199276741696
8209,28,1.4704010929644928
9298,28,0.2572893522342556
10368,28,0.2653317522350224
11410,28,0.280937308154835
27967,28,1.0962787559591733
27981,28,1.6251370149016238
28051,28,1.695039477677908
16225,28,3.3560352840547174
17045,28,2.741845407443534
19987,28,2.9270415056927677
21060,28,0.9067168413257825
22118,28,0.5955892820571425
23166,28,0.6792975592378266
24166,28,0.41246155357554637
25035,28,1.0866070968556414
25860,28,0.6327602002284826
27918,29,0.012047083392517307
8211,29,0.014106746551032825
9083,29,0.009869389314487132
28125,29,0.00946985803827253
20418,29,0.0029031431747930246
5210,29,0.003663053150445756
6057,29,0.001996099021325406
7130,29,0.0040153477597086006
7997,29,0.004163998812842924
9087,29,0.012144951262040233
9948,29,0.016655020463428673
18291,29,0.015857567752121823
18922,29,0.014222408117990998
19776,29,0.013071570261445922
20849,29,0.014292413426042202
21908,29,0.022467478814882112
22958,29,0.03320660596697379
3482,29,0.02667017401786023
4019,29,0.015547684327318958
4798,29,0.005419213788584284
5849,29,0.009977876313232388
7136,29,0.0075560729771631426
8002,29,0.005373785399302802
9092,29,0.01620677185065122
10161,29,0.022552221084044102
11204,29,0.024252070857805324
12238,29,0.027046414203768118
16840,29,0.008268987208739136
17874,29,0.008097501860317156
18716,29,0.016750718040166677
19565,29,0.015840375395263267
20854,29,0.01874486115677219
21913,29,0.020414010280376708
22961,29,0.030734484987745964
23977,29,0.03480221953135588
2451,29,0.052905030506096656
4023,29,0.030195207099861843
5007,29,0.014136480803197408
5853,29,0.007022735883377185
6925,29,0.007422332272976508
9097,29,0.020845076848894036
10167,29,0.02046046054209201
11209,29,0.028483321012714332
12241,29,0.030679925543399017
13218,29,0.025078025047229984
14012,29,0.0201823501404498
15017,29,0.020897855730143883
15821,29,0.01991112024602316
16843,29,0.013059137365659078
17880,29,0.015237844905620159
18932,29,0.02534244390798864
19571,29,0.026255825109600093
20860,29,0.03535400042501359
21918,29,0.04030021887660639
22966,29,0.0522788387291202
24699,29,0.0763625047076988
1745,29,0.03113802625183682
2293,29,0.052434696528221275
3135,29,0.09128013627387974
7146,29,0.07540509911046481
8012,29,0.07492915613534093
12246,29,0.035861821964866175
13223,29,0.025696617752030384
15826,29,0.021351532164887856
17677,29,0.01925753767765247
20005,29,0.032970423928530564
1645,29,0.10053244874537141
2298,29,0.02648615162415877
3141,29,0.06982737318458312
7150,29,0.09487715775754059
13227,29,0.08402802198278946
14021,29,0.04932869245277467
9111,29,0.03661963513295067
12255,29,0.6544982853748618
17895,29,0.07763357669411815
18734,29,0.11400369342983956
1279,29,0.2569872053438367
4042,29,0.1638495793602627
11228,29,0.09542672691334211
12260,29,0.5601446890087038
18951,29,0.1762546795364507
21937,29,0.3566079970682693
1191,29,0.3115171960807639
3155,29,0.1740291398547331
4048,29,0.22615512972724658
10193,29,0.2708534985928625
28017,29,0.14778286047612255
13243,29,0.32530597057478594
15845,29,0.10476360677715929
17904,29,0.19103307406851486
19810,29,0.3406279886901096
20883,29,0.20881053970020777
24889,29,0.325282205606754
4833,29,0.20352155407494915
18749,29,0.09937553493387685
21947,29,0.24118332027718073
24011,29,0.29546593416067085
861,29,0.2152889632437111
13253,29,0.38246967937222903
23000,29,0.20333965006985852
4062,29,0.2296385500504961
5047,29,0.2092768100936683
14052,29,0.10471525186744592
14856,29,0.060446356084217494
21957,29,0.11250316730306337
24021,29,0.27187476002579963
25073,29,0.4059215225603445
582,29,0.12634056186459353
794,29,0.13188117754367737
1121,29,0.13999045594230136
6111,29,0.1789764756458801
14861,29,0.07922140468147126
18764,29,0.15964353976982043
23010,29,0.1052348382143128
520,29,0.11778314077083653
6116,29,0.16905008282050388
17929,29,0.19815046229424205
24031,29,0.1913809853583148
25754,29,0.500086525115116
464,29,0.3039817413979993
803,29,0.16777492114725717
14871,29,0.07592373136430725
15875,29,0.12294159709862836
17934,29,0.41032093213896526
24036,29,0.2896014900169153
24919,29,0.3085404225154969
25760,29,0.39253360821910954
305,29,0.26099252611909324
1317,29,0.20893376340379635
1694,29,0.23626882214135989
18779,29,0.4720723534317882
19845,29,0.25616185966035054
20918,29,0.19239779530502066
21977,29,0.37171849890939695
24924,29,0.4469852079612889
26733,29,0.7371943282493243
259,29,0.18870669154800354
1698,29,0.23702300492038877
2352,29,0.1920453684638766
18784,29,0.4766623801183899
21982,29,0.3292699335159648
25098,29,0.47425348857913036
26321,29,0.4644197061415376
26739,29,0.5503818917781161
27108,29,0.5159344306130725
266,29,0.1950463505999517
6994,29,0.17061034983536819
8075,29,0.18057120823153874
16913,29,0.3465515947723142
17949,29,0.370656886239365
20069,29,0.21656947682771863
21987,29,0.2738931524391374
25103,29,0.5901830905188639
26326,29,0.4739054814772285
26744,29,0.5166072171758139
270,29,0.16792791546703065
823,29,0.15583746419811956
6998,29,0.1788865152133217
9389,29,0.20385885185986233
10449,29,0.20252839211356996
17953,29,0.5610897235169129
18794,29,0.5123667442790967
23040,29,0.6742825020286634
23661,29,0.2829584034955916
25278,29,0.23726054412395978
27118,29,0.5612837826291609
27402,29,0.4602454322588492
113,29,0.40691361715266217
616,29,0.17181504517650906
827,29,0.19344423275471753
1245,29,0.22184260921875437
8302,29,0.19916766844030345
11287,29,0.24239751995353354
17958,29,0.5114208929572227
20937,29,0.5985622025249168
21996,29,0.578737115589029
25784,29,0.6016598225677274
26753,29,0.46796946464874284
63,29,0.19067781394999123
234,29,0.07811228073121206
494,29,0.21395723490010932
11706,29,0.3575755604550343
22002,29,0.608471110029894
23050,29,0.6364260050644931
25789,29,0.694322579368543
27127,29,0.6827150378239782
44,29,0.07901642429079757
560,29,0.303135844121112
4093,29,0.22580761626424353
11711,29,0.47058272293879094
25794,29,0.7222696092458776
26346,29,0.8951122625576063
27723,29,0.6058868100083973
16,29,0.13035982314469247
9190,29,0.3650540847300709
10260,29,0.43785707541373253
21165,29,0.5353328202535469
23059,29,0.5874954683140134
24759,29,0.6076445960653846
26352,29,0.9323006367066802
26685,29,0.9188347281898014
27623,29,0.814975218622909
27727,29,0.3132645275844233
27795,29,1.1859772402984055
7,29,0.03780308674399248
248,29,0.4011381378663277
508,29,0.3120911220635816
847,29,0.3393562442963394
1733,29,0.4014522362025159
2081,29,0.3398422038855348
3377,29,0.16971069455558255
22016,29,0.4517552872289643
26356,29,0.4886348487165047
26773,29,0.8291590451299896
27075,29,0.16672003440446342
27628,29,0.7779857276150691
2,29,1.174293781340619
108,29,0.40675369890971846
1738,29,0.46228450399747095
3208,29,0.15395229857548856
11312,29,0.6358510821347261
24069,29,0.43704015756319736
24936,29,0.5157776259169998
26360,29,0.3389098856620811
27147,29,0.7613156935510104
27381,29,0.9264488377035637
27633,29,0.8291758748560272
6,29,1.5098913887058147
112,29,1.1393664471595977
258,29,0.3477253962409573
1275,29,0.35003165143192383
2541,29,0.2668414681195357
3213,29,0.15365000351119257
10275,29,0.5309560537107447
11316,29,0.5974186888340234
12349,29,0.6136809469609502
13326,29,0.5127012954481224
17988,29,0.09692318741855256
21180,29,0.21591899291504418
24074,29,0.29566900717026295
24942,29,0.4320977742389665
27436,29,0.9158788052312725
27846,29,0.3368617583129998
2385,29,0.24070285749245043
3218,29,0.13245316039455418
4309,29,0.15180841443034895
8120,29,0.47273150652798174
10279,29,0.8726982873107388
11322,29,0.9024375000287184
18834,29,0.17730828985795974
23079,29,0.6057856422035434
24947,29,0.29076264086447556
26176,29,1.242730317802863
27156,29,0.39610024566351176
27607,29,1.8869185254866947
1841,29,1.2270014182109918
2390,29,0.10257355592335768
13336,29,0.686708464440483
28131,29,0.6098702917294256
25809,29,0.7379611100950503
26361,29,1.904830850483961
27869,29,1.8646259283547533
2394,29,0.12866439256649886
4127,29,0.6655474119468204
11331,29,0.9545945815448095
14940,29,0.6038035785984844
18843,29,0.7072094828924541
24089,29,0.6848327773408603
24957,29,0.9515383290662632
3230,29,0.394996906645653
5134,29,0.3633733640717013
7053,29,0.42655156382131176
11336,29,0.9683440235122922
19913,29,0.738712141271461
28189,29,1.09061416277142
3235,29,0.36851542834025947
5140,29,0.2974914150099259
13351,29,0.6218091396874016
14950,29,0.3783703664954982
15954,29,0.5153775525580468
18013,29,0.5937603491680172
19919,29,0.6243215006970817
23099,29,0.6359916651976143
24967,29,0.43843664394987847
2721,29,0.3729026915930187
4141,29,0.22013688566542816
5992,29,0.2492013314459428
9234,29,0.7182706597052954
11346,29,0.8607785593911681
14437,29,0.24453375014391568
15958,29,0.4971297066042244
20996,29,0.5958634697326302
23103,29,0.48713235088628
24103,29,0.4379151120854852
25487,29,0.3553855825158711
2557,29,0.9640412711120192
3244,29,0.29071544263677174
4146,29,0.1721404478356983
7283,29,0.2577835701858445
11351,29,0.8999835737862888
13360,29,0.7427325495136499
21002,29,0.403063647428855
24976,29,0.29663461225109866
2396,29,0.44009692037592446
3250,29,0.31742683770954805
5154,29,0.1262293523579668
6214,29,0.18914989758047132
13365,29,0.5970445840707552
14964,29,0.41931186955060606
18867,29,0.4178921886767099
22065,29,0.3390281729335953
23113,29,0.3090688869473028
2401,29,0.37637132072932794
3254,29,0.24574389081089756
6219,29,0.1504029244398246
9249,29,0.4524967327533628
13370,29,0.8372776117656623
14969,29,0.41552255742032224
15973,29,0.5897963522105021
16996,29,0.5365933568286372
18872,29,0.3011339326683914
19938,29,0.3954256228002227
21011,29,0.33919699997152164
25819,29,1.0372925880593817
2406,29,0.4183016480650525
3259,29,0.33044999443282025
12398,29,0.9551459940019177
13375,29,0.7315459045632676
14974,29,0.3131619069328488
17001,29,0.4118027344313415
18037,29,0.3262915871554481
18877,29,0.3363250084616429
19944,29,0.36449713306335085
22075,29,0.2562640961152449
24123,29,0.30170360194877033
24991,29,0.30126097440917415
25669,29,0.34947776150590487
2411,29,0.4349751784044247
3089,29,0.31809313267654754
4166,29,0.2114526677146086
11371,29,0.7532693970020683
12403,29,0.8825687608873104
13380,29,0.4153653441207876
14979,29,0.2066330585198808
18882,29,0.35083872312162745
21021,29,0.2724719602226746
23337,29,0.14960464841488422
24128,29,0.17436100787081463
3269,29,0.3186698806681228
9264,29,0.17655201339565124
11583,29,0.5416184363161836
13200,29,0.37545118666709054
14984,29,0.14061727849656752
15988,29,0.20903995581648888
17011,29,0.2404084323444942
19953,29,0.2599685867749078
21026,29,0.24001831282145744
22085,29,0.2529050583372472
25002,29,0.2502847612952193
25826,29,0.2025452815001562
2421,29,0.21767779742857638
4176,29,0.2793942343348293
5179,29,0.17888991114878924
7097,29,0.12922629982850642
14989,29,0.0783616541270414
18052,29,0.22721686498580237
18892,29,0.24202675080644892
21031,29,0.1966162786691048
25831,29,0.1952782724308017
1962,29,0.585841124275572
2426,29,0.30959802034405665
5184,29,0.2047411688497801
6244,29,0.14161024729803515
7318,29,0.14689405653145496
14993,29,0.051757972042457155
17020,29,0.14594926933010022
18897,29,0.27117206781698105
19963,29,0.248413525350295
25836,29,0.3093816505872003
2431,29,0.30484903119771295
3284,29,0.29907037897105543
5189,29,0.20592944525115733
6248,29,0.14763810294618832
7107,29,0.22040355520414284
8189,29,0.2056321486398944
9279,29,0.2233908282802898
11391,29,0.33753852386833705
12423,29,0.3780628216506871
14453,29,0.07167285551673934
14998,29,0.06869663978836424
19968,29,0.218647372393703
24148,29,0.22858211307144785
25016,29,0.1859062357920174
1845,29,2.1337522735829326
6039,29,0.22704589670505246
13383,29,0.28213710614879556
14299,29,0.13300501803313125
18067,29,0.13664654703987406
19973,29,0.23766588719111675
21046,29,0.14826311509919396
25021,29,0.16078981437294862
25846,29,0.12330207365291865
3119,29,0.32049679190813807
4010,29,0.28786159191864535
7117,29,0.28631964916547514
8199,29,0.36020858619856794
9289,29,0.3708840641410365
13388,29,0.5893789944523525
16013,29,0.12368166636783447
17036,29,0.13766212269720637
18072,29,0.21294851130981918
18912,29,0.17002083748618782
22110,29,0.06157475451333008
23158,29,0.028300006168524072
24158,29,0.09086332296313072
25026,29,0.18601673562459056
1741,29,2.7885960422424008
3298,29,0.28617618994523797
7122,29,0.3352958172995162
8203,29,0.3181214074036734
10364,29,0.307266273557982
11406,29,0.35764759509625826
12438,29,0.3397561768369158
13393,29,0.5737849808264011
15013,29,0.17561410910058659
15815,29,0.13994294088329756
17040,29,0.11973509910771372
18917,29,0.14821969987533895
22115,29,0.06383922345387769
24163,29,0.14088057729703282
25031,29,0.0933795700867027
25856,29,0.19787643422731932
27857,29,3.320867337986931
2288,29,0.2881457288248253
4205,29,0.17861172440188927
6269,29,0.09615615461033124
7126,29,0.2853530965005602
8209,29,0.12476763037775589
9298,29,0.1838828870026048
10368,29,0.29662576342186736
27967,29,1.633068668142223
27981,29,3.488854279521171
28051,29,3.640147552044936
16225,29,3.631100102010755
17045,29,2.804573803479661
19987,29,1.304993588724542
21060,29,0.16773468094899915
22118,29,0.016385395249486918
23166,29,0.12161283222046214
24166,29,0.2023330574909909
25035,29,0.3983498250727363
25860,29,2.1218019711733587
27918,30,0.022895323264870662
8211,30,0.022816833495164546
9083,30,0.02541093621162191
28125,30,0.006849654147936421
20418,30,0.012792839172050508
5210,30,0.01099166817321164
6057,30,0.01376480444430489
7130,30,0.01831824440852638
7997,30,0.016856019431060857
9087,30,0.007788104778128399
9948,30,0.007367583938953124
18291,30,0.01800422881649278
18922,30,0.017073164535356202
19776,30,0.017627299748484364
20849,30,0.02088285933961656
21908,30,0.023072607115220026
22958,30,0.020451728178567632
3482,30,0.03133564769796697
4019,30,0.01885529894087968
4798,30,0.014046250090489553
5849,30,0.025215421303265345
7136,30,0.022500247032959574
8002,30,0.019328880070031855
9092,30,0.0033734344819822334
10161,30,0.003812079965250121
11204,30,0.010388533746740756
12238,30,0.012497762536210716
16840,30,0.01267823056102592
17874,30,0.011617404247246511
18716,30,0.018570428896869787
19565,30,0.02213788803887479
20854,30,0.024359777470884275
21913,30,0.020166035545674404
22961,30,0.015383299741246246
23977,30,0.01065661809743887
2451,30,0.06837510225703869
4023,30,0.037540391549088024
5007,30,0.007072894282167551
5853,30,0.020046873510255164
6925,30,0.017894519459961466
9097,30,0.011309214308803746
10167,30,0.011543498978600677
11209,30,0.00920356295045634
12241,30,0.013007634238368131
13218,30,0.01677464768353683
14012,30,0.018337799221077186
15017,30,0.020297673830083192
16843,30,0.020712151260136855
17880,30,0.021090708260923827
18932,30,0.025825892974997565
19571,30,0.02707185800921572
20860,30,0.036182540695342484
21918,30,0.03680636571636824
22966,30,0.03614180150347395
24699,30,0.10508130651671263
1745,30,0.06912162629839712
2293,30,0.04482503261268866
3135,30,0.04888906520856498
7146,30,0.029659558195815776
8012,30,0.06880576733472615
10171,30,0.011270205326546446
12246,30,0.013040853009092648
13223,30,0.012719043266338206
15826,30,0.2646617522615789
17677,30,0.052849935744743996
20005,30,0.031689432935107675
1645,30,0.10224812762888473
3141,30,0.16078172753720235
7150,30,0.043013790012050926
9325,30,0.0760874496523141
13227,30,0.00953531105310456
2971,30,0.2680590092250276
9111,30,0.03167686033935925
12255,30,0.05903851342842088
18734,30,0.22035274269329677
1279,30,0.23514100541010638
12260,30,0.14128830644597506
13237,30,0.19172484841747267
18951,30,0.6824458925798894
21937,30,0.31401598360997507
3155,30,0.29068937067648004
4048,30,0.3627863865811016
9340,30,0.15690501939297768
10193,30,0.3330861477944051
28017,30,0.2888122827172533
17904,30,0.33470800825185293
19810,30,0.555452884833876
4833,30,0.37198677417336823
18749,30,0.13489969548202208
21947,30,0.34532812402825835
24011,30,0.1961104138671868
861,30,0.19328828381045657
23000,30,0.3564180195161829
24016,30,0.31661904114127226
24899,30,0.22059714415569373
4062,30,0.401783713455576
5047,30,0.3872839779279718
14856,30,0.021169855301109163
17919,30,0.3232985317278063
21957,30,0.134781147374487
24021,30,0.23101768996131614
25073,30,0.2750600499065099
582,30,0.3007727659782654
794,30,0.33061573738760053
1121,30,0.33627052027292176
6111,30,0.3356451007694956
14861,30,0.17742558988009616
18764,30,0.26864063529063686
23010,30,0.2270277253713286
520,30,0.3745282475322529
6116,30,0.32551409500826334
24031,30,0.21941978091117884
25754,30,0.4286671488080239
464,30,0.13954939010903936
803,30,0.3472081559915696
7194,30,0.2224892568843505
14871,30,0.11272578564064954
15875,30,0.02229952673076277
17934,30,0.303370164206639
24036,30,0.168296352045892
25760,30,0.36356450088388864
305,30,0.32403403749990367
1317,30,0.33434679283015234
1694,30,0.3178256185333209
18779,30,0.3892596083145958
19845,30,0.1309046688143653
20918,30,0.12244788004340365
21977,30,0.2935819712108618
24924,30,0.298216985851473
26733,30,0.7279269473674523
259,30,0.23259755723576075
812,30,0.30207261520172446
1698,30,0.35229283012602414
18784,30,0.5749362917626899
25098,30,0.40468422481011757
26321,30,0.36209101555548073
26739,30,0.48305282753258816
27108,30,0.5738823377010103
266,30,0.49948197618888285
6994,30,0.17793919839409972
16913,30,0.37202575314299546
17949,30,0.10639383478679412
20069,30,0.1432690310249032
21987,30,0.37804286501255197
25103,30,0.5880115644008377
270,30,0.4566901837790647
823,30,0.28277987916712866
1709,30,0.33717020882495674
9389,30,0.14659239165068166
10449,30,0.09352302629312616
17953,30,0.11457784048635425
18794,30,0.11345425981133264
23661,30,0.35314773158443374
25278,30,0.43801448931326925
26748,30,0.43478756899177584
113,30,0.5645893420174025
616,30,0.22518735024740666
827,30,0.2557305885181353
1245,30,0.2702248920345483
8302,30,0.1213040749775868
11287,30,0.12184195569446502
17958,30,0.1394949890588104
20937,30,0.08822476284079464
21996,30,0.10241271127111212
25784,30,0.7347775852631422
26753,30,0.566241042080647
63,30,0.4811555019565921
234,30,0.29018978100175147
1718,30,0.30522788297883285
11706,30,0.2076104179098266
22002,30,0.26034248890105355
23050,30,0.3355452265118332
25789,30,1.0000690495047928
27127,30,0.66703857690515
27411,30,0.7106874755139474
44,30,0.45473131113542165
560,30,0.22156609235343197
838,30,0.2571109051331687
4093,30,0.06242455482446821
11711,30,0.31215863382175024
22007,30,0.26979158365431577
26346,30,0.986275580594668
27723,30,0.7111166918619578
16,30,0.27088299006433486
9190,30,0.15847743588786917
10260,30,0.1372902032565032
21165,30,0.19612756844926404
23059,30,0.2804736388997361
24759,30,0.3474838106421901
26352,30,1.1180114500117893
26685,30,1.0466854640414813
27137,30,0.8972951957181718
27468,30,0.9238025456839815
27623,30,0.8769031156208934
27727,30,0.6695523106937594
27795,30,0.6295533786834938
7,30,0.06783623637351315
248,30,0.3106355740556741
508,30,0.3392371453910824
847,30,0.5056091701199855
1733,30,0.34520860243399365
3377,30,0.058865438097349794
22016,30,0.31225462988241204
23064,30,0.3215066546556041
26356,30,1.0547314315187035
26773,30,1.2037929615173146
27075,30,1.029781266053982
2,30,1.0574448403458951
108,30,0.37445271848553136
1738,30,0.33888015673917515
3208,30,0.054739517194350114
11312,30,0.07616585429096027
24069,30,0.36140829498815064
6,30,1.5917037295542427
112,30,1.2386275601917152
258,30,0.3401570144903326
518,30,0.4506454887731733
1275,30,0.7374653953000894
2541,30,0.2204766202012103
3213,30,0.1270201587476182
10275,30,0.07571884517342162
11316,30,0.1702536687098506
12349,30,0.08593507205837231
13326,30,0.09124671128125765
21180,30,0.12982589118650945
23074,30,0.34501907855721353
24074,30,0.4142278131144003
24942,30,0.45774490382470795
27436,30,0.8411220183995348
27638,30,0.7945530412833771
27846,30,0.7294162308401272
2385,30,0.24041871562098394
4309,30,0.08224909187438985
8120,30,0.2546848240694032
10279,30,0.46724198881066364
11322,30,0.853855395484708
18834,30,0.07564619225537217
23079,30,0.4710730412007564
24947,30,0.5207461556076577
26176,30,1.6033669457983324
27156,30,1.2879384887314254
27440,30,1.6551861520232831
1841,30,1.1252693289867255
2390,30,0.45482331815820887
13336,30,0.7103522270192504
28131,30,0.22679926858645824
24952,30,0.613156726006626
25809,30,0.6333779830033558
26361,30,2.1305426873057325
27869,30,1.536044663497507
2394,30,0.5784055194149451
4127,30,0.7465186075152909
14940,30,0.5610653000514668
18843,30,0.6911917403744338
24089,30,0.5249618450035216
24957,30,0.7179704803449544
3230,30,0.7510306087457448
11336,30,1.1840364671933212
28189,30,0.7830559274506966
3235,30,0.62210911113366
13351,30,0.7472774365948569
14950,30,0.4995332239873836
15954,30,0.4651265930129537
18013,30,0.5287967334141274
23099,30,0.44613263515960916
24099,30,0.4124368092200981
2721,30,0.3645397054450626
4141,30,0.4953111185222643
9234,30,0.8357520321387941
11346,30,0.7831236032062797
14437,30,0.2994356508595922
15958,30,0.5014038742885439
18017,30,0.413109817448981
20996,30,0.4039272796523914
22055,30,0.40598703755566706
24103,30,0.4745859531744845
25487,30,0.547489052869745
2557,30,0.325695284594837
3244,30,0.5399758748922001
4146,30,0.4390583955251471
4941,30,0.3840463524837708
6209,30,0.3706991005158694
7283,30,0.35517128544719845
11351,30,0.6976051651309554
13360,30,0.6818451664294622
21002,30,0.41186466982190856
24108,30,0.4102294858067548
24976,30,0.49190449669665504
2396,30,0.5124891100603064
3250,30,0.4997585099741491
5154,30,0.3194327318930404
6214,30,0.3089343154658303
13365,30,0.48310101770134345
18867,30,0.22291499602246442
22065,30,0.27247322265362595
23113,30,0.28245836935511276
24113,30,0.3543572222640418
25659,30,0.5573225761509809
3254,30,0.46769638432001487
6219,30,0.20558844496890377
9249,30,0.31340797930644254
13370,30,0.4297521616330384
15973,30,0.4130445435028252
18872,30,0.1855654462624346
19938,30,0.10660516875609104
24118,30,0.2548284060167312
24986,30,0.43338249212440444
25819,30,1.124204384334925
2406,30,0.5581689528162442
3259,30,0.5167304667851315
7082,30,0.14444134485209292
13375,30,0.41318058481908604
14974,30,0.17608241573141972
18037,30,0.1633100739536212
18877,30,0.1761693281826378
19944,30,0.16878754864058304
21016,30,0.14869504691329002
22075,30,0.12837413766988248
24123,30,0.19916544796642485
24991,30,0.4586557253463617
25669,30,0.48943979413369043
3089,30,0.49874795907166586
4166,30,0.4139329651284951
11371,30,0.228472609929209
12403,30,0.2787389776971334
14979,30,0.17840721155741637
18882,30,0.15989333508435682
21021,30,0.1489301340690067
23337,30,0.21049915150605578
24128,30,0.26764883228742514
25673,30,0.4671967572089729
3269,30,0.49681155730941295
8392,30,0.10533478549715916
9264,30,0.15447318958809433
11583,30,0.12167845810031731
13200,30,0.12395635444806209
14984,30,0.10318213691353405
15988,30,0.12168646369039605
17011,30,0.17099880191892708
19953,30,0.05727979676488589
21026,30,0.10707408288886362
22085,30,0.1489974994168479
25002,30,0.38844202215702317
25826,30,0.49497470140523003
2421,30,0.5958934274660005
4176,30,0.446403450807114
5179,30,0.3924737807087128
7097,30,0.26391514569597513
14989,30,0.13402433029226773
18052,30,0.057955876917695985
18892,30,0.04775630820967234
21031,30,0.087426640041563
25831,30,0.325506477292094
1962,30,0.7703059460725643
2426,30,0.6585453519542087
5184,30,0.46953353505245593
6244,30,0.3674363114925817
7318,30,0.29102201225028157
14993,30,0.059252838210347894
17020,30,0.10152087574134569
18897,30,0.05240251636271148
25836,30,0.3252569828310458
2431,30,0.6593332002048498
5189,30,0.4638615345308717
6248,30,0.3961754647482675
7107,30,0.36485489497716844
8189,30,0.36007364815560733
11391,30,0.27506884332691417
12423,30,0.24070195547230455
13013,30,0.07217321585335644
14453,30,0.11713572574739985
14998,30,0.17203243791471776
24148,30,0.3091432175204211
1845,30,3.160563920126241
4985,30,0.6043455427428865
6039,30,0.41529861165357895
11396,30,0.4131641480854427
13383,30,0.29326325185821606
14299,30,0.21816458503115604
18067,30,0.03082078660481334
19973,30,0.12160509230228693
25021,30,0.3300300043510683
25846,30,0.1905167493475133
2441,30,0.7505335627900338
3119,30,0.6535545149519374
4010,30,0.7350635459079005
7117,30,0.4754972012612505
9289,30,0.47573575266758306
11401,30,0.4775272754438711
13388,30,0.38823210913779627
16013,30,0.10690151674622571
17036,30,0.09130157476277256
18072,30,0.13089681571629727
18912,30,0.16483816600251944
23158,30,0.08534645348207798
24158,30,0.1902201643450779
25026,30,0.1227514703452588
1741,30,3.3831212854807444
2446,30,0.763980143417688
5203,30,0.5806386882342666
7122,30,0.45388931851637243
8203,30,0.4933602325602551
10364,30,0.2986344446767451
11406,30,0.29029484726470967
12438,30,0.4128558611953422
13393,30,0.36016424244072215
15013,30,0.2171424624361966
15815,30,0.17477282749612
17040,30,0.16579986901741905
18917,30,0.1732822748446641
22115,30,0.22542009121705522
24163,30,0.22111123698216456
25031,30,0.20310186483651527
25856,30,0.2511717590139386
27857,30,3.484846749020172
2288,30,0.6504910855390633
4205,30,0.6294070590600122
6269,30,0.5250139468166888
7126,30,0.4659253046114301
8209,30,0.4928135364016938
10368,30,0.3135854724142989
27967,30,0.9359683581509989
27981,30,0.14362463711391618
28051,30,2.5890394428393337
16225,30,3.453001764171562
17045,30,2.3179480984893392
18290,30,0.9221705522572032
19987,30,2.4751166721721742
21060,30,0.09920170068601823
22118,30,0.2124041604597208
23166,30,0.2433282609791093
24166,30,0.3612662684065969
25035,30,1.339182755328969
25860,30,1.7715748348590221
27918,31,0.005354699281861267
8211,31,0.003977484579037457
9083,31,0.0011994120516957661
28125,31,0.0026463933879704396
20418,31,0.006222506112133223
5210,31,0.007647179582877267
6057,31,0.004552863063742626
7130,31,0.006768633238811346
7997,31,0.007848913308645449
9087,31,0.015512939588172753
9948,31,0.018756500754496194
18291,31,0.008124224202466808
18922,31,0.006042529006818513
19776,31,0.004903879686681758
20849,31,0.008962974765376504
21908,31,0.01052807422592428
22958,31,0.015674542103052993
3482,31,0.03637987546200655
4019,31,0.01997517896702557
4798,31,0.0087458470093098
5849,31,0.006581467181596653
7136,31,0.0072122217282631395
8002,31,0.00783780033002163
9092,31,0.01957257465873002
10161,31,0.02418718013414578
11204,31,0.006531908449121778
12238,31,0.00769914626802792
16840,31,0.005824669634909882
17874,31,0.004305139258223286
18716,31,0.007066624830472864
19565,31,0.008603189177496634
20854,31,0.011547469406556179
21913,31,0.006730736918657047
22961,31,0.013677571346430896
23977,31,0.015227320715837182
2451,31,0.06313083447766316
4023,31,0.04180088791130663
5007,31,0.01992323949134879
5853,31,0.01041235511700391
6925,31,0.012687798081145998
9097,31,0.01757602647809156
10167,31,0.016106642199134907
11209,31,0.009449195104033093
12241,31,0.006625101925147782
13218,31,0.0012392583823823146
14012,31,0.0019906041192455076
15017,31,0.004233437867764594
16843,31,0.009627473149301258
17880,31,0.00747203205135179
18932,31,0.011757901697006613
19571,31,0.012805037815358756
20860,31,0.024032772187348655
21918,31,0.027549322627469355
22966,31,0.03523822120411293
24699,31,0.09760780931538424
1745,31,0.05827989845257249
2293,31,0.06506400969708032
3135,31,0.06424534759945247
27900,31,0.02636551994361611
7146,31,0.08536650847910142
8012,31,0.14977307050562408
10171,31,0.026698318304152723
12246,31,0.007505474775241239
13223,31,0.0028966551110660914
16848,31,0.06315047107334443
17677,31,0.025118909943342132
20005,31,0.01677512783379907
1645,31,0.060046873940020166
3141,31,0.0929377184033605
7150,31,0.11604049514568356
9325,31,0.47449571829049525
10177,31,0.6626260544731049
13227,31,0.03295675110484348
2971,31,0.12274921960391501
9111,31,0.3761344768348842
12255,31,0.5417212678117941
18734,31,0.19959415560746946
1279,31,0.16057611033735078
12260,31,0.47472805712168487
13237,31,0.1766062650505841
21937,31,0.27404877355008334
3155,31,0.24210522749752272
4048,31,0.2914835115434341
9340,31,0.11995972793837407
10193,31,0.5150432476577453
28017,31,0.2478892949360641
17904,31,0.5563474976782032
19810,31,0.682369175897942
4833,31,0.29973152698393024
6096,31,0.2888231911350472
12270,31,0.40485200871156174
18749,31,0.28798578687153764
24011,31,0.20643506175522364
861,31,0.17006607983377792
24016,31,0.2654449258127715
1206,31,0.18490669525142453
4062,31,0.29671045961642684
5047,31,0.2867521870607817
6106,31,0.32711059235646595
14856,31,0.1035556250177116
21957,31,0.142660334235915
24021,31,0.22341811300750902
25073,31,0.3408377768802538
582,31,0.11809022794600388
794,31,0.15525020185430022
1121,31,0.18340947885428915
6111,31,0.28030575088090315
23010,31,0.24499760206031912
25078,31,0.262386141188163
520,31,0.186380970651913
6116,31,0.2591865759923668
21967,31,0.2586925633704861
24031,31,0.21544296320402218
25754,31,0.3976959301996981
464,31,0.11117967859899308
803,31,0.2062601493983596
14871,31,0.10286477308389111
15875,31,0.2055331945230272
16898,31,0.30663152561050994
17934,31,0.2952353583858627
19840,31,0.32792841571692055
24036,31,0.1331609961598409
25760,31,0.24753619293126755
1317,31,0.2093854628428777
1694,31,0.19539151610872027
15880,31,0.29511075987825963
17939,31,0.5234521066013834
18779,31,0.30568392633742547
19845,31,0.3406875374810057
20918,31,0.30128238142725217
26733,31,0.6457335439414988
259,31,0.3442940500419572
812,31,0.2235893849773594
1698,31,0.2278865716295539
17944,31,0.5970898177192223
25098,31,0.11946860472165363
26321,31,0.1728547001694974
26739,31,0.47775479367364776
27108,31,0.6703528217404185
266,31,0.2043629099081667
6994,31,0.20727207204453205
16913,31,0.38537935396378165
17949,31,0.2126309811112624
20069,31,0.12003372793187363
20928,31,0.3238446621361034
21987,31,0.23908769469889152
23035,31,0.3208673400535508
24050,31,0.5849074642555717
25103,31,0.28946339056713827
270,31,0.18475228360774332
823,31,0.26595901363975283
1709,31,0.22997724526090385
8080,31,0.2184221427789317
9389,31,0.1915461200724706
10449,31,0.1933721908151944
17953,31,0.22649782605040072
23661,31,0.26268491615376893
25278,31,0.2185699521569923
26748,31,0.1799645514284592
113,31,0.32317722592016046
616,31,0.2751722800639351
827,31,0.2697186123279461
1245,31,0.29638758381210706
8302,31,0.21704018498886263
11287,31,0.14516038349505925
17958,31,0.2316656097427439
20937,31,0.21514072281805274
25784,31,0.4386974934677073
63,31,0.23044800926916112
234,31,0.16943245341174934
11706,31,0.21567446671367804
22002,31,0.25102975267620675
23050,31,0.1717006969085392
27127,31,0.3004628572065299
27411,31,0.4266306002474285
44,31,0.1917749848825014
560,31,0.27067847711671306
838,31,0.26804193588540065
2376,31,0.21485463219901313
4093,31,0.21461985571128414
11711,31,0.2965183973734693
19874,31,0.31243445584971147
22007,31,0.3458012534355226
23055,31,0.2979155993753101
26346,31,0.7143936574243392
27723,31,0.7376418220112685
16,31,0.13361708703727732
9190,31,0.18971960727619597
10260,31,0.11989640715919915
21165,31,0.3620556653205276
23059,31,0.4144523087911503
24759,31,0.2935088495434813
26352,31,0.8890620934231431
26685,31,0.6563257230036779
27137,31,0.5138902016434502
27468,31,0.5379677129662235
27727,31,0.5959206497232592
27795,31,0.7229466391366172
7,31,0.023452380463959498
248,31,0.44904661808209156
847,31,0.32547009849430564
1733,31,0.30427604357730953
3377,31,0.2192603571591819
19884,31,0.3068629336928344
22016,31,0.4775472533805369
23064,31,0.41020519049537285
26356,31,0.7937931645442322
26773,31,0.8326854622872252
27075,31,0.576018984105431
2,31,1.1067859311990826
108,31,0.5051956411058102
1738,31,0.3114021910434381
3208,31,0.08167436030733707
11312,31,0.12340818339708705
22231,31,0.37338189268499233
24069,31,0.46868429493326563
6,31,1.641459575232839
112,31,1.0908436106737
258,31,0.5054026988906726
1275,31,0.4637454801092054
2541,31,0.254014815654594
3213,31,0.0017031677394896473
10275,31,0.07036878980102154
11316,31,0.4688337807790119
12349,31,0.5972765104705201
13326,31,0.37706834855265225
21180,31,0.38169512220472435
23074,31,0.30467046302108197
24074,31,0.5210243522020899
24942,31,0.5196678987187292
25799,31,0.3111679860238951
27436,31,0.6917883163589792
2385,31,0.2949204620080434
4309,31,0.2129834072603755
10279,31,0.9896806734983148
11322,31,1.1919413650869584
18834,31,0.2553189660375174
23079,31,0.47176454897151776
24947,31,0.5587366813854902
26176,31,1.4016059704936676
27156,31,1.3019784646025927
1841,31,0.7099812149236749
2390,31,0.17896081965629157
13336,31,0.47933694344804284
15737,31,0.6111102271814274
28131,31,0.06285141255637343
24952,31,0.5413863913907653
25809,31,0.5443192806783334
26361,31,2.0154383177176105
27869,31,0.775580951779923
2394,31,0.15344046196581546
4127,31,0.9472932776442423
14940,31,0.4561662784735129
18843,31,0.8060356107792332
24089,31,0.5224470808508095
24957,31,0.6615762422942103
25814,31,0.5856792027992407
3230,31,0.8532139654544999
12369,31,1.2303409439903739
13346,31,0.8877447882481793
28189,31,0.6163507131493238
3235,31,0.8867661872433068
11341,31,0.958550210922151
12374,31,1.1255238733226514
13351,31,1.0006241462979761
14950,31,0.6057880164020675
15954,31,0.5116592873237668
23099,31,0.7593913582465874
2721,31,0.7965892040038386
5145,31,0.7088307939743785
9234,31,0.7522307437427111
11346,31,0.9134182662997338
15958,31,0.5488364539288891
16981,31,0.583794192102535
20996,31,0.6952456772338602
22055,31,0.6743044024774381
24103,31,0.6631406995769035
25487,31,0.8681813238401295
2557,31,0.8080169241530467
3244,31,0.7991552010045248
6209,31,0.6690758756835387
7283,31,0.7634191878770707
11351,31,0.8672909659160758
13360,31,0.9276825416519454
18022,31,0.5029202060030329
21002,31,0.5700011615928295
24108,31,0.6315929860178439
24976,31,0.6525773786987505
2396,31,0.5512453017799365
3250,31,0.7580755958748542
6214,31,0.5953051278010913
7072,31,0.6250062938041202
13365,31,0.7768082105866534
18867,31,0.5107556062198719
22065,31,0.45453359964422263
23113,31,0.5302882496485796
25659,31,0.6292176173066578
3254,31,0.7010112324707904
6219,31,0.5846723300097928
9249,31,0.661170880177467
13370,31,0.7469866111216689
15973,31,0.5552431136297631
18872,31,0.5114215273666503
19938,31,0.5632837761569099
24118,31,0.3197949252593678
25819,31,0.37894040750183366
2406,31,0.7785287861358771
7082,31,0.4730989670252941
14974,31,0.5163548794213211
18037,31,0.44632333594544354
18877,31,0.4470310747242454
19944,31,0.506181013160698
21016,31,0.5219492051006893
22075,31,0.3669283200320419
24991,31,0.5079272108408782
25669,31,0.5697342753472849
3089,31,0.7032675552816834
4166,31,0.7122215102226932
7087,31,0.483268755560186
11371,31,0.604716242414296
12403,31,0.6121483070391706
14979,31,0.43456120290301087
18882,31,0.4557030041316704
21021,31,0.404350812629745
24128,31,0.2024322211947286
2416,31,0.960792915800111
3269,31,0.7135729036141637
6234,31,0.5593476965431725
7092,31,0.5513546107167296
9264,31,0.42825404203779205
13200,31,0.485389721751953
14984,31,0.35491572179565833
15988,31,0.381230580333195
17011,31,0.3297195841411361
18047,31,0.42641560528618877
19953,31,0.4756242621728982
21026,31,0.34361823217603626
22085,31,0.27083414228462416
23133,31,0.28200755317921644
25002,31,0.29025892422406585
25826,31,0.7432193133517088
2421,31,0.9482522083824161
4176,31,0.7099301182061307
5179,31,0.6457838032541422
6239,31,0.5661427792837913
7097,31,0.5228948700297232
8179,31,0.516622090255165
12413,31,0.48509971662052026
14989,31,0.3207695564371076
18052,31,0.2968940571461129
18892,31,0.3518634788305361
21031,31,0.3846249096220598
25831,31,0.5914094032955791
1962,31,1.7392838863646016
2426,31,1.0362012028908836
4181,31,0.6876282366150153
5184,31,0.641983547700141
6244,31,0.5547036459682134
7318,31,0.5173409418320293
9274,31,0.43488240587990623
14993,31,0.4430415712478693
17020,31,0.22156921842000502
18897,31,0.2983079707228889
24143,31,0.24555636555026855
2431,31,1.048583185781023
5189,31,0.648216129597541
7107,31,0.5182620984310636
8189,31,0.43649795253955553
10349,31,0.4302684449520466
11391,31,0.41034376236584186
13013,31,0.4026791236375267
14998,31,0.3341388203381094
24148,31,0.21727028042981225
1845,31,2.553005710477355
3289,31,0.962352868744819
4985,31,0.7931188192142863
6039,31,0.6157335817575335
13383,31,0.5111872045171391
14299,31,0.38505360308530145
18067,31,0.26684945165409024
19973,31,0.29147043531940964
25846,31,0.41606000158465745
2441,31,1.0540128234423807
3119,31,0.9509981940387939
4010,31,0.9113833972120268
7117,31,0.6612403449969961
9289,31,0.5735023999254879
10359,31,0.5339706304676322
12433,31,0.6344152912387677
13388,31,0.5639942132335425
17036,31,0.28158500588180263
18072,31,0.37286647458934963
18912,31,0.30786017369787827
23158,31,0.14889387291609948
24158,31,0.21125938042864897
25026,31,0.14506834954400596
25851,31,0.3691945999681445
1741,31,3.4163744538078777
2446,31,1.1101007196819923
4200,31,0.9299700018992423
5203,31,0.8030601455651306
7122,31,0.7084122237192318
8203,31,0.6966227058290392
9294,31,0.6715062939207864
10364,31,0.5960194845709709
11406,31,0.5947499531995726
12438,31,0.5951180463168031
13393,31,0.4842752329497269
15013,31,0.46630679464020297
15815,31,0.3494697743343495
17040,31,0.22978323393192637
18077,31,0.23862495437471062
18917,31,0.23618956732806032
22115,31,0.24196858935035026
23163,31,0.2114877552424455
24163,31,0.1361474820333414
25031,31,0.11420263106199431
25856,31,0.026901278992554543
27857,31,3.456217765601142
2288,31,1.1408383473651384
3303,31,1.0330569929843365
4205,31,0.965578831803518
5208,31,0.8533662677670177
6269,31,0.7831221164357894
7126,31,0.7577151290559773
8209,31,0.6829710436662983
10368,31,0.6680238789261078
11410,31,0.7048959354230563
27967,31,1.5326466687393132
27981,31,0.4697456878428401
28051,31,3.0372248475276624
16225,31,3.4176258886294364
17045,31,3.1496905684561844
19987,31,2.695146279671768
21060,31,0.28648200255947226
22118,31,0.16735323634616045
23166,31,0.21349505556730689
24166,31,0.3857389531796137
25035,31,0.7822416298990621
25860,31,0.4143272717090283
27918,32,0.016450084228943986
8211,32,0.017742666164808855
9083,32,0.014713554536316389
28125,32,0.014171293143592776
20418,32,0.02118473817043
5210,32,0.016630820984337567
6057,32,0.01915401990121853
7130,32,0.013457061723938905
7997,32,0.013922753106240943
9087,32,0.015127389568807563
9948,32,0.01776092981467519
18291,32,0.012406171396697484
18922,32,0.016083323146473573
19776,32,0.019345636877091208
20849,32,0.02252663103325536
21908,32,0.021331779795929675
22958,32,0.01815963283256244
3482,32,0.0031684502551777467
4019,32,0.013244823427102023
4798,32,0.016806928056345666
5849,32,0.02177433785339782
7136,32,0.014175470256000081
8002,32,0.015283352400199464
9092,32,0.017496861130811985
10161,32,0.021265882222971808
11204,32,0.015273208597722502
12238,32,0.011934252462091609
16840,32,0.0061755571052171995
17874,32,0.007549845630674631
18716,32,0.01429539038595071
19565,32,0.019586523287129853
20854,32,0.023141426044461746
21913,32,0.022000258181481328
22961,32,0.018665390631067435
23977,32,0.011940914018107074
2451,32,0.01294654454265413
4023,32,0.00630161531996684
5007,32,0.0027163026679942297
5853,32,0.005063918769054884
6925,32,0.010025145648428394
9097,32,0.0157734375782962
10167,32,0.017304009199840854
11209,32,0.014116577440494684
12241,32,0.011325478653525633
13218,32,0.006559240944451499
14012,32,0.00830537855331263
15017,32,0.009258058680740465
16843,32,0.007849469499795864
17880,32,0.01050309667338694
18932,32,0.01819189108089332
19571,32,0.01958405177590373
20860,32,0.026123502294981418
21918,32,0.02648624973395517
22966,32,0.024062170272106397
24699,32,0.052045405998874646
1745,32,0.014303901548169587
2293,32,0.027739313971546775
3135,32,0.028494264714313166
27900,32,0.01570818486433686
7146,32,0.08150448729509734
8012,32,0.011335914490233856
10171,32,0.014939523359984696
12246,32,0.008737491959718294
13223,32,0.008600027142373633
16848,32,0.00883790707871625
1645,32,0.08331561167262408
3141,32,0.08852947813373188
7150,32,0.013634330515304107
8016,32,0.015537829279624792
10177,32,0.2799515308417825
13227,32,0.06713115729165658
2971,32,0.10334847766279394
9111,32,0.0622858165449248
12255,32,0.15347273982086512
18734,32,0.534968948747503
1279,32,0.19268933750819286
4042,32,0.16297438263091532
11228,32,0.016908523899761375
12260,32,0.07821641626954191
13237,32,0.11935772231327602
21937,32,0.3746972862298487
1191,32,0.2341122804137098
3155,32,0.202051936106137
4048,32,0.21357298441313327
10193,32,0.22789426171836238
11233,32,0.2147057955567143
28017,32,0.20015484596767746
13243,32,0.16691058830779085
15845,32,0.2792770667554316
17904,32,0.17939536118145133
18744,32,0.17324729859321836
20883,32,0.387847824350102
4833,32,0.23751154440629849
6096,32,0.2294761939561699
12270,32,0.13547486210519882
16667,32,0.1194544641382549
18749,32,0.10472908060097477
20888,32,0.2893951546638661
24011,32,0.2321594345021855
861,32,0.2906501433724985
13253,32,0.1474643473389108
14047,32,0.2345290655594021
4062,32,0.20526779908881282
5047,32,0.2617560722190475
6106,32,0.16847674534871634
14052,32,0.1715418544127168
14856,32,0.15055078929391597
21957,32,0.12453256260788513
24021,32,0.27218648278352714
25073,32,0.3049557067251376
582,32,0.25177009985883797
794,32,0.2827615928214418
1121,32,0.26669559289882033
6111,32,0.24952415379187393
23010,32,0.2310769969591338
25078,32,0.17079542576977644
520,32,0.25697005328495676
797,32,0.2798903334035582
6116,32,0.2672506932334694
17929,32,0.24587557909226865
21967,32,0.11333747087549836
24031,32,0.3998442637762413
24914,32,0.20990470468337055
25754,32,0.23127778008711772
464,32,0.2990152388165127
803,32,0.3102337485000439
15875,32,0.4598568733691505
17934,32,0.5900760916109947
19840,32,0.19180363448798388
24036,32,0.42300289931031954
24919,32,0.4702919458374414
25760,32,0.23787694435609427
808,32,0.3519435351219923
1317,32,0.3623492664598607
1694,32,0.3630295907459044
15880,32,0.5451120822476362
17939,32,0.7105775651734935
18779,32,0.6593506558909742
19845,32,0.41175421883121077
20918,32,0.25038018555091407
26316,32,0.22897249440309525
26733,32,0.44434921633109836
259,32,0.32590642857381386
812,32,0.385847722340587
1698,32,0.3552894458342134
17944,32,0.7344140642876965
21982,32,0.5182018845847682
25098,32,0.08684637433318675
26321,32,0.2298249498855129
27108,32,0.4951072357786671
266,32,0.15191530976203604
6994,32,0.23849366464044666
17949,32,0.6259304682344309
20069,32,0.6691858596655974
20928,32,0.5456200246508016
21987,32,0.5382863101595085
23035,32,0.6562002826377537
24050,32,0.6839430389305556
25103,32,0.4230238808739576
270,32,0.18807187300636055
823,32,0.45016654683583107
1709,32,0.4999655142405051
8080,32,0.2812809036880129
9389,32,0.2934120034634654
10449,32,0.38241919284493336
17953,32,0.6426164273955525
23040,32,0.5870477238300803
25278,32,0.6489248848664668
26748,32,0.2270551356182941
113,32,0.09345400007716483
616,32,0.4954338530909305
827,32,0.45386696729200043
1245,32,0.4777927264742666
8302,32,0.2561700221744696
11287,32,0.31911956167332506
17958,32,0.7656958583934702
25784,32,0.8674116196031076
63,32,0.11510118804071691
234,32,0.3876918797018556
494,32,0.5578647182431853
22002,32,0.6948599160488053
23050,32,0.6892260143043911
27127,32,0.5719886891297198
44,32,0.11665079147109879
238,32,0.41289824222260296
838,32,0.5497559114197786
4093,32,0.4968262433341671
11711,32,0.01575927663694667
19874,32,0.8749379121393857
23055,32,0.7769792095703141
25794,32,1.0672571331246494
26346,32,1.106044753830553
27723,32,0.748191366671276
16,32,0.3706355677743197
768,32,0.5907647682648861
9190,32,0.1796814511690414
10260,32,0.2389307159201322
21165,32,0.9235326307455367
23059,32,0.9235615253451256
24759,32,0.9790088645316404
26352,32,1.3604209359812405
26685,32,1.0704191340577198
27137,32,0.8435254207561809
27468,32,0.9075335558349716
27727,32,0.7627586685475451
27795,32,1.0901258287740103
7,32,0.2758810362210154
248,32,0.7109259259116275
847,32,0.7969189162422671
1733,32,0.7101582651050111
3377,32,0.6690303547351985
19884,32,1.1323514431033395
22016,32,1.0757204889162926
26356,32,1.3228179393997093
26773,32,1.3212134470795776
27075,32,1.1468690128233723
2,32,0.6318927187843978
1738,32,0.7245054413064448
3208,32,0.31255426609987924
11312,32,0.10420619398026891
22231,32,1.1557114128768862
24069,32,1.1236312154688697
27147,32,1.4106396066452325
27381,32,1.149289181598938
27633,32,1.3723553920998697
6,32,1.51607811744278
112,32,1.1547897099008215
258,32,0.7666309126753234
1275,32,0.9807490678590912
2541,32,0.688998983732676
3213,32,0.27696799272606726
10275,32,0.18936149875683242
11316,32,0.05837835902881712
12349,32,0.11084675082753502
13326,32,0.39465678944480115
21180,32,1.2896637300787934
23074,32,1.1708609372059395
24074,32,1.2233371971600724
24942,32,1.314883893217157
27436,32,1.3711831360585496
2385,32,0.7626400974647976
4309,32,0.2762937986302712
10279,32,0.29479935796912704
11322,32,0.3190484295550825
18834,32,0.6626009270045229
24947,32,1.410237650034042
26176,32,1.6296474998278407
26787,32,1.7816262558907217
27156,32,1.7141958185126576
27607,32,1.7506988790535551
2390,32,0.40015355087824234
13336,32,0.7730905016679102
15737,32,0.28906461832715213
28131,32,0.4497698623204382
26361,32,1.946341809175639
27869,32,1.217658695797255
2394,32,0.5136885437727008
4127,32,0.15396724629303762
14940,32,0.6510615130148861
18843,32,0.5934627925805417
24089,32,0.7160297353362433
24957,32,0.8905313280848871
3230,32,0.15284156168303195
13346,32,0.5976528908698893
19913,32,0.5977478703302779
24962,32,0.7384178249600521
28189,32,0.8714933390537781
3235,32,0.21746830572488712
5140,32,0.32497594487592474
6199,32,0.3596137179600843
12374,32,0.48115174596066834
13351,32,0.5215228428406945
15954,32,0.6341892732494894
16977,32,0.7016032658641669
23099,32,0.6694363161844927
2721,32,1.0110449315428953
9234,32,0.37892948618949046
11346,32,0.5446434717926317
15958,32,0.5952383717943409
16981,32,0.6364450923736923
20996,32,0.6462503888420442
22055,32,0.6693058853239674
24103,32,0.8152283724662187
25487,32,0.8853533775349275
2557,32,1.2970968257570434
3244,32,0.4533822297571872
7283,32,0.5107500734049726
11351,32,0.6025314334452918
13360,32,0.6408226383861022
21002,32,0.7494397272913844
24108,32,0.868408556003779
24976,32,0.8878334905692143
3250,32,0.6401345316076914
7072,32,0.5386250709462927
12388,32,0.6677633502375548
13365,32,0.7739920663795765
14964,32,0.682643190049677
18867,32,0.834060226700667
22065,32,0.8869870161678346
23113,32,0.9598640184880575
25659,32,0.9944796116056424
3254,32,0.7522264790454093
6219,32,0.662197496444316
9249,32,0.6951783537175084
10319,32,0.6955934460625809
13370,32,0.8267701201932389
15973,32,0.7461770680862359
16996,32,0.7916084149110214
18872,32,0.927438381485566
19938,32,0.9371255525622709
21011,32,0.9643905881927353
24118,32,1.063236273548843
25819,32,1.128799697415853
2406,32,1.0946142069596043
4161,32,0.869647523733167
6224,32,0.8106756030888831
7082,32,0.7993565755310644
12398,32,0.8286516515917383
14974,32,0.8165987961802064
18037,32,0.973668664376508
18877,32,0.9595750875725124
19944,32,0.9869508068710424
21016,32,1.0347142003064127
22075,32,1.1420901782257005
24991,32,1.1312746695693598
25669,32,1.1416259112015044
2411,32,1.0327950105299848
3089,32,0.9744931325681191
4166,32,0.9087194694157115
7087,32,0.9728849845833926
11371,32,0.8767190064803606
12403,32,0.8812452766906009
14979,32,0.8986771908531629
18882,32,1.0198174754267286
21021,32,1.0947581401936655
24128,32,1.2677239009332564
2416,32,1.1145922476244399
3269,32,1.0455791023686358
7092,32,1.1099769909772301
9264,32,1.0423319037331356
13200,32,1.0628782499457488
14984,32,1.021402509477386
15988,32,1.061740642824612
17011,32,1.035418453230205
19953,32,1.1130800835111951
21026,32,1.1360821566288235
23133,32,1.289236524340443
25002,32,1.2928506421876595
25826,32,1.220378270818673
2421,32,1.2262289634733632
4176,32,1.1406113196958534
6239,32,1.1849927892062628
7097,32,1.1003979261174102
8179,32,1.1495193367493788
12413,32,1.085478055021622
14989,32,1.0683481360613856
18052,32,1.108615722870412
18892,32,1.1107077659866103
19958,32,1.1331237530936753
21031,32,1.232763680602099
25006,32,1.4291703135852227
25831,32,1.3122832662260024
1962,32,2.092904696188558
2426,32,1.2378755008608824
4181,32,1.264284185147446
5184,32,1.17930826134093
7318,32,1.2549091620178365
14993,32,1.0438664070717165
17020,32,1.179852682327096
18897,32,1.15562586904463
19963,32,1.1889831505584616
22095,32,1.3144428161392203
24143,32,1.5112906775455215
5189,32,1.3333479609777894
7107,32,1.324700598808508
8189,32,1.357992672690843
9279,32,1.3222137919466064
11391,32,1.1272723783559335
14998,32,1.1570434195863977
23148,32,1.4130179076472853
24148,32,1.4664216344503658
1845,32,2.9591968466580783
4190,32,1.2894125372845442
12428,32,0.9962637638995987
14299,32,1.2103156271236826
18067,32,1.2450429974219368
19973,32,1.2404962172187644
25846,32,1.488432910502322
2441,32,1.688389070505449
3119,32,1.5691230943822405
4010,32,1.5135076423907463
7117,32,1.2046252879086432
8199,32,1.2358729489670812
9289,32,1.2207170749305882
10359,32,1.2269027133320822
13388,32,1.207554580732595
17036,32,1.2369675829166897
18072,32,1.2522938735696534
18912,32,1.1767826996919633
23158,32,1.5223077121327333
25026,32,1.6163411711481381
25851,32,1.6010957410251674
1741,32,3.239340294915537
2446,32,1.7727174712881872
3298,32,1.635843051617691
4200,32,1.5579417715199462
5203,32,1.42353742141189
7122,32,1.267547219384187
8203,32,1.2617169946931501
10364,32,1.3051320823234354
11406,32,1.235165316685811
13393,32,1.3158826066400142
15013,32,1.2391642104258835
15815,32,1.1341830444422876
17040,32,1.3233453941456448
18077,32,1.3914908589589359
18917,32,1.3828555005426952
23163,32,1.5826065083492826
24163,32,1.6341800074950261
25031,32,1.7075132034518299
25856,32,1.733007303463621
27857,32,3.3785815788617395
3303,32,1.7193724417377367
4205,32,1.6307457682849942
6269,32,1.4868957253854362
7126,32,1.438097987753551
8209,32,2.7374811744511356
10368,32,1.3906867347830985
11410,32,1.3408849885413978
27967,32,2.177989604218992
27981,32,2.175300006121254
28051,32,3.4045151564536407
16225,32,3.6981727109750913
17045,32,3.5335678083881272
19987,32,3.453058527781562
21060,32,1.9385125606358637
22118,32,1.5420314837549132
23166,32,1.8516029712989663
24166,32,2.456077814145935
25035,32,3.4212599993933317
25860,32,2.5243538811460344
27918,33,0.008927731796219411
8211,33,0.009202534706974894
9083,33,0.005861599738684803
28125,33,0.012520145065280567
20418,33,0.018782641450373398
5210,33,0.007288728077113557
6057,33,0.008243972122822222
7130,33,0.01153479873780058
7997,33,0.012077911386174553
9087,33,0.016978001944722525
9948,33,0.018462491905947065
18291,33,0.014870294833880915
18922,33,0.01532280841487506
19776,33,0.018163518617798233
20849,33,0.020919086930617614
21908,33,0.022473008248900108
22958,33,0.026283375919278446
3482,33,0.045205341402361966
4019,33,0.008177943415294524
4798,33,0.00673865736666129
5849,33,0.009394579214004084
7136,33,0.010049932601629308
8002,33,0.011989813584624774
9092,33,0.020000207172288138
10161,33,0.02235659843632594
11204,33,0.014279775693823365
12238,33,0.01056919853338326
16840,33,0.0049339324768665265
17874,33,0.005223106540820772
18716,33,0.0132863930374841
19565,33,0.017982035439685518
20854,33,0.019940861756685396
21913,33,0.02031302525573633
22961,33,0.02451701062222987
23977,33,0.022417139339402266
2451,33,0.024889836813543252
4023,33,0.07089069693104964
5007,33,0.02608303320085424
5853,33,0.01522202083395743
6925,33,0.03496074865382941
9097,33,0.02773326502504946
10167,33,0.02638029606221499
11209,33,0.017761127334028473
12241,33,0.013703394636103693
13218,33,0.009718414516871587
14012,33,0.009872642800209228
15017,33,0.0100582079771831
16843,33,0.01433283330777511
17880,33,0.01467447728630164
18932,33,0.020003348974840175
19571,33,0.020757402898888395
20860,33,0.09460525204989986
21918,33,0.03350691406855196
22966,33,0.05422363512590571
24699,33,0.1925329659295592
1745,33,0.04182152157454395
2293,33,0.08490477103907615
3135,33,0.10242697755138197
27900,33,0.0582213531535639
7146,33,0.09913175883766395
8012,33,0.04410448583745135
10171,33,0.028577694505887756
12246,33,0.017725360892404632
13223,33,0.01849776680944479
15826,33,0.22457237394469848
16848,33,0.12431707889893505
1645,33,0.08239823919580092
3141,33,0.07558150701568013
7150,33,0.1555336812470675
10177,33,0.17079852608892312
13227,33,0.10343621065971276
9111,33,0.11424345173461396
12255,33,0.16076671631903813
1279,33,0.2290177304311333
11228,33,0.12785607080489161
12260,33,0.15855031128039415
13237,33,0.02297966148823371
18951,33,0.5308434974002584
21937,33,8.580011030440531e-05
1191,33,0.2756741468171837
3155,33,0.07617688058736351
4048,33,0.03393914847740338
10193,33,0.08535502648947765
11233,33,0.0658950003903717
28017,33,0.0803035714696859
15845,33,0.10846747979244542
18744,33,0.3195787797477802
4833,33,0.06874405044814172
6096,33,0.04402002391290503
12270,33,0.10293576845712755
18749,33,0.16775204331216778
24011,33,0.29342482011240034
861,33,0.32802923175695703
13253,33,0.13999963496471685
23000,33,0.14708804789107996
4062,33,0.13273874314875292
5047,33,0.08049914803133959
14052,33,0.3477935470367139
14856,33,0.3411056992159181
21957,33,0.30449408370103426
24021,33,0.10135336125260239
25073,33,0.29289518479031956
794,33,0.37388637949930664
1121,33,0.3590023364083848
6111,33,0.12347898950830494
23010,33,0.3328958207127073
25078,33,0.11693138126608546
520,33,0.28781855880018375
797,33,0.3702215353215875
15870,33,0.20123073353823595
17929,33,0.42298997665403937
18769,33,0.3095264960015264
24031,33,0.2875978761666754
24914,33,0.18328896012878498
464,33,0.3567909243295139
803,33,0.3553205458784172
7194,33,0.16280526499527556
15875,33,0.25242225575320026
17934,33,0.07226476926371427
19840,33,0.3586844712465169
24036,33,0.35190807186043754
24919,33,0.32638266164134494
25760,33,0.2010013250845092
808,33,0.3308201292001592
1317,33,0.3528669545337287
1694,33,0.3366739553652203
15880,33,0.3203191933331381
17939,33,0.264510136188178
20918,33,0.20749378096893506
21977,33,0.03843542367791703
26733,33,0.433783620231019
259,33,0.408893778094624
812,33,0.34511439900437163
1698,33,0.35066757878510746
6131,33,0.3165480556345274
6988,33,0.24372235175695658
17944,33,0.48447229550728627
18784,33,0.33119320031191185
25098,33,0.6045745419146836
26321,33,0.3935547447203985
27108,33,0.6835170291045402
266,33,0.2347416664015389
1236,33,0.33017548793930823
6994,33,0.14431038649670788
17949,33,0.3393483282398642
20069,33,0.25931050642273185
20928,33,0.0507272062058751
21987,33,0.20453955802092014
24050,33,0.27215990304026483
25103,33,0.2850923991490482
26326,33,0.41049593133791057
270,33,0.2590020268219585
823,33,0.32218851250359554
1709,33,0.30690423123509786
9389,33,0.1802985181480444
10449,33,0.24372460495291629
17953,33,0.3774148860071353
23040,33,0.28271706973285715
113,33,0.4535738559108283
229,33,0.3577054697266631
616,33,0.2219448349822293
827,33,0.2056576174500077
1245,33,0.25628455641057307
8302,33,0.167722274710084
11287,33,0.18295899445637082
17958,33,0.38520541895768257
21996,33,0.39405177559167576
25784,33,0.5120143598594123
63,33,0.5993696583817828
234,33,0.2477136204531628
18804,33,0.23023217283163028
22002,33,0.38126283572920083
23050,33,0.449027843511263
25789,33,0.6792067667101541
44,33,0.7695330836086544
838,33,0.17032365931046253
4093,33,0.3541047302336212
11711,33,0.28644601124098784
25794,33,0.5983473732592415
26346,33,0.6877044086980912
27313,33,0.13024101614630493
27723,33,0.5462252391810973
16,33,1.340959532407386
9190,33,0.32190929973368304
10260,33,0.2778438966307568
21165,33,0.4012907766537905
23059,33,0.4982444985421017
24059,33,0.5643515145301659
24759,33,0.536040634846895
26352,33,0.70077492569771
26685,33,0.5758626890704636
27137,33,0.2825433830403487
27468,33,0.3053813682650413
27727,33,0.4739281187607999
27795,33,0.677687882503313
7,33,0.9006349606801112
248,33,0.4719046421572146
508,33,0.278112085251608
847,33,0.3705892228113908
1733,33,0.25651454647127225
3377,33,0.38823227210374506
19884,33,0.30441783460472366
26356,33,0.7410902428203469
26773,33,0.5146737797919388
27075,33,0.3270537971903731
27628,33,0.009055024536170643
2,33,0.7836394326227485
1270,33,0.4234819989032174
1738,33,0.37292409818023586
3208,33,0.3087711012545733
11312,33,0.28149225345125123
22231,33,0.6394844438233764
26360,33,0.3977699905114938
27381,33,0.15217902564014277
27633,33,0.26999947619598713
6,33,1.031068982917767
112,33,0.20852630316105997
258,33,0.21054550666821067
518,33,0.1825536821611603
1275,33,0.24397962904905915
2541,33,0.2540952225069693
3213,33,0.23030150283507217
10275,33,0.2989931428010147
11316,33,0.3080675003114515
12349,33,0.36503221231415134
13326,33,0.1432882975561166
18828,33,0.4295811299959556
21180,33,0.48269404040456215
23074,33,0.6821775589696585
24074,33,0.7260920501886009
24942,33,0.710151548698248
27436,33,0.33674278960408094
27638,33,0.31253478969125714
2385,33,0.23843664101999695
8120,33,0.3546401939395567
10279,33,0.3848201260844607
11322,33,0.4030267724592808
18834,33,0.3018226849613685
24947,33,0.8469044087024165
26176,33,0.9030142089919363
26787,33,1.4492539439911312
27156,33,1.0077329866729479
27607,33,1.5101424459613448
2390,33,0.08904434356684254
15737,33,0.2703271091591247
28131,33,0.09532641864613679
26361,33,1.8677956168754026
27869,33,1.2663511620869963
2394,33,0.05601227343401588
4127,33,0.3277214269012601
14940,33,0.2373486335313566
18843,33,0.3519735747962882
24089,33,0.3063576808860132
24957,33,0.5771058174534263
3230,33,0.329035990675312
4132,33,0.3014317805279684
11336,33,0.43271786188782874
13346,33,0.07908982032971343
14945,33,0.1738394839479008
19913,33,0.30386251151552995
24962,33,0.3007059637346904
28189,33,0.5665984465060218
3235,33,0.3001635221470567
12374,33,0.3608020253168453
13351,33,0.12375213218218681
15954,33,0.1503729408238231
16977,33,0.14923069881937598
23099,33,0.1983761033693156
24099,33,0.2403165149024504
2721,33,0.16798258413605066
9234,33,0.24045790076255075
11346,33,0.35487371926690536
15958,33,0.21137379121272631
16981,33,0.23920249069182914
18017,33,0.11053105667514929
20996,33,0.17381933994165927
25487,33,0.19553661527180055
2557,33,0.07445290888445509
3244,33,0.2082284355301669
4941,33,0.08602072812669095
7283,33,0.21558193398190198
11351,33,0.31664086471853
13360,33,0.28672044249404344
21002,33,0.1458244184888331
24976,33,0.25827418740569985
3250,33,0.16985885347120552
4151,33,0.15441211183761228
7072,33,0.24097480941730529
13365,33,0.29121665099158356
18867,33,0.18128095378034464
22065,33,0.1155434051024637
23113,33,0.07530100160988151
25659,33,0.1789463394896439
3254,33,0.1575607658714472
6219,33,0.0817039919749917
9249,33,0.09720040930165097
13370,33,0.35513341101658474
15973,33,0.13563851124967294
18872,33,0.1773210003515697
22071,33,0.17392768582495677
24118,33,0.03800510749173906
25819,33,0.20071145297582868
2406,33,0.24080081207549817
6224,33,0.055709496219037764
14974,33,0.020090901665867366
18037,33,0.239966419624135
18877,33,0.16049409046098279
19944,33,0.175178010593685
21016,33,0.2112123412922823
22075,33,0.260158829965323
24991,33,0.0607736399956064
2411,33,0.2881855266988189
3089,33,0.16403259383131116
4166,33,0.12819029609023083
11371,33,0.1957616192736107
12403,33,0.20922139465952616
14979,33,0.08034585296315319
18882,33,0.16132616228630656
21021,33,0.2121641157180581
2416,33,0.28309363982577673
3269,33,0.16500720114893214
7092,33,0.09659316788055289
9264,33,0.17462863794183756
13200,33,0.2215678732605489
15988,33,0.14248006563003754
17011,33,0.3018527448957927
19953,33,0.19988348248570048
21026,33,0.21600099862166786
23133,33,0.2109295085081561
25002,33,0.226144912993465
25826,33,0.3096808903630573
4176,33,0.10255869624837108
6239,33,0.134090520718028
7097,33,0.1748776936727725
8179,33,0.14103220214345422
12413,33,0.2899780979175637
14989,33,0.07818587377025214
18052,33,0.2874016201423824
18892,33,0.2698927028248321
21031,33,0.3090974856841237
22090,33,0.2581544435684549
25006,33,0.3202492221861372
25831,33,0.29429563325996416
1962,33,0.41845650512339844
2426,33,0.3095087821530852
4181,33,0.15961286976807174
5184,33,0.2046586345100636
7318,33,0.12703171800291313
10344,33,0.18092537156352484
14993,33,0.15913354437367527
17020,33,0.3131873202178039
18897,33,0.3073018587334843
19963,33,0.20276181356397138
22095,33,0.4122314886755361
5189,33,0.11747220930929195
7107,33,0.14543940680330908
9279,33,0.24871927372001798
14453,33,0.1869965517351771
14998,33,0.24424602546537486
23148,33,0.4127605369336117
24148,33,0.44443936320130506
1845,33,0.5247631005228314
4190,33,0.21325489173002202
12428,33,0.36885058414756444
14299,33,0.20620765457531298
18067,33,0.3540231971017776
25846,33,0.11754241601634878
2441,33,0.4690697855195364
3119,33,0.30446153265380566
4010,33,0.24995139708305356
7117,33,0.16969664340279225
8199,33,0.19664505536338428
9289,33,0.23346413618010328
10359,33,0.21364735326310816
13388,33,0.29122538052916824
17036,33,0.3550540519028938
18072,33,0.39683598438687223
18912,33,0.3195385213758825
23158,33,0.22431117609824341
25026,33,0.059348926912622106
25851,33,0.24150042036512567
1741,33,2.172532001763673
2446,33,0.5093168230580428
3298,33,0.3252937632855111
4200,33,0.2612541850173467
5203,33,0.13150878704862276
7122,33,0.03953064600115972
10364,33,0.1781290540325973
13393,33,1.0024648847758058
15013,33,0.26577455626645136
17040,33,0.3827169681319343
18917,33,0.34281506207102025
19983,33,0.3714447469578437
23163,33,0.12940616437424735
24163,33,0.21000699654413232
25031,33,0.18213181312135507
25856,33,0.6961651707521289
27857,33,2.712139992730739
3303,33,0.541979032661893
6269,33,0.12081347304950749
7126,33,0.1894282111706302
8209,33,0.9972747323449139
9298,33,0.20791065014627363
27967,33,0.9989336839041858
27981,33,2.6106740745475414
28051,33,3.32178103230716
17045,33,2.31329491600705
18290,33,0.8378018228168709
21060,33,0.47439655236792416
22118,33,0.15597381828609375
23166,33,0.2499297308678858
24166,33,0.3488265669192228
25035,33,0.5895493535408762
25860,33,0.4683359579634439
27918,34,0.02270014525741649
8211,34,0.026652985858068887
9083,34,0.036017533284781134
28125,34,0.011012380295914335
20418,34,0.01914992230440098
5210,34,0.007933586076952668
6057,34,0.010422313337668711
7130,34,0.01716338005979893
7997,34,0.015887046813283318
9087,34,0.023172599867218077
9948,34,0.028230719016134862
18291,34,0.02206516185817309
18922,34,0.021038016771219116
19776,34,0.02215434438499462
20849,34,0.023613379308479333
21908,34,0.02543208406066181
22958,34,0.018217551551637075
3482,34,0.020838035206944664
4019,34,0.005998917885430302
4798,34,0.00753948356181468
5849,34,0.015230599020236688
7136,34,0.019199033927172492
8002,34,0.017564152792765953
9092,34,0.019809000097747217
10161,34,0.026031653462811322
11204,34,0.023784082555592653
12238,34,0.02734632354529872
16840,34,0.018173434444158653
17874,34,0.018224457286096975
18716,34,0.024177501390446342
19565,34,0.02718947857351375
20854,34,0.02654776014447272
21913,34,0.022818616027019182
22961,34,0.016096446137900403
23977,34,0.01977701995253202
2451,34,0.0466291691811194
4023,34,0.023774958283984002
5007,34,0.004032542183613477
5853,34,0.01586582296921397
6925,34,0.015113799836405232
9097,34,0.02545899072709685
10167,34,0.030481229226053945
11209,34,0.025529703919696996
12241,34,0.02874328750784629
13218,34,0.02806798535740532
14012,34,0.02522260919396687
15017,34,0.029293806099183237
16843,34,0.028223506834731894
17880,34,0.030993657740329427
18932,34,0.03449331710399598
19571,34,0.0346865711958115
20860,34,0.04997644506334357
21918,34,0.041153685443012226
22966,34,0.03884976833874946
24699,34,0.050707574132116434
1745,34,0.018401246377203376
2293,34,0.015012607072514733
3135,34,0.015719408383373865
7146,34,0.009897774036044292
8012,34,0.014977127579847958
10171,34,0.026386612999362957
12246,34,0.031726247682658006
15826,34,0.04791028448687322
16848,34,0.1046116559617292
1645,34,0.11165793616921546
3141,34,0.12200954432463575
7150,34,0.054712987736714576
10177,34,0.0710617500166743
13227,34,0.06237916966262751
14021,34,0.060103585002830494
9111,34,0.07049752898100432
12255,34,0.1384083457301239
1279,34,0.21491689738859385
11228,34,0.10731802445300856
12260,34,0.14708395101049143
13237,34,0.24991020374541315
16863,34,0.4149065178361659
18951,34,0.19077981709095812
21937,34,0.0777793866222505
1191,34,0.21562594464885845
3155,34,0.32388735388890544
4048,34,0.3879341016722564
10193,34,0.3518179535228782
11233,34,0.21663557278374712
28017,34,0.25705563540700366
15845,34,0.42477573997088325
18744,34,0.18094776874431948
19810,34,0.2976060136578167
4833,34,0.3985026663826641
6096,34,0.38600935349658344
18749,34,0.2413854199716447
24011,34,0.08425247254684744
861,34,0.1236631980131578
13253,34,0.3811266830239867
23000,34,0.06737276515492385
24016,34,0.10884286505879703
24899,34,0.02923250712810668
4062,34,0.3793169718276495
14052,34,0.2256759996052109
14856,34,0.2694713247879316
21957,34,0.038243818359558195
24021,34,0.09211738993142485
25073,34,0.03996271032990521
794,34,0.27172922179110226
1121,34,0.2681266747355005
6111,34,0.3755734579386369
23010,34,0.046698754393065305
24026,34,0.07611558503964205
25078,34,0.07354578950274365
520,34,0.2784956325120104
797,34,0.27802093374381126
15870,34,0.3942239143429029
18769,34,0.37831924883653434
24031,34,0.10650713366658106
24914,34,0.06602082146930428
464,34,0.21993400449879275
803,34,0.31272806167062656
7194,34,0.25631966539022966
15875,34,0.3861921407103849
17934,34,0.5683920626003626
19840,34,0.3997436597877192
24036,34,0.04979717022124681
25760,34,0.12604557050164958
1317,34,0.3017391955687404
1694,34,0.3056138640613768
15880,34,0.37649789370669723
17939,34,0.520919947459776
20918,34,0.4194022269665227
26733,34,0.2350683211141443
259,34,0.32990426513267845
1698,34,0.3233369745506935
6131,34,0.19882983927352044
6988,34,0.1255433997456403
17944,34,0.5193222231136725
25098,34,0.12436413960855097
26321,34,0.025932928136748835
27108,34,0.25812423674028034
266,34,0.6428758073297064
6994,34,0.2901421261794461
8075,34,0.1332200531354855
17949,34,0.3593602833198967
20069,34,0.4718981281228309
20928,34,0.2978354654327245
21987,34,0.3276572742022751
24050,34,0.49914912028897546
25103,34,0.332351659174715
270,34,0.6326148181633446
823,34,0.3906684212806988
1709,34,0.41167977942557615
6998,34,0.3903012144206611
9389,34,0.3328220303253379
10449,34,0.3209134541481064
17953,34,0.3290168220192157
27402,34,0.36816123999920086
113,34,0.7818151257534964
616,34,0.4661088036106408
827,34,0.45454759620767116
1245,34,0.4138261178771902
8302,34,0.3979993466412065
11287,34,0.2785551314400593
17958,34,0.35530692213611154
21996,34,0.42978635118405967
63,34,0.8111731860174604
234,34,0.5685798226608102
10251,34,0.37257808933500225
18804,34,0.13984655598382578
19654,34,0.19742242121461537
22002,34,0.07867227981266804
23050,34,0.08912006302015181
25789,34,0.8244393634180712
44,34,1.103440869496117
560,34,0.4857511922022753
4093,34,0.5164604813427273
11711,34,0.39485117385993346
25794,34,0.880111949698497
27723,34,0.6615926406018158
16,34,0.6922532503267235
9190,34,0.34925365220521853
10260,34,0.2180952464958491
21165,34,0.391586164832812
23059,34,0.44872173071730764
24059,34,0.2274697253454458
24759,34,0.3557369182284382
26685,34,0.7539971747553628
27137,34,0.6335102723640104
27468,34,0.701887725516616
27795,34,0.9859131166739614
7,34,0.5125203011761221
248,34,0.5342010285399582
508,34,0.45945660739669064
847,34,0.4073975048676504
1733,34,0.46690710810527236
3377,34,0.41875848617596956
19884,34,0.4127623126268753
26356,34,1.184593184339327
26773,34,1.0524035814943742
27075,34,0.8514701146258441
27628,34,0.8721135674224652
2,34,1.0778476896027684
108,34,0.36770904168729857
852,34,0.44515159339948157
1270,34,0.4522809429927024
1738,34,0.4756973040040039
3208,34,0.4554199051148193
11312,34,0.2271374136126258
22231,34,0.6739873193932568
26360,34,1.1815036854941525
27381,34,0.954352052226969
27633,34,1.1138119814185488
6,34,0.9577228150818407
112,34,0.20861725566276448
258,34,0.3457214418507286
518,34,0.37352055411103813
1275,34,0.07048072696959187
2541,34,0.48654153224352076
3213,34,0.4575158036667457
10275,34,0.21114114585973287
11316,34,0.2996967235799251
12349,34,0.446113757825982
13326,34,0.28540192716411195
21180,34,0.5740015849516089
23074,34,0.7069274196063937
24074,34,0.7934889509156408
24942,34,0.6545399609836694
27436,34,1.1406330115354848
27638,34,1.1323410360774298
2385,34,0.2940091486061387
10279,34,0.43215176302945163
11322,34,0.6131788713741158
18834,34,0.2500997443843878
23079,34,0.6388925154881812
24947,34,0.8166543252389814
25804,34,0.6064903453110396
26176,34,0.9247168721178933
27156,34,1.5038759954239587
27607,34,1.4706571839708062
2390,34,0.3068263841439639
4122,34,0.3343180154361638
15737,34,0.2639392215397519
28131,34,0.528996091926027
24084,34,0.46984631074203836
25809,34,0.691918649443055
26361,34,1.7383615770583485
27869,34,1.1355341163758785
2394,34,0.22457678293704975
4127,34,0.5834639817088265
14940,34,0.33929940589218033
18843,34,0.5812979802383831
24089,34,0.3615112178747746
24957,34,0.48305457323854967
25814,34,0.5671855116766196
3230,34,0.34322632094479616
4132,34,0.6671244123957736
13346,34,0.5705616377778592
24962,34,0.5190270261780642
28189,34,0.5467342716135094
3235,34,0.6552772390421795
7058,34,0.6442170545560234
12374,34,0.7962481601306253
13351,34,0.8266712081892472
15954,34,0.3749672627190242
23099,34,0.4444563866845786
2721,34,0.136315368734282
4141,34,0.55112384020556
5145,34,0.5847377905917167
9234,34,0.6641331959757235
11346,34,0.7396695080889093
15958,34,0.44182851212334767
16981,34,0.36287422355751486
18017,34,0.4236735590433938
20996,34,0.4402684535171633
25487,34,0.6598425638590205
2557,34,0.0899848028348761
3244,34,0.41431268705767266
4941,34,0.5003507524735273
7283,34,0.6158524897259625
11351,34,0.698445961624876
13360,34,0.7227796175635138
19928,34,0.36440183866672965
21002,34,0.4277087149617148
24976,34,0.5447499472190211
3250,34,0.378269230954974
6214,34,0.4602156647776074
7072,34,0.5287531285830762
13365,34,0.5145017154588061
18867,34,0.27541991867486837
22065,34,0.45127742394087256
23113,34,0.48600031091156287
25659,34,0.5098262771373471
3254,34,0.3183920737116831
6219,34,0.39207177667859017
9249,34,0.49878720374681274
13370,34,0.5854224842509809
15973,34,0.47645277418354826
18872,34,0.21984513735398076
22071,34,0.38722207369503275
25819,34,0.61609904392887
2406,34,0.3470998347337038
6224,34,0.2884483258783029
14974,34,0.4618009602501337
18037,34,0.25020475253108737
18877,34,0.24176136970389556
19944,34,0.3038476717473278
21016,34,0.2621424636905253
22075,34,0.376114317290808
24991,34,0.5446591660728537
2411,34,0.37487398180982595
3089,34,0.26089701604562604
4166,34,0.29277695112487534
5169,34,0.282845373846209
11371,34,0.3739787679297404
12403,34,0.5479868170214124
14979,34,0.3071027396140598
18882,34,0.24401197178672387
21021,34,0.21050763369474057
2416,34,0.357828368853396
3269,34,0.2156780681464208
6234,34,0.255834453110162
8392,34,0.32286433655123825
9264,34,0.34109933163772926
13200,34,0.3982896871189983
15988,34,0.2685964693957894
17011,34,0.35988812512408114
18047,34,0.3554827243694309
19953,34,0.24663562544888082
21026,34,0.2858048970196121
22085,34,0.2567051618715604
25002,34,0.2924590101367611
25826,34,0.5787981357277552
4176,34,0.1882576600787655
5179,34,0.14738936682705003
6239,34,0.24865892343921575
7097,34,0.2632316756152872
8179,34,0.34201265800771696
12413,34,0.3692628724434026
14989,34,0.27836122700635313
18052,34,0.2512910607198346
18892,34,0.3372308156833756
21031,34,0.28564521216206384
25831,34,0.3549442950706044
1962,34,0.40394376446043817
2426,34,0.3139568234831094
4181,34,0.09900877200425845
6244,34,0.14863179415826963
7318,34,0.28348407067916925
8401,34,0.28316256624599545
10344,34,0.35415889142819335
14993,34,0.3826947476248962
17020,34,0.30582770173365625
18897,34,0.27634525387733105
19963,34,0.25715188560077107
5189,34,0.11170363128482289
7107,34,0.15909756365197816
9279,34,0.3067209075869228
10349,34,0.30760687112251206
12423,34,0.38618077967510095
13013,34,0.3258674887790362
14453,34,0.2357299813153954
14998,34,0.23380403203970324
23148,34,0.14304294508839913
24148,34,0.20011983673075873
1845,34,0.5004731187066663
10354,34,0.3668355032078866
12428,34,0.47502249734810514
13383,34,0.35048572119961985
14299,34,0.17950521050903004
18067,34,0.2926960275524395
2441,34,0.4001081104710594
3119,34,0.36261039327061273
4010,34,0.26249236463877096
7117,34,0.050440157672628654
9289,34,0.22803987690440086
13388,34,0.36987525680500627
16013,34,0.19234410666583673
17036,34,0.22212749761813286
18072,34,0.24619939630743648
18912,34,0.23350489867138513
24158,34,0.205596557815407
1741,34,2.7886109050962493
2446,34,0.33542147261480193
3298,34,0.4166811230920584
4200,34,0.3124204411483596
9294,34,0.21501232411508933
10364,34,0.2643837127242764
13393,34,0.2564427388586441
15013,34,0.02416800678535876
17040,34,0.18331628820047616
18917,34,0.20872357075126224
21056,34,0.2619521994003591
22115,34,0.19323026368700366
23163,34,0.2032489616668919
24163,34,0.23240391984248937
25031,34,0.3420489640204003
25856,34,0.2607483074394299
27857,34,3.0260325392677356
3303,34,0.4924182813061527
6269,34,0.2640801433747572
7126,34,0.11873734290388045
8209,34,0.9940793076250064
9298,34,0.20761826137957531
27967,34,1.7663017412496993
27981,34,0.3138156866211368
28051,34,2.897031575367446
17045,34,2.690192451229263
18290,34,0.764691330792595
18921,34,1.355883554141769
21060,34,0.28593961758522196
22118,34,0.24443959858599731
23166,34,0.3395461730472357
24166,34,0.44515500051877
25035,34,1.2016956049922876
25860,34,1.2831971485217386
27918,35,0.022489826291617353
8211,35,0.02356741812883703
9083,35,0.02218796592016216
28125,35,0.01829783649049345
20418,35,0.030357893301169656
5210,35,0.02247007653972412
6057,35,0.03113151238264616
7130,35,0.02292395361734245
7997,35,0.02201979576631302
9087,35,0.020373563332669258
9948,35,0.018689456927558638
18291,35,0.019739352382268788
18922,35,0.024924233548721794
19776,35,0.029178962960870167
20849,35,0.03710770374709528
21908,35,0.03639604160761554
22958,35,0.02762435619204773
3482,35,0.04501220863360508
4019,35,0.016304440713659933
4798,35,0.019755741589423878
5849,35,0.03639200112978877
7136,35,0.026946837754567812
8002,35,0.024466152164153085
9092,35,0.02107344048329449
10161,35,0.019328479547674055
11204,35,0.02321769416889272
12238,35,0.033740544482415834
16840,35,0.012763951348737939
17874,35,0.0161457589930663
18716,35,0.02674596572638566
19565,35,0.0325704208270223
20854,35,0.04095394224344946
21913,35,0.036799347643296274
23977,35,0.024460104681367847
2451,35,0.05544387288551688
4023,35,0.05189537105921292
5007,35,0.010349956035378456
5853,35,0.04437000342675632
6925,35,0.02855644377060461
9097,35,0.02937069851111647
10167,35,0.02822736415832184
11209,35,0.02881222629615646
12241,35,0.03473367230823271
13218,35,0.036137490690060926
14012,35,0.03566579564423094
15017,35,0.029687349161808246
16843,35,0.023609031704236238
17880,35,0.03341557737928868
18932,35,0.04052810145279801
19571,35,0.04170061993730885
20860,35,0.09801569670989958
21918,35,0.04809215123236909
22966,35,0.04374864710509011
24699,35,0.06662950788580034
1745,35,0.04580345018256425
2293,35,0.09960423309029344
3135,35,0.13544309520334402
7146,35,0.12144719076898601
8012,35,0.11828394881128748
12246,35,0.03562445600405637
15826,35,0.012493875442298442
16848,35,0.05801408962667735
1645,35,0.04249650416272512
3141,35,0.3460609126839217
7150,35,0.1300884502803617
9325,35,0.14593269860546998
13227,35,0.05598595757271698
9111,35,0.26849243014595936
12255,35,0.2683400460821088
1279,35,0.05310098773147259
11228,35,0.40866985863198674
12260,35,0.34671633855085005
13237,35,0.3084937111701398
16863,35,0.054384681686542584
21937,35,0.0739146633357944
1191,35,0.13693876214859987
3155,35,0.5246117564064914
4048,35,0.5745302090400743
10193,35,0.47276457748758577
11233,35,0.4511409579835055
28017,35,0.38546900212773444
13243,35,0.3088674981697986
15845,35,0.10470111737219405
17904,35,0.05037697955207361
18744,35,0.21939406843762363
19810,35,0.26105688085050316
20883,35,0.11644162138494955
4833,35,0.5607252745426783
6096,35,0.588508246963395
16667,35,0.11534305518814812
18749,35,0.1937241366349899
24011,35,0.14043428964513704
861,35,0.3670654133951034
13253,35,0.45817176997035797
14047,35,0.3196865587163217
18754,35,0.20005690655728103
23000,35,0.09263157899178139
24016,35,0.1307028858411074
4062,35,0.5255731254104797
14856,35,0.34142368398312517
21957,35,0.12148998530488563
24021,35,0.09303168627945345
25073,35,0.12420559089745643
582,35,0.49878741698348145
794,35,0.5051256327717395
1121,35,0.48852111446349095
6111,35,0.47495620995821186
23010,35,0.10345711355861693
25078,35,0.12011139386798322
520,35,0.501612054169244
15870,35,0.5040346457502948
18769,35,0.06974682015091468
24914,35,0.08240874398368767
464,35,0.3720649031021335
803,35,0.5080000343667216
7194,35,0.3522192319370601
15875,35,0.5476374842971796
17934,35,0.5250604577696658
24036,35,0.11798235486232414
25760,35,0.12393313960845498
1317,35,0.5001505134521455
8065,35,0.299266772467817
15880,35,0.6275480673345252
17939,35,0.6773323077555558
20918,35,0.03275124331203635
26733,35,0.28699965988265674
259,35,0.4109703645796931
1698,35,0.4944763310046716
2352,35,0.5139937720771669
6131,35,0.36020424064598905
17944,35,0.7573236362985938
25098,35,0.3024201261339898
26321,35,0.18091608795628447
27108,35,0.2496910767735672
266,35,0.5120236966466859
6994,35,0.3258428003138748
8075,35,0.31426707573726803
16913,35,0.6121127089042454
17949,35,0.4636200030500807
20069,35,0.34643949810101093
20928,35,0.15317813949705544
21987,35,0.2261757085848278
24050,35,0.4270082213779186
25103,35,0.39093721430477213
270,35,0.7002833760143751
823,35,0.467291061552408
1709,35,0.48443434683200304
8080,35,0.36731839889792706
9389,35,0.362615482313883
10449,35,0.3360023295718282
17953,35,0.1762899676680682
113,35,0.22104536499047536
616,35,0.5146093779560464
827,35,0.5304670722729838
1245,35,0.49789701256884217
8302,35,0.36597869625713664
10246,35,0.31783756850622147
11287,35,0.24898449914800108
17958,35,0.5788995130488956
26753,35,0.3398359070980882
63,35,0.2018567744136893
19654,35,0.5026528245961119
22002,35,0.4989410630510454
23050,35,0.6446026723778442
25789,35,0.6314502732325398
44,35,0.6384656391218745
560,35,0.47130614779292346
4093,35,0.40308531885831866
11711,35,0.48864532214056305
19874,35,0.3418296054332873
22007,35,0.27133602209883795
23055,35,0.46495299786839667
25794,35,0.7018284904762869
27723,35,0.7075744847687243
16,35,0.10858367892464624
9190,35,0.3521269283897528
10260,35,0.24621444493768904
12334,35,0.36489568634438674
21165,35,0.18157896011865446
23059,35,0.2965298289291755
24059,35,0.48877176863475436
24759,35,0.30448450978657954
26685,35,0.6096125989291412
27137,35,0.5869782057917833
27468,35,0.62887650755598
27623,35,0.6391232239070407
27795,35,1.0344059882038414
7,35,0.7173649413642655
248,35,0.44737753062489777
508,35,0.4121379466389181
847,35,0.39088576754253207
1733,35,0.4612298431469032
3377,35,0.4350768564617954
12339,35,0.38611105098035614
26356,35,0.7723735313536584
26773,35,0.7594029630903845
27628,35,0.7745649965817445
2,35,1.0953695694650565
108,35,0.27636223444210795
852,35,0.3459951433335923
1738,35,0.45153550216452215
3208,35,0.3796726691347889
11312,35,0.15641673835456438
22231,35,0.27769095557780155
24069,35,0.21877135670215023
26360,35,0.975856341229639
27381,35,0.7502335133086436
27633,35,0.9353353389878615
6,35,1.2990221948818952
112,35,1.091669522254042
258,35,0.327040879595233
1275,35,0.08264822191388287
2541,35,0.38099871048487
3213,35,0.3524029075834421
10275,35,0.1461626034260596
11316,35,0.3267557895248909
12349,35,0.5853364444940292
13326,35,0.38164905750986267
21180,35,0.2969551784884385
23074,35,0.31810529178969105
24074,35,0.19070421888157252
27436,35,0.9819117624941286
27638,35,0.9955661534108617
2385,35,0.20998054331839336
10279,35,0.36972013947574006
11322,35,0.5524198657768394
12354,35,0.36620475714218753
18834,35,0.2330603697956772
23079,35,0.28931397714018986
24947,35,0.24801605708243843
26176,35,0.1573050665367013
27156,35,1.3071840551066745
27607,35,1.3106970317263518
2390,35,0.35794898924828117
13336,35,0.32086540537754066
15737,35,0.3427582507033378
28131,35,0.5632930620278684
24952,35,0.1776322323087603
25809,35,0.2357710067112142
26361,35,1.0041274457541274
27869,35,1.3142414146937045
2394,35,0.07953240326288502
4127,35,0.41499488089151676
14940,35,0.43383636139070436
18843,35,0.6724830298425406
24089,35,0.29987900650689764
24957,35,0.2551490948524265
25814,35,0.26548190793339843
3230,35,0.12361028477093354
4132,35,0.4349860520616276
13346,35,0.6401831718479133
24962,35,0.5109110681414079
28189,35,0.23897775526684803
3235,35,0.38059458622569137
5140,35,0.4095548376435753
7058,35,0.4342352479316244
12374,35,0.8013618766254342
13351,35,0.8084415375484678
15954,35,0.41119091792983603
18013,35,0.46219547296925584
23099,35,0.4801536404101255
2721,35,0.2846702796682882
5145,35,0.43799525377020154
9234,35,0.4289711810143139
11346,35,0.5302569240533805
16981,35,0.4889095598094721
18017,35,0.4476331132393472
20996,35,0.494791376280433
22055,35,0.44432130517926427
24103,35,0.46411470370468527
25487,35,0.5444120532136933
2557,35,0.9189164475000462
3244,35,0.4568797840310651
4146,35,0.37198776330977174
4941,35,0.3907503618021295
7283,35,0.46906268355449227
11351,35,0.5482722662119394
21002,35,0.4534212412425568
24976,35,0.4919736218402152
2396,35,0.09456978170035964
3250,35,0.4541723894428487
6214,35,0.471056966836588
7072,35,0.4370560499581485
9244,35,0.4136649723313009
12388,35,0.5420412688723866
13365,35,0.6341166973741453
14964,35,0.6206750064671326
18867,35,0.3831622821387368
22065,35,0.4151890222192008
23113,35,0.43944627395564084
25659,35,0.6718542401558647
3254,35,0.36443137867925013
6219,35,0.5117997152501443
9249,35,0.450690529820223
10319,35,0.3973162984956101
13370,35,0.5176573041042779
14969,35,0.6650156365269695
15973,35,0.5676618183432782
16996,35,0.5117215851893285
18872,35,0.3988999290099547
19938,35,0.4467771140019659
25819,35,0.6128168379412879
2406,35,0.14582959675519616
6224,35,0.4192770792658296
14974,35,0.5023171819375428
18037,35,0.3690295000313891
18877,35,0.42470542282068713
19944,35,0.47655387393131926
21016,35,0.4508667135422277
22075,35,0.41295161744655245
24991,35,0.5096426311659258
2411,35,0.4124409813865643
3089,35,0.3701023558333641
4166,35,0.3884595878879787
5169,35,0.38924323657804727
11371,35,0.44217023588258647
12403,35,0.3958963347766433
14979,35,0.439829388620685
18882,35,0.45478427594091536
21021,35,0.4418735364542412
24128,35,0.5568835437685813
2416,35,0.5006652455329527
3269,35,0.34978524095851465
4171,35,0.36844949409288835
6234,35,0.41123880717815414
9264,35,0.39464240527376687
13200,35,0.3538968140671671
15988,35,0.45182364827585353
17011,35,0.40801413102678624
18047,35,0.4155849619168128
19953,35,0.4474256437539876
22085,35,0.4820920124613846
24133,35,0.4556185470674501
25002,35,0.5900806698320029
25826,35,0.6494968338071668
4176,35,0.37263916739486125
5179,35,0.38054788639347614
6239,35,0.36924280990792474
7097,35,0.4869341436298411
8179,35,0.4322376054208064
14989,35,0.4838133794236803
15791,35,0.43478058116116863
18052,35,0.43998581310585916
19958,35,0.45185890655732913
25831,35,0.8747746110047652
1962,35,1.1080949486975067
2426,35,0.48370507054153894
4181,35,0.2815462575204525
6244,35,0.40794142530594507
7318,35,0.39552385222587644
8401,35,0.4389429447133815
14993,35,0.46219631900988917
17020,35,0.3556249781412855
18897,35,0.39872555611427574
19963,35,0.4006757236787753
24143,35,0.4580828925628857
25011,35,0.5895051702084891
4186,35,0.2562373671207429
5189,35,0.2550144408952502
6248,35,0.259841599675598
7107,35,0.36103675806849184
9279,35,0.3779638027727987
10349,35,0.43776519212908527
13013,35,0.3607197057128585
14453,35,0.4761472307325787
14998,35,0.37895907270016566
21041,35,0.4350021049461483
23148,35,0.5277076643261325
24148,35,0.4740924166637808
1845,35,2.110764695199885
2436,35,0.567815982624426
10354,35,0.7757566094957146
12428,35,0.7057690974091715
13383,35,0.6684414799804262
18067,35,0.37537251998068244
19973,35,0.4860159274281887
2441,35,0.7416442866624737
3119,35,0.7718362642703043
4010,35,0.780578271632108
7117,35,0.7841302664759273
9289,35,0.7703743435700297
13388,35,0.6740876767239872
15008,35,0.6035986921236474
16013,35,0.5882281769711583
18072,35,0.578242529703016
18912,35,0.6179903811119086
24158,35,0.5256394103197618
1741,35,3.0715158556897406
2446,35,0.700960651378579
3298,35,0.7678884813859076
4200,35,0.7839747505562118
8203,35,0.7418629386040831
10364,35,0.7814083520453318
11406,35,0.7267047211823778
13393,35,0.6929162627594981
15013,35,0.732542262127095
15815,35,0.5817040394218629
17040,35,0.5866616041560766
18917,35,0.5085649213175817
21056,35,0.5419218636879725
22115,35,0.586808050845301
23163,35,0.5569563986860737
24163,35,0.4972774401491741
25031,35,0.7006234531507797
25856,35,0.7138405441071382
27857,35,3.1899327006705476
3303,35,0.7296335323239336
4205,35,0.7307155051320121
6269,35,0.7490993027057016
7126,35,0.712338289309159
8209,35,0.41345690716558653
9298,35,0.7373929399173812
11410,35,0.7347919047641766
27967,35,2.085920412475376
27981,35,0.32481256830609323
28051,35,3.544406443288954
16225,35,3.650827997018429
17045,35,3.450510842260049
18290,35,0.6786432284493976
18921,35,1.2334024007153979
19987,35,2.2895872367661427
21060,35,0.4158359118277511
22118,35,0.5109665127692213
23166,35,0.4777550840047056
24166,35,0.4685504821039272
25035,35,0.8526168797414819
25860,35,0.6649477343218033
27918,36,0.01891610979609144
8211,36,0.020512194594300648
9083,36,0.01563673715277025
28125,36,0.019728429291061392
20418,36,0.022140160519537287
5210,36,0.021286695492187566
6057,36,0.022599598946863815
7130,36,0.0165086517422444
7997,36,0.016440049357255376
9087,36,0.018938774987363724
9948,36,0.01943403929798815
18291,36,0.011821254654876271
18922,36,0.014053335204016349
19776,36,0.017037555724225623
20849,36,0.019450757751320113
21908,36,0.01616998072145692
22958,36,0.01849166448738603
3482,36,0.016432816438557114
4019,36,0.019384694406556265
4798,36,0.021117425651256738
5849,36,0.02282581226268728
7136,36,0.016598975795604178
8002,36,0.01690665412936849
9092,36,0.020264364998561192
10161,36,0.021166759352350864
11204,36,0.014994600417187786
12238,36,0.011668343267478076
16840,36,0.012306284816726463
17874,36,0.011780125579329582
18716,36,0.013363445924482914
19565,36,0.016088042590431558
20854,36,0.017623089860952432
21913,36,0.019698657479881743
23977,36,0.015031274973697516
2451,36,0.014651258946601157
3131,36,0.016008944406693638
4023,36,0.016230479960423407
5007,36,0.0162729485483685
5853,36,0.016377629024340836
6925,36,0.017361768670719934
9097,36,0.023070514979645643
10167,36,0.02357392687610864
11209,36,0.015967779741980295
12241,36,0.012627853235362953
13218,36,0.012341265144853425
14012,36,0.013240681165711553
15017,36,0.012692274687830825
16843,36,0.012610710268658608
17880,36,0.01491159898439134
18932,36,0.01764671838348761
19571,36,0.0186639249986471
20860,36,0.025944182765117983
21918,36,0.026099763015170738
22966,36,0.033950784770180195
1745,36,0.06404156186325292
2293,36,0.10902101743902316
3135,36,0.039389407656049126
4028,36,0.010874199921017676
27900,36,0.015486739610585127
7146,36,0.017525350403629
8012,36,0.053350732053237086
12246,36,0.013888274153593066
15826,36,0.013129537273651784
16848,36,0.016445130957224267
1645,36,0.08481735467812825
2298,36,0.11404142883505484
3141,36,0.03387923130803977
7150,36,0.058625161773934266
13227,36,0.022971702061849668
9111,36,0.1274491383364306
12255,36,0.1963328944049083
1279,36,0.2313998348789352
11228,36,0.20218172289227374
12260,36,0.24238650040907342
13237,36,0.22996508267914817
16863,36,0.07134249559331604
21937,36,0.16221128440094473
1191,36,0.24817445537610458
3155,36,0.11362876719894287
4048,36,0.05433509653700496
10193,36,0.16054388903832448
11233,36,0.2117530945150318
28017,36,0.2791648840364993
17904,36,0.0756020762707553
19810,36,0.0905829641048468
20883,36,0.15191869759516002
4833,36,0.1193206254606541
18749,36,0.08141259857758669
22995,36,0.17291392881659062
24011,36,0.20364308653543578
861,36,0.27223019707458
14047,36,0.34401338962976463
23000,36,0.1994063998008049
24016,36,0.18103794050596486
4062,36,0.2088112372304083
5047,36,0.11905577919604483
14856,36,0.40897486138797523
21957,36,0.1290187261344402
24021,36,0.23143245511653562
25073,36,0.2018295339340225
582,36,0.28741330892822814
794,36,0.29703114242956236
1121,36,0.34312224699758265
6111,36,0.21488121071566857
14861,36,0.38539135522815826
15865,36,0.39470468724846214
25078,36,0.23389474191670254
520,36,0.3183107689807147
15870,36,0.48467568558112867
24914,36,0.2534461509261264
464,36,0.34964651844648775
803,36,0.36864208889488753
7194,36,0.2497697144478517
15875,36,0.4473755170103078
17934,36,0.40525980691979885
24036,36,0.14210131076129667
25760,36,0.26657102665110116
305,36,0.20584225004737633
808,36,0.3973876833374269
1317,36,0.41708102706324873
8065,36,0.3202157769025464
15880,36,0.41928440526193
17939,36,0.490049595269757
20918,36,0.0901155132652162
26733,36,0.6044972671204258
259,36,0.24696167513193898
1698,36,0.45973084014133425
6131,36,0.368917249639263
17944,36,0.48706100205455743
18784,36,0.48023768500535824
25098,36,0.2670629416331314
26321,36,0.4438916213212807
266,36,0.2998650315615531
6994,36,0.3559486537130148
8075,36,0.3643233750206401
16913,36,0.5441379384223827
17949,36,0.49260287190612906
20069,36,0.37674612189789214
20928,36,0.28379281552517854
21987,36,0.2554666099447623
24050,36,0.28823772468437464
25103,36,0.2943609243321924
26326,36,0.4854941259515753
270,36,0.3099296048879159
823,36,0.44995865827089476
1709,36,0.518957996778265
8080,36,0.3665415573321286
9389,36,0.40410468818356193
10449,36,0.5394952992952706
17953,36,0.6701516847312974
18794,36,0.6378326431592556
23661,36,0.34639190484794613
113,36,0.1510489938193455
616,36,0.5223174628901506
827,36,0.4907733422862456
1245,36,0.5157899165397528
8302,36,0.46107559956017463
10246,36,0.3548050588290669
11287,36,0.46389009535720444
17958,36,0.6254508004962575
20937,36,0.49715212554598787
26753,36,0.5768949102045999
63,36,0.42459610326425923
11706,36,0.3504163506234032
19654,36,0.467338334426961
22002,36,0.14598214662807887
25789,36,0.609642574536851
44,36,0.5272181338395755
560,36,0.5932989166975675
838,36,0.57679206852372
4093,36,0.6556315355267806
11711,36,0.2386250702790207
19874,36,0.4465350161852368
21160,36,0.3229855026329091
23055,36,0.29443361850819705
25794,36,0.6245473512118512
27723,36,0.8816628952469946
16,36,0.6595075078468132
131,36,0.6633060703736481
9190,36,0.426906973125077
10260,36,0.5242342138530298
12334,36,0.41375543166236955
21165,36,0.5583621857898738
23059,36,0.5107038767230575
24759,36,0.25030903156388556
26685,36,0.7596512147135629
27137,36,0.729767954834877
27727,36,0.8717803831070714
27795,36,1.1034597128297514
7,36,0.8717124183064547
248,36,0.785375453278199
508,36,0.7976472483591718
847,36,0.8689572704555738
1733,36,0.6638537760799754
3377,36,0.6990280966185757
12339,36,0.34519914796628015
26356,36,0.7398542018213782
26773,36,0.7912960363470409
2,36,1.0403346433619614
1738,36,0.8560085601918622
3208,36,0.5074621138327975
11312,36,0.5107948900513828
17983,36,1.0472378057226919
22231,36,0.9830834840132157
24069,36,0.696389771106931
26360,36,0.8060006859458257
27381,36,0.8680838737656086
27633,36,0.9810988791832431
6,36,1.1639998892357135
112,36,1.0155354919279302
258,36,0.8762380933619864
1275,36,0.9430778357009507
2541,36,0.9009320903877931
3213,36,0.46807770826229966
10275,36,0.6005012999489588
11316,36,0.36400783639470413
12349,36,0.2648907163615469
13326,36,0.46448055782465286
17988,36,1.0288564186285774
21180,36,1.0310660543151666
23074,36,1.0117003551793449
24074,36,1.0303573255835874
27436,36,0.9949642716802165
27638,36,1.069227420478227
2385,36,0.8530123149754901
8120,36,0.46015737250773553
10279,36,0.3843477111828961
11322,36,0.13582932688716046
12354,36,0.7223321848729527
18834,36,1.0488293749821498
23079,36,1.2819149470409783
24947,36,1.13704875225157
26176,36,0.5389315046157586
27156,36,1.1811482353349099
27607,36,1.3550320279279033
2390,36,0.7650691015409635
13336,36,1.0141624257837858
15737,36,0.8720816588836501
28131,36,0.9191492519490929
24952,36,1.2613911021000797
25809,36,1.0192089754714728
26361,36,0.6589382926321187
27869,36,1.0685861474278238
2394,36,0.6929901878227058
4127,36,0.36860609641532444
14940,36,0.8400825558146281
18843,36,0.7302168947707314
24089,36,1.0653880296010918
24957,36,1.1928772843975164
3230,36,0.515018186420106
4132,36,0.5099008831575101
5134,36,0.5493784759310805
13346,36,0.4898230744838057
24962,36,0.8412367077842643
28189,36,1.2101476304932886
3235,36,0.4932272380473747
7058,36,0.730607342746325
12374,36,0.6165099359170635
13351,36,0.38172171272137334
14950,36,0.6776893434247214
15954,36,0.9612371398716854
16977,36,0.9883371827842241
18013,36,1.0375009038916374
23099,36,0.946784675869253
24099,36,0.9756387289494532
2721,36,1.327700008499608
5145,36,0.7101169764690582
5992,36,0.7927915103946618
9234,36,0.8184772470559704
11346,36,1.0094008961409446
13355,36,0.4580527688840987
14437,36,0.6114823307198421
16981,36,1.0018434090556794
18017,36,1.0787973164025442
20996,36,1.024278112959371
22055,36,1.0333298259939618
25487,36,0.9727572423108548
2557,36,1.3274411787975577
4146,36,0.7519599910566553
4941,36,0.8289444237304154
7283,36,0.8904977207959077
11351,36,1.1459518630972265
21002,36,1.174011527670378
24976,36,1.0551876485841427
2396,36,1.180558948811296
3250,36,0.8369823896312554
6214,36,0.9070570925593886
7072,36,0.9974810945610454
12388,36,1.4338628340376065
13365,36,1.0267327628500382
18867,36,1.1675027807152727
22065,36,1.2170612104863179
23113,36,1.1762549492054868
25659,36,1.1811690215546475
3254,36,0.9100656390400632
6219,36,1.0741813706054975
9249,36,1.1804089465231324
10319,36,1.1684005219596176
11361,36,1.15011710675681
13370,36,1.4724532557326913
14969,36,0.841596589858454
15973,36,0.888804129908704
16996,36,1.0745396341543543
18872,36,1.3360438857678396
19938,36,1.3507553461168895
24118,36,1.209906172527391
25819,36,1.1398816575914121
2406,36,1.3022313999190032
4161,36,1.1385278721442855
6224,36,1.1258425389449525
14974,36,0.981315612463089
18037,36,1.3694643524975714
18877,36,1.3161057488233305
19944,36,1.3351626585748573
21016,36,1.3130112946207588
22075,36,1.2997717173744623
24991,36,1.2828252278350567
25669,36,1.2790111499042522
2411,36,1.2772126492869753
3089,36,1.1295938342459704
4166,36,1.1695168624950876
11371,36,1.4733700546176454
12403,36,1.4638175156172302
14979,36,1.2049214924107272
18882,36,1.3655917390438153
21021,36,1.3620731588189103
23337,36,1.3861706653365455
2416,36,1.335459648645455
3269,36,1.1847241715600136
6234,36,1.3116928514988004
9264,36,1.4151630144294756
13200,36,1.5382021399431258
14984,36,1.2560847684505576
15988,36,1.3731791830077809
17011,36,1.403192056356248
18047,36,1.4824109704353443
19953,36,1.4605081356640373
22085,36,1.4237577261047654
24133,36,1.3990285282054766
25002,36,1.1959367813272976
25826,36,1.0918721131135156
4176,36,1.382219640960076
5179,36,1.3796597179541161
6239,36,1.4009646787715277
7097,36,1.47822656729764
14989,36,1.3370711195029072
18052,36,1.4803584212431045
25831,36,1.191642939906402
1962,36,2.2450500592132934
2426,36,1.441222516837535
6244,36,1.5574720318528654
7318,36,1.5449447616512038
8401,36,1.604180756215885
17020,36,1.475220762353352
19963,36,1.563325185088086
23143,36,1.5699785171918041
5189,36,1.6161087271385985
6248,36,1.6063608326927257
10349,36,1.724327954892876
13013,36,1.7163893234519023
14453,36,1.68798711462395
14998,36,1.7383090917053647
23148,36,1.68753926709544
24148,36,1.560294054863565
1845,36,2.816203694107914
4190,36,1.4188462922986984
4985,36,1.4141418484372772
10354,36,1.5064925410195213
13383,36,1.4733009099138252
18067,36,1.7953514442261467
19973,36,1.6873324913002457
21046,36,1.6470396925190502
25021,36,1.2563984246557285
25846,36,1.078588926336748
2441,36,1.6151315682022025
3119,36,1.6410804012103661
4010,36,1.6308410421798851
9289,36,1.465773599071833
10359,36,1.5232019593819566
13388,36,1.5452594451686439
15008,36,1.7234388094068291
16013,36,1.7004543218427217
18072,36,1.8037832383178205
18912,36,1.771719875191326
23158,36,1.49736476542656
24158,36,1.462848743049316
1741,36,3.099840597538122
2446,36,1.718842350050077
3298,36,1.6593305575021164
4200,36,1.6416361114257192
8203,36,1.6533123998723613
10364,36,1.683943259079294
11406,36,1.6545277898468078
15013,36,1.766914072281243
15815,36,1.7380659788806347
17040,36,1.7249719523780898
18917,36,1.7462347417979949
19983,36,1.6855283794076994
22115,36,1.572486702257396
23163,36,1.4136569944283541
24163,36,1.4748709682173458
25031,36,1.5511608040155396
25856,36,1.1550966110423155
27857,36,3.149355344879182
2288,36,3.0045330083722916
3303,36,1.8665913749473182
4205,36,1.7778976100438817
6269,36,1.8168885659417486
7126,36,1.7167518916287703
8209,36,2.036359789799636
9298,36,1.7615155073527884
11410,36,1.7554055475718546
27967,36,2.36833818413449
27981,36,1.962315642508863
28051,36,3.27152756221742
17045,36,3.362071393232711
18290,36,2.467884849914843
21060,36,2.0160759383133056
22118,36,1.553636796589921
23166,36,1.9883804485027927
25035,36,3.218406092028973
25860,36,2.948935168717481
27918,37,0.01434890383429908
8211,37,0.013803572055860351
9083,37,0.009739533566681717
28125,37,0.011193459481370054
20418,37,0.01857625254778996
5210,37,0.013857790347561303
6057,37,0.015395273323446855
7130,37,0.010300768890570208
7997,37,0.010267832328835503
9087,37,0.010635000334290962
9948,37,0.010593497697976717
18291,37,0.013296394915178023
18922,37,0.014859823629183408
19776,37,0.01590996109886424
20849,37,0.019338512942954685
21908,37,0.017108170178841798
22958,37,0.007204911749439741
3482,37,0.034665079749720294
4019,37,0.012025854128874703
4798,37,0.014041958197502579
5849,37,0.018381172331086153
7136,37,0.011427719084208273
8002,37,0.011276319516209462
9092,37,0.0116850577295501
10161,37,0.011884902925171383
11204,37,0.007179605242601202
12238,37,0.014325454580821987
16840,37,0.012460253437798916
17874,37,0.013350981066362946
18716,37,0.01550923266844661
19565,37,0.01922886030387181
20854,37,0.0234831104529013
21913,37,0.015912133767212823
23977,37,0.0033132801108195034
2451,37,0.016188319357614826
4023,37,0.05207778194201556
5007,37,0.005699756908019715
5853,37,0.009903163596445446
6925,37,0.0127599427875084
9097,37,0.011985641866476413
10167,37,0.01094673598098597
11209,37,0.014942602957827572
12241,37,0.018222114916837753
13218,37,0.02040496050858785
14012,37,0.02179476478371746
15017,37,0.023462181248441804
16843,37,0.015616456756468867
17880,37,0.02395113275531418
18932,37,0.025751312256173536
19571,37,0.026283906104352314
20860,37,0.031211297743868216
21918,37,0.029021188238771676
22966,37,0.028676551230756738
1745,37,0.015327464228253108
2293,37,0.07371721853298373
3135,37,0.057173207983898015
4028,37,0.06556809381672203
27900,37,0.013748739542443796
7146,37,0.022270415552689472
8012,37,0.015206870347293565
12246,37,0.025136476246700432
15826,37,0.0662845121389344
16848,37,0.013951359507744768
1645,37,0.08551305052800598
2298,37,0.06972830526841577
3141,37,0.11207969833859452
7150,37,0.06361637046383624
8016,37,0.08264656930552607
13227,37,0.03592342324269478
9111,37,0.012814937863271826
12255,37,0.040839773109936514
1279,37,0.12144493998447885
4042,37,0.18491187971589557
11228,37,0.026135578208784344
12260,37,0.05324198652232465
13237,37,0.13210596711368316
21937,37,0.10426295191753115
1191,37,0.12420815512982168
3155,37,0.19353983019128307
4048,37,0.20167586607538007
10193,37,0.13752613434680844
11233,37,0.1295704350715153
28017,37,0.08959341197729795
17904,37,0.11951113147679049
19810,37,0.12420154937907509
20883,37,0.09016948247712972
4833,37,0.20137073275259856
18749,37,0.10402754392842958
20888,37,0.10343138931839983
861,37,0.0798760137731261
4246,37,0.1851519169799972
14047,37,0.08902045135117295
23000,37,0.1076826937470083
24016,37,0.14125452700251226
4062,37,0.1656008007866181
14052,37,0.12812042627195588
14856,37,0.08958754139715958
21957,37,0.11813538901381615
24021,37,0.10385083512499753
25073,37,0.17618704144801864
582,37,0.24604897348510277
794,37,0.14703829258313175
1121,37,0.12114751385242206
6111,37,0.2056696211654834
15865,37,0.2112745270425555
25078,37,0.09864379453335996
520,37,0.23217217987188096
15870,37,0.22188889645580856
24031,37,0.1102247260533775
24914,37,0.14864550965887433
464,37,0.15094601064404362
803,37,0.14908457772021516
7194,37,0.1636339854126108
15875,37,0.27052312299086434
17934,37,0.2284720595400504
24036,37,0.11332531030919366
24919,37,0.12876664080499972
25760,37,0.19701720685277113
305,37,0.26736412003563415
808,37,0.1311775501833444
1317,37,0.12041568002741562
17939,37,0.4264570021354642
20918,37,0.053338832332250945
26733,37,0.3904211416732776
259,37,0.1830800298750816
1698,37,0.12730839547660433
6131,37,0.16737153453309103
17944,37,0.502927934903666
18784,37,0.4075718550127373
25098,37,0.17816792316456456
26321,37,0.24049012921028853
26739,37,0.40694414423309777
266,37,0.12361553055958982
479,37,0.328779870128066
6994,37,0.13358792184408694
8075,37,0.17721468278109892
16913,37,0.42982007980281073
17949,37,0.180420999761857
20069,37,0.07999114440743685
21987,37,0.45231537874073496
24050,37,0.22793236967934255
25103,37,0.22886740067516764
270,37,0.1802449516089041
823,37,0.14996305087817616
1709,37,0.1151572750437676
8080,37,0.13260003304591816
9389,37,0.15928139684491172
17953,37,0.24134196413062364
18794,37,0.1358479913000736
113,37,0.3781747367547797
616,37,0.13653011367658474
827,37,0.18031498034348853
8302,37,0.2106324182978037
10246,37,0.14107187497963433
17958,37,0.24941388066989986
21996,37,0.48974763406809374
26753,37,0.3433529808941574
63,37,0.6009518141002812
22002,37,0.6892428505321827
25789,37,0.5016032712296694
44,37,0.47627462841259033
560,37,0.06584182822442289
838,37,0.10733333408837276
4093,37,0.16461058228264644
11711,37,0.4781850167540012
19874,37,0.3832841758201292
23055,37,0.7736972675042569
25794,37,0.4594094904012884
27723,37,0.778114768450296
16,37,0.8113634750192193
131,37,0.08269479154800823
9190,37,0.23441993796660798
10260,37,0.12822479941347548
12334,37,0.36515082326256687
21165,37,0.31013909545164725
24759,37,0.5863420210965381
27137,37,0.543247453621425
27795,37,1.188735421491888
7,37,0.9436267723823469
103,37,0.1424209007740072
248,37,0.18482636648920714
847,37,0.10654606441765728
1733,37,0.16946795123262845
3377,37,0.10118160357938102
12339,37,0.5099077793253652
26356,37,0.6012293468328795
26773,37,0.6062096647387638
27075,37,0.5658682893377701
2,37,1.039150481188502
1270,37,0.09984690566696529
1738,37,0.2095627549737985
3208,37,0.04057206666394319
11312,37,0.15957186579955765
17983,37,0.147170603251506
22231,37,0.01567379808445265
24069,37,0.4264407524944065
27381,37,0.6696369523837364
27633,37,0.7560608442234623
6,37,1.1747046046195755
112,37,0.9135038746786931
1275,37,0.2977002708662981
2541,37,0.1494278039614833
3213,37,0.10509168084102802
10275,37,0.11407707234569836
11316,37,0.3149467619345435
17988,37,0.25052007682577077
21180,37,0.2121033211789515
23074,37,0.05859720280085385
24074,37,0.09850580300878635
27436,37,0.8217190725158025
27638,37,0.919272144989848
2385,37,0.22077668541498285
8120,37,0.2846860558762155
11322,37,0.8302289578630333
23079,37,0.18151415601800863
24947,37,0.09398719568557423
27156,37,1.1046132902104968
27440,37,1.1301496553047186
27607,37,1.2970288377430756
1841,37,1.0178270128266997
2390,37,0.3890246749643435
13336,37,0.2703506295406172
15737,37,0.16205177142660204
28131,37,0.20086470242497442
25809,37,0.3248905040565711
26361,37,0.36896353073271493
27869,37,1.0636545955391365
2394,37,0.1096983351527238
4127,37,0.45144347164799725
14940,37,0.3878437692246871
18843,37,0.3910910103666785
24089,37,0.09077373437179515
24957,37,0.20596174286379712
3230,37,0.2613342437773314
4132,37,0.4431383006912905
5134,37,0.4621762766363984
19913,37,0.3329999272670778
24962,37,0.20189938158028223
28189,37,0.305853724296714
3235,37,0.4220605464185733
7058,37,0.5099487193033176
12374,37,0.6358565968998311
13351,37,0.7979916056484502
15954,37,0.33669866160863937
16977,37,0.2560471376026652
18013,37,0.20460498540286637
23099,37,0.15997029491292808
2721,37,0.7669778696177743
4141,37,0.3616438038173903
9234,37,0.30298070177870984
11346,37,0.5018543661717872
13355,37,0.8237747168867335
15958,37,0.3607724505852122
16981,37,0.2962357816447066
18017,37,0.19139250092842897
20996,37,0.23517501577031164
25487,37,0.5067737621649044
2557,37,1.2584725346914336
4146,37,0.3414389835988261
4941,37,0.4271969936264236
7283,37,0.46840196456130273
21002,37,0.19014571582466983
24976,37,0.12684385999326764
2396,37,0.7768158768626547
7072,37,0.5596048209797883
13365,37,0.44446942638303916
18867,37,0.17084348242293979
22065,37,0.19308251047305672
25659,37,0.17949122670686338
3254,37,0.30132699000989116
9249,37,0.3794326688872898
10319,37,0.21602071882708482
11361,37,0.1701272479809455
13370,37,0.25710670871836255
14969,37,0.6948328852419642
15973,37,0.5148917793071847
16996,37,0.2855433987509552
18872,37,0.16881893932649752
19938,37,0.1677644057464265
22071,37,0.1722674419919231
24118,37,0.1337022958020894
25819,37,0.1622764738562016
2406,37,0.11670109127973989
4161,37,0.3604357253966584
6224,37,0.3178162894529985
7082,37,0.42101145101675985
8164,37,0.4034484721485538
14974,37,0.47147078183601987
18037,37,0.08875931029478196
18877,37,0.1681263252610799
19944,37,0.21273698833782106
21016,37,0.16773343010156208
22075,37,0.17470443124303345
24991,37,0.07591779002687482
2411,37,0.03854700318169941
3089,37,0.3376997792962308
4166,37,0.3572369861490608
7087,37,0.3574787091339443
11371,37,0.23998616073311504
12403,37,0.2808246065203259
14979,37,0.16285912570506544
18882,37,0.13146774902425679
21021,37,0.1781538462307547
23337,37,0.2054488618653768
2416,37,0.13386278442376046
3269,37,0.2830884441581065
6234,37,0.3750439224744999
7092,37,0.41602341908243556
9264,37,0.3925054719029301
13200,37,0.23338078920027852
15988,37,0.1808617695030816
17011,37,0.10151486367192214
19953,37,0.1741473601261176
22085,37,0.1914708138942271
24133,37,0.1754049657749162
25002,37,0.24714670009728448
25826,37,0.43081424872843077
4176,37,0.382673859809219
5179,37,0.3530779736499434
6239,37,0.3594809164852617
7097,37,0.3933251307310341
14989,37,0.3509099143361002
18052,37,0.09526316739010111
18892,37,0.15880593017340255
21031,37,0.1724692857900715
25831,37,0.3342591433230069
1962,37,1.1976588458701265
2426,37,0.3794273902373426
7318,37,0.33394094245362055
8401,37,0.43356473951506713
9274,37,0.3693615274683929
17020,37,0.042410607449988924
19963,37,0.1493659995089644
23143,37,0.2932888180750036
2431,37,0.3431400797060865
5189,37,0.32841448377272575
8189,37,0.30342032176522815
10349,37,0.40242905351701475
11391,37,0.41131871212025284
13013,37,0.33785612327649683
14998,37,0.15520240539283223
24148,37,0.27253598726074657
1845,37,0.7973933700312175
4190,37,0.32369017976460246
4985,37,0.30174527708480253
10354,37,0.43733396815074976
13383,37,0.3058352161983127
18067,37,0.11699815202269236
19973,37,0.20450986096989401
21046,37,0.1980749291200309
25846,37,0.4672405486589565
2441,37,0.2280361953901106
3119,37,0.2910613581960446
4010,37,0.24710122769594908
9289,37,0.27115672707643595
10359,37,0.32704519997957054
13388,37,0.18385975872166618
16013,37,0.22913277666910148
18072,37,0.17951539460309496
18912,37,0.23972325387216914
25026,37,0.3924886954953441
2446,37,0.1864276903235447
3298,37,0.29425121065077475
4200,37,0.24761031368087358
8203,37,0.1950211929977557
9294,37,0.16098753990582496
10364,37,0.21019978496541777
11406,37,0.1571658513454971
15013,37,0.30494164032434
17040,37,0.17286563098431973
18917,37,0.22812238875231503
19983,37,0.25773574581827585
22115,37,0.26152927632049233
23163,37,0.36594134139564954
24163,37,0.28800943950460806
25031,37,0.340074727883264
25856,37,0.43627430711348614
27857,37,2.8760646218293147
2288,37,0.6100290724767211
3303,37,0.30484947866069106
6269,37,0.30680998354746475
7126,37,0.24347181405298465
8209,37,0.23391077328101548
9298,37,0.061021629061265424
11410,37,0.10647946809671806
27967,37,1.2862165691259884
27981,37,0.5562314405956498
28051,37,3.255266795745556
17045,37,1.7123962702713107
21060,37,0.2849155150914231
22118,37,0.2507267902536031
23166,37,0.28125921440119267
25035,37,0.32388178606411494
25860,37,0.3967274565294407
27918,38,0.006711906567299838
8211,38,0.009235231999832038
9083,38,0.011388626598719925
28125,38,0.014894511608780312
20418,38,0.012224612382769182
5210,38,0.007923850210895594
6057,38,0.0061638853506072325
7130,38,0.006292484374292416
7997,38,0.007425304370198637
9087,38,0.013688376939553366
9948,38,0.013373219588404017
18291,38,0.01682653412358028
18922,38,0.01572606646016895
19776,38,0.015017959423795576
20849,38,0.01357174455558775
21908,38,0.014321061686032822
22958,38,0.014843019437510846
3482,38,0.01812052684674427
4019,38,0.01213706264754164
4798,38,0.0086608500840322
5849,38,0.007749968208820203
7136,38,0.004712497598974989
8002,38,0.006216859330424165
9092,38,0.013206969796856155
10161,38,0.014098391523222134
11204,38,0.01230239023836775
12238,38,0.008366268343367799
16840,38,0.013325372998010745
17874,38,0.013790353562336434
18716,38,0.015202205226407518
19565,38,0.014705809252004463
20854,38,0.013545239149686843
21913,38,0.014432169074776555
23977,38,0.011851938071953394
2451,38,0.019761417515576588
4023,38,0.02216100851309532
5007,38,0.01377994653092179
5853,38,0.010960469019077167
6925,38,0.009102251430501574
9097,38,0.016611859600503317
10167,38,0.015115317551080368
11209,38,0.011480569099175796
12241,38,0.010476914669570911
13218,38,0.011900813441738536
14012,38,0.01239820732686877
15017,38,0.015043296088143521
16843,38,0.015356900663771447
17880,38,0.014407433854964073
18932,38,0.018739782120437736
19571,38,0.01959655146012494
20860,38,0.02052531498268297
21918,38,0.021741315209766916
22966,38,0.022348290219133427
1745,38,0.044933830917661295
2293,38,0.056144977483048225
3135,38,0.03516078681370473
4028,38,0.06592902266749712
27900,38,0.018882459729299528
7146,38,0.061712755207213525
8012,38,0.014563800596413056
12246,38,0.01591772575576435
15826,38,0.08857634439038047
16848,38,0.0175425427027663
1645,38,0.04580315466843452
2298,38,0.06904202096622193
3141,38,0.037178808263082085
7150,38,0.04997680315010742
8016,38,0.057523020798819206
9111,38,0.05195416163098961
1279,38,0.08865469112568475
4042,38,0.18787558522683914
11228,38,0.12670391866044517
12260,38,0.20073522636260793
13237,38,0.16930371081655057
21937,38,0.07237772229218659
1191,38,0.1172960815048746
3155,38,0.14041456233964533
4048,38,0.23288928355039107
10193,38,0.15564022638802613
11233,38,0.16560079967770341
28017,38,0.17466009219557346
17904,38,0.18673632915885086
18744,38,0.18811625945120744
19810,38,0.16092591294330855
20883,38,0.10153470897940428
4833,38,0.1999793284458747
6096,38,0.149783170882718
12270,38,0.12316186085487824
18749,38,0.2784943736094597
861,38,0.047724870825147425
4246,38,0.12924882502047613
13253,38,0.1993402647439607
23000,38,0.17921862083975099
24016,38,0.21252988894017885
788,38,0.023029660089493587
4062,38,0.09147238318974059
14856,38,0.26693891348268434
21957,38,0.14826819202132444
24021,38,0.17965846642931566
25073,38,0.22538040976822218
582,38,0.09948403414025915
794,38,0.02963251772275627
1121,38,0.06435738491797366
6111,38,0.18183764302116964
15865,38,0.2687799545585577
24026,38,0.16522540994100468
25078,38,0.19761158887435717
520,38,0.03163163347392164
15870,38,0.2735307714649167
24031,38,0.15472667805579507
24914,38,0.16117630726157967
27093,38,0.6513714331404565
464,38,0.14086126435982615
803,38,0.06521470994160282
7194,38,0.07990074150831783
15875,38,0.32340347097095096
17934,38,0.447731754005383
24036,38,0.1232684828035594
25760,38,0.2048266851512406
305,38,0.14039420994141158
1317,38,0.11444075433408371
7200,38,0.08308024773005059
17939,38,0.4049456823721549
26316,38,0.2770207594334371
26733,38,0.38804275334592503
259,38,0.2579857647505963
1698,38,0.21422119165220238
9161,38,0.2044641806719963
17944,38,0.4522981892279864
25098,38,0.161546678479764
26321,38,0.3466480358715836
27108,38,0.4428945634676652
266,38,0.3001490034394385
479,38,0.12676821755655954
6994,38,0.2413815387875971
8075,38,0.018957094026440118
17949,38,0.5004004382168613
21987,38,0.412692168054198
24050,38,0.33632048734386927
25103,38,0.22877097790909623
270,38,0.23388485780568846
823,38,0.24752004916022394
1709,38,0.2795936259436673
8080,38,0.08463048914275885
9389,38,0.08322884334377019
17953,38,0.598938120182615
18794,38,0.6384323569463012
113,38,0.5141917779655715
616,38,0.2726581343231254
827,38,0.24785857053382146
8302,38,0.15603065135689947
17958,38,0.6841974041240753
21996,38,0.6211882237728361
26753,38,0.35450731500793436
63,38,0.6473027178729721
22002,38,0.6243916702499009
25789,38,0.6779267568094582
27674,38,1.201845683085957
44,38,0.7146225492996067
560,38,0.37560078465121083
4093,38,0.3641465930456166
11711,38,0.20922896698244758
19874,38,0.5871400998621182
25794,38,0.7820717368246779
27313,38,0.6211805730872949
27723,38,1.1438658869159373
16,38,0.8424375790348723
9190,38,0.48167355644996274
12334,38,0.2564344285999581
21165,38,0.6726736704911372
24759,38,0.761337243495374
27137,38,0.5790403213535102
27468,38,0.7428327649313418
27795,38,1.458550544277717
7,38,0.8894310764793315
103,38,0.5753469407285755
847,38,0.8230335678305604
1733,38,0.4524957705849722
3377,38,0.47574106543018485
12339,38,0.29053357585957756
26356,38,0.9765854209747087
26773,38,0.8041382579697373
27075,38,0.751785689285044
27628,38,0.8979086256753533
2,38,0.9492375651427368
852,38,0.8680649930401257
1270,38,0.7729347223312728
1738,38,0.6184580321697813
3208,38,0.453893989899197
11312,38,0.44207739541131097
13322,38,0.2909566221361953
17983,38,0.7751748129236242
22231,38,1.0725544399463733
24069,38,0.9840894034798323
27381,38,0.8896834082696347
27633,38,0.9551693722943754
6,38,0.9954319338039264
112,38,0.9021840079730264
1275,38,0.7963696422701287
2541,38,0.642926082286896
3213,38,0.4838482685588433
10275,38,0.695387475678835
11316,38,0.3501581743941919
21180,38,1.2261609387041308
23074,38,1.1220783818534168
24074,38,1.1501157714750194
27436,38,1.1496063188592207
27638,38,1.2096060704643072
2385,38,0.6546826505148615
8120,38,0.5755046226058608
11322,38,0.2776840912648915
23079,38,1.3799509549633424
27156,38,1.0700156421983422
27440,38,1.0748621984123177
27607,38,1.273610503437064
1841,38,0.8663243920381974
2390,38,0.7966281367824649
15737,38,1.1711491317268674
28131,38,1.0433155737394382
24084,38,1.2157303706389144
26361,38,0.6990711117815265
27869,38,1.032798493822828
2394,38,0.7606936119315716
4127,38,0.6637926884419865
14940,38,0.990713522187983
18843,38,0.8260411173562536
24089,38,1.1389433809884375
24957,38,1.2691936561193347
3230,38,0.7426711951480655
19913,38,0.8460312237439477
24962,38,1.0005417396947511
28189,38,1.2653765413583138
3235,38,0.4913829079591409
7058,38,0.6817937066067313
12374,38,0.8645490849114646
13351,38,0.560145837785233
15954,38,0.9227935751599857
18013,38,1.145512923289166
23099,38,1.0580941615151556
2721,38,1.0466555614164756
3239,38,0.562087767915645
4141,38,0.649927432663362
9234,38,0.9025971588223468
11346,38,1.0956459797285867
13355,38,0.6310939110806263
16981,38,1.0021485046504794
20996,38,1.0391110901388223
25487,38,1.1903977154685503
2557,38,1.3471795786978755
3244,38,0.680625535329932
4146,38,0.7228841741885756
4941,38,0.7617594004453988
7283,38,0.7690744932641763
21002,38,1.3249951590189144
24976,38,1.13015119723407
2396,38,0.779996010471268
11356,38,1.2062390224826658
13365,38,1.0723707380581318
18867,38,1.3375430949475973
22065,38,1.3672623382187326
25659,38,1.2305840494973785
3254,38,0.7427667019930221
9249,38,1.0530820383517767
10319,38,1.2450148702688117
11361,38,1.2002898900724785
13370,38,1.2922523177431968
15973,38,0.9351336954630552
16996,38,1.1269153220901797
18872,38,1.4447728152742536
19938,38,1.4698090432310822
21011,38,1.403703816334319
22071,38,1.5029112723549163
24118,38,1.427690861430996
25819,38,1.3418993449903667
2406,38,0.868838788691252
3259,38,0.8579565155206691
4161,38,0.9171224564169329
6224,38,0.9800552471668882
7082,38,1.0242509021795747
14974,38,1.0116784169254331
18037,38,1.4800132702356965
18877,38,1.485240776687655
19944,38,1.466165311158776
22075,38,1.4985653321199432
23123,38,1.5518466377744433
24991,38,1.3907879421752691
2411,38,0.8027043281904978
3089,38,0.9187916519209708
4166,38,0.9399191081614383
5169,38,1.0196648296448736
7087,38,1.1013283731409702
11371,38,1.3369067396386678
12403,38,1.3646065662445819
14979,38,1.3679038483563772
18882,38,1.5407448185514239
21021,38,1.544510455551289
23337,38,1.5095714606866255
2416,38,0.8575732793982432
4171,38,1.045274415162907
6234,38,1.141321079477253
9264,38,1.2973071514581782
13200,38,1.5154423491473108
15988,38,1.4104528966027399
17011,38,1.5181122438140766
19953,38,1.5546096665977438
22085,38,1.6217954685165274
25002,38,1.5032912911279839
25826,38,1.5341574574071022
4176,38,1.0676843073230329
5179,38,1.0916841535212443
6239,38,1.2122825337467797
7097,38,1.222019574039283
14989,38,1.4011265039144223
18052,38,1.6182089986830832
21031,38,1.6127883116914785
25006,38,1.555475616848046
25831,38,1.5461056612641662
1962,38,1.2348808406073697
2426,38,1.079452196967645
5184,38,1.2005385908444168
7318,38,1.2804217528914237
17020,38,1.648577022918205
19963,38,1.7405991882602736
23143,38,2.057967875752463
2431,38,1.2119222564753578
5189,38,1.268719640026529
7107,38,1.3806396369588363
8189,38,1.4005497877125028
10349,38,1.4738752443264198
11391,38,1.57974933067246
13013,38,1.6289528939575924
14998,38,1.655959765051938
24148,38,1.8871084757847536
1845,38,2.0223277971296394
4190,38,1.2714358071305885
4985,38,1.2862326744540586
10354,38,1.3708611017555699
13383,38,1.4680519544274238
14299,38,1.5284096788365102
18067,38,1.8613491642882392
19973,38,1.7646461858934175
21046,38,1.7050969084444036
25846,38,1.943231230905007
2441,38,1.5087535360923467
3119,38,1.4302745842917453
7117,38,1.3849213800850448
8199,38,1.4256724417949316
9289,38,1.4537762155779668
10359,38,1.5139720387718243
13388,38,1.5732997341691435
16013,38,1.8769917117810169
18072,38,1.8869750841622022
18912,38,1.90335662656213
2446,38,1.4819841510752
4200,38,1.4834676579715556
7122,38,1.4912008520889573
8203,38,1.4752227790441808
9294,38,1.5685992960565747
10364,38,1.616553063456239
11406,38,1.597698329692585
15013,38,1.8181259341697003
17040,38,1.9117090120761824
18077,38,1.9503501142232313
18917,38,1.8460476055710486
19983,38,2.0422726894783967
22115,38,2.0514801227021593
23163,38,1.9228224968124414
24163,38,2.050936887011479
25031,38,2.1088618885108033
25856,38,2.0126001636159696
27857,38,3.0787469067040956
2288,38,2.213788548021847
3303,38,2.067750576112724
6269,38,1.681915726024433
7126,38,1.5932157872433983
8209,38,1.8596208770773401
9298,38,1.7392865913797046
10368,38,1.643138104597686
11410,38,1.673130689828311
27967,38,2.8750430847422255
27981,38,1.7648493315494684
28051,38,2.7858680240592664
17045,38,3.1639063941502017
18921,38,2.4369586456019783
19987,38,3.064437938169016
21060,38,2.37026292145995
22118,38,2.025547695317703
23166,38,2.1830501062798464
24166,38,2.3078783755393375
25035,38,2.694538204933287
25860,38,2.7288725899960684
27918,39,0.01664133497512801
8211,39,0.020384058747802775
9083,39,0.023659060540820575
28125,39,0.021104318402345723
20418,39,0.02294420211508707
5210,39,0.014569171802795289
6057,39,0.016053907105436097
7130,39,0.0060236903866432495
7997,39,0.004618830699655692
9087,39,0.014887822233920938
9948,39,0.014717582347403078
18291,39,0.020778310831702857
18922,39,0.021278555138897752
19776,39,0.0228868651629856
20849,39,0.025412322245375013
21908,39,0.026466715808318074
22958,39,0.030123096686627597
3482,39,0.019929913321890542
4019,39,0.009835517678470216
4798,39,0.012136088227628669
5849,39,0.012265775889258984
7136,39,0.0054181302185739195
8002,39,0.003809683220886425
9092,39,0.01060625041221509
10161,39,0.011241050694251695
11204,39,0.013242696570139217
12238,39,0.013382511639635952
16840,39,0.01486362131914986
17874,39,0.015106202778305614
18716,39,0.021829521830601696
19565,39,0.02404654740859799
20854,39,0.02546045283129882
21913,39,0.02681217453755256
23977,39,0.028446396796285894
2451,39,0.03949881479472818
3131,39,0.025065916994104636
4023,39,0.02188826538605083
5007,39,0.013358956451111103
5853,39,0.011156085965795334
6925,39,0.004233738151278291
9097,39,0.009209116652803261
10167,39,0.008577749719205042
11209,39,0.012591629727367612
12241,39,0.01629639103705403
13218,39,0.02177286985266825
14012,39,0.0223730673188743
15017,39,0.02843435507939683
16843,39,0.02279583497234114
17880,39,0.02580952553298601
18932,39,0.03012361582676663
19571,39,0.03151181739461235
20860,39,0.03480440840746774
21918,39,0.04505140678178358
22966,39,0.06090477180357431
1745,39,0.009131210884720855
2293,39,0.04039119442875331
3135,39,0.039292149707302104
4028,39,0.07551204905060666
27900,39,0.061966154673341704
7146,39,0.007513802439826299
8012,39,0.06576352159260575
12246,39,0.022534163392118167
15826,39,0.030740659312822122
16848,39,0.10309529655044317
1645,39,0.07329534836853348
2298,39,0.006924433486398409
3141,39,0.13531234549605564
7150,39,0.0902364426905032
8016,39,0.06663721187777571
9111,39,0.1266109442279838
13232,39,0.052797904736215547
18734,39,0.1052909665779024
1279,39,0.21412952876566121
11228,39,0.15597048781440664
12260,39,0.082124512189008
13237,39,0.038030178944113174
18951,39,0.10660558341531201
21937,39,0.16898384019563517
1191,39,0.22327261609232688
3155,39,0.19469372283374278
4048,39,0.2632670257159633
10193,39,0.30291227011652255
28017,39,0.17521205843560922
17904,39,0.12703494424464423
18744,39,0.12145134132984074
19810,39,0.13695408556765776
20883,39,0.2641709070850544
4833,39,0.2836314161549802
11238,39,0.270893748836033
12270,39,0.3272209622226789
18749,39,0.1542284253890099
22995,39,0.4293591679388906
861,39,0.1889051068823521
4246,39,0.2513696111239802
23000,39,0.4757871315781432
24016,39,0.4810163224843574
788,39,0.10165846739496848
1206,39,0.1414825014057921
4062,39,0.2214214048536385
14856,39,0.12601256901036453
21957,39,0.3934418185891885
24021,39,0.49190926748612546
25073,39,0.43959574158090253
582,39,0.17800169507337985
794,39,0.17264173687035328
1121,39,0.18271442668389018
6111,39,0.27189362715871557
15865,39,0.31427498612884325
25078,39,0.43613469441862684
520,39,0.17358838511311775
797,39,0.17268128162282223
6116,39,0.3124495015306827
15870,39,0.39312380195971514
24031,39,0.374039465588477
24914,39,0.4248501382486164
27093,39,0.42981772679108604
464,39,0.43061833790533793
803,39,0.21406796539690628
6121,39,0.292722656654318
7194,39,0.30952060727399655
15875,39,0.41551834112414054
17934,39,0.37394784894663685
24036,39,0.3402918661390135
305,39,0.7097956621220427
1317,39,0.18271312487876265
15880,39,0.45328534552014077
17939,39,0.5983487002556123
26316,39,0.4210245789643611
26733,39,0.47275242453102295
259,39,0.7690256175782001
6988,39,0.27342872214341674
8289,39,0.3216458190188329
9161,39,0.2441221944308713
17944,39,0.6425139680514345
25098,39,0.2280397330474626
26321,39,0.3862172503503012
27108,39,0.42757670416211513
266,39,0.5837029148026768
6994,39,0.29641140028392465
8075,39,0.32762398508964363
9166,39,0.36185568938324847
17949,39,0.5370047346025224
21987,39,0.01879196118704157
24050,39,0.1262647046455489
25103,39,0.09699631762727264
270,39,0.35844868641831107
823,39,0.2240872602187223
1709,39,0.14759450485523493
8080,39,0.42536176077211385
17953,39,0.41719874500801607
18794,39,0.493616870213112
113,39,0.8763682553472147
616,39,0.290189870114542
827,39,0.21185850784295138
1245,39,0.16398579814528347
8302,39,0.3586237596177945
17958,39,0.41615648308083775
21996,39,0.26177234203565536
26753,39,0.256966090795834
27608,39,0.7705476659103055
63,39,0.948993834000318
1718,39,0.09115648862459073
10251,39,0.39487680135369396
11706,39,0.35350731899955773
22002,39,0.1730915154617305
23050,39,0.09394209939975241
27674,39,0.9983761844458321
44,39,0.9567518349108406
560,39,0.29569972613637197
4093,39,0.08525330227746603
11711,39,0.5600885336660112
19874,39,0.17098342700912422
22007,39,0.25711853307178884
25794,39,0.2760969086081829
27313,39,0.3875376774454922
27723,39,0.9165234782292274
16,39,1.0243877864704773
9190,39,0.17055597568337882
12334,39,0.41619093121226836
21165,39,0.26086357216644446
24759,39,0.13144427068261574
26352,39,0.35459804781454674
27727,39,0.7286698168229687
27795,39,1.502759191569714
7,39,0.9992422122901772
103,39,0.31590608712230916
508,39,0.42984837446215607
847,39,0.42575119163533914
1733,39,0.14383756978813733
3377,39,0.3364012607639016
12339,39,0.447636711289454
26356,39,0.38639736365328237
26773,39,0.08955350917761223
2,39,1.058367329425584
108,39,0.36397675912022165
852,39,0.3770546949071037
1270,39,0.42477803507994016
1738,39,0.176988237487288
3208,39,0.11179773552405586
13322,39,0.29142805428494795
17983,39,0.18247523047156738
22231,39,0.3905782090224219
24069,39,0.2927492493807843
26360,39,0.5728213760837535
27147,39,1.2687993525703618
27381,39,0.6261130420497955
27633,39,0.7440747933973245
6,39,1.1251172379532184
112,39,0.9362664364624292
258,39,0.5125518346898904
1275,39,0.9871523936666541
2541,39,0.109099835399706
3213,39,0.0517683558977172
10275,39,0.05860208271383703
12349,39,0.3436313943256077
13326,39,0.272508490336238
21180,39,0.06798245553243298
23074,39,0.3989712950107807
24074,39,0.3872730910749151
27436,39,0.532715088732319
27638,39,0.4447318808447581
2385,39,0.19064163456124034
3218,39,0.1030368862119875
8120,39,0.15222788625570904
11322,39,0.10175803480149047
18834,39,0.24580279834188853
23079,39,0.4694140463140347
27156,39,0.8645908729727028
2390,39,0.4217624433248424
15737,39,0.2633940321509871
28131,39,0.2381400360950606
24084,39,0.49939545151646675
24952,39,0.5299462919881186
27869,39,1.2410332049734625
2394,39,0.4277598647231128
4127,39,0.3422645559079679
18843,39,0.33130072880740324
24089,39,0.5402182717142276
24957,39,0.7070425215753325
3230,39,0.08746971889927373
13346,39,0.5120333802047026
19913,39,0.6862970160750265
28189,39,0.7717323544337937
3235,39,0.16146114647462997
7058,39,0.26089280018735667
13351,39,0.22742162104822705
14950,39,0.5927068140152486
15954,39,0.2864352260084979
18013,39,0.2780276451444965
23099,39,0.7604161740547509
2721,39,1.0129532464629374
3239,39,0.11708385256361979
9234,39,0.33611985175443654
11346,39,0.5250055885676439
13355,39,0.1068883307698417
20996,39,0.6763355153221934
25487,39,1.5290163407751105
2557,39,1.1730476608836689
3244,39,0.09193392814659095
4146,39,0.22518308198951006
7283,39,0.2868276379344502
11351,39,0.4692134707582414
18022,39,0.44806752379749537
19928,39,0.4143351535797033
21002,39,0.5411393337016863
24976,39,0.6597210535452411
2396,39,0.8464364818556276
3250,39,0.1510680887368898
13365,39,0.41096918275078764
18867,39,0.4313990082906731
22065,39,0.5130318088556531
25659,39,0.5762525749670331
3254,39,0.12021558218426286
7077,39,0.28985933318677437
10319,39,0.27173564189896354
11361,39,0.2988167654462836
13370,39,0.23876069244762868
15973,39,0.4146397743605621
16996,39,0.32242222599232284
18872,39,0.36592002449997624
19938,39,0.3953256146217333
21011,39,0.4225486152196232
22071,39,0.4098722878564689
25819,39,0.42227535535012667
2406,39,0.3067128736351855
3259,39,0.12655529152704903
6224,39,0.29064395218541283
7082,39,0.30666198288755897
14974,39,0.5154562720403917
18037,39,0.2423974411495112
18877,39,0.30450411480332307
19944,39,0.37138873140339657
22075,39,0.36467896389832166
23123,39,0.4390422590148051
2411,39,0.18388924267280382
3089,39,0.2528942765780876
4166,39,0.20048556353268068
9259,39,0.3400942294499819
11371,39,0.2587853008588564
18882,39,0.2913094014211593
21021,39,0.35735455841954245
23337,39,0.43318650725818697
24128,39,0.4350793942344323
2416,39,0.47950707374502144
6234,39,0.3865622047796649
8392,39,0.4097204558346967
9264,39,0.34048464168650144
13200,39,0.2567102185349916
15988,39,0.28502616771306283
17011,39,0.2838161922452864
19953,39,0.2682418180800316
21026,39,0.37150805661637704
22085,39,0.4033445386245313
25002,39,0.6920153378212521
25826,39,0.7333006272410392
4176,39,0.2733483581662719
5179,39,0.3125488475441516
6239,39,0.384167724606233
7097,39,0.35594776459334604
14989,39,0.18748101432588055
18052,39,0.1891602719105573
21031,39,0.3100195177629695
25831,39,0.8544710967550349
1962,39,0.2570574307280167
2426,39,0.24966781339868266
3279,39,0.1707716058334552
7318,39,0.4440973414325696
17020,39,0.22410358383277135
19963,39,0.34236876092642327
23143,39,0.400151320836767
25011,39,0.7262934124727694
2431,39,0.36995382346686734
3284,39,0.29983421214473815
5189,39,0.251680031831194
7107,39,0.33632662183413753
8189,39,0.3665482977040817
10349,39,0.46573030855399683
12423,39,0.3184528554062582
14998,39,0.14322732971799373
23148,39,0.38643418384644845
24148,39,0.5297481085006622
1845,39,0.32013276455562345
3289,39,0.41775334058080726
4190,39,0.3985729137414808
4985,39,0.3504813488094556
10354,39,0.5763818536275843
13383,39,0.34213551563689615
18067,39,0.1522162572797894
21046,39,0.34428229065020227
25846,39,0.7453907875395095
2441,39,0.3965218546760593
3119,39,0.3016959838129658
7117,39,0.4825568723345953
8199,39,0.5176697876146267
9289,39,0.5765655952030696
11401,39,0.6714092329650408
13388,39,0.5519222349553945
16013,39,0.4020325055993174
18072,39,0.2026358596852305
18912,39,0.2907032152605452
23158,39,0.5250092848295623
1741,39,2.325934822224614
2446,39,0.3545594172587809
4200,39,0.3319678060151975
7122,39,0.4027688414984578
8203,39,0.550461739184787
9294,39,0.5560014043086344
10364,39,0.6447152885020819
11406,39,0.6625864214968634
13393,39,0.6633576266202463
15013,39,0.6322235382146527
15815,39,0.4770094899416408
17040,39,0.5702788782752033
18077,39,0.6690667508506462
18917,39,0.5513591232322768
19983,39,0.5177362358224377
22115,39,0.37596176615275817
23163,39,0.4473451787528721
24163,39,0.48786554297112594
25031,39,0.4888458836279935
25856,39,0.5460120615562707
27857,39,2.8297079672198793
2288,39,0.14972735294745212
3303,39,0.24544594697941072
4205,39,0.3628536355731046
5208,39,0.33639250281227984
6269,39,0.2778313137727288
7126,39,0.3915244074525405
8209,39,0.8343552291685564
9298,39,0.5600656947707648
11410,39,0.6641717843032583
27967,39,1.574841051885842
27981,39,0.3145197790267842
28051,39,2.2077197030915134
17045,39,0.7424210395749918
18921,39,0.5136692344706829
21060,39,0.46517995418521363
22118,39,0.44975104304771113
23166,39,0.3954675623654143
25035,39,0.3510624662649987
25860,39,0.44289175602646985
27918,40,0.02455546972177659
8211,40,0.03001192704902464
9083,40,0.015451126212033997
28125,40,0.010415419902053205
20418,40,0.01096589001503782
5210,40,0.021279819802168323
6057,40,0.022181943456200726
7130,40,0.023923600952008302
7997,40,0.024270707033742893
9087,40,0.02464371271021642
9948,40,0.02176012565480153
18291,40,0.013517845533992389
18922,40,0.013547894565768713
19776,40,0.013912368514588533
20849,40,0.013282038863039922
21908,40,0.015067620819814638
22958,40,0.013842749152023501
3482,40,0.023043812879528204
4019,40,0.016626658581187906
4798,40,0.020842309657384386
5849,40,0.02151222976974253
7136,40,0.024282634208635665
8002,40,0.025607782643036536
9092,40,0.025968610259798068
10161,40,0.02279149402516283
11204,40,0.013785251699213755
12238,40,0.009280189716266488
16840,40,0.01082788429370024
17874,40,0.009899867812677586
18716,40,0.014095669693736816
19565,40,0.015265974628743248
20854,40,0.01524858675009097
21913,40,0.014011992055134703
23977,40,0.008459608817111204
2451,40,0.01664155840004328
3131,40,0.02696091386132182
4023,40,0.026803395999125602
5007,40,0.02502561417407322
5853,40,0.027126278188315783
6925,40,0.030360024369152114
9097,40,0.024504722063967612
10167,40,0.021191438618982827
11209,40,0.015745944667982126
12241,40,0.012420370653128126
13218,40,0.012701656171671113
14012,40,0.013525693828380519
15017,40,0.015416690879339454
16843,40,0.013642418088845589
17880,40,0.016573799180078348
18932,40,0.02151671604601287
19571,40,0.022608103106764903
20860,40,0.029280507587273404
21918,40,0.030059276634923752
22966,40,0.03396454728944076
1745,40,0.04301510219568691
2293,40,0.03045167319452981
3135,40,0.03552445109980009
4028,40,0.031663457818286285
27900,40,0.039396277749175944
7146,40,0.0449689667590306
8012,40,0.032740131241332425
15826,40,0.012840588261136866
16848,40,0.018187076722956597
1645,40,0.0758690549220956
3141,40,0.03674588106567367
7150,40,0.03779017243456817
8016,40,0.048649743588543744
9111,40,0.08083458113108001
12255,40,0.13900543941044607
18734,40,0.021234248780908977
21932,40,0.12149926415110622
1279,40,0.22025115112853155
12260,40,0.21186925010122085
13237,40,0.16863535870753132
18951,40,0.10036161147597161
1191,40,0.2604074205345905
3155,40,0.185013775178838
4048,40,0.28731660424476396
9340,40,0.14502733896099632
10193,40,0.37479514673906333
28017,40,0.28478941250947537
13243,40,0.09053873285807872
17904,40,0.01991676624429144
18744,40,0.10574592709390941
19810,40,0.18702037036253033
20883,40,0.21591692139163218
4833,40,0.3076277320116997
12270,40,0.3354968323748796
18749,40,0.12525862825955314
861,40,0.16560934477545855
4246,40,0.3092012187862399
23000,40,0.31046259769389317
24016,40,0.31685612218252973
788,40,0.09921188177018664
4062,40,0.3310045753952856
14856,40,0.34109357520867867
21957,40,0.20453965571065533
24021,40,0.3733437529918869
25073,40,0.44422186778664186
582,40,0.14620625765029868
794,40,0.10318469113889181
1121,40,0.08311305959457908
6111,40,0.423376435795618
25078,40,0.376039511791271
520,40,0.17885662673871439
797,40,0.14708277601180567
1215,40,0.06489395137593279
15870,40,0.4797904600907793
24031,40,0.23867114880353474
24914,40,0.33347360141635246
25754,40,0.3215602552812308
27093,40,0.4542947073993386
464,40,0.37274402342234275
803,40,0.18364488409364021
6121,40,0.4109504328192741
7194,40,0.40796708678020116
15875,40,0.4897263829669534
17934,40,0.4495834696316318
24036,40,0.1467534102610435
24919,40,0.23469496167538229
305,40,0.6285413161911058
1317,40,0.17754401042883405
15880,40,0.5708855207644808
17939,40,0.5598651379617823
26316,40,0.21151781015225496
26733,40,0.26741720440896816
259,40,0.750530643253777
6988,40,0.341341885182199
8289,40,0.3665634703980258
9161,40,0.2509378369648204
17944,40,0.6026756790646001
18784,40,0.640874398474775
25098,40,0.17509192764874154
26321,40,0.1841681826426556
266,40,0.6235701069015237
6994,40,0.23729538216144228
8075,40,0.3775404699852791
9166,40,0.4119988038571126
17949,40,0.6137000966838694
20069,40,0.49932494589820275
21987,40,0.09567175196912325
24050,40,0.22902167044990474
25103,40,0.12734302068842102
270,40,0.3943869271062449
823,40,0.327573273812224
1709,40,0.13351693616906637
8080,40,0.4156624878518643
11283,40,0.16766053551521556
17953,40,0.6336954675221047
18794,40,0.681460911258912
113,40,0.9218260036360327
616,40,0.27779899882554504
827,40,0.3399830564706242
1245,40,0.323208467961698
8302,40,0.3485893064377049
10246,40,0.4292625735106526
17958,40,0.6043950747249432
18799,40,0.24861614757459422
21996,40,0.39417911965362945
26753,40,0.26034334768183026
27608,40,0.8192578468460703
63,40,0.9380551378750503
10251,40,0.4878371890632738
11706,40,0.6894674266415095
22002,40,0.12142691723018317
27674,40,0.7112878986126024
44,40,0.9610592902429226
560,40,0.3528389910329351
838,40,0.3008575914610689
4093,40,0.3446427535343874
11711,40,0.9035915842990893
19874,40,0.21832882166935072
27313,40,0.6340714584468219
27723,40,0.9011725260165104
16,40,1.1304852233459006
131,40,0.5535597904334423
9190,40,0.13940851067594442
12334,40,0.7541897421222477
21165,40,0.3518643568019649
24759,40,0.09116101902663763
27727,40,1.0314187030490476
27795,40,0.9957780162240194
7,40,1.1769118318192135
103,40,0.5491638206938566
508,40,0.4800942402341201
847,40,0.5149349429603333
1733,40,0.24608187300242526
3377,40,0.4105216879306819
12339,40,0.7060010952352406
19884,40,0.23555652884937145
26773,40,0.8018292883975371
2,40,1.2155595430274737
108,40,0.6290414589564473
852,40,0.4897894915189036
1270,40,0.46203925616940145
1738,40,0.38974852798410753
3208,40,0.259566330416063
13322,40,0.6624914774526978
17983,40,0.22512401820766884
22231,40,0.6537952506968874
24069,40,0.4293582149181055
26360,40,0.6199925072431449
27147,40,0.9712875397909043
27381,40,0.8974497149047607
27633,40,0.9952582311342744
6,40,1.2457540371413889
112,40,0.9749533224067836
258,40,0.7034122288333744
1275,40,0.8919640664068699
2541,40,0.07096063355832424
3213,40,0.26325140852313555
10275,40,0.2645629885517614
12349,40,0.6849380740127133
13326,40,0.7269881345572826
21180,40,0.3615177243983132
23074,40,0.6358495712458583
24074,40,0.6324798103098843
27436,40,0.9570932803410654
27638,40,0.9933442825432188
2385,40,0.15834718439291692
3218,40,0.20800030493182842
8120,40,0.12235600059264408
11322,40,0.5477173527255648
17993,40,0.41434028193565897
18834,40,0.32148782979704105
23079,40,0.6715850445489541
24947,40,0.7682336807035739
27156,40,1.0205455617518022
2390,40,0.34281545669122476
15737,40,0.5972860162327629
28131,40,0.23332693378249494
24952,40,0.5108869398279726
25809,40,0.5469957325650867
27869,40,1.1711928276537182
2394,40,0.38187353819244857
4127,40,0.25483043698244806
18843,40,0.6184588470490294
24089,40,0.3302716324105169
24957,40,0.3731073817723796
3230,40,0.4418317971834654
4132,40,0.12957462083494536
5134,40,0.15283081730715697
13346,40,1.3871703984243282
19913,40,0.5486035781828293
24094,40,0.2100904732061852
28189,40,0.6037962905925287
3235,40,0.2244562211192349
7058,40,0.1697145980557392
14950,40,0.8409715542164378
15954,40,0.709507127948715
23099,40,0.365661597208746
2721,40,1.4995035564729182
9234,40,0.6766843244355316
11346,40,0.8740580062881608
13355,40,0.5631693425156675
20996,40,0.41722814313736234
25487,40,0.5508213836333404
2557,40,1.610235026242932
3244,40,0.38091564930023886
4146,40,0.3738971515699268
7283,40,0.25752704366765955
18022,40,0.5709042204291355
21002,40,0.3835391581720262
24976,40,0.20166426517875327
2396,40,1.455759790717944
3250,40,0.4733483736628985
7072,40,0.33295263873357767
9244,40,0.43037903282518336
14964,40,0.6922920932664246
18867,40,0.4643286833370429
22065,40,0.3773460910898093
25659,40,0.04644478673599122
3254,40,0.48995796247511414
10319,40,0.5688400828119262
11361,40,0.7042872499515432
13370,40,0.6722571134077144
15973,40,0.7611431953868627
16996,40,0.7038602809358262
18872,40,0.538369978998737
19938,40,0.48444158922320163
21011,40,0.50382095484548
22071,40,0.30904989648445924
25819,40,0.12178400208725136
2406,40,0.6363243687502986
6224,40,0.42491763813508143
7082,40,0.4379662830256627
8164,40,0.4357531377052534
18037,40,0.5237371145600106
18877,40,0.5484097537854619
19944,40,0.4896106318928253
21016,40,0.5222727633634233
22075,40,0.39673737362802636
23123,40,0.4138982782979841
2411,40,0.11471652864481842
3089,40,0.6146653948345833
4166,40,0.5167709928817493
8169,40,0.4592066189705123
10538,40,0.5266249047264384
11371,40,0.6571204077209993
15983,40,0.6634274088471301
18042,40,0.6042695691765834
18882,40,0.5500851599004288
21021,40,0.5380173024234839
23337,40,0.4413347165878441
24128,40,0.37155787870815915
2416,40,0.2925090382549074
6234,40,0.566337177657582
9264,40,0.4575621493979637
13200,40,0.7008970798406701
15988,40,0.5567567408552042
17011,40,0.6115242978209443
19953,40,0.5342876607880049
21026,40,0.6188232483225371
22085,40,0.49869794336672474
25002,40,0.3410390420245239
25826,40,0.22239954667858014
4176,40,0.5931951111308941
6239,40,0.6330587308413649
7097,40,0.5338385636328074
18052,40,0.6387479026164511
25831,40,0.15784953788636863
1962,40,2.057940129130165
2426,40,0.24589989786105615
7318,40,0.6165593288632809
9274,40,0.6458925965021136
14993,40,0.565306588080007
17020,40,0.6403293659862941
23143,40,0.575386041274382
25011,40,0.4591933059645739
2431,40,0.38613801554358385
5189,40,0.77724418951933
7107,40,0.689235331694405
8189,40,0.6282852977144785
10349,40,0.6790614326162788
14998,40,0.7008038098200352
17026,40,0.6535769256697375
23148,40,0.4444002588240837
24148,40,0.5603473049622432
1845,40,2.0670161322460485
3289,40,0.5729503677912159
4985,40,0.4800016818106879
8413,40,0.49361427889519915
9502,40,0.4366998073099244
10354,40,0.4436281903828999
18067,40,0.6906118444810171
21046,40,0.5252384520912196
25021,40,0.4162030377088098
25846,40,0.406562827533242
2441,40,0.4659122198507936
3119,40,0.5797239607247159
4010,40,0.6319028046757997
9289,40,0.5034111899627813
12433,40,0.5033985931555063
13388,40,0.4427486383513819
16013,40,0.3033382377415692
18072,40,0.2928051783279413
18912,40,0.391534356747392
1741,40,2.74393895609237
2446,40,0.3878331018655812
3298,40,0.6251278270327458
4200,40,0.6591232642377264
7122,40,0.671410969651478
8203,40,0.6048246387364069
9294,40,0.5817302983269554
10364,40,0.5450007423214965
15013,40,0.5578268703409512
17040,40,0.26782106983619414
18917,40,0.38659345822417696
19983,40,0.5892383989761804
24163,40,0.5829592191617187
25031,40,0.5443326490803678
25856,40,0.4672234425176978
27857,40,2.883909716384812
2288,40,0.26160695995685
3303,40,0.7678600977893869
4205,40,0.7678436707375004
5208,40,0.7051529220741257
6269,40,0.7890173004131357
7126,40,0.6950034787655192
8209,40,0.947725627337582
9298,40,0.6553377185460185
11410,40,0.5877661278005915
27967,40,0.5893960119180784
27981,40,0.5372921835782212
28051,40,3.34506992194864
16225,40,3.2812253914261076
17045,40,1.941530914836292
18290,40,1.138290625631332
18921,40,1.4013945281540323
21060,40,0.6516310299203675
22118,40,0.5511660476773501
23166,40,0.5239635880081066
25035,40,0.47469595467465053
25860,40,0.5177274828601718
27918,41,0.028251550239364903
8211,41,0.03114173884497453
9083,41,0.021538917913175533
28125,41,0.01621042097945322
20418,41,0.022695115859360657
5210,41,0.023822575229831087
6057,41,0.025101296162401792
7130,41,0.027691418268712662
7997,41,0.029020686175286546
9087,41,0.03197393984953111
9948,41,0.0314876316813032
18291,41,0.021216015577659685
18922,41,0.02385950652273082
19776,41,0.02682737847415682
20849,41,0.027942989024686945
21908,41,0.029122672723132577
22958,41,0.027118314203365954
3482,41,0.026146531187521853
4019,41,0.02143797746703672
4798,41,0.023504968548893192
5849,41,0.024267014714569445
7136,41,0.02860052473953878
8002,41,0.030137087379954967
9092,41,0.036961515172578216
10161,41,0.03603504342103599
11204,41,0.02748063117452857
12238,41,0.027687836528509483
16840,41,0.012654831913213309
17874,41,0.013755971315224746
18716,41,0.02556196336138514
19565,41,0.029793716240297613
20854,41,0.029668081548749545
21913,41,0.028990603449032273
23977,41,0.02047015291592636
2451,41,0.024764750908567598
3131,41,0.027987307685984876
4023,41,0.028217525636267077
5007,41,0.025955974538418015
5853,41,0.026028987332655677
6925,41,0.03311156293863948
9097,41,0.03939176461063743
10167,41,0.04009400719494844
11209,41,0.03405933672980746
12241,41,0.029306261556144172
13218,41,0.023095126598370257
14012,41,0.02124380926667093
15017,41,0.01914540286081817
16843,41,0.0156827294886859
17880,41,0.022514821121834956
18932,41,0.033093025634399746
19571,41,0.03474483295468621
20860,41,0.04162346018911301
21918,41,0.04310225119066083
22966,41,0.04550785084186807
24699,41,0.02773327774461997
1745,41,0.007464437741518139
2293,41,0.028748640827508578
3135,41,0.10535381890925725
4028,41,0.03646462166340812
27900,41,0.03158859319786347
7146,41,0.03488624370288329
8012,41,0.03805132515878953
15826,41,0.08842180496830788
16848,41,0.03022198673456843
1645,41,0.06722587277949285
3141,41,0.04028106573273597
7150,41,0.07797025706546783
8016,41,0.03670225813831686
9111,41,0.15683020130094785
12255,41,0.11516980679889861
18734,41,0.10239000074651022
21932,41,0.05951254656721815
1279,41,0.1974449854717272
12260,41,0.05483846031005393
13237,41,0.12964834685846924
18951,41,0.1724822414905313
1191,41,0.23093074388652363
3155,41,0.16414054644156986
9340,41,0.17707814940389455
10193,41,0.09816070722807899
11233,41,0.17654330136062454
28017,41,0.19682825293468176
13243,41,0.1831382676042085
17904,41,0.26527643626447733
18744,41,0.20489911918355327
19810,41,0.1874985711406392
4833,41,0.19829122611907438
18749,41,0.23896123675880251
20888,41,0.2977612625204963
24011,41,0.3322531311699087
861,41,0.2448049475732139
4246,41,0.11639319920239277
13253,41,0.11288789809041995
23000,41,0.3960612939976331
24016,41,0.3957296721194082
788,41,0.2613405620171396
4062,41,0.14654758826901443
14856,41,0.36080176624319144
21957,41,0.24978810473083332
24021,41,0.40729588314198556
25073,41,0.3902644068908816
582,41,0.3361518068022199
794,41,0.3537245339921451
1121,41,0.3300688518492454
6111,41,0.21359268795942946
23010,41,0.27959386466737807
25078,41,0.2658608352437102
520,41,0.4029846637361433
797,41,0.3746266495168409
1215,41,0.3391861613401123
15870,41,0.44756647934064975
24914,41,0.2076809537627377
25754,41,0.19803746707481604
27093,41,0.44180555317388653
464,41,0.533951100746386
803,41,0.45990766427775015
7194,41,0.13367516294876025
15875,41,0.44121031103126024
17934,41,0.35611446279135206
24036,41,0.10386422274422423
24919,41,0.1063119366696559
305,41,0.6216128825852162
1317,41,0.4276592902526144
7200,41,0.10690732755719054
15880,41,0.5137442151759815
17939,41,0.505143171580726
26316,41,0.1273593199513398
26733,41,0.22593963864187483
259,41,0.6895741803404666
6988,41,0.21946395763595147
8289,41,0.09399349092031459
9161,41,0.08928248425207512
17944,41,0.6770667222362213
18784,41,0.5242346224307715
25098,41,0.248590225018401
26321,41,0.1501005488029628
266,41,0.6606247201687859
479,41,0.4667851070056173
6994,41,0.5833707451684651
8075,41,0.10890669183627712
9166,41,0.11019586585734963
17949,41,0.7010026332907051
21987,41,0.18627035020262417
24050,41,0.31526362500390787
25103,41,0.30612589304275056
270,41,0.5898379754839638
823,41,0.5445683326156493
8080,41,0.24531200445058293
11283,41,0.24923456215604614
17953,41,0.6722100659251197
18794,41,0.7117320113085704
113,41,0.8891883029433119
616,41,0.6056458410175641
827,41,0.5555434823515084
1245,41,0.5435921437197991
8302,41,0.30874983636327147
10246,41,0.1332303086553979
17958,41,0.6467377999752364
18799,41,0.4776307386634079
27608,41,0.522526492072815
63,41,1.0235678141491067
11706,41,0.17632945550327972
19654,41,0.5306866981680648
22002,41,0.3694595467462336
27127,41,0.47643213862052886
27613,41,0.7161432568291344
27674,41,0.46730898811737864
44,41,1.0729300317451826
560,41,0.6328531385085991
838,41,0.6337051651359171
4093,41,0.22295177085401055
11711,41,0.29312784829665856
19874,41,0.5623998787545591
26346,41,0.6876414800127204
27313,41,0.5774891236587585
27723,41,0.774028153257189
16,41,1.254571860404643
9190,41,0.23673675865311342
12334,41,0.2283630651604592
21165,41,0.5757333156899939
24759,41,0.3709388017550644
27468,41,0.6423690034452231
27795,41,0.945640958902934
7,41,1.2377338109168712
103,41,0.8098114317792952
248,41,0.7288400789371899
847,41,0.6578701490204217
1733,41,0.4772257750287067
3377,41,0.5268010031727762
12339,41,0.27768424306014583
19884,41,0.8203612833117908
26773,41,0.7887654395490337
2,41,1.3486604896827208
852,41,0.6301139532621894
1270,41,0.5914724734369363
1738,41,0.5458484112286617
3208,41,0.43950293433912335
13322,41,0.33748363513042406
17983,41,0.2613335007554642
22231,41,1.0397269199596089
27147,41,0.7357013137786833
27381,41,0.8123929375055258
27633,41,0.7565299323949691
6,41,1.4161654889943158
112,41,1.0417221605761058
258,41,0.7499865248176703
518,41,0.2765047912502357
1275,41,0.9281277431261651
2541,41,0.3927687551531176
3213,41,0.3868608216723205
10275,41,0.30905885687787804
12349,41,0.5984738436786404
13326,41,0.7239797002229857
17988,41,0.23135691777131118
21180,41,1.0643404957765628
23074,41,1.0446400246888
27436,41,0.8166649461969895
27638,41,0.8115411539053791
2385,41,0.4211608013719463
3218,41,0.3746240044926494
8120,41,0.5513102097158129
11322,41,0.41401324687327906
17993,41,0.2684051128348963
18834,41,0.17697883133993428
23079,41,1.1636666873211892
24947,41,0.9778733740123051
27156,41,0.9370080525789417
27607,41,0.9268324228260697
2390,41,0.4241550187190879
15737,41,0.4674935961091026
25809,41,0.5623248863068888
27869,41,1.1384809552775188
2394,41,0.4421872619737757
4127,41,0.2605465489752319
18843,41,0.6928417220250402
24089,41,0.5470983631193804
24957,41,0.5533925912639238
25814,41,0.4199020821431623
3230,41,0.35614604849812675
5134,41,0.19325261782534758
14945,41,0.6059854003556487
24094,41,0.11036606392839818
28189,41,0.501692455186314
3235,41,0.3569412330441552
7058,41,0.24819481249164693
14950,41,0.545208885744155
15954,41,0.5657261421909419
16977,41,0.5159140445974661
23099,41,0.24190998110006157
2721,41,1.522508294014808
9234,41,0.8185784138907506
11346,41,0.9297562572068487
13355,41,0.6051201579471595
16981,41,0.54035228179661
20996,41,0.46098309800363
25487,41,0.5205322934630623
2557,41,1.6016648329580112
4146,41,0.3628760354477688
7283,41,0.2326154250280111
21002,41,0.5010157898385138
24976,41,0.11908012049923285
2396,41,1.4374599164993211
3250,41,0.47069044013135614
7072,41,0.2521707077631
9244,41,0.7719677829976624
14964,41,0.6459779707947976
18867,41,0.5926758138707247
22065,41,0.4886637370168792
25659,41,0.14235866521595822
3254,41,0.5240909318576565
9249,41,0.5865606774655824
10319,41,0.8160454065084435
13370,41,0.8705245312930878
15973,41,0.7060612607432122
16996,41,0.6272606467204704
18872,41,0.6142863399669232
19938,41,0.544725989516613
25819,41,0.23940423426845128
2406,41,0.677851173473747
6224,41,0.4854444149316953
7082,41,0.38881923246275674
18037,41,0.6533274170142171
18877,41,0.6315630996884216
19944,41,0.47594186741601063
21016,41,0.4932354776995664
22075,41,0.45698208965895604
23123,41,0.48740043276439826
24991,41,0.26454225501347967
2411,41,0.31235544429777995
3089,41,0.5367545782465225
4166,41,0.5990828797164637
8169,41,0.4581541137112681
11371,41,0.8287521019088696
15983,41,0.7703550441597807
18042,41,0.700538874167838
21021,41,0.5167230491977791
24128,41,0.42728120142547227
2416,41,0.4191320094214656
6234,41,0.5405255781046077
9264,41,0.5588964575226021
13200,41,0.9066142007262437
15988,41,0.812977593993759
17011,41,0.7577916509702394
18047,41,0.7036814622379555
21026,41,0.6322878656541299
22085,41,0.5444852260756111
4176,41,0.568969113914211
6239,41,0.6119326052328133
8179,41,0.5696349344281707
18052,41,0.7354873927908983
25831,41,0.21880742201155665
1962,41,1.893954435623611
2426,41,0.4947291908870574
9274,41,0.559416496537279
10344,41,0.6023834399748667
23143,41,0.43911330520992975
25011,41,0.3245442833919045
7107,41,0.6916914193084582
8189,41,0.701983126910589
10349,41,0.7149141575688562
11391,41,0.7155780446586146
14998,41,0.9244191037337574
17026,41,0.8524288177000908
23148,41,0.5471112909063655
24148,41,0.40815934061417797
1845,41,2.471159680593271
3289,41,0.7605174958673682
14299,41,0.47081084239876647
18067,41,0.9118906007402005
21046,41,1.0051724506091262
25021,41,0.4972695127140727
25846,41,0.7810224232157665
2441,41,0.9053946177993568
3119,41,0.8362033027266399
4010,41,0.7492129427952091
9289,41,0.4994238876519856
12433,41,0.4924653171705273
13388,41,0.416583688749595
16013,41,0.9402259272878766
18072,41,1.055723285715257
18912,41,1.1293076963092383
25851,41,1.0349694204231839
1741,41,2.7925830599794916
2446,41,0.8262353852460526
3298,41,0.8156283947782077
4200,41,0.7388064088917928
8203,41,0.5111053689076946
9294,41,0.4775921270439955
10364,41,0.5093913532499778
12438,41,0.4553257856725064
15013,41,1.0129261013221054
17040,41,1.1821813640164218
18917,41,1.3762639381991963
19983,41,1.4499492227421378
25031,41,0.9659807641887898
25856,41,0.7314566016014319
27857,41,2.8637939866143562
3303,41,0.9218581754066891
4205,41,0.7684405443440933
5208,41,0.6700902712950594
6269,41,0.6556874775191358
7126,41,0.6380693717275803
8209,41,0.6463587572434725
9298,41,0.5646398594330311
10368,41,0.5519725746754871
11410,41,0.53390141503473
27967,41,0.46326036593262626
27981,41,0.39675822742707123
28051,41,1.8391149176230772
17045,41,2.1600544554880545
18290,41,1.0062826047192457
19987,41,1.550516412014699
21060,41,1.5065756962749015
22118,41,1.3969060921007552
23166,41,1.13458770624434
24166,41,0.5576990542481264
25035,41,0.07326728536736343
25860,41,0.6872849448764672
27918,42,0.02464457993815911
8211,42,0.026615780387074718
9083,42,0.020233709704113416
28125,42,0.01911268849983377
20418,42,0.022402646424496946
5210,42,0.027238902496999163
6057,42,0.02858687167564804
7130,42,0.02005278280670375
7997,42,0.019000865996335006
9087,42,0.021412683680594884
9948,42,0.01901815023352304
18291,42,0.022441584397292418
18922,42,0.024218823614725254
19776,42,0.026501199933306664
20849,42,0.02681715495139727
21908,42,0.026945938424975144
22958,42,0.025040459318984555
3482,42,0.027687610019767397
4019,42,0.024501983786549428
4798,42,0.027085916454149244
5849,42,0.028699471625527592
7136,42,0.018813734353532615
8002,42,0.018020084525766984
9092,42,0.01898760236943303
10161,42,0.017514087304375064
11204,42,0.016009533211769195
12238,42,0.016125952825505482
16840,42,0.014850526515232826
17874,42,0.0159453469719459
18716,42,0.025918470235371024
19565,42,0.028714212137105916
20854,42,0.028888243906418015
21913,42,0.028057024214963654
23977,42,0.02027169827317652
2451,42,0.026613105813635154
3131,42,0.02926040491180297
4023,42,0.02956739113635126
5007,42,0.02661691352660988
5853,42,0.02646827876380569
6925,42,0.02174450779207202
9097,42,0.019387245735281517
10167,42,0.01936125280445526
11209,42,0.01978711353941062
12241,42,0.019736391253004738
13218,42,0.02111073927784829
14012,42,0.02097803711079442
15017,42,0.0209677355931084
16843,42,0.017661180677143277
17880,42,0.022312719623341616
18932,42,0.031065049725445902
19571,42,0.03252726456463159
20860,42,0.0359464681146315
21918,42,0.036456031974714316
22966,42,0.03765859556433544
24699,42,0.023113055607495114
1745,42,0.07145009293112847
2293,42,0.04251548213914209
3135,42,0.039457732065213386
4028,42,0.036406734280505025
27900,42,0.03716220343052918
7146,42,0.05060664969708559
8012,42,0.05141114156009003
15826,42,0.022155410129354316
16848,42,0.0401864473437744
1645,42,0.08955135565611866
3141,42,0.036012356149931396
7150,42,0.11326270012168874
8016,42,0.164414510105179
9111,42,0.18702601419731552
12255,42,0.16362066951943713
18734,42,0.17168223132733948
21932,42,0.11887232370642249
1279,42,0.31689977952419063
4042,42,0.11457873243477659
11228,42,0.3757854252595806
12260,42,0.3050659002923125
13237,42,0.28212304556778833
18951,42,0.03424940645208999
21937,42,0.2477519457598982
1191,42,0.34750910128941787
3155,42,0.11489927594314309
10193,42,0.1493760958410966
28017,42,0.4621380501300568
13243,42,0.2751568121047996
17904,42,0.07405739928530829
18744,42,0.07381149115440595
19810,42,0.12338099201566528
24889,42,0.19706654292114503
4833,42,0.11846574202210303
18749,42,0.12969067446864244
20888,42,0.2192401657250304
22995,42,0.26392970761086265
861,42,0.389780571554506
4246,42,0.14886600084853843
23000,42,0.3128911903635813
24016,42,0.3340562579572844
788,42,0.4532730371899823
4062,42,0.25367084256574507
14856,42,0.4518207778037755
21957,42,0.2599405281801956
24021,42,0.2978536438403525
25073,42,0.5037903670656528
582,42,0.45793799705841437
794,42,0.4973498184066247
1121,42,0.510643199454535
6111,42,0.11055120075549002
14861,42,0.4844701735498073
15865,42,0.5424110665583427
23010,42,0.18665213083290141
24026,42,0.25758035939478807
25078,42,0.41189900262789064
520,42,0.5029959251351562
797,42,0.5265791597260536
1215,42,0.5060278368129453
6116,42,0.12973236451125536
15870,42,0.6182070931927789
27093,42,0.47884881619257363
464,42,0.5928022464724592
803,42,0.5694194065275293
7194,42,0.17407927561649258
15875,42,0.6184284316055934
17934,42,0.41070088144246053
24036,42,0.0452243060576553
24919,42,0.07801888230172149
305,42,0.6260027026541991
1317,42,0.6220660434669069
8065,42,0.17419719179392334
15880,42,0.6725593815300293
17939,42,0.6392975179753442
26316,42,0.2838805594998056
26733,42,0.5169190174066294
259,42,0.6708677343320074
6988,42,0.3744491077908223
8289,42,0.11260777535856903
9161,42,0.1750204192643056
17944,42,0.7297697999178052
26321,42,0.37399919048858127
266,42,0.7598986206328374
8075,42,0.20748753394368233
17949,42,0.7949120029781199
21987,42,0.20217824108581509
25103,42,0.4892771264543498
270,42,0.8287429807808384
823,42,0.7407462179531077
1241,42,0.7003983790606481
8080,42,0.42799382983016004
11283,42,0.3420686304531443
17953,42,0.8038950335742577
113,42,0.9340863662733047
616,42,0.8076375223048795
827,42,0.7480233942587066
1245,42,0.7374498068217838
8302,42,0.5907231395084007
10246,42,0.1354587242312837
11287,42,0.19730925858631485
17958,42,0.8861740270534243
18799,42,0.7374434439536685
27608,42,0.46561494658151664
63,42,1.1341155981505406
11706,42,0.08818244395693942
19654,42,0.7492725904047014
22002,42,0.3627375419653671
26758,42,0.5611745758254146
27127,42,0.5657137204270556
27674,42,0.6615717842769101
44,42,1.242211856335949
560,42,0.9897819030370171
4093,42,0.5449988549977434
11711,42,0.1738395842010398
19874,42,0.6981219348955453
27313,42,0.6300946828933338
27723,42,0.8032441000170891
16,42,1.3803697473014753
9190,42,0.8459080004325583
12334,42,0.16088534441463917
21165,42,0.7404073339638712
26352,42,0.651644555270676
27468,42,0.6619570875604963
27623,42,0.7353021481818037
27795,42,0.9022046522880073
7,42,1.482307823095968
103,42,1.3646147345948185
248,42,1.2925379980577574
847,42,1.0676243462733859
1733,42,0.9359833218670027
3377,42,0.820519317290586
12339,42,0.23315483451245347
26773,42,0.5952874768607758
2,42,1.6051919167841353
1270,42,0.9834353173956828
1738,42,1.0159403192663983
3208,42,0.807347295230835
13322,42,0.28635519569108936
14115,42,0.24832546896739185
17983,42,0.2066188091008461
22231,42,1.0621159575310846
27147,42,0.602495130810043
27381,42,0.6121334708038669
27633,42,0.7878098147859702
6,42,1.668592696518578
112,42,1.2214073900135396
258,42,1.023047571532092
1275,42,1.2672512274692191
2541,42,0.9024707017818406
3213,42,0.7828191977464259
10275,42,0.6844674426990676
12349,42,0.19454724729737788
13326,42,0.28836707874797124
17988,42,0.41860705205946874
23074,42,0.9798078468243796
27436,42,0.7862415303994752
27638,42,0.8179180809395116
2385,42,0.980518244375674
8120,42,0.950569838430781
11322,42,0.3977941023349191
17993,42,0.5230002639690705
18834,42,0.4429754799551853
23079,42,1.013830834797077
24947,42,0.9182368919784268
27156,42,0.8636736835440518
27607,42,0.9612134873282692
2390,42,0.9435523374583924
4122,42,0.7497823983456798
15737,42,0.6243650299125797
27869,42,1.4102168382347797
2394,42,0.9185996410523851
4127,42,0.9042875993271225
24089,42,0.9204978054566523
24957,42,0.8334122454261274
25814,42,0.7092646392092853
3230,42,0.8511460119972106
14945,42,0.517142900944604
24094,42,0.7120680503216673
28189,42,1.0322626936038486
3235,42,0.9052692643854807
7058,42,1.0120974032086811
14950,42,0.7439098436926914
15954,42,0.7064638166265209
18013,42,0.8397911201110417
23099,42,0.8324482131305957
2721,42,1.5085046043640773
4141,42,0.9378690762400237
5992,42,0.9148171191965712
9234,42,1.336835847539403
13355,42,1.2277858674968014
16981,42,0.775965846572339
20996,42,0.9243419487210957
25487,42,0.950724041234378
2557,42,1.6239833714446352
4941,42,1.0009506433333497
7283,42,1.0157620425279865
11351,42,1.4546570368860445
21002,42,1.1235786004775734
24976,42,0.906584846642722
2396,42,1.5560301732539747
3250,42,1.0476091640386238
5154,42,1.0546558966694533
9244,42,1.3215485577773887
14964,42,1.222706449440078
18027,42,1.0369077564414824
18867,42,1.0155819959677195
22065,42,1.1350133975460863
25659,42,1.0232287408498928
2401,42,1.0320581226277954
6219,42,1.1058997952230316
9249,42,1.271143241751996
10319,42,1.4881234557647574
13370,42,1.5611137386383496
15973,42,1.056967639825415
16996,42,1.1014386913795395
18872,42,1.1856130040895536
19938,42,1.214139606862015
25819,42,1.2080066102851845
2406,42,1.2227414780413228
6224,42,1.1906614681544592
7082,42,1.2020460763924556
18037,42,1.2720982880945513
18877,42,1.223022713466272
19944,42,1.2768012680602088
21016,42,1.2119981284110062
22075,42,1.2018999706149311
23123,42,1.1692002499667769
24991,42,1.2219248044384456
2411,42,1.1330903001102517
3089,42,1.2615898496308378
4166,42,1.2430741984753397
8169,42,1.2580518245870744
11371,42,1.6402616776183172
15983,42,1.3817882782333841
21021,42,1.2697432724566255
2416,42,0.9291808544211558
3269,42,1.1682069614689883
6234,42,1.2495120110652564
9264,42,1.3675061660346677
13200,42,1.6490140120443268
14984,42,1.4503990500987913
15988,42,1.5031517001315602
17011,42,1.4067041066805583
18047,42,1.4042748262249916
22085,42,1.368244545908823
2421,42,0.9918983156040841
4176,42,1.3679356195668573
5179,42,1.3140909526960223
6239,42,1.2983564082432852
8179,42,1.2794847164809413
14989,42,1.3721487524722442
15791,42,1.6272126175155293
18052,42,1.3899707204486431
25831,42,1.4366435623072018
1962,42,2.070499399135781
2426,42,1.0669394533320327
6244,42,1.36158502273929
8401,42,1.3728646689549833
23143,42,1.51030829364705
25011,42,1.5762307521480778
4186,42,1.4106432427466207
7107,42,1.4892418041495912
8189,42,1.5014563083464183
14998,42,1.7008569518572272
17026,42,1.7995396200297993
23148,42,1.5862608728083312
24148,42,1.6993649786534935
1845,42,2.2751670793091323
4190,42,1.1308040342033554
14299,42,1.301650220175413
18067,42,1.7016915254169624
21046,42,1.6016933469235461
25021,42,1.6119726922517388
25846,42,1.5990657104070252
2441,42,1.148474775663012
3119,42,1.2400367001799788
4010,42,1.2394404348607422
7117,42,1.1959186152035328
8199,42,1.2367791538353787
9289,42,1.2863491397108366
13388,42,1.4003048873567066
16013,42,1.479028997948168
18072,42,1.5645699878212076
18912,42,1.5680186849470135
23158,42,1.6625454128182056
25851,42,1.4666592787645982
1741,42,2.7742819964129795
2446,42,1.2761121033412306
3298,42,1.2568513165247641
4200,42,1.2255079406927007
8203,42,1.3497265880209974
9294,42,1.4277845198199994
10364,42,1.3897259449461932
11406,42,1.4071061704765435
15013,42,1.583264389241378
15815,42,1.6283118075459422
18917,42,1.5732783468396814
22115,42,1.6411229865678874
23163,42,1.5887117247595097
25856,42,1.5491098007971649
27857,42,2.86842435433293
3303,42,1.5324847778963273
4205,42,1.3461298806202093
5208,42,1.3946764984243514
6269,42,1.4084669505233585
7126,42,1.4698529496967652
8209,42,1.5836136634856448
9298,42,1.486600982043417
10368,42,1.4590329882921362
11410,42,1.4487626031856902
27967,42,1.9637345256008383
27981,42,1.39450077894391
28051,42,3.2144742679274896
17045,42,3.2869869587067653
18290,42,1.9942563586080593
19987,42,2.592433675914487
21060,42,1.9170114886209666
22118,42,1.6391987415821334
23166,42,1.894691976565344
25035,42,1.8372348267233927
25860,42,1.7373963853104681
27918,43,0.027714603709229083
8211,43,0.03034923723262499
9083,43,0.023097128858012163
28125,43,0.02880800836759117
20418,43,0.034530414222239326
5210,43,0.03287789811106981
6057,43,0.034705845523429577
7130,43,0.0176182647332152
7997,43,0.015936804517412983
9087,43,0.019996089060945025
9948,43,0.019802682617892964
18291,43,0.04118257113706514
18922,43,0.04413688230400327
19776,43,0.0481432711822479
20849,43,0.049143802855550735
21908,43,0.04639796538971055
22958,43,0.04226721226821194
3482,43,0.03692308942033389
4019,43,0.03078618386477771
4798,43,0.03173769069757439
5849,43,0.03082287737748211
7136,43,0.014955448691569772
8002,43,0.01441001702375036
9092,43,0.014313057257090906
10161,43,0.017198746287729633
11204,43,0.019473515845180412
12238,43,0.023784728190593577
16840,43,0.024063920311230922
17874,43,0.027126028471754465
18716,43,0.04945279016169623
19565,43,0.05217429680934669
20854,43,0.053140013342544395
21913,43,0.05049939686155343
23977,43,0.03349571467503582
2451,43,0.0313408926333133
3131,43,0.03942654638816267
4023,43,0.03830444992764794
5007,43,0.030587964387274354
5853,43,0.027039723780769236
6925,43,0.053666276873546415
9097,43,0.01472990386768608
10167,43,0.015979119628612044
11209,43,0.022709712684690003
12241,43,0.0280648030501803
13218,43,0.0330415261504718
14012,43,0.03402270042831348
15017,43,0.04210267972333166
16843,43,0.03329171216122232
17880,43,0.04435994292991348
18932,43,0.05603991527789447
19571,43,0.05842062823449733
20860,43,0.07138887328809296
21918,43,0.07056808356214417
22966,43,0.07670038867636754
24699,43,0.04692713123833734
1745,43,0.0029014745512436577
2293,43,0.04127569093691755
4028,43,0.08249288067136379
27900,43,0.027007316448850183
7146,43,0.16847006990481111
8012,43,0.1720684463342473
16848,43,0.056726255103275294
1645,43,0.03541048568691575
3141,43,0.19809759280114064
7150,43,0.1206292636240806
8016,43,0.1958463878690259
9111,43,0.38261401910884624
12255,43,0.31640057052815507
18734,43,0.02178958635362573
21932,43,0.1880597801014542
1279,43,0.1925417304216074
4042,43,0.44302961877516245
11228,43,0.4446421545075919
12260,43,0.440851766383762
13237,43,0.3084059204585723
18951,43,0.06703104690275727
21937,43,0.22536969769653079
1191,43,0.16035715766446818
3155,43,0.3053272511001459
10193,43,0.2745104466445726
28017,43,0.5450212518691259
13243,43,0.22328283716329744
17904,43,0.05474153552163541
18744,43,0.1224729047149927
19810,43,0.09881372160725509
20883,43,0.20748482793280584
6096,43,0.3022968868677008
18749,43,0.14566904483904985
20888,43,0.29679311778371836
861,43,0.042474734004039214
4246,43,0.3449269365797951
23000,43,0.36258018498825384
24016,43,0.2892526792269515
788,43,0.03781580151807912
4062,43,0.2185794167065716
5047,43,0.5488705465546311
14052,43,0.35576630482495086
14856,43,0.37053145139581817
21957,43,0.33756947372193746
24021,43,0.2945887527944892
25073,43,0.35621170782249323
582,43,0.09085239702812366
794,43,0.03856528578971028
1121,43,0.035725791919674066
6111,43,0.7329732061972809
15865,43,0.4198632935348598
23010,43,0.2932613798770866
25078,43,0.20302667833902527
520,43,0.07667730185059934
797,43,0.07199954792962664
6116,43,0.6454382225950341
15870,43,0.4078926663223026
27093,43,0.4592887751018038
464,43,0.06479945048704454
803,43,0.07011674188653336
7194,43,0.639820153156193
8061,43,0.6116561190897456
15875,43,0.37245811884308716
17934,43,0.1659940987187514
24036,43,0.07562550615579575
25760,43,0.08625052091651252
305,43,0.3005763811979682
1317,43,0.11023935266955293
8065,43,0.6505165348967423
15880,43,0.5603867464422904
17939,43,0.3390848103322199
26316,43,0.32298045235434975
26733,43,0.5718754143512058
259,43,0.7078356208053266
8289,43,0.6186320815484924
17944,43,0.5270155524475134
26321,43,0.3289672599885351
266,43,0.15238920271251857
8075,43,0.6042882863181086
17949,43,0.668374036553957
25103,43,0.08101639921370384
270,43,0.1707863103635327
823,43,0.1679773362716916
8080,43,0.5135939952797799
11283,43,0.383953654694454
17953,43,0.5578804112215668
113,43,0.7458328954377874
616,43,0.20632670493442656
827,43,0.16718107580687244
1245,43,0.15232600736766216
8302,43,0.5479566511362028
11287,43,0.611228298729627
17958,43,0.6221593493333986
18799,43,0.3769031796939085
27608,43,0.6946655921342758
63,43,0.8904271983583966
11706,43,0.7932473312766035
19654,43,0.2695683911215089
27674,43,0.7808416033772431
44,43,0.8120738836801917
560,43,0.27116627906034624
4093,43,0.18287888498098118
11711,43,0.8585841419920708
22007,43,0.3956936521639605
26763,43,0.33108438876708673
27313,43,0.505097711457345
27723,43,0.682867514174913
16,43,1.3572064984812562
9190,43,0.4009806360254862
12334,43,0.7662035260543982
21165,43,0.49963617451974873
27468,43,0.5779048105671751
27795,43,1.0213809074097955
7,43,1.5015055184853237
103,43,0.7680452284017277
248,43,0.6324350547010273
508,43,0.5329747561095238
847,43,0.5030952488978716
1733,43,0.21012137949249726
3377,43,0.20872832258720372
17978,43,0.2314184955706091
26773,43,0.4876168164742273
2,43,1.6287875498048665
1270,43,0.4919338695895648
1738,43,0.37519423215292524
3208,43,0.21706944647308649
12344,43,0.9529007363352958
13322,43,0.9203330964395263
14115,43,0.4572564192986949
17983,43,0.17008349246252835
22231,43,0.9956243208343624
24069,43,0.8110750679563568
27147,43,0.6749218321750765
27381,43,0.6773551486865752
27633,43,0.8002827388901845
6,43,1.7823588532139265
112,43,1.4021611315435067
258,43,0.7386825457778717
1275,43,1.2922526092441518
2541,43,0.3603333652445932
10275,43,0.18709747521996223
12349,43,0.5441764645624364
13326,43,0.5555409159374166
17988,43,0.21989495751088156
23074,43,0.7653598476456213
27436,43,0.7271217133549388
27638,43,0.849393611244062
2385,43,0.579963496344972
8120,43,0.3549141697332377
11322,43,0.2125889378575588
17993,43,0.29994678294077803
18834,43,0.28291307750632494
22031,43,0.5279678669920743
23079,43,0.5360026632144552
24947,43,0.5067522590395527
27156,43,0.9393924019292399
2390,43,0.646354137643608
11119,43,0.717894108272978
15737,43,0.3588666544927917
24084,43,0.4826664772496025
27869,43,1.5198100635101013
2394,43,0.606611743814855
4127,43,0.4906396245891545
24957,43,0.33901219548417
25814,43,0.6197819199086706
3230,43,0.3078018681366723
4132,43,0.37487141162057447
19913,43,0.7641615029298072
24094,43,0.8335928020568675
28189,43,1.189708527069706
3235,43,0.14927678005007222
5140,43,0.23058115860881395
7058,43,0.2547990857366353
14950,43,0.25503774767997295
18013,43,0.40091136679817313
23099,43,0.46043389392754214
2721,43,1.1378919034632176
5992,43,0.2501781199726445
9234,43,0.2939445322578592
13355,43,0.4790619697687072
16981,43,0.5756143100777409
20996,43,0.4387816621803605
25487,43,1.543104736937564
2557,43,1.273683436557007
3244,43,0.2317141993023476
7283,43,0.17440202225747514
11351,43,0.393538370932918
18022,43,0.4813371754656348
21002,43,0.1816702346722547
24976,43,0.4126311699466
2396,43,0.4292702815670777
3250,43,0.23854456040205424
5154,43,0.2571798618103202
9244,43,0.27295111153704854
18027,43,0.4936047659779641
18867,43,0.42536928968461685
22065,43,0.262267152274175
25659,43,0.2165605916018445
2401,43,0.07121750522610877
6219,43,0.1695066269681485
9249,43,0.23142092949388784
10319,43,0.24044867853081078
13370,43,0.2965212542006242
15973,43,0.24993075752421337
16996,43,0.35624720649669456
18872,43,0.336436176066447
19938,43,0.3504477156712924
21011,43,0.3228154137189488
22071,43,0.2978120685002682
25819,43,1.0420480783122765
2406,43,0.08741396116869037
6224,43,0.10527472709515331
7082,43,0.13231299706111077
18037,43,0.3550531072816805
18877,43,0.3618384586057038
19944,43,0.30443691054001304
22075,43,0.26790469598068517
23123,43,0.27896236424909937
24123,43,0.3430620158275264
24991,43,0.2872987825782169
2411,43,0.2447124883929093
3089,43,0.06124466759013165
4166,43,0.011981308662757345
5169,43,0.02367349891792668
7087,43,0.07363167399201806
11371,43,0.2128141891326065
15983,43,0.19678223958898242
18882,43,0.369489671190752
21021,43,0.3497013493982598
23337,43,0.2414243413602856
2416,43,0.27266331515854264
3269,43,0.17355823526395853
6234,43,0.007423717127061032
9264,43,0.11498677475353174
13200,43,0.14610767639274047
15988,43,0.15212598206808864
17011,43,0.24650739653830508
18047,43,0.35186188131943974
19953,43,0.3128679487006364
22085,43,0.23769694309166378
25826,43,0.09970563849381962
2421,43,0.21458063002457664
5179,43,0.057542609892291804
6239,43,0.05229227826680959
8179,43,0.019030097884142887
14989,43,0.2914211927470538
18052,43,0.33942692788254114
21031,43,0.33932162745368427
23138,43,0.1803290594169677
25831,43,0.1815715458853289
1962,43,0.9985734096687804
2426,43,0.16197834335295688
4181,43,0.16549333457608845
5184,43,0.13150670149220778
8401,43,0.09104341193795866
14993,43,0.2138856844561468
17020,43,0.1690218199923988
18897,43,0.3429739108477976
19963,43,0.3773781093124522
23143,43,0.2168589680007591
25011,43,0.20374098398192061
2431,43,0.32717144252567687
4186,43,0.20851901555166924
8189,43,0.08063606661831464
12423,43,0.3169307645417256
14998,43,0.2385371827646153
17026,43,0.23564403176355814
17854,43,0.2631951121829126
23148,43,0.1750931096131713
24148,43,0.19859977496487263
1845,43,1.2480645701691961
4190,43,0.38215070344617996
10354,43,0.37267809493824766
12428,43,0.34932960837040467
13383,43,0.28565960017250647
18067,43,0.27819081551244196
19973,43,0.38167868826580964
21046,43,0.24942561393080923
25846,43,0.2817235758447888
2441,43,0.48678334771366655
3119,43,0.5465497374287055
8199,43,0.4213923899718283
13388,43,0.5367363925628317
15008,43,0.4434443012915991
16013,43,0.366641704554376
18072,43,0.2655814606834891
18912,43,0.2741036506374533
23158,43,0.3218059994103877
1741,43,1.843570197673434
2446,43,0.4731584091772995
3298,43,0.5966663268173579
4200,43,0.5685020339332495
8203,43,0.45887127674006534
9294,43,0.5112436963483814
10364,43,0.5745658048558576
11406,43,0.6006973665397188
15013,43,0.43334951020558116
15815,43,0.5479665496455263
18077,43,0.4532154834134168
18917,43,0.3775380129996593
22115,43,0.3561116827501411
23163,43,0.41791924417752935
25856,43,0.40416551234282033
27857,43,2.7022639512662803
3303,43,0.5199282345161945
4205,43,0.6273480137010016
6269,43,0.5303181083180756
7126,43,0.583201980236328
8209,43,0.5912188354797833
9298,43,0.5685271761152599
11410,43,0.6917976005286426
27967,43,0.6436858256672795
27981,43,0.589638586653764
28051,43,2.331169834769387
17045,43,1.4726177475984408
18290,43,0.800700330183837
18921,43,1.017500632882558
21060,43,0.30873471349690007
22118,43,0.3693502680843828
23166,43,0.41705730822526643
25035,43,0.32688397713385836
25860,43,0.877151119067471
27918,44,0.019752378512362202
8211,44,0.0183937564774715
9083,44,0.018187938482841927
28125,44,0.02202915868681182
20418,44,0.026366593017297282
5210,44,0.01834114091448542
6057,44,0.020476678645643523
7130,44,0.031455636811213085
7997,44,0.033999721329300854
9087,44,0.031255234561089994
9948,44,0.03349889205472399
18291,44,0.03316597848693744
18922,44,0.03564630260953587
19776,44,0.03856694731848476
20849,44,0.03752076779198739
21908,44,0.0360107711744733
22958,44,0.03633837564235012
3482,44,0.026527015191030595
4019,44,0.04332709570766236
4798,44,0.01797111933027436
5849,44,0.021078686330376212
7136,44,0.035989047781892346
8002,44,0.03732835428847848
9092,44,0.040902311271788394
10161,44,0.040703109288527294
11204,44,0.03417142280729949
12238,44,0.04223868533988862
16840,44,0.020587193744892443
17874,44,0.022991322714807076
18716,44,0.040700051507877706
19565,44,0.04251418899792112
20854,44,0.040166523976208006
21913,44,0.038715167258949676
23977,44,0.026836493261735306
2451,44,0.04668209153252375
3131,44,0.01970818129538
4023,44,0.01633048019195905
5007,44,0.018565620458982822
5853,44,0.027934090516465417
6925,44,0.038493918616711476
9097,44,0.05022529450935475
10167,44,0.05159999429063237
11209,44,0.04748071279337965
12241,44,0.044309875201571716
13218,44,0.04083570981629184
14012,44,0.039172813302172184
15017,44,0.0363669394933622
16843,44,0.03142370558119165
17880,44,0.03836457422283623
18932,44,0.04882779793580124
19571,44,0.04958154015003995
20860,44,0.05927672713945839
21918,44,0.0599620549603258
22966,44,0.07849103372399076
24699,44,0.05447621586376252
1745,44,0.035441408120068206
2293,44,0.01328712298682764
4028,44,0.01941214695804561
27900,44,0.030840233313887043
7146,44,0.037978561675939625
8012,44,0.039603040179331264
16848,44,0.20664840997437334
1645,44,0.10621030958085005
3141,44,0.05596125832951844
7150,44,0.02979213200146592
9111,44,0.1272226948284989
18734,44,0.03760692633912758
21932,44,0.04272224032251402
1279,44,0.3092082110583433
4042,44,0.19331199825200285
11228,44,0.262983671183259
12260,44,0.2514137342741555
13237,44,0.32458993333845376
14836,44,0.07033868867148546
18951,44,0.1573460134142605
21937,44,0.065002839810473
1191,44,0.3016965994152446
3155,44,0.09057236647185325
10193,44,0.1319496978433662
11233,44,0.38815888651545555
28017,44,0.4078873954147493
13243,44,0.34954282340025417
17904,44,0.05074934490747431
18744,44,0.03776135274464992
20883,44,0.09012007217762226
6096,44,0.20951533166931768
18749,44,0.07348213450350406
20888,44,0.03752836898728984
24011,44,0.10845642392043348
861,44,0.19808809514033685
23000,44,0.09468475956348445
24016,44,0.11042150828062523
788,44,0.22436838910837287
4062,44,0.1610536759941294
21957,44,0.03705225247012554
24021,44,0.08068671457109135
25073,44,0.09539135302485725
582,44,0.2267245789984482
794,44,0.30589977163274495
1121,44,0.3045637737819337
6111,44,0.4750532857364676
15865,44,0.5480467719587631
23010,44,0.08045895520815133
25078,44,0.1186354346816909
520,44,0.2592105822902034
6116,44,0.4196062625248162
6974,44,0.4479720082979221
15870,44,0.6359824579697886
25754,44,0.14619377145379375
27093,44,0.1745481506615564
464,44,0.3687791513762336
803,44,0.3587674319212595
6121,44,0.17675913971477739
7194,44,0.4002061417440175
8061,44,0.4192139683273493
15875,44,0.5829204364058539
17934,44,0.5133815924695495
24036,44,0.03851937915985541
25760,44,0.11922407797592531
305,44,0.34728322411300017
808,44,0.392127425884012
1317,44,0.4021148514360237
8065,44,0.46247570976223995
15880,44,0.5687968398554657
17939,44,0.5504554904975512
26316,44,0.13232279589438464
26733,44,0.23609616737645245
259,44,0.5733658840427043
8289,44,0.504224842770824
17944,44,0.48987886235880523
25098,44,0.08258331754838559
26321,44,0.14451450774394897
266,44,0.4703152729518844
8075,44,0.47128637324177486
17949,44,0.5671089536731639
24050,44,0.12334308152403566
25103,44,0.13921992966837937
270,44,0.5179690554777456
823,44,0.44307997852067005
8080,44,0.28824899263545367
11283,44,0.13768016518213633
17953,44,0.5241006159313939
113,44,0.9354104518942902
616,44,0.43554976916339977
827,44,0.40810280655775955
1245,44,0.3841364221357395
8302,44,0.24996212352334993
11287,44,0.4996817153620131
13113,44,0.11573759280214617
17958,44,0.5194650347248484
18799,44,0.288055187821961
27608,44,0.7507749100925774
63,44,1.0169332767495047
11706,44,0.60179414980645
19654,44,0.28026794654663084
27613,44,0.5909173468809908
27674,44,0.8350480811689592
44,44,0.893383534244402
560,44,0.4050400281413692
838,44,0.3645341108338504
11711,44,0.578714474281653
27583,44,0.5113140811604692
27723,44,0.640449675018569
16,44,1.4015116945432002
131,44,0.5717526731672672
768,44,0.35206520549036013
9190,44,0.16359931345869422
12334,44,0.5553559283690118
21165,44,0.31975461199548877
27795,44,0.876254671027893
7,44,1.5126585342842915
103,44,0.5987508308816325
248,44,0.5164778827613246
508,44,0.3808999825788109
847,44,0.328788221721752
1733,44,0.3353608210534914
3377,44,0.309709005156054
13317,44,0.3546196370694035
17978,44,0.39787789346776337
19884,44,0.34692910245105546
26773,44,0.4583502266022441
27075,44,0.3931339884887214
27628,44,0.5117028380815407
2,44,1.630065871850006
1270,44,0.2846001010706229
1738,44,0.17887149224628002
3208,44,0.32509011829610823
12344,44,0.5615228880538901
13322,44,0.6824518316425993
14115,44,0.238821685049376
17983,44,0.12137781881195794
22231,44,0.6226156617777217
24069,44,0.24155688491756308
27147,44,0.5067788943952529
27381,44,0.5053845473792288
27633,44,0.613172456283693
6,44,1.7384338077595693
112,44,1.37203454711998
258,44,0.7799013259037898
1275,44,1.316315445226325
2541,44,0.33818170125570696
12349,44,0.3510972481648806
13326,44,0.48381804266317174
17988,44,0.16554218343802096
23074,44,0.5027775359554945
27436,44,0.6759718473582035
27638,44,0.6578073647494946
2385,44,0.30263359165714593
3218,44,0.39746541095932064
4309,44,0.366058769189627
8120,44,0.40753257734393467
11322,44,0.1643015107657223
17993,44,0.21309110481420598
18834,44,0.2139840105060469
23079,44,0.6230198299777535
24947,44,0.4243898590112438
27156,44,0.7859623145211896
2390,44,0.5309664576906034
14130,44,0.24170582483065509
15737,44,0.14866615418961412
24952,44,0.5359681652580881
27869,44,0.9023966480211482
2394,44,0.5133485060497234
4127,44,0.4727954697893682
24957,44,0.5005191451205196
25814,44,0.70938752059174
3230,44,0.3993179343879304
4132,44,0.3278382297791123
8134,44,0.5057369041763654
24094,44,1.0142307089266496
3235,44,0.2273057889820018
7058,44,0.2926382206201222
16977,44,0.3584982555292025
18013,44,0.2913481398656012
23099,44,0.07207944896582015
2721,44,0.7174182111044294
3239,44,0.18285448004156524
5992,44,0.2857561714355895
9234,44,0.4203934671591764
11346,44,0.4589080115294937
13355,44,0.480355958387563
16981,44,0.42659740800311313
20996,44,0.2301215404776589
25487,44,1.4938125312949133
2557,44,1.4353475800007627
4146,44,0.27673346051456543
7283,44,0.2879179475901832
18022,44,0.349639636873417
19928,44,0.28128546281555256
21002,44,0.3487959398910293
24976,44,0.2343371092325442
2396,44,0.7059786291490736
3250,44,0.25781367860501847
5154,44,0.26947227152516323
9244,44,0.29512803381425645
18027,44,0.32873881372625124
18867,44,0.2869630620530559
22065,44,0.20577648732677725
25659,44,0.4051786452046626
2401,44,0.3098813939139486
3254,44,0.2904521781963259
6219,44,0.2730471711449817
9249,44,0.19051712163006
10319,44,0.27559196247273515
13370,44,0.27303501084175613
15973,44,0.13108974906890578
16996,44,0.20965759142656978
18872,44,0.22944177400940918
19938,44,0.1364760492203428
22071,44,0.05361603539669994
25819,44,0.8620473321896437
2406,44,0.15658560811694677
3259,44,0.27027738994233397
6224,44,0.28719049410832614
7082,44,0.18616873261734776
8164,44,0.18841198972902357
18037,44,0.23606619755054234
18877,44,0.20234723457178277
19944,44,0.1993645681894901
22075,44,0.04113695695700308
23123,44,0.12715202692476907
24991,44,0.232969576250917
2411,44,0.2191363018724922
3089,44,0.2947870446589036
4166,44,0.24630049880331123
7087,44,0.263938705435184
9259,44,0.16790241459570807
11371,44,0.3102993322952816
15983,44,0.14533320107547543
21021,44,0.07535762132376336
23337,44,0.06995777263186799
24128,44,0.15459897153996802
2416,44,0.27655093932638114
3269,44,0.2426663503860405
9264,44,0.13652039330714222
13200,44,0.33065795240459456
15988,44,0.22737553812124697
17011,44,0.20842759576206887
19953,44,0.10170423458593025
21026,44,0.1034731535758376
22085,44,0.10812837908591504
25826,44,0.36384997976405803
2421,44,0.3923375112819403
6239,44,0.21235083296450835
8179,44,0.17910100316524072
14989,44,0.1365218498983755
18052,44,0.18271362619148243
21031,44,0.16501251907622919
22090,44,0.053654612589983074
23138,44,0.09122307461330213
25831,44,0.2166229910529236
1962,44,1.8751358807188145
2426,44,0.536384593872708
14993,44,0.13714130778739414
17020,44,0.14864233823375703
19963,44,0.14032259530510519
22095,44,0.14640646140432342
23143,44,0.08489940739480552
2431,44,0.4681646960669671
4186,44,0.311114769695294
8189,44,0.17924187579582587
12423,44,0.40652824758878153
14998,44,0.31653038920134563
17026,44,0.21799476157554376
23148,44,0.27385233784004015
24148,44,0.22413566113445663
1845,44,2.2188801527126825
2436,44,0.56504824092208
4190,44,0.3904172535300076
10354,44,0.16575107603813208
12428,44,0.1898500287008198
18067,44,0.14677163622620504
21046,44,0.1836289216774787
25846,44,0.06914584233118636
2441,44,0.6338180275162113
3119,44,0.4961046226321539
6259,44,0.30534906190448396
8199,44,0.2869549497442564
10359,44,0.2083906167810389
13388,44,0.2672896522019417
15008,44,0.364325862400583
16013,44,0.2763532809959169
18072,44,0.15272751575498095
18912,44,0.12377876112818867
22110,44,0.275231615450912
1741,44,2.6240817345704697
2446,44,0.7750222375924425
3298,44,0.6071188452904835
4200,44,0.46946974032623845
8203,44,0.25363935993887393
9294,44,0.29368749494085716
10364,44,0.26935349330671016
11406,44,0.1984606534645633
13393,44,0.18903172817478694
15013,44,0.3575204437311119
15815,44,0.26685291639558206
18917,44,0.2325643479127381
19983,44,0.2697707636946431
22115,44,0.24369248723879428
25031,44,0.3139794593808554
25856,44,0.14139548258831353
27857,44,2.7301738903129267
3303,44,1.7268675010823757
4205,44,0.5629222172018986
6269,44,0.5453772220243266
7126,44,0.46559575676667725
8209,44,0.44717429421795024
9298,44,0.3806853985710538
11410,44,0.23344216456387892
27967,44,0.7824527458798838
27981,44,0.3578646389027331
28051,44,2.838437010899737
16225,44,2.7468582714153853
17045,44,2.2768587768094437
18290,44,0.5490590401742644
18921,44,0.8268076761509568
23166,44,0.4255545293548367
24166,44,0.22038017301761081
25860,44,0.9629700390192099
27918,45,0.02008608599853077
8211,45,0.022580116907406324
9083,45,0.015468745072436675
28125,45,0.019857817741003404
20418,45,0.0260084559708117
5210,45,0.018665084023506043
6057,45,0.018478521315019966
7130,45,0.018822750610582077
7997,45,0.020095639249811927
9087,45,0.023360289226004378
9948,45,0.02420546192572066
18291,45,0.02868977824904839
18922,45,0.03233088035281079
19776,45,0.03780898341033276
20849,45,0.04259076849848267
21908,45,0.042749313546485014
22958,45,0.04762570019425449
3482,45,0.016344081969582244
4019,45,0.018525568966040344
4798,45,0.019324327821788594
5849,45,0.020279348901655544
7136,45,0.019665321410486564
8002,45,0.020636446176806485
9092,45,0.026798273824004085
10161,45,0.028154298983621765
11204,45,0.02186339292215443
12238,45,0.02166456399276635
16840,45,0.016374576608012652
17874,45,0.0171942991440765
18716,45,0.03662505654389626
19565,45,0.040503428495547854
20854,45,0.04462787267865562
21913,45,0.04415012610224539
23977,45,0.037011876792036845
2451,45,0.01844302933891354
3131,45,0.015430331407164844
4023,45,0.014508028681444055
5007,45,0.017787865516730266
5853,45,0.019076455845493827
6925,45,0.022866692778883257
9097,45,0.03275663687492765
10167,45,0.03582746384858172
11209,45,0.03190210439878286
12241,45,0.025689723679799704
13218,45,0.024626834943501832
14012,45,0.02394540698219372
15017,45,0.026192968445672735
16843,45,0.030471584896026433
17880,45,0.03397888573727006
18932,45,0.04327659626654178
19571,45,0.044782166319902526
20860,45,0.06465930574806598
21918,45,0.06938831674075693
22966,45,0.09995759208103483
24699,45,0.07290484710272373
1745,45,0.00810981978260636
2293,45,0.03749325420999022
3135,45,0.0377960606524812
4028,45,0.027438781350190396
27900,45,0.05333367222821649
7146,45,0.04668496488124815
8012,45,0.04548571933241861
16848,45,0.09617819646804682
1645,45,0.04126722446655278
3141,45,0.017116423566341105
7150,45,0.09550749521520813
9111,45,0.11164035022324181
21932,45,0.07604196080859424
1279,45,0.24179986239295953
4042,45,0.11306281477885272
11228,45,0.14815702630392028
12260,45,0.14036022122347916
13237,45,0.044990190225756066
14836,45,0.0385988107764502
18951,45,0.1607234923898612
21937,45,0.09640613206257198
1191,45,0.23828707150912426
3155,45,0.06330544638516995
10193,45,0.033124811953253584
11233,45,0.07311993229394846
28017,45,0.13260404905716036
17904,45,0.04102719536520847
18744,45,0.06834471850232739
20883,45,0.06300044006895768
24889,45,0.06935208151442906
4833,45,0.11379278774196515
18749,45,0.034210450839287976
20888,45,0.05510060081550728
861,45,0.3426664731471382
14047,45,0.1489469964921579
23000,45,0.04696287220649791
24016,45,0.04829890886062996
788,45,0.39107216321811505
4062,45,0.05262358913467098
24021,45,0.0924609691013133
25073,45,0.17074834691500237
582,45,0.4469134943509792
794,45,0.3879209470973427
1121,45,0.34569478644001095
6111,45,0.15337718683376939
14861,45,0.202384570297022
15865,45,0.22510867303254808
23010,45,0.09237922591300152
24026,45,0.14223893889555567
25078,45,0.05950693684980111
520,45,0.4451417982117093
6116,45,0.06024796380024978
6974,45,0.109519840416449
15870,45,0.28926830192356806
24031,45,0.17521075410788164
24914,45,0.058412136959872345
25754,45,0.09080931588630071
27093,45,0.19375901432259227
464,45,0.4364514362683707
803,45,0.430603293968053
6121,45,0.1086816913805681
8061,45,0.06520779688132956
15875,45,0.2764535536625526
25760,45,0.09595467956777563
305,45,0.5549852462277887
808,45,0.4282000660627409
8065,45,0.018205889179902304
15880,45,0.41121791074080427
17939,45,0.2889844993098751
26316,45,0.10350096345186982
26733,45,0.15075496891694007
259,45,0.6708486495539181
6988,45,0.2586711163414338
8289,45,0.039122410599190596
17944,45,0.4011808902296447
25098,45,0.06618406669833848
26321,45,0.12972266281539635
27108,45,0.21724515907517905
266,45,0.563581312224977
8075,45,0.12458842263083907
25103,45,0.11081681839207623
270,45,0.5819390936432021
823,45,0.46424892103360643
11283,45,0.02426684692841076
17953,45,0.5159727953802993
113,45,0.8989846377763226
616,45,0.49877929199034815
827,45,0.5144877826384234
1245,45,0.451230020161777
8302,45,0.3281805995748247
10246,45,0.17490081916134645
11287,45,0.15865867229934308
13113,45,0.1392796946635005
17958,45,0.4974159186681719
18799,45,0.18586147915467904
27608,45,0.7924584955876093
63,45,0.9559284018965879
11706,45,0.24410509866191688
19654,45,0.09811107234583072
22002,45,0.3553682700674678
27674,45,0.6262268478162755
44,45,0.9492047091149123
560,45,0.5954504427952514
838,45,0.46035709441840167
11711,45,0.2978009288911016
19874,45,0.06946392854353528
27132,45,0.1983816673525068
27723,45,0.4906588744194448
16,45,1.3943410533925897
131,45,0.865581534784139
503,45,0.5352369300744776
9190,45,0.19679977472599056
12334,45,0.3223367643724629
27795,45,0.9627985738272844
7,45,1.5388706812732489
103,45,0.9446441922663893
248,45,0.8292809877544798
508,45,0.6323824917057479
847,45,0.7065920572730374
1733,45,0.4027540334455114
3377,45,0.38200163768566747
12339,45,0.4180514030532803
19884,45,0.26133569690997693
26773,45,0.24925205395012714
2,45,1.6367611615683884
108,45,1.0682718539962404
1738,45,0.4105564855107648
3208,45,0.3955018929128135
12344,45,0.45897361991727026
13322,45,0.4395978887792442
14115,45,0.335511493513332
17983,45,0.204002514228136
22231,45,0.14259219347512872
27147,45,0.26341050932565424
27381,45,0.2422975844988113
27633,45,0.3863078751761019
6,45,1.7418084300338057
112,45,1.3062412828015337
258,45,0.8204528379208803
1275,45,1.2501779020261292
2541,45,0.4290313980907426
3213,45,0.463748675125792
12349,45,0.5210623458835917
13326,45,0.5377862676365301
17988,45,0.22294818088253865
23074,45,0.2640382675769936
27436,45,0.327404285765374
27638,45,0.40153501958183524
2385,45,0.4502451285102177
3218,45,0.4580662170527033
4309,45,0.4183797234725189
11322,45,0.29752836899539087
17993,45,0.3134478279775162
18834,45,0.4149482303953674
23079,45,0.30046504842259075
27156,45,0.6748154521742208
2390,45,0.5136137823689468
4122,45,0.36923153929963765
14130,45,0.28948482362288486
15737,45,0.24452294981045167
19904,45,0.7131544451605968
24952,45,0.3358352021897453
27869,45,1.2992519723904943
2394,45,0.4885104708998239
4127,45,0.38435981385818413
13341,45,0.2810047687687419
14940,45,0.39225523834901127
24089,45,0.25174686654880335
24957,45,0.25849844063502225
3230,45,0.7963136977035535
4132,45,0.5177022066538179
23094,45,0.549064148806119
24094,45,0.6871951621981435
3235,45,0.652610973709041
7058,45,0.5340470169480257
18013,45,0.3987881408077676
23099,45,0.33869334206278295
2721,45,1.2458487172260466
4141,45,0.6979097678260262
9234,45,0.7419314844242
13355,45,0.500805284437944
15958,45,0.4937796322812479
16981,45,0.6057256427890868
20996,45,0.23214860385755337
25487,45,1.3172672860846666
2557,45,1.6128318641719313
4146,45,0.7530071331019597
4941,45,0.6759659186426202
7283,45,0.5776693228401858
16986,45,0.5634806222196396
18022,45,0.6271420591839784
19928,45,0.3081620397906479
21002,45,0.20515119075996016
24976,45,0.7502966054559743
2396,45,1.56453845448318
3250,45,0.8323581101463491
5154,45,0.6228925655303138
9244,45,0.687512904077112
18027,45,0.5823546582658975
18867,45,0.5715371270290661
22065,45,0.3720896725945058
25659,45,0.31244075769713936
2401,45,1.0822468433477839
3254,45,0.87503539116052
6219,45,0.6662965192386866
9249,45,0.7174933649165994
10319,45,0.7113695142192443
13370,45,0.5621482609706094
15973,45,0.33582341100123314
16996,45,0.45594697331111445
18872,45,0.5792832245809074
19938,45,0.5743867785614506
25819,45,0.09089569635125579
2406,45,0.9104238091943089
3259,45,0.9325289267864606
6224,45,0.7730052501525859
7082,45,0.7579916313466278
8164,45,0.7014658945829735
18037,45,0.538454189039836
18877,45,0.5888763688406781
19944,45,0.6053593293651041
21016,45,0.5877300521753401
22075,45,0.6177339259230558
23123,45,0.5543503595220352
24991,45,0.5089035530052813
2411,45,0.8272468347597219
3089,45,0.9872394315553953
4166,45,0.9213481296474197
7087,45,0.7490176638040285
11371,45,0.7900749904114984
15983,45,0.18268378533102628
21021,45,0.5933803507894828
23337,45,0.5547586277160659
2416,45,1.3086580091951574
9264,45,0.7991597364240098
13200,45,0.6472613299977883
15988,45,0.1495319426590698
17011,45,0.27937894418233394
19953,45,0.5943470031263876
21026,45,0.6123927746978512
22085,45,0.6170237064158236
25002,45,0.6606934699983562
25826,45,0.4516680712585161
2421,45,1.6024318365307453
6239,45,0.9024775201367542
7097,45,0.9010369382395451
8179,45,0.8591642794921747
14989,45,0.26581511982440137
15791,45,0.08913873485269981
18052,45,0.4292471261858242
25831,45,0.41651404097292416
1962,45,1.6840453098073083
2426,45,1.8148479031348976
9274,45,0.8562997544454028
14993,45,0.1657875737066621
19963,45,0.5813629951315885
22095,45,0.570134021765937
23143,45,0.5169152775690568
2431,45,1.7310059054099278
5189,45,1.1566457258491776
7107,45,1.0238183494761002
12423,45,0.9007395659407201
14998,45,0.09940115397511332
17026,45,0.03110323400291295
19968,45,0.5706938535755407
23148,45,0.5900738254703233
24148,45,0.5674305215380976
1845,45,2.2152050314563136
4190,45,1.314248506510323
8413,45,1.1649246018818946
9502,45,0.8726769517843334
10354,45,0.8503813303324758
12428,45,0.43456692844040445
18067,45,0.1629936098449095
21046,45,0.6336639383613271
25846,45,0.573187760152606
2441,45,1.6290455184920434
3119,45,1.4637914208149099
4010,45,1.3428155517213538
7117,45,1.0903845117439075
8199,45,1.119119410973559
13388,45,0.25408584907383586
15008,45,0.4434199798062078
16013,45,0.4350710175120361
18072,45,0.6625930357176874
18912,45,0.7508774940613271
22110,45,0.7724192224346077
1741,45,2.4998870328363694
2446,45,1.6043899144707576
3298,45,1.3840473493751497
4200,45,1.311676595412785
8203,45,0.9167219010472911
9294,45,0.82748921802127
10364,45,0.76944348859987
13393,45,0.35953408151849897
15013,45,0.5717460673801231
18917,45,0.8784948106415713
19983,45,0.8253287158724548
22115,45,0.8270024577035009
25031,45,0.6094244150943675
25856,45,0.7212109557318421
27857,45,2.6118453408512474
3303,45,1.1524062160356796
4205,45,1.319006611969452
6269,45,1.0440202823133535
7126,45,1.079628410319953
8209,45,0.8583410862816024
9298,45,0.7962893499713931
10368,45,0.7218068693956873
11410,45,0.67310349016287
27967,45,0.25755622460727756
27981,45,0.16670981572228966
28051,45,2.589291175998844
16225,45,2.8721040624948744
17045,45,2.9091340309612153
18290,45,0.6512928927317156
18921,45,0.8690318639981145
23166,45,0.5957410495835154
24166,45,0.45896277291666204
25860,45,0.26422677259046035
27918,46,0.01168684107557892
8211,46,0.013704033657217628
9083,46,0.01689215582011945
28125,46,0.01675094920649574
20418,46,0.019779505264676322
5210,46,0.007924206683965653
6057,46,0.006173075288707802
7130,46,0.010615952108212152
7997,46,0.010419935580834025
9087,46,0.01461356094007552
9948,46,0.01483353474823126
18291,46,0.028135828924736286
18922,46,0.03050410668156379
19776,46,0.033702205444996455
20849,46,0.03676464771732975
21908,46,0.03881130144496896
22958,46,0.047428113067009385
3482,46,0.008363603386611606
4019,46,0.01085161672831007
4798,46,0.008822212196276737
5849,46,0.008351303858570731
7136,46,0.010111173492073784
8002,46,0.009403712053161416
9092,46,0.010998162299839643
10161,46,0.012613684789216931
11204,46,0.014687584229714036
12238,46,0.019690288731181595
16840,46,0.01647893020380051
17874,46,0.017930768746105597
18716,46,0.035314911865869034
19565,46,0.037443756979027264
20854,46,0.039569537825496034
21913,46,0.037783819465505415
23977,46,0.02922719405786299
2451,46,0.009259571925018589
3131,46,0.0071289690704918855
4023,46,0.006018909041527232
5007,46,0.011134882881254077
5853,46,0.011768267035042385
6925,46,0.01002424002663318
9097,46,0.011353432551668343
10167,46,0.011380099927234221
11209,46,0.01976782805026764
12241,46,0.021628482965443348
13218,46,0.020935538832461454
14012,46,0.02321355398254079
15017,46,0.03238712012332736
16843,46,0.031456733457487694
17880,46,0.03568308851067068
18932,46,0.043628370087933126
19571,46,0.04500656462166595
20860,46,0.1313629147196877
21918,46,0.0688355952726674
22966,46,0.12071428639753316
24699,46,0.0962748874543791
1745,46,0.01474341064657684
2293,46,0.011778050033146198
3135,46,0.012930386105302814
4028,46,0.07619433641618566
27900,46,0.01458312273225728
7146,46,0.018810706377774197
8012,46,0.01342936939251139
1645,46,0.11568242036872217
3141,46,0.04859060435888665
7150,46,0.039293535429245074
9111,46,0.10570078340168627
21932,46,0.023479592184493976
1279,46,0.15509616903955173
4042,46,0.2196981754721977
11228,46,0.049723158155940125
12260,46,0.05326779221086783
13237,46,0.026650057350020042
14836,46,0.05107975740826968
18951,46,0.23250959769213803
21937,46,0.019110371054320327
1191,46,0.12207577711211016
3155,46,0.23855911601637006
4048,46,0.2395623496318442
5032,46,0.18474175866466724
10193,46,0.175075387226193
11233,46,0.02957132736009121
28017,46,0.014942592216198805
17904,46,0.09794841260269867
24889,46,0.13734035597012578
4833,46,0.22225522411219192
18749,46,0.05023509015199513
861,46,0.21159143814587675
13253,46,0.12102264448577942
23000,46,0.10930574708981104
24016,46,0.05224805474205676
788,46,0.23854265247416073
24021,46,0.15046920833017619
25073,46,0.12828262896044773
582,46,0.25629084397237833
794,46,0.2814845625224002
1121,46,0.27507903704770437
15865,46,0.06921829180866979
23010,46,0.08817492769626238
25078,46,0.16806657609038686
25750,46,0.1970772810072228
520,46,0.3109752750593924
797,46,0.22233399373947538
6116,46,0.24518379187969488
6974,46,0.21262415018766873
15870,46,0.10291957216811198
24031,46,0.09837968582865723
24914,46,0.09056466028588621
25754,46,0.16744552322748613
27093,46,0.415552486086709
464,46,0.31044609888664926
803,46,0.300794651409992
6121,46,0.2679906794725168
15875,46,0.16920157820421786
25760,46,0.1545658778779816
305,46,0.4549415057872565
8065,46,0.22288925581858188
15880,46,0.22941414729063944
26316,46,0.23467158780208738
26733,46,0.3038645547685347
259,46,0.5705026433368798
8289,46,0.234768592222343
16909,46,0.33209054626879425
17944,46,0.21180036786360204
25098,46,0.1631734489227098
26321,46,0.16833434306591494
27108,46,0.3845269025995448
266,46,0.48329445789677145
1236,46,0.311804709752854
8075,46,0.22530372769630244
25103,46,0.16884436788347967
270,46,0.5080072129012786
823,46,0.3339178215629649
11283,46,0.21912120564421808
17953,46,0.365264086987285
113,46,0.786263268254231
616,46,0.4229258402034379
827,46,0.32540218991820324
1245,46,0.3777242446218377
8302,46,0.4130939906089039
13113,46,0.27002009964311846
17958,46,0.4039358582996611
18799,46,0.37375642325930125
26753,46,0.2645675901348423
27608,46,0.7123899322898332
63,46,0.9002332510274379
11706,46,0.15631750467725503
19654,46,0.42657661668359176
27411,46,0.4927462423253379
27674,46,0.42834794169737517
44,46,0.9027646198308839
560,46,0.514716298351612
838,46,0.45758900918053397
11711,46,0.1970455226116856
27313,46,0.38323738161377674
27723,46,0.5290592231873945
16,46,1.3794304934986548
9190,46,0.6233688010722365
12334,46,0.15246843470012403
27795,46,0.8579469773477703
7,46,1.5267935300655553
103,46,0.923889633949421
248,46,0.811796103741055
508,46,0.5569844441189741
847,46,0.53737111539999
1733,46,0.5142717400012802
3377,46,0.3354924757176676
12339,46,0.1866957165784423
19884,46,0.482902730824157
2,46,1.6168774369538865
108,46,1.0162962490042955
1738,46,0.536822889807104
3208,46,0.5275164808460318
12344,46,0.1404474083919527
13322,46,0.1806290832050574
14115,46,0.16226428658672312
22231,46,0.8030073185222767
27147,46,0.3259634548433605
27381,46,0.4449588408317495
27633,46,0.46542589128579537
27814,46,1.03933968838976
6,46,1.4923828696290018
112,46,1.2994511316746797
258,46,0.9829386230610987
1275,46,1.226850130017707
2541,46,0.559411740953736
3213,46,0.5456504003041964
4113,46,0.6285229212594006
12349,46,0.3099099833751879
13326,46,0.32225026655730626
17988,46,0.41072457079941
21180,46,0.6281151062910609
23074,46,0.8490694012999606
27436,46,0.476388421927859
27638,46,0.5198327715856528
2385,46,0.5962951830881289
11322,46,0.6107314843195891
15732,46,0.5536265000082955
17993,46,0.5060423343085413
18834,46,0.4698203432252743
23079,46,0.9244102044690647
27156,46,0.9679566365350262
1841,46,1.3724653801308133
2390,46,0.7588680648907398
4122,46,0.7299373205996228
14130,46,0.6414250341365942
15737,46,0.5807962353827157
19904,46,0.5695752204593042
24084,46,0.9829042645628425
24952,46,0.8921301129037643
27869,46,1.4200083084660622
2394,46,0.8128342363523652
4127,46,0.8354167721056637
13341,46,0.5755459515836656
14940,46,0.543921053765358
15944,46,0.4547503985224983
24089,46,0.9712337263093532
24957,46,0.9341870365821113
4132,46,0.8691462061860402
23094,46,0.7001572266540779
24094,46,0.7400727565640143
3235,46,0.8759049671138027
5140,46,0.9698599429928062
7058,46,0.9205368230432739
18013,46,0.9089082839895806
23099,46,0.7831498566798575
4141,46,0.9380451685993766
9234,46,1.1353718617996675
13355,46,1.0864954044285235
18017,46,0.7149627908109522
20996,46,1.0268841386503826
25487,46,1.191951946501725
2557,46,1.721820772312342
3244,46,0.9322417686839721
4146,46,0.9849614014420165
4941,46,1.0389215051025553
7283,46,1.0557080317596605
18022,46,0.7169656119611871
19928,46,0.8155764452106086
21002,46,0.9138654701212975
22060,46,1.0400843214864945
24976,46,0.4747824847309096
2396,46,1.4528604134203376
3250,46,0.95930557601085
5154,46,1.0450905912882391
9244,46,1.2018914226035167
11356,46,1.283277134245856
14964,46,0.8398729325539008
18027,46,0.6916828004470922
18867,46,0.7286481760793202
22065,46,0.5949065595957372
3254,46,0.9636249278935075
6219,46,1.0647658196243321
9249,46,1.1607197027812424
10319,46,1.2540117425842183
13370,46,1.2688302707996533
15973,46,0.7707814580109461
16996,46,0.7295909971836001
18872,46,0.8196163178028157
19938,46,0.7631255003833531
25819,46,0.6371053989158428
2406,46,0.9682710805008159
3259,46,1.0031649268708258
6224,46,1.0357363424895523
7082,46,1.1237333394087121
8164,46,1.145944796348594
18037,46,0.8209566508308178
18877,46,0.7651347937755104
19944,46,0.7532560559357837
22075,46,0.8163265868888391
24991,46,0.658506517669434
2411,46,0.9736208241288092
3089,46,0.9887332114099809
4166,46,1.1025631650115395
7087,46,1.1666681759787252
11371,46,1.3593308981968348
18882,46,0.7385743742345439
21021,46,0.8916961248467532
23337,46,0.6788435415174585
2416,46,0.834947866820127
6234,46,1.10934898700473
9264,46,1.1914793435667992
13200,46,1.2962042753018568
15988,46,1.1610491672007974
17011,46,1.0241264219713924
19953,46,0.9359017059602519
21026,46,0.8511726435260399
22085,46,0.7284505024780851
25826,46,0.9614937998039507
6239,46,1.1478536052633317
14989,46,1.2127773894764953
15791,46,1.2628068238130703
18052,46,1.0403925096330784
25831,46,1.0320666046722164
1962,46,2.076484717239665
2426,46,0.8966273145343818
7318,46,1.1689782889004043
8401,46,1.1662673881191343
18897,46,1.0301672559349102
19963,46,0.9481540066356912
22095,46,0.9340193194765017
23143,46,0.9126720990071006
25011,46,1.0186556711029688
5189,46,1.0634902291265833
6248,46,1.2082838769260487
7107,46,1.2001851109560198
9279,46,1.2054864743374087
12423,46,1.5193949052965796
14998,46,1.4435726886990619
22100,46,1.0509893405677575
23148,46,0.996480103244692
24148,46,1.0128625993293519
1845,46,1.768756364108532
4190,46,0.8051653642367941
6039,46,0.9662033433784569
8413,46,0.873615531167302
9502,46,0.8826244317062568
10354,46,0.9158205585297998
11396,46,1.1255554404754828
18067,46,1.3021948270037063
21046,46,1.1662797801973175
25846,46,1.2381663047607214
2441,46,0.8714796417332827
3119,46,0.8599151116446412
4010,46,0.8279387518950498
7117,46,0.8874737112798957
8199,46,0.9052374140417415
13388,46,1.152688660854007
15008,46,1.4125968494275802
16013,46,1.3516101654918937
18072,46,1.2733740305435113
18912,46,1.1426291993298756
23158,46,1.0767691430355004
1741,46,2.538019328656263
2446,46,0.8987122508947064
4200,46,0.9443248005465469
8203,46,0.9342558683031089
9294,46,0.9395737239444935
10364,46,0.9294300650369135
12438,46,1.0966449692114362
13393,46,1.1596368097433718
15013,46,1.7431886271461972
18077,46,1.1617155523199378
18917,46,1.1725180310567125
19983,46,1.100408491289547
22115,46,1.2007630806912033
23163,46,1.1776976689208327
24163,46,1.325604101727668
25031,46,1.405139109966284
25856,46,1.3077766758881952
27857,46,2.659665033111727
3303,46,1.3241380500913518
4205,46,1.0471022320036758
6269,46,1.2194493989675341
7126,46,1.0332866960321234
8209,46,1.2204085266665592
9298,46,1.0859315108561867
10368,46,1.0307842785404873
11410,46,1.0671356898795283
27967,46,2.0999552222514826
27981,46,1.2882439484781685
28051,46,2.8399101297527234
16225,46,2.8546043458324672
17045,46,2.553221605585127
18921,46,2.8796640305057934
21060,46,2.5195593607415008
23166,46,1.8118880132067934
24166,46,1.562102422436243
25035,46,1.869278846421584
25860,46,1.6198376165536006
27918,47,0.014873913473571428
8211,47,0.015280740793836099
9083,47,0.011156549819643233
28125,47,0.022897875178901
20418,47,0.030313053035234752
5210,47,0.010882477774574741
6057,47,0.01461290307266738
7130,47,0.015006097052624028
7997,47,0.016248670593514074
9087,47,0.019057723978654042
9948,47,0.021588623986612054
18291,47,0.03530303707603216
18922,47,0.038905818998509346
19776,47,0.04339966300158621
20849,47,0.052782108386194966
21908,47,0.05817231570847089
22958,47,0.07112565026435139
3482,47,0.01726737305851766
4019,47,0.012482902697341033
4798,47,0.010031943082954783
5849,47,0.017613376451170618
7136,47,0.01728517450052476
8002,47,0.017025593815809505
9092,47,0.021520973065454974
10161,47,0.02504711137402722
11204,47,0.020779682536357136
12238,47,0.019488213014138486
16840,47,0.01837471382699169
17874,47,0.02061593512027326
18716,47,0.043963900775391515
19565,47,0.046774423241483135
20854,47,0.05620950444224965
21913,47,0.05620967636413472
23977,47,0.04496283277418065
2451,47,0.027354992775192977
3131,47,0.016782414112374026
4023,47,0.014616206229358386
5007,47,0.007660710372574883
5853,47,0.015445788432456387
6925,47,0.018094565804122404
9097,47,0.0252212811668319
10167,47,0.027833331793174272
11209,47,0.027950360581255253
12241,47,0.022829648346192697
13218,47,0.021925684393873143
14012,47,0.021111259193983233
15017,47,0.029016220561511732
16843,47,0.03944119623358197
17880,47,0.04534300361576263
18932,47,0.05869587102854159
19571,47,0.06107926134498569
20860,47,0.08103875187315225
21918,47,0.08873398518403529
22966,47,0.139108934802533
1745,47,0.035937472223793655
2293,47,0.02741959271619835
3135,47,0.026080738437582063
4028,47,0.07919325524803707
27900,47,0.08733851401572099
7146,47,0.03369165538599821
8012,47,0.018882807617645398
1645,47,0.0010890848113793983
3141,47,0.12504852111651027
7150,47,0.08855731743112792
9111,47,0.041327628539020576
12255,47,0.22200422985073995
21932,47,0.12506366088322549
1279,47,0.12402547715353321
4042,47,0.16026941851361345
11228,47,0.044320826507446814
12260,47,0.1052689724450375
13237,47,0.11554186093091436
14836,47,0.10602785960812704
17899,47,0.06689754238840608
18951,47,0.07793178784181093
21937,47,0.0638987293510351
1191,47,0.1623147595335475
3155,47,0.16384910867947847
4048,47,0.1913720076851837
5032,47,0.1460092738812387
10193,47,0.13206975945140606
11233,47,0.05925034496091703
28017,47,0.06980878568379686
17904,47,0.1842050367658609
19810,47,0.06538206352688963
4833,47,0.16555200378415705
12270,47,0.14337114621314068
861,47,0.19360861762512213
13253,47,0.0856816634285644
23000,47,0.013656553098771349
24016,47,0.06707565154780303
788,47,0.2308886953899545
14856,47,0.022428729780840633
24021,47,0.05398959675781994
25073,47,0.09322939672378613
582,47,0.21174447236630572
794,47,0.24574732944353567
1121,47,0.23072646544612496
15865,47,0.004550783445458247
23010,47,0.14753441731745923
25078,47,0.06981806704958704
25750,47,0.14053444553571956
797,47,0.24387030838644624
6974,47,0.19228013834117097
15870,47,0.029341514827012367
24914,47,0.11753060343944446
25754,47,0.1459526954195279
27093,47,0.3246023819125661
803,47,0.2450645256017247
6121,47,0.16047652984234742
15875,47,0.019764153229960422
25760,47,0.13536747361986443
305,47,0.45956664231649197
1317,47,0.22745628149770658
8065,47,0.09812077156184656
15880,47,0.04046210212222484
26316,47,0.21982279572497979
26733,47,0.2789708524552305
259,47,0.5648043482673214
473,47,0.39410691049110746
8289,47,0.12023514474043899
9161,47,0.135519917304015
17944,47,0.14695375689372212
25098,47,0.266819351542928
26321,47,0.24947713784844633
27108,47,0.4207100851798061
266,47,0.34461847117262073
1236,47,0.29906058830176835
8075,47,0.08299129577722564
9166,47,0.09980246245017314
270,47,0.3204920286847893
823,47,0.2804582379561023
10449,47,0.15804307034148
11283,47,0.24140371960605717
17953,47,0.0523916584792416
113,47,0.5814419235617211
616,47,0.25531696638753637
827,47,0.2901002502517863
1245,47,0.3139396943526258
8302,47,0.05650739418517301
17958,47,0.048341221969903966
18799,47,0.1126305182655728
26753,47,0.33534563362647707
27608,47,0.7398933204151369
63,47,0.6085448346394077
11706,47,0.13870202737968484
19654,47,0.14818713159295116
27674,47,0.25276332169862414
44,47,0.5125481557076246
560,47,0.3181357853180709
838,47,0.28323315231152724
4093,47,0.04090285554131372
11711,47,0.15274943698211063
27313,47,0.24679611129179382
27723,47,0.21534850370772807
16,47,1.1923031781868723
9190,47,0.056982144436808414
12334,47,0.1793146222243724
13312,47,0.24122383731608424
27468,47,0.3033115202932496
27795,47,0.5647256024023358
7,47,1.367800992655239
103,47,0.6388942918268421
248,47,0.5845895414443321
508,47,0.5020839646520731
847,47,0.4209668134832202
1733,47,0.3542530142482492
3377,47,0.07827143299917234
12339,47,0.13404841856414795
13317,47,0.22104062612750233
19884,47,0.4215369518735602
2,47,1.4860912672339563
108,47,0.7553112143143552
852,47,0.5141426879560024
1270,47,0.44532976992539963
1738,47,0.32424581662485524
3208,47,0.23466146481882608
12344,47,0.14496855262492386
13322,47,0.10972041258693634
14115,47,0.13314237507664975
22231,47,0.7207847325800087
27147,47,0.18443953590723075
27381,47,0.23739686743460633
27633,47,0.2455877582259866
27814,47,0.7060646773904851
6,47,1.5275002890712934
112,47,1.2870689115429057
258,47,0.9297657061289104
1275,47,1.0960942931074116
2541,47,0.3614024663076912
3213,47,0.408710251060359
17988,47,0.33448477454305026
21180,47,0.5242107209411845
23074,47,0.6625064237866443
27436,47,0.26183384785520436
27638,47,0.2801037010804589
2385,47,0.4038511284123255
11322,47,0.20266146460268855
17993,47,0.2808635848002424
18834,47,0.2673324401388183
23079,47,0.682013414641485
27156,47,0.6788966896506279
27440,47,0.5069247692517337
2390,47,0.4496353206038707
14130,47,0.13140685104196304
15737,47,0.13313912164215563
19904,47,0.10290927108903596
24952,47,0.6917398510498028
27869,47,1.3082641293120592
4127,47,0.42251232503902575
13341,47,0.15912074161633297
14940,47,0.08247663261537033
15944,47,0.07448688539954622
24089,47,0.4229178756335356
24957,47,0.49327961395216374
4132,47,0.5024647437279363
24094,47,0.3546470156135111
3235,47,0.3541079257728686
5140,47,0.4491510264301891
7058,47,0.5179446693409638
18013,47,0.234143402194678
23099,47,0.057782962325727764
4141,47,0.45091408755921936
5992,47,0.4679393602593033
9234,47,0.5876349374736337
13355,47,0.36226027315182396
20996,47,0.18456613979383488
25487,47,1.2408109202493431
2557,47,1.4554667573641906
3244,47,0.4092113383237472
4146,47,0.4540026010818765
4941,47,0.4400617908893613
7283,47,0.45974689867285085
11351,47,0.5620601739145303
18022,47,0.3133203287036328
19928,47,0.2630226271988043
21002,47,0.16034030223009846
24976,47,0.16044272017574918
2396,47,0.42467008745696916
9244,47,0.5361559091055049
11356,47,0.5322464628810023
14964,47,0.14258604301044242
18027,47,0.33420534349388814
18867,47,0.28091090283777387
22065,47,0.22185194686568135
3254,47,0.4993582630408469
6219,47,0.4827113160822081
10319,47,0.5497699843873991
13370,47,0.4214507909127582
15973,47,0.12617763293470774
16996,47,0.2412662696064732
18872,47,0.3185158875947844
19938,47,0.3119059046656602
22071,47,0.2625364554621196
25819,47,0.48545491903276783
2406,47,0.40382392135996065
3259,47,0.49356052272928064
6224,47,0.46621756866759045
7082,47,0.4502126166545582
8164,47,0.4798517047262694
18037,47,0.29066895509613155
18877,47,0.34737407751580807
19944,47,0.3248497735152976
22075,47,0.29933546546547096
24991,47,0.16095965332448384
2411,47,0.3793103662635971
3089,47,0.4858131934559881
4166,47,0.47782616608959927
10538,47,0.5574986593701725
11371,47,0.5304116494272811
18882,47,0.3385669525582811
21021,47,0.31516154846479655
23337,47,0.19074409425023092
2416,47,0.3836488857609841
3269,47,0.44074549897251036
6234,47,0.4227456169909432
9264,47,0.5037479774746766
13200,47,0.3971565392542707
14984,47,0.13884848215134332
15988,47,0.1650009772697043
17011,47,0.23657931068089985
19953,47,0.34493353196138754
21026,47,0.3401560880689363
22085,47,0.3259100702013395
25826,47,0.24706222638889488
4176,47,0.4620133667830059
6239,47,0.4303492938706262
14989,47,0.10053578136262191
15791,47,0.1776607050136749
18052,47,0.24757076745274637
25831,47,0.6519513629958105
1962,47,1.6364642761540966
2426,47,0.42177896689032285
3279,47,0.45864074017752277
6244,47,0.4379656498456125
8401,47,0.452715205793147
17020,47,0.14354867868810323
19963,47,0.3724197543044618
22095,47,0.34707250667514766
23143,47,0.34655600734161507
6248,47,0.4738562819206075
7107,47,0.40467289314011606
8189,47,0.43834188521367684
14998,47,0.3843699346112347
23148,47,0.3706700070532328
24148,47,0.2935724057660589
1845,47,1.1551289962424889
2436,47,0.429726371906552
4190,47,0.2167613118003443
4985,47,0.11202067926041218
8413,47,0.22922602209065485
9502,47,0.21251457055850487
18067,47,0.1846811309085089
21046,47,0.4731770830810575
25846,47,0.08841135146664086
2441,47,0.40431724792002177
3119,47,0.34421537671121216
4010,47,0.32328018282807486
6259,47,0.15901484906661129
7117,47,0.11301588495019223
8199,47,0.16010810163661907
12433,47,0.3163698289543727
13388,47,0.3465078388064834
15008,47,0.14185763854141556
16013,47,0.17304297641331848
18072,47,0.20198262157938884
18912,47,0.23875050749189364
23158,47,0.4890534998107157
1741,47,2.2913949563717217
2446,47,0.5193341204604129
4200,47,0.3098759288684772
8203,47,0.18727079508059988
9294,47,0.3370506571869979
10364,47,0.4536623184577008
11406,47,0.3617422217140278
12438,47,0.3070602802992531
13393,47,0.2533544117509781
15013,47,0.30519244907841997
18077,47,0.5221617569332365
18917,47,0.5010661280696623
19983,47,0.579986991167545
22115,47,0.5143520954595053
23163,47,0.5877935777255887
25031,47,0.3189069782111487
25856,47,0.13019739592247154
27857,47,2.642533415968782
3303,47,0.5702233048784462
4205,47,0.31446760070698415
6269,47,0.24748380991515231
7126,47,0.3932211330696145
8209,47,0.38411313063351954
9298,47,0.35866631149194217
11410,47,0.41480259224435845
27967,47,1.471480469997368
27981,47,1.0466607142316913
28051,47,2.5683134233369866
16225,47,2.7252101941377536
17045,47,2.7767821100378574
18921,47,2.8037740873627257
19987,47,2.8678803100922043
21060,47,1.6130735135462182
23166,47,0.36955493468911854
24166,47,0.34802858718898005
25035,47,0.2191916855061686
25860,47,0.2235133827450907
27918,48,0.02145348762888909
8211,48,0.022256595289706367
9083,48,0.018006409436102242
28125,48,0.01711482983939038
20418,48,0.02053176503913404
5210,48,0.028511227102109314
6057,48,0.03002196267683622
7130,48,0.021962657119608514
7997,48,0.021058128590132473
9087,48,0.020711349376473433
9948,48,0.015919457027423586
18291,48,0.021233365043780154
18922,48,0.02329652582405216
19776,48,0.025828749748480123
20849,48,0.026278996428649056
21908,48,0.027567211564333526
22958,48,0.035173127598882054
3482,48,0.026819588219798067
4019,48,0.022466840741091693
4798,48,0.02782280363711016
5849,48,0.02847899330158409
7136,48,0.021354680268100713
8002,48,0.021127273422923826
9092,48,0.01822406815158421
10161,48,0.013376984071236319
11204,48,0.003538980671631963
12238,48,0.004239758720630139
16840,48,0.013052618920661712
17874,48,0.01404883946415834
18716,48,0.02508129138806411
19565,48,0.02700183611368789
20854,48,0.02731442166988119
21913,48,0.02898741203811295
23977,48,0.018936174108667984
2451,48,0.01762403152582216
3131,48,0.02902835756602268
4023,48,0.028840505786838652
5007,48,0.02776024099350009
5853,48,0.0288179346903979
6925,48,0.026021575815506123
9097,48,0.02114582583942503
10167,48,0.018166755871229633
11209,48,0.0072152432774998535
12241,48,0.006593685039951101
13218,48,0.00973623425933501
14012,48,0.011888411092600252
15017,48,0.021597669770064148
16843,48,0.025089156556927963
17880,48,0.02505752845849282
18932,48,0.0289167718518167
19571,48,0.029788611854942477
20860,48,0.03452720558434047
21918,48,0.03821657731484279
22966,48,0.05514083928277035
1745,48,0.009549043587121369
2293,48,0.027376656614234572
3135,48,0.03398868730504989
4028,48,0.048880737735475306
27900,48,0.03006335799342988
7146,48,0.02820596462993507
8012,48,0.02687492415601773
1645,48,0.10319884252897665
3141,48,0.02921291026061763
7150,48,0.05222516718433667
9111,48,0.05877740783424493
12255,48,0.051177010781793195
21932,48,0.007780898163650517
1279,48,0.16598884252967328
4042,48,0.008776714998664899
12260,48,0.04482947433407748
13237,48,0.022433519404518834
17899,48,0.051020432914119854
18951,48,0.05206372462500517
1191,48,0.15417467750399536
3155,48,0.048759998989056974
4048,48,0.018974788570672706
10193,48,0.037017719698668364
11233,48,0.043309356990739505
28017,48,0.10139415776228813
17904,48,0.08649129406834277
18744,48,0.08880530871999674
19810,48,0.0388518691856791
20883,48,0.07360605613128714
4833,48,0.02300489923113599
6096,48,0.03476064330639254
12270,48,0.035483069209200586
20888,48,0.04670484919646015
24011,48,0.13005992527606766
861,48,0.13170539561353037
23000,48,0.13374482225143539
24016,48,0.13199895902622738
788,48,0.16278347135453677
4062,48,0.037912602255983995
14856,48,0.15917526003886673
24021,48,0.12472753561580004
25073,48,0.17434030801645695
582,48,0.18707396857833858
794,48,0.14933771534322923
1121,48,0.1404773843008643
23010,48,0.1627453858010789
25078,48,0.13167996120046044
797,48,0.20829632399716183
6974,48,0.014810087300698323
15870,48,0.34271360538727597
24914,48,0.10940445524267017
27093,48,0.29423378487406976
803,48,0.22113904163073167
8061,48,0.06743591208053062
15875,48,0.2942156178331565
25760,48,0.14378858410199805
305,48,0.5983915395077972
1317,48,0.22704393931614802
8065,48,0.10155477827437624
15880,48,0.4160296142403176
16903,48,0.4050228887098037
26316,48,0.11610864494097765
26733,48,0.14848392302838692
259,48,0.604094617895109
6988,48,0.14110078883780747
8289,48,0.09019331546922152
17944,48,0.4730633609606556
25098,48,0.02409535890546416
26321,48,0.14794314529528507
27108,48,0.1716234220072374
266,48,0.5373226087371865
8075,48,0.10953458714521513
9166,48,0.14021288174891428
270,48,0.5197459527649992
823,48,0.3714761410275036
10449,48,0.1640128998722726
11283,48,0.23751913034640962
17953,48,0.3032144277430892
18794,48,0.34498012310655585
27402,48,0.16932683220901967
113,48,0.735592807747561
616,48,0.4619038706512788
827,48,0.37427109111702894
1245,48,0.36800955339092173
8302,48,0.19906192596256403
17958,48,0.2916431786849663
18799,48,0.23158739975824977
26753,48,0.14512490921070217
27608,48,0.36119459530129333
63,48,0.7482411000068929
11706,48,0.2274926704928736
13301,48,0.30871589358426077
19654,48,0.23953460082442854
27613,48,0.41672094821650063
27674,48,0.24257023748648
44,48,0.7286115451590399
560,48,0.50689593175209
838,48,0.48861359912588453
11711,48,0.2568358252823384
27313,48,0.25025403196106943
27723,48,0.13612755971457685
16,48,1.1095749352110513
131,48,0.7517895324178953
9190,48,0.338567563730454
12334,48,0.2650593367348759
13312,48,0.38868591819129333
27795,48,0.5159620297457828
7,48,1.18397429689718
103,48,0.828036429708385
248,48,0.7288333959602322
508,48,0.6860591885090737
847,48,0.8259445058551665
1733,48,0.4964602060271266
3377,48,0.20618185154623547
12339,48,0.32937192941791005
13317,48,0.33494416362830515
19884,48,0.4295967466396603
26773,48,0.4641501986479329
2,48,1.3298176857864705
108,48,0.9706646408884261
1270,48,0.8268238722537594
1738,48,0.5437827714941603
3208,48,0.3367877678407798
12344,48,0.3062264045713458
13322,48,0.33818896158031314
14115,48,0.3870799836665535
22231,48,0.7001421019907331
27381,48,0.39874730276494696
27633,48,0.5115664103506077
6,48,1.2204747722986284
112,48,1.0919612600264426
258,48,0.9485812374535825
1275,48,1.0320352950322742
2541,48,0.47016613906188937
3213,48,0.39107827879950985
17988,48,0.5288650000313617
21180,48,0.5286895815460744
23074,48,0.5250599160604533
27436,48,0.48565338241020306
27638,48,0.526721326458274
2385,48,0.5320337833462107
3218,48,0.4921015536597296
11322,48,0.6298261262554111
17993,48,0.6296610327413275
18834,48,0.561100519615824
22031,48,0.6350018279098394
23079,48,0.5888316315585759
27156,48,0.6615544083119119
27440,48,0.7186861112247074
27607,48,0.7478788402577387
2390,48,0.7842527973879969
12359,48,0.7472519874828905
14130,48,0.7116250414818819
15737,48,0.6577556991349128
19904,48,0.42136895937155466
27869,48,1.2417482246149076
4127,48,0.6782997389353459
13341,48,0.6021186421734815
14940,48,0.5459323574388782
15944,48,0.5423959416427686
24957,48,0.6756944509692299
3230,48,0.7050283923751484
4132,48,0.6878549665272965
24094,48,1.020827488799771
3235,48,0.7249059845480931
5140,48,0.7521098734502927
7058,48,0.8250234810779962
18013,48,0.6085445953927203
23099,48,0.5015697027720599
2721,48,1.1625423430841304
4141,48,0.7699683328921473
5992,48,0.8602371122233939
9234,48,0.9414270977327869
13355,48,0.8330464977474336
15958,48,0.6262071640580197
20996,48,0.6104280273784335
25487,48,1.514041224454593
2557,48,1.4717886891687637
3244,48,0.8919605831555194
4146,48,0.9173424573331891
4941,48,0.8861489981444606
7283,48,0.9058251049396582
11351,48,1.0584161261592782
18022,48,0.7092717419356657
19928,48,0.7586829844697538
21002,48,0.8033798487448262
24976,48,0.4920924763368359
2396,48,1.0315580240247235
7072,48,0.9945676020848148
9244,48,1.081224000309767
11356,48,1.0389417057162613
14964,48,0.802706863720582
18027,48,0.7520096456688954
18867,48,0.7982086061788964
22065,48,0.7849531752142397
3254,48,0.9873489714796236
6219,48,1.0013211668334554
10319,48,1.0901322215607616
13370,48,1.087372602196289
15973,48,0.8744515067016466
16996,48,0.7543922832247528
18872,48,0.8261684784408115
19938,48,0.8209988243879436
22071,48,0.7496057654069872
25819,48,1.2642859043317058
2406,48,1.0671071172128321
3259,48,1.0707241182304763
6224,48,1.0899525849327383
7082,48,1.1248503558964726
8164,48,1.1094679404302945
18037,48,0.9075918011340963
18877,48,0.806260202395226
19944,48,0.8942877409401967
21016,48,0.9011511361495842
22075,48,0.8513274574994686
23123,48,0.774428631057394
24991,48,0.725518887627932
2411,48,1.1879588729841417
3089,48,1.0791421661981662
4166,48,1.0192586931120393
10538,48,1.19714135703098
11371,48,1.27758485799725
15983,48,1.0422340619572081
21021,48,0.9211616136833014
23337,48,0.8395995119634193
2416,48,1.2678580728123283
3269,48,1.1726147733225047
5174,48,1.1527670865228143
6234,48,1.1812305960365441
9264,48,1.2217094057060207
13200,48,1.2230252184059192
14984,48,1.1765639041285838
15988,48,1.0736369323250778
17011,48,1.0541327107806486
19953,48,0.9813594014840514
21026,48,0.9233313500583853
22085,48,0.9635681612838549
25826,48,1.1860663960877647
2421,48,1.1567896192255238
4176,48,1.1512036694059558
6239,48,1.170063588979983
9487,48,1.2339249125501812
14989,48,1.157578221274389
15791,48,1.2200439234345077
18052,48,0.9918081970069812
19958,48,1.0019084099559379
23138,48,1.0778440176955872
25831,48,1.133494633655627
1962,48,1.7020375328836743
2426,48,1.296705630623538
3279,48,1.2638347886205088
4181,48,1.270298846747952
8401,48,1.2936822967459067
14993,48,1.3186999808081332
19963,48,1.028568823746238
22095,48,1.0476299618261047
6248,48,1.2724656638998666
7107,48,1.2971045014586635
8189,48,1.2878209380349885
14998,48,1.2852236133286747
23148,48,1.177527569028037
24148,48,1.1746075430192808
1845,48,1.7409270938325794
2436,48,1.3375675482940625
4190,48,1.2586273223278002
4985,48,1.2082487718264416
8413,48,1.2633054231637626
12428,48,1.3585318703171267
21046,48,1.193882041876975
25846,48,1.1503432108449105
2441,48,1.3903493560078255
3119,48,1.3308151626908262
4010,48,1.3422179431861299
6259,48,1.2748082810362424
7117,48,1.284226926161241
12433,48,1.2734287321258448
13388,48,1.4631041394706557
15008,48,1.4230157917659796
16013,48,1.3796101356344834
18072,48,1.3043046769860234
18912,48,1.2964135752928294
1741,48,2.401715107277674
2446,48,1.4059382258447022
3298,48,1.337012478541867
4200,48,1.4122889391513311
8203,48,1.38045103791121
10364,48,1.5256145898711064
12438,48,1.4219489368504377
13393,48,1.5026892127878917
15013,48,1.6442855790724282
18077,48,1.3574630573654205
18917,48,1.415053923641579
19983,48,1.312058958730317
22115,48,1.3060566177434452
23163,48,1.342225847718677
25031,48,1.294245774206613
25856,48,1.3068010451989476
27857,48,2.5897692126037333
3303,48,1.7611643195575497
4205,48,1.3551513574865044
5208,48,1.4607462312699577
6269,48,1.4664502167798787
7126,48,1.4911654351597214
8209,48,1.757405168765923
9298,48,1.563790622413771
11410,48,1.6613053016736286
27967,48,1.980916870864364
27981,48,1.696110522417438
28051,48,2.215591583037281
16225,48,2.670112140665901
17045,48,2.5562172901351246
18921,48,2.5772228010164384
19987,48,2.7609800208650856
21060,48,2.105047038152755
23166,48,1.4723050813297096
24166,48,1.2304428465959605
25035,48,1.2806784563184472
25860,48,1.6261779779673085
27918,49,0.015435665866255825
8211,49,0.016089017485928638
9083,49,0.018552272675156058
28125,49,0.02712260834109305
20418,49,0.036802309951336626
5210,49,0.019896248514074188
6057,49,0.021376456784937534
7130,49,0.022103290942929156
7997,49,0.0238888180513489
9087,49,0.027431853761059204
9948,49,0.029466926448643457
18291,49,0.03849563525446018
18922,49,0.04366864826170207
19776,49,0.049805069134409616
20849,49,0.058309477565186806
21908,49,0.06056654440609892
22958,49,0.06777073604537401
3482,49,0.030890490565634487
4019,49,0.024535276671575103
4798,49,0.019290598476289986
5849,49,0.021842799572674935
7136,49,0.02441752007157742
8002,49,0.02502225227492136
9092,49,0.031202667362164236
10161,49,0.03333555863232902
11204,49,0.027140270778249213
12238,49,0.02679100532242028
16840,49,0.019106990747072984
17874,49,0.022940466992810632
18716,49,0.04865236544338926
19565,49,0.05228466197716158
20854,49,0.06215121975615372
21913,49,0.062252405125086084
23977,49,0.03693709046641042
2451,49,0.025679957111336867
3131,49,0.023322890551805434
4023,49,0.03175727211057566
5007,49,0.022609369636988914
5853,49,0.025959975934572634
6925,49,0.026867519952599728
9097,49,0.038954605331059204
10167,49,0.041555311641232044
11209,49,0.03647324462766579
12241,49,0.03133558355027757
13218,49,0.028558433698749122
14012,49,0.02582590924338338
15017,49,0.030149909781648797
16843,49,0.042305106690474215
17880,49,0.04760141610477392
18932,49,0.06231766695976352
19571,49,0.0649099390358431
20860,49,0.018231311466637333
21918,49,0.09224363017067333
22966,49,0.12566216887383805
1745,49,0.06861656262121299
2293,49,0.03924875598183784
3135,49,0.043610306642867344
4028,49,0.059909302714747294
27900,49,0.042549878248812324
7146,49,0.04282967109617529
8012,49,0.041125450940784146
1645,49,0.007957626821136113
3141,49,0.07572593789282349
7150,49,0.0423864935015461
9111,49,0.14693697423709864
12255,49,0.09414345461547825
1279,49,0.13386428219086766
4042,49,0.14311415245741332
12260,49,0.2777354570830266
13237,49,0.1195740320169746
17899,49,0.04571577372294146
18951,49,0.044108789940347275
3155,49,0.15370447008429872
10193,49,0.16511118187374121
11233,49,0.16653639571530335
28017,49,0.16151823126039627
17904,49,0.05969913226948737
18744,49,0.1004546466133645
19810,49,0.05898444867377658
20883,49,0.08090836468611796
4833,49,0.15244439018985836
6096,49,0.15836174080818216
20888,49,0.08443909243206575
861,49,0.13089842752085765
23000,49,0.11578771655686929
24016,49,0.14863859591144263
788,49,0.12621346869183767
4062,49,0.14359753014572169
24021,49,0.1959814035324784
25073,49,0.15949379934476282
582,49,0.12667357918464828
794,49,0.16513940373706046
1121,49,0.11856797818925763
6111,49,0.13860530867022955
14861,49,0.16360756491530187
24026,49,0.16961989530010352
25078,49,0.13290778252759256
520,49,0.15002474220704246
797,49,0.12835925777981105
6116,49,0.12132501201251607
6974,49,0.14143035035909493
15870,49,0.1535136438790625
24914,49,0.16365657152713867
27093,49,0.19629599975040918
803,49,0.14278387380292917
8061,49,0.15952843008669457
15875,49,0.18116681928133152
25760,49,0.19528943235456736
305,49,0.39880321003292135
8065,49,0.13271959417079066
15880,49,0.20674329770224995
16903,49,0.24275040931170672
26316,49,0.1511646907362221
26733,49,0.1467505052849316
259,49,0.5261286924528138
6988,49,0.1289874257720695
8289,49,0.13552847429492743
17944,49,0.3525198083346583
26321,49,0.15332295470358412
27108,49,0.28406456681937614
266,49,0.28297452410272783
8075,49,0.1281300338742481
16913,49,0.2750913476893724
17949,49,0.17074572834171337
270,49,0.3576180314888641
823,49,0.16044442667558304
11283,49,0.2321888759408483
17953,49,0.0948499120692132
18794,49,0.08513561183276554
113,49,0.7320739947715764
616,49,0.22701012719151034
827,49,0.19533916923470895
1245,49,0.19409382244497453
8302,49,0.15412544845584716
17958,49,0.14330853219394585
18799,49,0.38298337957651374
27608,49,0.8668531925828329
63,49,0.8600431147666671
234,49,0.48775640800555764
11706,49,0.2188094670214547
13301,49,0.2145684272394077
19654,49,0.44330644673966907
27674,49,0.45877758792787565
44,49,0.8758465074338843
238,49,0.518745041258842
560,49,0.2853920634877484
11711,49,0.1784813020946748
27313,49,0.15526920936704774
27723,49,0.41017097919694656
16,49,1.1781376687891105
9190,49,0.21272037984650305
12334,49,0.21296003327593513
13312,49,0.2413421676969561
27795,49,0.6090619685178099
7,49,1.1852911945914835
103,49,0.7522193202488282
248,49,0.6386265875366706
508,49,0.18098801425085148
847,49,0.13928219820449922
1733,49,0.12878992562288472
3377,49,0.18110531422838905
12339,49,0.1780124778391114
13317,49,0.23336466181443158
19884,49,0.35196569959510826
26773,49,0.2854368358051423
2,49,1.2509996280849844
108,49,0.8834577945918592
1738,49,0.0705498918502277
3208,49,0.08740469920782777
13322,49,0.22887293533851039
14115,49,0.26429208469473514
22231,49,0.1563514916653779
27381,49,0.3832116054608766
27633,49,0.24017159320248813
6,49,0.9648254265932564
112,49,1.1299499014711203
258,49,0.6981285125213461
1275,49,0.7258131579833722
2541,49,0.06889454720214196
3213,49,0.027545876885467585
13326,49,0.1443680312152106
17988,49,0.15858130400775047
21180,49,0.36029759620767876
23074,49,0.41103860773262013
27152,49,0.2323032882738536
27436,49,0.2093224847280931
27638,49,0.30596605339382565
2385,49,0.02956504892771825
11322,49,0.029619419937246465
17993,49,0.14433669036953664
18834,49,0.18652788306944368
22031,49,0.3506703366125927
23079,49,0.2600029835249173
27156,49,0.18019660383296207
27607,49,0.3086824002932919
2390,49,0.19068390990048115
11119,49,0.17118836731217119
12359,49,0.15152001978128546
14130,49,0.11656853519527949
15737,49,0.14930970220514558
19904,49,0.6471524399637468
28131,49,0.5333159638436019
22036,49,0.5154673170295362
24084,49,0.39649913849146035
27869,49,1.026527091295849
4127,49,0.19605737693740746
13341,49,0.3777268306306271
14940,49,0.36851932890597555
15944,49,0.2718795771132813
24957,49,0.07113079691318126
3230,49,0.654714991982542
3235,49,0.6630266408104698
4137,49,0.6693135963108005
5140,49,0.610633197591255
7058,49,0.5256929625074358
18013,49,0.28603881550605814
23099,49,0.44193924385760325
2721,49,0.5342409140057657
4141,49,0.6247185922482835
5992,49,0.5541889594101018
9234,49,0.450707796889248
13355,49,0.3939102421140102
15958,49,0.30376441289842737
20996,49,0.31063067356445734
25487,49,1.5388235181082757
2557,49,0.6036942775959525
3244,49,0.7145726340240224
4146,49,0.5933950035719636
4941,49,0.5582018646183269
7283,49,0.5132904952238082
11351,49,0.29535627426945255
16986,49,0.29075360612264606
18022,49,0.256821276632074
19928,49,0.20684849746488596
21002,49,0.2129963763776526
22060,49,0.23688891872080856
24976,49,0.3376720128787904
2396,49,0.7237885755658267
7072,49,0.5073638439826426
9244,49,0.40259940472467753
11356,49,0.3399380890569168
14964,49,0.2639806092043105
18027,49,0.2741128386961592
18867,49,0.19814921096866384
22065,49,0.16664378779829345
25659,49,0.9401761677606194
3254,49,0.6691159136598471
6219,49,0.5214765443950772
7077,49,0.5070910584159112
10319,49,0.3979943001309652
13370,49,0.24940864331495785
15973,49,0.237673352549708
16996,49,0.22582101489295528
18872,49,0.1217936428347829
19938,49,0.09565193929545798
22071,49,0.07160913815866773
25819,49,1.5588206282622528
2406,49,0.7747853891555583
3259,49,0.6964948386121539
6224,49,0.5207686753674837
7082,49,0.49321583984011325
8164,49,0.453866891203288
18037,49,0.13731076954773574
18877,49,0.14438664154960865
19944,49,0.19100830310504419
21016,49,0.14266762930832655
22075,49,0.0011067045254496168
24991,49,0.05362005920934239
2411,49,0.9116829407806816
3089,49,0.6876023956939911
4166,49,0.646682283168108
7087,49,0.5283802969107518
9259,49,0.42987861311013403
10538,49,0.3951605969231546
11371,49,0.344952242700254
21021,49,0.16795964212553458
23337,49,0.013625545332067416
24128,49,0.06310394667716503
2416,49,0.8966108760978813
3269,49,0.7357511404017814
5174,49,0.6213553319144728
9264,49,0.4939620352433836
13200,49,0.2947931286363487
15988,49,0.038925746004337125
17011,49,0.07534232170770004
22085,49,0.08965599518621344
25826,49,1.5160560440614967
4176,49,0.7118243744740951
6239,49,0.6250071448711382
14989,49,0.15301780701206463
15791,49,0.10982804843108734
18052,49,0.037760283583135046
25831,49,1.7058364932700485
1962,49,0.7233838340153191
2426,49,0.9949462590753212
4181,49,0.6921259496146752
8401,49,0.54167343509497
9274,49,0.5472189182921106
14993,49,0.0899871416794942
2431,49,0.9179971286433118
5189,49,0.6743966140961858
7107,49,0.6045686585852709
8189,49,0.56723673423734
12423,49,0.39663852899778207
14998,49,0.18975740792998272
22100,49,0.14924096606509277
23148,49,0.18384161618621622
24148,49,0.23448632583394258
1845,49,0.9142884428633221
3289,49,1.0231494204641371
4190,49,0.9243599365643063
4985,49,0.9093817643278659
8413,49,0.7337076655986983
10354,49,0.6597623452312339
2441,49,1.0486989851558257
3119,49,1.070572401835461
7117,49,0.8957646111850955
13388,49,0.4062455047384903
15008,49,0.33249329976301756
16013,49,0.3483109592043689
18072,49,0.2966968148767165
18912,49,0.24391052835926286
24158,49,0.29729450266835944
1741,49,1.1189201562720148
2446,49,0.9911739138745427
4200,49,1.0034119900130398
8203,49,0.770653110717953
10364,49,0.588574469896005
13393,49,0.34131653633331005
15013,49,1.0198829918966539
18077,49,0.36006119860669106
18917,49,0.379388574642271
19983,49,0.2748825850029783
22115,49,0.39344107536224276
23163,49,0.3094729933963875
25031,49,0.40629974684965536
25856,49,0.8487082463888653
27857,49,1.9648488970134892
2288,49,0.9424545466688492
3303,49,0.9459875299491208
4205,49,1.0251073288553532
5208,49,0.9716835510075127
6269,49,0.9139510248648842
7126,49,0.8207645803614713
8209,49,0.5805936831710945
9298,49,0.6296483792436804
10368,49,0.5917594788059575
11410,49,0.4933493592594263
27967,49,0.2983704117746537
27981,49,0.21985060439045714
28051,49,2.6219918941398825
16225,49,2.651356119825576
17045,49,2.2056960816341586
18921,49,1.333997722811032
19987,49,2.04810529697063
21060,49,0.5770325076417879
23166,49,0.39279075018007686
25035,49,0.5866534987675188
25860,49,1.2224451264255836
27918,50,0.014784689137344051
8211,50,0.014411741567337762
9083,50,0.0159395107435326
28125,50,0.029518759478248557
20418,50,0.043347643522180554
5210,50,0.011636316970817127
6057,50,0.014867324539494029
7130,50,0.01576332020073681
7997,50,0.016989911003839935
9087,50,0.0174028370809453
9948,50,0.01948582681245539
18291,50,0.044000404008733375
18922,50,0.04922711085557352
19776,50,0.05513319515225185
20849,50,0.06235721652275869
21908,50,0.06379266108779773
22958,50,0.06479516651561996
3482,50,0.024417011652188268
4019,50,0.012474664820496011
4798,50,0.011718107097283704
5849,50,0.01868664985341172
7136,50,0.018045156588402205
8002,50,0.017641717210642803
9092,50,0.018454176627272827
10161,50,0.021621576263599913
11204,50,0.022646314141198953
12238,50,0.0215353471780436
16840,50,0.021992452482182536
17874,50,0.029084887798274648
18716,50,0.05510964069936768
19565,50,0.05881109819832075
20854,50,0.06512825184174646
21913,50,0.06478351505491704
23977,50,0.04061904464725714
2451,50,0.022614429034119424
3131,50,0.061711406911015926
4023,50,0.029422590722001103
5007,50,0.008767891040664244
5853,50,0.014017130934166152
6925,50,0.017231514113622646
9097,50,0.023632295438543772
10167,50,0.026016679734626874
11209,50,0.027422682699232745
12241,50,0.022707804551659074
13218,50,0.02236570418710786
14012,50,0.022726368685541683
15017,50,0.029719383388156367
16843,50,0.04553055240593112
17880,50,0.052752326399305945
18932,50,0.06280809789161174
19571,50,0.06617855955571131
20860,50,0.08022636866209573
21918,50,0.0844679763681669
22966,50,0.10598289133617489
1745,50,0.02818817164224287
2293,50,0.01493907566024189
3135,50,0.021441699348569827
4028,50,0.056508549547036276
27900,50,0.01565595667985898
7146,50,0.0186010794578169
8012,50,0.018372346506841268
1645,50,0.02959001043293593
3141,50,0.06723473537539783
7150,50,0.0243920606482882
8016,50,0.050877276314224625
9111,50,0.11956529929209914
1279,50,0.11876610821948878
4042,50,0.07267608561631873
11228,50,0.15907912497459364
12260,50,0.17560412222008503
13237,50,0.2528454133946985
14836,50,0.06081257235221849
17899,50,0.09199860136616954
18951,50,0.0909605283239471
21937,50,0.18954286630765868
10193,50,0.21581702304738995
28017,50,0.2886365111335473
13243,50,0.20158232763805864
17904,50,0.10550266931174347
18744,50,0.1479360836108757
19810,50,0.13868613462089435
20883,50,0.19438873703712997
4833,50,0.17260188152120365
6096,50,0.1821968403132268
20888,50,0.1520499982441073
22995,50,0.39305859087322514
861,50,0.15352528531979587
13253,50,0.1977206822212194
14047,50,0.17983412909320368
23000,50,0.3010430420513953
788,50,0.13696441342834415
24021,50,0.29713212854423393
25073,50,0.2567854683879805
582,50,0.2054420541082353
794,50,0.1926641478343225
6111,50,0.2410988781482167
14861,50,0.1480865817384102
15865,50,0.14694690675552471
25078,50,0.28612159936416515
520,50,0.18177996496441615
797,50,0.18138636058886565
6116,50,0.24925027823828091
6974,50,0.2594130157643913
15870,50,0.17623622803729846
24914,50,0.21562219408990965
27093,50,0.1811569426105849
803,50,0.20219567703287278
6121,50,0.2029012717748489
7194,50,0.20776192243347874
8061,50,0.21726625345637385
15875,50,0.14254517279668716
25760,50,0.2216363429860939
305,50,0.4618627975032314
8065,50,0.2228569541197441
15880,50,0.145145176833702
16903,50,0.11842221061037185
26316,50,0.17469791235553306
26733,50,0.21915319128714525
259,50,0.5258581515051263
473,50,0.4321244710977795
6988,50,0.24514676060342988
8289,50,0.2203200892892349
17944,50,0.13146969761389998
26321,50,0.20187438024090826
27108,50,0.18213960233672108
266,50,0.30021509998913953
8075,50,0.25550915676021874
17949,50,0.21010484316029965
270,50,0.26257801027440697
823,50,0.1612280460455836
11283,50,0.2632121351354237
17953,50,0.19558978449208494
18794,50,0.19023337442203345
113,50,0.7354320705482993
616,50,0.17636505553173876
827,50,0.18866478970978348
1245,50,0.16929764407193182
8302,50,0.3204852897800334
11287,50,0.2146752688606688
17958,50,0.23634077376463036
18799,50,0.4338018569305791
27608,50,0.5261924683365002
234,50,0.4015866880568903
11706,50,0.2918610973676751
19654,50,0.4832840644725681
27411,50,0.225005622687604
27674,50,0.6752566531944412
44,50,0.6810446668610071
560,50,0.16579974020512017
11711,50,0.27102564233228044
19874,50,0.427873411590975
27723,50,0.3201297345405802
16,50,1.1494732042279872
9190,50,0.36366211622134187
12334,50,0.2661351178717755
13312,50,0.24665827167525972
27795,50,0.6107482358512926
7,50,0.9382070209895643
103,50,0.3881290851514274
248,50,0.24505811633311825
508,50,0.18417304119503666
847,50,0.17917763397640218
1733,50,0.1722001537601569
3377,50,0.4073663751190119
12339,50,0.24199509159259136
19884,50,0.3830932850974702
2,50,0.9453124340257498
108,50,0.41528415546839903
1738,50,0.08553290190757419
3208,50,0.2628746655353786
13322,50,0.22230440929496065
14115,50,0.19237118565183497
22231,50,0.38555891833539013
27381,50,0.39203483011648044
27633,50,0.4998557850675319
27814,50,0.7341203136650664
6,50,0.5854115157358885
112,50,1.0889304296463342
258,50,0.760743315498029
1275,50,0.8649795328582189
2541,50,0.17906357176105966
3213,50,0.162650896247887
13326,50,0.10210259051406823
17988,50,0.3342143781299526
21180,50,0.3177374044017556
23074,50,0.5048279539369426
27436,50,0.5223463126002009
2385,50,0.07373911022787942
11322,50,0.08183267437958583
17993,50,0.31558346458962505
18834,50,0.3478792654292226
22031,50,0.3913471748126719
23079,50,0.3633944324894253
27607,50,0.7519062429184477
11119,50,0.12612651488535861
14130,50,0.09707542423832743
15737,50,0.20515201907324615
19904,50,0.27452175118186173
22036,50,0.25187435165680166
27869,50,1.1798171544575116
2394,50,0.12211123388451317
4127,50,0.08220282978629413
13341,50,0.1440235509549614
15944,50,0.16113029447593788
24957,50,0.4428441615783858
3230,50,0.1984790944054915
5134,50,0.04803918624472715
14945,50,0.14458421027213061
3235,50,0.21871003349439086
5140,50,0.10662718934381152
7058,50,0.08356397724421262
18013,50,0.24226670441215717
23099,50,0.4699113194561786
2721,50,0.34571480814993116
4141,50,0.1910391400588819
5992,50,0.07636520579132457
9234,50,0.019961911228449546
20996,50,0.3642244841395644
25487,50,1.5310882450710341
2557,50,0.3454615314360332
4146,50,0.17864133496969153
4941,50,0.24346765009846022
7283,50,0.06023251751692876
16986,50,0.1246518936571833
18022,50,0.14861958677436024
19928,50,0.17024586580569642
21002,50,0.2017186388424011
24976,50,0.35108630030798543
2396,50,0.3927696001283268
5154,50,0.15557443088113818
7072,50,0.09469578714465665
9244,50,0.06453306799354455
18027,50,0.10762033422209626
18867,50,0.08171005729808578
22065,50,0.0631928186530658
25659,50,0.5686693615937056
2401,50,0.2927035975312319
3254,50,0.3871493491251147
6219,50,0.20996240181317327
10319,50,0.13784356816028867
15973,50,0.027205570683560464
16996,50,0.01930651064023899
18872,50,0.07131903951253514
19938,50,0.04225880326288465
22071,50,0.13930015645112903
2406,50,0.39579247195899897
6224,50,0.3197218882193935
7082,50,0.2646059656160722
8164,50,0.20553142910995287
18037,50,0.09364437352773457
18877,50,0.10730505589609118
19944,50,0.21110484712977862
21016,50,0.1378418666424915
22075,50,0.1361106535734782
24991,50,0.23031278262249497
2411,50,0.4395772575338885
3089,50,0.46567519462036966
4166,50,0.3799737317307231
7087,50,0.2985561951206811
8169,50,0.24497505604584088
9259,50,0.24138903636451375
10538,50,0.2661862384567247
11371,50,0.23583044665969327
18042,50,0.07606356077241172
18882,50,0.17462801415834575
21021,50,0.2697306639761037
23337,50,0.1847341534190877
24128,50,0.17599404568162635
2416,50,0.5075065734670099
3269,50,0.5227823367671237
9264,50,0.28414506407357437
13200,50,0.2116118203359799
15988,50,0.18190299631953047
17011,50,0.14052099896646456
22085,50,0.2088347269619367
25826,50,0.656682558784327
4176,50,0.4105642947930201
5179,50,0.48885092492697224
6239,50,0.35448743309223807
14989,50,0.22014345479537353
15791,50,0.3122028432195236
18052,50,0.1635763894344638
25831,50,1.2023677551293424
1962,50,0.5904286068904196
2426,50,0.5286005413665984
4181,50,0.5341456887453236
8401,50,0.4207819077079692
9274,50,0.3564934308234436
23143,50,0.37421199123156734
2431,50,0.6566334952204677
5189,50,0.5164831479872971
7107,50,0.5217789746322917
8189,50,0.4763952059457604
12423,50,0.3024780820091781
14998,50,0.4102453282451792
22100,50,0.297098006563942
23148,50,0.47394500477542995
24148,50,0.3276939310602856
1845,50,0.9565208480008403
3289,50,0.5181270049169873
4190,50,0.46951962854842355
4985,50,0.48464034898172126
8413,50,0.40906489428786375
9502,50,0.39746633362534595
10354,50,0.4182894749411428
2441,50,0.7196568190700736
3119,50,0.6447394298589476
7117,50,0.4977897886966032
8199,50,0.46089653145576165
13388,50,0.5775519060039982
15008,50,0.5273446514965691
16013,50,0.4116246730897011
18072,50,0.34716473584597024
18912,50,0.3513945285693978
24158,50,0.45702523403105405
1741,50,1.3438205427314975
2446,50,0.7098760946900131
4200,50,0.7070768035992256
9294,50,0.5216635419879907
10364,50,0.6839428682268955
13393,50,0.5600610279786088
15013,50,1.1612081543299928
18077,50,0.5047860970518631
18917,50,0.3827298880140316
19983,50,0.5432891582625821
22115,50,0.4324076152806875
23163,50,0.4262392048020097
25031,50,0.5298752588910195
25856,50,0.8936907003542471
27857,50,2.230887682381565
3303,50,0.8152382765176663
5208,50,0.7045079626048878
6269,50,0.7924350695320065
8209,50,0.7520882830537908
9298,50,0.650993138958047
10368,50,0.6269587321574919
11410,50,0.6070888395553686
27967,50,1.906888813913023
27981,50,0.7242955879947004
28051,50,2.3207512328383904
16225,50,2.4293487174948285
17045,50,2.35340569663184
18921,50,2.1336996700347095
19987,50,2.0902052758766536
23166,50,0.6084248113934438
25035,50,0.8195310187553214
25860,50,0.5651215877917771
27918,51,0.024477866295701117
8211,51,0.026341769723727218
9083,51,0.02507148052039211
28125,51,0.02272829032112188
20418,51,0.028970184012436725
5210,51,0.01689653771492045
6057,51,0.016810774794491144
7130,51,0.019735208285133705
7997,51,0.02108942739464632
9087,51,0.026792759990586737
9948,51,0.02965004264051591
18291,51,0.03225769049226706
18922,51,0.034136883805561215
19776,51,0.03740008456131258
20849,51,0.04139287631242
21908,51,0.04612031626664916
22958,51,0.051881684327101184
3482,51,0.022799159928154428
4019,51,0.025502882706450458
4798,51,0.018175618264509585
5849,51,0.018527543380385144
7136,51,0.01905663600655676
8002,51,0.020392958337085675
9092,51,0.027702858447129837
10161,51,0.03187448401758531
11204,51,0.03003985901884184
12238,51,0.02578017393128005
16840,51,0.021958991528929876
17874,51,0.023181563787227816
18716,51,0.03715787183713656
19565,51,0.039325818220138364
20854,51,0.043795701457507656
21913,51,0.04603898928892198
23977,51,0.034898761425835596
2451,51,0.022965334441878753
3131,51,0.021979341302544086
4023,51,0.02141008089761051
5007,51,0.015138277556774807
5853,51,0.013321891974211826
6925,51,0.02295884445886516
9097,51,0.03151319711154595
10167,51,0.03517237831925376
11209,51,0.03363945391272831
12241,51,0.02652002214115751
13218,51,0.026836758820674888
14012,51,0.02560790601954229
15017,51,0.026531848261944612
16843,51,0.03784433887549376
17880,51,0.038207192113018894
18932,51,0.042357650970354946
19571,51,0.044283483917005324
21918,51,0.060500242331150186
22966,51,0.08177703593477456
1745,51,0.013392685543694128
2293,51,0.01899235567273213
3135,51,0.05144211248255908
4028,51,0.0863405609031467
27900,51,0.035587840284994496
7146,51,0.024701071961553193
8012,51,0.026547464366579402
1645,51,0.06154506389121963
3141,51,0.093376683368714
7150,51,0.05006262605259636
8016,51,0.03440923004518772
9325,51,0.04682202422862884
9111,51,0.06309544817682847
1279,51,0.21305873812096532
4042,51,0.045643610529655786
11228,51,0.06500046665111743
12260,51,0.06732245801968781
13237,51,0.07333479900536978
14836,51,0.05724507962072222
21937,51,0.17885044332217392
1191,51,0.21469867348598257
4048,51,0.07364067478677998
9340,51,0.038951095089803864
10193,51,0.05930250999368062
28017,51,0.0693207528468488
13243,51,0.06096151183379764
17904,51,0.21283068135485458
19810,51,0.29084807087909426
4833,51,0.05293370153802913
6096,51,0.06620155020064258
20888,51,0.18977334219425002
22995,51,0.14468952732787885
861,51,0.35005032184934226
14047,51,0.04783220999431989
23000,51,0.21228233371676752
788,51,0.313611583011809
24021,51,0.19446999838517737
25073,51,0.18786217528
582,51,0.3934967846601746
794,51,0.31749197895057746
6111,51,0.05183355008252983
14861,51,0.04982106248134161
15865,51,0.08374088397528191
25078,51,0.19410992605514119
797,51,0.29699488482687497
6974,51,0.08247503889750152
15870,51,0.0809051982978337
24914,51,0.19360760414595768
25754,51,0.14526456909245739
27093,51,0.25645430108431083
803,51,0.25505751933181026
8061,51,0.11633270440690219
15875,51,0.0656922970513693
25760,51,0.18638679283363738
305,51,0.5222735392312796
8065,51,0.0720464544140468
15880,51,0.06844392207437991
26316,51,0.115354804648396
26733,51,0.1634435464587871
259,51,0.5638171083499127
473,51,0.4333902256943132
8289,51,0.0891770578763425
17944,51,0.15738984571780737
26321,51,0.08739278011969769
27108,51,0.19779883171620202
266,51,0.37393696727576786
8075,51,0.1675762374589578
17949,51,0.08041672572822824
270,51,0.3371221002860743
823,51,0.1782131929311528
10449,51,0.1132917637803199
11283,51,0.12862743591912135
17953,51,0.08845177844277247
18794,51,0.09601639842772822
113,51,0.5495034535228962
616,51,0.19450833455259592
827,51,0.12566797350332565
1245,51,0.2081221953470588
11287,51,0.10848421354358072
17958,51,0.07758242746652508
18799,51,0.19543490470439892
26753,51,0.19947047524197736
27608,51,0.32268559893303334
11706,51,0.09970092108875585
19654,51,0.20771516016277383
27674,51,0.6458940352532243
44,51,0.4533511194746127
560,51,0.40389706842516376
4093,51,0.16077498246810595
11711,51,0.11940104764181272
19874,51,0.3273759566500771
27723,51,0.543558648190304
16,51,0.9471674869848163
131,51,0.23594917110910135
1261,51,0.21950170772281763
9190,51,0.0902466403979752
12334,51,0.16750160995990435
27468,51,0.27860448611105687
27795,51,0.7118550832101942
7,51,1.048263972571164
103,51,0.3348203714103118
248,51,0.3698939496897543
508,51,0.45683235224544927
847,51,0.46769405718964824
1733,51,0.1710454763982257
12339,51,0.2244347129228251
19884,51,0.12954883044934604
27075,51,0.29239745539569706
2,51,1.1657011936392727
108,51,0.4699439073542839
1738,51,0.07564453312194215
13322,51,0.30251251333492835
14115,51,0.2682761081129919
22231,51,0.2067352562715857
27381,51,0.18717870996202945
27633,51,0.3795320835998965
6,51,0.6755233828722131
112,51,1.0722489118275513
1275,51,0.919276465582057
2541,51,0.060448764870110895
3213,51,0.014531888362503884
13326,51,0.26065413808097493
17988,51,0.1629965109164764
21180,51,0.14514614343256002
23074,51,0.1974240932380248
27436,51,0.303700014679234
2385,51,0.10388282635214675
11322,51,0.2178827047008814
17993,51,0.08938493410228529
18834,51,0.12600524111634043
22031,51,0.1138732738663837
23079,51,0.2857953616110553
27607,51,0.4489953269185264
1841,51,0.9524612299423499
14130,51,0.2186055682820108
15737,51,0.2262130316137974
19904,51,0.5205708118701093
22036,51,0.8204242639386009
27869,51,1.1311019979487147
2394,51,0.48401527557533514
4127,51,0.32493479812754283
13341,51,0.24876505745982716
24957,51,0.4125363658764324
3230,51,0.46668802567703394
5134,51,0.5903556523584286
14945,51,0.2352045618019848
3235,51,0.5842753099133865
5140,51,0.6968652590784142
7058,51,0.684519472563128
18013,51,0.5289594203490746
23099,51,0.8039289385214068
5992,51,0.7559223379690637
9234,51,0.8218813660077112
25487,51,1.4049027023647807
2557,51,1.1562429739645381
4146,51,0.7734039611924695
4941,51,0.7812460600868854
7283,51,0.7688052501002318
16986,51,0.43316255356687405
18022,51,0.43960627372968664
19928,51,0.5001990675251283
21002,51,0.5395260105346912
24976,51,0.5305010835678715
2396,51,1.367115557494592
3250,51,0.7491367932131819
5154,51,0.8135457979037536
9244,51,0.8910615897780838
18027,51,0.4602832041148302
18867,51,0.4271460801228137
22065,51,0.3919731693048908
6219,51,0.9025315719307644
9249,51,0.9272910790349984
10319,51,0.939121275358368
15973,51,0.3212028161649266
16996,51,0.35693353108615566
18872,51,0.3923146714780142
19938,51,0.3965621966413789
22071,51,0.41937826993191407
2406,51,0.8302704650627971
6224,51,0.9416121125811248
7082,51,0.9530757794077123
8164,51,0.9316843068097151
18037,51,0.36984850217392834
18877,51,0.37934724324177554
19944,51,0.378465161971105
21016,51,0.39203325329449124
22075,51,0.3362619958358552
23123,51,0.3201021592028771
24991,51,0.29843543390679056
2411,51,1.000578091058575
3089,51,0.9707215386286949
4166,51,1.0012959885695947
8169,51,1.016627101369939
9259,51,0.9542206665365697
10538,51,1.0280724421012244
11371,51,0.9966842170331632
18042,51,0.3587369730815312
18882,51,0.39067638459275905
21021,51,0.34808842943113505
23337,51,0.34159714069117236
24128,51,0.28261626128866246
2416,51,0.2113839913676877
6234,51,1.0676572099813717
9264,51,1.0454068085843784
13200,51,0.41371364843529673
14984,51,0.31190161075807876
15988,51,0.2689429280153957
17011,51,0.2868814337033038
19953,51,0.3788927143204207
21026,51,0.36754864208314125
22085,51,0.339170625620026
25826,51,0.35767225841296185
5179,51,1.1209825293118427
15791,51,0.2615506922281668
18052,51,0.31374693041829016
22090,51,0.3445559333220366
25831,51,0.8499797021106098
1962,51,0.38605519731041377
2426,51,0.2743906521984809
8401,51,1.1115411201800758
23143,51,0.31002690697001484
25011,51,0.1782514485968009
5189,51,1.2202573186392756
6248,51,1.2384114965852564
7107,51,1.1289881609519603
8189,51,1.1482565084329088
12423,51,0.4379866809497938
14998,51,0.3120915819750428
23148,51,0.31480597121020854
24148,51,0.2367338118982024
1845,51,0.5274313672125084
3289,51,0.5278908380073314
4985,51,0.4857781792794439
10354,51,0.418894106262713
19973,51,0.36955325459612487
21046,51,0.40376499632703283
2441,51,0.5671710231739893
3119,51,0.5639762418746793
7117,51,0.4842467534052269
8199,51,0.4287553963133152
12433,51,0.21489163453272683
13388,51,0.19168852231275368
15008,51,0.3005692494927228
16013,51,0.30941787615442073
18072,51,0.37251348432979353
18912,51,0.3037597382539504
22110,51,0.3379754905786267
24158,51,0.312104882444152
1741,51,0.9504098672872935
2446,51,0.5557655814226355
3298,51,0.5454350206290711
4200,51,0.49377994533993347
9294,51,0.3728261744336971
10364,51,0.351254710412771
12438,51,0.24726686969918416
13393,51,0.14784981258904412
15013,51,0.40879884759865576
18077,51,0.33961192832947423
18917,51,0.41632006491844953
19983,51,0.2629245249147258
22115,51,0.36179788048566003
23163,51,0.327657886716887
25031,51,0.249307127430493
25856,51,1.2086035466472127
27857,51,2.356475579010172
3303,51,0.5208550847993308
5208,51,0.40926555079785865
6269,51,0.46273430463322085
8209,51,0.5470945733964432
9298,51,0.48737710021368086
11410,51,0.3758096245982355
27967,51,0.5502631524536162
27981,51,0.1472383501844295
28051,51,1.7777748545683634
16225,51,1.5225849496385602
17045,51,0.9145324550739068
18290,51,0.3447104691301586
18921,51,0.5491281473413769
19987,51,1.1581593266148722
23166,51,0.4166184202471613
24166,51,0.3345845686417721
25860,51,0.28391932664087755
27918,52,0.021665079510401204
8211,52,0.024845730216425166
9083,52,0.02224324026997325
28125,52,0.02275806807528189
20418,52,0.024924877582010792
5210,52,0.012837911647845783
6057,52,0.009926242047506847
7130,52,0.022115395420381104
7997,52,0.024608570316717614
9087,52,0.025934619630850506
9948,52,0.027901279589158817
18291,52,0.03355692130333522
18922,52,0.03433088435400974
19776,52,0.036947829481256335
20849,52,0.03788795036525977
21908,52,0.04031866829135409
22958,52,0.0464381067581064
3482,52,0.025824856375639412
4019,52,0.02957232731525166
4798,52,0.016375964759142336
5849,52,0.014453637201609915
7136,52,0.022717381980947776
8002,52,0.02455530498325447
9092,52,0.028007107345155286
10161,52,0.0304296968340588
11204,52,0.03286070528207839
12238,52,0.03286796154149482
16840,52,0.024373952316197742
17874,52,0.025075420260521102
18716,52,0.037383738369424394
19565,52,0.038473738957815
20854,52,0.04120423083056644
21913,52,0.040492233406928355
23977,52,0.03620053260508742
2451,52,0.028247895350897237
3131,52,0.02500766850143421
4023,52,0.02413221651461162
5007,52,0.01384073381084103
5853,52,0.011947092645702314
6925,52,0.023327689255292404
9097,52,0.030713021510570693
10167,52,0.03434599353543127
11209,52,0.03897073253054204
12241,52,0.033906403538900565
13218,52,0.030068670846476693
14012,52,0.029523235832009973
16843,52,0.0377195350849997
17880,52,0.03836378421880353
18932,52,0.04276473224404304
19571,52,0.04411002597350373
21918,52,0.05087505376684553
22966,52,0.06966313691459665
1745,52,0.010509897176664494
2293,52,0.04060110342231652
3135,52,0.09971706946113497
4028,52,0.020187906906214026
27900,52,0.01968861625185413
7146,52,0.02500053478855594
8012,52,0.02706263180463785
15826,52,0.0482321921235463
1645,52,0.03905709914094692
3141,52,0.08990816061050273
7150,52,0.033291992370196824
8016,52,0.09864263071240481
9325,52,0.036842048752034826
9111,52,0.11287814343510531
1279,52,0.1494699602435072
4042,52,0.0253234267395952
11228,52,0.11765583002073829
12260,52,0.11421253698376807
13237,52,0.06607376385631683
14836,52,0.014010809471604579
21937,52,0.21515019703125388
1191,52,0.19412010995467788
3155,52,0.026682499614640667
4048,52,0.10718586560656021
5032,52,0.05593493952078338
10193,52,0.08173286020126606
11233,52,0.18594103997160583
28017,52,0.11349450726639815
17904,52,0.1117404600729868
4833,52,0.039765748071706186
6096,52,0.06932315715300282
20888,52,0.1923213696824476
22995,52,0.0930153621479545
861,52,0.25928152030607793
23000,52,0.24575699023576134
24016,52,0.24661100704534258
788,52,0.29155257626864556
14052,52,0.017760748581581515
24021,52,0.24160461851373471
25073,52,0.2976077990784189
582,52,0.3336667267270173
794,52,0.25674282656614233
15865,52,0.06098320600731964
25078,52,0.21567973901967225
797,52,0.3172949175772124
6974,52,0.026555339579333478
15870,52,0.06897678487215708
24914,52,0.1536506632766064
25754,52,0.15135408522651322
27093,52,0.1609226121104615
803,52,0.35654172969026166
8061,52,0.07307746143052876
15875,52,0.03082064047740771
25760,52,0.10753198582636073
305,52,0.6214419544946617
8065,52,0.12129860694100753
15880,52,0.17210511226863145
26316,52,0.14006634521883216
26733,52,0.2104425968871915
259,52,0.7055443683229771
8289,52,0.13849241412563168
17944,52,0.14241452326814025
26321,52,0.2112891611667352
27108,52,0.45200104512550904
266,52,0.6293049487722348
8075,52,0.13605640305950684
17949,52,0.22996373522678856
270,52,0.6332894998501829
10449,52,0.17267056946181306
11283,52,0.21328249428366128
17953,52,0.253460358310139
18794,52,0.29602550761290275
113,52,0.8053321390637005
616,52,0.5035423470124862
827,52,0.4980335703189492
1245,52,0.4547799494552558
10246,52,0.3730098623251649
11287,52,0.3012324045299171
17958,52,0.30119716595263746
18799,52,0.38916236461043174
26753,52,0.10381138094309028
27608,52,0.5838361340323267
63,52,0.7330454185457912
11706,52,0.4635006195465076
12324,52,0.5320911996227058
13301,52,0.5058099378991634
19654,52,0.4534835545140097
27127,52,0.2894376712237447
27674,52,0.48676265882176045
44,52,0.692839539169832
4093,52,0.11369077126551919
11711,52,0.4857960150774198
19874,52,0.36093365369837505
27132,52,0.3544603634073553
27723,52,0.33250253939503366
16,52,0.9627319291843038
131,52,0.5094001788035712
768,52,0.6054949874100453
1261,52,0.5778497317131323
9190,52,0.49612161598497895
12334,52,0.5579468693114178
27468,52,0.3977878049931172
27795,52,0.5729533218269904
7,52,0.9579313616079972
103,52,0.5144893227790416
248,52,0.33873828206441425
508,52,0.5887445903764471
847,52,0.8234356050858899
1733,52,0.40214375783160244
12339,52,0.5088682938970774
13317,52,0.5426334546850422
19884,52,0.33765494837681126
26773,52,0.3872044444039309
2,52,1.0207829898052507
108,52,0.5540216327153327
1738,52,0.19374490137566241
13322,52,0.5461386297892029
14115,52,0.49625384812339385
22231,52,0.2554770822252995
27381,52,0.3591692935358656
27633,52,0.46559077483009476
6,52,0.7638467284261548
112,52,1.186224696158875
1275,52,1.3216946664948197
2541,52,0.5587433839716279
3213,52,0.4195114998183097
13326,52,0.3826340376278348
17988,52,0.36510220511563046
21180,52,0.16524807238623926
23074,52,0.22807634020599593
27436,52,0.3480034106398259
27638,52,0.4518305677582485
2385,52,0.34175707495371865
11322,52,0.4729186971646337
17993,52,0.3373287091886207
18834,52,0.4361939400557253
23079,52,0.08445136922778108
27607,52,0.8670295940000537
1841,52,0.9804270749325736
2390,52,0.6027647181042518
14130,52,0.15142429170767485
15737,52,0.3832725255256856
19904,52,0.855018725281317
22036,52,0.7716810351261444
27869,52,1.1829804384458342
2394,52,0.5248896964232184
4127,52,0.49849606840805516
13341,52,0.3797236677229138
14940,52,0.22645808965419856
24957,52,0.6665685476681892
3230,52,0.4923998221366188
4132,52,0.5217821758974569
3235,52,0.4319119094523901
5140,52,0.5224275237205438
7058,52,0.5796589554367497
23099,52,0.7989272188303014
3239,52,0.4216960611369799
5992,52,0.5681072776540049
9234,52,0.6072128505857202
15958,52,0.539592501690414
18017,52,0.5656450905174071
25487,52,1.3225667797735705
2557,52,0.827673724492841
3244,52,0.46809203486877565
4146,52,0.5538743200070034
4941,52,0.5627184241761553
7283,52,0.608757573463139
14959,52,0.39130437683470937
18022,52,0.46876727206219354
19928,52,0.6236955754633228
21002,52,0.710803558151482
24976,52,0.6420312829407125
2396,52,1.3572892633809186
3250,52,0.5000311341133687
5154,52,0.5780231291239849
9244,52,0.639713612096858
18027,52,0.4375546007601164
18867,52,0.4225451997927383
22065,52,0.4211950092679458
6219,52,0.630828258020328
9249,52,0.653371073781857
10319,52,0.621465587130834
15973,52,0.3134416153325634
16996,52,0.34272317042086825
18872,52,0.37035315803477303
19938,52,0.3837239723314841
21011,52,0.37408169924108237
22071,52,0.3320678050341201
2406,52,1.0606978491235033
3259,52,0.5400160669372386
6224,52,0.6455309266707288
7082,52,0.6695322879079239
8164,52,0.6611300240558258
18037,52,0.29173115491421403
18877,52,0.37857878565371533
19944,52,0.33577362124709387
21016,52,0.3188487671015466
22075,52,0.31533522170914985
23123,52,0.2916108523610925
24991,52,0.26941057833661436
2411,52,1.188808920865048
3089,52,0.5425195392372492
4166,52,0.6107875533506478
8169,52,0.6439506641582887
9259,52,0.6344960176145709
10538,52,0.6487246871940205
11371,52,0.6556593079969941
15983,52,0.21718228675742804
18882,52,0.28552837295754185
23337,52,0.23685060319131016
2416,52,0.3876175134422499
5174,52,0.6370189101233885
6234,52,0.6338350882472462
9264,52,0.6020822791637223
13200,52,0.3984293863915344
14984,52,0.23830535313573517
15988,52,0.2574860389569874
17011,52,0.27992190347795964
22085,52,0.32582040466292894
24133,52,0.10999076231089319
25002,52,0.1837734165427119
25826,52,0.3118181830006173
18052,52,0.22285437860510962
25831,52,0.9639768860723703
1962,52,1.0689466608548321
2426,52,0.22270438047950683
8401,52,0.6406499671060639
10344,52,0.6040658873336543
23143,52,0.05939514603151944
25011,52,0.09525714871972994
5189,52,0.6317938054970748
8189,52,0.6573487578067244
12423,52,0.5374059557578201
14998,52,0.17511010954910075
23148,52,0.053544437226978124
24148,52,0.1898446982140578
1845,52,0.5986136429587443
4985,52,0.2442427319617274
10354,52,0.4382811485892612
12428,52,0.49879224414813406
18067,52,0.17180154017730073
21046,52,0.2922179483623539
23153,52,0.380505937437421
2441,52,0.09271139409274257
3119,52,0.21305577451394103
4010,52,0.2214269718272386
7117,52,0.38157199002410075
8199,52,0.3930355784483512
12433,52,0.48002601957110747
13388,52,0.5789222974758481
15008,52,0.16326347038050462
18072,52,0.08971035084246526
18912,52,0.222451614239509
22110,52,0.4146974419915338
24158,52,0.3972957682206809
1741,52,1.3248005664536775
2446,52,0.21267715426752948
3298,52,0.2121693631217111
4200,52,0.278444970722359
8203,52,0.4071528539367565
9294,52,0.4579091824736746
10364,52,0.48437504370070766
11406,52,0.4728007543698604
12438,52,0.5395036852051217
13393,52,0.5356166206080915
15013,52,2.0784516219859417
18077,52,0.45737461877457436
19983,52,0.4525855078731674
22115,52,0.42856951203034066
23163,52,0.3219866838891278
25031,52,0.14003870849603964
25856,52,1.002123220399307
27857,52,2.2703674292215146
3303,52,0.38374205000174477
4205,52,0.2277748912441907
5208,52,0.3049244526160613
6269,52,0.37690198890774734
7126,52,0.3763055273259965
8209,52,0.5363217764914043
9298,52,0.4462861699880747
11410,52,0.442214889603072
27967,52,0.982589819837022
27981,52,0.8385924272796523
28051,52,2.4465785410032597
16225,52,2.4919468078550633
17045,52,2.4949286213339064
18290,52,1.7766657394486753
18921,52,1.1405031478025012
19987,52,1.6225844901573163
23166,52,0.4007813174152538
27918,53,0.022531401105282622
8211,53,0.02345830525537126
9083,53,0.022615328014292273
28125,53,0.02008271178965923
20418,53,0.027815486694592873
5210,53,0.028501775475595438
6057,53,0.02832583666614021
7130,53,0.02688215124630458
7997,53,0.02776831868654272
9087,53,0.02863948565188839
9948,53,0.030152904281426366
18291,53,0.033769696411331485
18922,53,0.03551055664421984
19776,53,0.03886520504859603
20849,53,0.042461096042751015
21908,53,0.04356243496233292
22958,53,0.04690262578267707
3482,53,0.029733458826202503
4019,53,0.0294032651988115
4798,53,0.029337035577509975
5849,53,0.030048059946294323
7136,53,0.02894866855121919
8002,53,0.028988722144692204
9092,53,0.03244804914244511
10161,53,0.03354077770393664
11204,53,0.028867637007106
12238,53,0.02928131288887502
16840,53,0.02399415911497216
17874,53,0.025062394834300093
18716,53,0.04101960375121278
19565,53,0.042343749240553584
20854,53,0.04560236738147314
21913,53,0.04390486902019827
23977,53,0.03373488667004857
2451,53,0.014835375297460013
3131,53,0.03128894302055777
4023,53,0.03181520625444046
5007,53,0.029092638213686108
5853,53,0.030759608993610094
6925,53,0.033389976223324826
9097,53,0.04096968303815194
10167,53,0.043240352648073466
11209,53,0.037015485605904765
12241,53,0.030998973047898684
13218,53,0.028728364382113104
14012,53,0.026232669295979394
16843,53,0.04420922137124753
17880,53,0.04698501691521955
18932,53,0.048408679490294974
22966,53,0.08013070234631739
1745,53,0.0313371550239179
2293,53,0.04846481547667387
4028,53,0.12103243987711917
27900,53,0.03516299081317976
7146,53,0.04339008908025489
8012,53,0.04332258636092543
15826,53,0.10193287161787255
1645,53,0.06939400168685417
3141,53,0.03242030227306245
7150,53,0.042657587270453365
9325,53,0.050936080537577026
9111,53,0.04839410991839113
21932,53,0.2622984788474783
1279,53,0.21521397249435736
4042,53,0.053247317605682576
11228,53,0.05232675388283582
12260,53,0.1478377913279276
13237,53,0.09082963803434323
21937,53,0.242249708317971
1191,53,0.24941717468960098
3155,53,0.060945575721714905
4048,53,0.06039932885999337
5032,53,0.06311734975376669
10193,53,0.13591311773436573
11233,53,0.10021273786259095
28017,53,0.145200123366717
17904,53,0.20817739931228119
18744,53,0.20482559904963848
20883,53,0.20769496003553
4833,53,0.11061888705934576
6096,53,0.09741417946172308
20888,53,0.2897791613401055
22995,53,0.16099576122504197
861,53,0.38901245565062
23000,53,0.18887343522270877
24016,53,0.17075817208892774
788,53,0.33763539919468394
14052,53,0.12000050529868599
24021,53,0.1447855685101312
25073,53,0.11620136196471291
582,53,0.36716042735996884
794,53,0.3195207181303037
15865,53,0.10809717332235974
25078,53,0.1724490840672476
25750,53,0.21377280961567188
520,53,0.41834839746901503
797,53,0.3780110138137771
6974,53,0.21790125869491883
15870,53,0.10330446703621819
24914,53,0.15791721131572614
25754,53,0.06376588535116613
27093,53,0.2100644545885745
803,53,0.4376926997839068
6121,53,0.14702941163221642
8061,53,0.21147448866633287
15875,53,0.1277479732977572
25760,53,0.10123294950009683
305,53,0.6623727837959535
8065,53,0.15063766186866484
15880,53,0.10788153382369191
26316,53,0.25333241649588495
26733,53,0.2877200720214207
259,53,0.7681363863710323
8289,53,0.1704230742856836
17944,53,0.1864212682088891
26321,53,0.25774256275044904
27108,53,0.3652456745830069
266,53,0.6186168184648061
1236,53,0.494705918604078
8075,53,0.19348778343613082
17949,53,0.12020950630387199
270,53,0.6438369117253839
10449,53,0.23230816058866816
11283,53,0.13197496225333238
17953,53,0.09382920621867455
18794,53,0.16115556258543923
113,53,0.8849485530965115
616,53,0.7371053829556681
827,53,0.7699837981295427
1245,53,0.6397270620801813
8302,53,0.1705781316941572
10246,53,0.31577712253309853
11287,53,0.24604521179692632
17958,53,0.10173787195042348
18799,53,0.15784616856703618
27608,53,0.6691357868315496
11706,53,0.3435266357413321
13301,53,0.255068775539135
19654,53,0.15787930342509215
27674,53,0.5828263188190641
44,53,0.7059800753910284
4093,53,0.11223795868753593
11711,53,0.3462836759753276
27723,53,0.4978404520372822
16,53,1.1905575100249552
9190,53,0.2485611277885347
10260,53,0.27938073382023787
12334,53,0.333007052565037
27137,53,0.3593891050138182
27468,53,0.40326215427464135
27795,53,0.9225553183118599
7,53,1.2712410972080472
103,53,0.5347784928327579
248,53,0.5919724551993324
508,53,0.4247963969009276
847,53,0.3342995397936233
1733,53,0.3673295504601612
12339,53,0.3424724637114858
13317,53,0.2776822302310803
19884,53,0.20478999990661526
26773,53,0.42950681999058204
2,53,1.2598358541598351
108,53,0.5271733555414041
1738,53,0.41526825280674873
3208,53,0.1600206929000274
12344,53,0.2982920744941541
13322,53,0.3718819239259582
14115,53,0.33273709069072144
22231,53,0.2489437224946465
27381,53,0.3961462581700582
27633,53,0.34916441185262315
6,53,0.5797148602439317
112,53,1.1168500094186422
258,53,1.0739024713683996
1275,53,0.9640577211563017
2541,53,0.3879384819655188
3213,53,0.16710218202701627
13326,53,0.3488664129204546
17988,53,0.2732475367185731
21180,53,0.21402050618620974
22025,53,0.3264772561939752
27436,53,0.6038736622817521
27638,53,0.3674452426716915
2385,53,0.3258392093497092
11322,53,0.2282746268781673
17993,53,0.26546650344575434
18834,53,0.3118866572431615
23079,53,0.21514788058062606
27607,53,0.7913054627175433
1841,53,0.9961727047290901
2390,53,0.3045610454393333
4122,53,0.19264070097888103
11119,53,0.1164593842928159
14130,53,0.26780390791798614
15737,53,0.3438340506542525
19904,53,0.4598574179433536
22036,53,0.28400847034316895
24084,53,0.1519577429600383
27869,53,1.188022747804409
2394,53,0.3350213058644559
4127,53,0.2777783297251001
13341,53,0.17192098650123042
15944,53,0.23270298792168637
24957,53,0.415736131451186
3230,53,0.16619765892368593
3235,53,0.10976207760652207
5140,53,0.2108804497052257
7058,53,0.24689776992138343
23099,53,0.3072566828632903
3239,53,0.1347165039776257
4141,53,0.16416404301875145
20996,53,0.27605836551381885
25487,53,0.8082014332383655
2557,53,0.5550804543195839
3244,53,0.12916268108852524
4146,53,0.18042282926484413
4941,53,0.19726638531582055
7283,53,0.20491247492756262
18022,53,0.3062409292283267
19928,53,0.2092001771612431
21002,53,0.23718048855437712
24976,53,0.3506354055893764
2396,53,0.9403615277280486
3250,53,0.13960580347251844
5154,53,0.1819043934304962
9244,53,0.24157261961719723
12388,53,0.2879532695324106
18027,53,0.2462003542191452
18867,53,0.2146548691354731
22065,53,0.3415594578482988
25659,53,0.4027117293554441
6219,53,0.17582493059508789
9249,53,0.18908924079760808
10319,53,0.24876439998454825
15973,53,0.21989360054880833
16996,53,0.22637190179741057
18872,53,0.24987521290628933
19938,53,0.22732881054258355
22071,53,0.2545481598780732
2406,53,0.5267770792463542
3259,53,0.11808397195183809
6224,53,0.14975728970230506
7082,53,0.1664284733660616
8164,53,0.21956617642216897
18037,53,0.17099064766665656
18877,53,0.18632236908621078
19944,53,0.17652952225247592
21016,53,0.23547534183744076
22075,53,0.2842294432388888
23123,53,0.234843708683322
24991,53,0.44805772219183077
2411,53,0.36309984868766376
3089,53,0.07794466951321126
4166,53,0.11242340125098678
8169,53,0.18432144097210748
10538,53,0.23839710170788042
11371,53,0.25513994422997716
18882,53,0.2084258358145242
20163,53,0.16525688892784945
23337,53,0.16432663790762472
3269,53,0.12529306187266537
5174,53,0.13424837209910456
6234,53,0.1417542473967999
9264,53,0.200198431642683
13200,53,0.285586500959085
14984,53,0.14841282113865478
15988,53,0.3283699421148032
17011,53,0.2282390250534977
18047,53,0.14687198378588498
22085,53,0.24028726260306066
24133,53,0.27827150077737206
25826,53,0.22720951055269786
4176,53,0.12283637665700889
6239,53,0.1386628945497727
14989,53,0.18441098121455102
18052,53,0.08820503041202786
21031,53,0.14591270177678703
25006,53,0.1605823035020534
25831,53,0.7464323112046787
1962,53,0.790679503495605
2426,53,0.6393395377830754
4181,53,0.09372367869983367
11385,53,0.23409681304112073
18897,53,0.17770724569322338
23143,53,0.2352056113051601
25011,53,0.195308327944925
4186,53,0.09351342330412633
5189,53,0.15913804411062155
8189,53,0.2359763475450815
14998,53,0.32862935928942727
22100,53,0.1734707185517475
23148,53,0.017226777937001655
24148,53,0.3489166640564681
1845,53,0.9256336348713997
4985,53,0.7255037762733803
8413,53,0.4023296288406409
10354,53,0.3393431661655377
12428,53,0.3370385305473303
18067,53,0.5948403184439853
21046,53,0.0292191715183158
23153,53,0.07183432522979
25846,53,0.29955946391312116
2441,53,1.0473767134966712
3119,53,0.8318887966652958
7117,53,0.5991342232150261
8199,53,0.4775840374281477
10359,53,0.24173926685342081
11401,53,0.1992934803226476
13388,53,0.0946434132383613
15008,53,0.17053454683729358
18072,53,0.6419984291726073
18912,53,0.7174883771464113
22110,53,0.041713764200216864
24158,53,0.13277907498726507
1741,53,0.8279717429798625
2446,53,1.0866345823193968
4200,53,0.7667895711774377
8203,53,0.4500109258791656
9294,53,0.27472137093207183
10364,53,0.1745067598233494
11406,53,0.1444326339853848
12438,53,0.12730977819886338
13393,53,0.03186396768323972
15013,53,0.13188992008514577
18077,53,0.1965056127525892
19983,53,0.16894938822736366
22115,53,0.15941609717811425
23163,53,0.08480704824087164
25031,53,0.2588330586538942
25856,53,0.3645424299224139
27857,53,1.1721035744017423
3303,53,0.7428630021007285
4205,53,0.7817627733151913
5208,53,0.6192791113655043
6269,53,0.4850294635447368
7126,53,0.4916339821051723
8209,53,0.32089904188541185
9298,53,0.2733767967034628
11410,53,0.14251272342889093
27967,53,0.6213385329571387
27981,53,0.13138769356021948
28051,53,2.2594282121053215
16225,53,2.339627132146212
17045,53,2.319365319255902
18921,53,2.309023355676249
23166,53,0.19122236298244796
25035,53,0.6073298077168738
27918,54,0.01648797861959626
8211,54,0.019913710730538294
9083,54,0.016175875196233435
28125,54,0.003239983730716367
20418,54,0.004572485069882643
5210,54,0.009875379338872114
6057,54,0.00951831182536732
7130,54,0.016068350184870225
7997,54,0.018204420937948537
9087,54,0.018148521700954278
9948,54,0.01941193793698286
18291,54,0.00830409781851262
18922,54,0.007983076495087392
19776,54,0.01015890748750475
20849,54,0.013215408934531676
21908,54,0.012620378452086146
22958,54,0.011972673576372316
3482,54,0.015005251998635089
4019,54,0.013206561881218907
4798,54,0.011052362078169396
5849,54,0.011979399841954537
7136,54,0.017016829328922987
8002,54,0.018790743527826517
9092,54,0.021000263803566545
10161,54,0.0221153312996434
11204,54,0.018934537761903653
12238,54,0.01816204287004395
16840,54,0.006495589551492225
17874,54,0.004767261033090391
18716,54,0.011998292972380566
19565,54,0.01287075942303256
20854,54,0.01595127209240905
21913,54,0.013904013176630205
23977,54,0.009116278753519384
2451,54,0.019957007820156396
3131,54,0.016569923932999005
4023,54,0.016601823828619456
5007,54,0.010560533226602064
5853,54,0.009304105871389603
6925,54,0.017469996854516653
9097,54,0.024897929751539285
10167,54,0.027715215669738228
11209,54,0.023210961738424015
12241,54,0.016618274073071586
13218,54,0.013270701930131421
14012,54,0.011350811304830424
16843,54,0.011136037407298769
17880,54,0.01133813770580825
1745,54,0.009044831517643785
2293,54,0.016362270281571615
4028,54,0.014487318550109114
27900,54,0.014637857134615698
7146,54,0.01817615191295562
8012,54,0.052369738154131526
15826,54,0.06494373214129832
1645,54,0.0722200984012971
3141,54,0.03882733485978657
7150,54,0.061229312764028015
9111,54,0.06460394916456674
1279,54,0.2631586756326813
4042,54,0.13592447295192436
11228,54,0.25537583467255326
12260,54,0.13999552930123788
13237,54,0.17168410359435396
21937,54,0.3756559126073618
1191,54,0.28587539710067694
3155,54,0.10693839697373252
4048,54,0.18247000002389188
5032,54,0.18640884554788514
10193,54,0.1971972578537049
11233,54,0.1788645011860713
28017,54,0.2200956936396668
17904,54,0.2545497831548199
18744,54,0.35303184820701605
20883,54,0.44524487979028665
4833,54,0.2744371021396858
20888,54,0.35989647631880156
22995,54,0.3146561368406804
861,54,0.4473092106137601
13253,54,0.16992102307185752
23000,54,0.2423031426275772
24016,54,0.17613841781839978
788,54,0.38029191780990595
14052,54,0.10469753119683832
24021,54,0.20401894703147622
582,54,0.43203323312670744
794,54,0.45672747480936704
15865,54,0.22871130155791222
25078,54,0.24164849373981404
25750,54,0.22896006597590796
520,54,0.4760075777898897
797,54,0.47154986302388285
6974,54,0.313089131252227
15870,54,0.23227923962606128
25754,54,0.30321856435128425
27093,54,0.5073440392730254
803,54,0.5448144937879967
6121,54,0.181322693497107
8061,54,0.31151320117885584
15875,54,0.18195809612481195
25760,54,0.29483280981518406
305,54,0.9411047420215962
8065,54,0.3230205392484433
15880,54,0.18943119477625658
26316,54,0.31322042242749026
26733,54,0.4615439368802224
259,54,1.0047385491068024
8289,54,0.3315086545108159
17944,54,0.1953357362065355
26321,54,0.33867890425068287
27108,54,0.45993895481483393
266,54,0.9382283805914281
1236,54,0.54643696969345
8075,54,0.2346395653244819
9166,54,0.3225393353986613
270,54,0.7963200295523943
823,54,0.7255754397443621
11283,54,0.32574050539631055
17953,54,0.19643216434970198
18794,54,0.19189800673663804
113,54,1.1542581856712781
616,54,0.7920316194204167
827,54,0.7864680260512386
1245,54,0.7109139291337727
11287,54,0.34459154736478853
17958,54,0.24188430236873545
18799,54,0.22235580077039177
27608,54,0.8747100671912771
11706,54,0.37988399557482067
19654,54,0.20070858383057777
27674,54,0.8838742929646827
44,54,1.2307075120078856
11711,54,0.34697408745571234
27313,54,0.6508119883125617
27723,54,0.7889556144741595
16,54,1.394016106847478
9190,54,0.1762822119841032
12334,54,0.3042144068606113
27468,54,0.6864662148142643
27795,54,0.7481805882633267
7,54,1.4126063621633826
103,54,0.8124259083020985
508,54,0.4967951398847561
847,54,0.3498047912420634
1733,54,0.2815121743324677
12339,54,0.34948162627373647
19884,54,0.29961112097839476
2,54,1.4636092030266634
108,54,0.7821393088791917
1738,54,0.19037487556551866
3208,54,0.04738903817103846
13322,54,0.22223357473595143
14115,54,0.30837208520499654
22231,54,0.5534592074605156
27381,54,0.735245201379298
27633,54,0.6261963571032709
6,54,1.004677774334231
112,54,1.1719250017705662
258,54,1.0709006613895724
1275,54,1.045252120036466
2541,54,0.15046430311723524
3213,54,0.1054144883104426
12349,54,0.25817153476819465
13326,54,0.24718215704687738
17988,54,0.2883208364083308
22025,54,0.5238361919219771
27152,54,0.7181198286076593
27436,54,0.8622471490361726
27638,54,0.7826117910569328
11322,54,0.1957871769463819
15732,54,0.26027016944407005
17993,54,0.30952696042572736
18834,54,0.23945434704374555
22031,54,0.3690518265932473
23079,54,0.7426323855801301
27440,54,0.7663639622863236
27607,54,0.8023209694718567
2390,54,0.29209183501437047
11119,54,0.19770056109496056
14130,54,0.23047497179677345
15737,54,0.20427435880303532
19904,54,0.6715855398218211
22036,54,0.27048833722033583
24084,54,0.5272708532519328
27869,54,0.9705586432689304
2394,54,0.3165090521156854
4127,54,0.07601797830342119
13341,54,0.7240343991052234
24957,54,0.5446044900426354
3230,54,0.5444007431736394
3235,54,0.5821218281743988
5140,54,0.43286538436589456
7058,54,0.4529793382622915
18013,54,0.5599472456415487
23099,54,0.4937792283356055
3239,54,0.5531097018996612
4141,54,0.4535306905052335
20996,54,0.4232002421744029
25487,54,0.7060932045121401
2557,54,0.4007573195539359
3244,54,0.5705359484860154
4146,54,0.44109418568010933
4941,54,0.37327402124910475
7283,54,0.3424139275803843
18022,54,0.5616228813971168
19928,54,0.4568595296820827
21002,54,0.390567755658373
22060,54,0.4275418520419166
24976,54,0.4830433318389534
2396,54,0.6723217906497063
3250,54,0.5234320239797393
5154,54,0.3728834199088481
9244,54,0.3326141337744201
18027,54,0.7116332065156494
18867,54,0.5248854495542792
22065,54,0.4974127430299728
25659,54,0.498512740533934
2401,54,0.6692141877202823
6219,54,0.3256713376834198
7077,54,0.2966479469250292
9249,54,0.27788154516176616
10319,54,0.3195480698561833
15973,54,0.4561084326338361
16996,54,0.5928418571683073
18872,54,0.5387037733062846
19938,54,0.5277926426225791
22071,54,0.4523684902671348
2406,54,0.8544736830314699
3259,54,0.4803462858895031
6224,54,0.3008936266414969
7082,54,0.2622229239259532
18037,54,0.6073084807692123
18877,54,0.5979349614506286
19944,54,0.492703509682278
21016,54,0.4320126615685952
22075,54,0.4338789475025652
23123,54,0.4667352745488162
24991,54,0.40196455638844536
2411,54,0.6354598110620862
3089,54,0.4488871210135261
4166,54,0.407834721495531
8169,54,0.20646020671601192
10538,54,0.20659885968870684
11371,54,0.21671156213961454
18882,54,0.5383265545744759
21021,54,0.4447685859552122
23337,54,0.4575362722858701
3269,54,0.4152868584579746
6234,54,0.3044950823533985
9264,54,0.15525795623617938
13200,54,0.17992224192093048
14984,54,0.3033262565486237
15988,54,0.15917915939053248
17011,54,0.3596432563152474
22085,54,0.4986757144776896
24133,54,0.39496161865588486
6239,54,0.2936792840206986
14989,54,0.20471502562493665
15791,54,0.3532817003319743
18052,54,0.46594637897034014
25006,54,0.44850375071634
25831,54,0.9024442004300521
1962,54,1.2923011637996138
2426,54,0.5614853564157061
5184,54,0.3787045653455002
11385,54,0.11510958228980699
18897,54,0.3010625889123273
19963,54,0.33964522421881715
23143,54,0.45364770368843527
25011,54,0.34701362882892245
3284,54,0.5319972154503692
4186,54,0.4261318993701389
7107,54,0.2652518270667609
8189,54,0.24381595794618943
14998,54,0.2554369895227514
22100,54,0.31977652490421504
23148,54,0.48578174978319205
24148,54,0.16424929109701375
1845,54,1.5766413109139514
2436,54,0.6095422951060359
4190,54,0.3989622038279383
4985,54,0.3958769894828283
8413,54,0.35718729839969926
10354,54,0.20369876882125165
15003,54,0.32759710099962963
21046,54,0.2884465360133975
23153,54,0.1542300891614893
25846,54,0.25127274493528706
2441,54,0.614204567617114
3119,54,0.5631011390686719
7117,54,0.4366588772260733
8199,54,0.2896556982553101
13388,54,0.26442553736843827
15008,54,0.3100178666767436
18072,54,0.7971158813979706
18912,54,1.1112329233631684
22110,54,0.3574781919044203
24158,54,0.112882404061772
1741,54,1.6378817069907265
2446,54,0.6577441988119179
4200,54,0.6213967551702628
8203,54,0.41671929468719693
9294,54,0.3438354203893449
10364,54,0.3257551455856058
12438,54,0.2996970624696767
13393,54,0.29359512343992644
15013,54,0.3913677057656827
18077,54,0.6296698048152957
22115,54,0.5816825212112263
23163,54,0.1897381627624234
25031,54,0.20561703782400223
25856,54,0.5701790666370267
27857,54,2.0064230412363337
3303,54,1.1547946400397382
5208,54,0.6276718727010266
6269,54,0.6832713279025089
7126,54,0.627092385468219
8209,54,0.6285597957045056
9298,54,0.4761166895470102
10368,54,0.3434336193105957
11410,54,0.35085349063974286
27967,54,1.1234563376749236
27981,54,0.4425462433672744
28051,54,2.4585546238842473
16225,54,2.7192342855513645
17045,54,2.5702415720568
18921,54,2.6590235883855873
21060,54,2.3099477814371663
23166,54,0.24967760270940828
24166,54,0.30918930227227526
25035,54,0.4249628541639388
25860,54,0.6046793458870738
27918,55,0.018548437205232405
8211,55,0.019557847068679614
9083,55,0.02081298809171946
28125,55,0.019723190438548383
20418,55,0.021628127286125776
5210,55,0.01989547621231133
6057,55,0.018215418208161888
7130,55,0.023003006823691476
7997,55,0.02398302228075734
9087,55,0.029780358197521617
9948,55,0.03457534313170401
18291,55,0.018227604155856843
18922,55,0.02034926694561072
19776,55,0.02271902390347697
20849,55,0.02256686204683016
21908,55,0.02352594765420187
22958,55,0.03090108125503426
3482,55,0.025967693314584657
4019,55,0.028947194174102096
4798,55,0.021266023178199263
5849,55,0.01978959449497831
7136,55,0.024281888491434714
8002,55,0.024576300994113964
9092,55,0.033004468813142104
10161,55,0.0387199039439944
11204,55,0.035693278852595406
12238,55,0.03002710265976675
16840,55,0.016418868008690194
17874,55,0.015999594576024276
18716,55,0.018793635938820757
19565,55,0.02076125064021172
20854,55,0.02453253984994001
21913,55,0.02610303279434534
2451,55,0.021333269010910566
3131,55,0.026250765177326302
4023,55,0.025944380132915706
5007,55,0.022200138487628314
5853,55,0.023720665895047448
6925,55,0.02871850139032093
9097,55,0.03863313866968517
10167,55,0.04109228232914691
11209,55,0.03534225199392642
12241,55,0.030176370412487576
13218,55,0.02813908261559655
14012,55,0.023737199833438225
16843,55,0.018881429400777243
1745,55,0.01124670275982477
2293,55,0.02483756185664375
3135,55,0.06305335026701504
4028,55,0.08458988924771696
27900,55,0.03199097054013673
7146,55,0.0593481848920913
8012,55,0.03822290896528705
15826,55,0.096600821109688
1645,55,0.03029519452000543
3141,55,0.09921132407257705
7150,55,0.06762255898912128
9111,55,0.13146372928351052
1279,55,0.21681229519703352
12260,55,0.18848925997655439
13237,55,0.1775551445702854
14836,55,0.05021169360236572
21937,55,0.34737296309711246
1191,55,0.24886293418686586
3155,55,0.24098002830639406
4048,55,0.25739836154568796
5032,55,0.2748589967956468
10193,55,0.3279892843943438
11233,55,0.1853992900805063
28017,55,0.1881830887328105
17904,55,0.27019501334705803
18744,55,0.48026627567020796
4833,55,0.2936477354308698
20888,55,0.47475708671356315
22995,55,0.2507017533020551
861,55,0.3920749325452075
13253,55,0.3368651729959934
23000,55,0.34136911271424913
24016,55,0.2443923434135979
788,55,0.43338104085041157
24021,55,0.30887894509984737
582,55,0.5135705756631309
794,55,0.4461790929915972
15865,55,0.221974127540435
24026,55,0.31165569542275157
25078,55,0.2598526019178433
25750,55,0.34246885975115027
520,55,0.5149717846220461
797,55,0.5013761988626749
6116,55,0.38112147548488606
6974,55,0.3917176485739081
15870,55,0.259794550836407
25754,55,0.34268932877394254
27093,55,0.5459215141656528
803,55,0.5910256904854368
8061,55,0.3969271851173495
15875,55,0.24784876824441318
25760,55,0.3308424087083364
305,55,0.8062687958865111
808,55,0.7188972289432943
8065,55,0.3809887886029558
15880,55,0.23940574501674422
16903,55,0.2921509714662949
26316,55,0.5283132976884822
26733,55,0.5933922740857288
259,55,0.8750182332758928
8289,55,0.38049108736376225
9161,55,0.3617795486728697
17944,55,0.33750635656465855
26321,55,0.5418017356404924
27108,55,0.7455440365683753
266,55,0.749098190347063
8075,55,0.37754717970899726
270,55,0.7349493567880102
823,55,0.8095035916572099
11283,55,0.33525413148020394
17953,55,0.3242108819038428
113,55,1.076380237413527
616,55,0.8195330970262824
827,55,0.8327843317641176
1245,55,0.7015649133572206
11287,55,0.35490248023222853
17958,55,0.35135772478165683
18799,55,0.3581558305559233
27608,55,0.9551365706290362
234,55,0.8455122861007157
11706,55,0.35145893598251843
19654,55,0.4368148992464708
27674,55,1.0318684396298787
44,55,1.0757488587016901
560,55,0.8924421519285871
838,55,0.817547207142052
11711,55,0.3014695503035201
27313,55,0.6152083770083915
27723,55,0.8608122028566141
16,55,1.3369899556058829
131,55,0.89480904214395
9190,55,0.3940080213792468
12334,55,0.3061501981118917
13312,55,0.2969647703054623
27468,55,0.6347783666102698
27795,55,0.707782538287119
7,55,1.3972127210008463
103,55,0.9099918368194951
508,55,0.6935513024085284
847,55,0.5992315061344518
1733,55,0.4155705393618966
12339,55,0.2588971616849307
19884,55,0.4287509416316905
27628,55,0.5646198955950328
27732,55,0.5641183093675083
2,55,1.4662452146542075
108,55,0.9279498429873045
1738,55,0.43443938160218903
3208,55,0.2579305930656166
13322,55,0.28218927844938574
14115,55,0.23159584501704547
22231,55,0.6447604722284043
27381,55,0.553528971821943
27633,55,0.5732452418872446
6,55,0.9752446602821583
112,55,1.1805663053454198
258,55,1.094705862318492
1275,55,1.0125281328437012
2541,55,0.3288578337203628
3213,55,0.2518785919159671
12349,55,0.12941316486735807
13326,55,0.07224700991382584
17988,55,0.2317040032320628
22025,55,0.7266497368592205
27436,55,0.5645945590419856
27638,55,0.5061555882054329
11322,55,0.2617202349475373
17993,55,0.24268242912239776
18834,55,0.2861987717632542
22031,55,0.595860156474068
23079,55,0.7154700469976225
27607,55,0.59888969851929
2390,55,0.5409873403652259
11119,55,0.34513704208382306
12359,55,0.2738532011041659
14130,55,0.24773862224353757
15737,55,0.21166443663477594
19904,55,0.4355201936419013
22036,55,0.2813555716427814
27869,55,0.9711610460857768
4127,55,0.36087446475955937
13341,55,0.5125727844249954
14940,55,0.5104099867219276
24957,55,0.5814697140355496
3230,55,0.053685719713563076
5134,55,0.1945219348377331
24094,55,0.5015614391480765
3235,55,0.20126430454299724
5140,55,0.24495998615254752
7058,55,0.28837016245425684
16977,55,0.5752864718125532
18013,55,0.5425273671076013
23099,55,0.41323619311229853
3239,55,0.13387586085994752
4141,55,0.15387571117576837
5992,55,0.18045059790481777
15958,55,0.5330168215788088
20996,55,0.35403324527024926
25487,55,0.27053450299801585
2557,55,1.1664273986115077
3244,55,0.1713735260357706
4146,55,0.07421593886378551
4941,55,0.1442110692127214
7283,55,0.1729684904705555
18022,55,0.7266233512576219
19928,55,0.5416388634917749
21002,55,0.484442998726835
24976,55,0.49240541881341227
2396,55,0.7847740721286186
9244,55,0.18665996569610155
18027,55,0.6356320598756894
18867,55,0.6939640233417499
22065,55,0.6956779718818394
2401,55,0.80500241889863
3254,55,0.11215503619411758
6219,55,0.09428897261096605
7077,55,0.16002491217507786
9249,55,0.20870249649772044
10319,55,0.19196036405768221
15973,55,0.4602511635223091
16996,55,0.49843130324234725
18872,55,0.654394255699396
19938,55,0.6981920420774681
22071,55,0.7709808972112279
2406,55,0.9266598450650957
3259,55,0.12166909014644997
6224,55,0.024354163569309386
7082,55,0.053891066879250764
18037,55,0.7035624397151803
18877,55,0.7584435584265053
19944,55,0.7333090936333008
21016,55,0.7693253954576126
22075,55,0.7358838025434024
24991,55,0.4215672773939186
2411,55,0.6270268356190688
3089,55,0.15311587367804882
4166,55,0.08517250292390133
8169,55,0.09170318661540068
10538,55,0.17800522903062876
11371,55,0.17026957460713077
21021,55,0.7293153680206093
23337,55,0.7435850546339228
2416,55,0.7783019023852425
3269,55,0.2060283497968268
6234,55,0.048048255573651576
9264,55,0.0858871390365144
13200,55,0.3034536644839143
14984,55,0.23743409792560613
15988,55,0.3597394097943211
17011,55,0.38441537363498424
19953,55,0.6646025402114234
22085,55,0.6521839820610408
5179,55,0.05263046966264147
6239,55,0.05597895992803314
8179,55,0.0667387614006252
14989,55,0.1937408633101844
15791,55,0.38470385315404093
18052,55,0.292222018235923
23138,55,0.6833035903801007
25006,55,0.43848394035743415
25831,55,0.31394479062934416
1962,55,1.6891008292328307
2426,55,0.4108099926501699
6244,55,0.09676340307725505
8401,55,0.1227839203936686
9274,55,0.14094898753298507
11385,55,0.14423846286866607
23143,55,0.5155458419607066
1967,55,1.7512090915040097
2431,55,0.44966533706683975
3284,55,0.35538389992137615
4186,55,0.21912111623834216
7107,55,0.07540636507675322
8189,55,0.08946432438372019
14998,55,0.3564965169441847
22100,55,0.37625148853444534
23148,55,0.4239750183849779
24148,55,0.4106277352128671
25016,55,0.2680400900350829
1845,55,1.8951366227051945
4190,55,0.43682858802265984
4985,55,0.35094804845298705
8413,55,0.12299278135641267
9502,55,0.1086410361735978
10354,55,0.129259926948513
21046,55,0.30463317517177857
23153,55,0.28884418393906947
25846,55,0.23878675443222233
2441,55,0.7667602939118131
3119,55,0.6196167486420594
7117,55,0.20105176649577752
8199,55,0.17889170966865015
12433,55,0.11744950855212842
13388,55,0.23516223069264058
15008,55,0.3996420716183074
18912,55,1.2745431962573057
22110,55,0.3918322338304852
24158,55,0.1609664575839649
1741,55,1.9952541278206388
2446,55,0.5584835168093618
4200,55,0.5389223537155763
8203,55,0.15012530077098224
9294,55,0.22014450012671188
10364,55,0.15466678446554075
13393,55,0.2712563315865847
15013,55,0.43887850270546175
18077,55,0.5485288790127678
18917,55,0.5685016280758646
22115,55,0.48513365435332634
23163,55,0.6191308213093726
25031,55,0.11332185839333249
25856,55,0.5199824162254447
27857,55,2.09740648749716
3303,55,1.740258131186234
5208,55,0.5090586426224278
6269,55,0.4874589267478759
7126,55,0.38378301085600786
8209,55,0.31788425540206655
9298,55,0.2768474364535085
11410,55,0.1910684566858921
27967,55,1.3322716701343758
27981,55,0.4109571001768151
28051,55,2.170797630342058
16225,55,2.6442703728447245
17045,55,2.599154427745117
19987,55,2.652498563074782
21060,55,2.3709075088669334
23166,55,0.5981187732176714
25035,55,0.21175946338569887
25860,55,1.2620234155062713
27918,56,0.013950859408678972
8211,56,0.017572171909070573
9083,56,0.013726421755850976
28125,56,0.009035552779935162
20418,56,0.013274687351932943
5210,56,0.008310812977528864
6057,56,0.008362436563656492
7130,56,0.013857870912495518
7997,56,0.016235396409962466
9087,56,0.01745200290999752
9948,56,0.02156240701599133
18291,56,0.010865767110883908
18922,56,0.011718876663664238
19776,56,0.013549641488805107
20849,56,0.017058555386393864
21908,56,0.01749095100008356
22958,56,0.014513472436509828
3482,56,0.014784368164560193
4019,56,0.017708553625707772
4798,56,0.009945747653205833
5849,56,0.01056444920081179
7136,56,0.016107091634673013
8002,56,0.017465933154426315
9092,56,0.02005146273244571
10161,56,0.0250706581015476
11204,56,0.027847952748631423
12238,56,0.026731517667958674
16840,56,0.011445160575995638
17874,56,0.010236046301826765
18716,56,0.013402410023607963
19565,56,0.014176158306953074
20854,56,0.018084152634323506
21913,56,0.01725692180094164
2451,56,0.020719113148030245
3131,56,0.014463102511144212
4023,56,0.014222252282286097
5007,56,0.007207226654526119
5853,56,0.007609927622090896
6925,56,0.01391838599380172
9097,56,0.025235643399262802
10167,56,0.029493189768211244
11209,56,0.030584550938392005
12241,56,0.02520573430537738
13218,56,0.020921168143284215
14012,56,0.017886743425458332
16843,56,0.013953384824361486
1745,56,0.06602446202316527
2293,56,0.04396382120367424
3135,56,0.0399603776499448
4028,56,0.03215831215758689
27900,56,0.008214077955274093
7146,56,0.015079536412363778
8012,56,0.01618775469804334
1645,56,0.07509219045302211
3141,56,0.022781220421218627
7150,56,0.017802375384434445
9111,56,0.06166744591183684
12255,56,0.07159247541785341
1279,56,0.13634776875416255
13237,56,0.1297005479455231
14836,56,0.06669721163125675
17899,56,0.4168550987113641
21937,56,0.41076273353607456
1191,56,0.1708858473516207
3155,56,0.05340007385781688
5032,56,0.1402691493513599
10193,56,0.1437027877336109
11233,56,0.05600362650776288
28017,56,0.0850033780347977
18744,56,0.41543494386522933
4833,56,0.16962929232369425
6096,56,0.1063662001100157
18749,56,0.31192742359312264
20888,56,0.35158804917944625
861,56,0.2958082282438805
23000,56,0.355723853579683
24016,56,0.35546890976572054
788,56,0.2886049618447051
24021,56,0.3909182155665791
582,56,0.4155372550896495
794,56,0.28797850838044126
15865,56,0.24109043968660143
797,56,0.35794360702187233
6116,56,0.17549563016556238
6974,56,0.2895239596366465
15870,56,0.27738095841017063
24914,56,0.3526761047345445
25754,56,0.40907058558924625
27093,56,0.578556963791203
803,56,0.47535626116053037
8061,56,0.26722675156498804
15875,56,0.30087007747997585
25760,56,0.5321074969542993
305,56,0.7970668678017387
808,56,0.5794523615068028
8065,56,0.22478094984528854
15880,56,0.29991834399223694
26316,56,0.5745660327013427
26733,56,0.7258978506885482
259,56,0.872741979024299
812,56,0.6437014008176577
6988,56,0.21852402880827054
8289,56,0.20194780671337434
9161,56,0.25431462739654787
17944,56,0.2674807008483958
26321,56,0.6061762697317437
27108,56,0.7127286646299986
266,56,0.8086265391737973
479,56,0.7252768784929836
8075,56,0.13567414808080783
17949,56,0.3208811569128811
270,56,0.8198462426748967
823,56,0.7597336281530561
10449,56,0.13456184245857672
11283,56,0.14819719736439005
17953,56,0.30093095340061526
113,56,1.0295306331618315
616,56,0.9050144558874401
827,56,0.8653023647807465
8302,56,0.06102226105479639
10246,56,0.16501117538865653
11287,56,0.10112338773181538
17958,56,0.36025735860660996
18799,56,0.3323921351193385
27608,56,1.090360535501936
234,56,0.8843170714931977
11706,56,0.11551812437998232
13301,56,0.20949920045373385
19654,56,0.38973034017344765
27411,56,0.5739137122616317
27674,56,1.0188346323768858
44,56,0.9551411211614115
560,56,0.9238363655530296
838,56,0.9099685545518964
11711,56,0.07141456098700565
27313,56,0.5783610522032288
27723,56,0.7433681860101655
16,56,1.2741270989031463
9190,56,0.08979448886962171
12334,56,0.06327251132426621
13312,56,0.0950173537261293
27795,56,0.605786988691497
7,56,1.3298445349610581
103,56,0.9259601165268442
248,56,0.8828579933251065
508,56,0.7579014355296936
847,56,0.6726877320555292
12339,56,0.024833273160996625
19884,56,0.5506664333206267
27628,56,0.5163513569743786
2,56,1.4171875102543288
108,56,0.9677431367536105
1738,56,0.34322056264754935
3208,56,0.027561533438068334
13322,56,0.10138869187338172
14115,56,0.011352340777870316
22231,56,0.797359926932937
27381,56,0.5215038263324926
27633,56,0.5508359830004748
6,56,1.0805985161408742
112,56,1.211313892013813
258,56,1.1012667769397075
1275,56,0.978748310557845
2541,56,0.24724746849801807
3213,56,0.17800839736692783
13326,56,0.13917040517712467
17988,56,0.11092093083743773
21180,56,0.690822334976508
22025,56,0.8476979790210963
27436,56,0.46849760936805585
27638,56,0.4958481029198028
11322,56,0.21159230956656333
17993,56,0.178429889368056
18834,56,0.020537337311670616
22031,56,0.6199305289195701
23079,56,0.9292926451848151
27607,56,0.5181946059629772
2390,56,0.48835044004101136
4122,56,0.2267145282201807
14130,56,0.15343278225419898
15737,56,0.1391365620498664
19904,56,0.08745346248251053
22036,56,0.20600621829890034
27869,56,0.8249321613007661
4127,56,0.27425801902600083
13341,56,0.3166815905409883
14940,56,0.3035815466330127
15944,56,0.21488939125179865
24957,56,0.4853558355460708
3230,56,0.24493972949602422
5134,56,0.2600902710810476
23094,56,0.28234448703207243
3235,56,0.22547375309084194
5140,56,0.22077383347176566
7058,56,0.2431754614174334
16977,56,0.2774324463230571
18013,56,0.2539767572562845
23099,56,0.3900193601856275
3239,56,0.21662167600388507
4141,56,0.23757737514625177
5992,56,0.23655762862804272
15958,56,0.2379363958733961
20996,56,0.24144393285561894
25487,56,0.5385499444438662
2557,56,1.1051079734737053
3244,56,0.17337651099677914
4146,56,0.26382343761789195
4941,56,0.2763813326706594
7283,56,0.24622679676455858
18022,56,0.23006014055104076
19928,56,0.2281722580193138
21002,56,0.23303722343443384
24976,56,0.3831822703907209
2396,56,1.0768043848941666
9244,56,0.2852857187676151
18027,56,0.2832062710625661
22065,56,0.3240692173011928
2401,56,0.9356012369642004
3254,56,0.23508681656369454
6219,56,0.31999950598618876
9249,56,0.2883586656637206
10319,56,0.27535296378557556
15973,56,0.18589819506125244
16996,56,0.1613272988430676
18872,56,0.10656181514922838
19938,56,0.13524927296757636
22071,56,0.37049125297828583
25819,56,0.4946877331944997
2406,56,0.9648998893086389
3259,56,0.2634431053417073
6224,56,0.33926220038829996
7082,56,0.34849239983102703
18037,56,0.06873209394924815
19944,56,0.21507812846579596
21016,56,0.15675886806692135
22075,56,0.3926275571285529
24991,56,0.3414291036458074
2411,56,1.1052658588336033
3089,56,0.30309207187606074
4166,56,0.27301427235481485
8169,56,0.39560301429110145
10538,56,0.3401387005602895
11371,56,0.34433731147832425
12403,56,0.3611785837047392
21021,56,0.17939609959593658
23337,56,0.24298791311811666
24128,56,0.4607004372093245
3269,56,0.2569491429567075
6234,56,0.32978357929845525
9264,56,0.4132950914153687
13200,56,0.42321578579532615
14984,56,0.33429011834359884
15988,56,0.7548775102263673
19953,56,0.03927679400818267
22085,56,0.19142825385595613
25826,56,0.43089736255412975
2421,56,1.1552062770185205
6239,56,0.2945993640709326
9487,56,0.39249064644447706
18052,56,0.6627476306665244
23138,56,0.14617834898948978
25006,56,0.27509624706927327
25831,56,0.41261358070250753
1962,56,1.460204225048304
2426,56,1.0357921597549387
6244,56,0.3240010108428075
8401,56,0.3563720193210309
9274,56,0.3954252874788735
10344,56,0.41640741208362037
11385,56,0.4091853260921636
14993,56,0.4940369000660742
21036,56,0.16634160266871123
23143,56,0.21647318512652247
1967,56,1.7484761125079478
2431,56,0.6017940028812333
4186,56,0.3221072390152342
5189,56,0.30871760417814054
7107,56,0.35128275981210605
8189,56,0.38302534846537806
14998,56,0.5636992089034661
22100,56,0.22368751731369607
24148,56,0.25404657296916405
25016,56,0.35529721946823967
1845,56,1.8864486760248027
4190,56,0.13215288643854042
4985,56,0.19095504075638361
9502,56,0.32864514495576536
10354,56,0.3723643092391678
21046,56,0.2519040720147789
23153,56,0.20074926165851445
25846,56,0.3998429936427412
2441,56,0.41817955291654924
3119,56,0.17070061018908816
7117,56,0.2907406924145224
8199,56,0.3146416302870472
12433,56,0.5236448056506966
13388,56,0.6113403913181996
15008,56,0.5850081837442856
16013,56,0.5095792810667646
17036,56,0.6137832427769339
18912,56,0.7355489515221577
23158,56,0.04054084132295411
24158,56,0.16408876438769737
2446,56,0.8909765059915736
3298,56,0.21079890745491273
4200,56,0.21332000964837233
8203,56,0.34240822695058065
9294,56,0.4054956432958023
10364,56,0.4183848791345705
13393,56,0.5247912796525334
15013,56,0.4544658449669762
18077,56,0.5886622493040042
18917,56,0.413258647574925
22115,56,0.11187050155030838
23163,56,0.060991029484072805
25031,56,0.18553420731395548
25856,56,1.1910254748549072
27857,56,2.0142124577015776
3303,56,1.9952836538336374
5208,56,0.24003313792404202
6269,56,0.3788541859528982
7126,56,0.2767973515854351
8209,56,0.46769134418732977
9298,56,0.35914004473580313
11410,56,0.3995357843306547
27967,56,0.6796735133851337
27981,56,0.7560425476351753
28051,56,1.660135485883273
16225,56,2.4151510663485545
17045,56,2.365968616094332
19987,56,2.4281591586744518
21060,56,2.301199625611812
27918,57,0.024894740515041126
8211,57,0.02959238702680025
9083,57,0.026699149989343893
28125,57,0.018830928045253076
20418,57,0.024564019139176455
5210,57,0.012611182880987453
6057,57,0.01161957190384652
7130,57,0.021035794880490167
7997,57,0.022650494149695857
9087,57,0.03190458129281938
9948,57,0.0340487847133858
18291,57,0.023664473857495632
18922,57,0.025636445769727432
19776,57,0.028985802065148107
20849,57,0.028643281108852378
21908,57,0.02552764854670699
22958,57,0.024573944359380873
3482,57,0.02242387771775065
4019,57,0.02405804901329813
4798,57,0.013378280427017214
5849,57,0.011454116854451434
7136,57,0.01989986926233833
8002,57,0.021813236123775614
9092,57,0.03264579164231536
10161,57,0.03628153789137312
11204,57,0.03531848724937399
12238,57,0.032080879896185785
16840,57,0.025793842773542665
17874,57,0.02380233874091307
18716,57,0.027763878903293862
19565,57,0.028695982459377416
20854,57,0.029363908253741546
21913,57,0.029447420704077226
2451,57,0.02899579872610104
3131,57,0.04865603292225714
4023,57,0.0214225073295635
5007,57,0.014741532857067596
5853,57,0.013078697631689127
6925,57,0.023147606078894236
9097,57,0.03511088378980509
10167,57,0.03865581186940002
11209,57,0.0366419140138722
12241,57,0.031414190286244856
13218,57,0.030072629200187977
14012,57,0.02754157683967044
16843,57,0.03265749513679345
1745,57,0.03337904770170159
2293,57,0.04238708964997197
3135,57,0.04346151547144355
4028,57,0.10493570842049972
27900,57,0.020253539621252398
7146,57,0.09269593022321145
8012,57,0.047244913924255234
1645,57,0.03464803211142418
3141,57,0.03039715309193238
7150,57,0.044761543987010266
9111,57,0.13928116635840784
12255,57,0.19466175783971784
1279,57,0.19593253700120317
4042,57,0.10559035149890861
13237,57,0.16127855393003931
14836,57,0.17288931168918115
17899,57,0.22261568636564855
21937,57,0.3123560636877079
1191,57,0.19409035217927176
3155,57,0.06336226517493919
5032,57,0.2390133197706017
10193,57,0.15225567138733076
11233,57,0.08986008560315632
28017,57,0.12534838581693597
18744,57,0.2014709637185933
4833,57,0.20756240769040238
6096,57,0.17487248074692102
18749,57,0.24041094930763462
20888,57,0.3186784169593335
861,57,0.4132793833525551
788,57,0.3872900383277915
14052,57,0.2744368729122129
24021,57,0.41919893164852706
582,57,0.4511354356034458
794,57,0.2461928835446746
15865,57,0.3049558715997745
797,57,0.3174083293501642
6974,57,0.32022872419938936
15870,57,0.30968260086611815
24914,57,0.5435051505143976
25754,57,0.5592724333808006
27093,57,0.624045098825799
803,57,0.39798543912432344
6121,57,0.023143443357288566
8061,57,0.36472199643532643
15875,57,0.3123548502676065
25760,57,0.5325992528852741
305,57,0.8250885426942804
8065,57,0.28685046115694535
15880,57,0.319642911083098
26316,57,0.6602822519132114
26733,57,0.6584905191319647
259,57,0.84433764241229
812,57,0.38310878221693906
6988,57,0.058593920096152816
8289,57,0.338784220566687
9161,57,0.420367866576531
17944,57,0.4344680455021354
27108,57,0.7524838998756795
266,57,0.7413965871552792
479,57,0.6418394533458944
8075,57,0.19726394868027014
17949,57,0.4159531331696696
270,57,0.6908598857418338
10449,57,0.30348793379208394
11283,57,0.06514767478443677
17953,57,0.4476106151484732
113,57,1.0149482033215116
616,57,0.5609528385052212
827,57,0.445861286080411
10246,57,0.3728479256146934
11287,57,0.20687973537226897
17958,57,0.45923367289493805
18799,57,0.4542310103654406
26753,57,0.6311650968176586
27608,57,1.0532202355322346
234,57,0.7551532125989769
11706,57,0.27768678203709435
12324,57,0.1451019948918715
13301,57,0.1586407642614367
19654,57,0.5065708684610375
27674,57,0.7342724556955571
44,57,1.0288943749942376
11711,57,0.3007629941506891
27313,57,0.6456386660242098
27723,57,0.7484724353702603
16,57,1.2603615978565053
768,57,0.5182211545795207
9190,57,0.06822058358646894
12334,57,0.20777471778487835
13312,57,0.0936165495257242
27623,57,0.6851718913951583
27795,57,0.5914407884485313
7,57,1.1578758607773638
103,57,0.9083507358537618
248,57,0.8499466887188092
508,57,0.5630259345353181
847,57,0.43566914107598065
12339,57,0.24650358995303348
19884,57,0.49090000671365097
2,57,1.175580779683495
108,57,1.0346943107296496
1738,57,0.21274644441693913
3208,57,0.10014553606677942
12344,57,0.14312363040130613
13322,57,0.20968108402940203
14115,57,0.1549997359147577
22231,57,0.7000220087417889
27381,57,0.53952564636355
27633,57,0.5321289133596171
6,57,1.0563962955224007
112,57,1.181411642648701
258,57,1.0997252427127382
1275,57,0.8734148728592142
2541,57,0.14421949373700316
13326,57,0.22028309900822027
17988,57,0.1430897381970892
21180,57,0.5580289557968846
22025,57,0.7019050191750855
27436,57,0.48002466193066395
27638,57,0.47048048917209123
11322,57,0.18723389571295782
15732,57,0.2487427957146408
17993,57,0.14850298705087647
18834,57,0.3566971801437972
22031,57,0.6277787340523124
23079,57,0.8486390244884037
27607,57,0.4777729572784042
1841,57,0.6801247329919615
2390,57,0.37589474648770377
14130,57,0.4854357831706177
15737,57,0.26942390657558607
19904,57,0.3075588440047131
22036,57,0.68363978463546
27869,57,0.9050909602801165
2394,57,0.47012679892228715
4127,57,0.4806695882650607
13341,57,0.415149324249591
14940,57,0.2613182272604513
15944,57,0.08112256356827889
24957,57,0.811315091454531
3230,57,0.48204541226089326
23094,57,0.6908624343603124
3235,57,0.43727846356503947
5140,57,0.4658744243004379
7058,57,0.5124319769315909
16977,57,0.3385588233556748
18013,57,0.33367707629634197
23099,57,0.6607209291776729
4141,57,0.5394264726325031
5992,57,0.5412512927770028
15958,57,0.39096065577156053
20996,57,0.5932088671976836
25487,57,0.8107500739257248
2557,57,1.1431517865798047
3244,57,0.5532731559957875
4146,57,0.5643107987662277
4941,57,0.5767173473045731
7283,57,0.5756632403306544
18022,57,0.47358447963596967
19928,57,0.5985571116704501
21002,57,0.6674072002244497
24976,57,0.6960676319912855
2396,57,1.139309824825623
9244,57,0.6781370655612278
11356,57,0.6717425286295116
18027,57,0.5491631570050053
22065,57,0.6995374650542197
6219,57,0.6979162520417773
9249,57,0.7404363603668145
10319,57,0.7322096859700581
15973,57,0.791630834765705
16996,57,0.7385117338932101
18872,57,0.7405946592891411
19938,57,0.770712768114047
22071,57,0.8238458996345809
25819,57,0.6812330495976465
2406,57,0.9185086616603997
3259,57,0.7380135330501745
6224,57,0.7693950978950271
7082,57,0.7869206716110809
18037,57,0.8232294957795777
19944,57,0.812081310214884
21016,57,0.8481626370872924
22075,57,0.8637576611485098
23123,57,0.7607191663965531
24991,57,0.7325455516529192
2411,57,0.9529170830789248
3089,57,0.7372487036481766
4166,57,0.8144120325914315
5169,57,0.7803930377534217
7087,57,0.8429573505464096
8169,57,0.8191452017993244
10538,57,0.8467515357749001
11371,57,0.8796900754512862
18882,57,0.8709439529135825
21021,57,0.9047248620865338
23337,57,0.8529447771851918
6234,57,0.8338794403782265
9264,57,0.8643033422961446
13200,57,0.8854232413214057
15988,57,1.0713389360404524
18887,57,1.0070468404636213
19953,57,0.9428836454765641
22085,57,0.9756717789747169
7097,57,0.8438097852979995
23138,57,0.9542892607599374
1962,57,1.461543373725453
2426,57,0.572562947464099
6244,57,0.9524723201781521
11385,57,1.119117959815825
14993,57,1.0495774321217721
22095,57,0.9632311617803891
23143,57,0.9103396849696359
25011,57,0.8507735783620916
4186,57,0.9380627463482554
5189,57,0.9546858321431575
7107,57,0.9967549437079645
8189,57,0.957763584669107
14998,57,1.2023394659608326
22100,57,0.9103832348745645
24148,57,0.890983033510438
25016,57,0.946381663489904
1845,57,1.1890833000719112
4190,57,0.28978727941456994
9502,57,0.08412886332678852
10354,57,0.09938263198462757
21046,57,0.41518171624167244
23153,57,0.573380365438198
25846,57,0.8578653922411904
2441,57,0.6194605147472382
3119,57,0.44095281344851694
7117,57,0.13431757177363812
12433,57,0.2390899171337972
13388,57,0.26518154131047816
15008,57,0.47784133498505343
18912,57,0.984748034636187
24158,57,0.574403261827521
2446,57,0.8553489949844635
3298,57,0.39585525363807644
4200,57,0.28742485566640397
8203,57,0.07319905527405396
9294,57,0.12486341210792884
10364,57,0.12581464028087122
12438,57,0.2727737819758841
13393,57,0.31896137539431213
15013,57,0.49506442225504405
18077,57,0.46262956559703183
18917,57,0.4853454732666995
22115,57,0.598297338885586
25031,57,0.6703642710621616
25856,57,1.1987786970217051
27857,57,1.9156647649976792
2288,57,1.5202264224619702
3303,57,0.9242697343251001
5208,57,0.21857586901699588
6269,57,0.22427197576226413
7126,57,0.13987695763506117
8209,57,0.2345280504952234
9298,57,0.19712145308378687
11410,57,0.04638897565054221
27967,57,0.22943959731540006
27981,57,0.38325277984347733
28051,57,1.5837059566345821
16225,57,1.609908397649201
17045,57,1.347263945751401
19987,57,2.210664753765655
21060,57,2.185670753731456
27918,58,0.02318970052177461
8211,58,0.02585950024056576
9083,58,0.023796172196780905
28125,58,0.015591810470524768
20418,58,0.02049039982799026
5210,58,0.014893146215036152
6057,58,0.014258559971900162
7130,58,0.026878181320298268
7997,58,0.029704691136300615
9087,58,0.03157722737683586
9948,58,0.0323942320112718
18291,58,0.02014690351679921
18922,58,0.020949017102994606
19776,58,0.023143249964205647
20849,58,0.024464292072729387
21908,58,0.02416322826216638
22958,58,0.025542750412904703
3482,58,0.017522526523657038
4019,58,0.015949271302797947
4798,58,0.015438883725013659
5849,58,0.015060159479290156
7136,58,0.027696286036208623
8002,58,0.030237596792915458
9092,58,0.033858962522218254
10161,58,0.03507380339801251
11204,58,0.03790293462107075
12238,58,0.03508454791893837
16840,58,0.023453272337988464
17874,58,0.020209072541501914
18716,58,0.02431395890439069
19565,58,0.024347364615968425
21913,58,0.026057134116598726
22961,58,0.029097924293241276
2451,58,0.016969809426556546
3131,58,0.03562809643385802
4023,58,0.019135355225976824
5007,58,0.01959209398481232
5853,58,0.01936026058543929
6925,58,0.028192768120185254
9097,58,0.036513891298318446
10167,58,0.03749891957045473
11209,58,0.036495876099409984
12241,58,0.03348871109026199
13218,58,0.03286409204365928
14012,58,0.030479832966004747
16843,58,0.025338050707253545
1745,58,0.008590756697013197
2293,58,0.019360585407708325
3135,58,0.022244918199119744
4028,58,0.0932636843065454
27900,58,0.038849977011698456
7146,58,0.10192400384437027
8012,58,0.10211983697231755
1645,58,0.06427532218083731
3141,58,0.050280688251186326
7150,58,0.10409594421050117
9111,58,0.19811818450035795
12255,58,0.15081077201426132
1279,58,0.22540005263928037
13237,58,0.15392134584280004
14836,58,0.1218811526624221
17899,58,0.19118502524470288
21937,58,0.14966035145784704
1191,58,0.2614576863343158
3155,58,0.20121399119614322
5032,58,0.056030507645831534
10193,58,0.14291190668106274
11233,58,0.24925279602389558
28017,58,0.22129269131249166
17904,58,0.2585744666183285
18744,58,0.23690830318607503
4833,58,0.08576053967085377
6096,58,0.11733132359295564
20888,58,0.27303130834361744
22995,58,0.278249456889601
861,58,0.4160025428947115
13253,58,0.24746084255349346
788,58,0.3312938322195175
24021,58,0.569239316851239
582,58,0.3487348587767966
794,58,0.27070798286139425
14861,58,0.18520766356897947
15865,58,0.2339443310529906
25078,58,0.5367266619926335
25750,58,0.6143516473476427
520,58,0.3587069254494547
797,58,0.23277008212202135
6974,58,0.17546224088220816
15870,58,0.26298951850000885
25754,58,0.5253533756173784
27093,58,0.5426897761640138
803,58,0.18056401148752851
8061,58,0.3034448911223626
15875,58,0.2830874822248503
25760,58,0.564770785226149
305,58,0.7846119896248376
8065,58,0.2337658661542207
15880,58,0.27260966250149554
16903,58,0.307232907387005
26316,58,0.5954795846308889
26733,58,0.6715424208549319
259,58,0.8640776265600794
812,58,0.10350330561653247
8289,58,0.3263655280633433
9161,58,0.41072066342286556
17944,58,0.36633991522333587
27108,58,0.7869627619416286
266,58,0.5210573018971753
8075,58,0.2511989155081268
270,58,0.4620402943111168
10449,58,0.41406053266205556
11283,58,0.4080773431096189
17953,58,0.3078588936327354
113,58,1.002262297847853
616,58,0.1363346943301385
11287,58,0.4527510326211674
17958,58,0.3121758089879404
18799,58,0.3496022977523938
26753,58,0.6189471274375021
27608,58,0.8932128698487524
234,58,0.5551145759377842
11706,58,0.4930209335542467
12324,58,0.5399693826706642
13301,58,0.4608650838272739
19654,58,0.4129428874017063
27127,58,0.6505922672402076
27674,58,0.890628477955291
44,58,0.6803822803629102
11711,58,0.43078291326713847
27132,58,0.7089725572713569
27313,58,0.7084324590847394
27723,58,0.8119775088773358
16,58,1.142943233920537
131,58,0.70201752844914
9190,58,0.20330392148552245
12334,58,0.5715241554142305
13312,58,0.5123177553976872
27468,58,0.641251473250587
27623,58,0.7014069617526367
27795,58,0.5893006822704168
7,58,1.0037128394355495
103,58,0.6975797356254151
248,58,0.578132064451902
508,58,0.33732251175462125
847,58,0.19452083886626795
1733,58,0.09607082997836196
12339,58,0.6090192531775525
13317,58,0.6087210063484251
19884,58,0.3071693766283172
2,58,1.0286475537270423
108,58,0.785661630128923
852,58,0.2526001841446836
1738,58,0.11293307003544897
3208,58,0.09923749553744561
13322,58,0.6852404373195985
14115,58,0.5593835851870493
22231,58,0.6099313813753966
27381,58,0.5755660612438626
27633,58,0.5288993891605076
6,58,0.8979234182604424
112,58,1.1310479107747746
258,58,1.0573723530528025
1275,58,0.9390262239444042
2541,58,0.1334263200936008
13326,58,0.699395895903557
17988,58,0.25353070666195165
21180,58,0.3671515540553392
22025,58,0.6120098952102045
27436,58,0.5163166596483529
27638,58,0.4418274145306562
2385,58,0.1866691812560396
11322,58,0.3586378309870562
17993,58,0.234073208166115
18834,58,0.12422447543385026
22031,58,0.41463329787551273
23079,58,0.7325045296292381
27607,58,0.4058976043295952
1841,58,1.0297874052417886
2390,58,0.20277808496667712
14130,58,0.3850440379391293
15737,58,0.4965886234822131
19904,58,0.3112073448361203
22036,58,0.544254910740291
27869,58,1.078362362576532
2394,58,0.27823633275864157
4127,58,0.3175161612030778
13341,58,0.4522518631894244
15944,58,0.5027768622079116
24957,58,0.7750570192302679
3230,58,0.08118717526526933
3235,58,0.09684887900374597
5140,58,0.11313183837767377
7058,58,0.13377694519254146
16977,58,0.16203649989437388
18013,58,0.22341095223332105
23099,58,0.4425639592305474
4141,58,0.02825059315436386
5992,58,0.11376567671741808
15958,58,0.22101460906816173
20996,58,0.29630354585433655
25487,58,0.7795328348729796
2557,58,0.8002026779352677
3244,58,0.15310030449113796
4146,58,0.021318869801543575
4941,58,0.030726402212758148
7283,58,0.057243298801460396
18022,58,0.23881324969930565
19928,58,0.35302378039174076
21002,58,0.412703094549196
24976,58,0.5050887001117054
2396,58,0.5347984525422786
5154,58,0.06595649852946285
9244,58,0.029978780665663975
18027,58,0.21271172389577436
18867,58,0.32779891118454935
22065,58,0.5690917605201621
6219,58,0.04909649966475456
7077,58,0.021055446971333564
9249,58,0.060808321261777154
10319,58,0.0634952585551119
15973,58,0.2851692759234966
16996,58,0.20719140826780633
18872,58,0.4223588599306815
19938,58,0.4322107345050723
22071,58,0.5772423511976886
2406,58,0.673223802352597
3259,58,0.25391516139482223
6224,58,0.10214035273690478
7082,58,0.05734939923014772
8164,58,0.05524951360775703
18037,58,0.3267770113043127
18877,58,0.31817324547384945
19944,58,0.3898621561196078
21016,58,0.48440824467331534
22075,58,0.5835783416398939
23123,58,0.6049506500598915
24991,58,0.6320927374324079
2411,58,0.8212533861991854
3089,58,0.30683232910097363
4166,58,0.24470700276081114
5169,58,0.2218907053366649
8169,58,0.011375974966195714
10538,58,0.14054729679800526
11371,58,0.21749379198563867
21021,58,0.4202280523291665
23337,58,0.6212939474992482
2416,58,0.8548824965148897
6234,58,0.2149380602544545
9264,58,0.09590572534807208
13200,58,0.2091905424620551
15988,58,0.42524835862542304
19953,58,0.41353614242661324
21026,58,0.4148724827514788
22085,58,0.5202028124533379
5179,58,0.31828301789583974
23138,58,0.5543026918427137
1962,58,1.4653808714192804
2426,58,0.8466762299091758
11385,58,0.0933175797768805
14993,58,0.21660052000496402
25011,58,0.6051817439679246
4186,58,0.4356749910063302
7107,58,0.3391213101072184
8189,58,0.2664227760272565
14998,58,0.35973490733357305
22100,58,0.4676893943458406
23148,58,0.480186228472893
24148,58,0.6021099448336993
25016,58,0.5750230734256916
1845,58,0.667209206157285
4190,58,0.6175528970929619
8413,58,0.4571405374760791
9502,58,0.40729257729023083
10354,58,0.439301179061119
21046,58,0.06062521825795802
23153,58,0.26408799361986335
2441,58,0.7622376324247723
3119,58,0.6884275165450907
7117,58,0.5280520156273758
10359,58,0.39031576060586853
13388,58,0.3171360293227102
15008,58,0.2733056721212722
18912,58,0.39953504928572353
22110,58,0.047227232446401916
24158,58,0.18793929813767646
2446,58,0.7197257973671841
3298,58,0.6709843426413898
4200,58,0.6776605747177924
6051,58,0.6521789376509725
8203,58,0.4810257286057405
9294,58,0.4257349598236399
10364,58,0.4395274358742558
11406,58,0.36011133952415036
15013,58,0.3273508575583681
18077,58,0.2112017069666115
18917,58,0.20187595944950346
22115,58,0.13982409125369108
25031,58,0.15765575934670975
25856,58,1.9967052658322528
27857,58,1.7703090714652456
2288,58,0.9884507010554545
3303,58,0.6133950341461913
4205,58,0.662374154755189
5208,58,0.6602850281177808
6269,58,0.5999421220259858
7126,58,0.6592948159042764
8209,58,0.5019657085978951
9298,58,0.4505107918921924
10368,58,0.43771799417201884
11410,58,0.43706280043948015
27967,58,0.19282972483409389
27981,58,0.3076353750210442
28051,58,0.6683090346260409
16225,58,0.8751284717686079
17045,58,0.32431829687524144
19987,58,2.1613848775727824
21060,58,2.0795703853606526
27918,59,0.0213804613587803
8211,59,0.021836256599926433
9083,59,0.023809789457827836
28125,59,0.0224526619326412
20418,59,0.028809324037204785
5210,59,0.017727225491439787
6057,59,0.017255951237123947
7130,59,0.02616784950995525
7997,59,0.027730873099000398
9087,59,0.03088928189109401
9948,59,0.032791274147256744
18291,59,0.025863372273133994
18922,59,0.027964750111400847
19776,59,0.03208074055928074
20849,59,0.0341705783013517
21908,59,0.03330825279560369
22958,59,0.034981138360667983
3482,59,0.017319492049179826
4019,59,0.01692132264558495
4798,59,0.017719704072264694
5849,59,0.01712005385712035
7136,59,0.026550051519675898
8002,59,0.027707944403650882
9092,59,0.03282987149586932
10161,59,0.035173392286202296
11204,59,0.03489934278197166
12238,59,0.03230425187008373
16840,59,0.023480199274432467
17874,59,0.02263697160258906
18716,59,0.030148207591533582
19565,59,0.03144992263461488
21913,59,0.03662513848098725
22961,59,0.039168108388674794
2451,59,0.01421647916057552
3131,59,0.0755521836369109
4023,59,0.016812082890239645
5007,59,0.019963037888487203
5853,59,0.02179942660359497
6925,59,0.02624960081923957
9097,59,0.034009417412578576
10167,59,0.035484325425766135
11209,59,0.033940027310314286
12241,59,0.03192335615411659
13218,59,0.030944412840052952
14012,59,0.028691829814621463
16843,59,0.028438349139321115
1745,59,0.008415340338609648
2293,59,0.026835324007381717
3135,59,0.0173873694675469
4028,59,0.049724266332103695
27900,59,0.01309237055043165
7146,59,0.02706958141649086
8012,59,0.035827243746214925
10171,59,0.03542884754169801
1645,59,0.02876208089136046
3141,59,0.021357070439859877
7150,59,0.08482564133665481
8016,59,0.028581319197478288
9325,59,0.09897418931631546
9111,59,0.10163550297088055
12255,59,0.10876290474787452
1279,59,0.1318931130224761
11228,59,0.1755117415619352
13237,59,0.2037043974281033
17899,59,0.1989158832196899
21937,59,0.059075500255710046
1191,59,0.14522682912289703
5032,59,0.05320004087793632
10193,59,0.04934170177232803
11233,59,0.24365494598582743
28017,59,0.24038879525577397
13243,59,0.2468106723501734
18744,59,0.13269026885410226
19810,59,0.19301206127352852
4833,59,0.04948394393743483
6096,59,0.06593937222200627
20888,59,0.1501904582854558
22995,59,0.15043826744432512
861,59,0.2589109510862325
13253,59,0.3015349039889629
788,59,0.1998220446912024
14856,59,0.29063921013713984
24021,59,0.2623150101793238
582,59,0.2386879504440714
794,59,0.10801252202630893
14861,59,0.2636216375417228
15865,59,0.2963691032889544
25078,59,0.2713454691331489
25750,59,0.2926739506513104
797,59,0.1534358558975606
6974,59,0.176131088564115
15870,59,0.2961748066641327
27093,59,0.6822514424684916
464,59,0.2484861182244608
803,59,0.12699505885405787
8061,59,0.19203500504515136
15875,59,0.2569516461748659
25760,59,0.382802301102834
305,59,0.5141580740760148
8065,59,0.1878986588492036
15880,59,0.26679520359660813
16903,59,0.24532111571060913
26316,59,0.5133462641358173
26733,59,0.6820782706073976
259,59,0.5976340893211249
812,59,0.12472732815967462
8289,59,0.2188929194441719
9161,59,0.2135446411538797
17944,59,0.2056296084688322
26321,59,0.5092790078853443
27108,59,0.6212071586641055
266,59,0.4112349673610446
8075,59,0.16280102694764015
270,59,0.44570097358776717
11283,59,0.18783617185739399
17953,59,0.15442895443674015
18794,59,0.11029783605391782
113,59,0.8165958606999347
616,59,0.22289522684949387
11287,59,0.3025533696957306
17958,59,0.13126982061560363
18799,59,0.13892842617739787
26753,59,0.5557186225084184
27608,59,0.9928180156265372
11706,59,0.3138997074813705
13301,59,0.2186673569388012
19654,59,0.12377423143840173
27127,59,0.5519835513061414
27674,59,1.0880779418303208
44,59,0.8763819837671544
11711,59,0.3191562609531238
27313,59,0.4576324790536753
27723,59,0.696455377081204
16,59,1.1356328036608585
12334,59,0.29495899087744487
13312,59,0.25278534009317616
27468,59,0.4789015146199097
27623,59,0.4567453854156764
27795,59,0.5588712555469539
7,59,1.1281770182822428
103,59,0.9206369234431643
248,59,0.6905814127006994
508,59,0.49811024091997574
847,59,0.5555454510879505
1733,59,0.3275888541474932
12339,59,0.3280926572727423
13317,59,0.22644861298236754
19884,59,0.06545519029381074
2,59,1.1862481123109914
108,59,1.0119519083461819
3208,59,0.24276427902668013
13322,59,0.2869937439011109
14115,59,0.21381977361328744
22231,59,0.34050993824621933
27381,59,0.3312092450874019
27633,59,0.4385071636221171
27814,59,0.3137446560170829
6,59,1.1763108696409812
112,59,1.27736001852235
258,59,1.129555006368439
1275,59,0.9926681600633731
2541,59,0.3970676396340578
13326,59,0.13285971641524771
17988,59,0.19486551507815225
21180,59,0.11898609916404401
22025,59,0.30882886795249864
27436,59,0.40211334435312945
27638,59,0.3573237707677039
2385,59,0.48868461590030676
11322,59,0.21054995623124523
17993,59,0.10457812766751641
18834,59,0.10301776141958689
22031,59,0.16200970604598958
23079,59,0.4202421158594421
27607,59,0.47566280912217146
2390,59,0.6925921493101483
4122,59,0.2711329491381282
12359,59,0.33941327748293065
14130,59,0.46550036652121096
15737,59,0.24839241965330097
19904,59,0.2622371503838205
22036,59,0.327416957604056
27869,59,1.1463591003160394
2394,59,0.6847723655818141
4127,59,0.40215026591017206
13341,59,0.3390773508140671
15944,59,0.2984637691077799
24957,59,0.5467770247971697
3230,59,0.5800486589901942
14001,59,0.2628099379125179
20987,59,0.2581938001774065
3235,59,0.5993592812467936
5140,59,0.6912388871462158
18013,59,0.08500638411862053
23099,59,0.2731669282219568
2721,59,1.0991391305175677
4141,59,0.6917755035387078
5992,59,0.7761523404605964
20996,59,0.24424913519121574
25487,59,0.46468414488685983
2557,59,1.2050770318777784
3244,59,0.7856490456254906
4146,59,0.8243275362144055
4941,59,0.7780049299537155
7283,59,0.7819014583252447
18022,59,0.09603105312023047
19928,59,0.16014312506993048
21002,59,0.2697928296265794
22060,59,0.3508330363744197
24976,59,0.5700601994162137
5154,59,0.8195384815127716
9244,59,0.7203476676878744
18027,59,0.1588653220268604
18867,59,0.17197216002536367
22065,59,0.4050393545313962
7077,59,0.8174219666185419
9249,59,0.7413615619882165
10319,59,0.5728340947642966
15973,59,0.11628489060010308
16996,59,0.11301702164390184
18872,59,0.2814315633392405
19938,59,0.3421737182919543
22071,59,0.43407080977113294
2406,59,0.6180777038336689
3259,59,0.995782225046359
6224,59,0.9018292090266318
7082,59,0.887519301760428
18037,59,0.27257588800626126
18877,59,0.3365085239512905
19944,59,0.3489139856133979
21016,59,0.4076222263283993
22075,59,0.4738341628270489
23123,59,0.6281720750375904
24991,59,0.6471169911410795
2411,59,0.6681110122808114
4166,59,0.9541033342448706
10538,59,0.4586434784382841
11371,59,0.30346505030851484
12403,59,0.24624537400465696
21021,59,0.4855590979069422
23337,59,0.6241319347150062
2416,59,0.819064335312832
3269,59,1.234951928470011
6234,59,1.0013854144445842
9264,59,0.6361585376057793
13200,59,0.2883483551626055
14984,59,0.5391868966525797
15988,59,0.4767270288056665
19953,59,0.4087671559198355
21026,59,0.5090711233627344
22085,59,0.556999800712038
2421,59,0.8035305824076401
4176,59,1.343188747611167
23138,59,0.6736367747694877
2426,59,0.7335908138534774
3279,59,0.8936647545547932
5184,59,1.0632997374635749
8401,59,0.6157384395976524
9274,59,0.6989468880436654
10344,59,0.7986736781321176
14993,59,0.6368966011382499
25011,59,0.7538423886290945
1967,59,1.1997123678118724
2431,59,0.8584204584091348
3284,59,0.8100517170914681
8189,59,0.4936447138060769
14998,59,0.66314233912317
22100,59,0.6322058844975956
23148,59,0.6637740339074811
24148,59,0.6634244354630762
2436,59,0.9062568488131839
4190,59,0.9609406139402888
8413,59,0.9439572806559209
9502,59,0.9382929516193278
10354,59,1.0081912574652703
21046,59,0.3957860822249441
23153,59,0.27766836343778134
2441,59,0.9296808221444219
3119,59,0.9857521622200691
4990,59,0.9365205214442416
6259,59,0.9496325405833135
7117,59,0.9614247041552645
13388,59,0.6570478358476505
15008,59,0.475273577437383
17036,59,0.36855890306704014
18912,59,0.5887281715324902
21051,59,0.34422654178960255
22110,59,0.3627809343899747
24158,59,0.5014344338629497
1741,59,1.520617940858018
2446,59,0.9466864961809515
3298,59,0.9455260599282556
4200,59,0.958099633329185
6051,59,0.9758715487941625
8203,59,0.8706794633254408
9294,59,0.7832763902374249
10364,59,0.7320082167522387
11406,59,0.6703918984235058
15013,59,0.4650007208186492
18077,59,0.3403049266395062
18917,59,0.34301411354143896
22115,59,0.4658123110174606
23163,59,0.31744243565278474
25031,59,0.4296500052405379
25856,59,1.5936846386693524
27857,59,1.8582682180171788
2288,59,0.9228451329931558
3303,59,1.0318889905137865
4205,59,0.88865991140028
6269,59,0.7251644725336456
7126,59,0.9712956318771506
8209,59,0.9101501119061439
9298,59,0.8104264818558463
10368,59,0.6944462596421652
11410,59,0.6628677589864981
27967,59,0.6385312373623013
27981,59,0.3737120914357272
28051,59,1.2925857271499486
16225,59,0.26018502741136706
17045,59,0.33064180753431943
18290,59,0.26604552950344096
19987,59,2.0166401761339663
21060,59,1.814211082628564
24166,59,0.2105088292208987
27918,60,0.02313122997107068
8211,60,0.024442373186495135
9083,60,0.024213186194307658
28125,60,0.01719142614866279
20418,60,0.020316529012246193
5210,60,0.01606466112637058
6057,60,0.015556683816435513
7130,60,0.02711385201626934
7997,60,0.029720039614515078
9087,60,0.02891243601885755
9948,60,0.0307527890325975
18291,60,0.026505459352851393
18922,60,0.026599328229311926
19776,60,0.02960127434900646
20849,60,0.028344569539472144
21908,60,0.024633220381639506
22958,60,0.02284364986553839
3482,60,0.022927221726375412
4019,60,0.020630724524966136
4798,60,0.017606229927279185
5849,60,0.018703262006176453
7136,60,0.028875061254573505
8002,60,0.03099273188187677
9092,60,0.03212275659976134
10161,60,0.033205946810490695
11204,60,0.03453836008923814
12238,60,0.033173103108602754
16840,60,0.03076781923022707
17874,60,0.02646297374765998
18716,60,0.03316026333930647
19565,60,0.032073679616010195
21913,60,0.029027022445077738
22961,60,0.025911512437972278
2451,60,0.015792844762883666
3131,60,0.02474405776674812
4023,60,0.02539371787892481
5007,60,0.02038337183093138
5853,60,0.019751943213476827
6925,60,0.031984374285858264
9097,60,0.03860746262948229
10167,60,0.03975893591734848
11209,60,0.037005988929544285
12241,60,0.03222644954784473
13218,60,0.028799629310366157
14012,60,0.027293933701196607
16843,60,0.030330147616625718
1745,60,0.00598940247071528
2293,60,0.04791613763872614
3135,60,0.02857001049242375
4028,60,0.027153667087671585
27900,60,0.03633520469930306
7146,60,0.0329243530385523
8012,60,0.03427679036749343
10171,60,0.04349828552162591
15826,60,0.04928998970923205
1645,60,0.009836610289752868
3141,60,0.03635499746746636
7150,60,0.04269017345617555
8016,60,0.04041443681853511
9111,60,0.06072169222956909
12255,60,0.11727462803373313
1279,60,0.06228965261040598
11228,60,0.07416164877081809
14032,60,0.0934363175747391
17899,60,0.03400290958883473
21937,60,0.044256913333747774
1191,60,0.07814784742939308
5032,60,0.08623849969025278
10193,60,0.08319752347714489
11233,60,0.1183806289207516
28017,60,0.08808686631684842
13243,60,0.15733206921253642
18744,60,0.061585163004564056
19810,60,0.034081894330996905
4833,60,0.13154653272193417
6096,60,0.04618433080967232
18749,60,0.049049944826957036
20888,60,0.06019103459778085
22995,60,0.1826494534822398
861,60,0.10652995696712882
13253,60,0.235310745616067
788,60,0.04673876986841768
24021,60,0.18150900419389296
25073,60,0.05838263024973914
582,60,0.10758188155363212
794,60,0.09434318817160124
6111,60,0.18164251829410802
15865,60,0.05598899506650742
25078,60,0.13719070904487699
25750,60,0.11743660995296547
797,60,0.1025258501399894
6974,60,0.2042873428813015
15870,60,0.07133514865411526
24914,60,0.05672739915672637
27093,60,0.6001432047175705
464,60,0.12734094823885272
803,60,0.09882802777233475
8061,60,0.21150002859975922
15875,60,0.057513387103895385
25760,60,0.09323180804615011
305,60,0.37317756812759545
15880,60,0.11096688510180064
16903,60,0.1250041680185074
26316,60,0.19515293922256818
26733,60,0.269170619280524
259,60,0.4209853566379744
812,60,0.06146368807563777
8289,60,0.22460783887158725
17944,60,0.11921977865299625
25098,60,0.10676932677616918
26321,60,0.215003031247608
27108,60,0.4672362035472643
266,60,0.2942355764468207
8075,60,0.2607571745471512
17949,60,0.12188228044274187
270,60,0.27066682775657136
11283,60,0.22540333159251724
17953,60,0.07531217852571943
18794,60,0.1654105726854148
113,60,0.679409997185346
616,60,0.17571092746030853
827,60,0.10778429656140413
11287,60,0.24112366394595736
17958,60,0.17062994805687473
18799,60,0.05682344804062402
26753,60,0.19795395297898766
27608,60,0.8331092026235503
13301,60,0.22806598170862402
19654,60,0.12118747274360968
27411,60,0.26905020081086345
27674,60,0.9031520497583089
44,60,0.6975676766346159
11711,60,0.2220131514975044
27313,60,0.19257037930639062
27723,60,0.5463168078484435
16,60,0.9535844413544375
12334,60,0.17769254413823457
27468,60,0.1941240581570105
27623,60,0.22352958985449695
27795,60,0.42827359671142023
7,60,0.7726673006097513
103,60,0.6015683224804532
248,60,0.533084687637216
508,60,0.45062330783661897
847,60,0.35684344339105073
12339,60,0.16047804138915983
19884,60,0.025001985448560075
2,60,0.7713777699739052
108,60,0.597822689303424
299,60,0.5422926836003567
3208,60,0.16330532197677394
13322,60,0.12742471025285926
14115,60,0.12120214227834436
22231,60,0.33072888366044717
27381,60,0.21915950921444255
27633,60,0.1981797098992054
27814,60,0.21452170562421422
6,60,0.755563332205103
112,60,1.2747214586987585
258,60,1.2665254492602906
1275,60,1.0203025020303542
2541,60,0.18011468586814355
13326,60,0.07412949582957672
17988,60,0.1541390185786084
21180,60,0.20641838352385045
22025,60,0.42111503837777087
27436,60,0.1746467312920772
27638,60,0.16141000362386904
2385,60,0.27752775806188296
11322,60,0.11328094072014441
15732,60,0.13255700916035157
17993,60,0.03358808975660028
18834,60,0.0677578856600455
22031,60,0.2497992039551369
23079,60,0.5165566738572667
27607,60,0.2793127944192885
2390,60,0.5316959816112693
4122,60,0.2282793236645149
14130,60,0.37745191672655914
15737,60,0.2922920013670287
19904,60,1.2380805997580528
22036,60,0.2766087297263849
27869,60,1.1735014509256654
4127,60,0.22314205012439917
13341,60,0.13494883325141482
14940,60,0.39768260048443427
15944,60,0.5654620143103214
3230,60,0.5850821908435705
4132,60,0.5944166130770432
14001,60,0.21738075728503717
3235,60,0.6359881743381826
4137,60,0.6463684794746418
5140,60,0.6321119317098047
23099,60,0.4804785432892646
4141,60,0.6684347571022641
5992,60,0.5673390899062545
20996,60,0.06524288572681276
25487,60,0.2862362808584495
2557,60,1.1671058768018692
3244,60,0.6765540708444158
4146,60,0.7146031828629901
4941,60,0.6853618751880866
7283,60,0.44504420960525165
18022,60,0.14504599661113063
19928,60,0.12492717058882136
21002,60,0.12674202341703392
22060,60,0.18097050185439326
24976,60,0.6434258684525533
3250,60,0.7827978528842063
5154,60,0.72027361669349
9244,60,0.345039367117781
12388,60,0.3038445324155097
18027,60,0.20298374421160492
18867,60,0.1988787932541973
22065,60,0.1827287206655418
7077,60,0.6600314877822525
9249,60,0.3810549943317007
10319,60,0.3247362487439828
15973,60,0.307609578813048
16996,60,0.2597890524591208
18872,60,0.05636411052071921
19938,60,0.19630029504272556
21011,60,0.19738531390155784
22071,60,0.33082079186991925
2406,60,0.5113886770901184
3259,60,0.8529874006551658
6224,60,0.7587909240046681
7082,60,0.6975320613904472
18037,60,0.19246208768984238
18877,60,0.2921405447560563
19944,60,0.13970403754205873
21016,60,0.20121664263812197
22075,60,0.28991211542647793
23123,60,0.18978294723441722
24991,60,0.5037340564960263
2411,60,0.8598317643654171
4166,60,0.8940975887960664
7087,60,0.7111399294427548
10538,60,0.40965557114131845
11371,60,0.2282787178266481
12403,60,0.23910019865916138
18882,60,0.07734780990746644
21021,60,0.2031984625697518
23337,60,0.3494330697843377
2416,60,0.9574407971158523
6234,60,0.7893153923633287
9264,60,0.6715497079833588
13200,60,0.048956866430759416
19953,60,0.05235292833541388
21026,60,0.19716212981672707
22085,60,0.2339343514098406
14989,60,0.12556089536454013
15791,60,0.16075368513544064
23138,60,0.31132439189751876
2426,60,0.9464467708190621
4181,60,0.9049705792591246
8401,60,0.708915002581635
10344,60,0.4640188174152861
14993,60,0.062433170050362426
25011,60,0.40349573077875595
1967,60,1.7801989346573228
2431,60,1.25094131727237
8189,60,0.7927968093897819
14998,60,0.1448517681423844
22100,60,0.28056926016459643
23148,60,0.3094924133971072
24148,60,0.3703899631497298
4190,60,1.3253646635443563
8413,60,1.2294346160366814
9502,60,1.2676008626618755
10354,60,1.246445062413529
18067,60,0.2116192802210834
21046,60,0.35975521126398097
23153,60,0.08292903061515947
25846,60,0.40325587419884606
2441,60,1.2093330811643428
3119,60,1.35147154791745
7117,60,1.1871116667433477
13388,60,0.9066158530161382
15008,60,0.4697624797839906
17036,60,0.34729802833071916
18912,60,0.17610117012813406
21051,60,0.3861104515026449
22110,60,0.27191988696275576
24158,60,0.08448091101326398
1741,60,1.926971063705805
2446,60,1.2516552977856754
3298,60,1.2831314989482108
4200,60,1.2739771901393588
6051,60,1.2658057616185803
7122,60,1.2061274032444937
9294,60,1.0751481803332263
10364,60,1.069680620482086
11406,60,0.9498176523253681
12438,60,0.9167782804533737
13393,60,0.9663594673797465
15013,60,0.35299395907071285
18077,60,0.4782767213001017
18917,60,0.394993715013576
22115,60,0.358254318660844
25031,60,0.17845937793977223
25856,60,1.0100449942355019
27857,60,1.9218942004112458
3303,60,1.5612867857122772
6269,60,0.8298986952418106
7126,60,1.2241658277276408
8209,60,0.8186429622631202
9298,60,1.1275518155256943
10368,60,1.0621447072061116
11410,60,1.0443868025179535
27967,60,0.4548068657195808
27981,60,0.6262512357027824
28051,60,1.5753430004165399
16225,60,0.4577239714728762
17045,60,0.537538802135647
19987,60,1.9689952569520337
21060,60,1.780239357010235
24166,60,0.16472339137653164
25035,60,0.24797138579223973
27918,61,0.024998032728648242
8211,61,0.02474407325535539
9083,61,0.015350323309501807
28125,61,0.005751933648732051
20418,61,0.009351183537933416
5210,61,0.027251707112200183
6057,61,0.03247368847928392
7130,61,0.02310827020677399
7997,61,0.022112321685878258
9087,61,0.013331306318543462
9948,61,0.007553262576670345
18291,61,0.01589817457738351
18922,61,0.014841086443888986
19776,61,0.015371707272287425
20849,61,0.013284337506978532
21908,61,0.011376905080694642
22958,61,0.008348866522841667
3482,61,0.014080659448906909
4019,61,0.013315675024696487
4798,61,0.02199004773637777
5849,61,0.024972383479883634
7136,61,0.021988679481118587
8002,61,0.0219521518630367
9092,61,0.014081493112971367
10161,61,0.006045528684088354
11204,61,0.0041576350974372655
12238,61,0.005549466173310601
16840,61,0.020539639147806085
17874,61,0.016965603339337814
18716,61,0.021174748375159022
19565,61,0.0183677848443752
21913,61,0.014219484096231602
22961,61,0.00915791302580336
2451,61,0.015162137174956918
3131,61,0.014347289066259537
4023,61,0.013949447182787006
5007,61,0.020686152704407875
5853,61,0.023280846479657037
6925,61,0.02148457108190439
9097,61,0.018307732244763716
10167,61,0.015149504775031767
11209,61,0.0017499030211373498
12241,61,0.0011585861310488383
13218,61,0.006753622792833815
14012,61,0.00804884198526736
16843,61,0.013999743962846414
1745,61,0.008606717703018862
2293,61,0.013879600463244208
3135,61,0.01480630560099349
4028,61,0.03103952775176119
27900,61,0.02165538671558747
7146,61,0.03657698619960101
8012,61,0.028524506573703444
10171,61,0.01686816872304103
15826,61,0.01957137288540335
1645,61,0.059218747310442306
3141,61,0.0151509468177678
7150,61,0.03443518368925462
8016,61,0.036051666591086454
9111,61,0.04596853791186634
12255,61,0.0827127277054147
1279,61,0.08596454468933794
11228,61,0.08526968542217511
12260,61,0.081235332283008
14032,61,0.15304238365695486
17899,61,0.11380124965782426
21937,61,0.13777703465374225
1191,61,0.06357715570493895
3155,61,0.03057446050981613
5032,61,0.11888401594941944
10193,61,0.12991911608917117
11233,61,0.06581110647748774
28017,61,0.14689178245641277
13243,61,0.1442518970066404
17904,61,0.16906220550857534
18744,61,0.13987707655295295
19810,61,0.111051287074207
4833,61,0.11242263767858825
18749,61,0.15976601656455144
20888,61,0.14676201247205453
22995,61,0.12757061301308115
861,61,0.23821226620369954
13253,61,0.09207003205959069
24016,61,0.12071257527984944
788,61,0.1620253570749166
24021,61,0.08686975369346342
582,61,0.23400820613096246
794,61,0.08888881016455376
6111,61,0.14463497079413687
15865,61,0.28059760543772433
25078,61,0.1343554363944713
25750,61,0.06882405098839642
6974,61,0.14624827223601305
15870,61,0.28944936997206117
24914,61,0.1610418407330885
27093,61,0.36199881444012044
803,61,0.12250495465367875
8061,61,0.08037278394891181
15875,61,0.2892969745357334
25760,61,0.15172670589440776
305,61,0.5790524702525696
15880,61,0.2898893698278178
16903,61,0.3039756181998524
26316,61,0.1868986438882974
26733,61,0.32919921672610114
259,61,0.59099351902661
8289,61,0.0797777503425632
17944,61,0.2698710664838907
27108,61,0.3003416648202131
266,61,0.42330045820291495
8075,61,0.032983488150585535
270,61,0.4895035014767374
11283,61,0.07130291485237825
17953,61,0.4407288250642759
18794,61,0.4249335473637174
113,61,0.6994210010597754
616,61,0.3262172796970142
827,61,0.17383580870273696
11287,61,0.05376279756057106
17958,61,0.4721732910877049
18799,61,0.5026840370143469
26753,61,0.2454852755527525
27608,61,0.8633908290695024
234,61,0.5626352236421253
13301,61,0.12835776375358895
19654,61,0.5088630049615162
27613,61,0.5227747266304551
27674,61,0.6025913437166673
44,61,0.6987485639595596
11711,61,0.14699026271077775
27313,61,0.3944898012768048
27723,61,0.46093574007526017
16,61,0.8466675357201274
9190,61,0.07756804141288258
12334,61,0.14226904948611752
27468,61,0.39361209645697076
27623,61,0.4707858877060272
27795,61,0.47283372922058164
7,61,0.7384598713045311
103,61,0.688824398245727
248,61,0.6371442255788865
847,61,0.5778021382812059
12339,61,0.24685015233271837
19884,61,0.5176245108137856
2,61,0.7563595260778657
108,61,0.7195056109694183
299,61,0.6443892000334744
1738,61,0.34450933592573457
3208,61,0.14427909555845214
13322,61,0.30226911686718655
14115,61,0.3944316308892051
22231,61,0.4834745618314357
27381,61,0.4618949625758449
27633,61,0.32039970507176563
27814,61,0.3123646025448492
6,61,0.7614489603692695
112,61,1.0205923984127963
258,61,0.9432310221529521
1275,61,0.8439863450215357
2541,61,0.304924879691533
13326,61,0.4357703883265759
17988,61,0.2978452298885224
21180,61,0.3904665703196565
22025,61,0.5880395242464387
27436,61,0.3411937689825904
27638,61,0.33841877561977246
2385,61,0.3934287834470588
11322,61,0.29252297244910724
17993,61,0.47938965349312523
18834,61,0.481275146990061
22031,61,0.19670649080403646
23079,61,0.2578455986996483
27607,61,0.26473970341250846
1841,61,0.6822170164012522
2390,61,0.6567425700504315
14130,61,0.37005882647811245
15737,61,0.3291237913612131
22036,61,0.8928866188899098
27869,61,0.9214921775458347
4127,61,0.39939764584497967
13341,61,0.02626109954122389
14940,61,0.26975280900245885
15944,61,0.5122433597453198
3230,61,0.6162365078482449
4132,61,0.6089768272581003
14001,61,0.08275271820929211
14945,61,0.3131300428888723
3235,61,0.6142378370304798
5140,61,0.6551104136852498
23099,61,0.1137645692081967
4141,61,0.79326190283003
5992,61,0.6891795135622331
15958,61,0.5125779878008535
20996,61,0.8049842786501531
25487,61,0.15586196546804656
2557,61,1.2166344543425656
3244,61,0.8454772224957797
4146,61,0.8284921396872208
4941,61,0.835998537900591
7283,61,0.5423086204684683
18022,61,0.5610209694001439
19928,61,0.9253362917244058
21002,61,1.0025284034947104
22060,61,0.8125499228028522
24976,61,0.1842995055048382
2396,61,1.0414846807724332
9244,61,0.31167540933526017
18027,61,0.5440892111760844
22065,61,0.7092922792644589
6219,61,0.8438687434908819
7077,61,0.7622022324411166
9249,61,0.3581500565216694
10319,61,0.28083879361465197
16996,61,0.577247266984887
18872,61,0.6772735745780858
19938,61,0.7154495518551229
21011,61,0.7656580557342657
22071,61,0.7175005869112072
2406,61,1.075314404858052
3259,61,0.8509210543038048
6224,61,0.907556693326154
18037,61,0.639536473294314
18877,61,0.7203114583267325
19944,61,0.6892898465589572
21016,61,0.6743922812607601
22075,61,0.7712928887824363
23123,61,0.6084787361998538
24991,61,0.443744463557847
2411,61,0.9475549069062962
3089,61,0.9665982176957697
8169,61,0.6885422356425696
10538,61,0.32715750039854813
11371,61,0.3665906864987832
12403,61,0.367394077768395
21021,61,0.6932487542849106
23337,61,0.7066505679675276
24128,61,0.5929604974043399
2416,61,0.9717137557923309
6234,61,0.8595540662263286
9264,61,0.6236060541857207
13200,61,0.3809923571388808
19953,61,0.6933821744865167
21026,61,0.770956428675783
22085,61,0.7882301541665645
5179,61,0.8849678241159089
15791,61,0.9565879254350612
18052,61,0.7570093385921646
21031,61,0.7160981167028629
1962,61,1.435136193679112
2426,61,1.0160545722423386
4181,61,0.9193307438524128
8401,61,0.8469631699647063
14993,61,0.8769854736344085
25011,61,0.7329571980351857
2431,61,0.7614824372685189
4186,61,0.8618640897942593
5189,61,0.8862136701555803
8189,61,0.8797854901909216
14998,61,0.9270787140673518
22100,61,0.7568441252785282
23148,61,0.831744931846819
24148,61,0.7745829632687097
1845,61,1.6558728609116593
8413,61,0.7048719497270878
9502,61,0.6032290047951843
10354,61,0.5345514990189286
21046,61,0.541796019747596
23153,61,0.45232070452834583
25846,61,0.5980012365155885
3119,61,0.8477481339256906
7117,61,0.6937234049634888
8199,61,0.7217784151684516
12433,61,0.5846680455900877
13388,61,0.5881318257463612
15008,61,0.6974806032606042
17036,61,0.593521168483826
18912,61,0.8382226319064624
22110,61,0.47902964512904184
24158,61,0.5441960633983782
2446,61,0.8571701048425914
3298,61,0.9898462686184701
4200,61,0.8595286494887524
6051,61,0.8996715083658157
9294,61,0.7790600746542068
10364,61,0.8003631337921971
11406,61,0.7556454342363043
12438,61,0.759861869075435
13393,61,0.6720413388518552
15013,61,0.5524568156696887
18077,61,0.48331577615269555
18917,61,0.5680468078276383
22115,61,0.5346552290169425
25031,61,0.5686923860005715
25856,61,0.8409966348992036
27857,61,1.8369560771054365
3303,61,1.8328042023472506
5208,61,0.9553064836958581
6269,61,1.6673276517665445
7126,61,0.8687654943273622
8209,61,1.2845900545209479
9298,61,0.7688667370706838
11410,61,0.9321892218638926
27967,61,1.1208907764938154
27981,61,0.7556152194703443
28051,61,1.7228974356409306
16225,61,0.6610214218358117
17045,61,0.4999274913847244
19987,61,1.809562276944175
21060,61,1.6792791344639546
24166,61,0.5877220786436984
25860,61,1.1598344933127074
27918,62,0.024009331373802
8211,62,0.02536365969894335
9083,62,0.019863929243950838
28125,62,0.011016376945684192
20418,62,0.015921410965957675
5210,62,0.02586858031595795
6057,62,0.02975782592221518
7130,62,0.02092047970872173
7997,62,0.020314761358836194
9087,62,0.017584196057742554
9948,62,0.014005728491871459
18291,62,0.022539123384964065
18922,62,0.022511805793936666
19776,62,0.02707607747862371
20849,62,0.027257489924413136
21908,62,0.025003319978405873
3482,62,0.0192037531304279
4019,62,0.022442349674598887
4798,62,0.0224641649301189
5849,62,0.022907407456185053
7136,62,0.019139471762226714
8002,62,0.019920056358341817
9092,62,0.017197974928234213
10161,62,0.012329394593042152
11204,62,0.008898310156861967
12238,62,0.005964836212313454
16840,62,0.02145658304786126
17874,62,0.01756600830466179
18716,62,0.02901255965192464
19565,62,0.030047103358519057
21913,62,0.03059996276015623
22961,62,0.027565485613111198
2451,62,0.023457541589664427
3131,62,0.09092003166828573
4023,62,0.017582786727994543
5007,62,0.017928037597438194
5853,62,0.01876453274153204
6925,62,0.017952374752028297
9097,62,0.01631472547685777
10167,62,0.014754768869463034
11209,62,0.008629367194616714
12241,62,0.008598294207027044
13218,62,0.012046780769319945
14012,62,0.014067292286846271
16843,62,0.01894294972026385
1745,62,0.04630685342112297
2293,62,0.09239985163611626
3135,62,0.018462500769698437
4028,62,0.02442516324840737
27900,62,0.017780585516784405
7146,62,0.05894173839963876
8012,62,0.0600218800262998
15826,62,0.01872915702964968
1645,62,0.0465796742775304
3141,62,0.02419874455692984
7150,62,0.051140593517425434
17890,62,0.05974401134715129
9111,62,0.20192280123917877
12255,62,0.1319119514600927
1279,62,0.17567667889236033
11228,62,0.27344990396112406
12260,62,0.20251956879741545
17899,62,0.059087093677633505
18951,62,0.05945210734133863
21937,62,0.28696743756468696
1191,62,0.1900482777377072
5032,62,0.0887554937169591
10193,62,0.01580969403978275
11233,62,0.2044751327309655
28017,62,0.27569214772050343
17904,62,0.09422556771397807
18744,62,0.07867323293158908
19810,62,0.13364683446687906
4833,62,0.06635236965464664
18749,62,0.13547428791013466
20888,62,0.22076729298713985
22995,62,0.2762735490068339
861,62,0.3142424400526684
24016,62,0.2929165226794726
788,62,0.37906752170791114
14856,62,0.17066417336684506
24021,62,0.3097426810553875
582,62,0.3019843071173185
15865,62,0.24104026994297564
25078,62,0.25792581028924716
25750,62,0.0931622378514483
6974,62,0.2148014030067044
15870,62,0.28801534966432446
24914,62,0.18994059192528007
25754,62,0.09163995987551847
27093,62,0.1709573236224424
803,62,0.0971572481878257
8061,62,0.1978059420657811
15875,62,0.29276470329125936
25760,62,0.08716865028950346
305,62,0.5817769389864049
8065,62,0.19019446009844457
15880,62,0.2947917933633643
16903,62,0.3388302327522289
26316,62,0.16672516239036647
26733,62,0.1924851327223815
259,62,0.6446093428061361
8289,62,0.09316422208814781
9161,62,0.08148027557692825
17944,62,0.3549732922165932
27108,62,0.33329972610289865
266,62,0.19089390396763978
8075,62,0.13557503886324954
270,62,0.2022378381816219
11283,62,0.06844726162307999
17953,62,0.4518441348583034
27402,62,0.39962328282124926
113,62,0.5148693480643823
616,62,0.15387307190164426
827,62,0.11654102597586861
11287,62,0.06014087417409992
17958,62,0.5310405923603306
18799,62,0.48151380547318473
26753,62,0.27444150082174473
27608,62,0.3962864274330204
234,62,0.19806206822994196
19654,62,0.3509076609253883
27127,62,0.2728202189550639
27674,62,0.30978025444689783
44,62,0.3106450327977337
12124,62,0.12766284826758278
19874,62,0.29702944850938295
27313,62,0.26893968247895705
27723,62,0.4957645879427601
16,62,0.35994156266556
9190,62,0.19943506281702153
12334,62,0.10623608973784239
13312,62,0.11569782970403124
27137,62,0.32865027599207464
27468,62,0.3254207244872191
27623,62,0.3922712829404617
27795,62,0.3003172660122108
7,62,0.2966068727603318
103,62,0.23614034600460107
248,62,0.2528949059803009
847,62,0.14684565752485798
12339,62,0.10611896500161153
19884,62,0.13837969293880936
2,62,0.3040125750918205
108,62,0.23992823730190707
299,62,0.2045239380238056
13322,62,0.12503829776919662
14115,62,0.044621853850716604
22231,62,0.2968837145012184
27381,62,0.2939994196025045
27633,62,0.26258314381166287
27814,62,0.2018852983939244
6,62,0.3242692027991708
112,62,0.7861732511654816
258,62,0.7878419847063006
1275,62,0.5886515449692179
2541,62,0.12821203795151784
13326,62,0.14042212331173579
17988,62,0.17341795976716554
21180,62,0.14546446958775966
22025,62,0.17201153553557172
27436,62,0.2224811910625746
27638,62,0.21022066523711946
11322,62,0.13338760759790386
17993,62,0.20031437978247163
18834,62,0.2491526232857117
22031,62,0.2280103927028953
23079,62,0.049324772484132966
2390,62,0.19863393219036687
14130,62,0.12942691829361572
15737,62,0.19146118010526225
22036,62,0.7229533448891607
27869,62,0.39160119609630417
2394,62,0.17069903119880458
4127,62,0.14394141212740835
13341,62,0.40981882185064566
14940,62,0.1037157148721716
15944,62,0.26046490048110243
3230,62,0.2878929851059396
4132,62,0.10010164213730824
14001,62,0.5474271586558647
14945,62,0.18062596717376733
3235,62,0.2593209552117345
5140,62,0.1407715295349361
16977,62,0.2936721559056234
18013,62,0.3444009728578661
23099,62,0.4745737675017213
4141,62,0.11384669751196298
5992,62,0.0892229587263644
15958,62,0.183472710532573
20996,62,0.40324238471407003
25487,62,0.531239415655894
2557,62,0.5116327062555107
3244,62,0.30003919453390926
4146,62,0.17717215717877138
4941,62,0.1776572272501829
7283,62,0.17288158597151418
18022,62,0.20899012730401947
19928,62,0.3015100939379178
21002,62,0.39850284614703807
24976,62,0.7168347173530174
2396,62,0.384387957280146
7072,62,0.1254486737031088
9244,62,0.2318297335309441
18027,62,0.2850050133989844
22065,62,0.12290720692401809
6219,62,0.22428895448545041
7077,62,0.15998353625751313
9249,62,0.24752326162704272
10319,62,0.22256985771892907
16996,62,0.22430304418655592
18872,62,0.2854862520830692
19938,62,0.21560632911780905
21011,62,0.23080618872297845
22071,62,0.3271788250677642
2406,62,0.4551688652743185
3259,62,0.4424530341512705
6224,62,0.20444915988116416
18037,62,0.3896425812567256
18877,62,0.32875122550683294
19944,62,0.22012763484089673
21016,62,0.19473347782316183
22075,62,0.26474028007586486
23123,62,0.27176116126087335
24991,62,0.36178031099676106
2411,62,0.4949159670848302
3089,62,0.37379222760584685
10538,62,0.20587631973716064
11371,62,0.16163640312628802
20163,62,0.23810095690314184
21021,62,0.27541882088469394
23337,62,0.31677651250779104
2416,62,0.537751327291019
6234,62,0.36323247015957216
9264,62,0.22344023414623226
13200,62,0.15497976857771234
21026,62,0.1910887135652664
22085,62,0.2214471642618285
24133,62,0.3630413281107088
3274,62,0.4534836888485115
21031,62,0.2154366419860656
1962,62,1.4830370868000988
2426,62,0.49753353739494566
8401,62,0.353571593137406
9274,62,0.22391710963644937
14993,62,0.13716186515878573
22095,62,0.2715134197065719
25011,62,0.4185247064917071
2431,62,0.4760535881561195
4186,62,0.3499847565339424
8189,62,0.3996020870102033
14998,62,0.30637542773544324
22100,62,0.2995945059986609
23148,62,0.36302380611952517
24148,62,0.4133536043876666
1845,62,1.160559574887282
2436,62,0.5271952655385391
8413,62,0.37321395745286673
9502,62,0.43735382327270383
10354,62,0.33185860133211
21046,62,0.18055818774852495
23153,62,0.1762628882922901
3119,62,0.575949194164556
6259,62,0.45875863023706737
7117,62,0.4059855089209081
8199,62,0.4182054144078781
12433,62,0.2529538140453948
13388,62,0.14457559498847863
15008,62,0.0949721157893704
16013,62,0.04695950813996969
17036,62,0.18745419172470607
18912,62,0.4133052816763376
22110,62,0.2220293542601481
24158,62,0.24307073349706787
2446,62,0.6881888818925412
3298,62,0.4971928166237909
4200,62,0.49521579894468293
6051,62,0.4668468299276158
9294,62,0.2923745421208937
10364,62,0.29453380490448444
11406,62,0.3539743011888548
12438,62,0.16401387423189653
13393,62,0.1658903726909865
15013,62,0.09575221614618759
18077,62,0.057085920912059336
18917,62,0.008819949649377658
22115,62,0.24327020584871123
25031,62,0.322395699777844
25856,62,1.0946987135978088
27857,62,1.8129300447580634
3303,62,1.8227753641951405
4205,62,0.5624660974601278
5208,62,0.46322907523159784
6269,62,0.947842960138925
7126,62,0.4839036638586147
8209,62,0.4347599695265393
9298,62,0.5067169060709142
11410,62,0.17541928758927058
27967,62,0.8594785851877949
27981,62,0.15641044363366
28051,62,1.1610034860109726
16225,62,0.44882125393118594
17045,62,0.24189285469574823
19987,62,1.6220035888596482
21060,62,1.5744555416693549
24166,62,0.44580555719527926
25860,62,0.665667308441794
27918,63,0.030798788499964803
8211,63,0.031003486427811297
9083,63,0.02432917639030411
28125,63,0.02983854385143347
20418,63,0.03246248627036595
5210,63,0.02814889862550447
6057,63,0.032315723702606956
7130,63,0.026990747509735694
7997,63,0.026686680268202922
9087,63,0.024656171324698856
9948,63,0.021864871447185776
18291,63,0.031090388850673677
18922,63,0.033115085754211994
19776,63,0.035666003222589
20849,63,0.03487464957242645
21908,63,0.03549627060466268
3482,63,0.013100917609270494
4019,63,0.015069708256217828
4798,63,0.024486173137475045
5849,63,0.02817228469965385
7136,63,0.026205288152022457
8002,63,0.026481016761397965
9092,63,0.025389942336241682
10161,63,0.021930111098773596
11204,63,0.02145758416778019
12238,63,0.01943796111709124
16840,63,0.02755458323435447
17874,63,0.02729520139444669
18716,63,0.03308275479957927
19565,63,0.034157687928954565
21913,63,0.03819174333617897
22961,63,0.04010966257476977
2451,63,0.018318840278854033
3131,63,0.07212715971771957
4023,63,0.011368384773979822
5007,63,0.02003915564226203
5853,63,0.022236510358865987
6925,63,0.025932349399199514
9097,63,0.027871401101042907
10167,63,0.027671740309713096
11209,63,0.022126211934252467
12241,63,0.02161452319637005
13218,63,0.02461887072918127
14012,63,0.024721129693324965
16843,63,0.03337859577313225
1745,63,0.012974765370410715
2293,63,0.06693386775628919
3135,63,0.010297832455480114
4028,63,0.06095111577813562
27900,63,0.02342911831503937
7146,63,0.02520764024331827
8012,63,0.025853509640822357
15826,63,0.0628845932520314
1645,63,0.01466700169317543
3141,63,0.06492944609331942
7150,63,0.023250873065994552
17890,63,0.060832101508954246
9111,63,0.0399812814682802
12255,63,0.06207586528038214
1279,63,0.039793546957492335
11228,63,0.030312019787674734
12260,63,0.059379555780683074
13237,63,0.1302392705584317
17899,63,0.2054244141802819
18951,63,0.1328546287382765
21937,63,0.22306807318238672
1191,63,0.13236400904018297
4048,63,0.08122099286257725
5032,63,0.04656131607243848
10193,63,0.05640889648837497
11233,63,0.10129716312326738
28017,63,0.06502838606090951
17904,63,0.13455414966988183
18744,63,0.13469883444174754
19810,63,0.2720963582486316
4833,63,0.031065378818459655
18749,63,0.12805578384583263
20888,63,0.3416438542457135
22995,63,0.337454022726509
861,63,0.2165724089201027
24016,63,0.19739441026377547
788,63,0.26093025324537217
14856,63,0.1954583285422382
24021,63,0.20589656117930516
582,63,0.363426275686106
15865,63,0.11925849315958689
24026,63,0.1547218312774951
25078,63,0.10728185889018263
25750,63,0.19993154194585125
6974,63,0.027561641425072954
15870,63,0.0845334628225549
24914,63,0.15669149873678642
25754,63,0.11571004514143356
27093,63,0.1710767347008667
803,63,0.195898404003208
8061,63,0.021388208867447592
15875,63,0.11532261314680896
25760,63,0.18525613754477918
305,63,0.5564215308919491
7200,63,0.024137634090517366
8065,63,0.062202319106799554
15880,63,0.0864621161456576
16903,63,0.09543117802592253
26316,63,0.18440307893540805
26733,63,0.18438889039966022
27338,63,0.17772088046955395
259,63,0.6000871859074003
8289,63,0.05700069159984085
9161,63,0.03335000593826659
16909,63,0.09726753396646252
17944,63,0.06469365971597388
26321,63,0.22361268415168692
27108,63,0.1822111675320283
266,63,0.4821581804345285
8075,63,0.04043826205509138
18790,63,0.0802768020582914
270,63,0.3880106396238609
10449,63,0.052346902421139
11283,63,0.07577014761091978
17953,63,0.06942404838786709
113,63,0.628371142936631
827,63,0.22357820084726943
11287,63,0.0963489245602355
17958,63,0.10815286039469524
18799,63,0.13520328909465318
26753,63,0.20158195228559256
27406,63,0.2112944548368948
27608,63,0.3609248040578054
19654,63,0.12205604335882776
27127,63,0.19787566246319196
27674,63,0.3776816176659684
44,63,0.43563845085512165
27313,63,0.1699793873674731
27723,63,0.161863313470651
16,63,0.49297124265896497
9190,63,0.1306119433805793
12334,63,0.1659032783718306
13312,63,0.2309629562217529
27137,63,0.11344771153718759
27623,63,0.10239982770188669
27795,63,0.17521628859528715
7,63,0.3651612844826525
103,63,0.3688702062112598
508,63,0.33989784976815685
847,63,0.23126032062867413
12339,63,0.23047621562684067
13317,63,0.31890987784176433
19884,63,0.2896979100153331
2,63,0.328541918828677
108,63,0.38155379806636314
13322,63,0.32220293349826934
14115,63,0.3183009961096886
22231,63,0.15739987965477328
27381,63,0.15087724870019248
27633,63,0.2677204851981193
27814,63,0.21331792413653042
6,63,0.2867742868411854
112,63,0.6732825318594081
258,63,0.6756692430668026
1275,63,0.5870262171206343
2541,63,0.0909874797608991
13326,63,0.27326537777310067
17988,63,0.12476193195312986
21180,63,0.2803516162789231
22025,63,0.29229887170262375
27436,63,0.18189785691679464
27638,63,0.14566955745174973
11322,63,0.29350941737802944
15732,63,0.3250793589838446
17993,63,0.12094652826434811
18834,63,0.07503992855243952
22031,63,0.2126074696258285
23079,63,0.27903852972514176
2390,63,0.45577198697746635
14130,63,0.2625693509646808
15737,63,0.4001350893985019
22036,63,0.19645418741644197
27869,63,0.6687112757385344
4127,63,0.06467931296981261
13341,63,0.09854569821420266
15944,63,0.523124974221856
24957,63,0.31294192750765937
3230,63,0.36064746773673706
4132,63,0.3686819667361834
14001,63,0.12395962837761867
14945,63,0.21184292635733504
3235,63,0.33146727988606584
5140,63,0.44849916314617794
14950,63,0.28803045431803603
16977,63,0.1262295260268604
18013,63,0.06274950507801012
23099,63,0.21481847594439638
2721,63,0.7289521341626799
4141,63,0.4985220413781161
5992,63,0.4832177185270335
15958,63,0.24463575415286243
20996,63,0.15859299690452472
25487,63,0.19064141100953283
2557,63,0.9620056946818143
3244,63,0.4843032700197961
4146,63,0.552313968707916
4941,63,0.5652663260915859
7283,63,0.4437796760259344
18022,63,0.041230742391403834
19928,63,0.13772427489231343
21002,63,0.0872979486959807
24976,63,0.2946435712665576
2396,63,0.8370041459384326
9244,63,0.38934463429203364
18027,63,0.09154962608045339
18867,63,0.05928610596823874
19933,63,0.07937310805421854
6219,63,0.5500742364613564
7077,63,0.5544944905220455
9249,63,0.4587761136407741
10319,63,0.3785611608824183
15973,63,0.1640832624345487
16996,63,0.13252421206304255
19938,63,0.05051037332369161
21011,63,0.0791912231958661
22071,63,0.09319749834637829
2406,63,0.7759371639466479
3259,63,0.585562499845228
6224,63,0.5952772736848898
7082,63,0.5674644576846267
8164,63,0.5714229239685638
18037,63,0.2321771426815121
18877,63,0.20502631347214648
19944,63,0.15573559487696595
21016,63,0.06356253428988469
23123,63,0.09148378336714447
24991,63,0.11428851109062065
2411,63,0.5778430947962065
3089,63,0.7003132442507646
4166,63,0.673321782816791
10538,63,0.47617042709868485
11371,63,0.4090167946110743
21021,63,0.1845387149372999
23337,63,0.17087893599741985
2416,63,0.6400346522725581
5174,63,0.7025732722732614
9264,63,0.6232795996777883
13200,63,0.4273261710657701
21026,63,0.2561336302868318
22085,63,0.2620315733365266
24133,63,0.23847610182762138
3274,63,0.7485573239671428
9487,63,0.6695180201361872
14989,63,0.20827391115857813
21031,63,0.3165381158426027
23138,63,0.4407184381932427
1962,63,1.391543622241018
2426,63,0.662813797644729
6244,63,0.7746832343005894
8401,63,0.6474250406833548
22095,63,0.3535253070084943
25011,63,0.3522218386066609
2431,63,0.6973228650317388
4186,63,0.5500486386291729
8189,63,0.5634055944119102
14998,63,0.5055640392580949
22100,63,0.474734812396894
23148,63,0.48097127661024675
24148,63,0.4237950680495252
1845,63,1.2138996228071817
2436,63,0.77603027559689
4190,63,0.7679183409675537
4985,63,0.7915872445586362
8413,63,0.6276269528561348
9502,63,0.4689649617301152
21046,63,0.5394437186100727
23153,63,0.49651912352828287
2441,63,0.7465038686723536
3119,63,0.7800132545844056
7117,63,0.6404213115375552
8199,63,0.605071252041048
12433,63,0.25216940463255244
13388,63,0.15733206407429914
15008,63,0.5866386885418018
16013,63,0.5479159472622066
17036,63,0.5233885506890298
22110,63,0.5099078605663139
24158,63,0.46538946593892616
2446,63,0.7408813421993842
3298,63,0.7324547797402586
4200,63,0.8171833304659893
6051,63,0.63982280151195
9294,63,0.5432463237653585
10364,63,0.4857753646153017
11406,63,0.3123398715371547
12438,63,0.2478729828406449
15013,63,0.5936351283386699
18077,63,0.563780980904203
18917,63,0.5767099673965242
21056,63,0.5230445870607545
22115,63,0.5115385557067266
25031,63,0.6109498446454963
25856,63,1.0426079562176471
27857,63,1.8380493940538523
3303,63,1.7897965601372707
4205,63,0.691535431245592
6269,63,0.9196306242063111
7126,63,0.597303194998183
8209,63,0.5968087295541621
9298,63,0.5065336721625558
11410,63,0.3965640429082853
27967,63,1.3246589780353653
27981,63,0.4870899303908919
28051,63,1.4412119780274912
16225,63,1.092518929679931
17045,63,0.8161545530988259
19987,63,1.2996900399940934
21060,63,1.153567079348677
23166,63,0.6323781802989389
25860,63,0.6175160541851108
27918,64,0.008044457642146917
8211,64,0.010263172089006572
9083,64,0.012278839603780782
28125,64,0.0017614380216523162
20418,64,0.003721812772747889
5210,64,0.00797146825678865
6057,64,0.01128847710500985
7130,64,0.007029894430109035
7997,64,0.006834473239787874
9087,64,0.004376802384341897
9948,64,0.00828695662491485
18291,64,0.003991376393145853
18922,64,0.00328799340205195
19776,64,0.004100278298173843
20849,64,0.004149359269170943
21908,64,0.006041275566296681
3482,64,0.008842948654642867
4019,64,0.011234817477415253
4798,64,0.004786877182949356
5849,64,0.006927608333072187
7136,64,0.008109387571288528
8002,64,0.00815711954578178
9092,64,0.007124822734681391
10161,64,0.010415969176312137
11204,64,0.0072083043165950015
12238,64,0.009702102705580421
16840,64,0.005319305793916302
17874,64,0.004294479901972937
18716,64,0.005237116743644089
19565,64,0.005338229312836755
21913,64,0.006426390912451265
22961,64,0.009073759306497701
2451,64,0.014032211036787302
3131,64,0.009210668241622038
4023,64,0.008660124043027342
5007,64,0.000854682910605486
5853,64,0.00163541876794964
6925,64,0.005404158570581835
9097,64,0.006123395958357207
10167,64,0.007190589459362231
11209,64,0.011028597211327307
12241,64,0.009339545623677718
13218,64,0.004467146501428658
14012,64,0.0030557504203800405
16843,64,0.00385346209453088
1745,64,0.011278680985505553
2293,64,0.043241077628551665
3135,64,0.008536495764353544
4028,64,0.003640589861458877
27900,64,0.003442666026713822
7146,64,0.005384849398329478
8012,64,0.006227672112417725
15826,64,0.087101033652027
1645,64,0.042976638407665746
3141,64,0.02475986576225781
7150,64,0.019790988154614723
9111,64,0.01200251740014981
12255,64,0.014323818281151429
1279,64,0.1484820018250651
4042,64,0.06968527324343479
11228,64,0.022160453176987574
12260,64,0.07711532486333345
13237,64,0.047292342686843916
14836,64,0.07075508081869819
17899,64,0.2956265157795167
18951,64,0.3673396498265836
21937,64,0.09827021616160621
1191,64,0.08811959523978485
4048,64,0.037761526824221785
5032,64,0.009777101132839933
10193,64,0.05451669621241427
11233,64,0.08894706442723427
28017,64,0.07910713342481775
13243,64,0.04670245887150703
17904,64,0.2919729158620953
19810,64,0.29576608618292666
4833,64,0.030949418528680238
6096,64,0.01041624311990961
18749,64,0.29115418728345543
20888,64,0.08334206914346619
22995,64,0.06700592747847765
861,64,0.19997494602155957
24016,64,0.014344668094450883
788,64,0.19516019200946744
14052,64,0.04000283682206933
14856,64,0.04835717301311235
24021,64,0.02045261606330263
25073,64,0.023930427385669823
582,64,0.278399983964043
15865,64,0.0964397498115274
24026,64,0.06110829168261256
25078,64,0.1493872645824345
520,64,0.27451274396593606
6974,64,0.032811630455471155
15870,64,0.1294871650696538
24914,64,0.09557533890828523
25754,64,0.09423300952394452
27093,64,0.13409620636441133
803,64,0.21859347578144486
8061,64,0.06326848449759993
15875,64,0.11499943813299505
25760,64,0.09389808065070825
305,64,0.41747641668256236
7200,64,0.15789570773238684
8065,64,0.055896546168836825
15880,64,0.15022746453818822
16903,64,0.15975867939454957
26316,64,0.02845176962806379
26733,64,0.030093696816067928
259,64,0.4138772748736849
8289,64,0.010762553672271588
9161,64,0.011419182178736694
17944,64,0.16280448018779275
26321,64,0.09644549174285615
27108,64,0.03139910798754585
266,64,0.3971919824677882
8075,64,0.07903994146991315
17949,64,0.22471280593524154
270,64,0.47717294730554555
11283,64,0.06483562077062288
17953,64,0.2691002067049588
18794,64,0.29736425282919177
113,64,0.5428692006788983
827,64,0.26810735957092435
11287,64,0.06505469319615355
17958,64,0.33258147920510284
18799,64,0.327277191842523
27406,64,0.033839201034826266
27608,64,0.26527409859210355
13301,64,0.12555779987755278
19654,64,0.3529977507039934
27127,64,0.09563289365191836
27411,64,0.07877744092847348
27674,64,0.3811199060744976
44,64,0.6041081776868555
11711,64,0.09721156169392088
27313,64,0.08218484844322374
27723,64,0.0710186154934247
16,64,0.6698367807935821
131,64,0.6146707013251356
12334,64,0.12718036930373788
27137,64,0.14818226842818275
27623,64,0.07998631963056012
27795,64,0.07201499474885513
7,64,0.6912733106981095
103,64,0.6516242380246487
508,64,0.580811051743576
847,64,0.5650918773108685
12339,64,0.1317627522103031
13317,64,0.20108149127548522
19884,64,0.4189417413312027
2,64,0.6832900067221964
108,64,0.6278176073847208
13322,64,0.16370879508545225
14115,64,0.22870751765211056
22231,64,0.3214642528189271
27381,64,0.14321851246397171
27633,64,0.02391956674808885
27814,64,0.04816229862546703
6,64,0.6860116787999772
112,64,0.799245675850098
258,64,0.7475861840122442
1275,64,0.7313814989462314
2541,64,0.49590783638192437
13326,64,0.27197039010320684
17988,64,0.3302900624226671
21180,64,0.4627019457920778
22025,64,0.39315064549284306
27436,64,0.03544632398863923
27638,64,0.14283290009275296
11322,64,0.11800021692781829
15732,64,0.32390579337046926
18834,64,0.43253655263912216
22031,64,0.4790162367214485
23079,64,0.4823555048352003
27607,64,0.020425987609450736
1841,64,0.7756746805531252
2390,64,0.6496496259143778
14130,64,0.20257137713016773
15737,64,0.35847825464754074
22036,64,0.5721560731955945
27869,64,0.796345683079443
4127,64,0.6885590364115541
13341,64,0.4056790002300003
15944,64,0.18128446289159733
24957,64,0.2968893070269529
3230,64,0.3189823072637789
3235,64,0.20492238382217176
5140,64,0.24745428189068916
16977,64,0.1295910507533692
18013,64,0.06224641668795202
2721,64,0.6826252732758011
15958,64,0.1280661278000067
20996,64,0.053789859116660066
25487,64,0.06862718590093977
2557,64,0.9805863744705113
3244,64,0.3099400806569334
4146,64,0.42387002341609276
4941,64,0.4568316871813362
7283,64,0.19803607965457723
18022,64,0.13591817500979866
19928,64,0.012398372681974853
21002,64,0.0903078820966397
24976,64,0.04735181267420082
2396,64,0.3950305952011803
3250,64,0.27374014336972413
9244,64,0.21651558015787464
18027,64,0.13048358916544506
3254,64,0.3392083418034961
6219,64,0.5337579634738671
7077,64,0.5161417589327507
9249,64,0.29408510699965307
10319,64,0.20394512951095006
15973,64,0.08764162977860165
16996,64,0.11129652453719613
19938,64,0.14256266086689307
21011,64,0.020964621979650103
22071,64,0.12086305631578118
2406,64,0.2819526959889119
3259,64,0.3391483305524957
6224,64,0.44579428776793784
7082,64,0.5059977154961217
8164,64,0.45358975847297545
18037,64,0.24294755093714523
18877,64,0.10416190673784924
19944,64,0.2684875100721258
21016,64,0.14178217028684886
23123,64,0.011282371991152888
24991,64,0.10511634186693175
2411,64,0.17375478548499482
3089,64,0.3507971778591706
4166,64,0.33130280006252094
10538,64,0.1563025082032573
11371,64,0.159598571254712
12403,64,0.2343340040432491
21021,64,0.13385690060553695
23337,64,0.11681818444838431
2416,64,0.278012349273035
5174,64,0.32120052683905476
9264,64,0.3180821991292609
13200,64,0.22938881350443924
21026,64,0.11693075036591165
22085,64,0.12485318525909161
3274,64,0.3705086908412789
6239,64,0.2801057667463425
15791,64,0.2880097509937468
21031,64,0.09890711957021292
1962,64,1.2134739578790097
2426,64,0.15091529723751151
6244,64,0.2692494977227153
8401,64,0.33080178428754675
22095,64,0.11190397827217755
25011,64,0.10234782238454747
2431,64,0.3647765607115359
4186,64,0.2869833525070837
8189,64,0.20007211422309537
14998,64,0.3647054887326098
19114,64,0.17108152902025975
23148,64,0.1344516282463859
24148,64,0.16674766967407145
25016,64,0.26509627271800706
1845,64,0.7060475292202203
2436,64,0.5252252687329685
4190,64,0.3391851239438765
4985,64,0.33104988026645626
6039,64,0.3119240051152653
7113,64,0.2849705205730242
8413,64,0.14462643309060405
9502,64,0.26458960950971555
21046,64,0.4311374133902608
23153,64,0.4547212997000337
2441,64,0.31985584097655173
3119,64,0.3372940226203453
7117,64,0.16278616242186156
8199,64,0.0849519096435732
12433,64,0.18090241800920795
13388,64,0.2111971166288784
17036,64,0.1754642438693704
22110,64,0.4755467430960381
24158,64,0.48244185054592087
2446,64,0.25742703921725035
3298,64,0.3603170395062391
4200,64,0.29736037457637504
6051,64,0.17198356441673568
9294,64,0.13403675312775817
10364,64,0.18538631393861732
11406,64,0.11104891543301527
15013,64,0.13039741950327255
18077,64,0.3227348647321235
18917,64,0.230348264924215
21056,64,0.2822194608363001
22115,64,0.4219618605698454
25856,64,0.06590972423334324
27857,64,1.7319260960028475
3303,64,1.5685902481102671
4205,64,0.24787829849434637
6269,64,0.843158493097174
7126,64,0.20754603651431325
8209,64,0.3575556400811962
9298,64,0.03388472464301983
11410,64,0.14023355808397783
27967,64,1.0317972265441275
27981,64,0.1047249953802833
28051,64,0.09484075830385982
16225,64,0.24993381986582777
17045,64,0.29610840288094886
19987,64,0.7961808593004854
21060,64,0.7234155396512714
23166,64,0.16421871365123056
25860,64,0.2402136200554733
27918,65,0.016979484271742167
8211,65,0.017455932219855613
9083,65,0.013829138071413274
28125,65,0.016080302273812554
20418,65,0.01858263076034736
5210,65,0.013272145036026247
6057,65,0.015663112405769425
7130,65,0.01275652490355178
7997,65,0.012515616305316826
9087,65,0.011810959707536884
9948,65,0.009877095290566146
18291,65,0.01450767854930353
18922,65,0.01566103989146163
19776,65,0.015952988056238293
20849,65,0.016110521017944784
21908,65,0.01671568118807886
3482,65,0.006903399024714367
4019,65,0.00900355921161373
4798,65,0.011816829502892295
5849,65,0.014029608956036815
7136,65,0.011918935553684206
8002,65,0.011922494843367383
9092,65,0.012432714422662665
10161,65,0.010245869431959466
11204,65,0.010928011340949756
12238,65,0.009481475158979666
16840,65,0.012150251707870104
17874,65,0.012818112128952947
18716,65,0.014520306326599704
19565,65,0.014859473790097012
21913,65,0.01659064017704359
22961,65,0.01618284349366819
2451,65,0.010570362501736964
3131,65,0.03880031043047007
4023,65,0.004891235571744351
5007,65,0.00670686371840816
5853,65,0.008142606439096775
6925,65,0.008642328843476692
9097,65,0.010169715917982632
10167,65,0.010204689070815683
11209,65,0.008994384179474652
12241,65,0.009922110881172678
13218,65,0.012609567877398786
14012,65,0.011951925126714433
16843,65,0.013362485673256807
1745,65,0.00656068098660422
2293,65,0.03115171223611963
3135,65,0.004369500542636806
4028,65,0.004681926072908144
27900,65,0.006651163225428343
7146,65,0.007284981849999917
8012,65,0.07288598854784245
1645,65,0.06434383530065346
3141,65,0.017747446449204205
7150,65,0.012325901878504185
8016,65,0.002763977826645914
9111,65,0.07554932367463381
12255,65,0.027303649120097872
1279,65,0.08462025333480018
12260,65,0.027473951380674804
13237,65,0.016484233024363307
14836,65,0.03786992107138675
17899,65,0.23035641820771086
21937,65,0.1229257853595501
1191,65,0.1052702145135908
5032,65,0.03298813011817424
10193,65,0.06354759207084876
11233,65,0.0265829535378415
28017,65,0.03588997956419241
13243,65,0.014439499288163186
19810,65,0.13428391498879735
4833,65,0.04825144862184247
6096,65,0.02610654914973844
18749,65,0.05824222704698091
20888,65,0.07622782125538999
861,65,0.19038065250574115
24016,65,0.06851234099863412
788,65,0.19451665413656233
14856,65,0.02587504622276293
24021,65,0.08896977878386998
25073,65,0.09634221161492644
582,65,0.27104913462738306
15865,65,0.021786455312707422
24026,65,0.06459589335316601
25078,65,0.03505505877500911
520,65,0.326646814143642
6974,65,0.03049322345567689
15870,65,0.028631832299038783
24914,65,0.05226380146562623
25754,65,0.12450625210184073
27093,65,0.08097437966189812
464,65,0.30725112225641044
8061,65,0.014171460216188547
15875,65,0.0282375787594266
25760,65,0.18139838891763896
305,65,0.40456711395527717
8065,65,0.04755866521284117
15880,65,0.09813154867285738
16903,65,0.10414208160758877
26316,65,0.24592164758672705
26733,65,0.24720616074574933
259,65,0.40619219443686216
8289,65,0.08011818270937188
9161,65,0.06909944150702169
17944,65,0.10575825289930471
26321,65,0.18136449633620147
27108,65,0.24824983843038237
266,65,0.468875456744994
8075,65,0.07804471808759343
270,65,0.4916046789473815
11283,65,0.08788785191771868
17953,65,0.17687600887429117
18794,65,0.16865517130444202
27402,65,0.18518127163736411
113,65,0.5072470915670098
827,65,0.2329040188942545
10246,65,0.027276834743813386
11287,65,0.06285082699682203
17958,65,0.16755529255896115
18799,65,0.16251999940478365
27406,65,0.19218152405467337
27608,65,0.11560583849224901
234,65,0.4926821264617499
13301,65,0.09624828082803091
19654,65,0.20361122298362255
27127,65,0.19050235299785392
27674,65,0.11564751060243406
44,65,0.5246704264687863
838,65,0.30410251326216786
11711,65,0.022211978445342083
12124,65,0.025175306757249435
27313,65,0.12800033140258077
27723,65,0.03896947423383889
16,65,0.6125417272186615
12334,65,0.023684224700758146
27137,65,0.12936954384145538
27623,65,0.05821424808646166
27795,65,0.051120850469523194
7,65,0.5957961221378547
103,65,0.5810847697813453
508,65,0.5292131043288141
847,65,0.5389212015237133
12339,65,0.04745642478461456
19884,65,0.3448982458367876
27075,65,0.20142630441455645
2,65,0.696026910722687
108,65,0.6819775724426685
13322,65,0.049705684942080004
14115,65,0.08043602851877601
22231,65,0.6047913598301621
27381,65,0.13203874830567153
27633,65,0.14480114102728806
27814,65,0.07165936680464546
6,65,0.7722497528810435
112,65,0.8131154787038798
258,65,0.8278568762559757
1275,65,0.733724710753372
2541,65,0.38162362598493743
13326,65,0.1173435541200343
17988,65,0.25496316834625593
22025,65,0.624576540357188
27436,65,0.10637556624256855
27638,65,0.07064639827217861
2385,65,0.3937723844498439
11322,65,0.2276857430932981
15732,65,0.12391989582872144
18834,65,0.317929366801846
22031,65,0.4861000193702195
23079,65,0.622530129411358
27607,65,0.048988303956444816
2390,65,0.6479947344474238
10285,65,0.2763933869755649
14130,65,0.4694162032931592
15737,65,0.25656687477215967
22036,65,0.30323624234269286
27869,65,0.7804824773600417
2394,65,0.47577688583236655
4127,65,0.06587020395707034
13341,65,0.3232088807549451
14135,65,0.35921424601577107
14940,65,0.4272777800193913
15944,65,0.18925169153683363
3230,65,0.1801946701936233
3235,65,0.34049362384595644
5140,65,0.5223058796799606
18013,65,0.0868914513884392
2721,65,0.8327867427146838
15958,65,0.051460934146704
20996,65,0.24657483936732622
25487,65,0.2400070494897651
2557,65,0.916531007668508
3244,65,0.3811071034918142
4146,65,0.4203607283049772
4941,65,0.37405176977107446
7283,65,0.5656087661015459
18022,65,0.1142650667438992
19928,65,0.06304060790495546
21002,65,0.15344240457976824
24976,65,0.13790565642009978
2396,65,0.9739503699095212
3250,65,0.3724763813297644
5154,65,0.4159359616583508
9244,65,0.5411964408799909
18027,65,0.05800880608720769
22065,65,0.02148001952934735
3254,65,0.4215524286691452
6219,65,0.4713975925423332
7077,65,0.4725137334851677
9249,65,0.4173485082626888
10319,65,0.4241998309487444
16996,65,0.2523753612414337
18872,65,0.09059681089630732
19938,65,0.06596060024521201
21011,65,0.042946227211541385
22071,65,0.09046604798654002
2406,65,0.19572329544807301
3259,65,0.43458107042042327
6224,65,0.5341197485324495
7082,65,0.5252872130163726
8164,65,0.44603000597666553
18037,65,0.2339400929651078
18877,65,0.020453677234089394
19944,65,0.08946892411220694
21016,65,0.05766320971398372
22075,65,0.03329475285639761
23123,65,0.02380806926961414
24991,65,0.15267783452869596
2411,65,0.3053330175477301
3089,65,0.47831851098456746
10538,65,0.40778837683254004
11371,65,0.4533114534556571
12403,65,0.4700219463467689
18882,65,0.1644706352623306
21021,65,0.08633711709745719
23337,65,0.03561561392636619
2416,65,0.2680043932494779
5174,65,0.5305483844235069
9264,65,0.5114002331168734
14984,65,0.2471658648652093
19953,65,0.06465586193278511
21026,65,0.11317165096902333
22085,65,0.06365787226219881
3274,65,0.4992966284235924
6239,65,0.5355533068973501
1962,65,1.3778421335177413
2426,65,0.44012303683568693
5184,65,0.5585261000290217
25011,65,0.20443314092376885
2431,65,0.49318664112397825
4186,65,0.5435290150991002
7107,65,0.576606570513054
8189,65,0.6078908630013276
14998,65,0.5030969102719356
23148,65,0.13411002042223144
24148,65,0.10259594808709621
25016,65,0.20567102746700136
1845,65,1.4351335467436583
2436,65,0.488351603087076
4190,65,0.569839678845893
4985,65,0.5703279638259114
6039,65,0.5758298378862199
7113,65,0.6037955251723249
8413,65,0.613698490671168
9502,65,0.5949683890637611
10354,65,0.571649016066082
21046,65,0.35007182181625285
23153,65,0.3824321404803854
2441,65,0.5037789029074029
3119,65,0.5725484125480201
7117,65,0.617139115420501
8199,65,0.6081310214702427
12433,65,0.5075188119981948
13388,65,0.4456817023279234
17036,65,0.2976373905504942
18072,65,0.4295635552218258
18912,65,0.36224332598018555
22110,65,0.4448198846627875
24158,65,0.4139085560846751
2446,65,0.5530359161704599
4200,65,0.5882567244593107
6051,65,0.582050437141719
7122,65,0.6144795347196634
9294,65,0.5937347268439267
10364,65,0.5552772421805419
11406,65,0.5544206604889741
15013,65,0.3381214436621917
18077,65,0.3287393269789431
18917,65,0.01760141639957617
22115,65,0.3474580804094069
24163,65,0.3612562244602708
25856,65,0.21204420560594836
27857,65,1.6187458868030868
3303,65,1.5949327667528894
4205,65,0.6093811718676595
5208,65,0.5659117542344091
6269,65,0.8724900897475534
7126,65,0.5409773789511144
8209,65,0.6215172131111354
9298,65,0.6077627790507237
10368,65,0.5658223028504654
11410,65,0.5278779044730816
27967,65,0.5526487228854311
27981,65,0.4580443993401918
28051,65,0.33320231796159444
16225,65,0.40159653485655367
17045,65,0.4164085400059826
19987,65,0.4611032339978545
21060,65,0.6180608041633588
23166,65,0.1609902604302588
24166,65,0.24526109410342564
25860,65,0.27371359875903417
27918,66,0.019580841965292188
8211,66,0.02120436103403431
9083,66,0.020187457901460967
28125,66,0.02080157146529129
20418,66,0.017728386524143314
5210,66,0.013933769609893865
6057,66,0.013700043343622624
7130,66,0.016537236039583868
7997,66,0.01781367798254716
9087,66,0.019877520531823244
9948,66,0.021036388619558376
18291,66,0.015658545352451404
18922,66,0.01686871558180591
19776,66,0.01653790707990458
20849,66,0.016487180727947935
21908,66,0.0191954364136987
3482,66,0.014466231470850941
4019,66,0.017313078733705266
4798,66,0.015597759853733486
5849,66,0.015371527312676735
7136,66,0.01635113191700121
8002,66,0.017625840726251854
9092,66,0.02111503914579944
10161,66,0.02242034264020077
11204,66,0.02525549766704597
12238,66,0.025615988621799913
16840,66,0.013785619440113278
17874,66,0.013570788131823351
18716,66,0.014247630676561512
19565,66,0.015040918247789989
21913,66,0.019048145815260868
22961,66,0.022935294739994744
2451,66,0.016225075282918885
3131,66,0.029178760015558632
4023,66,0.012433482189403412
5007,66,0.012516901204373857
5853,66,0.012356731912860758
6925,66,0.014486271832868483
9097,66,0.0206097620221345
10167,66,0.02198682080384321
11209,66,0.02332565349700027
12241,66,0.02375392621077695
13218,66,0.02288180046654685
14012,66,0.02152261689568483
16843,66,0.013560762873510835
1745,66,0.06001996079129919
2293,66,0.08325298228423657
3135,66,0.010480283572978548
4028,66,0.011728156988770133
27900,66,0.011879703350933518
7146,66,0.012906599433372634
8012,66,0.05795234901362764
1645,66,0.03709539947684334
3141,66,0.0383416031860442
7150,66,0.020432124160828274
8016,66,0.021631987783492047
9111,66,0.06283339085397552
12255,66,0.17353333098500517
1279,66,0.07976365115063967
12260,66,0.13076111551773614
14836,66,0.09824268776167423
17899,66,0.11204699337885442
21937,66,0.03411252063174846
1191,66,0.07950575647295012
5032,66,0.05298208082122438
10193,66,0.1686106853530489
11233,66,0.1274647909845028
28017,66,0.06020133167238134
13243,66,0.19946021940050612
18744,66,0.07375794142883244
19810,66,0.0628192286723086
4833,66,0.09067300505948801
6096,66,0.05698402844814352
18749,66,0.03823340576602443
20888,66,0.12490263268028048
861,66,0.16786859657537037
13253,66,0.11400457191258966
23000,66,0.12725186940155694
24016,66,0.12802849728369206
788,66,0.19671868251809269
14856,66,0.09286618108142182
24021,66,0.1268945131638778
25073,66,0.11506328567219037
582,66,0.2884349472221738
14861,66,0.09559732982778085
15865,66,0.1636242498516098
25078,66,0.04714684706455891
6974,66,0.10619511282828371
15870,66,0.09062352965997568
24914,66,0.045894740018614454
25754,66,0.041939793003096734
27093,66,0.05944291469953283
8061,66,0.0704727472177068
15875,66,0.09055396343392612
305,66,0.38914146731901345
15880,66,0.09367641210332321
16903,66,0.09519396920221902
26316,66,0.07624839845663764
26733,66,0.03273260934826517
259,66,0.4244406149946429
8289,66,0.09762182736270884
17944,66,0.08148305602796124
26321,66,0.08088686629160494
27108,66,0.1286157274741763
266,66,0.4587782697662458
8075,66,0.12909272415725112
270,66,0.445098134540024
11283,66,0.06535566494847633
17953,66,0.06490113698132507
27402,66,0.3890009308601471
113,66,0.549698629413371
827,66,0.28115381008122725
10246,66,0.010117284926660173
11287,66,0.006342441881276807
17958,66,0.08630932413936984
18799,66,0.09714023589424191
27608,66,0.1085868400106829
234,66,0.5199466748357897
19654,66,0.14259155594876963
27127,66,0.21280334268958134
27674,66,0.10127043095244724
44,66,0.5948980593022286
11711,66,0.011237051423712986
12124,66,0.03488395853899744
27313,66,0.18100129532564518
27723,66,0.05141997489035725
16,66,0.6570045537105512
12334,66,0.035591822013442784
13312,66,0.06100846343107846
27468,66,0.07480722295541266
27623,66,0.07046381826231737
27795,66,0.08031325114714505
7,66,0.7205533489543329
103,66,0.6285840309572397
508,66,0.47562395238982097
847,66,0.4928029861360024
12339,66,0.026652685803280878
19884,66,0.32480951395962554
2,66,0.697810057125229
108,66,0.6372417648328668
299,66,0.588044609445058
13322,66,0.022492369082594374
14115,66,0.09878217848504688
22231,66,0.36706648928768537
27633,66,0.07128168169771416
27814,66,0.08545211487064361
6,66,0.7190629856935739
112,66,0.6784305758782926
258,66,0.6379398997829272
1275,66,0.5721857604318482
2541,66,0.2790088417929445
13326,66,0.04648780637816321
17988,66,0.1389922539773117
22025,66,0.4674480491291118
27436,66,0.16501614438658677
27638,66,0.19091290345013673
2385,66,0.33619519578023394
11322,66,0.2619296591312553
15732,66,0.2274079118774518
17993,66,0.2326879366709823
18834,66,0.21735203963300032
22031,66,0.5319164730735176
23079,66,0.5053095558437587
27607,66,0.04657109489261002
2390,66,0.5971311408330523
10285,66,0.28340981464773474
14130,66,0.13838059131229824
15737,66,0.212730721976622
22036,66,0.3106924917468981
27869,66,0.6696867692082465
4127,66,0.6041074672843537
13341,66,0.1614716675585073
14135,66,0.19395760628731182
14940,66,0.17649462793340184
15944,66,0.15167867068342242
3230,66,0.7793964715916315
14001,66,0.22353170133194353
3235,66,0.7035644155815177
5140,66,0.9013147836949174
23099,66,0.5529126746556281
4141,66,0.8232119161992709
5992,66,0.7874734380078561
15958,66,0.3559355965325929
20996,66,1.0448403545997258
25487,66,0.37894029316884487
2557,66,0.9038288565537922
3244,66,0.9125721881891078
4146,66,0.8828379761791688
4941,66,0.8323817030336166
7283,66,0.6406923854919642
18022,66,0.1782556446828273
19928,66,0.27891547135570355
21002,66,0.5286510436253525
24976,66,0.35293858197412586
2396,66,0.7995154385222709
5154,66,0.8481378134351224
9244,66,0.23746565280451876
18027,66,0.296865994769919
22065,66,0.2738211049788998
3254,66,0.9702814271923348
6219,66,0.8390033162673771
9249,66,0.21062650415831374
10319,66,0.18545821916570984
16996,66,0.36635190305252224
18872,66,0.26437023618041017
19938,66,0.23796335931698873
22071,66,0.30286200784816814
2406,66,0.6162536686881619
3259,66,1.0023436405739947
6224,66,0.9422012796913001
7082,66,0.8289531946363803
8164,66,0.555108449982328
18037,66,0.466311239360229
18877,66,0.3806819394629402
19944,66,0.3525744526016377
21016,66,0.33691976807841395
22075,66,0.4004597799553861
23123,66,0.3622604766347875
24991,66,0.5358625241586426
2411,66,0.6302194926459059
3089,66,1.0326048437616966
7087,66,0.9612130627653651
8169,66,0.7262686413255309
10538,66,0.4197451670059113
11371,66,0.5287261850223552
12403,66,0.5391731261482993
21021,66,0.40266843354631054
23337,66,0.4305269018123699
2416,66,0.6442704722967657
5174,66,1.0894598805549165
9264,66,0.8825477336422735
14984,66,0.40259050822025416
19953,66,0.4862643193610856
21026,66,0.4632187459260074
22085,66,0.4941902443134226
14989,66,0.34959318129337563
23138,66,0.5940604120172341
2426,66,0.8641969442519456
3279,66,1.228618272345538
9274,66,1.0539494690199434
25011,66,0.7020684301028506
1967,66,1.083622541670812
2431,66,0.8818802462203743
4186,66,0.9721580963340594
5189,66,1.0486447469472644
7107,66,1.1760273341800704
8189,66,1.1468874170585808
14998,66,0.9693175648676999
22100,66,0.6792326271755551
23148,66,0.6464589211801617
24148,66,0.684719272339621
25016,66,0.7561101453900824
1845,66,1.4844706174089464
2436,66,0.97517771357947
4985,66,0.9398135865300856
6039,66,0.9240024220954712
7113,66,0.9694291198583395
8413,66,0.981860245276846
9502,66,0.9735001734402525
10354,66,0.9881982920189113
21046,66,0.08992230162151713
23153,66,0.28620979857373835
2441,66,1.049983170025479
3119,66,1.0569169266071836
4990,66,1.0113151213978953
7117,66,0.9972386675703602
8199,66,1.0042423842341535
12433,66,1.1011365629887937
13388,66,0.9973011105472774
18072,66,0.8476275508069174
22110,66,0.20625424878178947
24158,66,0.37786797484798795
2446,66,1.1208765947041277
4200,66,1.0817064602196216
6051,66,1.060448465200828
7122,66,1.0789838337545943
9294,66,1.054359991091884
10364,66,1.0613370537180047
11406,66,1.060609889162444
15013,66,0.4988008095250308
18077,66,0.1671223579619361
18917,66,0.28877673895256223
22115,66,0.18417043379596967
25031,66,0.5198551413463792
25856,66,0.7274577012805632
27857,66,1.7297635656674144
3303,66,1.4214205288155235
4205,66,1.061620095194735
5208,66,1.0240011701336122
6269,66,1.077813920391481
9298,66,1.091590169374263
11410,66,1.0509705959450288
27967,66,1.0009638693031815
27981,66,0.996767311228973
28051,66,0.902506421079458
16225,66,0.54919914255111
17045,66,0.3705458766458112
19987,66,0.8471309854033412
21060,66,0.7111500148724395
24166,66,0.5199398656352816
25860,66,0.8198158771111624
27918,67,0.029522090824888308
8211,67,0.03049684549103307
9083,67,0.019100220156080216
28125,67,0.019723293169955577
20418,67,0.024443970668410853
5210,67,0.027740390303234986
6057,67,0.03293768572226118
7130,67,0.028543011739259515
7997,67,0.02918527846188767
9087,67,0.01958425294743733
9948,67,0.014271210634663278
18291,67,0.016129089957544425
18922,67,0.018188678552083053
19776,67,0.019757926943688116
20849,67,0.018039137386393053
21908,67,0.020576479131579367
3482,67,0.009489375086937932
4019,67,0.011287104917046235
4798,67,0.022595457774597948
5849,67,0.027075471424536163
7136,67,0.028901600294114378
8002,67,0.02997804780318325
9092,67,0.023108008443948485
10161,67,0.015924843377226616
11204,67,0.007884589040520699
12238,67,0.010021671152432418
16840,67,0.010326536186818372
17874,67,0.010460903237582381
18716,67,0.018955417797763358
19565,67,0.019247651647638458
21913,67,0.021788112173455058
22961,67,0.026451008364347266
2451,67,0.01288923710950478
3131,67,0.03256517420060643
4023,67,0.007312478170606796
5007,67,0.016173786177568577
5853,67,0.019658385739391326
6925,67,0.02516445352664701
9097,67,0.02383215668708797
10167,67,0.02164818262655566
11209,67,0.015635298091618535
12241,67,0.013095396955626927
13218,67,0.00563127475621007
14012,67,0.004400407732814013
16843,67,0.012497626852151483
1745,67,0.006349422118957753
2293,67,0.07047295697434912
3135,67,0.032256051938860435
4028,67,0.07513787800060116
27900,67,0.020842366860971167
7146,67,0.041325158267175796
8012,67,0.025023909159486952
1645,67,0.044233072849973076
3141,67,0.02517304042442348
7150,67,0.08308212821516993
9111,67,0.08501945008520993
12255,67,0.04615795104294908
1279,67,0.18455535679732796
11228,67,0.12843178889319914
12260,67,0.12213211403888097
14836,67,0.06648187025985919
17899,67,0.09945154153442234
21937,67,0.18158213686541522
1191,67,0.12377620295167296
5032,67,0.10900766978419289
10193,67,0.07791962583831236
11233,67,0.0825566050778482
28017,67,0.15080943387470927
17904,67,0.11233920842638563
18744,67,0.09797830921251877
19810,67,0.07249872262231553
4833,67,0.03348765085906369
6096,67,0.04105234962404709
12270,67,0.11886971167551048
18749,67,0.1298175601892435
20888,67,0.18004269781763438
22995,67,0.23896975311860394
861,67,0.21221675730417766
13253,67,0.12525425033476095
23000,67,0.18536274233596955
788,67,0.23687295119168802
24021,67,0.20927193449247047
25073,67,0.20674271730302593
582,67,0.32137358131183064
15865,67,0.09661975018657712
25078,67,0.15023365038136083
6974,67,0.1443617370315257
15870,67,0.14308025020667658
24914,67,0.12363189123280743
25754,67,0.08224973039219804
27093,67,0.2106719616879719
803,67,0.1354516716200276
8061,67,0.07714052229239356
15875,67,0.14826286947244857
305,67,0.49108470534681814
15880,67,0.18344344046179
16903,67,0.2147052435670365
26316,67,0.1506814515332543
26733,67,0.08582059899424094
259,67,0.49697784163533504
8289,67,0.0831464041003622
17944,67,0.1760102737122652
26321,67,0.06781922586292839
27108,67,0.14839104598307973
266,67,0.49631132422571833
270,67,0.40090667138356817
10449,67,0.07089760530950959
11283,67,0.06929996090046775
17953,67,0.14808090516543768
27402,67,0.2458530855096506
113,67,0.6040396105617346
10246,67,0.07125408554815614
11287,67,0.08335953066524539
17958,67,0.11859339938387364
18799,67,0.13845934025317033
27608,67,0.16249890518792917
234,67,0.42040953083864263
19654,67,0.12942696948017623
27127,67,0.15402464754436573
27411,67,0.2745267067598119
27674,67,0.2519991882820944
44,67,0.4584757780158544
11711,67,0.08349305069564347
27313,67,0.13381355323516822
27723,67,0.3265139700964081
16,67,0.5394396112058937
12334,67,0.05737850613783977
13312,67,0.09054145198235125
19879,67,0.12471538466926685
27468,67,0.2538085286233479
27623,67,0.3270088383915467
27795,67,0.16583771031499522
7,67,0.4592123564224081
103,67,0.4389455897022923
508,67,0.2757589703888944
847,67,0.18217127258318594
12339,67,0.10252277029456745
19884,67,0.0783657234612275
2,67,0.47141441951738056
108,67,0.4381079601308815
13322,67,0.07227205898280277
14115,67,0.08563468716304523
22231,67,0.20309618809187646
27633,67,0.08033698829437277
6,67,0.45763144084028107
112,67,0.6308404430044853
258,67,0.5971860543945983
1275,67,0.3542198570721236
2541,67,0.1903278559313112
13326,67,0.4921515868119252
17988,67,0.4031248513803724
18828,67,0.09247083593450806
21180,67,0.14274664143745427
22025,67,0.22993104321189095
27638,67,0.0925782768138601
11322,67,0.1070749317810148
13331,67,1.3532526190545275
15732,67,0.7361423432394401
17993,67,0.5842543856877813
22031,67,0.18894893467684643
23079,67,0.279348578212459
27607,67,0.23797429650890628
2390,67,0.20105862956320908
10285,67,0.09401478574842778
14130,67,1.1013265250154725
22036,67,0.4073854493596217
27869,67,0.31652283924980795
4127,67,0.05041272917080032
14135,67,1.285028013671887
14940,67,0.982346667615127
15944,67,1.0279408235623828
3230,67,0.07013439331606992
14001,67,0.8277639072103977
3235,67,0.04931477745955059
5140,67,0.16144976202602282
4141,67,0.15581637609735333
20996,67,0.21214099370793071
25487,67,0.3480719968857403
2557,67,0.43357737112176636
3244,67,0.06682783581260343
4146,67,0.10964405073109156
4941,67,0.19647386598278896
7283,67,0.1801751463078301
18862,67,0.6893852675480374
19928,67,0.6191247224071138
21002,67,0.5986223414846741
24976,67,0.28658428673173136
2396,67,0.5819781605135541
5154,67,0.14574195646242044
8154,67,0.22449573363907144
18027,67,0.6831844872814881
22065,67,0.6555901036090627
6219,67,0.1782648410464
10319,67,0.3609010495485503
15973,67,0.35095030491848045
16996,67,0.498749141390285
19938,67,0.5558935735634412
22071,67,0.6103229562792691
2406,67,0.15480936027515224
3259,67,0.08995511019974553
6224,67,0.22966632307025248
18037,67,0.5635674904757577
18877,67,0.5667359393345908
21016,67,0.534423944508063
22075,67,0.5824200645149801
23123,67,0.5379543978371403
24991,67,0.20134003078901122
2411,67,0.16791650777478886
3089,67,0.11890206503415958
4166,67,0.13109761420785998
8169,67,0.2300699474967147
10538,67,0.5486908003415549
11371,67,0.560427968496922
12403,67,0.5224528936522609
20163,67,0.5039460199588965
21021,67,0.4654996898513588
23337,67,0.4499094877290406
2416,67,0.22681106414034605
9264,67,0.430846502678414
19953,67,0.4907560894633429
22085,67,0.4248112384266649
24133,67,0.37359804202582736
22090,67,0.39386286260885806
23138,67,0.3261081505680787
2426,67,0.2288510036443387
3279,67,0.2230946029541839
9274,67,0.17195880656450965
22095,67,0.2934682155552065
25011,67,0.20843938569888742
2431,67,0.27567527010971876
5189,67,0.28894261565152296
8189,67,0.3207392798579874
14998,67,0.10418567740048763
22100,67,0.2680800451453271
23148,67,0.2034513304104823
24148,67,0.3276918187020116
25016,67,0.23365808511127206
1845,67,0.3737673073752053
2436,67,0.36178650616985414
4985,67,0.48506861109664895
6039,67,0.4668359417794579
7113,67,0.5815043311799152
8413,67,0.47580732738534137
9502,67,0.5099091596274287
10354,67,0.4937143692948543
21046,67,0.31652616493022234
23153,67,0.23913688885851464
2441,67,0.4256350094711436
3119,67,0.4517171971191552
4990,67,0.5293724944521332
7117,67,0.5422619661233402
8199,67,0.555639056891526
12433,67,0.566718294202333
13388,67,0.6111945468172706
18072,67,0.21705983791983485
21051,67,0.32895324876592563
22110,67,0.1932712255146646
24158,67,0.26397472217369966
2446,67,0.4734725796087761
4200,67,0.4717526639805321
6051,67,0.4805903327899206
7122,67,0.5136747514015587
9294,67,0.6739999804112846
10364,67,0.6180472066683941
11406,67,0.6538162291117656
12438,67,0.6650953100063997
15013,67,0.28713827808815784
18077,67,0.7815013393204383
18917,67,0.58958075750239
22115,67,0.27984431117705066
25031,67,0.11922415351753542
25856,67,0.31303832020172767
27857,67,1.5488179275910843
3303,67,0.5722096901195384
4205,67,0.3915410894575183
5208,67,0.4062697177719787
6269,67,0.4124849749310758
9298,67,0.4822401923362161
11410,67,0.610611731803472
27967,67,0.43359840446794573
27981,67,0.47551259227156006
28051,67,0.2274545567644016
16225,67,0.30570758764602285
17045,67,0.37542003963713755
18921,67,0.6455119374646562
19987,67,0.37214365974922464
21060,67,0.3579097148562873
27918,68,0.009748237785174363
8211,68,0.010171749386884034
9083,68,0.006620555572955224
28125,68,0.002323765370916877
20418,68,0.002566172557900562
5210,68,0.011305158504728652
6057,68,0.013631800791757404
7130,68,0.008329506972292225
7997,68,0.008545953735139986
9087,68,0.0021384535491198314
9948,68,0.004283175175078935
18291,68,0.0025801722365780154
18922,68,0.0024397754340358953
19776,68,0.0030940420219731984
20849,68,0.0009607916520114332
21908,68,0.0018533510404480226
3482,68,0.007355257320529139
4019,68,0.00791373046172903
4798,68,0.008871985577686427
5849,68,0.0097525565458049
7136,68,0.008567484668672494
8002,68,0.008880345100839904
9092,68,0.007035033141589242
10161,68,0.007522161609357692
11204,68,0.0054709867626573355
12238,68,0.009501953284755685
16840,68,0.005447567839052055
17874,68,0.0032238999262842153
18716,68,0.0038715659024053492
19565,68,0.003507881720269192
21913,68,0.0018739263387765048
22961,68,0.0029573393471608277
2451,68,0.005906738249477675
3131,68,0.03314355587792921
4023,68,0.006989488592905716
5007,68,0.005564328509964762
5853,68,0.005667318140365596
6925,68,0.0038688424778693807
9097,68,0.006862563198936119
10167,68,0.008314872519033982
11209,68,0.010133960938157648
12241,68,0.008388720055480926
13218,68,0.006246124377825945
14012,68,0.006376186980430626
16843,68,0.0034869289498090255
1745,68,0.0015064115500313812
2293,68,0.07811714998003633
3135,68,0.06300832323199378
4028,68,0.06352626626895254
27900,68,0.003627396873416571
7146,68,0.0026013494106476086
8012,68,0.011967344819704063
1645,68,0.07558148333883202
3141,68,0.07729588309092239
7150,68,0.0013012362016665605
4037,68,0.021172220758957284
9111,68,0.011949830012427895
12255,68,0.07458027685942616
1279,68,0.07437961714871025
11228,68,0.12201793424826789
12260,68,0.019400307692565795
14836,68,0.06869996915679531
17899,68,0.09776909503516956
21937,68,0.1052334653846355
1191,68,0.08498061479083928
5032,68,0.0635967855555316
10193,68,0.07013115821758364
11233,68,0.0034399204476905274
28017,68,0.006457577775578216
18744,68,0.09182561296943229
19810,68,0.16356254871746193
4833,68,0.02784399909809575
6096,68,0.06087412992645982
12270,68,0.05962986192201862
18749,68,0.1644271510906231
20888,68,0.13285736761315625
22995,68,0.1315988568303392
861,68,0.19604090096811488
13253,68,0.06274174169678667
788,68,0.22619923199284356
24021,68,0.1959417420242103
25073,68,0.19549327793266047
582,68,0.3471815158594135
15865,68,0.10172048209164564
25078,68,0.2290712291622937
6974,68,0.09918227181085505
15870,68,0.1014047555326369
24914,68,0.1843121351406111
25754,68,0.21725621954800575
27093,68,0.3025415669300265
8061,68,0.0641137318716521
15875,68,0.12297967179208676
25760,68,0.15242957413966385
305,68,0.5211559023751776
7200,68,0.07366892435331092
8065,68,0.1039146814222893
15880,68,0.09808767297902662
26316,68,0.14997981604089652
26733,68,0.2806906642030404
259,68,0.5532999948845424
8289,68,0.0731609201771152
17944,68,0.1540716403260496
26321,68,0.2106981110207625
27108,68,0.24340849974010495
266,68,0.5832829498945815
270,68,0.6773573240222694
10449,68,0.10056357153265717
11283,68,0.14151595394048738
17953,68,0.1473306831215194
18794,68,0.16927038391102253
27402,68,0.1490272493072602
113,68,0.6495948840905484
17958,68,0.17338377331099403
18799,68,0.1952218178062819
27608,68,0.3117714219552063
234,68,0.712547903236061
12324,68,0.21426992125367686
13301,68,0.11152753851814085
19654,68,0.2642011448486855
27127,68,0.15172819457628287
27411,68,0.21802776136765534
27674,68,0.2871630634908959
44,68,0.6985104532564738
238,68,0.6674397900556115
11711,68,0.189732984506537
27313,68,0.22051447415093103
27723,68,0.22795198498652408
16,68,0.6889842832219166
131,68,0.5839553599179187
9190,68,0.13431852164171573
12334,68,0.2921558368964272
13312,68,0.34761607494534813
17973,68,0.12058104544866594
27468,68,0.2096838017831653
27623,68,0.22588786896117044
27795,68,0.31159962866869567
7,68,0.5721361677106868
103,68,0.47617116210410804
508,68,0.35957469535795933
847,68,0.18755659348127965
12339,68,0.3786364730529644
19884,68,0.3171747232725691
27809,68,0.24502525102074388
2,68,0.46894997581256764
108,68,0.44937813027090756
12344,68,0.3668528481743496
13322,68,0.49895992403642553
14115,68,0.5603348407891602
22231,68,0.26868202813155156
27633,68,0.2933484872089617
6,68,0.33758300721698437
112,68,0.490315851275159
258,68,0.4095201604557574
1275,68,0.40619600995597505
2541,68,0.13809848915727854
13326,68,0.5104688842287222
17988,68,0.20714453262091798
21180,68,0.33785593987313267
22025,68,0.35386421907705795
27638,68,0.21666202505550317
11322,68,0.13131776590960256
13331,68,0.201732173986073
15732,68,0.33615143064334496
17993,68,0.23700919248659305
22031,68,0.30120373654353966
23079,68,0.14541188526819976
27607,68,0.2760059360385093
2390,68,0.06617188261371328
14130,68,0.23371570428416277
22036,68,0.4515949772493932
27869,68,0.32865080716717254
2394,68,0.13855101713042411
4127,68,0.06439015743608127
14135,68,0.22958579579600208
14940,68,0.41997771134457673
15944,68,0.3161896151208206
3230,68,0.13933199336488672
14001,68,0.19285281480296543
14945,68,0.32934639038707336
15949,68,0.7539484712992248
3235,68,0.14674346751002773
18013,68,0.3062424475353498
22051,68,0.652425477413923
4141,68,0.20538384449665983
20996,68,1.0955837982337615
25487,68,0.23843183520042277
2557,68,0.46137246732324616
3244,68,0.2882673559111098
4146,68,0.2526047584037657
4941,68,0.2489210068016226
19928,68,0.21293850911387988
21002,68,0.28761008984459874
24976,68,0.361105020715742
2396,68,0.4806957806559354
5154,68,0.2927623183407139
18027,68,0.24994889574255666
22065,68,0.3905517863586245
6219,68,0.2927402671307956
7077,68,0.21310447247967626
10319,68,0.17263476676912015
15973,68,0.03810604169804685
16996,68,0.07732065035284151
19938,68,0.28384825615354614
21011,68,0.33942496039790077
22071,68,0.4578382633566454
2406,68,0.7476261820958987
3259,68,0.5040353207022812
5164,68,0.5810044387455046
6224,68,0.5346414175145325
18037,68,0.32516780342708784
18877,68,0.3716475677212407
21016,68,0.3363091112220122
22075,68,0.520465838427071
23123,68,0.631651732623748
24991,68,0.5589316131299469
2411,68,0.7781456675998599
3089,68,0.5950339111291012
4166,68,0.5385336766419265
8169,68,0.46295903772717023
10538,68,0.4139764568599415
11371,68,0.3964197037655745
12403,68,0.35759680932046295
18882,68,0.3606759222925989
20163,68,0.4146071574673352
21021,68,0.3786524966481521
23337,68,0.5871843936741926
2416,68,0.8516739860163908
6234,68,0.668305833559477
9264,68,0.6335225163643935
22085,68,0.45386271670283584
24133,68,0.5839040740229426
3274,68,0.6597869527343525
22090,68,0.5069773646869676
1962,68,1.0562585360303902
2426,68,0.944477682961741
3279,68,0.7905479307296296
9274,68,0.7158714429745751
10344,68,0.7247142821332815
14993,68,0.8254760456448312
22095,68,0.47692217896188094
25011,68,0.5478597590767391
2431,68,0.7371142217511459
5189,68,0.7356892619354265
6248,68,0.8181511455456091
8189,68,0.7790998215364482
14998,68,0.9347847574466585
22100,68,0.5332773999532457
23148,68,0.4884640692922552
24148,68,0.508901498310195
25016,68,0.5206757458217183
1845,68,0.8759855748863002
2436,68,0.8242467258637428
4190,68,0.554777537682474
6039,68,0.7312685909519421
7113,68,0.6466423761281319
8413,68,0.5621468409748512
9502,68,0.47632708890377756
10354,68,0.4666973846067091
21046,68,0.010065731837209229
23153,68,0.23683811054543472
2441,68,0.8510379740924864
3119,68,0.7744800986577646
7117,68,0.6519153787873456
8199,68,0.6308364265357798
12433,68,0.4473138772115568
13388,68,0.5989573593731577
15008,68,0.5589128841090952
18072,68,0.6480702111217581
21051,68,0.2220375316069137
22110,68,0.3044865049318091
24158,68,0.2485658396186712
2446,68,0.7494330163749526
3298,68,0.82848425009499
4200,68,0.8012768409772685
6051,68,0.7204165910347267
7122,68,0.6495827792923207
9294,68,0.752816884075519
10364,68,0.6751696256129432
11406,68,0.6154689414174271
15013,68,0.9388758175693878
18077,68,0.23873950337037397
18917,68,0.12600685626292113
22115,68,0.28195192376935735
25031,68,0.19868709221185438
25856,68,0.3330343393824326
27857,68,1.439532201299922
3303,68,0.7860154034856912
4205,68,0.7697081631027739
5208,68,0.7762287030776577
6269,68,0.7918317516773181
8209,68,0.8160373823365943
9298,68,0.6955067845847783
11410,68,0.7508777658559584
27967,68,0.6365692345113723
27981,68,0.6225652948560577
28051,68,0.7282292234649846
16225,68,0.3522897240110069
17045,68,0.22347296175240444
18921,68,0.36488495924108233
19987,68,0.2502124156198261
21060,68,0.20708362233110258
27918,69,0.019682968656771296
8211,69,0.02043038908787977
9083,69,0.014847802857156065
28125,69,0.009877733161744652
20418,69,0.010330415179196854
5210,69,0.01848641771337219
6057,69,0.021102350912887383
7130,69,0.015700586728112434
7997,69,0.015656285336682337
9087,69,0.008237410853862799
9948,69,0.0040793547605246505
18291,69,0.008570248384239096
18922,69,0.009335177334007736
19776,69,0.00928180747137398
20849,69,0.008562222022338518
21908,69,0.010850533421743984
3482,69,0.009225243812243468
4019,69,0.012730766626035735
4798,69,0.01638871451400997
5849,69,0.01795170514567815
7136,69,0.015409776584179186
8002,69,0.01589415316684533
9092,69,0.008581647746361639
10161,69,0.004093618212929183
11204,69,0.002521845889795851
12238,69,0.0025095452933707055
16840,69,0.008452016802984656
17874,69,0.007261300024075757
18716,69,0.008902717357074827
19565,69,0.008166986513325132
21913,69,0.011351191124641797
22961,69,0.013716321265081821
2451,69,0.01818254918718892
3131,69,0.03622865111867955
4023,69,0.005510811109555414
5007,69,0.0085328065938741
5853,69,0.0095993712263435
6925,69,0.011838470121646308
9097,69,0.009133625883499015
10167,69,0.008474366812042337
11209,69,0.005555124290544526
12241,69,0.002805307554067322
13218,69,0.004893105801728045
14012,69,0.0059034886100646795
16843,69,0.009810036745190744
1745,69,0.012678016810561715
2293,69,0.06744462423074499
3135,69,0.07458289039624778
4028,69,0.005788928004971789
27900,69,0.00807939395239724
7146,69,0.007972172608123699
8012,69,0.0035462449294552207
1645,69,0.009385528527660385
3141,69,0.08373220974631278
7150,69,0.01118409936653566
9111,69,0.008493003808518574
12255,69,0.02023277148812943
1279,69,0.0330588297273968
11228,69,0.07343544101207602
12260,69,0.023005850910645966
14836,69,0.062073093720328536
17899,69,0.20883933718360598
21937,69,0.06448731907414089
1191,69,0.06939855150245912
5032,69,0.018303577110138334
10193,69,0.008517085080150368
11233,69,0.01416287762362542
28017,69,0.031626702437038294
13243,69,0.011688381454675507
18744,69,0.13668677249757105
19810,69,0.0878585697558436
4833,69,0.02192967668466598
6096,69,0.08360714802770323
12270,69,0.024974551624187727
18749,69,0.13121930979689098
20888,69,0.07789797252587706
22995,69,0.05099308225224019
861,69,0.13566346629340365
13253,69,0.052066126171457706
788,69,0.10159984117484717
14856,69,0.04915529130076637
24021,69,0.12001638092452101
582,69,0.17990510679689378
6111,69,0.016332097966007222
7185,69,0.015438146492687212
15865,69,0.06834797933276454
25078,69,0.11719935961899382
6974,69,0.021572765784308064
15870,69,0.09246670748488707
24914,69,0.0944449532859611
25754,69,0.12203661429720182
27093,69,0.1536575442604753
8061,69,0.09482861513708477
15875,69,0.07125424642760055
25760,69,0.1516906598988125
305,69,0.2873636980783426
7200,69,0.019494310030625198
8065,69,0.09689243205862078
15880,69,0.06581841873281175
26316,69,0.19474719280811592
26733,69,0.20533229255344412
27338,69,0.246869668134113
259,69,0.28632319070489726
8289,69,0.13876788672612228
9161,69,0.2111803181957451
17944,69,0.11459542971760203
27108,69,0.20466026785096558
266,69,0.3160837875759935
270,69,0.30932732281201236
10449,69,0.2452627153373375
11283,69,0.24822111283694925
17953,69,0.06390155941252011
18794,69,0.11559902987318163
27402,69,0.29485662986218986
113,69,0.3909863139124349
17958,69,0.11680423798006341
18799,69,0.08746776900554382
27608,69,0.2947483195033698
234,69,0.3805658031924474
13301,69,0.07816499668976935
19654,69,0.11573004752391504
27127,69,0.2923409408951392
27411,69,0.29238914652552606
27674,69,0.23468041720709015
44,69,0.49408206395902327
11711,69,0.27165814666576943
27313,69,0.29288076776132305
27723,69,0.25291138130085616
16,69,0.5375066345061112
12334,69,0.2676478998150813
13312,69,0.19684118286104219
27468,69,0.2958826621137574
27623,69,0.25618325815190635
27795,69,0.3064133058093446
7,69,0.5658601735793544
103,69,0.479539793454295
508,69,0.32118455465791684
847,69,0.2638550105045401
12339,69,0.3803933881785936
19884,69,0.1391086249405903
27809,69,0.28060855461051987
2,69,0.5617928996314588
299,69,0.3290863025774338
12344,69,0.34384436044054334
13322,69,0.4324801865347056
14115,69,0.21620034449134085
22231,69,0.2717341381037642
27633,69,0.3690385683357541
6,69,0.5558257034911925
112,69,0.4501908407782717
258,69,0.39352239112823656
1275,69,0.3229678222285727
2541,69,0.23884427748441722
13326,69,0.14780721617076573
17988,69,0.36885006284035504
21180,69,0.3466143280480272
22025,69,0.33637949471214046
27638,69,0.34345311584158555
2385,69,0.24151891951366697
11322,69,0.2421285780723472
13331,69,0.26291607381113696
15732,69,0.2544341699484351
17993,69,0.39349348587123867
18834,69,0.49695981015350194
22031,69,0.43461497225706985
23079,69,0.3655315861146553
27607,69,0.275320656190367
2390,69,0.31955617795904273
14130,69,0.2674565005347946
22036,69,0.43223199858578687
27869,69,0.41689285615153415
2394,69,0.3207822848858294
4127,69,0.18878646827171916
13341,69,0.2262366848676812
15944,69,0.12095655848421369
3230,69,0.33992925804355545
14945,69,0.7168224144575452
15949,69,0.16772464085049665
3235,69,0.33031317464340887
18013,69,0.08823905095833678
4141,69,0.2656567238627724
18017,69,0.07393191539336977
20996,69,0.8215726685202437
25487,69,0.08752466273794912
2557,69,0.230984217044891
3244,69,0.22041489658768582
4146,69,0.1845921702145967
4941,69,0.15141986312798156
18022,69,0.07974600711187148
19928,69,0.1092405830690156
21002,69,0.17869084493126244
22060,69,0.21314027626761875
24976,69,0.23986431708774458
2396,69,0.2608037636745614
5154,69,0.11333414502865694
18027,69,0.05350186902879175
19933,69,0.1749746212920448
22065,69,0.3938116116844383
6219,69,0.06693795842183745
9249,69,0.17937898576176542
10319,69,0.16409776024395592
16996,69,0.2058261021035936
19938,69,0.2003931017263744
21011,69,0.18923174108007604
22071,69,0.2677340007683923
2406,69,0.3307362189797834
3259,69,0.18553042089609922
6224,69,0.020751160387440317
18037,69,0.15481326592733827
18877,69,0.16245472721008025
19944,69,0.17293959241981074
21016,69,0.16720247118098558
22075,69,0.18387152143208002
23123,69,0.083168178767079
24991,69,0.17484891176403203
2411,69,0.619129741724777
3089,69,0.18252128801721842
4166,69,0.18502101532515694
8169,69,0.0996542030980421
10538,69,0.10676221901738284
11371,69,0.09627565919488949
18882,69,0.1573986582425586
20163,69,0.15664190446227
21021,69,0.14416984403763067
23337,69,0.06823397995745689
2416,69,0.5286389172710408
5174,69,0.1896067979995341
9264,69,0.04663984333441954
22085,69,0.08642784931389819
3274,69,0.327631044501839
6239,69,0.12264925380147089
14989,69,0.20877052413811345
21031,69,0.2709644666794172
1962,69,0.8113059542135881
2426,69,0.6037238976574204
3279,69,0.32478102906184897
9274,69,0.14870385749488552
22095,69,0.11795499740135135
25011,69,0.10422342360103926
2431,69,1.2340783244043998
4186,69,0.3194992967587814
5189,69,0.3998896866844372
6248,69,0.25678015761575984
8189,69,0.21907595456630907
14998,69,0.4905087899657919
22100,69,0.11230473620123388
23148,69,0.05657242767233061
24148,69,0.09635593875142118
25016,69,0.1604840654370978
1845,69,0.9161962764030462
2436,69,1.2999935180442252
4190,69,1.0175299292622642
8413,69,0.6817571944516904
10354,69,0.5130005953943005
21046,69,0.20713100698113654
23153,69,0.3720429958481844
2441,69,1.2599332545414863
3119,69,1.0509911029155983
7117,69,0.8239437459194155
8199,69,0.7276814086213884
12433,69,0.27642417891465726
13388,69,0.15661279458633842
15008,69,0.09198410253555833
18072,69,0.24532578710876626
22110,69,0.46619441419252444
24158,69,0.3742141098631001
2446,69,1.1938986158481113
4200,69,1.0091502821948464
6051,69,0.9653376377557502
7122,69,0.9220453770541862
9294,69,0.5597283209868188
10364,69,0.4230279070433633
11406,69,0.35223561429365263
15013,69,0.15884138153917432
18917,69,0.17491345660411123
22115,69,0.4838802190901061
25031,69,0.2932902402559116
25856,69,0.07142038559900758
27857,69,1.2550078394643385
3303,69,0.872470478432285
4205,69,1.123611526313329
5208,69,0.9824072314539655
6269,69,0.905563072440661
8209,69,0.8062808019942963
9298,69,0.6870904917004927
11410,69,0.3322704665485573
27967,69,0.2812557883243017
28051,69,0.14464193627096839
16225,69,0.11959130894042784
17045,69,0.1424242764304895
18921,69,0.12158758094662071
19987,69,0.07285242503001557
21060,69,0.055506135484373956
24166,69,0.1719566272345852
27918,70,0.004532730260392063
8211,70,0.0057587128366108145
9083,70,0.00582854698116899
28125,70,0.004692353298433626
20418,70,0.0017420000378420434
5210,70,0.010912478323328508
6057,70,0.010728021670253827
7130,70,0.0022067407000791748
7997,70,0.003352568397750146
9087,70,0.0019142344307189125
9948,70,0.0019438043811449495
18291,70,0.01212229926461147
18922,70,0.012041983116961997
19776,70,0.015203929166203499
20849,70,0.013249447085916312
21908,70,0.012228427377814769
3482,70,0.010308858972505967
4019,70,0.012529188392924268
4798,70,0.011444846509503401
5849,70,0.01168240920226929
7136,70,0.0021042550248221176
8002,70,0.002724069753560287
9092,70,0.0017615299665681805
10161,70,0.0022847288212233608
11204,70,0.0062986171093767085
12238,70,0.0003626432622218059
16840,70,0.009004952509464871
17874,70,0.008171448092157146
18716,70,0.016026817405856607
19565,70,0.016797370215028105
21913,70,0.018603795775402356
22961,70,0.01998246785843756
2451,70,0.013669396092132911
3131,70,0.025718958139327733
4023,70,0.009162820562185536
5007,70,0.009148497117510928
5853,70,0.008500442612904972
6925,70,0.0058261819877672046
9097,70,0.0051926636029344594
10167,70,0.005147694505181137
11209,70,0.0013925634884441448
12241,70,0.0010683482655727485
13218,70,0.0017309113589128544
14012,70,0.0019127404592699697
16843,70,0.005504367076296817
1745,70,0.008612155328423118
2293,70,0.08223090538018105
3135,70,0.07402501336629057
4028,70,0.011870148653287655
27900,70,0.006459457025276036
7146,70,0.013631021585466939
8012,70,0.006635025579840774
1645,70,0.05484325132280217
3141,70,0.07938939301648305
7150,70,0.014756762582654107
9111,70,0.08164168289581239
12255,70,0.04224365908647408
16858,70,0.14636562779550064
1279,70,0.06636633871224319
11228,70,0.08921475948183809
12260,70,0.05375012360319331
17899,70,0.2934532089359992
18951,70,0.16693827889366797
21937,70,0.06802461581166257
1191,70,0.10199904943870196
5032,70,0.018120761775924515
10193,70,0.03377581247799649
11233,70,0.03317111151079682
28017,70,0.0317876512017219
13243,70,0.07999654446909568
18744,70,0.21343262788907272
19810,70,0.21021165316829477
4833,70,0.005693231717043824
6096,70,0.03078232512328249
18749,70,0.13778441621252563
20888,70,0.0636059017687852
22995,70,0.1257424658371681
861,70,0.10271504141140424
13253,70,0.11948184952557395
24016,70,0.1343550192363585
788,70,0.10602729149129478
14856,70,0.05716048732188642
24021,70,0.09727879199353669
582,70,0.1629613983984934
6111,70,0.05266197955559123
7185,70,0.0491284341926666
15865,70,0.05731533605843304
25078,70,0.0915253044921347
6974,70,0.10260252301841409
15870,70,0.029251026721411968
24914,70,0.08788816665553159
25754,70,0.15075369975342157
27093,70,0.2983320774295422
8061,70,0.15702311694131504
15875,70,0.04520359034998002
25760,70,0.21709802950689316
26312,70,0.24635051784573056
305,70,0.19806298697319938
8065,70,0.24139940100017662
15880,70,0.03894242488333003
26316,70,0.2400385105171112
26733,70,0.24802239690362685
259,70,0.19692066793474164
8289,70,0.3232059178907083
9161,70,0.3364040956499753
17944,70,0.07429831678964832
27108,70,0.24257328975659678
266,70,0.19965658380424164
270,70,0.17022465284820174
10449,70,0.3910620348744379
11283,70,0.333634230270221
17953,70,0.13445814112809304
18794,70,0.11650982093326168
113,70,0.2762065478868261
10246,70,0.4693780939845731
17958,70,0.14026601809319456
18799,70,0.14641813111095328
27608,70,0.278257356562217
234,70,0.32028815382592957
13301,70,0.3682135227193952
19654,70,0.18655896649459677
27127,70,0.3385479798232277
27674,70,0.20652109857517156
44,70,0.1674694435816021
27313,70,0.3389065764235733
27723,70,0.3082529964414559
16,70,0.22207047279428457
12334,70,0.48031723107131663
13312,70,0.4061761373604455
27623,70,0.415215702857113
27795,70,0.3346140270712834
7,70,0.2163276322115517
103,70,0.2756633916990035
847,70,0.34992389177382455
12339,70,0.4943601881789191
19884,70,0.3424531041470594
27426,70,0.33666959168615346
2,70,0.11580211272587246
299,70,0.2069263342209283
13322,70,0.5365362248213561
14115,70,0.5285936810084081
22231,70,0.2410300746456284
27633,70,0.2580017051223867
27814,70,0.3375948845730765
6,70,0.13365809647109902
112,70,0.3020953213956829
258,70,0.18838785019525287
1275,70,0.1778259323739664
2541,70,0.36963290259349196
13326,70,0.637254640223127
17988,70,0.09144736561938657
18828,70,0.23777324440304806
21180,70,0.30366057230240223
22025,70,0.2865240796966491
27638,70,0.29560538148715304
11322,70,0.309662914105297
13331,70,0.18869399043463103
15732,70,0.1675377577724144
17993,70,0.11186595146858636
22031,70,0.22422416777796375
23079,70,0.1739754298981895
27607,70,0.186687521561184
14130,70,0.11661618943323854
22036,70,0.2638198916815822
27869,70,0.1698996127002959
2394,70,0.1857491938144923
13341,70,0.6619920887487377
15944,70,0.1308372425432486
3230,70,0.9025683823601074
15949,70,0.1804046042237735
3235,70,0.859933933705192
18013,70,0.2600722497225873
4141,70,0.6853305603045095
18017,70,0.22401662498145505
20996,70,0.36497868624505975
25487,70,0.05527924992249461
2557,70,0.5935064371418224
3244,70,0.7047899790285033
4146,70,0.6544391164209623
4941,70,0.5680067716028756
7283,70,0.4705738643704115
18862,70,0.38674020554490224
19928,70,0.45796587504970726
21002,70,0.4951193917601342
22060,70,0.6849246966214495
24976,70,0.1560493832366603
3250,70,0.6305947439813873
5154,70,0.5520381461576864
18027,70,0.09750614132174502
19933,70,0.48003079507083724
22065,70,0.5111019935918092
6219,70,0.4864192050298713
9249,70,0.37617749522774097
10319,70,0.6300176210867601
16996,70,0.4177821633798042
19938,70,0.4571255270763811
22071,70,0.40613487198500187
2406,70,0.7418878879188306
3259,70,0.5670685383069638
6224,70,0.4441742841741376
18037,70,0.15070667469435847
18877,70,0.16575452074557973
19944,70,0.40607581098395606
21016,70,0.34065004300293267
22075,70,0.3143480947471472
23123,70,0.2493868875577795
24991,70,0.31844598464907803
2411,70,0.7564560534636691
3089,70,0.5453242328631404
4166,70,0.5083180210448416
8169,70,0.2781877653453926
10538,70,0.4998422744605795
11371,70,0.8057301472847099
18882,70,0.15061596533719956
20163,70,0.2508363762650775
21021,70,0.2999836142573846
23337,70,0.23305313498654479
2416,70,0.793321877840202
5174,70,0.45156150056007577
9264,70,0.2796235765203359
22085,70,0.2654008706863867
6239,70,0.43318526742892266
14989,70,0.8023050038950665
21031,70,0.3227226844921385
23138,70,0.1955646227254626
2426,70,0.6255434186494295
3279,70,0.4807776847153655
4181,70,0.4698614355103852
8401,70,0.33310874547168756
22095,70,0.3214567900065082
25011,70,0.18404313754627255
2431,70,0.525734968541366
4186,70,0.45480693322052906
5189,70,0.36983441698759445
8189,70,0.28919307151452356
14998,70,0.12428721296760037
22100,70,0.22091570623694995
23148,70,0.2332777888988384
24148,70,0.19751859120893403
25016,70,0.18568216343697705
1845,70,0.9906004439469387
2436,70,0.6582804276193249
4190,70,0.5664008313862207
4985,70,0.5457060090746952
8413,70,0.39586708611394317
10354,70,0.36098579100319206
21046,70,0.3427392870478645
23153,70,0.31301042297545995
24153,70,0.25735139238406407
2441,70,0.7078925099406337
3119,70,0.6180735303649675
4990,70,0.4577600904001934
7117,70,0.4008242533491017
8199,70,0.29929597112532247
11401,70,0.3184213587437164
12433,70,0.3662755727506789
13388,70,0.4005539802610919
15008,70,0.6338241990977346
18072,70,0.05313050690499516
22110,70,0.43503483363492723
24158,70,0.30907049588018914
2446,70,0.7104243410264649
4200,70,0.6226292049533025
6051,70,0.5432448784060794
7122,70,0.5345283736788097
9294,70,0.25399451789727423
10364,70,0.378298371581343
11406,70,0.3622123583001699
15013,70,0.5334955708012723
18917,70,0.6433776526661155
22115,70,0.39959156028937826
24163,70,0.23590704858676276
25856,70,0.05259338939682286
27857,70,1.3916989136807765
3303,70,1.065633863011784
5208,70,0.7569173369495894
6269,70,0.5123051245727461
8209,70,0.5361692410297052
9298,70,0.3822016246938362
11410,70,0.34920350042148957
27967,70,0.2617925375097471
28051,70,0.4757674995987015
16225,70,0.5283051561110437
18921,70,0.4515337596274456
19987,70,0.14964563505268547
21060,70,0.12645981041765317
27918,71,0.018487022174027003
8211,71,0.019494379397660497
9083,71,0.022350012033259897
28125,71,0.017021961792087707
20418,71,0.014743366104467392
5210,71,0.01700035273442152
6057,71,0.017446884722465784
7130,71,0.019370312669218306
7997,71,0.0212894284809052
9087,71,0.023344333910580686
9948,71,0.025255174799708537
18291,71,0.016802555810595723
18922,71,0.016734178195283243
19776,71,0.01676360644895971
20849,71,0.014169270651542753
21908,71,0.01569752661991976
3482,71,0.0144765954308791
4019,71,0.017219196840409345
4798,71,0.01786512618980506
5849,71,0.018930093300072722
7136,71,0.019747537602326667
8002,71,0.021521074554488567
9092,71,0.02488033130122021
10161,71,0.02676410544671216
11204,71,0.02692474635066432
12238,71,0.022736289702527966
16840,71,0.020522391226509326
17874,71,0.018099237058172245
18716,71,0.01601806652239411
19565,71,0.015789143984697683
21913,71,0.01699680197084949
22961,71,0.022199978504786732
2451,71,0.02288978013067889
3131,71,0.04166247410857446
4023,71,0.012141093193169812
5007,71,0.016146742103302136
5853,71,0.016834443264978655
6925,71,0.01958374713765037
9097,71,0.028196666978277756
10167,71,0.029526716153763483
11209,71,0.023577983476235093
12241,71,0.02131005662465393
13218,71,0.022516755123038402
14012,71,0.021500260122011925
16843,71,0.020829224427224374
1745,71,0.037995163825338074
2293,71,0.03838319564388345
3135,71,0.08938123782451401
4028,71,0.025120964030658614
27900,71,0.02440800695232051
7146,71,0.018233760029448685
8012,71,0.01996621696140756
1645,71,0.015080614321460642
3141,71,0.024834267241049562
7150,71,0.01480448326609838
4037,71,0.012810130218819004
9111,71,0.06259640067363258
12255,71,0.05550858061490714
16858,71,0.20298384392940805
1279,71,0.06377581793389143
11228,71,0.06239605557431415
12260,71,0.06102412348118656
17899,71,0.2044348881022973
21937,71,0.07468819656226924
1191,71,0.035716892607980236
5032,71,0.01866615996854788
10193,71,0.1241691015109842
11233,71,0.059910699901714326
28017,71,0.05741491358395436
13243,71,0.056209830950346346
19810,71,0.13311991513340377
4833,71,0.01819616874458777
6096,71,0.0307794710649502
18749,71,0.04259582775785116
20888,71,0.09535445913194329
22995,71,0.12750091699565286
861,71,0.06366163552008493
13253,71,0.04941096826722151
788,71,0.061184644800297755
24021,71,0.17687782433792498
582,71,0.09913946586500555
6111,71,0.04820716783071236
14861,71,0.019337164144764062
15865,71,0.04984994074569583
520,71,0.09787247700117968
6974,71,0.014195135583397021
15870,71,0.09532913944744593
24914,71,0.19923532195482302
25754,71,0.19975405424817755
27093,71,0.06245453919998262
464,71,0.1333786085915177
8061,71,0.013010574172345595
15875,71,0.1585021732551385
25760,71,0.1972702672599353
305,71,0.24761694172013593
8065,71,0.04055623092834146
15880,71,0.1220431572241237
26316,71,0.19613749452216414
26733,71,0.19875151092283377
259,71,0.24760262692811225
8289,71,0.06389745021725336
9161,71,0.03489443719384354
17944,71,0.2124230750643879
266,71,0.25290060705659806
8075,71,0.06540700697491883
17949,71,0.1972847243787835
270,71,0.2728638559398236
10449,71,0.06718669468868245
11283,71,0.07458012348200098
17953,71,0.12334998534996289
18794,71,0.18241778917655926
113,71,0.2988679910870039
10246,71,0.03265141257916827
17958,71,0.1277275972984368
18799,71,0.16597240959518875
27608,71,0.18393581475286938
234,71,0.33648936790283224
13301,71,0.17729113434471755
19654,71,0.1687799034381192
27674,71,0.25199021411226613
44,71,0.3609977314528172
12124,71,0.2202177312817873
27313,71,0.2687918707808961
27723,71,0.3932514307515895
16,71,0.4853929560400106
12334,71,0.1782245977544378
13312,71,0.21220871161847518
27623,71,0.31378796052724695
27795,71,0.3313586921909796
7,71,0.4762690735428604
103,71,0.4701718927919326
847,71,0.2444783274924907
12339,71,0.26503128303670703
19884,71,0.031535310862856346
2,71,0.49308618461198644
108,71,0.5124669285394557
299,71,0.2961344000919134
13322,71,0.2432474152493955
14115,71,0.2929720292542794
22231,71,0.11082677041842846
27633,71,0.26233413791511373
27814,71,0.19764883859978796
6,71,0.5515302073209856
112,71,0.47532676081924863
258,71,0.42341791357464287
1275,71,0.30615207922157067
2541,71,0.2611898863850696
13326,71,0.27402731115226686
17988,71,0.12418966570780728
18828,71,0.07440855847155937
21180,71,0.006489748764653354
22025,71,0.08748367756637628
27638,71,0.31398543010291685
15732,71,0.29913030327218265
17993,71,0.07005155339847287
22031,71,0.036171744090600005
23079,71,0.19907043374024805
27607,71,0.2556075699604515
14130,71,0.06115914586602601
22036,71,0.16894473008435154
27869,71,0.42991031896949483
2394,71,0.35821491077214207
13341,71,0.06684331787583311
14135,71,0.16241365308431804
15944,71,0.15575194956779662
3230,71,0.42890140073485644
14001,71,0.22097830674920352
15949,71,0.3427800502327103
3235,71,0.3292107940625847
18013,71,0.4189702382332348
22051,71,0.06541569569657672
4141,71,0.26890735677579597
15958,71,0.31655297986607095
20996,71,0.27108928404855565
25487,71,0.2558989185055336
2557,71,0.5700150963888166
3244,71,0.3153387476444364
4146,71,0.3653121143877577
4941,71,0.31762037446844044
18862,71,0.3900574423524568
24976,71,0.15160857146661355
3250,71,0.39557779628463074
5154,71,0.38778962993903654
18027,71,0.3883101835412913
19933,71,0.3513261746341538
22065,71,0.5265784136819521
4156,71,0.3834639357371503
6219,71,0.4597556964216339
9249,71,0.33719143120420714
10319,71,0.1379272505978885
15973,71,0.08881437842925029
16996,71,0.16939714525259028
19938,71,0.348715250311481
22071,71,0.4218704688428736
2406,71,0.6990940078582453
3259,71,0.4091189950104424
6224,71,0.5013135703104664
7082,71,0.5385497740216246
18037,71,0.2040159533230088
18877,71,0.3476619943951394
19944,71,0.316464330963509
21016,71,0.3608019319447876
22075,71,0.31294385724439167
23123,71,0.38997250968640623
24991,71,0.12271863204090165
2411,71,0.6111871136763484
3089,71,0.4972392262493527
4166,71,0.4690626859635623
11371,71,0.10045656719142579
21021,71,0.2813172420270261
23337,71,0.41902779951462393
2416,71,0.6455756178152373
4171,71,0.5217439115509998
9264,71,0.6661653556078942
22085,71,0.2558947092110962
12413,71,0.07540099527353698
14989,71,0.17176459314623121
23138,71,0.09137648139548525
2426,71,0.84523484311525
3279,71,0.5774316016844036
8401,71,0.6030747389021692
22095,71,0.07491443644062995
25011,71,0.14621590656619457
1967,71,0.9553552008541414
2431,71,0.6617755467334105
4186,71,0.39404682736068125
5189,71,0.48090966934545926
7107,71,0.5335539642549522
8189,71,0.5620322924659288
14998,71,0.33435943907949844
22100,71,0.09445550556246107
23148,71,0.09795901287686665
24148,71,0.15287803853549461
1845,71,1.0433604090121598
2436,71,0.5666493958502016
4190,71,0.5345750898818917
4985,71,0.4534780727664723
7113,71,0.3126020686805946
8413,71,0.21038152695443507
9502,71,0.20901569683546078
10354,71,0.19920801428519527
21046,71,0.03781348500129605
23153,71,0.1357967824108946
24153,71,0.11276471159106147
2441,71,0.6429290553438894
3119,71,0.5786927267088317
4990,71,0.4893461478754036
7117,71,0.3207023690893584
8199,71,0.440981677651167
10359,71,0.20964004802146127
12433,71,0.14726254399737781
13388,71,0.0277533007434433
15008,71,0.14351630370513097
22110,71,0.04845618102258728
24158,71,0.10686198094636236
2446,71,0.6967187232017367
4200,71,0.5581342155132274
6051,71,0.3226935411681538
7122,71,0.22519327230037953
9294,71,0.3678133834806829
10364,71,0.23602917245741048
11406,71,0.23821826407585395
15013,71,0.41016313844254404
18077,71,0.30176299039959337
18917,71,0.15439185303404449
22115,71,0.19677667623253445
23163,71,0.1582829501537242
25856,71,0.33234321773454445
27857,71,1.151353156687389
3303,71,1.1040884163893732
5208,71,0.49288396034023646
6269,71,0.5668928127054138
8209,71,0.35403442454760503
9298,71,0.4047721053213367
11410,71,0.22980581299991792
27967,71,0.20884381898893006
27981,71,0.047663393500393406
28051,71,0.36451899704130164
16225,71,0.4338058515971681
18921,71,0.2539884483691801
19987,71,0.3190486958228998
21060,71,0.2690283440898292
27918,72,0.015020080273428547
8211,72,0.017599364046879902
9083,72,0.01762066441163238
28125,72,0.010715960510593085
20418,72,0.008896455161981289
5210,72,0.011050256903929146
6057,72,0.012758275031365039
7130,72,0.008809976376343152
7997,72,0.009241573985227956
9087,72,0.008869410040008865
9948,72,0.007526779379412734
18291,72,0.012863604964358785
18922,72,0.011895355411781747
19776,72,0.012037053417724857
20849,72,0.009874471268288637
21908,72,0.00673482407424262
3482,72,0.011821005392204029
4019,72,0.014810644676935748
4798,72,0.011864226251380783
5849,72,0.012850655800219426
7136,72,0.007541977968421589
8002,72,0.008215621201805443
9092,72,0.0036087734973908954
10161,72,0.004273026179881233
11204,72,0.0055915375755922585
12238,72,0.00821569986508543
16840,72,0.01226755552472185
17874,72,0.01098809519142665
18716,72,0.014780459722139618
19565,72,0.013866722146088667
21913,72,0.008847595050808997
22961,72,0.008867134291262213
2451,72,0.01717425929179671
3131,72,0.08191988273752994
4023,72,0.010406913979664376
5007,72,0.00695142354826764
5853,72,0.007031888929372081
6925,72,0.004684468505160713
9097,72,0.0018687719995050013
10167,72,0.0005976953021002446
11209,72,0.0068777472363563425
12241,72,0.007574205709410522
13218,72,0.010258304005739717
14012,72,0.011607442543555514
16843,72,0.014171163778278737
1745,72,0.011978941249924494
2293,72,0.06088296603092056
3135,72,0.02733938851693321
4028,72,0.07805221526788586
27900,72,0.005029303202317082
7146,72,0.003362874841390446
8012,72,0.0033324542222266194
1645,72,0.011575858053457965
3141,72,0.024545205917277643
7150,72,0.0022190557303979077
9111,72,0.007044457046215257
12255,72,0.020596852799061854
16858,72,0.024789774672044695
1279,72,0.01022023635301277
11228,72,0.06728244126718406
12260,72,0.057607695219392144
13237,72,0.06101653919493191
17899,72,0.011352453024427119
21937,72,0.14115208481765013
1191,72,0.03028302450700064
5032,72,0.051296162868002475
10193,72,0.024464637321204127
28017,72,0.06204959778782366
13243,72,0.17426812725987864
17904,72,0.07298850805466796
19810,72,0.12118491490752614
4833,72,0.04776673405471182
6096,72,0.03886240852546192
18749,72,0.13545825398227487
20888,72,0.15442046344963706
22995,72,0.22142736439999028
861,72,0.09670705116970855
13253,72,0.07439014064198178
788,72,0.13427183394568845
24021,72,0.2151907319143652
582,72,0.18820835590602664
15865,72,0.12776824974596096
24026,72,0.2149540702945541
6974,72,0.07552521783897782
15870,72,0.13528912208072807
24914,72,0.2117692336733057
27093,72,0.09870784162803659
8061,72,0.1068691994726467
15875,72,0.12227834178193916
25760,72,0.15107241214911443
305,72,0.36478175512899197
8065,72,0.11784607850872604
15880,72,0.18248761558002907
16903,72,0.12838132927832935
26316,72,0.2186229105700884
26733,72,0.11090992206021733
259,72,0.3965927649544404
8289,72,0.0891643594870922
9161,72,0.12520178041876232
17944,72,0.17957950603668527
266,72,0.4797870161076861
8075,72,0.11237672631718354
17949,72,0.13695019723572938
270,72,0.4240629054944254
11283,72,0.2103312821402474
17953,72,0.13530748092628653
27402,72,0.3070398145989907
113,72,0.5598199215671438
10246,72,0.050118891345298344
11287,72,0.04322218236386988
17958,72,0.14645951593563322
18799,72,0.14127984903063265
27608,72,0.16046855151600034
234,72,0.4372008576065468
13301,72,0.037054845692781585
19654,72,0.16145262044953898
27411,72,0.33418230591082115
27674,72,0.22169793563670523
44,72,0.4289189780359244
11711,72,0.04981602685436425
27313,72,0.20475570315905461
27723,72,0.3294818030984308
16,72,0.4373583236866402
12334,72,0.03329003667687049
13312,72,0.05689798733340437
27623,72,0.2661994633990656
27795,72,0.23072763069247887
7,72,0.24572349565993945
103,72,0.2337612768681578
847,72,0.17989276794533182
12339,72,0.06396854403694642
13317,72,0.06613399941680224
17978,72,0.11129957084869815
19884,72,0.16467891073731258
2,72,0.1683325399116095
108,72,0.12998928204154106
299,72,0.1671206770552355
13322,72,0.08902604973367284
14115,72,0.100710434688775
22231,72,0.1464485846937576
27633,72,0.1931337338300662
27814,72,0.20674171673337227
6,72,0.1513010962475418
112,72,0.3791591297174703
258,72,0.37254707062882925
1275,72,0.1573010670873294
2541,72,0.23909671068256944
13326,72,0.1673374329341802
17988,72,0.09941614994072179
21180,72,0.09686439965059712
22025,72,0.11691220007952034
27638,72,0.19277933191709737
2385,72,0.22350350547522024
15732,72,0.3748482963481555
17993,72,0.10986850519523114
22031,72,0.048830543053387084
23079,72,0.06911448487815608
27607,72,0.2050004468373558
14130,72,0.050137100169148185
22036,72,0.28133412465465263
27869,72,0.1796841783881056
2394,72,0.1472229121702737
4127,72,0.09583659124944156
13341,72,0.23293738247107448
14135,72,0.24206188884551563
15944,72,0.18583786846412953
3230,72,0.11397667299643467
14001,72,0.37883965870340863
15949,72,0.20843388027058624
3235,72,0.18988334030955778
18013,72,0.34294248067389815
22051,72,0.32974000071710813
2721,72,0.5923224223639
4141,72,0.22573526903786664
20996,72,0.3566329045606969
25487,72,0.15908719814009017
2557,72,0.6609112145079921
3244,72,0.37274628331334897
4146,72,0.24738143997028078
4941,72,0.24370226767546843
18022,72,0.27462978682034067
18862,72,0.3370507079144954
24976,72,0.1898730604116499
5154,72,0.25279923824308975
18027,72,0.24865734728689515
22065,72,0.3110353423909807
3254,72,0.32631431253465104
4156,72,0.3229585137128123
9249,72,0.355135454465313
10319,72,0.27568707506458967
15973,72,0.3723111846309223
16996,72,0.3034572632361122
19938,72,0.3195908304122283
22071,72,0.3205850399656255
2406,72,0.6430312687906473
3259,72,0.3869358124826562
6224,72,0.3527892672934668
8164,72,0.14082835725731646
18037,72,0.20509417299829133
19944,72,0.331971664772884
21016,72,0.2826987655448149
23123,72,0.2870953237168661
24991,72,0.31190005767291096
2411,72,0.7606882781532077
21021,72,0.29569585423706696
23337,72,0.25516583316671243
2416,72,0.8201915006916541
4171,72,0.4312930535652354
9264,72,0.11120977541292858
22085,72,0.23072685625804587
12413,72,0.1896859011981979
14989,72,0.16053225151898387
23138,72,0.2786301702830163
1962,72,0.9084913109716752
2426,72,0.9665496296940703
3279,72,0.5651383879897268
8401,72,0.32796955939141825
22095,72,0.1169891127979211
23143,72,0.2663058160255062
25011,72,0.24356526405827592
2431,72,0.9047165666102595
4186,72,0.5164853175078845
5189,72,0.4630751989182229
6248,72,0.4524284664168632
7107,72,0.369896110550938
8189,72,0.3313227130261089
14998,72,0.15858373895120315
22100,72,0.2607931949008176
23148,72,0.1287694323114983
24148,72,0.22935743184207877
1845,72,1.010627312589051
2436,72,1.0838482070434585
4190,72,0.5960057664143825
4985,72,0.5203638791829451
7113,72,0.45527580608125334
8413,72,0.3049775276083937
9502,72,0.3206940929415837
10354,72,0.4380145287914812
21046,72,0.2173505004059715
23153,72,0.2357263103367883
2441,72,0.8872443854353299
3119,72,0.62531680841014
7117,72,0.5207887194572742
8199,72,0.31655804373799146
10359,72,0.35663021810353945
12433,72,0.4745716439068445
13388,72,0.15026365479509143
15008,72,0.15718535150277196
22110,72,0.11630940077202714
24158,72,0.2290823760802817
1741,72,1.0272731999451676
2446,72,0.8565649055716792
4200,72,0.6504089847898722
6051,72,0.704971916005971
9294,72,0.4335405158053877
10364,72,0.40933002011503405
11406,72,0.3359431031185133
15013,72,0.19627394456493433
18077,72,0.28116021021279214
18917,72,0.24479540080021325
22115,72,0.2002256504683083
25856,72,0.3236918960150682
27857,72,1.1245453840115134
3303,72,1.1597552907622355
4205,72,0.7321595943035769
5208,72,0.5734479799777481
6269,72,0.6432091877418532
9298,72,0.45923451873204474
11410,72,0.2963684515339402
27967,72,0.29750125160037894
28051,72,0.1473205401439332
16225,72,0.1860987797503098
17045,72,0.27184093684685884
18921,72,0.17438500824408823
19987,72,0.1602851797268998
21060,72,0.09851307294717397
27918,73,0.020951776985420514
8211,73,0.021651648385269943
9083,73,0.024725929146746616
28125,73,0.02716930158457061
20418,73,0.02564696094873213
5210,73,0.017986223525302367
6057,73,0.018047607010093367
7130,73,0.01993811887403785
7997,73,0.021334123109428962
9087,73,0.027298446777862216
9948,73,0.030600255906619453
18291,73,0.028033186338181984
18922,73,0.02919966872075583
19776,73,0.030734295546868615
20849,73,0.030357194076373398
21908,73,0.03231077850214565
3482,73,0.015237309971705037
4019,73,0.019107516394862266
4798,73,0.01894454087725599
5849,73,0.019717723574629416
7136,73,0.02099825996054957
8002,73,0.022408623566047548
9092,73,0.02903831163487263
10161,73,0.03275213210947917
11204,73,0.03567151602882379
12238,73,0.033158895253562935
16840,73,0.02327838909532972
17874,73,0.02256213344615816
18716,73,0.028735763799143724
19565,73,0.029985074498834443
21913,73,0.03490758690258722
2451,73,0.018168543494764156
3131,73,0.05929298925885719
4023,73,0.01333488751069446
5007,73,0.016028816567936623
5853,73,0.016964915063041146
6925,73,0.022352917914689276
9097,73,0.03288097061291622
10167,73,0.03544422707294742
11209,73,0.03197565703765458
12241,73,0.03057654622465645
13218,73,0.030997246312599605
14012,73,0.027780999966949074
1745,73,0.013637386423493639
2293,73,0.03918079722839122
3135,73,0.07401107209855855
4028,73,0.05961361558496812
27900,73,0.018185127504710272
7146,73,0.05053390824943046
8012,73,0.02438592978547133
1645,73,0.012457569709768485
3141,73,0.020595675541717345
7150,73,0.024522441422012407
9111,73,0.11866776390411564
12255,73,0.19099615930077044
16858,73,0.06234741164847979
1279,73,0.06596607452152999
11228,73,0.19742335823216686
12260,73,0.19039693480317535
13237,73,0.1883502514856795
17899,73,0.07101012364255899
21937,73,0.13102561079502553
1191,73,0.05875546469700912
5032,73,0.04555125039829309
10193,73,0.1164950758589986
28017,73,0.1964528413575781
13243,73,0.189066527207893
17904,73,0.0625830987636079
19810,73,0.11586691161120705
4833,73,0.11832474305451232
6096,73,0.04311992691152854
18749,73,0.0928913985395141
20888,73,0.19056631458705423
22995,73,0.17773735939732152
861,73,0.19673053059417295
24016,73,0.10004842086342801
788,73,0.19603584104578692
24021,73,0.10708655969137415
582,73,0.27138962736016425
15865,73,0.1746270419566542
24026,73,0.09420856125294944
25078,73,0.08603738706725723
6974,73,0.13920359239691232
15870,73,0.1739507628674089
24914,73,0.22974374033622216
27093,73,0.06984795311527257
8061,73,0.14229031652461277
15875,73,0.1418689111957366
25760,73,0.23750485798473603
305,73,0.28002820355179736
15880,73,0.1411800185117949
16903,73,0.13295456713351875
26316,73,0.24126562994123163
26733,73,0.04675214060326315
259,73,0.2805749191835438
8289,73,0.118764360919165
17944,73,0.09928828342897199
27108,73,0.10132667525574386
266,73,0.3564323762020295
8075,73,0.11659742336836787
270,73,0.27445350987151107
11283,73,0.05261473679616512
17953,73,0.04513193212823097
113,73,0.34089269155225876
11287,73,0.04117798490621135
17958,73,0.04921701967030302
18799,73,0.07402822644907164
27608,73,0.18167355175742628
234,73,0.24087685926519567
12324,73,0.061157533177357164
13301,73,0.019262722929021762
19654,73,0.10817697375844848
27127,73,0.05287753470608621
27411,73,0.12617337814767865
27674,73,0.22462894285592827
44,73,0.2957022742761053
11711,73,0.04363785444627736
19874,73,0.11541782246885729
27313,73,0.10168260814914926
27723,73,0.13187223910957607
16,73,0.41045607302212117
12334,73,0.040991136948433725
13312,73,0.03959123357418185
17973,73,0.057915992238705916
27137,73,0.05186567246143518
27623,73,0.06027464804910837
27795,73,0.1014649028660582
7,73,0.3722211054635072
103,73,0.3089347546252764
847,73,0.14006247359997723
12339,73,0.03973263049330218
13317,73,0.06702121742791343
19884,73,0.11542992401444366
27809,73,0.08971533134651362
2,73,0.36707951805751216
108,73,0.38640025182587523
299,73,0.23096591906639022
13322,73,0.0722190314711455
14115,73,0.0428316496758116
22231,73,0.09841577136754838
27381,73,0.1369417570152959
27633,73,0.07872474609134941
27814,73,0.16849539892315676
6,73,0.356011417373043
112,73,0.42508147354288045
258,73,0.42269596220278133
1275,73,0.36327957484545564
2541,73,0.023739680249998188
13326,73,0.023589392624425682
17988,73,0.060036863171949714
21180,73,0.14213738896343622
22025,73,0.13550135500277619
27436,73,0.13154916490696833
27638,73,0.14653359731538992
2385,73,0.07875567824563935
15732,73,0.08944827385250628
17993,73,0.0893292575706902
18834,73,0.0834607197878337
22031,73,0.15030104439278413
23079,73,0.2317172120688068
14130,73,0.017104485346541298
22036,73,0.2911984794856447
27869,73,0.377887671469223
2394,73,0.17285510611774235
4127,73,0.06812658455780331
14135,73,0.16405168155148733
15944,73,0.04392494881040779
3230,73,0.17716098936320654
15949,73,0.004808861473227945
3235,73,0.19384936673986936
18013,73,0.08121747615982308
22051,73,0.19770662279063989
2721,73,0.44543870141861025
20996,73,0.09773583325790927
25487,73,0.30582592512735396
2557,73,0.5254367698497806
3244,73,0.1535360136011285
4146,73,0.1096613352781792
4941,73,0.12302060968667501
18862,73,0.18898887268078632
19928,73,0.13503723481828087
21002,73,0.062183754018253774
24976,73,0.3027678095992997
5154,73,0.05239119801280631
18027,73,0.1824878248615366
22065,73,0.14063299162623466
3254,73,0.326690652585665
5159,73,0.20311610644289138
7077,73,0.13797426089796339
10319,73,0.27861571271340213
15973,73,0.3113260323570575
16996,73,0.31922541308148716
22071,73,0.1405688836206582
2406,73,0.6648052741739516
3259,73,0.33206780961259014
6224,73,0.15407820847643236
8164,73,0.16941864516176197
18037,73,0.2318348139476815
19944,73,0.0529616166090361
21016,73,0.24506618418125697
23123,73,0.13905408072887768
24991,73,0.15235702223169936
2411,73,0.5950345276598971
21021,73,0.009552872467677694
23337,73,0.1400053672594822
24128,73,0.2363843721086208
2416,73,0.6781819586349743
6234,73,0.29571420352551264
9264,73,0.1265694900243724
22085,73,0.2395918420089039
6239,73,0.3672957558591765
12413,73,0.38249665936096316
14989,73,0.16953268589917614
23138,73,0.16261794087987702
2426,73,0.6880185143517457
3279,73,0.44732389726068755
22095,73,0.2511789274078702
25011,73,0.28975286962387553
2431,73,0.5459705359318143
4186,73,0.5679644350309411
5189,73,0.5125202672486748
6248,73,0.4498065505501479
8189,73,0.385251823276131
14998,73,0.09540593729174578
22100,73,0.03832191889190244
23148,73,0.23593346804142065
24148,73,0.22515557636997846
25016,73,0.22588950595868268
1845,73,0.8535987605943227
2436,73,0.870602393301202
4190,73,0.5776703433058888
4985,73,0.6168153234782977
7113,73,0.4792902218965543
8413,73,0.5042134869124926
9502,73,0.5086570486875764
10354,73,0.3608104309889239
21046,73,0.19745830785159807
23153,73,0.2691466320040248
2441,73,0.6818676774999223
3119,73,0.7088357925977136
8199,73,0.4486294559510319
10359,73,0.41027679877530165
11401,73,0.29073212137216553
13388,73,0.4489419206295645
15008,73,0.11165457204760074
21051,73,0.2635741010002113
24158,73,0.3281937453350659
2446,73,0.7006144864055476
4200,73,0.7264686300691395
6051,73,0.6755960023305423
9294,73,0.42630949934798307
10364,73,0.437900007419564
11406,73,0.3609300869301645
15013,73,0.4391673707769483
17040,73,0.3298484993782513
18077,73,0.3947434255867482
18917,73,0.38635465083584575
22115,73,0.31169415035777054
24163,73,0.3593722985198772
25856,73,0.4015675814083247
27857,73,1.0327876450475209
3303,73,0.8474476396794768
4205,73,0.7066695999748371
5208,73,0.7466884380958344
6269,73,0.7106967682439397
9298,73,0.6374201601863339
11410,73,0.43658405195382655
27967,73,0.3160000968613015
28051,73,0.4536168179412564
16225,73,0.5202793989601608
17045,73,0.516264210001588
18921,73,0.4304186468145067
19987,73,0.4291915845784917
21060,73,0.2869963051014033
25860,73,0.40725801594346694
27918,74,0.02000954789735158
8211,74,0.02133920002345648
9083,74,0.024196174830982874
28125,74,0.02574930274012705
20418,74,0.023126465610646442
5210,74,0.013056200270380593
6057,74,0.012922856115803152
7130,74,0.017419939890171935
7997,74,0.019174231697538704
9087,74,0.024583351119627943
9948,74,0.02755677030627748
18291,74,0.02704999401154609
18922,74,0.027418040280755767
19776,74,0.027512850732242876
20849,74,0.023483164767342954
21908,74,0.025566875655585224
3482,74,0.011568626826012337
4019,74,0.014505034540389403
4798,74,0.014318551790476022
5849,74,0.013977018983889212
7136,74,0.01746010793940044
8002,74,0.019118809623607225
9092,74,0.025576258795544957
10161,74,0.029157534412778886
11204,74,0.031374075042138766
12238,74,0.02863053033677244
16840,74,0.02544106556346421
17874,74,0.023601539569477647
18716,74,0.027062899538772996
19565,74,0.026627397367704825
21913,74,0.026872722754107115
2451,74,0.018728509057014675
3131,74,0.039838489374179296
4023,74,0.008473644270121898
5007,74,0.011491114855908795
5853,74,0.011731990968142035
6925,74,0.016813109153788603
9097,74,0.027772476187056937
10167,74,0.030258170198733617
11209,74,0.028341333915765654
12241,74,0.02653628837708823
13218,74,0.025734099449460642
14012,74,0.02407704753060032
1745,74,0.014102998104228097
2293,74,0.03373293815410071
3135,74,0.07674069823375358
4028,74,0.02302209116931591
27900,74,0.012777011544740249
7146,74,0.015572420038810843
8012,74,0.05354022592637567
1645,74,0.011977921464199482
3141,74,0.03830434103275776
7150,74,0.059884581232312106
8016,74,0.020148232927225812
9111,74,0.05240477918518865
12255,74,0.038784446397890616
16858,74,0.0628711782960808
1279,74,0.06247286110396909
11228,74,0.0591279396415933
12260,74,0.06196582067125981
17899,74,0.12497932831021767
21937,74,0.13254861114105262
1191,74,0.0209806088829273
5032,74,0.03280311885264297
10193,74,0.0587943582386719
11233,74,0.05671017663843748
28017,74,0.10269338716678246
13243,74,0.04012791306500565
17904,74,0.14108229335028438
18744,74,0.12876655737649173
19810,74,0.12419488742850732
4833,74,0.028437853951536366
6096,74,0.031959592425862396
18749,74,0.10584704074757265
20888,74,0.1386477758449938
861,74,0.01711290022496641
24016,74,0.1303299842104808
788,74,0.01943369878329389
24021,74,0.13244603304379862
582,74,0.05471358315246462
15865,74,0.08900601431040739
25078,74,0.14529978469443053
6974,74,0.034119616582423594
15870,74,0.08652729163639529
24914,74,0.12744468308767304
27093,74,0.240339196832239
464,74,0.08994532369564531
8061,74,0.05880977940976183
15875,74,0.08950389711001266
305,74,0.1958191521271107
15880,74,0.08751705086270037
16903,74,0.1175500675064294
26316,74,0.11875817959258451
26733,74,0.1688177034511801
259,74,0.19934049489746294
8289,74,0.08641274780462585
17944,74,0.11539095906812959
27108,74,0.21426987239398557
266,74,0.1981100887738235
8075,74,0.055843105032392044
270,74,0.22908086753617876
11283,74,0.12112813717546093
17953,74,0.0904333286716222
18794,74,0.0876296321083791
113,74,0.3091358365674463
11287,74,0.08574153618544028
17958,74,0.1246432151455296
18799,74,0.06882969473850377
27406,74,0.12353221502781578
27608,74,0.2372242008950793
234,74,0.2528211889040051
13301,74,0.09316238739693307
19654,74,0.11877551686707184
27127,74,0.08615798371383857
27411,74,0.07804127242661398
27674,74,0.2013300649127221
44,74,0.33614372874870646
12124,74,0.08761236620439959
19874,74,0.12037029564575523
27313,74,0.09007243780578036
27723,74,0.12872264212464685
16,74,0.3586660799246551
12334,74,0.08543962568621914
13312,74,0.08883326371707977
27623,74,0.09164282694394267
27795,74,0.14128946056183345
7,74,0.3821189716774471
103,74,0.28029113429116853
847,74,0.2689591506817515
12339,74,0.09126967439745375
13317,74,0.11111517855436503
19884,74,0.1763979716880775
27809,74,0.018626271854865303
2,74,0.3855123768619405
108,74,0.24325671182668113
299,74,0.2934420132406218
13322,74,0.052016033384658315
14115,74,0.061530122123853656
22231,74,0.047715680224023276
27633,74,0.07159753800930627
27814,74,0.044459988656940945
6,74,0.3598050399799372
112,74,0.407526311615935
258,74,0.3903578656140538
1275,74,0.22962790726852778
2541,74,0.1446858288361587
13326,74,0.12916952252409097
17988,74,0.09346989135309045
21180,74,0.12653001684443532
22025,74,0.0494853110886266
27436,74,0.10139907788183011
27638,74,0.09921202411171115
2385,74,0.14908466127136313
15732,74,0.21284737273103943
17993,74,0.14295499708663104
22031,74,0.11985810851225542
23079,74,0.07580671679514363
14130,74,0.22889434836158074
22036,74,0.30283456647011275
27869,74,0.26344183583567204
4127,74,0.00926096689058428
14940,74,0.057684199799845064
15944,74,0.19396626662843314
3230,74,0.14634305985895907
14945,74,0.12098227073303885
15949,74,0.19794538221234068
3235,74,0.20452407468893963
14950,74,0.0628544185265752
18013,74,0.25550715918763306
22051,74,0.10419767186695066
2721,74,0.3351958058491923
18017,74,0.29857488906309215
20996,74,0.2701966053332279
25487,74,0.11926310327050696
2557,74,0.432868980822219
3244,74,0.20977841103343153
4146,74,0.1853061830629418
4941,74,0.10906873925517505
18862,74,0.33835359828955036
21002,74,0.24168296294513628
24976,74,0.18496207561996336
2396,74,0.43213072326434665
5154,74,0.1821732089850761
18027,74,0.339436942578643
19933,74,0.23504355764941423
22065,74,0.12900692688853108
3254,74,0.23746823643913087
6219,74,0.18297285407412114
10319,74,0.21980956470208537
16996,74,0.15638876012609737
22071,74,0.13300147283836286
2406,74,0.45383055268188566
3259,74,0.38265972403798476
6224,74,0.23188100102971493
18037,74,0.32626928109519154
19944,74,0.2397006384561171
21016,74,0.18773958006369018
22075,74,0.09793167294817919
23123,74,0.12581358840152448
24991,74,0.24028617250031253
2411,74,0.43960905696621233
21021,74,0.1798082196988877
23337,74,0.13779531016756363
24128,74,0.0187153734953173
2416,74,0.4476404286518313
5174,74,0.3881519229054477
9264,74,0.2016985672580068
22085,74,0.11464056906593886
3274,74,0.4848314233556712
6239,74,0.4071169062303584
12413,74,0.38823694927109437
2426,74,0.47360415338943823
3279,74,0.5518479361435475
22095,74,0.07948536288526509
25011,74,0.24160456613687706
1967,74,0.7435426118965621
2431,74,0.518570836383565
4186,74,0.5840646105860959
5189,74,0.349670815719549
6248,74,0.45843819425812776
8189,74,0.3966580430118721
14998,74,0.09162562564130913
22100,74,0.2576429784407584
23148,74,0.1362276874886147
24148,74,0.20218511557953997
25016,74,0.18131934045803957
1845,74,0.6440155318467478
2436,74,0.6217366997948662
4190,74,0.5276387101459763
4985,74,0.5139548500416465
8413,74,0.3506445393877458
9502,74,0.18349510664319124
10354,74,0.2090856753341561
21046,74,0.27062312068768135
23153,74,0.3468468782646444
24153,74,0.2984400886243735
2441,74,0.5951061751667901
3119,74,0.587713511232015
8199,74,0.35241318781409
13388,74,0.25379971920930117
15008,74,0.16465503587944683
21051,74,0.39956285770820266
24158,74,0.32121536948891344
2446,74,0.7410307840340251
4200,74,0.6846014900176739
6051,74,0.44345318259967964
7122,74,0.5869194364613701
9294,74,0.26856922543933354
10364,74,0.18123838613156104
11406,74,0.26779108623879894
15013,74,0.3937383508713847
17040,74,0.24315277362701868
18077,74,0.2786505888746713
18917,74,0.32437860070197294
22115,74,0.37602865600612173
24163,74,0.3540276961513231
25031,74,0.39746398214869144
25856,74,0.39240513721699083
27857,74,1.0196047530521364
3303,74,0.9906191026934829
4205,74,0.680405562454624
5208,74,0.590380494622598
6269,74,0.489201443923676
9298,74,0.37137316900951656
11410,74,0.15116223177593882
27967,74,0.45137609436570425
28051,74,0.34157562300962185
16225,74,0.3706005443321335
17045,74,0.3660447058955059
18921,74,0.3636449351315827
19987,74,0.3448280877628115
21060,74,0.34487976291230393
24166,74,0.4386899810346875
25860,74,0.42665919338981145
27918,75,0.02179158309678918
8211,75,0.020808834753813468
9083,75,0.01452771981523141
28125,75,0.017564774312314235
20418,75,0.017612131585928628
5210,75,0.025345662376752297
6057,75,0.028643622696778826
7130,75,0.02190220262041352
7997,75,0.021820807589039162
9087,75,0.012693750041537128
9948,75,0.008198286865734612
18291,75,0.021220403847130365
18922,75,0.02095204756309398
19776,75,0.020270677586531775
20849,75,0.014707375490083437
21908,75,0.015096191553482555
3482,75,0.014623222962992014
4019,75,0.01319089021212189
4798,75,0.021319771460634376
5849,75,0.02393298006122051
7136,75,0.022719850085250883
8002,75,0.02309153123454886
9092,75,0.015551130180088656
10161,75,0.009031195207237093
11204,75,0.010915022263238428
12238,75,0.009062133171952395
16840,75,0.024194552211311407
17874,75,0.02210800967959276
18716,75,0.02277197870370848
19565,75,0.020825205431445407
21913,75,0.016483359079416556
2451,75,0.018241382117786115
3131,75,0.045199693275064796
4023,75,0.014804606525432633
5007,75,0.01819734255266267
5853,75,0.019132383588620603
6925,75,0.01826528745574315
9097,75,0.015396846205149807
10167,75,0.014214284082900376
11209,75,0.00921868420211607
12241,75,0.00990857557645465
13218,75,0.01665399362401378
14012,75,0.018240660239269412
1745,75,0.04887702765861597
2293,75,0.0716027977524819
3135,75,0.0586841396459934
4028,75,0.03336628315176447
27900,75,0.016785109530197885
7146,75,0.03425945036831769
8012,75,0.0750144890484829
1645,75,0.04571816828195566
3141,75,0.028314200349818616
7150,75,0.08052704855224475
8016,75,0.07932563487871008
9111,75,0.15646210046490241
12255,75,0.11276740177742442
1279,75,0.011490392404038631
11228,75,0.17811742403237493
17899,75,0.28250717186581026
21937,75,0.014060710326392827
1191,75,0.021626988721818338
5032,75,0.039875799600811154
10193,75,0.08596542054124234
11233,75,0.1851823750329891
28017,75,0.18721279753038403
13243,75,0.12338817745076111
17904,75,0.1632264649022751
18744,75,0.22789179576431096
19810,75,0.22117990936987694
4833,75,0.03559397485966651
6096,75,0.05253699484797431
11238,75,0.10621764850583035
18749,75,0.1968535594422569
20888,75,0.07756246464685142
861,75,0.05817249985069005
24016,75,0.15427084223640045
788,75,0.05942762328116152
14856,75,0.19542076722962304
23005,75,0.1130796542560414
24021,75,0.11536394011680534
25073,75,0.13728219588580454
582,75,0.09800599328063879
15865,75,0.1424562503123999
25078,75,0.11383384970928571
6974,75,0.0489430846074597
15870,75,0.16461383897945336
24914,75,0.10948347536716053
25754,75,0.11830852761336906
27093,75,0.1616539721327774
464,75,0.13386139397161456
8061,75,0.08316233050703135
15875,75,0.14174928057009387
305,75,0.1712233509314534
15880,75,0.08463414727547879
16903,75,0.0904590490436955
26316,75,0.24377767596879596
26733,75,0.18838458999477772
259,75,0.17298743072909054
8289,75,0.08930105985927898
17944,75,0.11119195447946308
26321,75,0.18783537862687438
27108,75,0.2633557043760511
266,75,0.23666736224858215
8075,75,0.04327193913427044
17949,75,0.08012487592442155
270,75,0.20181683469248982
10449,75,0.05801659777260955
11283,75,0.05482483360715337
17953,75,0.09157671329669267
18794,75,0.09316129216993428
113,75,0.23899853081522332
10246,75,0.05635733133390946
11287,75,0.058445615582956474
17958,75,0.06835724121592983
18799,75,0.09647411633209402
27406,75,0.1532005586741188
27608,75,0.19338964878371873
234,75,0.23412955118407847
13301,75,0.15589094378464216
19654,75,0.12161863414338156
27127,75,0.13666751989434964
27674,75,0.09148719511639702
44,75,0.30694058907836297
19874,75,0.1168627638460553
27313,75,0.20938330135049513
27723,75,0.11112708096559412
16,75,0.3872970180889086
12334,75,0.08935491485227498
13312,75,0.14660572308484499
27623,75,0.08439020588221482
27795,75,0.03244233803358352
7,75,0.42536395052206133
103,75,0.34989544742798584
847,75,0.1371380807885172
12339,75,0.13172248059765487
13317,75,0.16666585178859758
19884,75,0.14775422406744615
27809,75,0.03755811856805329
2,75,0.4268403693937689
108,75,0.38537954836979
299,75,0.27924763688847565
13322,75,0.15924470764260676
14115,75,0.19623568579540168
22231,75,0.20441982384256402
27633,75,0.1425212842391681
6,75,0.46329731250684464
112,75,0.34956595788664957
258,75,0.3141989339250333
1275,75,0.20080207351913193
2541,75,0.11690539023965943
13326,75,0.19300234892964865
17988,75,0.10992218600968758
21180,75,0.11589444253345839
22025,75,0.07281789483326635
27638,75,0.1433145816269399
2385,75,0.11765976432840965
15732,75,0.11822422053937418
17993,75,0.11991338411799732
22031,75,0.09368201059061723
23079,75,0.1412363773480614
27607,75,0.22849365757086465
14130,75,0.12009165732980676
22036,75,0.07576083971519468
27869,75,0.23402634300155906
4127,75,0.12844545679186684
13341,75,0.1426213957598891
15944,75,0.20502401899095735
3230,75,0.2348843937413649
14001,75,0.1931856008581391
15949,75,0.20404686170158307
3235,75,0.28568955799482565
18013,75,0.25590059286115363
22051,75,0.15225750897251025
23099,75,0.11968922828913024
2721,75,0.2890763342876222
20996,75,0.179289039562667
25487,75,0.1305374378911831
2557,75,0.32885284838727447
3244,75,0.47395542624258835
4146,75,0.39055452502370414
4941,75,0.3577801598531929
18862,75,0.17852821418618373
24976,75,0.13364883812504322
2396,75,0.4387369544981069
3250,75,0.48176021940095165
5154,75,0.39040354122175625
18027,75,0.2887829883323826
19933,75,0.2884904734825554
22065,75,0.21389641202891585
2401,75,0.5277099740773875
3254,75,0.5469233344116181
9249,75,0.09094362997609852
10319,75,0.07919205393247268
16996,75,0.32149055673424376
19938,75,0.334773738675716
21011,75,0.28975159486154184
22071,75,0.3361305859797315
2406,75,0.5412011692187064
3259,75,0.5805191376828245
6224,75,0.4734098189662905
18037,75,0.43349316395645426
19944,75,0.3637922797031214
21016,75,0.362715280140073
23123,75,0.2866773312229528
24991,75,0.23369016357765016
2411,75,0.5516957078465153
7087,75,0.474738310636759
18882,75,0.469631653660013
21021,75,0.36008924523786423
23337,75,0.2856368406070564
2416,75,0.6278182057601597
4171,75,0.638289209358339
5174,75,0.6443424677803394
9264,75,0.38241559343098064
22085,75,0.42027813290812
3274,75,0.7349641799481396
12413,75,0.09090309338629761
1962,75,0.6697569506256064
2426,75,0.7810106410138655
3279,75,0.7318033989089981
22095,75,0.42072943335194707
25011,75,0.2440365942378406
1967,75,0.7030747562780497
2431,75,0.8116144543388035
4186,75,0.7612484026557794
5189,75,0.7362789397201857
6248,75,0.668556686020738
7107,75,0.6699896581322697
8189,75,0.571866407739303
14998,75,0.17893230002954225
22100,75,0.42715308669691565
23148,75,0.3561635870113033
24148,75,0.35267805344352615
25016,75,0.3616323887341924
1845,75,0.7792427836257583
2436,75,0.8761138037284716
4190,75,0.8005156704499037
4985,75,0.755495968733756
6039,75,0.7169858283390744
8413,75,0.6234131665931953
9502,75,0.6232839844569535
10354,75,0.6027832351352748
11396,75,0.5469920733125058
21046,75,0.3833242931147024
23153,75,0.3519944694485279
2441,75,0.9105286072046477
3119,75,0.9336683072732516
8199,75,0.6941732002070928
12433,75,0.5438319428331291
13388,75,0.31792272759671786
15008,75,0.22131323805318234
21051,75,0.3127261838463618
24158,75,0.33004168520505217
1741,75,0.8312115530495138
2446,75,0.921929882157439
4200,75,0.8407340961807389
6051,75,0.772399325204848
7122,75,0.7725148735534865
9294,75,0.7713418230495177
10364,75,0.6005952271292648
11406,75,0.5131314231445575
15013,75,0.2569429625405705
18917,75,0.20818228657733515
21056,75,0.3037238954777789
22115,75,0.3445248182066376
24163,75,0.36687620978923985
25031,75,0.34308468734045927
25856,75,0.35933190027329265
27857,75,0.9008391275577706
2288,75,0.8411901748310955
3303,75,0.8423520684135941
5208,75,0.8175287259835307
6269,75,0.8154335585538981
9298,75,0.7707228797555024
11410,75,0.5682345754946688
27967,75,0.43078170177779906
28051,75,0.26719522704434284
16225,75,0.2846207932081115
17045,75,0.24860364682531608
18921,75,0.27737991087036573
21060,75,0.31279345214720183
25860,75,0.3279507746315624
27918,76,0.015208479100149143
8211,76,0.016091588022325132
9083,76,0.008334682483092253
28125,76,0.011948124214830514
20418,76,0.008406031493328166
5210,76,0.020929227663051022
6057,76,0.025341995278952877
7130,76,0.014756326003518611
7997,76,0.014915617451959328
9087,76,0.005043490355449211
9948,76,0.010937131249956588
18291,76,0.0105170322550442
18922,76,0.010418314345178314
19776,76,0.010136099368430547
20849,76,0.006839103702066751
21908,76,0.008170775972577425
3482,76,0.007043863729763358
4019,76,0.007363614590755152
4798,76,0.015668774640457073
5849,76,0.018906986208621232
7136,76,0.016774526964478228
8002,76,0.017888625606648126
9092,76,0.01436377700848989
10161,76,0.01747409339484503
11204,76,0.015978874601783943
12238,76,0.020205418622112642
16840,76,0.01083469020363741
17874,76,0.009414780462859413
18716,76,0.009390068987776386
19565,76,0.008851557063342114
21913,76,0.007845099628061639
2451,76,0.009430892155509006
3131,76,0.03995510713982229
4023,76,0.006183582822823473
5007,76,0.007260171254594541
5853,76,0.009596784321022827
6925,76,0.014178327325713225
9097,76,0.01896233900830834
10167,76,0.020552910236991295
11209,76,0.02290721539010348
12241,76,0.018713590794601265
13218,76,0.008005610003327545
14012,76,0.006667030861892009
1745,76,0.03952381347546578
2293,76,0.04444752085080337
3135,76,0.03130335305703227
4028,76,0.019715594708527153
27900,76,0.007948733389312545
7146,76,0.060801323100308495
8012,76,0.015142793676845961
1645,76,0.06417243713200199
3141,76,0.030663573457909335
7150,76,0.008440394582861364
8016,76,0.018017713997091355
9111,76,0.13629450730100306
12255,76,0.10400815784932758
1279,76,0.0695727427158444
11228,76,0.22180198661047287
17899,76,0.14360178469336324
21937,76,0.042463159245641494
1191,76,0.0369757449084214
5032,76,0.00958735197369492
10193,76,0.0030618979182950403
28017,76,0.2687047776382547
13243,76,0.028098712840991684
18744,76,0.15273912756158078
19810,76,0.21595251533873241
20883,76,0.10118060977280274
4833,76,0.02327811575309992
6096,76,0.01231617964224707
11238,76,0.019922589513561188
18749,76,0.10767549485281912
20888,76,0.1173853381590458
861,76,0.02740185122628235
14047,76,0.07462841767837222
24016,76,0.06345665028082083
788,76,0.029590706648232365
14856,76,0.05799934209624582
24021,76,0.039574361359329055
25073,76,0.04392405607986214
582,76,0.10176119473502626
14055,76,0.04530495844442146
15865,76,0.04036285565386847
25078,76,0.03739305538362923
520,76,0.10232826699361731
6974,76,0.03096840767362822
15870,76,0.08535784641290407
24914,76,0.033617296692890465
25754,76,0.08842388054277932
27093,76,0.07194194303579136
464,76,0.13783168961440367
8061,76,0.021159429372650477
15875,76,0.03874565562771698
25760,76,0.00878082269113801
305,76,0.14060691764461644
7200,76,0.10437777563717283
15880,76,0.022096337919609313
16903,76,0.03990480008692949
26316,76,0.07968134527890369
26733,76,0.006874495811993019
27338,76,0.0072564602244609925
259,76,0.14566120557175127
8289,76,0.06094103716531704
17944,76,0.03131436082211565
26321,76,0.06840494055703154
27108,76,0.10557919981398352
266,76,0.20830078081685163
17949,76,0.04044265572166187
270,76,0.28621209487549837
10449,76,0.058488977712600844
11283,76,0.06383337437963625
17953,76,0.03780003222035292
18794,76,0.08990866373016075
113,76,0.2560355627438833
10246,76,0.058281305696425964
11287,76,0.06853669003755611
17958,76,0.06775434578028137
18799,76,0.09141563018080293
27406,76,0.18174412951038188
27608,76,0.24866967703972442
234,76,0.2783079676984297
13301,76,0.021291947062335004
19654,76,0.0594139409022276
27674,76,0.1361839577043659
44,76,0.32659559517553444
19874,76,0.09403615851715152
27132,76,0.1060213935716017
27313,76,0.14521530296171523
27723,76,0.16475002428019175
16,76,0.40378229137123134
12334,76,0.09056856269089886
13312,76,0.06902852921560827
27623,76,0.219913779350404
27795,76,0.15570273094620432
7,76,0.4201688940410639
103,76,0.3603383792590209
847,76,0.13280553915458054
12339,76,0.055460372584841884
14110,76,0.020862654130646335
19884,76,0.09634003632846551
2,76,0.49282385807989754
108,76,0.4339872519756905
299,76,0.18480104224613988
13322,76,0.09067286708509426
14115,76,0.09456350793359015
22231,76,0.14964068470081934
27633,76,0.2212136601418598
6,76,0.48881571422643394
112,76,0.35574232473389256
258,76,0.2895630921499206
1275,76,0.23863359106108037
2541,76,0.06558098450975426
13326,76,0.08400223749878943
17988,76,0.0380861882142497
22025,76,0.18308953538508588
2385,76,0.08955194204652839
15732,76,0.07071694063470535
17993,76,0.08269111285014308
22031,76,0.18245120821848113
23079,76,0.1777811842751661
27607,76,0.14651524210094816
14130,76,0.16451868037149245
22036,76,0.07416046476758252
27869,76,0.17716240355286048
4127,76,0.04836844044772137
13341,76,0.15398113459483262
15944,76,0.10658007942977142
3230,76,0.19701216916977157
14001,76,0.06065320603928033
15949,76,0.09160880827701587
3235,76,0.23827484902744195
18013,76,0.08960195701822299
22051,76,0.1667103583731693
2721,76,0.33723966492158025
20996,76,0.19187114478313955
25487,76,0.23062481757395817
2557,76,0.3547234357212163
3244,76,0.3062453847253634
4146,76,0.33008293692382246
4941,76,0.2986474050232104
18862,76,0.17108427523046674
24976,76,0.22528937275339303
2396,76,0.3240887490392037
3250,76,0.36884596436221284
5154,76,0.3302393349598482
18027,76,0.13578692812691748
19933,76,0.14982476946629666
22065,76,0.2578068576262301
3254,76,0.3997781238566842
9249,76,0.17279075000417843
15973,76,0.20068926295059822
16996,76,0.1802758342416127
22071,76,0.27994845709017463
2406,76,0.4177410405888758
3259,76,0.41196484151254165
6224,76,0.44370078952647307
18037,76,0.11590409547195878
18877,76,0.07810776766547499
19944,76,0.12036258633375903
21016,76,0.20345703278257202
23123,76,0.27904927897518594
24991,76,0.13337612569024054
2411,76,0.5419796380342911
3089,76,0.44578793992028415
18882,76,0.12494083703003221
21021,76,0.17078382632353414
23337,76,0.25658376259229015
2416,76,0.5634696515051263
4171,76,0.4497424731775188
5174,76,0.4076245605444626
9264,76,0.09752732803124295
14984,76,0.25222978076772296
22085,76,0.2677985223445927
25826,76,0.22300369660567518
12413,76,0.0969161154112706
23138,76,0.3100595584380329
2426,76,0.6618172693108411
3279,76,0.5996628242386094
8401,76,0.4377969943022582
22095,76,0.22389542567951917
25011,76,0.30227416057336226
1967,76,0.6275911836351982
2431,76,0.3626501741683117
4186,76,0.495752094984736
5189,76,0.4609428834002134
6248,76,0.3827940628824213
8189,76,0.32938579502047116
10349,76,0.1441450216087781
14998,76,0.11028865298914076
22100,76,0.19993868064838272
23148,76,0.2342547565346378
24148,76,0.22003859854873245
25016,76,0.21785230549238077
1845,76,0.6405948465897647
2436,76,0.4627627308574012
4190,76,0.4877003617714616
4985,76,0.5161708424625738
6039,76,0.4799559916147332
7113,76,0.47282310377274267
8413,76,0.530036962367996
9502,76,0.5316329325898961
10354,76,0.5783699549968385
15003,76,0.8765576074734533
21046,76,0.6153571156014281
23153,76,0.9539699038335413
2441,76,0.5430149947596629
3119,76,0.41173768403780187
8199,76,0.5282614502529352
11401,76,0.5681377758881339
13388,76,0.746024721849292
15008,76,1.06861103693993
24158,76,0.6720251591216718
2446,76,0.45536479110055367
4200,76,0.40274653440478925
6051,76,0.5962841160134426
7122,76,0.5090778559681354
9294,76,0.48694784750196796
10364,76,0.6069306540023451
11406,76,0.6212583470874996
12438,76,0.6388349743730922
15013,76,0.914026947438343
18917,76,1.1618513807961912
22115,76,1.4756891976579007
24163,76,0.9056758410923739
25031,76,0.19193245004906362
25856,76,0.18179542496788226
27857,76,0.7303784506874214
3303,76,0.8322697187714991
5208,76,0.4913116670231642
6269,76,0.47822017578157844
9298,76,0.48377798139573125
11410,76,0.6148394465177529
27967,76,0.23788603133228636
28051,76,0.14543530435336655
16225,76,0.14514519730973438
17045,76,0.7878439469617305
18290,76,1.0865541734618502
18921,76,0.9693306692462621
21060,76,0.8193518882311742
27918,77,0.015523910656970681
8211,77,0.01683008582737902
9083,77,0.01549324903180473
28125,77,0.009842246825944992
20418,77,0.007714780890078339
5210,77,0.014694731062995722
6057,77,0.016693610508479003
7130,77,0.010645871834031784
7997,77,0.011914845892957927
9087,77,0.012378101108996169
9948,77,0.014647032009732145
18291,77,0.010110139502241667
18922,77,0.010210238080055866
19776,77,0.009294377465333726
20849,77,0.005774249073557193
21908,77,0.0063135415540340875
3482,77,0.006957315702089624
4019,77,0.00943647545895071
4798,77,0.01306241945082636
5849,77,0.015354888152885972
7136,77,0.01053978641325996
8002,77,0.011832201934921644
9092,77,0.014014558097248936
10161,77,0.01685824048611725
11204,77,0.021100134462383853
12238,77,0.018696141138857196
16840,77,0.011032100257640053
17874,77,0.010302435735368137
18716,77,0.009525591358122878
19565,77,0.00864374147106872
21913,77,0.006225580017939767
2451,77,0.012357538290919274
3131,77,0.07911620323997222
4023,77,0.00528732139942153
5007,77,0.008688499270196109
5853,77,0.009627821375937935
6925,77,0.011100916268385198
9097,77,0.01604747618765794
10167,77,0.01835588987462823
11209,77,0.018878555786245588
12241,77,0.01733862711683298
13218,77,0.01686844420932471
14012,77,0.015041844486811196
1745,77,0.009831989078966877
2293,77,0.056800611834795144
3135,77,0.06967302636528801
4028,77,0.006511642609616897
27900,77,0.00787797838904592
7146,77,0.06469608719247881
8012,77,0.010921681672506066
1645,77,0.05480162044676535
3141,77,0.03835005744740277
7150,77,0.004595162418098107
8016,77,0.00890650625242179
9111,77,0.13246702914941844
12255,77,0.1344241270667511
16858,77,0.0677212651053887
1279,77,0.018188545399636998
11228,77,0.1356809429099944
12260,77,0.13533670733065734
17899,77,0.006551356476204234
21937,77,0.14303316204850144
1191,77,0.03322124270634541
5032,77,0.013920396329574905
10193,77,0.13735602700272037
28017,77,0.18449518145911803
13243,77,0.07372331358465538
18744,77,0.008501953168025532
19810,77,0.007497325462545434
20883,77,0.06762540415220698
4833,77,0.025984300390295607
6096,77,0.0596689820381267
18749,77,0.07070063960110337
20888,77,0.06812861180652763
861,77,0.024752576171695326
14047,77,0.1497320679142113
24016,77,0.07647431438764372
788,77,0.035419962836246856
14856,77,0.10926419315263479
24021,77,0.07888749367036024
25073,77,0.03968830145411898
582,77,0.026261256810004362
15865,77,0.06600237074652854
25078,77,0.0901725834881876
520,77,0.04095106190070533
6974,77,0.0654657217018948
15870,77,0.029391146176462865
24914,77,0.08331441671834847
25754,77,0.09525187595343369
27093,77,0.07254784831369844
8061,77,0.029660774082465393
15875,77,0.06164509854963777
25760,77,0.1482909093814301
305,77,0.07040789228882674
8065,77,0.10283051350968755
15880,77,0.03758264651292182
16903,77,0.037844909820706533
26316,77,0.1601574679430506
26733,77,0.07405185971858917
27338,77,0.09827736028883811
259,77,0.10773553721287757
8289,77,0.09599821213643851
15884,77,0.023196206159048667
17944,77,0.03856898839202792
26321,77,0.14956182866926632
27108,77,0.12663653155224017
266,77,0.16982469417324922
17949,77,0.03866322870750762
270,77,0.1727510067401718
10449,77,0.022856327136235317
11283,77,0.09355622590778805
17953,77,0.022712550657012616
18794,77,0.026601568686724378
113,77,0.2489908598902469
10246,77,0.05330907356801873
11287,77,0.09147539047827336
17958,77,0.0674706866571374
18799,77,0.0621648995539003
27406,77,0.09160628323664537
27608,77,0.15323688880378591
13301,77,0.06003784366583568
19654,77,0.09063656753067756
27411,77,0.06900482986020401
27674,77,0.21013798798647673
44,77,0.32932325953507907
12124,77,0.05113128678166955
27313,77,0.06934673142015602
27723,77,0.1430799290788632
16,77,0.33180925807066347
131,77,0.32887854588540455
12334,77,0.013385007843978142
13312,77,0.07071830256186673
27795,77,0.13017485024536724
7,77,0.3683499462982573
103,77,0.3141095116443894
847,77,0.09649026887898413
12339,77,0.03216231746335335
14110,77,0.08455179119090195
19884,77,0.11156923445541804
2,77,0.3704983843501443
108,77,0.36641460709286267
299,77,0.1803246511473177
1738,77,0.08424418673201146
13322,77,0.00657831803579125
14115,77,0.0069665873951830545
22231,77,0.1475783871310237
27633,77,0.07000802111565414
27814,77,0.13326882866249856
6,77,0.4060067213154879
112,77,0.30068329509539604
258,77,0.2689871951077821
1275,77,0.12413352245312313
2541,77,0.014888340622125509
13326,77,0.10770795566735282
17988,77,0.07482394046499562
22025,77,0.1804739726264451
27818,77,0.09449832417317447
2385,77,0.04722122628882338
11322,77,0.07818785379351484
15732,77,0.006640684467295778
22031,77,0.1344321347952341
23079,77,0.12721968019644864
27607,77,0.08866087897895912
14130,77,0.06880290170965049
22036,77,0.12208249043897551
27869,77,0.11997177942524109
2394,77,0.10676796089496372
3228,77,0.030379752021735946
4127,77,0.05566145027169456
13341,77,0.0729471332470453
14135,77,0.11783885565644145
15944,77,0.03964018180693941
3230,77,0.09825076316949662
15949,77,0.023047252983315347
3235,77,0.12941737631928849
18013,77,0.03561970951061146
22051,77,0.12803105107793586
2721,77,0.20107883979564875
20996,77,0.09723745188253678
25487,77,0.12551494390559167
2557,77,0.2313209937173166
3244,77,0.1982384905503079
4146,77,0.19235275696865425
4941,77,0.1357211512795876
16986,77,0.04123500159796751
18862,77,0.10079298102254461
22060,77,0.11812814705751057
24976,77,0.17450003103619896
2396,77,0.3536413242079212
5154,77,0.13607457450881025
9244,77,0.17827305783092615
18027,77,0.1416456839900397
19933,77,0.1361903471441958
22065,77,0.10209739459169691
3254,77,0.2846552629588265
6219,77,0.1078778462765462
9249,77,0.10871594967620377
15973,77,0.01942711205661962
16996,77,0.07020437664320882
22071,77,0.10373872159284694
2406,77,0.4099920958459579
3259,77,0.3199452355010182
6224,77,0.21194019965095537
8164,77,0.10466611886537715
18037,77,0.2291248049350805
19944,77,0.21024307382179333
21016,77,0.14951657059065046
22075,77,0.17384561196116308
23123,77,0.13805416470917764
24991,77,0.2758125050459511
2411,77,0.4316114421595906
3089,77,0.3854262094257542
21021,77,0.14958835265579215
23337,77,0.11133955047726199
2416,77,0.4415985026867955
4171,77,0.4044280952459082
5174,77,0.37486527838105826
9264,77,0.2466695643079207
14984,77,0.07925014052200399
19953,77,0.18664039503198962
22085,77,0.20714529041324165
12413,77,0.042364338369144154
23138,77,0.19924986849836077
2426,77,0.5655077913634184
3279,77,0.47925039265438385
4181,77,0.4385494972663006
8401,77,0.3298630779704542
22095,77,0.2000396812478402
25011,77,0.24211132624239515
1967,77,0.5063602745942913
2431,77,0.6335145046651084
4186,77,0.4818747756875626
5189,77,0.45142889618600307
6248,77,0.4737031520443884
8189,77,0.4717907088899593
10349,77,0.2645489185849469
14998,77,0.1286110809702353
22100,77,0.20150893509879236
23148,77,0.19044836543855254
24148,77,0.18555221972639294
25016,77,0.27093971526650484
1845,77,0.5290498251852573
2436,77,0.6300364011733255
4190,77,0.5010958942231745
4985,77,0.49453652576963913
6039,77,0.4827106577072399
8413,77,0.5221715804058938
9502,77,0.46197827863455604
10354,77,0.3544689932781002
15003,77,0.06800671362905669
21046,77,0.18140757301188148
23153,77,0.21521426370441768
2441,77,0.7093096669920806
3119,77,0.7651864026373684
6259,77,0.5084611984116989
7117,77,0.5347445918353664
8199,77,0.5111730623444114
11401,77,0.27976138466967865
13388,77,0.13940976393011112
15008,77,0.1308761387645869
24158,77,0.27852820125594424
2446,77,0.776551719938055
4200,77,0.8111988418563127
6051,77,0.6064154448386655
7122,77,0.5414869433185143
9294,77,0.5224259794273769
10364,77,0.29283379580055413
11406,77,0.29375749777359955
12438,77,0.27623138167211087
15013,77,0.11081965986423228
18077,77,0.11774156696245454
18917,77,0.1470686659505703
22115,77,0.21799018517079313
25031,77,0.294389689607948
25856,77,0.29136548339057566
27857,77,0.7223455603120638
3303,77,0.6834912625748473
5208,77,0.6620146586660169
6269,77,0.5825205543657902
9298,77,0.45022938558594877
11410,77,0.33207688318292294
27967,77,0.21923306640905538
27981,77,0.1923350435321186
28051,77,0.11883393401376345
16225,77,0.13950451225140265
17045,77,0.12053461278304006
18290,77,0.15076686079628732
18921,77,0.15183001249062453
19987,77,0.15278781136483585
21060,77,0.20834168639989462
24166,77,0.24450285047368103
27918,78,0.011159080958828737
8211,78,0.011240339657286073
9083,78,0.0097665834383311
28125,78,0.01213503562063108
20418,78,0.008755171146734644
5210,78,0.019915954257488253
6057,78,0.021344999663506746
7130,78,0.009367503591899593
7997,78,0.008214992380909395
9087,78,0.00592388342553922
9948,78,0.00833824495432242
18291,78,0.00644934472147822
18922,78,0.006954907738753237
19776,78,0.006574776721262958
20849,78,0.007117174371358286
21908,78,0.006773907255592391
3482,78,0.011538615760420977
4019,78,0.0135058305610783
4798,78,0.017308282403266997
5849,78,0.01944391990608577
7136,78,0.01004552848161478
8002,78,0.009270787459111455
9092,78,0.00636581992894219
10161,78,0.009887499164145353
11204,78,0.012229715597685348
12238,78,0.00782262019498976
16840,78,0.005588279176240022
17874,78,0.006439636012662352
18716,78,0.0038577266022526593
19565,78,0.005107171032740518
21913,78,0.0019483321151180385
2451,78,0.013237437434639107
3131,78,0.0704317692200088
4023,78,0.012038914077195161
5007,78,0.014964157443640278
5853,78,0.015908993916585044
6925,78,0.01259129138600623
9097,78,0.00933713356834122
10167,78,0.010564068156608571
11209,78,0.009205867080627938
12241,78,0.006788616165030458
13218,78,0.0030497850170003496
14012,78,0.0007187028535900001
1745,78,0.01081486733554378
2293,78,0.04731474823427402
3135,78,0.0881693630164134
4028,78,0.030500822507278053
27900,78,0.012828141340708586
7146,78,0.01150993050920058
8012,78,0.004038428168572715
1645,78,0.043959247327138615
3141,78,0.008665414783884091
7150,78,0.07466173085574049
8016,78,0.07000363545334297
9111,78,0.06582812094615441
12255,78,0.0693183402354856
16858,78,0.0027321889237838736
1279,78,0.04458106389890714
11228,78,0.14167567798356648
13237,78,0.19039836513185396
17899,78,0.0732800998024393
21937,78,0.07190146115608645
1191,78,0.03337758090875515
5032,78,0.017823739842170516
10193,78,0.009141699994551652
11233,78,0.14306183423650648
28017,78,0.22184484728223633
13243,78,0.07237018258080077
18744,78,0.07587054397146667
19810,78,0.07563272648821841
20883,78,0.08329932639930315
4833,78,0.040588478079795126
6096,78,0.017268215342215808
18749,78,0.004875560341605564
20888,78,0.08461064212676811
861,78,0.0979039742189413
14047,78,0.11418683567090235
24016,78,0.14110378026866346
788,78,0.13696532171824538
14052,78,0.11033016570554462
14856,78,0.15207824067069317
24021,78,0.08599606162325933
25073,78,0.11681668108320749
582,78,0.17910103976477268
15865,78,0.07363213490793998
25078,78,0.08639027203514796
6974,78,0.036407504448267125
15870,78,0.1174455025689737
24914,78,0.09056085513299332
25754,78,0.07489913608512651
27093,78,0.08896494173056244
8061,78,0.04457262579480331
15875,78,0.10651952355079972
25760,78,0.06990280916409636
305,78,0.1795210836074537
8065,78,0.08473427294462456
15880,78,0.07034607095055163
26316,78,0.0710105551284647
26733,78,0.14628549545913608
259,78,0.1775432533116538
8289,78,0.012696679742973909
9161,78,0.05068639771981008
15884,78,0.06738278173934424
17944,78,0.05753524064456389
26321,78,0.0719137839953898
27108,78,0.14437817529083108
266,78,0.13737512408061864
17949,78,0.040389610810274146
270,78,0.17621712008565205
10449,78,0.028604912737744837
11283,78,0.04589039584748728
17953,78,0.07108161370719143
18794,78,0.01462069916064856
113,78,0.1370778825344017
10246,78,0.0263553672471592
11287,78,0.018524056290123707
17958,78,0.09204800940361464
18799,78,0.037316451780682144
27406,78,0.07610651217289427
27608,78,0.05997312341526504
13301,78,0.02931346032632699
19654,78,0.0397156432451865
27411,78,0.07750325722830796
27674,78,0.01572927854280418
44,78,0.20624138988806145
27313,78,0.024818960215938993
27723,78,0.023904160136923928
16,78,0.24374635063847697
12334,78,0.021339412801409257
13312,78,0.01607020776192526
27795,78,0.02178447006718159
7,78,0.2815850282883296
103,78,0.2773471339677828
847,78,0.14595228877994712
12339,78,0.05518716433060816
14110,78,0.0876167382423756
19884,78,0.013252329102933303
2,78,0.3201094530975029
108,78,0.24413600561526663
299,78,0.17734251998813666
1738,78,0.025077646765452537
13322,78,0.030993877161590917
14115,78,0.025035582235467205
22231,78,0.044227223988173144
27633,78,0.0674403677113271
27814,78,0.010618519969270627
6,78,0.2857655165764453
112,78,0.22784946440349232
258,78,0.19400298987063444
1275,78,0.13901483876767526
2541,78,0.05577582591814294
13326,78,0.1494483194405438
17988,78,0.0545181756494316
22025,78,0.06926036738608496
11322,78,0.11190083377022977
15732,78,0.04922214016006932
18834,78,0.02506764131464484
22031,78,0.06507917571062409
23079,78,0.033520466873452726
27607,78,0.07869626357086537
14130,78,0.06766941533155767
22036,78,0.04381363974813157
27869,78,0.12241059117798603
2394,78,0.08461723492105651
3228,78,0.061629786579003365
4127,78,0.10999665632985411
13341,78,0.07802564442671893
14135,78,0.06511376394195288
15944,78,0.05978903688568953
3230,78,0.18531052663868713
15949,78,0.03383454170034735
3235,78,0.15503094677585366
4137,78,0.08427890473670634
18013,78,0.0672371945125465
22051,78,0.11455471860783507
2721,78,0.16241902236900901
18017,78,0.0935232271669353
20996,78,0.1510623306124379
25487,78,0.15602250807769363
2557,78,0.18887174063278608
3244,78,0.3031211587259251
4146,78,0.23583338630798026
4941,78,0.09843845769016808
18022,78,0.07529873878667859
18862,78,0.03605122393172825
24976,78,0.14461398058472383
2396,78,0.21138513201026743
9244,78,0.07708473347401361
18027,78,0.07375429658868084
19933,78,0.0705457921098874
22065,78,0.1735707289218621
2401,78,0.3072391640947407
3254,78,0.3509797416832642
10319,78,0.07247524131911773
15973,78,0.09374478510130169
16996,78,0.09458768959566966
18872,78,0.01946042196535131
19938,78,0.044208689876728303
22071,78,0.07066538876691518
2406,78,0.3224908824226124
3259,78,0.4282352879575643
6224,78,0.3094016242090274
18037,78,0.11798073945357374
19944,78,0.07620242077365814
21016,78,0.09452388494542302
22075,78,0.03612623278212604
23123,78,0.16105609216358266
24991,78,0.21982236243903397
2411,78,0.2701438896859632
3089,78,0.376687859066629
7087,78,0.2706120754224698
21021,78,0.0943280930828939
23337,78,0.17541399045461328
2416,78,0.24772811437032272
4171,78,0.4099691168734577
5174,78,0.4817922147346489
6234,78,0.46962820468210686
9264,78,0.1521391414178997
14984,78,0.0918595040370764
15988,78,0.10059953296319459
19953,78,0.07212627049904949
21026,78,0.09724282555777043
22085,78,0.18039282084586147
24133,78,0.1966133142176386
3274,78,0.427323100308233
12413,78,0.14863026999222065
18052,78,0.09782857014749978
23138,78,0.18060077185098145
1962,78,0.3694785026263535
2426,78,0.46927537856660506
3279,78,0.4414536385285804
4181,78,0.4011020962423827
6244,78,0.5087444238990612
8401,78,0.2998308139737817
22095,78,0.10056627010958774
25011,78,0.1807525139051202
1967,78,0.41872436118383705
2431,78,0.5656425231899792
4186,78,0.3783901479341951
5189,78,0.4089582589952137
6248,78,0.486028519511117
8189,78,0.40639340233892685
10349,78,0.24495968923528733
14998,78,0.0593682886583093
19114,78,0.09593394220836877
22100,78,0.19689156177927658
23148,78,0.2130691447948068
24148,78,0.2178150167996978
25016,78,0.11628469956344507
1845,78,0.4972908141940774
2436,78,0.6324133345154469
4190,78,0.4023202014132275
4985,78,0.3921179158531159
6039,78,0.4230134315282093
8413,78,0.44593304485868046
9502,78,0.34958886938687633
10354,78,0.3191789687661482
11396,78,0.22529908268841511
15003,78,0.05302031797791727
21046,78,0.06393172827982874
23153,78,0.2266484943282963
2441,78,0.6593048452464195
3119,78,0.6196828981367891
7117,78,0.5226556248173284
8199,78,0.46479868992976553
11401,78,0.3170480312166491
13388,78,0.13751713388763526
24158,78,0.18546839346391217
1741,78,0.5649953661410922
2446,78,0.6740164337327021
4200,78,0.5311502144245285
6051,78,0.4657322624887393
7122,78,0.5290780676117438
9294,78,0.45693937542677265
10364,78,0.3049305385851127
11406,78,0.24284435854730477
15013,78,0.1058631496616296
18077,78,0.05824055954441461
18917,78,0.046787884762345945
21056,78,0.08378391994028908
22115,78,0.12243692520097292
25031,78,0.16283434948426
25856,78,0.11368709584660741
27857,78,0.5738766478330927
2288,78,0.5413921383201487
3303,78,0.5289571496558819
5208,78,0.47072805506808213
6269,78,0.52362710917701
9298,78,0.35569033673362715
11410,78,0.27874449043462673
27967,78,0.20675229683863666
27981,78,0.16066863658623523
28051,78,0.12038560012795395
16225,78,0.10782817338991606
17045,78,0.19099388388672525
18921,78,0.09211942410167126
19987,78,0.09544502670200676
21060,78,0.09028444548521011
25860,78,0.21778017331116317
27918,79,0.012719330401513846
8211,79,0.013082375368777705
9083,79,0.01267661250169512
28125,79,0.01404119161125682
20418,79,0.010540075405910414
5210,79,0.013526460907263475
6057,79,0.016731113970897285
7130,79,0.010585168710499089
7997,79,0.010222601386905531
9087,79,0.002141161207398684
9948,79,0.0053034547071912795
18291,79,0.011520050788012602
18922,79,0.011329466507212766
19776,79,0.010064252983424681
20849,79,0.008105347651439176
21908,79,0.008101775503484447
3482,79,0.007146768400517258
4019,79,0.007541833024086136
4798,79,0.010170505818185616
5849,79,0.013080562394639453
7136,79,0.011460831575761813
8002,79,0.011503848569178457
9092,79,0.004323395196486305
10161,79,0.006256838850543449
11204,79,0.004739990683210011
12238,79,0.005045600564233108
16840,79,0.010260905936362214
17874,79,0.009813352536396746
18716,79,0.008914948126281033
19565,79,0.009079298102671064
21913,79,0.003093852706969687
2451,79,0.006564972969755312
3131,79,0.035332800130031206
4023,79,0.006217695389769186
5007,79,0.006062899907724761
5853,79,0.006899735212300887
6925,79,0.006783010723402545
9097,79,0.007126898693488174
10167,79,0.00759636790158553
11209,79,0.006917681183615538
12241,79,0.004295433069335842
13218,79,0.004943323165168024
14012,79,0.0054934771905124045
1745,79,0.006524225512954562
2293,79,0.03995256751890055
3135,79,0.08500280089375958
4028,79,0.022356669969897217
27900,79,0.004137844173272002
7146,79,0.00489384851368931
8012,79,0.006252262674741994
1645,79,0.05248856841045258
3141,79,0.03417527875621887
7150,79,0.002200958028557185
8016,79,0.010768099851757916
9111,79,0.05336573232986288
12255,79,0.010850982401139008
16858,79,0.014698189952672379
1279,79,0.06526138092421518
11228,79,0.0174323355279355
13237,79,0.07489102272202008
17899,79,0.06736402372669781
21937,79,0.033304745649815365
1191,79,0.02742291962856193
5032,79,0.03264943283274152
10193,79,0.04016558497910919
11233,79,0.09020678724632863
28017,79,0.08417513531479232
13243,79,0.020910449805747192
18744,79,0.01641041825121093
19810,79,0.07924291539739493
20883,79,0.017713450675142184
4833,79,0.019104914077977556
6096,79,0.01896999399053363
18749,79,0.0381393184882539
20888,79,0.0719961252044012
861,79,0.03073441308090882
14047,79,0.011897460095594312
24016,79,0.013069494774756392
788,79,0.016061370794033566
14052,79,0.0427176460117743
14856,79,0.014936026721675842
24021,79,0.07956133483291583
25073,79,0.07261248282880112
582,79,0.033709654517250845
14861,79,0.011447653381351614
15865,79,0.0709923857445175
25078,79,0.07340996003989024
6974,79,0.01773606507830923
15870,79,0.04034770067162478
24914,79,0.07492008221824559
25754,79,0.11209674026208123
27093,79,0.07176226852697071
8061,79,0.03782566110128705
15875,79,0.013630660853884447
25760,79,0.04665346691570456
305,79,0.13404003761513225
8065,79,0.03012419798546411
15880,79,0.0373431646856904
26316,79,0.05080695134143345
26733,79,0.05004440864712384
259,79,0.13412692586680733
8289,79,0.046275488771564184
9161,79,0.04259112045489548
15884,79,0.02431928392995715
16909,79,0.044106575305735723
17944,79,0.07578258314571461
26321,79,0.12169099497063332
27108,79,0.04927357153415952
266,79,0.1271854069082832
17949,79,0.04348960330686503
270,79,0.13130487349488498
10449,79,0.010651517697757181
11283,79,0.008420021755259788
17953,79,0.05106337632635658
18794,79,0.010189645309750276
113,79,0.1674493901300176
10246,79,0.050789327930973655
11287,79,0.036217745950212966
17958,79,0.09200034001825365
18799,79,0.057620880631392944
27406,79,0.09404175219860927
27608,79,0.14087511357913896
13301,79,0.020986731883092705
19654,79,0.054716409013369834
27127,79,0.05065472992848797
27411,79,0.04433376209324597
27674,79,0.053544852015800316
44,79,0.16485797096798663
27132,79,0.04298117718882513
27313,79,0.09743161702178223
27723,79,0.04588545181884988
16,79,0.2032565894103803
12334,79,0.018989427049679895
13312,79,0.030304810442105003
27468,79,0.08141544440455543
27623,79,0.0803044274806596
27795,79,0.036809913671641326
7,79,0.2050225345933518
103,79,0.12800963696246265
847,79,0.09251000372335319
12339,79,0.019267263452249155
14110,79,0.05499268724062234
19884,79,0.09083824920787882
2,79,0.21145728118234255
299,79,0.13922665266204917
1738,79,0.02587604980156433
13322,79,0.027603784426109727
14115,79,0.026152581945394437
22231,79,0.09435813474961188
27633,79,0.03951025883480824
27814,79,0.11018900702664795
6,79,0.24982756083434804
112,79,0.1904725397932502
258,79,0.14157061427208853
1275,79,0.10035794493936159
2541,79,0.021941980375843013
13326,79,0.02374164619793013
17988,79,0.0247768774881639
22025,79,0.09122882388359402
27436,79,0.14127679747713326
27638,79,0.07822990908888568
11322,79,0.055468873788398355
15732,79,0.05242949591567847
18834,79,0.07126486780147726
22031,79,0.08486048556094607
23079,79,0.12724731025945463
27607,79,0.19255136706404705
14130,79,0.02891865896953277
22036,79,0.05314130130002135
27869,79,0.09021313299927537
2394,79,0.13906305891609141
3228,79,0.03973648350489099
13341,79,0.018337185903239624
14135,79,0.0984357568468747
15944,79,0.04776370903551372
3230,79,0.09383271246517494
15949,79,0.050512945290745605
3235,79,0.16958419733786972
18013,79,0.051759505514926335
22051,79,0.14119976144998458
2721,79,0.11332099377425497
15958,79,0.029917946143733515
18017,79,0.1035268405522071
20996,79,0.102970234164106
25487,79,0.058339463805016464
2557,79,0.17753648424844704
3244,79,0.2946258833937679
4146,79,0.1980042468644324
4941,79,0.23904630228538828
18022,79,0.05042728064461831
18862,79,0.05545823550513411
21002,79,0.07146218286773022
24976,79,0.07716640875070499
2396,79,0.2409272981496777
18027,79,0.04399448057026003
19933,79,0.0539865882881587
22065,79,0.05799592481515785
2401,79,0.24232300458502964
3254,79,0.3381197666125732
10319,79,0.04464226377975356
15973,79,0.04290971637509311
16996,79,0.04437393676681989
18872,79,0.05129415488453556
19938,79,0.05139847860685747
22071,79,0.19393907651317574
2406,79,0.25202357811218845
3259,79,0.30585628688315825
6224,79,0.2664660650643385
7082,79,0.19611319648695533
18037,79,0.0668539960317161
19944,79,0.04766925663251023
21016,79,0.05331800485811799
22075,79,0.189539464258831
23123,79,0.05099238507299008
24991,79,0.18517263155198047
2411,79,0.3007845873941311
3089,79,0.3755738932314399
18882,79,0.04892240317701133
20163,79,0.06257292461826912
21021,79,0.054659893522299365
23337,79,0.04993902467010701
2416,79,0.33213935718362064
4171,79,0.3524267393243611
5174,79,0.3882572662142383
6234,79,0.3258083631661031
9264,79,0.15808755966746485
14984,79,0.09823888556079323
15988,79,0.18381461384905148
19953,79,0.056527666770367066
22085,79,0.06444729640637681
3274,79,0.39446469847933835
6239,79,0.3887709856325481
12413,79,0.042510038067672846
18052,79,0.07010862172453204
21031,79,0.045944632348521273
23138,79,0.05917738751841865
2426,79,0.42205737363344115
3279,79,0.4622586483459672
23143,79,0.2048586691971299
25011,79,0.07103980707841226
1967,79,0.3123049208082382
2431,79,0.4042887450191104
4186,79,0.4071614377174382
5189,79,0.44385751176481153
6248,79,0.4118960144534602
8189,79,0.3490867244549497
14998,79,0.048874628485182064
19114,79,0.025147333276839712
22100,79,0.0645014059745044
23148,79,0.08610137070648913
24148,79,0.21304890361110593
25016,79,0.2106592408340007
1845,79,0.32929143646843345
2436,79,0.47910931976921184
4190,79,0.39502607671776624
4985,79,0.40736301915947315
6039,79,0.40998065555627855
8413,79,0.3454125946970497
9502,79,0.32062514164282907
10354,79,0.20227575544084528
15003,79,0.06606853283826937
21046,79,0.07515517624507219
23153,79,0.08606215358533256
2441,79,0.5864656699706841
3119,79,0.5559583337942693
7117,79,0.3801573959871787
8199,79,0.36373534988038164
10359,79,0.27806776225602053
11401,79,0.20571752092024406
13388,79,0.030874136126889842
22110,79,0.08519742332703995
24158,79,0.22844560085680962
1741,79,0.45649438332339864
2446,79,0.5969067281922681
4200,79,0.5078733541758547
6051,79,0.429294194679039
7122,79,0.38032658056492424
9294,79,0.2740115127333548
10364,79,0.18326301761677916
11406,79,0.3119581961912599
15013,79,0.13292855132074088
18077,79,0.028648319770674887
18917,79,0.07402331407675611
22115,79,0.10083277126864115
25031,79,0.10439327585585288
25856,79,0.21830111417417286
27857,79,0.4688260727588308
2288,79,0.4521791664795988
3303,79,0.5680390750608634
4205,79,0.543059691873314
6269,79,0.3589040695194479
7126,79,0.334918285504712
9298,79,0.3914050229806898
11410,79,0.16448521296398794
27967,79,0.1867775529208433
27981,79,0.05943362677149116
28051,79,0.12820211412932728
16225,79,0.04726434886041957
17045,79,0.1362259465087963
18921,79,0.05243588788306996
21060,79,0.08570028478705045
25860,79,0.22201234064450123
