material_id,transition,epe
27918,0,0.030352837431611525
8211,0,0.030713765114337006
9083,0,0.21483264015776157
28125,0,0.10799239390769454
20418,0,0.14407056819927175
5210,0,0.15874922756487156
6057,0,0.09939192720131418
7130,0,0.06626434565366227
7997,0,0.07013997620175925
9087,0,0.06928714871895864
9948,0,0.06135313763761367
18291,0,0.17806905091585343
18922,0,0.1987467302557018
19776,0,0.20201228313163208
20849,0,0.1951024353146064
21908,0,0.19068166589752078
22958,0,0.22604065518753455
3482,0,1.1510389665621472
4019,0,0.7950014456821278
4798,0,0.4324261681639425
5849,0,0.07658174862877201
7136,0,0.07355935505807379
8002,0,0.07111446374747026
9092,0,0.07498667452857839
10161,0,0.0690662166198174
11204,0,0.06249952724525222
12238,0,0.0867699903794796
16840,0,0.08376515906699972
17874,0,0.12549203638780176
18716,0,0.19756034633843908
19565,0,0.20064184188888534
20854,0,0.2082163165764576
21913,0,0.21158290537787325
22961,0,0.23450031019820483
23977,0,0.12972079477678783
2451,0,1.2920404078349053
3131,0,1.369570200496875
4023,0,1.3591333979174518
5007,0,0.6020696176138303
5853,0,0.11004879666154106
6925,0,0.04078334440899158
8225,0,0.07802931083606988
9097,0,0.08742589210463998
10167,0,0.08407915295307558
11209,0,0.08444287562707385
12241,0,0.09208038399251864
13218,0,0.08688401341138907
14012,0,0.0808411631125574
15017,0,0.08932006334599246
15821,0,0.09690039831863932
16843,0,0.100122239881345
17880,0,0.14606904124372475
18932,0,0.20369710234587465
19571,0,0.20593031762262815
20860,0,0.23936873708087059
21918,0,0.20353651285576377
22966,0,0.20442545321703312
23982,0,1.3067824897777034
24699,0,1.2554108504103316
1745,0,1.2411496455639728
2293,0,1.2185513660491243
3135,0,1.3188297204771111
4028,0,1.2294889947409335
5013,0,1.3253892143459127
27900,0,0.12914419251650616
7146,0,0.06714677905847724
9102,0,0.12002918232533386
10171,0,0.19569341617002897
11214,0,0.05304238685408204
12246,0,0.08614615160785417
14017,0,0.1029303510340264
14821,0,0.1019217641530459
15826,0,0.43705936932577816
17677,0,0.10560808273589277
18725,0,0.16552163841738093
20005,0,0.18135566508639975
20864,0,0.1787003333595169
21923,0,0.2054545698044659
22971,0,0.2340786633169932
25551,0,1.2910235896544602
1645,0,1.3179827045843235
2298,0,0.97074722692339
3141,0,1.1219253027350993
6076,0,1.9385966918223392
7150,0,0.08233922597573212
10177,0,0.49098017466108945
11219,0,0.47621465282314146
13227,0,0.15291547050240897
14021,0,0.035677224765714395
15831,0,0.2611294067108017
17890,0,0.31329208121884583
18941,0,0.44102652549461635
20010,0,0.3057699152878425
20869,0,0.2596869383063362
22976,0,0.7039334841727506
24709,0,1.2193936171915816
1649,0,1.442936027432693
2303,0,0.8825778154776613
4037,0,0.9056673188162335
6939,0,1.0175076718339053
7804,0,1.0922836436711676
9111,0,0.08073788273211246
10181,0,0.544611589500704
12255,0,0.4644537894725736
13232,0,0.27023055177386224
15030,0,0.29326427361580343
16858,0,0.18250193886552418
17895,0,0.20002766732051513
18734,0,0.5499815362047261
20014,0,0.6824450062286519
21932,0,0.3815056127781727
25720,0,1.010223751468831
28232,0,0.3874653387110257
1279,0,0.9326758327476735
1654,0,1.1127577272834575
2307,0,0.6906327046354351
3150,0,0.46954155442171946
4042,0,0.4669436799517364
6087,0,0.18651942167230953
7809,0,0.3326943832004889
9117,0,0.5215268861864
11228,0,0.28435801068042854
12260,0,0.3622274189068726
13237,0,0.9450954477015411
15841,0,0.3791303062630733
16863,0,0.7320940606154491
17899,0,0.11978537800317111
21937,0,0.7069684406020399
24001,0,0.848439352977814
28240,0,0.8089565340820895
26278,0,0.7896863283243054
1191,0,0.8832730170625676
1659,0,0.6603789611298664
4048,0,0.6479091471894888
5032,0,0.43470829193702015
9340,0,0.4787273717247643
11233,0,0.2810817454998866
28017,0,0.8723869319821043
13243,0,0.6945663513370687
14037,0,0.5491867573076414
15845,0,0.5544002082977477
18744,0,0.5937863640918395
20883,0,0.47208567241533106
21942,0,0.48736447728783194
22990,0,0.5686073399627024
25731,0,0.2392986105713977
26282,0,0.4684056341496791
26535,0,0.5696646805320338
1196,0,0.7204676654399035
2318,0,0.5683279520758873
3160,0,0.5509999046275585
3869,0,0.6968928707498571
6096,0,0.32553260016522967
7170,0,0.3029133533418748
9126,0,0.29348785684013684
10197,0,0.3272289380360201
14846,0,1.5084108410113755
15850,0,1.0860829043423843
16667,0,0.003390861476105782
18749,0,0.49026236613167695
20888,0,0.21138813371979784
24011,0,0.47414635709210023
25735,0,0.3205187671683176
26287,0,0.4190231104330247
2323,0,1.0038818187671978
3165,0,0.8362715835062917
4246,0,0.7329306289499911
6101,0,0.8665578010426869
6959,0,0.6081111845143117
9131,0,0.37917419816355075
10202,0,0.47978469693168146
11244,0,0.3940421719802473
13253,0,0.3546147164008563
14047,0,1.2893259206240426
14851,0,1.5989428798989267
15855,0,1.4738373348010965
16878,0,0.5072933104324977
17914,0,0.5784729555848352
18754,0,0.5348789780282479
23000,0,0.931584115267165
24016,0,0.7271587900388669
26709,0,1.4755207936192902
788,0,0.45947634967855017
1674,0,0.5197539894101421
2327,0,0.8907355133561883
3170,0,0.7926459642617545
9137,0,0.8094834546257267
11248,0,0.43727134108211785
14856,0,1.2424226133844034
17919,0,0.6387500584957647
18759,0,0.5517465517886213
19825,0,0.540555944413578
20898,0,0.8491071589287627
23005,0,1.0769133276679475
24021,0,0.9957747405507434
25746,0,0.569074797924326
26297,0,0.6398746925037111
26946,0,2.410870166078613
582,0,0.26149007200716573
794,0,0.44112001026353975
1583,0,0.3251998655696381
2332,0,0.5112407169532072
3175,0,0.5653952098803684
6111,0,0.5589366803163622
8051,0,0.7607637094398356
10211,0,0.5219480848885343
11254,0,0.5295534386551592
14055,0,1.0921973568796333
14861,0,0.9525542287580807
15865,0,1.238201948731876
16888,0,0.784919250768733
17924,0,0.7501637390693995
18764,0,0.8292478362482965
19830,0,1.140524240278321
21962,0,0.9131962000296295
23010,0,0.9483623868234645
24026,0,0.8014601432315225
25750,0,0.6727780523585403
26302,0,0.7766273735802193
26718,0,0.7833023834117206
27021,0,1.6456967559909879
797,0,0.6724769496280864
1683,0,0.3460982488240186
2337,0,0.39570140947519933
3180,0,0.4506318086637841
5057,0,0.5243151142772567
6974,0,0.5108819772208952
8274,0,0.6042172571137957
11258,0,0.5044428855620402
12290,0,0.34124800099389785
14061,0,0.9564159252408506
14866,0,1.0341566131396662
15870,0,1.685159337782516
16893,0,0.916175429007871
17929,0,0.7611331574481205
18769,0,1.0938965406085743
19835,0,1.1731986534343535
23015,0,0.822929401443211
26306,0,0.8288042712313977
26724,0,0.923923419002942
27093,0,1.5745753704677508
464,0,0.2189009129259243
1689,0,0.34421998887035604
2342,0,0.2894216443051171
2840,0,0.3892464723195501
5062,0,0.5475401634585413
7194,0,0.6327629651231792
8061,0,0.5979988731195482
10430,0,0.5831349894814792
14066,0,1.0699085459943452
14871,0,1.0365049333169332
15875,0,1.5626459643878725
16898,0,0.864238014142828
17934,0,0.8705192718730201
18774,0,0.9073495181725958
19840,0,0.9122489944446162
21972,0,0.8036518009603363
23020,0,0.7812453068793989
24036,0,0.779479165448015
24919,0,0.8006104747925266
25760,0,0.9047661549910958
26312,0,0.8887987044023984
27098,0,1.3759560939358104
27281,0,1.335229719620161
305,0,0.08685852590201602
469,0,0.04964148033948383
1317,0,0.1971842661727063
2347,0,0.5110947862771342
3016,0,0.8564231488056853
4082,0,0.8172378992311333
4862,0,0.7657683397196634
6126,0,0.5979991718534858
8065,0,0.6379466254278008
10226,0,1.043033447625554
11267,0,0.9616788703344495
12300,0,0.8202397046192885
14071,0,0.8884772248233094
14876,0,0.5614525578892893
16903,0,0.4464673668829379
17939,0,0.7457952262256173
18779,0,0.8389738788717123
19845,0,0.7671837906969607
21977,0,0.705523431994557
24041,0,0.7709599016913871
24924,0,0.8375793853050156
27103,0,1.2024575158591635
259,0,0.03155895307136546
812,0,0.1494437939227625
1231,0,0.06942427003584693
1698,0,0.23387948581163845
2352,0,0.6336099873190655
3195,0,0.7673520989481878
4087,0,0.7676007498284095
5072,0,0.7903591182393567
6131,0,0.6768639759318701
6988,0,0.572601977836899
8289,0,0.6222420308886462
9161,0,0.6276183185557632
10231,0,0.9695207027836604
11272,0,1.015995886751576
13459,0,0.5635197913245309
14216,0,0.6011231705983845
17944,0,0.5794919230908565
18784,0,0.6914676131181803
19850,0,0.6764476363395353
21136,0,0.6126109646720791
21982,0,0.7935446542729274
23030,0,0.8328124364951318
24046,0,0.8638994012662676
25098,0,0.8397021678274338
26739,0,1.1049470584166377
27392,0,0.945927130055493
266,0,0.27704136412803404
1236,0,0.11591791209977335
1704,0,0.11730266061386618
2357,0,0.4438687537680024
3200,0,0.6031877698355715
4281,0,0.41359069123355163
5076,0,0.5553084184007125
6136,0,0.692111871457179
12311,0,0.2430479887895599
14080,0,0.4431660218267204
14886,0,0.28967969161696083
15890,0,0.5366201832902413
16913,0,0.19511773009665168
18790,0,0.41912783236491996
20928,0,0.5739682242117989
21987,0,0.994549201907183
23035,0,1.010425394307134
24050,0,0.9202076328321346
25103,0,0.8900396002384929
26326,0,0.9227173607112009
26744,0,0.95935785931171
27397,0,1.0407728234621885
823,0,0.20013558318425032
1241,0,0.23900866220208702
3204,0,0.5472200561733305
4476,0,0.42548630837937174
4877,0,0.47779352298349265
6998,0,0.22883364518699498
9389,0,0.09591592793525511
10449,0,0.12816483793423267
11283,0,0.10122020639053503
14086,0,0.3450782315042153
14891,0,0.29208960827873126
15895,0,0.3603297499099006
19860,0,0.2939371128249013
20933,0,0.35753199420317083
25278,0,1.0208326357332347
25780,0,1.0087013774032947
26331,0,0.9227185215210126
26748,0,0.9182819504262093
27118,0,0.9085239779844044
27402,0,0.8101718803168214
27532,0,1.0290013738984576
113,0,0.6917066112949533
616,0,0.36753056102959714
827,0,0.3275519032981565
1245,0,0.3134390955899733
3034,0,0.7365768543651741
5086,0,0.27513169756180367
8302,0,0.16262359792713388
10246,0,0.5904584678564488
12319,0,0.475796811100552
14895,0,0.3518581134617113
15899,0,0.18630138360018536
17958,0,0.26337980482932777
18799,0,0.4438156490135071
19863,0,0.2922140848849168
20937,0,0.35597647471134913
25784,0,0.9103223160288205
26336,0,0.9114361302775426
27122,0,0.8694636230691987
63,0,0.6386397406232127
494,0,0.4065593909019978
832,0,0.4493490179365704
1718,0,0.9130847632720999
2371,0,0.8561468703548444
2867,0,0.808176881157846
4477,0,0.06728680072084331
4881,0,0.6416189032912644
9180,0,0.6641401447833649
10251,0,0.5925398040295402
13301,0,0.6549914211136858
14900,0,0.3039494604525643
15904,0,0.1480554750776821
16721,0,0.40529271579738885
17963,0,0.25133037742578845
20942,0,0.5411557748113005
23050,0,0.4446043354982893
23860,0,0.7266482386884936
25789,0,0.7061386333881221
27127,0,0.8841375568154459
27411,0,0.6976515162299192
27613,0,0.5766142643212254
27674,0,0.8202087728227078
44,0,0.11399913992881018
238,0,0.2974360157370696
838,0,0.441324470939516
1826,0,0.6683840554852343
2376,0,0.46290396828778174
4093,0,0.28131069606435116
4886,0,0.7822790773276889
6155,0,0.8439359873334401
9403,0,0.47382338961079135
11711,0,0.22631876069612356
13307,0,0.9305456937956754
14100,0,0.3217921369663756
14905,0,0.15845301725035454
15909,0,0.2885617210272144
16521,0,0.44511039178884654
17968,0,0.43615984612730363
21160,0,0.45438136039191984
22007,0,0.46212280351381807
23055,0,0.3963312360473969
24054,0,0.4479323101794678
25794,0,0.13523408534003317
26346,0,0.5319233742857318
26763,0,0.6871824866083172
27132,0,0.6707317102266079
27723,0,0.8678328937638636
16,0,0.4703216683126974
131,0,0.3823893121579838
242,0,0.36774476128966255
503,0,0.5545668735143039
768,0,0.5864595667025299
1261,0,0.25841916292349937
1728,0,0.32324071228526424
2381,0,0.770358345548679
4097,0,0.83771786125721
5100,0,0.4785488576222707
9190,0,0.2030046880246082
10260,0,0.1661788515015384
11509,0,0.2623963851735627
15914,0,0.455194506787926
17973,0,0.40705603327817397
19879,0,0.4135462227364478
21165,0,0.46618275347101906
22012,0,0.41784601882826145
23059,0,0.4612712838677768
24059,0,0.3855968748252333
24759,0,0.5437544929991255
25943,0,0.3924772138024311
26352,0,0.12556434550270026
27468,0,0.4108959890684622
27623,0,0.5594156400382435
27727,0,0.9132198353298079
27795,0,0.8928400440306473
7,0,0.7419323315901444
103,0,0.26568148330410457
248,0,0.5740115667047256
508,0,0.6611735592695046
1266,0,0.3725454535074863
1733,0,0.29452226807002174
2081,0,0.5931419313839696
4102,0,0.5440565595082293
5105,0,0.2271583002775524
10265,0,0.1288589279453955
11514,0,0.3476292301638165
13317,0,0.799306942714129
14731,0,0.18693932521326892
15919,0,0.35686782121784333
18818,0,0.3883793713790833
20957,0,0.26421231728997335
23064,0,0.41652988704841915
24064,0,0.4695994618559896
24932,0,0.5876958385765473
26356,0,0.4312421191440438
26773,0,0.23494415854764147
27075,0,0.19567381141932086
27628,0,0.6875986685438629
27732,0,0.6265351591923606
27809,0,0.5813840573657015
2,0,0.16932208970267407
108,0,0.5575168221008325
852,0,0.46843160695886865
1270,0,0.49034915060065093
1738,0,0.45739161418354146
3208,0,0.371586322618536
4107,0,0.4386652176175985
5744,0,0.11413618409970847
10269,0,0.09508059894543214
11312,0,0.3050036112915882
13322,0,0.8683286835542502
14115,0,1.2226190102717107
18823,0,0.2966071650288289
20104,0,0.14076298861867306
22231,0,0.6933497129976887
23069,0,0.4479367335082639
24936,0,0.36793279878651913
25631,0,0.28483667391455036
26360,0,0.9222163807605133
27147,0,0.786839717171014
27381,0,0.6461073422506082
27633,0,0.8122163043562962
27814,0,0.4919246364029515
6,0,0.4691489958461194
112,0,0.5982491146642093
258,0,1.3136087715084468
518,0,1.0091495210158035
1550,0,0.466293150368579
2541,0,0.3663561895190075
3213,0,0.3448884157514184
4113,0,0.2899415649169613
6176,0,0.5878857829054148
7033,0,0.49975889186472383
8987,0,0.2926335460960377
10275,0,0.48958638190677
11316,0,0.6511118112502073
12349,0,0.17252713099627442
17157,0,0.6756994951333953
17988,0,0.688537063683456
18828,0,0.245906309765395
19894,0,0.22437386023191452
21180,0,0.669052721468262
23074,0,0.8820599814325246
24074,0,0.758954318651259
24942,0,0.6341967494807315
25799,0,0.7898508481546226
26534,0,0.9741939299527923
27152,0,0.884935604923955
27638,0,0.8521357600433479
27742,0,0.5833589609793389
27818,0,0.4339360860910737
27846,0,0.659934924612465
3218,0,0.8876217265307413
5120,0,0.45383880523439646
7470,0,0.5252532393772616
9428,0,1.39765922553889
10279,0,1.4699043174549147
12354,0,0.5140404025416526
13331,0,0.11915717912486089
15732,0,0.16520573303322258
17993,0,0.49172896549305606
18834,0,0.7088445611853762
19899,0,1.0594508654070658
20972,0,0.8612023290874984
22031,0,1.0614606775019322
23079,0,0.9285869764054052
24947,0,0.7338274722847141
25804,0,0.6805000149288277
26176,0,0.7870100620143682
26787,0,0.7966888996109374
27156,0,0.654809153351261
27440,0,0.3846619675933918
1841,0,0.718949397313311
2390,0,0.7598746500894672
3223,0,1.153765630551299
6399,0,0.5780135179394128
7043,0,0.5626083854803416
8125,0,0.6285649642050337
11119,0,0.5785662352971818
13336,0,0.31136795293405767
14130,0,0.171096346030486
15737,0,0.09086227597025587
16962,0,0.18050910798079456
17998,0,0.4908871283274945
18838,0,0.9636303582386786
23084,0,1.0466620211106137
24084,0,1.0112949971026055
26361,0,1.1991885470275263
27869,0,0.959659416742898
2394,0,0.207663049278281
3228,0,0.44218183803309397
6190,0,0.5926166340341336
7048,0,0.5534767922954617
10290,0,0.8449548871790462
11331,0,0.7305832393200242
14135,0,0.2381898470977363
15944,0,0.24508861687043104
16967,0,0.669977349588291
18003,0,0.3594244529006306
18843,0,0.20810441116015493
24089,0,0.9186479923766724
25814,0,0.9006839910384148
26274,0,1.3830057397790556
3230,0,0.6546952486641691
4132,0,0.5750310862325774
5134,0,0.761703135634253
6195,0,0.8678128817747895
7053,0,0.7972548177664597
8134,0,0.5628661889804212
12369,0,0.9587873170529237
13346,0,0.5744825065433535
14001,0,0.3075177480074737
15949,0,0.10024362795370234
16972,0,0.18851275991031685
20987,0,0.48684392787455877
23094,0,0.40515235918362025
24094,0,0.49734926622945286
24962,0,0.44295772470812245
28189,0,0.6834301933258482
3235,0,0.9139019745455744
12374,0,0.6176527572082523
13351,0,0.5681174364378231
13858,0,0.34426545029976713
15954,0,0.11593887845358387
16977,0,0.09171050139593465
20992,0,0.6118489906755852
22051,0,0.6037943778545221
23099,0,0.5300229044057746
24099,0,0.12115705150228691
24967,0,0.16077822686257748
25483,0,0.9363671374449115
2721,0,0.9857307221041769
3239,0,0.791785134184828
4141,0,0.5354773118136297
5992,0,0.5072291914618914
9234,0,0.5414021189809637
10305,0,0.574615539534014
12378,0,0.49922155078248487
13355,0,0.4483637028747306
14437,0,0.20935646450446072
14954,0,0.16839677747998433
15958,0,0.05349915404233249
16981,0,0.15517504862020748
19923,0,0.5976440803597491
22055,0,0.6023568632876795
23103,0,0.20475560220984632
24971,0,0.066417561269546
2557,0,0.8254847279980657
3244,0,0.6531973014611578
4146,0,0.4921840630253046
4941,0,0.5315196972529649
6209,0,0.5104586825932055
7283,0,0.4965854839778782
7933,0,0.47293899808023826
11351,0,0.5208965207438017
13360,0,0.617917281706447
14443,0,0.2231695313999073
14959,0,0.19223590339309907
18862,0,0.5294878224340515
21002,0,0.1595365712841454
22060,0,0.21118545377597223
24108,0,0.08630965140763396
24976,0,0.12651504680783787
2396,0,0.22371129593943867
3250,0,1.3766565047451471
6214,0,0.47242533794931774
7072,0,0.4711440243446947
8154,0,0.4729937691498232
9244,0,0.46357907275326937
11356,0,0.49329355299651156
12388,0,0.5697223105775452
13365,0,0.19577093095101247
14447,0,0.39442950372256935
18027,0,0.464782296310314
19933,0,0.20953692447618946
22065,0,0.1615784514617223
24113,0,0.13276889065252898
2401,0,0.5780846700468453
3254,0,1.0917954464689492
4156,0,0.7274552981727576
6219,0,0.4618418668967971
7077,0,0.48883855179276536
10319,0,0.5178895654519379
11361,0,0.49560947847127784
12393,0,0.18476454768154654
13370,0,0.23761762930268984
14452,0,0.4561202286664161
16996,0,0.4209005601961309
18032,0,0.56603271574116
18872,0,0.1691167981097675
19938,0,0.325069595187352
21011,0,0.14711649497821366
23118,0,0.176243355212221
24118,0,0.20836797166458157
24986,0,0.1853175282404972
25819,0,0.7599808373109447
2406,0,0.5458149778869462
3259,0,1.0206802154460315
4161,0,0.8475865690190536
5164,0,0.640488278566817
7082,0,0.5470280118754833
9472,0,0.5531883269922239
11366,0,0.5803002298107591
12398,0,0.3015165566364238
13375,0,0.41334880812788505
14974,0,0.2040722734042368
15978,0,0.3982201767684025
17001,0,0.4539043916794316
18037,0,0.13490684945227027
18877,0,0.23747026531401158
19944,0,0.15420393921068803
22075,0,0.24837810496545157
23123,0,0.22711194487756992
24123,0,0.2701822733181503
24991,0,0.2721636098771334
25669,0,0.3303091987499668
2411,0,0.9305031446877086
3089,0,0.8444653783958513
5169,0,0.8457836921017785
8169,0,0.6193133582263235
9259,0,0.6420560833093619
10538,0,0.6896788379659987
11371,0,0.6472646869309999
12403,0,0.6217895676180286
13380,0,0.5212323795769778
14979,0,0.2722912135764015
15983,0,0.23197247299232643
17006,0,0.22946540589041695
18042,0,0.24022568893478308
18882,0,0.2522642199037173
21021,0,0.3071878131859493
22080,0,0.3999908489025358
23337,0,0.31546141797503546
24128,0,0.3606381711220972
24996,0,0.3561338574372144
25673,0,0.2425746013614948
2416,0,1.139658365118032
4171,0,0.8126676196138866
8392,0,0.7763707394804715
9264,0,0.9267245011524671
10334,0,0.9126694599279429
11583,0,0.7996939325872424
12408,0,0.7368939114428984
13200,0,0.6089087947561292
14984,0,0.7589251496163502
15988,0,0.23896753785189515
17011,0,0.2795900237956516
18047,0,0.3595178638365807
23133,0,0.3971458592012715
24133,0,0.3121968868352217
25002,0,0.5327640405691693
25826,0,0.5857107247140253
2421,0,1.5669651503728441
3274,0,0.865677009164882
4176,0,0.8392580525075677
6239,0,0.819327850766943
7097,0,0.8498839350372495
9487,0,0.9284491779014363
10340,0,0.9444629493830481
11381,0,0.8817302334754755
12413,0,0.8402688289689358
14989,0,0.9288518792917206
15791,0,0.18297730539213047
17016,0,0.42870711452500504
18052,0,0.5035876623771551
22090,0,0.4751778197483482
24138,0,0.27121716205028656
25006,0,0.35733185546564333
25831,0,0.9912071436248333
1962,0,1.0092955195234843
2426,0,1.1917830435238106
3279,0,0.9375267906491577
5184,0,0.8919280023123476
7318,0,0.8735665955287908
8401,0,0.9316880805862925
10344,0,0.9994093867432647
11385,0,1.003341094357321
12417,0,0.9186750957389066
14993,0,0.09458167895012252
15796,0,0.5211121813416192
17020,0,0.5277527046431305
18057,0,0.5575855634534123
19963,0,0.5306975053060112
24143,0,0.3271209821464825
25011,0,0.32180091665128363
25836,0,1.0355023844733855
2431,0,1.2034790201128538
5189,0,1.0164184413296196
6248,0,0.9729796250352505
8189,0,1.02548913570795
9279,0,1.0746199025798937
11391,0,1.053830733730302
12423,0,1.0116568293856096
13013,0,0.9930270344743624
14453,0,0.4244055848881152
16003,0,0.5737089959669681
17026,0,0.5425400418971201
21041,0,0.49341266700074926
24148,0,0.3348930886463325
25016,0,0.3970336495185299
25841,0,1.0310528588988281
1845,0,0.5436918478212022
2436,0,1.4824550463747217
4190,0,1.0457303022303441
7113,0,1.0142943228852161
8413,0,1.1051846851356748
9502,0,1.0696678326400262
10354,0,1.120859360915253
11396,0,0.9040802219286279
12428,0,0.8130035573059788
13383,0,0.6292232968334315
14299,0,0.46906806148375624
15003,0,0.35394830828047213
15806,0,0.4292793300171864
17031,0,0.44122463061074857
19973,0,0.4609492265504531
21046,0,0.4913342633160976
23153,0,0.30359696936120517
25021,0,0.7734431442326087
25846,0,0.9519354520303233
2441,0,1.7651178768192928
3119,0,1.9883793488079617
4010,0,1.4550139077535482
6259,0,1.0821833636973044
8199,0,1.1525322814122911
9289,0,1.142510217926831
10359,0,1.189937371661771
11401,0,0.7167439306910881
12433,0,0.599698448517571
13388,0,0.9015857824542577
28001,0,0.3418084256723086
16013,0,0.3815421275990231
17036,0,0.3674017757980913
18912,0,0.42084686890432454
19978,0,0.503118728847868
21051,0,0.3321639593440969
23158,0,0.26315195141528763
24158,0,0.27103944050809564
25026,0,0.6523880001103649
25851,0,0.7262583706413706
1741,0,1.1889276814732952
3298,0,2.340989400445919
4200,0,1.5414493138826812
5203,0,1.2972752734147937
9294,0,1.2972545793646089
10364,0,1.375289333614355
11406,0,1.1048399842002343
12438,0,0.8639563034617594
13393,0,0.9132610279982127
15013,0,0.7757272395288443
15815,0,0.5426250855026218
17040,0,0.5354235939031022
18917,0,0.657251042674696
19983,0,0.3273455761764694
21056,0,0.19961361524933557
22115,0,0.21752300136184125
23163,0,0.2077039195369928
24163,0,0.42154832770826495
25031,0,0.4934181846129274
25856,0,0.5697425442743933
27857,0,0.7368431415503421
2288,0,0.36019458422628575
3303,0,1.4736775079037123
6269,0,1.1806435521275709
8209,0,1.459829931033247
9298,0,1.448511864641785
10368,0,1.4066311318510474
27967,0,1.2670733824050473
27981,0,0.9782794433984113
28051,0,0.6123779052128998
18290,0,0.6185755414462751
18921,0,0.6135699505164737
19987,0,0.39738507047076893
21060,0,0.15342417291026675
22118,0,0.32595922360535157
23166,0,0.5293100228712332
24166,0,0.7378652992690596
25035,0,0.6273772588738893
25860,0,0.591845607726888
27918,1,0.20671006665594446
8211,1,0.20354025682753665
9083,1,0.17619367072375092
28125,1,0.27904398020793003
20418,1,0.3632300651900204
5210,1,0.5127283396626682
6057,1,0.4267136641043448
7130,1,0.36890045059296833
7997,1,0.3812192822496816
9087,1,0.3557736934782289
9948,1,0.27249896002882823
18291,1,0.36042829522940967
18922,1,0.4788173660482747
19776,1,0.49762941534706284
20849,1,0.5011275522918728
21908,1,0.49059946691420836
22958,1,0.4442943526572692
3482,1,3.17793438877952
4019,1,2.155924506442927
4798,1,1.146528074238262
5849,1,0.385240070418271
7136,1,0.3897345604793319
8002,1,0.3812225153924995
9092,1,0.36965412271069725
10161,1,0.2970630476669005
11204,1,0.22438152965429772
12238,1,0.2523209745540205
16840,1,0.15142538937769096
17874,1,0.24500764798259184
18716,1,0.4796172168244239
19565,1,0.4960183634581625
20854,1,0.5061899995711509
21913,1,0.5116947957526344
22961,1,0.5147022652322535
23977,1,0.0916519209536838
2451,1,3.6800287376882634
3131,1,3.68399970352809
4023,1,3.7056438587284024
5007,1,1.5825676143371812
5853,1,0.48780599760986787
6925,1,0.40128412079075354
8225,1,0.3950031064109254
9097,1,0.3936793984926436
10167,1,0.38470826333743413
11209,1,0.3299458279946619
12241,1,0.287048688894411
13218,1,0.2537132399605075
14012,1,0.2451099010514073
15017,1,0.24420608847489159
15821,1,0.23122172808482866
16843,1,0.22711811561247286
17880,1,0.2730505307674999
18932,1,0.4688849325511451
19571,1,0.4866630806723561
20860,1,0.5165168576824638
21918,1,0.5135867628968053
22966,1,0.5267887859287188
23982,1,1.4798247830574862
24699,1,0.9987914068739742
1745,1,3.294977908907807
2293,1,3.457918547940298
3135,1,3.401516220004172
27900,1,0.45913303904534336
7146,1,0.42735098559827245
9102,1,0.39137041759629615
10171,1,0.42245783849501756
11214,1,0.44509257839533417
12246,1,0.4260066368344899
14017,1,0.30889632057870253
14821,1,0.2813473432630302
15826,1,0.6568698998451561
17677,1,0.4144387676571021
18725,1,0.5307124933022608
20005,1,0.5049350446131848
21923,1,0.5289228311053811
22971,1,0.5808801607451308
25551,1,1.3581606426185802
1645,1,2.9452656933580976
3141,1,2.6361819705397544
7150,1,0.5287362658031217
10177,1,0.3907821274002575
18941,1,0.644060802225108
20010,1,0.6240282604770974
22976,1,0.9679873816062626
24709,1,1.5373052426838574
1649,1,2.1106119734463022
2303,1,1.7414346578813467
4037,1,2.108270402501428
6939,1,1.6670672846426149
7804,1,0.48744519002640313
9111,1,0.28061473994576347
10181,1,0.3120569783805941
12255,1,0.4621279451656946
13232,1,1.1827521591872687
17895,1,0.6009340932471912
18734,1,0.6159562561227606
20014,1,0.6251552847744579
21932,1,0.5163739181935882
25720,1,1.1853367282827207
28232,1,0.4822702142309004
1279,1,1.326852393203521
1654,1,1.6854585579020291
2307,1,1.5747617722340541
4042,1,1.3056773129197776
6087,1,1.261497808700343
11228,1,0.2577805329725128
12260,1,0.4599832515559293
13237,1,2.4224166180486315
16863,1,0.43283498220303407
17899,1,0.43977484729702915
21937,1,1.736666151148688
28240,1,0.4755772930098989
26278,1,0.537379827876853
1191,1,0.8382316268559393
11233,1,0.9079021906703842
28017,1,0.769570798002882
13243,1,1.1219101565976581
14037,1,1.7775503619467112
15845,1,1.1547669091525707
18744,1,1.2160046955017558
20883,1,0.8111497814640438
21942,1,1.536428612139781
25731,1,0.6933344345640409
26282,1,0.5686598419654387
26535,1,1.8253545191779135
3160,1,1.1385449347076833
3869,1,1.0624924666365727
6096,1,0.926808785619445
7170,1,0.8936936338346491
9126,1,0.6780020220887572
10197,1,0.5373302540955981
16667,1,0.7119936325406951
18749,1,0.4197597931455882
24011,1,0.425039086115748
25735,1,0.7071965469206868
26287,1,0.8003874277228014
2323,1,0.09444096987433988
3165,1,0.6360124347138583
6101,1,1.4268151649268428
9131,1,0.6489576913481844
10202,1,0.5815118260716001
11244,1,0.48415690058879796
13253,1,0.447804017808789
14047,1,2.3280999540236076
14851,1,2.3481276305800183
15855,1,0.3715487931859543
17914,1,0.8143063474893186
18754,1,0.7017256408517341
23000,1,0.39883197554345784
26709,1,1.4282873269691398
2327,1,0.16273649554974526
3170,1,0.3105061725308768
14856,1,2.198178042918714
17919,1,0.3719111812275138
18759,1,0.812809034010156
23005,1,0.8417253422285188
24021,1,0.8705638886219952
25746,1,1.296146541822259
26297,1,1.3392138995803007
26946,1,3.032529732725342
582,1,0.9433171084043226
794,1,0.8997026108366784
3175,1,0.3873099131805703
6111,1,0.40657988801492445
10211,1,0.37338581932405623
11254,1,0.3656928668544904
14055,1,2.174001752988301
14861,1,2.130067311966257
16888,1,0.21770934306710796
19830,1,0.04799710044371552
21962,1,0.7893779915117838
23010,1,0.9045667681545039
24026,1,1.060556379641294
25750,1,1.3449981083837095
26302,1,1.4092957736495035
26718,1,1.490811190419196
797,1,0.9622693978147299
2337,1,0.5682575721315402
3180,1,0.49091140981703785
5057,1,0.5055753211063023
6974,1,0.32024077451702243
11258,1,0.39984584054228506
12290,1,0.33964317269003663
14061,1,1.8443026917492271
15870,1,1.3486697978026263
16893,1,0.38829445656074907
19835,1,0.3992171052111762
23015,1,0.9227816216741256
26306,1,1.2997671098282508
27093,1,2.36882971265121
1689,1,0.6526181157007824
2342,1,0.6241484057682353
2840,1,0.5521607291514206
5062,1,0.5014659108686105
7194,1,0.4082082050788099
8061,1,0.1879324192872572
10430,1,0.1788753366150046
14066,1,1.737297722836289
14871,1,1.333357128826747
15875,1,1.0843974627663264
16898,1,0.3495993797340058
17934,1,0.4094594369566211
18774,1,0.461545371005099
23020,1,0.9705590263599434
24036,1,0.9684577949909339
24919,1,1.2044588490095565
26312,1,1.3345905693197988
27098,1,1.4414522130221485
27281,1,1.356284676603543
305,1,1.5415305457327264
1317,1,0.6589000945273483
2347,1,0.5801142187503432
3016,1,0.683628104597734
4082,1,0.7073843774969496
4862,1,0.6440080527146796
6126,1,0.6096285989340171
11267,1,0.23980688603369094
12300,1,0.3610223840988205
14071,1,0.8776233954623168
14876,1,0.7175705231995091
16903,1,0.5278120304411016
17939,1,0.6995289790764053
18779,1,0.7708856358502623
24041,1,1.488617473280573
24924,1,1.6036798916486232
27103,1,1.42783118620219
259,1,1.6127567033809007
812,1,0.608490207976156
1231,1,0.6601412582247705
1698,1,0.6493780390004882
2352,1,0.6434339041918431
4087,1,0.8069692662224472
5072,1,0.6090991401775754
6131,1,0.5742419379649191
6988,1,0.5209120524451711
10231,1,0.31263351358302927
11272,1,0.3552024190548307
13459,1,0.7582720173320808
17944,1,0.7432399331781034
18784,1,0.8019306455116008
21136,1,0.9839347497684613
23030,1,1.615864243587764
24046,1,1.5636618090005816
25098,1,1.5664482511667752
26739,1,1.6167393308172504
27392,1,1.5214357063628041
266,1,0.9774268094601912
1236,1,0.6849641683720182
1704,1,0.6238099936441599
2357,1,0.6312986162372336
3200,1,0.7070125971989446
4281,1,0.8163688030831056
5076,1,0.5578207128979228
14886,1,0.6801821682368437
15890,1,0.6497274732579738
16913,1,0.791429846671617
18790,1,0.703534294358526
21987,1,1.1989836661481899
23035,1,1.4770937838890057
25103,1,1.5732264147127015
26326,1,1.6263320280334268
27397,1,1.468545416262316
823,1,0.685916285147703
1241,1,0.6835843285149965
3204,1,0.7053565701651309
4476,1,0.7494103446907675
4877,1,0.5923784165732937
11283,1,0.46655309344869883
14891,1,0.6813843950961175
15895,1,1.022680580166455
19860,1,0.9077414812229799
25278,1,1.4138809367513112
25780,1,1.41262622682121
26748,1,1.4026759429265545
27118,1,1.4034511105848724
27402,1,1.3384778226531417
27532,1,1.212090077973145
113,1,4.086949950535151
616,1,0.7107502460048799
827,1,0.7034990833349202
1245,1,0.7000974257232816
3034,1,0.7059121918035243
5086,1,0.7730328089291689
8302,1,0.5349312466856839
12319,1,0.16359108112368875
14895,1,0.7273216113951904
15899,1,1.1019655812024425
17958,1,0.8372620131461919
18799,1,0.8140498800239777
19863,1,0.9240503095301418
20937,1,0.8193157464524528
25784,1,1.2304292113710582
27122,1,1.3260559148908113
63,1,4.216911684066972
494,1,0.6488360082801579
832,1,0.690051174880467
2371,1,0.6176739194138448
2867,1,0.7074427494785194
4477,1,0.4346561906140053
4881,1,0.6365474414036689
10251,1,0.3629267468405197
13301,1,0.2877464504404086
14900,1,0.8176935711343613
17963,1,0.8796857461624713
20942,1,1.2744521667888054
23860,1,0.6864648961101728
25789,1,0.9436000047261178
27411,1,1.313446782043212
27613,1,1.3099721601015955
44,1,4.040288762039335
238,1,0.47550139701745253
2376,1,0.5756003819578653
4093,1,0.541395481155454
4886,1,0.6225547440571566
9403,1,0.3488589100300087
11711,1,0.352274484035292
13307,1,0.390263726233401
14100,1,0.5809204199200514
14905,1,0.842880187883406
15909,1,0.8968043507502562
16521,1,0.49107398738294167
17968,1,0.6742525100159181
21160,1,1.158917638699661
23055,1,0.7643544710124428
25794,1,0.8489914337673816
26346,1,0.9305673716504115
26763,1,0.9908450020178692
27132,1,1.0938356138163992
27723,1,1.7963026931405361
16,1,4.180702328365955
242,1,0.45454619162126064
503,1,0.5724538608053984
768,1,0.6222939710318821
1261,1,0.6134898974968578
1728,1,0.6354232029024806
2381,1,0.45272709161850283
4097,1,0.6588786896135801
5100,1,1.0342877964306758
10260,1,0.27999027277784755
11509,1,0.2953569618168589
15914,1,0.8998155166063618
19879,1,0.6490374284526592
21165,1,0.8151034760237812
22012,1,0.6735989385613423
23059,1,0.5175841184553194
24059,1,0.16083998672901306
24759,1,0.46934551587719353
25943,1,0.9120261269060095
26352,1,1.0055071598652883
27468,1,1.1798643362337802
27623,1,1.3955264320197742
27727,1,1.6059963720577506
27795,1,1.7039678162814471
7,1,3.87965039803152
508,1,0.6936186114845351
1266,1,0.8167472041835422
1733,1,0.7067839056429084
2081,1,0.5268185006057913
5105,1,1.2354402484128342
10265,1,0.21360886428197193
11514,1,0.2513418795733191
13317,1,0.3349693396878033
14731,1,0.8685083548725653
15919,1,0.9014528743127301
20957,1,0.6199173065962192
23064,1,0.417322592222045
24064,1,0.28437707617160113
24932,1,0.4260010400925526
26773,1,0.9416598917145109
27628,1,1.3379864524682696
27809,1,1.5942641076840829
2,1,3.0868208508794175
108,1,0.2691720139573465
852,1,0.9342297497782057
1738,1,0.6469946180564762
3208,1,0.5495345906510325
4107,1,0.8521984832061557
10269,1,0.20798333411695993
13322,1,0.1818704128541949
14115,1,0.23074511593367872
18823,1,0.5946699300589479
20104,1,0.5687678901062545
23069,1,0.3905997244858006
24936,1,0.26778119229172764
25631,1,0.361203779028905
26360,1,0.8685278297483148
27633,1,1.2159224367088515
27814,1,1.5161657163887312
6,1,1.6853327565423801
112,1,0.6963653558587449
258,1,0.8974958995707337
518,1,0.9348511000099574
1550,1,0.6983703811100017
2541,1,0.6331140057079079
3213,1,0.5587156751858261
4113,1,0.3405515955548381
7033,1,0.8639470436541484
8987,1,0.45134972115522415
10275,1,0.24539125192497394
11316,1,0.3828812463705734
12349,1,0.22824729200990368
17157,1,0.5416423354106249
19894,1,0.4837679216294201
23074,1,0.3569477250471663
24074,1,0.3581299947277044
24942,1,0.6511280023553485
25799,1,0.07673487130521198
26534,1,1.106186110717656
27152,1,0.8188066488911695
27638,1,1.068454137321826
27742,1,1.5009297917585873
27818,1,1.859093919272588
27846,1,1.1716161618737373
3218,1,1.0415337602696042
9428,1,1.0320733312480561
10279,1,0.588252301503047
12354,1,0.40951882479535695
13331,1,0.3146253331911793
15732,1,0.6688393434922508
17993,1,0.10091574317953388
18834,1,0.020221445598925126
19899,1,0.2076955226993675
20972,1,0.3660598481942014
22031,1,0.32095434954132235
23079,1,0.16468187634611506
24947,1,0.6399527670321755
26176,1,0.27602915288148766
26787,1,1.0210018004549677
27156,1,1.049672227252165
27440,1,1.7778923139069893
1841,1,3.0473774564227254
2390,1,0.5832943530457211
3223,1,1.2110292456876581
6399,1,1.17903838685113
7043,1,1.2180071284955434
8125,1,1.1718223905722156
14130,1,0.4938675013447085
15737,1,0.3613975520442288
16962,1,0.07772171708663679
17998,1,0.1750220573680536
18838,1,0.13273030347369488
23084,1,0.3071551108085984
26361,1,1.4763386259940574
27869,1,3.5297364183165496
3228,1,0.8634331402431077
6190,1,1.101413822889441
10290,1,0.9161698820038569
11331,1,0.8548264687006261
14135,1,0.23010563462924885
15944,1,0.04828232038758723
16967,1,0.7524827084648605
18003,1,0.8019567563306128
18843,1,0.7648522914344276
24089,1,0.08931854122895573
25814,1,0.3986408606805249
26274,1,2.2577968038264973
4132,1,0.48304975830643276
6195,1,0.7040897849898443
7053,1,0.7600639851850977
12369,1,0.39294857764965074
13346,1,0.43628149862549237
14001,1,0.35447885497601817
15949,1,0.34295943517566835
16972,1,0.374578014987392
23094,1,1.0301381469743356
24094,1,1.067182269471867
28189,1,0.8006962331675664
3235,1,0.6713768346349054
12374,1,0.26842875230034624
13351,1,0.40466634649589295
15954,1,0.5635910123228796
16977,1,0.49140988887136655
22051,1,0.8009706240613085
23099,1,0.8422747215645217
24099,1,0.8100944993131092
24967,1,0.7301156910174801
25483,1,1.0508572608093905
2721,1,3.294829310452557
12378,1,0.2199539063374014
13355,1,0.46084272925915265
15958,1,0.5325568167609415
16981,1,0.5547862713638219
24971,1,0.8595627355400157
2557,1,3.101873240741357
3244,1,0.5955261247850221
4146,1,0.35287816615506296
4941,1,0.3890444720337142
7933,1,0.5215158722337883
13360,1,0.3226128030993868
14443,1,0.4893003750480983
14959,1,0.5029573078050145
21002,1,0.7718499904062998
22060,1,0.7459206522450972
24976,1,0.9418482809726106
3250,1,0.2521396177410236
9244,1,0.504272923450936
11356,1,0.36682226752228847
12388,1,0.3558035510363292
13365,1,0.3731598784063367
14447,1,0.5874390483829705
18027,1,0.6088326586375362
19933,1,0.8231530516764525
22065,1,0.8189952627874209
24113,1,0.865286171506654
2401,1,3.0309923276832342
3254,1,0.44152161288971364
6219,1,0.48881198208391785
7077,1,0.4907609190152813
11361,1,0.4401820967900753
13370,1,0.4532166632500875
16996,1,0.5767100591822887
18032,1,0.7092004360978825
18872,1,0.7889977246347247
19938,1,0.8990212961616135
21011,1,0.8960253861721825
23118,1,0.9180117292134069
24118,1,0.9276955920681289
24986,1,0.9031370411401175
25819,1,2.4964439792017608
2406,1,3.104005437443537
3259,1,0.670139286298011
4161,1,0.6957408488116842
5164,1,0.6703009827429233
11366,1,0.4592894292904096
12398,1,0.497845846101424
13375,1,0.5540438318061816
14974,1,0.7781873135580997
15978,1,0.6193994835859136
18877,1,0.8363648043696909
19944,1,0.8979112107755435
23123,1,0.9251729803354087
24123,1,0.8871870227855513
25669,1,1.1538035944162763
2411,1,2.4238047583773383
3089,1,0.8236526479386466
5169,1,0.7396375162400637
10538,1,0.6246858098869545
11371,1,0.616353808348642
12403,1,0.6600512718563174
13380,1,0.7371563603364093
14979,1,1.0928785709204318
15983,1,0.7163355349117937
17006,1,0.7672026602067664
18042,1,0.7925287292926513
18882,1,0.846188833460231
22080,1,0.839851396280592
23337,1,0.8855578758642039
24128,1,0.8484462799377589
25673,1,1.3346991529604662
2416,1,0.8181409932884492
8392,1,0.8367728417483339
9264,1,0.8387634661063073
10334,1,0.7734477773484351
12408,1,0.7573857152001631
13200,1,0.6836485442824426
14984,1,0.6009838950038282
15988,1,0.6967260483215311
17011,1,0.7200459156032291
18047,1,0.7694299760967797
23133,1,0.8337454694832707
24133,1,0.8874059380081621
25002,1,0.9683191628641907
2421,1,0.437939152051189
4176,1,0.7457357181526025
6239,1,0.8349689592282653
7097,1,0.8790226790455052
9487,1,0.9294974586084084
10340,1,0.9115756838604276
11381,1,0.8945017949893637
12413,1,1.2793113511688432
14989,1,0.4271391752697806
15791,1,0.675095564430379
22090,1,0.8236978955029748
24138,1,0.9818209143880199
25006,1,1.0147961955100182
25831,1,1.0525980365141479
1962,1,0.5986412755346167
2426,1,0.701248573583021
3279,1,0.8390783876197379
7318,1,0.9860302932719615
8401,1,0.9685320039619474
11385,1,1.019075634330686
12417,1,1.4328495909915175
14993,1,0.8791412890157891
19963,1,0.8333040470425626
24143,1,1.0135631466721042
25011,1,1.060875364251394
25836,1,1.3083987832982944
2431,1,0.7540911662699089
6248,1,0.9691840034369134
8189,1,1.0037311171536898
11391,1,1.229041621290382
12423,1,1.3923375759672403
13013,1,1.4878838257132074
14453,1,0.6886386804159256
24148,1,1.0988780656559414
25016,1,1.2138886384009968
25841,1,1.2668212943572648
1845,1,0.8279124047184598
2436,1,0.8848709542703143
4190,1,0.9076164475823273
9502,1,0.9358720403444062
10354,1,0.9283168619941323
13383,1,1.0040807184377822
14299,1,0.6379313272349495
19973,1,0.8537951253892235
21046,1,0.91994644320008
23153,1,0.9226383780333658
25021,1,1.3057965306327846
25846,1,0.9706738784440848
2441,1,1.0059222442502445
3119,1,1.0603752424241115
4010,1,0.9877603123125479
6259,1,0.9388688141973633
8199,1,0.8958138823221476
9289,1,0.9094808708350482
10359,1,0.9482360770805053
11401,1,0.7129866038299041
12433,1,0.556228898363634
28001,1,0.5341404707467249
18912,1,0.6102280887179642
19978,1,0.6303961117902758
23158,1,0.8395013411457197
24158,1,1.0409211683917547
25026,1,1.3619195286527044
25851,1,1.017928418467372
1741,1,0.670749194923478
3298,1,1.0578727097787977
4200,1,1.0365817223514229
11406,1,0.9630543162464228
12438,1,0.8826599918354583
13393,1,0.17510759001777743
15013,1,0.5674442917891113
17040,1,0.5666527972592514
18917,1,0.636391740063449
19983,1,0.8530442725793076
21056,1,0.9508472113249784
22115,1,0.8592311761624913
23163,1,0.8617923419748043
24163,1,1.055140045884358
25031,1,1.1906124331675754
27857,1,1.582467461379232
2288,1,0.3816017417293875
3303,1,1.2263519470578037
6269,1,0.8520649496470597
8209,1,1.1797906496809811
9298,1,1.1010186307501661
27967,1,1.5064995095819387
27981,1,0.3380013863525372
28051,1,1.3922448690019176
18290,1,0.7207528118096952
19987,1,0.7374108006296872
21060,1,0.6546527341779711
22118,1,0.7962467203374229
23166,1,0.8156443357838258
24166,1,1.0220494369662791
25035,1,0.7032075855129559
25860,1,1.9452446513547361
27918,2,0.7284491829403311
8211,2,0.7250295136456423
9083,2,0.6443511529557985
28125,2,0.03635803978331388
20418,2,0.05526599306243655
5210,2,0.9960129258093278
6057,2,0.9951475461557507
7130,2,0.9352211445248811
7997,2,0.9277488659153025
9087,2,0.8868698580347176
9948,2,0.34526799161995214
18291,2,0.14421808511748377
18922,2,0.12386266755151676
19776,2,0.10595146831986613
20849,2,0.10951425032366748
21908,2,0.05777008136665751
22958,2,0.06373883721688332
3482,2,1.175598440579498
4019,2,0.9683187496882938
4798,2,0.9925274326288436
5849,2,0.9865963784341137
7136,2,0.9579961625972752
8002,2,0.9451517287099271
9092,2,0.9057733034874725
10161,2,0.33757707315506424
11204,2,0.14784520140722823
12238,2,0.20401456539296506
16840,2,0.06475199397274613
17874,2,0.08246326582077793
18716,2,0.14228720522252908
19565,2,0.13264507121444993
20854,2,0.11084737044945094
21913,2,0.08754315759061417
22961,2,0.07112030514779666
23977,2,0.0217432327593971
2451,2,1.312777876605364
3131,2,1.2625375928158535
4023,2,1.2621828387765106
5007,2,1.1550017675910584
5853,2,1.0592953775425606
6925,2,0.9870084783229833
8225,2,0.9579631475040793
9097,2,0.9633166242945134
10167,2,0.928727695544491
11209,2,0.47534918461200765
12241,2,0.25438627602076297
13218,2,0.15965470247860453
14012,2,0.14354921453958877
15017,2,0.15595124081015585
15821,2,0.15077868327297214
16843,2,0.1203548025888733
17880,2,0.15604661877254247
18932,2,0.2805874213345847
19571,2,0.29914876139305974
20860,2,0.33099794894210477
21918,2,0.2693270369264397
22966,2,0.10172189964605796
23982,2,0.4397302188498814
24699,2,0.20426519717463457
1745,2,1.0737493575154868
2293,2,1.0554764352933972
3135,2,1.1385412226261216
27900,2,1.0057109925243575
7146,2,0.7989987678092403
8012,2,0.7642906684786329
9102,2,0.8430818363779982
10171,2,0.9154870202187445
12246,2,0.7621874675353133
14017,2,0.24438848788186948
14821,2,0.21162787036396744
15826,2,0.24746048943161428
17677,2,0.4056562898503975
21923,2,0.3710867970315332
22971,2,0.1136897713008583
25551,2,0.4894849523959767
1645,2,0.7797815772112462
3141,2,0.7057628716588946
7150,2,0.782951134983672
8016,2,0.6437909636324493
10177,2,0.4290752191928785
18941,2,0.7833801437296932
20010,2,0.5573881978633469
21928,2,0.6478450262046991
22976,2,0.42420770439702465
24709,2,0.2442459722574966
1649,2,0.20265723273456238
2971,2,0.18950863490990205
4037,2,0.31274902449900416
10181,2,0.38933485116829697
12255,2,0.42498232119261053
13232,2,0.7641043938629243
17895,2,1.010968233638172
18734,2,0.9350237709057806
20874,2,0.5805088782716785
21932,2,0.7531507305862705
23996,2,0.6175801329634277
25720,2,0.38454860451759026
28232,2,0.030252876271596525
1279,2,0.8465789187483402
1654,2,0.13460780701132583
2307,2,0.12840655581344737
4042,2,0.7115616635077183
6087,2,0.9217067022376496
11228,2,0.7140215652406022
12260,2,0.7567398430727966
20019,2,0.47500427125587763
21937,2,1.3937823055802985
24884,2,0.8829417763515223
28240,2,0.8584880051812823
26278,2,0.5625394434895307
28017,2,0.9165499718061156
13243,2,1.68596938545985
15845,2,1.2693683497428045
21942,2,1.5653262903458456
25731,2,1.3873316681526908
26535,2,0.8060916547924888
6096,2,1.2127480533750243
7170,2,1.3645824788369265
8037,2,1.3263052756924079
9126,2,1.5469920533793207
10197,2,1.4490726649173233
16667,2,1.4213577909747772
18749,2,1.1988816739162027
19815,2,1.24764435357841
24011,2,1.3936047160832556
25735,2,1.5298858155026673
26287,2,1.2451870126077413
2323,2,1.1630368691361992
3165,2,1.0060921814297337
6101,2,2.1141552515008373
8259,2,1.4498288821929735
10202,2,1.4342621463257257
11244,2,1.3859802199094289
13253,2,1.6371637754144257
14851,2,1.656935140068203
15855,2,1.6960778274048338
19820,2,1.3682047148224707
20893,2,1.5851099836338747
23000,2,1.9720423559140992
26293,2,1.732926576938772
26709,2,1.4761725173123816
1206,2,1.9764233958466586
2327,2,1.3823385182979089
3170,2,1.2557860638721305
13257,2,1.5600896962699295
14052,2,1.599396967738
14856,2,1.6360851653446928
15860,2,1.8700731081160815
23005,2,1.8945163126220232
24021,2,1.8602957751487055
25746,2,1.7409062962149386
26297,2,1.808305112392608
26714,2,1.5190419530850494
26946,2,1.8296260905952029
582,2,3.409345969717616
4067,2,1.5649074422228364
11254,2,1.3790668752150481
14055,2,1.5941661439890111
14861,2,1.6350589983872104
16888,2,2.0633651501122614
19830,2,1.9501237322609895
21962,2,1.904020624402154
23010,2,1.963192905748854
26302,2,1.8825311603254904
26718,2,1.7810470828355385
2337,2,2.0516686105729782
3180,2,1.7533637273355158
4072,2,1.7527133532026467
6974,2,1.6521242999718617
10215,2,1.3533323913612862
13083,2,1.742151691385234
14061,2,1.5952594079044937
15870,2,1.6961914452784599
16893,2,1.8711663449682028
19835,2,2.10197684598728
21967,2,1.9757698726626927
24031,2,1.9233219118725005
24914,2,1.8533888812820054
27093,2,2.5636081686538614
1689,2,2.343012079235549
2342,2,2.183428470532198
5062,2,1.9770534581009318
8061,2,1.6401200935382614
14066,2,1.7369761264614045
14871,2,1.6343417616307958
15875,2,1.5375515599585663
16898,2,1.68380777400157
23020,2,2.045956371325067
24036,2,1.9519601473542905
26312,2,2.090985066095852
305,2,3.4556664469235883
1317,2,2.609292914236008
2347,2,2.3164893326839677
3016,2,2.022379417314305
4082,2,1.974916789457668
4862,2,2.0947010712719365
6126,2,2.0864363704624154
11267,2,1.7993785953079247
12300,2,1.908203395640019
14876,2,1.7370534443551449
15880,2,1.6855935224287233
16903,2,1.850131271545388
17939,2,2.1573854408503355
18779,2,2.2853046224474496
20918,2,2.294763133562504
24041,2,2.200365983447226
24924,2,2.3643062907278822
26733,2,2.347500803217497
27103,2,2.1314001255184536
27338,2,2.607829275519239
259,2,3.557590617370325
812,2,2.754822594198516
1231,2,2.7155099131575478
1698,2,2.6177276742508235
2352,2,2.3452034434157336
4087,2,2.0345181145356377
5072,2,2.026256911654802
6988,2,2.033440389764033
10231,2,1.83947540247952
11272,2,1.9557952841146056
12305,2,1.9224986596314768
14881,2,1.8823906635064056
16909,2,1.907117853094118
17944,2,2.165147467880174
18784,2,2.208021002187823
25098,2,2.388025335215282
25769,2,2.414813978247599
26739,2,2.3612668203672142
27108,2,2.315938979533114
27392,2,2.492625840940338
266,2,3.3103764910967857
1236,2,2.700165951444887
1704,2,2.5892765285835724
2357,2,2.337405959309893
3200,2,1.5079127820689981
4281,2,1.489939529402305
5076,2,1.9343552400904003
10025,2,1.6438448942026198
13464,2,1.8785458871205953
14886,2,1.9629956121499135
15890,2,1.9078277552179992
16913,2,2.0577031545901647
18790,2,2.338793513125099
20069,2,2.336789197537472
21987,2,2.224574584858771
23035,2,2.2880271149717473
25103,2,2.337830387166116
25775,2,2.4008569889956
27397,2,2.198190164791114
270,2,3.2904405575497804
823,2,2.723140306015848
1241,2,2.6836637993822383
2362,2,2.3111038792927645
3204,2,1.784215352996185
4476,2,1.413502547561065
14891,2,2.0526606910892045
15895,2,2.2157928713623836
16918,2,2.3018846990021906
18794,2,2.4773017321939745
19860,2,2.4766589080635195
23040,2,2.15503813551261
25278,2,2.250559758519425
25780,2,2.285291108224999
26748,2,2.252392796320319
27118,2,2.173274638228549
27402,2,2.298940772758025
27532,2,2.2167649078207874
113,2,4.028381145528125
616,2,2.7314502887555894
827,2,2.6925027922548828
1245,2,2.6493783692363575
3034,2,2.0989066973458614
5086,2,1.5420548635899591
8302,2,1.694404291627216
12319,2,1.732530223303125
15899,2,2.205356916281214
17958,2,2.21843458308596
18799,2,2.2485988297290826
19863,2,2.3977286423307835
20937,2,2.2933428796874757
25784,2,2.266401931463682
26753,2,2.1375563533945083
27122,2,2.0460705631956713
27406,2,2.186772012858855
63,2,3.7650740745467997
494,2,2.6412758586582727
832,2,2.6447293473431364
2371,2,2.281203888927564
2867,2,2.1636126433891474
4477,2,1.3721504590326068
4881,2,1.2354162712118557
7008,2,1.6876748889969162
12324,2,1.9388574627225386
13301,2,1.9910994606740011
14095,2,2.021292890307606
14900,2,2.1235120025248273
17963,2,2.218523798554305
20942,2,2.334776071555351
25789,2,2.370032313849298
26758,2,2.1188642534229847
27411,2,2.151902226400205
44,2,3.773096504976833
238,2,2.6809726783411962
1255,2,2.4809632710457072
2376,2,2.134817195063949
4093,2,1.2334415707388495
4886,2,1.6831117034295717
9403,2,1.834161707435404
10255,2,2.1064085649507764
13307,2,2.3721084533168355
14100,2,2.3051738770870367
14905,2,2.281999972686145
15909,2,2.293632069223888
16521,2,2.189222233324253
17968,2,2.2081588112230954
21160,2,2.4254043581028326
23055,2,2.309513658357589
25794,2,2.5242783220599647
26346,2,2.104552050089444
27132,2,2.182306211579111
27313,2,2.129653279300972
27723,2,2.497679134683824
16,2,3.5958937544381646
768,2,2.5383423999834918
1728,2,2.343093860936349
2381,2,1.8936771336658935
4097,2,1.9494887835920962
5100,2,2.069922973398687
6160,2,2.0829246231531906
10260,2,2.172541805048469
11509,2,2.1734716960999125
15914,2,2.2780052722119173
21165,2,2.4574057650525454
22012,2,2.4977659223617845
23059,2,2.4277491190288285
24759,2,2.2852696185331762
25943,2,2.5904497887930824
26352,2,2.2035335786414803
27137,2,2.1876233688206375
27623,2,2.38297604926832
27727,2,2.3635466232193534
27795,2,2.54894397476272
7,2,3.4233686727087163
508,2,2.198555566643579
847,2,2.1264391369403204
1266,2,2.1870374274693187
1733,2,2.240195067700761
2081,2,1.8476804138183154
3377,2,1.3653434190644704
5105,2,2.1733026371033337
10265,2,2.1744782896982393
14731,2,2.5876960186381344
15919,2,2.2113421170728924
17978,2,2.036822694671083
20957,2,2.659177000460924
22016,2,2.632614343665817
23064,2,2.2858766582498244
24064,2,2.1255090972156467
24932,2,2.175346900308091
26773,2,2.2345528654097113
27628,2,2.216794796928886
2,2,3.6565501114865486
852,2,1.9234128032054176
1738,2,1.7363480727937297
3208,2,1.6206772273110186
4107,2,2.3081709005015356
10269,2,2.151080029462154
12344,2,2.3965473828039405
13322,2,2.522931979977496
14115,2,2.5579657827675453
18823,2,2.2573172237409485
20104,2,2.5916870796692564
23069,2,2.0544031625471955
24069,2,1.9455947040286645
24936,2,2.2136767249942304
25631,2,2.216873845806298
26360,2,2.294616624013935
27633,2,2.32748062768447
27814,2,1.9214677616398286
6,2,3.579491099585449
112,2,2.1229545167535044
258,2,3.477490181931485
518,2,2.0765357425988142
1275,2,1.8860633196770822
1550,2,1.8192523576251411
2541,2,2.4709222072756623
3213,2,1.6821828917486852
4113,2,2.0315115703723596
4907,2,2.129211159065517
8987,2,2.040617197778988
10275,2,2.137458698364345
11316,2,2.1592862201443888
12349,2,2.0440341784205347
17157,2,1.9861692838085747
23074,2,1.9871805418751374
24074,2,1.9229120655592622
24942,2,2.0882403069438418
25799,2,2.4388995054261686
26534,2,2.3841202641731924
26783,2,2.4457900407197126
27152,2,2.6980763067322853
27436,2,2.4897589633542094
27638,2,2.436411632968234
27742,2,3.06688865295058
27818,2,4.192950124944673
860,2,2.9498118254798613
27846,2,4.132835800927906
3218,2,1.4993487821241438
8120,2,2.0361071259457018
9428,2,1.9720939744775434
10279,2,2.0082169146916113
12354,2,1.8431394304247588
13331,2,1.8414989424568002
14125,2,1.8876851982710514
14930,2,1.9192462319312071
17993,2,1.8501089727802982
18834,2,2.0356774679516247
19899,2,2.03686391581272
20972,2,2.091435516185375
22031,2,2.154957214758291
23079,2,1.9517418335749703
24947,2,2.203876423041919
26176,2,2.80279764829216
26787,2,2.933786598516117
27156,2,2.815607992136646
27440,2,3.863599401249525
27607,2,4.723345807367093
1841,2,3.9336310159725625
3223,2,1.373182292069906
6399,2,1.744905168187789
7043,2,1.805529008711526
8125,2,1.890843709954535
9433,2,1.9600604182019827
14130,2,1.8931207779760963
15737,2,1.7946281943145632
17998,2,1.9122521116994111
18838,2,2.055832891956479
28131,2,1.967564816442206
23084,2,2.1566493570667697
25809,2,2.2986410826094925
26361,2,3.945572818587957
27869,2,4.05555078415143
3228,2,1.5814406575253857
6190,2,1.7416738423124678
9220,2,1.6211939748944006
11331,2,1.8787421342033344
14135,2,2.1381620831390378
14940,2,2.1744732828822118
15944,2,2.1419977711320652
16967,2,2.0832802483984088
18003,2,2.0191293791751157
18843,2,2.04254382823278
24089,2,1.9920227932723196
24957,2,1.9785343653351168
25814,2,2.2114224583245217
26274,2,3.9047665234367805
4132,2,1.6488962405376908
6195,2,1.3925239984142666
7053,2,1.3786368071597304
9225,2,1.4745553196676218
13346,2,2.427625673052237
14001,2,2.3489253263668504
16972,2,2.2169773978355467
23094,2,2.2139194661111192
24094,2,2.435512693685369
28189,2,2.3822255285664653
4137,2,1.945123453399418
5140,2,1.956738133663939
12374,2,2.14589393539238
13351,2,2.2860976558015436
14950,2,2.352449181626846
15954,2,2.213743873784359
16977,2,2.1258901435767377
18013,2,2.1175066600841603
22051,2,2.1628338657552404
23099,2,2.159215741054527
24099,2,2.4263181045895776
24967,2,2.547151696490091
25483,2,2.683329656120955
2721,2,3.503770424883277
12378,2,2.0638110996253842
13355,2,2.2269216649929504
15958,2,2.042027131581627
16981,2,1.9834534840979041
20996,2,2.034149196929556
24103,2,2.387806723754415
24971,2,2.473406537371738
2557,2,3.693487571994366
3244,2,1.6973637529197245
4941,2,1.8459877353823484
13360,2,1.9149041470569692
14443,2,1.6578034371789536
14959,2,1.794558281051615
15963,2,1.738437738681449
21002,2,2.2072646180883218
24976,2,2.3462415293852805
25654,2,2.411053964577944
3250,2,1.576966931036295
4151,2,1.7561655676641739
9244,2,1.9490715172207775
11356,2,1.9227161530205998
12388,2,1.857881629843147
13365,2,1.6024465355658626
14447,2,2.052207262305464
14964,2,1.5084472667070712
16991,2,1.6674884703814652
18027,2,1.7616092135392063
18867,2,1.9789066841428828
22065,2,2.2044790577710067
24981,2,2.3214110516357347
2401,2,2.640672102238895
3254,2,1.6970763554364183
11361,2,1.8539826036116325
13370,2,1.5238417539804308
16996,2,1.5046417468357198
18872,2,2.014459156889234
19938,2,2.24703894332753
21011,2,2.1982639791552208
23118,2,2.1704064876470466
24118,2,2.176152031662865
24986,2,2.253175137979117
25819,2,2.253203363018663
2406,2,2.47110980870222
3259,2,1.619210176440577
4161,2,1.6366631301277148
5164,2,1.6549866421077282
10324,2,1.855763456821426
12398,2,1.4653088245027626
13375,2,1.2709499111390015
14974,2,1.2473961912224336
18877,2,1.7918775856235565
23123,2,2.138883307786871
25669,2,2.0207057342131627
2411,2,2.099584997526323
3089,2,1.5399842870359373
4166,2,1.5600343723088805
5169,2,1.58469587180101
10538,2,1.6944818206433003
11371,2,1.4931187087119742
12403,2,1.3318912317950882
13380,2,1.213864414119651
14979,2,1.235550385009963
15983,2,1.2619682092799
17006,2,1.1502653264438314
18042,2,1.3648488704319937
18882,2,1.7915158176784183
22080,2,2.0187190102702686
23337,2,2.0517695936768243
24128,2,2.086891999042267
2416,2,1.9919044534904242
3269,2,1.4956948554242424
5174,2,1.5087000787086124
9264,2,1.6304743804887272
10334,2,1.6375027459889255
12408,2,1.317253602977343
13200,2,1.2778277793327708
14984,2,1.6978538857109269
15988,2,1.2802639570494359
17011,2,1.3230861349993908
18047,2,1.62413810195095
23133,2,2.0158798269927916
24133,2,2.3540779623148
25002,2,2.244118682106487
2421,2,2.0045663304424406
4176,2,1.4580316460688527
6239,2,1.514467113617511
7097,2,1.5592327550571494
8179,2,1.5898225230427505
9487,2,1.609361200156311
10340,2,1.5805901716519546
11381,2,1.4614046246726524
12413,2,1.3907928532175944
14989,2,1.6242831657401384
15791,2,1.3130513348330852
22090,2,1.928144337308916
24138,2,2.4299757105292605
25006,2,2.3650862735368388
25831,2,1.77280851821795
1962,2,3.141769362572354
2426,2,1.8519654558413263
3279,2,1.5125440954467455
6244,2,1.4743277758427624
7318,2,1.5087839878183835
8401,2,1.5271715774154795
11385,2,1.340184670282601
12417,2,1.421116615801968
14993,2,1.3318933394805157
19963,2,1.7695874925237518
21036,2,1.8215477271347367
24143,2,2.3462085070222316
2431,2,1.518236491720951
6248,2,1.414374982950115
7107,2,1.41982532554176
8189,2,1.461832810975139
11391,2,1.383035413695332
14453,2,0.9333317544705123
14998,2,1.606563913491099
17854,2,1.6156606348270586
23148,2,2.1885749202643248
24148,2,2.291061969430169
25016,2,2.1813819247672166
25841,2,1.5800623116849228
1845,2,3.0799669420295532
2436,2,1.4085422576360789
4190,2,1.4683133255344063
6039,2,1.3815320347568822
10354,2,1.427477264169526
14299,2,1.0982758561609556
19119,2,1.6241899567408555
19973,2,1.7090243436428487
21046,2,1.543387151000187
25021,2,1.8087899858145031
25846,2,1.5084679683227495
2441,2,1.4838434356266847
3119,2,1.5361915165410207
7117,2,1.3980645818022872
8199,2,1.33543623284925
9289,2,1.3488878271961133
10359,2,1.3655280981630593
11401,2,1.658918146624661
12433,2,1.452902809580944
28001,2,1.2978485251769998
18072,2,1.5519855278954524
18912,2,1.5842896216707083
19978,2,1.2598977486944585
23158,2,1.9887960186094769
24158,2,1.9005266356138404
25851,2,1.4219796751766278
1741,2,2.9997787646730334
4200,2,1.4048696358842916
13393,2,1.3899628188045865
15013,2,1.4498875941104343
17040,2,1.3857068444398033
18917,2,1.2672024756832991
19983,2,1.5578197996545113
22115,2,1.5227397756189363
23163,2,1.780211585517907
24163,2,1.8461604061870602
25031,2,1.7662410860023952
27857,2,2.9382363820635744
2288,2,1.8378675062853596
3303,2,1.3697096405678475
7126,2,1.2788624821289793
8209,2,1.3110548026763704
9298,2,1.113765454296675
27967,2,2.728355694490101
27981,2,1.523150371041716
28051,2,2.4822123903546682
18290,2,1.1755649298961894
19987,2,1.0377323499192281
21060,2,1.3288085245429357
22118,2,1.4608203530419497
23166,2,1.3937588436512998
24166,2,1.3783595978771144
25035,2,1.3845968083816012
25860,2,1.9546369505266854
27918,3,0.18432463323339396
8211,3,0.20609226113855383
9083,3,0.1746960907003426
28125,3,0.08006662348271623
20418,3,0.10037766387703873
5210,3,0.35765785462707117
6057,3,0.33035393713998573
7130,3,0.2819418302251656
7997,3,0.2809296481973784
9087,3,0.2623516649942878
9948,3,0.20116538268799924
18291,3,0.163022111315608
18922,3,0.17905300903570168
19776,3,0.17735352936715773
20849,3,0.1636138257720631
21908,3,0.1284502558593413
22958,3,0.11935314492028432
3482,3,0.5049969259671335
4019,3,0.431137356423749
4798,3,0.38490469015796996
5849,3,0.33349470393001557
7136,3,0.31588143439294203
8002,3,0.30843968342455985
9092,3,0.28747356527524637
10161,3,0.22274450839295767
11204,3,0.1899657932383382
12238,3,0.23345101533122134
16840,3,0.10577748765549971
17874,3,0.11586858072535038
18716,3,0.20327905409854638
19565,3,0.19800089706141677
20854,3,0.17997898968794632
21913,3,0.16837870475124034
22961,3,0.14955835556976582
23977,3,0.017361224221247026
2451,3,0.7620871067204715
3131,3,0.5461097541745911
4023,3,0.5198850490811878
5007,3,0.44160960004379746
5853,3,0.40357516173279195
6925,3,0.37193211812914223
8225,3,0.35035837404234604
9097,3,0.34720418941209835
10167,3,0.3263199801636136
11209,3,0.29043307842517313
12241,3,0.2750595501105204
13218,3,0.24444297387081423
14012,3,0.23351086836626006
15017,3,0.22685492945555938
15821,3,0.20923264360745808
16843,3,0.1902461532822804
17880,3,0.20855448051030365
18932,3,0.23560515964514026
19571,3,0.24025143282634476
20860,3,0.2528890514636481
21918,3,0.22156442503344478
22966,3,0.21155236588713272
23982,3,0.3757790426545862
24699,3,0.16681411658091472
1745,3,0.5441453730865818
2293,3,0.6254396450083429
3135,3,0.5347455676350251
4028,3,0.4113256994190053
27900,3,0.43062888640152375
7146,3,0.37056423766761304
12246,3,0.3570197545809936
14017,3,0.28621206604381516
14821,3,0.27469764348408005
15826,3,0.36290053149737
17677,3,0.3542382693901332
21923,3,0.306452635805424
22971,3,0.24419784184546803
25551,3,0.4404204090815934
1645,3,0.31826430422934127
3141,3,0.5515743464032775
5018,3,0.4213367737692291
7150,3,0.32738123139828756
8016,3,0.31181552065076423
17890,3,0.5636676700187087
18941,3,0.5374479690859056
20869,3,0.5595583639450774
22976,3,0.7018073311262584
23991,3,0.6535337367177236
2971,3,0.4200742004762025
10181,3,0.1573645116252116
12255,3,0.070358683657134
13232,3,0.44532246608322745
17895,3,0.8225827172384251
18734,3,0.6598861943430504
21932,3,0.6994926151767771
23996,3,0.6757078508654787
25720,3,0.8486166585202884
28232,3,0.19791540831063614
1654,3,0.569195950212596
4042,3,0.48778022658805403
5027,3,0.3656724978706128
6087,3,0.21627054316503821
11228,3,0.1776450055626359
12260,3,0.14593856613136477
20878,3,1.127928828504207
21937,3,0.5234434471114712
28240,3,0.6139037969822739
26278,3,0.16250064452324806
5032,3,0.37769503334230203
10193,3,0.6617770383549143
28017,3,0.4672838137179354
13243,3,0.8102052159952539
15845,3,0.5046055916278536
19810,3,0.47388126386103546
21942,3,0.18703137252247448
25731,3,0.47273873034734265
1196,3,0.37418261227050653
6096,3,0.31684844192547507
8037,3,0.5374100128316354
9126,3,0.4605887344298937
10197,3,0.6141421343414873
16667,3,0.3560592569480507
21947,3,0.629178472727366
25735,3,0.558441249756396
2323,3,0.4853158827314192
4838,3,0.7346453570801281
6101,3,1.2402104015700584
10202,3,0.8163516278091498
11244,3,0.8591654718069884
13253,3,0.9089077690927538
14851,3,0.6036425476908275
19820,3,0.3601200739155252
20893,3,0.43574527703061045
23000,3,0.7067509331925238
25740,3,0.4417936181287324
26293,3,0.5285485647407276
26709,3,0.7574038829492477
1206,3,0.9493133807612687
2327,3,0.674288300569483
3170,3,0.4255094788278345
9137,3,1.3356098652177208
12280,3,0.33968100218750763
13257,3,0.8517338490859342
14052,3,0.7299791396623412
14856,3,0.6534362990208055
15860,3,0.7823891679806395
21957,3,0.3897479729335232
24021,3,0.6098092301056112
25746,3,0.5582342041872189
26297,3,0.5764626703561755
26946,3,0.9726593342487433
2332,3,0.8428195345675203
4067,3,0.49132222082066196
5052,3,0.5291582171045646
11254,3,0.16587909692165562
12284,3,0.256176545030912
14055,3,0.6929241661674257
16888,3,1.176186859694228
23010,3,0.43874703031150986
26302,3,0.6420672021975872
26718,3,1.2942085896056343
1215,3,0.8820865390436025
1683,3,0.9805441016471979
2337,3,0.859494702805409
3180,3,0.4909428504254275
4072,3,0.45788532627515927
6974,3,0.41035563399192143
10215,3,0.0805605502857861
13083,3,0.7587890709769957
14061,3,0.6280952540064191
16893,3,1.1917555065990357
17929,3,1.6360907020644768
24031,3,0.5734351845704928
24914,3,0.6505625807695596
25754,3,0.6349042572399726
27093,3,2.0998209096076743
1689,3,0.8035556835110199
8061,3,0.3207936113742127
14066,3,0.5802548693315199
14871,3,0.6021692836278107
15875,3,1.0566984760678149
16898,3,1.234614672521462
19840,3,1.9234113596077453
20913,3,1.3561765564438206
24036,3,0.651949661234941
26312,3,0.6977859876940764
305,3,0.9825095862942302
808,3,0.6804510584615681
1317,3,0.6566691202536057
2347,3,0.4910441396539605
3016,3,0.4343212777771551
4862,3,0.4784876834026441
11267,3,0.16044796392999244
14876,3,0.5312571193631224
15880,3,1.092081216446284
16903,3,1.2612991502478295
19845,3,1.8651825155406532
20918,3,1.5552439953076644
21977,3,0.8146428742935307
24041,3,0.8260807407722628
24924,3,0.8729644760515236
26733,3,0.8560385469963508
27103,3,1.6224141591544288
259,3,0.8463189670405772
812,3,0.5309430984210226
1698,3,0.5169446194065014
2352,3,0.28651437025026455
5072,3,0.3781634850722533
9161,3,0.492355064972616
10231,3,0.42167572269366177
11272,3,0.24862711197465645
12305,3,0.39778785990551063
14216,3,0.4278449017561271
14881,3,0.4793747275651501
16909,3,0.5385922458349874
19850,3,0.6388824449030844
21982,3,0.8439200384376017
25098,3,0.711467744866361
25769,3,0.819968354661358
26739,3,0.8117310382906056
27108,3,0.944267976832356
27392,3,2.9386224901652014
266,3,0.6426721684938944
1236,3,0.38498394952755316
1704,3,0.4092392952204968
2357,3,0.19328299708541713
3200,3,0.2169811707268565
5076,3,0.45650905989627333
8075,3,0.2786151114022618
14886,3,0.4149581456884905
15890,3,0.526933685538719
16913,3,0.4304144458128314
20069,3,0.19988641657739223
21987,3,0.1612628063713776
23035,3,0.7221992322732727
25103,3,0.3354515497505263
25775,3,0.661257748376155
26744,3,0.7166390503091425
27113,3,0.850198384086181
27397,3,3.03663278070535
270,3,0.40204912153551403
823,3,0.2829969402693267
1241,3,0.29048114177408113
2362,3,0.1928149668757099
3204,3,0.16016225851828728
4476,3,0.16885358523636215
8080,3,0.06516404805730079
15895,3,0.5475909465541995
16918,3,0.5910586665011865
18794,3,0.4927480149837009
19860,3,0.34364186954359527
23040,3,0.2536915017251453
25278,3,0.06360191349110364
25780,3,0.39932990591105055
26748,3,0.6790284676843065
27118,3,0.8588453552847263
27402,3,1.0671283985280873
27532,3,3.45118691011348
113,3,0.39745845769013244
229,3,0.29294982057037355
616,3,0.22368631906112293
827,3,0.22644782635304386
3034,3,0.10624656686347313
5086,3,0.24305366419754948
8302,3,0.12283510776735533
15899,3,0.4647709149127618
17958,3,0.9015931971723881
18799,3,0.9534224850594758
19863,3,0.7546671165008829
20937,3,0.632011611608854
25784,3,0.27942296321642185
26753,3,0.5871081251812036
27122,3,0.8438379002869357
27406,3,1.0494191925934895
63,3,0.7316564405218371
494,3,0.21203248479368988
2371,3,0.06056540259182662
4477,3,0.37148615202765184
4881,3,0.5732574257297302
7008,3,0.8808042155083652
13301,3,0.8704932969479523
14095,3,0.4893336073481566
14900,3,0.27574944425657155
15904,3,0.4838691417918189
17963,3,1.1473182832716449
25789,3,0.49504768097587354
27127,3,1.0247431156969207
27411,3,1.204058532199806
44,3,0.39673724997452314
238,3,0.2289596650243362
838,3,0.11874778419983124
1255,3,0.12041208809450325
4093,3,0.12629265980335666
6155,3,0.7648475035149157
10255,3,0.7468965974814928
13307,3,0.8597858786332683
15909,3,0.7662823782343762
16521,3,1.3245231167545286
17968,3,1.3752601160126725
21160,3,1.3615520198096045
25794,3,1.2115815678951347
26346,3,0.565181846816401
27132,3,1.1784933111326794
27313,3,1.2531724059462386
27723,3,4.048884564181672
16,3,0.14358955479878632
131,3,0.18958023165146495
768,3,0.06466426734430838
1728,3,0.10758313190613145
2381,3,0.17776850736250188
9190,3,0.9278798601651064
10260,3,0.5505792919115271
11509,3,0.5817006476335496
15914,3,0.7381438429411474
21165,3,1.5253880671045932
23059,3,1.965933792271126
24759,3,0.8107648579343508
25943,3,0.8070465252921185
26352,3,0.680590267801584
27137,3,1.192833482271201
27623,3,1.6573083701586273
27727,3,1.779574570061696
27795,3,4.3618946914831
7,3,0.24260965436868634
248,3,0.4053186239927993
508,3,0.344592689427197
847,3,0.20623967091450596
1266,3,0.07428517475695749
1733,3,0.02580093242549366
2081,3,0.44331033278519094
3377,3,0.25313937211530557
5105,3,0.6997079304498767
6377,3,0.6986172038319877
10265,3,0.502103063925824
15919,3,0.5510010249095614
17355,3,1.2453572471908765
17978,3,1.2669275413502754
20957,3,1.7774768116933772
23064,3,1.99903026115635
24064,3,2.1677040278689814
24932,3,1.757496193437872
26356,3,0.7955980539917177
26773,3,0.893295532418843
27732,3,2.0130069771403676
2,3,0.4137638790190614
852,3,0.39504911406453386
1270,3,0.373565917290163
1738,3,0.49809866675858183
3208,3,0.3012776108212572
4107,3,0.46132957930471347
5110,3,0.6966725295014429
10269,3,0.3800980413152024
13322,3,0.5760654728298804
14115,3,0.5350998005593383
18823,3,1.529877731168759
20104,3,1.9537698790729212
23069,3,1.8879701064862926
24069,3,2.0251528427184295
24936,3,1.9340921904109232
25631,3,1.4464481867901313
26360,3,0.780565858429168
27633,3,1.7085147295293366
27814,3,3.017712891334364
6,3,0.4721315647538938
258,3,3.158154139698984
518,3,0.5879502767929387
1275,3,0.2666711444036283
1550,3,0.5004782389657405
2541,3,0.23810363237663854
3213,3,0.25999620404446755
4113,3,0.23900919050963867
4907,3,0.10625423561971115
6176,3,0.21546531707146535
8115,3,0.35481429938713144
8987,3,0.24810427477417174
11316,3,0.2887252869657666
12349,3,0.39748493247898803
14120,3,1.0202873777856627
14925,3,0.46876788974818995
17157,3,1.1964709833689884
17988,3,1.2364867860219728
18828,3,1.4398707950731982
24074,3,1.8216504158193563
24942,3,1.8269072467422744
25799,3,1.6163313298422606
26534,3,1.2159982841334198
26783,3,0.8476013919438433
27152,3,0.6004859246916378
27436,3,1.5159942763165757
27818,3,4.839453264239457
27846,3,4.325843330164856
3218,3,0.2924747435323505
4309,3,0.18010677762110378
9428,3,0.47003415334006265
10279,3,0.4289641114690808
13331,3,1.0912958471166685
14125,3,1.1820640586246816
14930,3,1.160670953417024
17993,3,0.2136027657496505
18834,3,0.10597528585609034
19899,3,1.180395872442049
20972,3,1.5046507405269092
22031,3,1.573516514787696
23079,3,1.3128490828549044
24947,3,0.9988133847071045
26176,3,0.41531789803051544
26787,3,0.7150606711757946
27156,3,1.1142510474349625
27440,3,5.089651388882303
27607,3,5.171292374493937
1841,3,2.42336984630668
7043,3,0.41857823093550245
8125,3,0.47551962128032654
14130,3,1.2323234620047874
15737,3,0.40952505134629874
17998,3,0.32380506668224796
18838,3,0.3381786231969871
23084,3,0.45218306674978975
24084,3,0.4308392274845779
25809,3,0.13155650864257076
26361,3,2.8899595105195575
27869,3,4.323322315026196
3228,3,0.450929516647172
6190,3,0.44398737018714024
9220,3,0.8429549173123145
11331,3,0.9811196273275171
12363,3,1.024326041387079
14135,3,0.8028846986879368
14940,3,0.7859060533485092
15944,3,0.22832662805141862
16967,3,0.8494741010543007
18003,3,1.135911945992
18843,3,1.2862541797737235
24089,3,0.4883363743907037
24957,3,0.3287965734392896
26274,3,3.772217707030928
4132,3,0.3536534872073565
6195,3,0.4760740519987772
7053,3,0.5905725757677953
9225,3,0.7924571993263233
13346,3,0.826411932480105
14001,3,0.8468328852711634
16972,3,0.835818566320826
23094,3,1.1729306821114736
24094,3,1.1497609109547173
24962,3,1.3045764435509577
28189,3,3.6092688757003843
12374,3,0.8600089092233093
13351,3,0.8547343179416081
13858,3,0.852579337208322
15954,3,0.7999552382401142
16977,3,0.7891105881332804
18013,3,0.8756537451768015
22051,3,1.2797619958867097
24099,3,1.2384545384170538
24967,3,1.2148563197814646
25483,3,4.042620138730322
2721,3,0.08036175967075827
4141,3,0.4040258399441798
11346,3,0.8427808342136065
12378,3,0.9082411606837127
13355,3,0.872344678760187
14954,3,0.7971283997899113
15958,3,0.7695652460992816
16981,3,0.737966300432006
19923,3,1.050266054484015
24103,3,1.312133230970971
24971,3,1.31827076652082
2557,3,2.6162178341515925
3244,3,0.45377245688056966
4941,3,0.47182453852665135
13360,3,0.7819109047289667
14443,3,0.661779951230085
14959,3,0.7361675249786379
18022,3,0.804612099595762
18862,3,0.9075235115151337
21002,3,1.2666937502607636
24108,3,1.3372309377219305
24976,3,1.3603924363876294
25654,3,2.663837463157284
2396,3,3.0007704678893816
3250,3,0.5244461912400925
4151,3,0.47853966156332134
7072,3,0.5434031932870607
8154,3,0.609074356362783
9244,3,0.6584790188208677
13365,3,0.5910130254397455
14447,3,0.6566119541752906
14964,3,0.5944197111769266
16991,3,0.667886892056205
18027,3,0.77730630678722
18867,3,0.903447247233836
22065,3,1.2263488831576326
24981,3,1.3998364654782482
3254,3,0.5125467956562877
4156,3,0.47491847059730075
8159,3,0.6693094741579328
11361,3,0.689614133877896
12393,3,0.6096639779366173
13370,3,0.5531779945401438
18872,3,0.8533633792656733
19938,3,0.8963133322748944
24118,3,1.3655457574220895
24986,3,1.4687031177454084
3259,3,0.5281394450471892
4161,3,0.5306384151686381
5164,3,0.5583101777414807
8164,3,0.7436058999401652
9472,3,0.685002772720313
10324,3,0.6624860542232962
12398,3,0.6180385730053674
13375,3,0.5528049475899546
14974,3,0.519188532569313
18037,3,0.8279023255427347
18877,3,0.8104199718249749
23123,3,1.2987757214092892
24991,3,1.4294449836478436
2411,3,0.594648353738211
3089,3,0.5793213452073404
4166,3,0.5782747503145272
10538,3,0.7464835633312144
11371,3,0.7466366095310131
13380,3,0.6134653652278818
14979,3,0.6059178273882913
15983,3,0.6457457995450426
17006,3,0.7546529169760365
18042,3,0.8402470741135165
18882,3,0.9224103840998304
22080,3,1.1998596794266236
23337,3,1.2974562679926915
24128,3,1.3177688665556222
2416,3,0.5439762544882942
3269,3,0.6286676674889424
9264,3,0.9509320080853896
10334,3,0.8501699975948391
11583,3,0.8176186271259779
12408,3,0.810277284119829
13200,3,0.5526973011690786
14984,3,0.8269901430315918
17011,3,0.7630778493049477
18047,3,0.84795549619688
24133,3,1.4442896390104574
25002,3,1.5239610353739201
25826,3,1.6983332997163731
4176,3,0.7361360020080486
7097,3,0.9986033093728833
10340,3,0.8832121562985836
11381,3,0.8586999573452383
12413,3,0.8798966702418397
14989,3,0.8154447782911399
15791,3,0.5976463062413013
17016,3,0.7417379734235529
18892,3,0.9248562807423418
24138,3,1.5738335764165252
25006,3,1.5293007715583864
25831,3,1.6536147223356075
1962,3,1.7166872093324694
2426,3,0.5646409779776765
4181,3,0.9311274110937167
6244,3,1.0561844389161081
7318,3,1.0516681442126212
8401,3,1.0130141346535515
11385,3,0.9082971002935085
12417,3,0.9668578389499066
14993,3,0.6481412763310491
15796,3,0.6709441154191819
21036,3,1.1286182131660447
2431,3,0.6910253941718861
6248,3,1.0587271220193204
7107,3,1.058169274675783
8189,3,1.0137833246373658
9279,3,1.0141672213715454
11391,3,1.0197392817798892
14453,3,0.2650990876145839
14998,3,0.6096453425036236
16003,3,0.7433324521488989
21041,3,1.1090330310676482
24148,3,1.3861891999372702
25016,3,1.4244423738706247
25841,3,1.4021251678361661
1845,3,2.044559248983196
2436,3,0.6789409127755224
4190,3,1.0313064416120512
6039,3,1.0640206051887378
10354,3,1.002511235489125
11396,3,1.03093003435463
12428,3,1.0422363323247803
14299,3,0.671503108722507
19119,3,0.6213910846557553
19973,3,0.8484613137013061
21046,3,0.9964938080850367
25021,3,1.03568849030098
25846,3,0.9265036149687254
2441,3,0.8762746806170876
3119,3,1.0161241448444178
7117,3,0.9879756454301791
8199,3,0.9738938027432472
9289,3,0.9953120980069041
10359,3,1.047907046258167
11401,3,1.086438276965131
12433,3,1.143927346446079
28001,3,0.8419937964524109
18072,3,1.0542399268995872
18912,3,0.7637001073168044
19978,3,0.5648626168430089
22110,3,0.8590599400581823
23158,3,1.0171118161115742
24158,3,1.0062695676173623
25851,3,1.3857041886448471
1741,3,2.796438528856108
13393,3,1.395234075547819
15013,3,1.4016443799540592
17040,3,1.0785397155194638
18917,3,0.9755641525795419
22115,3,0.6716651685728916
23163,3,0.9517268840208764
24163,3,0.876339412703822
25856,3,2.097027944860167
27857,3,2.9701654480912496
2288,3,0.19667163180182576
3303,3,1.1125351176994396
7126,3,1.1062402878751958
8209,3,0.9332512244685484
9298,3,1.083005020331544
27967,3,2.8218620988894205
27981,3,2.0716322904588043
28051,3,1.3393342188708646
17045,3,1.5663172599940016
18290,3,0.6898799939437795
19987,3,0.6261961375891213
21060,3,0.30584067372210355
22118,3,0.4412163687807719
23166,3,0.5835316075175028
24166,3,0.763047838226538
25035,3,2.4590636674377695
25860,3,3.1846849566169544
27918,4,0.021495950126128153
8211,4,0.01750591640859401
9083,4,0.01787396039045649
28125,4,0.054091045307753285
20418,4,0.06694298543491622
5210,4,0.05736506853175189
6057,4,0.04002920951540778
7130,4,0.025785283394269255
7997,4,0.025471887178580132
9087,4,0.022021610981606553
9948,4,0.014771314269235227
18291,4,0.057462363024361
18922,4,0.07661670044099876
19776,4,0.08733307555465598
20849,4,0.08629883471841146
21908,4,0.07491443261648825
22958,4,0.07861274412719774
3482,4,0.16504871265609036
4019,4,0.09321135530077318
4798,4,0.0727976507802711
5849,4,0.03937454130466744
7136,4,0.034104703507922954
8002,4,0.03251585746161414
9092,4,0.03172929193569177
10161,4,0.020375935901012925
11204,4,0.015216773218850564
12238,4,0.02716840926763768
16840,4,0.027183337105707757
17874,4,0.02895510316619636
18716,4,0.07129357918321044
19565,4,0.07898619887321545
20854,4,0.09061324347743402
21913,4,0.09331951241381214
22961,4,0.10672302004845642
23977,4,0.007108383241789193
2451,4,0.3165739758580985
3131,4,0.21406636445743044
4023,4,0.18803184618524377
5007,4,0.0957801164421768
5853,4,0.0572720857091192
6925,4,0.04354012945847585
8225,4,0.05844828497754511
9097,4,0.06398486878043488
10167,4,0.06241584952494879
11209,4,0.04886424165492014
12241,4,0.03715173298538552
13218,4,0.02572733565344279
14012,4,0.01907011824349655
15017,4,0.016610847326631213
15821,4,0.012593383604436648
16843,4,0.023105692301624178
17880,4,0.03220091558208057
18932,4,0.07323507020455347
19571,4,0.07976046651991316
20860,4,0.10239710293290681
21918,4,0.10646031406401206
22966,4,0.1358800704406538
23982,4,0.34213386854891764
24699,4,0.12361933209103691
1745,4,0.17563331385924433
2293,4,0.22508634164302474
3135,4,0.19517658913710523
4028,4,0.1654743003820238
27900,4,0.04487704273006103
12246,4,0.08203826297056474
14017,4,0.04472972456760327
14821,4,0.044271492733233817
15826,4,0.19645997038097213
17677,4,0.08163588450344124
20005,4,0.0864573590685365
21923,4,0.0910808273003908
22971,4,0.13847858884648764
25551,4,0.3897554253652472
1645,4,0.13219367668419568
3141,4,0.17006367186042015
5018,4,0.20796489807234309
7150,4,0.15903379775022433
17890,4,0.2083127085863176
18941,4,0.12426395448285427
22976,4,0.17058985875450344
23991,4,0.4082216555161677
10181,4,0.11052761374680067
12255,4,0.2680171937155838
13232,4,0.2733410144303563
17895,4,0.39576345641244387
18734,4,0.1945726775079647
21932,4,0.32683805147565215
23996,4,0.21026264364770436
28232,4,0.30817872074451685
4042,4,0.26237393506099826
5027,4,0.30881013960609777
12260,4,0.045888763547995134
17899,4,0.48167552066203095
20878,4,0.5143673022726146
21937,4,0.41819480948606663
26278,4,0.5202250080335541
3155,4,0.0775049866747668
5032,4,0.2892565258766539
6949,4,0.3125631428942146
28017,4,0.7883844184141705
13243,4,0.3943199481767742
15845,4,0.3151590180131461
18744,4,0.1524514732387587
19810,4,0.5542100258707546
21942,4,0.49269855946554014
25731,4,0.5390453431473309
1196,4,0.6958547742767027
4833,4,0.3689093562046426
6096,4,0.3577348134729406
8037,4,0.6952617037241546
9126,4,0.29147704598947777
10197,4,0.5901323655931783
14846,4,0.48621183459243267
20888,4,0.40764282862073825
25735,4,0.5052311075144085
1773,4,1.1158803806753956
2323,4,0.7061127058975769
4838,4,1.1929461437163194
6101,4,1.8698663468885968
10202,4,1.2260359376025047
14851,4,0.5188706589655845
19820,4,0.4397399242709097
23000,4,0.2784123409900872
26293,4,0.6986409827420511
26709,4,1.1423186960803655
1206,4,1.2779935354016216
2327,4,0.6697012067361844
11248,4,0.442631108344158
13257,4,0.5292674634229968
14052,4,0.6155160434897485
14856,4,0.602556086306712
15860,4,0.7487229544411166
16883,4,0.882891195187452
17919,4,0.8462228685191043
24021,4,0.16598842376840636
25073,4,0.28543464160907955
25746,4,0.31019388270798903
26297,4,0.6393645601669274
26946,4,1.4122295396135127
2332,4,1.0957699445790496
4067,4,1.2528293891697
6111,4,0.8083070838254344
11254,4,0.5221855630560658
12284,4,0.5104513532856011
14055,4,0.7305826379667284
16888,4,1.0594064209710148
23010,4,0.7255217550811442
24026,4,0.36596047722172886
25078,4,0.3589208362691378
26718,4,0.7600007648979885
1215,4,1.048611262376068
1683,4,1.3903490635106412
3180,4,1.0599960816533567
5057,4,1.3231437240399513
6974,4,0.7923202282468715
13083,4,0.7429764681678471
14061,4,0.825991279398997
16893,4,1.1321388762823374
17929,4,1.3023072245524352
24031,4,0.6632224297556202
24914,4,0.3712017345549328
25754,4,0.33615426429784495
26306,4,0.6025512980246708
27093,4,1.7511000057548707
1689,4,0.8826736400820228
10430,4,0.7366849916205572
14066,4,0.9299334145667334
15875,4,1.2642077792129485
16898,4,1.3628215285578156
17934,4,1.7481120388972562
20913,4,1.302625590520135
24036,4,0.8054049191413492
26646,4,0.8907213744282297
305,4,0.7898583864891937
808,4,0.42739780870177835
1317,4,0.5893033622204193
2347,4,0.21872426096513445
3016,4,0.7427920628873885
11267,4,0.8549147683704907
15880,4,1.3147661756444824
19845,4,1.8146801314470828
20918,4,1.6032974270686875
21977,4,1.3111390450729894
24041,4,1.0364914969603545
24924,4,0.946867396144964
26733,4,1.0567874330435083
27103,4,1.3094851483911367
259,4,0.8143058800797902
812,4,0.39441498763939964
1698,4,0.4495533658997378
2352,4,0.4478860114102105
5072,4,0.6240327935279665
6131,4,0.815294477111483
8289,4,0.959757136347702
9161,4,1.1156116487784986
10231,4,1.2401658012933598
11272,4,0.9718007613749434
13459,4,0.9244009270203454
14216,4,0.7920992292036462
15884,4,1.1426778530261668
16909,4,0.6937949149752337
19850,4,1.040548191409666
21982,4,1.572573169181967
23030,4,1.1182860354844186
24046,4,1.0040431554899767
25098,4,0.9563455740783502
25769,4,0.9002325325142932
26739,4,1.0115473470218237
27108,4,1.2161871803501227
266,4,0.5110171259276827
1236,4,0.3231435139611082
2357,4,0.433646179950971
3200,4,0.8154320626030653
5076,4,0.27448099100606815
8075,4,0.24937193886471717
14886,4,0.7233254607037233
16913,4,0.739201861027282
21987,4,0.7717468455544655
23035,4,1.200202326513395
25103,4,0.9488325597976993
25775,4,0.9165778395515215
26326,4,0.957426373943213
26744,4,1.0461399648961291
27113,4,1.1921805632457327
270,4,0.2994430596563407
823,4,0.29558065049445553
1241,4,0.2970157276540527
3204,4,0.9070140827756488
4476,4,0.7321854368896052
4877,4,0.6403065971785331
8080,4,0.9913469664490795
11283,4,0.8347199036505363
15895,4,0.7033530167142558
16918,4,0.6593532663739344
23040,4,0.6802430662007525
23661,4,0.7563510068906439
25278,4,0.8401625218848514
25780,4,0.9466141950836874
27118,4,1.272949652091328
113,4,0.27034450531781196
229,4,0.15671897852245334
616,4,0.29187754840171265
827,4,0.29704544539235034
3034,4,0.9094186523599798
5086,4,0.5216320148265284
8302,4,0.9515856653623904
15899,4,0.9817965212454708
17958,4,0.8903770201741872
18799,4,1.0109292390521694
19863,4,0.6511313013653494
27122,4,1.330749303560603
63,4,0.38331116480089533
2371,4,0.4077620638537496
4477,4,0.5898480522194545
4881,4,0.6617443305575579
10251,4,1.2425195131516444
13301,4,1.4763405097635123
14900,4,0.7835625888916488
15904,4,1.0829361033334393
16721,4,1.3478153500813228
17963,4,1.2642653433016482
25789,4,0.8248765363815034
27127,4,1.3572304890133322
44,4,0.4085704959844169
238,4,0.5645177869571869
838,4,0.5023594353289934
1255,4,0.49087610160896294
4093,4,0.6459795748045076
6155,4,0.792959434354477
10255,4,0.8285925082126822
11711,4,0.9150199493055279
12124,4,1.0899494979426068
13307,4,1.3154464339429088
16521,4,1.5784184903922565
21160,4,0.6064784731523057
25794,4,0.9236431207233593
26346,4,0.9708380890926351
27132,4,1.4435864935965876
27723,4,4.0609709029594105
16,4,0.659031512814965
131,4,0.7528006597928439
503,4,0.5893400391251962
768,4,0.5856300123279675
1728,4,0.5945411958717609
2381,4,0.7920695210921604
9190,4,1.0058958801384295
10260,4,0.6980823446667627
13312,4,1.2858384791773285
14910,4,0.827092375353453
23059,4,0.5981810752365333
24059,4,0.6952547769573564
24759,4,0.9212499235187777
25943,4,0.9683136609012766
26352,4,0.9785472307313428
27623,4,2.0001681445213655
27727,4,2.8464010269894855
7,4,0.7373201852730339
248,4,0.7696456548034077
508,4,0.6742525643857564
1266,4,0.5375489741188689
1733,4,0.5705721218474318
2081,4,0.6193070529795643
3377,4,0.46070423576887787
6377,4,0.6270452518069168
7889,4,0.6173487502239049
10265,4,0.6765406705414647
11514,4,0.6835003177819206
17355,4,1.5004117997226454
17978,4,1.2234646934127682
19884,4,0.3074281932958393
23064,4,0.6556935744008788
24064,4,0.7373464750071153
24932,4,1.1891418916677412
26356,4,1.0535558761224977
26773,4,1.1080449147606017
27732,4,2.3117826426084642
2,4,1.153126939929947
108,4,0.866879521429187
852,4,0.8360245450241641
1738,4,0.743938076891168
3208,4,0.349888681190152
4107,4,0.48223225628723704
10269,4,0.6379136757177225
13322,4,0.9242417947937361
14115,4,0.7538999019165421
18823,4,0.31292792707976536
20104,4,0.9514733690016765
23069,4,0.7414266658284139
24069,4,0.8197228814491562
24936,4,1.154793457336787
25631,4,1.2093713324748898
26360,4,1.098774759423438
27633,4,1.980752473269001
27814,4,2.5315434801066514
6,4,0.9758978601862123
258,4,3.498568218179822
518,4,0.1833171789992565
1275,4,0.7867479892684875
1550,4,0.7658525823967659
2541,4,0.4863154563248397
3213,4,0.2735873534892434
4113,4,0.2725806201228202
4907,4,0.30763207095112316
8115,4,0.3601497267981671
8987,4,0.22257594137838405
11316,4,0.4051284088221494
13326,4,0.32317664241095484
14120,4,1.1653491614749356
14925,4,0.4766986091031037
17157,4,1.3701975849492687
18828,4,0.29461490919893824
24942,4,0.8426250843426937
25799,4,0.9022608755230095
26534,4,1.2127918399439415
26783,4,0.9415993650321789
27152,4,0.9801441502410357
27436,4,1.8430103519534675
27818,4,3.0211498510439174
27846,4,4.131759178516972
3218,4,1.0219308577526574
4309,4,0.78790787179602
9428,4,0.8935944202582491
10279,4,0.5916801909490733
13331,4,1.2398437077992337
14930,4,1.2705762117172434
16957,4,0.8494557551653091
18834,4,0.6690960699936326
19899,4,0.4917733165049414
20972,4,0.3311651543761961
22031,4,0.3354846449083836
23079,4,0.5859060633132964
24947,4,0.6940511685353237
26176,4,1.3551783114474631
26787,4,1.2082690678165182
27156,4,1.7170340494055771
27440,4,4.045503240773339
27607,4,4.764480725844578
1841,4,2.6617283498978974
7043,4,0.9696734980938376
8125,4,0.9819311800426073
14130,4,1.2747388462072216
15737,4,0.4982042715367948
16962,4,0.8572719194571412
18838,4,0.8365605916824742
19904,4,1.3817427068838748
23084,4,0.42458784124740157
24084,4,0.6047891308561609
24952,4,0.5703872538726825
25809,4,0.9355749049974478
26361,4,3.69929224447235
27869,4,4.4611594137937525
3228,4,0.87935040163064
6190,4,1.1364306777279167
9220,4,1.0688258170960416
11331,4,1.2387174085266122
14135,4,0.5570248663543456
14940,4,0.5304669566033552
15944,4,0.72035606493089
16967,4,1.2549402993287329
18003,4,1.557690994932557
18843,4,1.633932961937892
24089,4,0.7309140254671198
24957,4,0.5544727357787888
26274,4,3.1603902624674522
4132,4,0.9623990166746836
12369,4,0.736071183445657
13346,4,0.6324868337225369
14001,4,0.5637156138193269
15949,4,0.6966771375539769
24094,4,0.7329388552895338
24962,4,1.0922880993080062
28189,4,3.265775472756606
3235,4,0.9109872301460713
13351,4,0.6631487581278922
13858,4,0.6007505071067066
15954,4,0.7315152164761375
16977,4,0.8041182279804833
18013,4,0.8092275744538292
24099,4,0.8599346473625913
24967,4,0.8722763046107528
25483,4,4.1197217168601075
2721,4,1.673060802355094
5992,4,0.6894551113412264
8145,4,0.6501157257195025
11346,4,0.6648144976710377
12378,4,0.6776918883836468
13355,4,0.6838510641469048
14954,4,0.6622777771132031
15958,4,0.7139883423529219
23103,4,0.9333589592540629
24103,4,0.9508602667587971
24971,4,0.8027019600299088
2557,4,3.584256769538117
3244,4,0.9502035505913269
13360,4,0.6573706623841075
14443,4,0.5837146150973337
14959,4,0.6318103563606106
18022,4,0.7185690906442554
18862,4,0.7472346927562359
21002,4,0.8297314803896707
22060,4,0.9340903766935262
24108,4,0.9529351233364562
24976,4,0.9196260759220298
25654,4,1.3522000938851861
3250,4,0.9020057955310345
4151,4,0.7134979624513392
6214,4,0.5974179107360418
7072,4,0.5729943103893275
9244,4,0.5107183664115021
10313,4,0.5568646228944317
13365,4,0.5713754823192705
14964,4,0.4948952760246708
15968,4,0.4870355845018354
18027,4,0.6329907848938973
22065,4,0.9648667112105859
24113,4,0.9822830049709972
24981,4,0.978625410790556
3254,4,0.7261684045430676
7077,4,0.5089731514728286
8159,4,0.4643143133784132
10319,4,0.45126878823305194
12393,4,0.46213078599936275
13370,4,0.4760985399776055
18872,4,0.6867149355509107
19938,4,0.7557640369566692
24986,4,1.0276634227973362
3259,4,0.6818018479440323
4161,4,0.6240295205342781
9472,4,0.3593776783181368
10324,4,0.3736393130490587
11366,4,0.3215606014556221
12398,4,0.36581812659759116
13375,4,0.30751808624337407
14974,4,0.21080890307389516
15978,4,0.28023954107853577
18037,4,0.5766224713407186
18877,4,0.6352500353835958
23123,4,0.9249641931790065
24123,4,0.9597352888534466
24991,4,0.9948968894047276
2411,4,0.7820748424520444
3089,4,0.7077500646735194
4166,4,0.5866596587526548
9259,4,0.1872465073982883
10538,4,0.11308587352635494
11371,4,0.08276729891979122
13380,4,0.09102919994027325
14979,4,0.0899379964581688
15983,4,0.1690997942500659
17006,4,0.37276118454369417
18042,4,0.4353554210293141
18882,4,0.5233160519824611
22080,4,0.8616240933598446
23337,4,0.8952022547572858
2416,4,0.7937790558560319
3269,4,0.6574720872316555
4171,4,0.4478779587831005
9264,4,0.11860738256686258
10334,4,0.14750246158490163
11583,4,0.04547941449824442
12408,4,0.013277290791196111
13200,4,0.02424357455896753
14984,4,0.13961112116703572
17011,4,0.27245427549559814
18047,4,0.386960877207341
24133,4,1.0145498628011038
25002,4,1.0915025457100966
25826,4,1.140811049739968
5179,4,0.31083722961686
7097,4,0.19860861708287514
11381,4,0.1646406178709333
12413,4,0.15668263855131778
14989,4,0.2221095945583852
15791,4,0.1416876476846761
17016,4,0.27822906537063075
23138,4,1.0058826681071504
25006,4,1.0916603977983035
25831,4,1.1850118475368896
1962,4,2.6707653579450037
2426,4,0.6886571590928906
4181,4,0.498495652342285
5184,4,0.37821565391895584
6244,4,0.31533394665632947
7318,4,0.27591659400357027
11385,4,0.21542360726968132
12417,4,0.19885093977391408
14993,4,0.1564036255524631
17020,4,0.2931341506753827
21036,4,0.7309421008823919
23143,4,1.1330563364797221
2431,4,0.6961880365489129
6248,4,0.426607486113951
7107,4,0.426605702078625
8189,4,0.43923282718245416
9279,4,0.47663777875143615
11391,4,0.41032228171298973
12423,4,0.49950184919993956
14453,4,0.23759814650556887
14998,4,0.21562374506072915
21041,4,0.766900499942119
25841,4,1.2314257643940067
1845,4,1.1238823335086514
2436,4,0.7102246068157001
4190,4,0.5644733308492302
4985,4,0.6017259066365412
9502,4,0.5172698411569151
10354,4,0.48335571778902425
11396,4,0.6260608913067375
12428,4,0.6907618172736046
14299,4,0.24022891145943615
15003,4,0.2407009671049415
15806,4,0.28494415367504344
19973,4,0.686055782138967
21046,4,0.8565914697460607
25021,4,1.1353581157744879
25846,4,1.2720175246933034
2441,4,0.7173235338815803
4010,4,0.7063457678188676
7117,4,0.6078193442306393
8199,4,0.5397067576918082
9289,4,0.49889235375471946
10359,4,0.5504113554793449
12433,4,0.5944975776047353
28001,4,0.2826696905300234
18072,4,0.46661938654174645
18912,4,0.5887184367308591
21051,4,0.9276991691922638
22110,4,0.981290775524678
23158,4,0.9183419310049099
25026,4,1.0859382480794555
25851,4,1.0813242656019304
1741,4,3.1010927316268937
3298,4,0.7916435298366234
11406,4,0.5877102170915514
13393,4,0.04251125415467904
15013,4,0.35958023169723935
15815,4,0.44804682709555677
17040,4,0.6774242648261192
18917,4,0.8652094073692194
22115,4,0.9368630789772429
23163,4,0.9237455890769622
24163,4,1.0540611356094776
27857,4,3.0319835628293976
2288,4,0.7149902850857482
3303,4,0.7592786087741913
5208,4,0.6896750062786461
7126,4,0.44533019020848696
8209,4,1.1589460556055107
9298,4,0.5679518777734471
27967,4,2.1235982324021627
27981,4,0.23839825995841565
28051,4,0.3994977575577293
16225,4,2.01383070488914
17045,4,0.8998531442211034
18290,4,0.8030412388730939
21060,4,0.8580510488478827
22118,4,0.9463462808932347
24166,4,1.404285780380163
25035,4,3.225651792916828
25860,4,3.263470543228416
27918,5,0.018214915133003426
8211,5,0.012310058479710236
9083,5,0.00021147249946890212
28125,5,0.05299785002647299
20418,5,0.06596750483409182
5210,5,0.13128138806482909
6057,5,0.0885953479409634
7130,5,0.047723563050061674
7997,5,0.04733928355069849
9087,5,0.04025997635123122
9948,5,0.01827051084023539
18291,5,0.05541692736284625
18922,5,0.06610971827441495
19776,5,0.07658141821418575
20849,5,0.07305547034883225
21908,5,0.0701519402683744
22958,5,0.06929265012483449
3482,5,0.34628928407805026
4019,5,0.18620785047221167
4798,5,0.16653189351597592
5849,5,0.07267085222985983
7136,5,0.05894019794405521
8002,5,0.055997767290434756
9092,5,0.05128699068864573
10161,5,0.026311021570924648
11204,5,0.007516881170702592
12238,5,0.015944273712497768
16840,5,0.025954739108150975
17874,5,0.0329238467022894
18716,5,0.06177236244652491
19565,5,0.06719971610663295
20854,5,0.0728556613487564
21913,5,0.07869216350496984
22961,5,0.09544979184989213
23977,5,0.015302126186484327
2451,5,0.6403841284602636
3131,5,0.4666400784931998
4023,5,0.3932938600977638
5007,5,0.19732440857230482
5853,5,0.10713765553845721
6925,5,0.06987063917528423
8225,5,0.06460594322912032
9097,5,0.06454674094554497
10167,5,0.0528438905133525
11209,5,0.029198755094506708
12241,5,0.01953716633286544
13218,5,0.01370207876991618
14012,5,0.010441153281726866
15017,5,0.019484417140177974
15821,5,0.026513749705765602
16843,5,0.03867970851586683
17880,5,0.044813338815627206
18932,5,0.0651668522867075
19571,5,0.07012500785484378
20860,5,0.07830031221240072
21918,5,0.08613650245458135
22966,5,0.11279105695495424
23982,5,0.3319184511038968
24699,5,0.10459546931186851
1745,5,0.4318978942423012
2293,5,0.6196895736561324
4028,5,0.4094461773451187
27900,5,0.09862143906181577
8012,5,0.046220359340309644
9102,5,0.0805639457423714
10171,5,0.09533939565429363
12246,5,0.037446220252950684
14017,5,0.061080695807754895
14821,5,0.028260335680302034
15826,5,0.10946529803341244
17677,5,0.022444892295275014
20005,5,0.07574143698009624
21923,5,0.14173985192878585
22971,5,0.11815813246134482
25551,5,0.38370919283269206
1645,5,0.4409268150299038
2298,5,0.5929970703177005
3141,5,0.6053252286580737
5018,5,0.4792986180059298
7150,5,0.07685220609050808
13227,5,0.18557011118250571
14021,5,0.2506151885954169
17890,5,0.15597180780519918
18941,5,0.14892051577304966
22976,5,0.5901659424574983
24709,5,0.7175080132506512
10181,5,0.23280030052849132
12255,5,0.23347551794229573
13232,5,0.3680895835394981
17895,5,0.3726150403964876
18734,5,0.5490479470731614
21932,5,0.271473347166575
23996,5,0.5685993492665959
28232,5,0.5457206058265063
1279,5,0.2898063746348209
4042,5,0.4512635738772035
5027,5,0.4311171579294263
12260,5,0.24779582337507572
17899,5,0.6333810090964993
20878,5,0.7607192373355167
21937,5,0.8003594141234196
26278,5,0.7059104210308063
1191,5,0.166975456867536
3155,5,0.40565274501640236
5032,5,0.41469211863695576
6949,5,0.20355551846282027
9340,5,0.5370045734357204
28017,5,0.4289644409524993
13243,5,0.5621678228136215
15845,5,0.3982841416619616
18744,5,0.7904652087615431
19810,5,0.9530086843764991
21942,5,0.76998187270237
24889,5,0.4349721879106179
25731,5,0.8283381301540094
1196,5,0.11954601011422399
4833,5,0.38942627877568214
6096,5,0.3935834694082595
8037,5,0.4254886784351573
9126,5,0.2602058047012073
10197,5,0.40813875660704396
14846,5,0.4326690747341843
15850,5,0.5472268593207882
20888,5,0.6646386358582401
24011,5,0.41026368346640474
25735,5,0.813491837583783
26287,5,0.9358103341280738
1773,5,0.3662417611267998
3165,5,0.6538747574359483
4838,5,0.7307716609187579
6101,5,1.7156795082641108
10202,5,0.9849954774928444
14851,5,0.44387710807038366
15855,5,0.4897811913810341
19820,5,0.5966333556217013
23000,5,0.6985552109612205
26293,5,0.9738326698767605
26709,5,1.3730050417356292
788,5,0.23975923549941897
1206,5,0.5754617413535223
4062,5,0.47135976165188825
14856,5,0.38649668216293936
15860,5,0.4830567165779579
16883,5,0.5901340682407208
17919,5,0.5402993656559268
24021,5,0.7874450096646443
25073,5,0.7772234128616139
25746,5,0.9213321907967913
26297,5,0.9611334907253244
26714,5,1.3563817493157622
6111,5,0.24989629067033503
12284,5,0.37334714828761095
14055,5,0.4234550300880644
18764,5,0.474096224498177
19830,5,0.4594331570617901
23010,5,0.6104285595347626
24026,5,0.7240721141255122
25078,5,0.847418386732835
25750,5,0.9200118294610812
520,5,0.9126299976330052
1215,5,0.6562587525218498
1683,5,0.6871223992433044
5057,5,0.8059790206382509
6974,5,0.2796274642309456
13083,5,0.45570298891268873
14061,5,0.4663364451639727
16893,5,0.5247735195111294
17929,5,0.5957028694815374
24031,5,0.6411827386587227
24914,5,0.8081073210041876
25754,5,0.9873726199789613
26306,5,1.0297674412757205
26724,5,1.1099247342693184
27093,5,2.1301208454297695
1221,5,0.6640755399092526
1689,5,0.642212768520001
14066,5,0.49098962842077964
15875,5,0.4918314925151953
16898,5,0.5300230858117483
17934,5,0.7063613657299618
20913,5,0.44431015852077466
21972,5,0.440773891880098
23020,5,0.5044647991710854
24036,5,0.6213631005310465
26646,5,1.1718593195406448
305,5,1.0568742665406954
808,5,0.49769399323662344
1317,5,0.6808702826201363
2347,5,0.632251713436009
3016,5,1.2894093027203934
6126,5,1.592429078668743
7200,5,0.7593228639368892
11267,5,0.24260233393143818
15880,5,0.5424164900474563
19845,5,0.7401660801474731
20918,5,0.5845994477041583
21977,5,0.4637291023993105
24041,5,0.7125562775843675
24924,5,0.795049861030736
26733,5,1.242495056093372
27103,5,1.906031169123738
259,5,0.9201284239508221
812,5,0.5882451041412549
1231,5,0.717266121272414
2352,5,0.6038039592302012
5072,5,1.7262632529943687
6131,5,1.6071338316631452
6988,5,1.1037425800390734
8289,5,0.6490563309417119
9161,5,0.8626360820610548
10231,5,0.8442027224265102
11272,5,0.4207062203077885
13459,5,0.49617695630021147
14216,5,0.48825546022883326
15884,5,0.5105758216344316
17944,5,0.7184081090221002
18784,5,0.7232093540939416
19850,5,0.7493144783766038
21982,5,0.9146006276998105
23030,5,0.7434514240242491
24046,5,0.7244340017452964
25098,5,0.7659271099080099
25769,5,0.8666864786621379
26739,5,1.156201251725398
27108,5,1.2043375002301622
266,5,1.0649748336020364
1236,5,0.7449641442025234
3200,5,0.9963251356883119
5076,5,1.3342194757603818
8075,5,0.5954874179853215
14886,5,0.4334162155887268
16913,5,0.5209330508236643
21987,5,1.0925972711277412
23035,5,1.0509211601151276
24050,5,0.8255175061845803
25103,5,0.8082944397720976
25775,5,0.8676353954909795
26326,5,1.0621796672197004
270,5,1.0787484077191756
823,5,0.7279829659479462
3204,5,0.8825033613595877
4476,5,0.93444985699002
6998,5,0.9555137896291884
8080,5,0.7460211270426355
10449,5,0.9615007075629578
11283,5,1.1942034356626143
16918,5,0.6905995558312267
23040,5,1.0903367683795093
23661,5,0.9227568805764313
25278,5,0.8615954226489052
25780,5,0.9785449011742312
113,5,1.8163113279010128
229,5,1.013733175395655
616,5,0.6742628784843797
827,5,0.7367711669579057
1245,5,0.7856748933528359
5086,5,1.161102642024776
8302,5,0.8215581078972094
15899,5,0.5066687955374692
17958,5,0.5166205526834905
18799,5,0.5040645357299262
27122,5,1.1795688166031502
63,5,0.9491903090767332
2371,5,0.7228080985603702
4477,5,0.8981914376761593
4881,5,0.9558875231441881
6150,5,0.9964846302065923
12324,5,1.0787329231606215
13301,5,0.820349306575781
15904,5,0.5863094075667596
16721,5,0.41070454283962393
17963,5,0.43979516411384717
19654,5,0.4052003764540079
25789,5,0.9882061761093841
26758,5,1.1806159288857552
27127,5,1.2585132515807733
44,5,0.8918257606706637
238,5,0.7057304315152579
838,5,0.7310677829537054
1255,5,0.7771657697707152
4093,5,0.911917244412108
6155,5,1.11494608638176
12124,5,1.1868382752507975
13307,5,0.9915899319374297
16521,5,0.7809067297885498
21160,5,0.5468409579385536
23055,5,1.0076737525887647
25794,5,0.8001841424362514
26346,5,1.091681892678617
27132,5,1.2830805487378583
27723,5,3.8332522089052747
16,5,1.3842041726129306
131,5,0.7050925457038683
503,5,0.6438653467710757
768,5,0.6664174918507951
1261,5,0.6833963083392248
1728,5,0.6437859971257378
7451,5,0.9362924112499257
9190,5,1.1212159624490667
10260,5,1.75460288496878
18813,5,0.367482735017299
23059,5,0.9442432198098023
24059,5,0.9758101006703456
24759,5,1.0766426882972908
25943,5,0.8991139091458072
27623,5,1.7525535026905912
27727,5,3.8862528053956416
7,5,1.7560128877135681
508,5,0.5827506860949746
1266,5,0.5838003582280871
1733,5,0.5978189338891366
2081,5,0.6797676047113699
3377,5,0.9626751811892019
6377,5,1.18525273632414
7889,5,0.9718545688964095
10265,5,1.7379154958178273
13317,5,1.2555827375636246
14731,5,0.8261472677818699
17355,5,0.8812750953825735
17978,5,0.4896665835033501
19884,5,0.5220188358739113
23064,5,1.0037060968188134
24064,5,0.9803606185285121
24932,5,1.1487425931367208
26356,5,0.9403901595570389
26773,5,1.259738700001451
27732,5,1.2151710114977596
27809,5,4.174978034967042
2,5,1.2224514978518324
108,5,0.5763269177116414
852,5,0.511503366415803
1738,5,0.5868907075721154
3208,5,1.0748600622085691
4107,5,1.1222325692636224
10269,5,1.8068428708549875
13322,5,1.5195474532420867
14115,5,1.3632301993247073
17983,5,0.793046061370107
18823,5,0.5895479170064035
20104,5,0.5747009273375521
22231,5,1.3292849846361996
23069,5,1.0599951045458376
24069,5,0.9623493181495457
24936,5,1.1466777456065347
25631,5,1.1227511386969964
26360,5,0.8923692174576219
27633,5,1.219748028340797
6,5,0.6888714676776767
112,5,0.44249136042495785
258,5,1.0629767408014883
518,5,0.357350829889307
1275,5,0.3770916489283774
1550,5,0.5053057010414231
2541,5,1.0384896916210136
3213,5,1.14074677959585
4113,5,1.194513696407764
4907,5,1.1732183847437876
8115,5,1.255456726463309
8987,5,1.4434973618236588
10275,5,1.6624692364175104
11316,5,1.6088242954984537
13326,5,1.2153734577170894
14120,5,1.3083691110627225
14925,5,1.2499324034741364
17157,5,1.1973780171914665
18828,5,0.7386872244977173
24942,5,0.7696716406164742
25799,5,1.1880910255434363
26534,5,0.7510758549406638
27818,5,2.508739139036957
860,5,1.2308761490499425
27846,5,1.3193487747658588
3218,5,1.3784270243977759
4309,5,1.4385242180906612
9428,5,1.4538956211360918
10279,5,1.412619788436136
12354,5,1.4250414013882182
13331,5,1.3424900485879965
14930,5,1.374185826068327
16957,5,1.254180438336296
18834,5,1.0881173607518868
19899,5,0.9314805390019699
20972,5,0.7962156555563634
22031,5,0.7947088023143426
23079,5,0.4543470122872127
25804,5,0.7999482330490467
26176,5,1.5870439057502232
26787,5,1.8993334726470474
27156,5,1.6834732858405383
27440,5,3.0839782012037897
1841,5,1.4493497353091997
8125,5,1.5101203297214034
9433,5,1.473787970642702
13336,5,1.396331302444084
14130,5,1.3554021129295564
16962,5,1.204593530014291
18838,5,1.1027745423569462
19904,5,1.4311596239603255
28131,5,1.4955351981026321
23084,5,0.4393530318078921
24952,5,0.569852244536877
26361,5,3.250516765430701
27869,5,1.7394703475006332
2394,5,1.311431699529018
3228,5,1.36788118313475
6190,5,1.475524718518886
9220,5,1.5126770826892808
11331,5,1.6055406611285519
14135,5,0.6459294350485156
15944,5,1.1625122639142544
18003,5,1.5138556845705355
18843,5,1.6913589051482492
24089,5,0.5156752344512804
24957,5,0.5372850734067909
26274,5,3.2204284056702353
4132,5,1.2022964809435546
12369,5,0.9605556890989555
13346,5,0.7276477773937087
24094,5,0.7920929045918698
28189,5,2.3906892403954414
3235,5,0.7199949130932324
13351,5,0.7849676095504247
13858,5,0.7355556512476482
15954,5,0.8014464029934099
16977,5,0.9042322989191148
18013,5,0.9270592745592192
24099,5,0.8594503525898809
24967,5,0.8663971064200033
25483,5,2.1890356752083515
2721,5,0.6436457712990847
10305,5,0.9133279192415831
11346,5,0.9387978019483669
12378,5,0.9098934867641951
13355,5,0.8470950886798286
14954,5,0.9422580417762699
15958,5,0.8633538958553132
23103,5,0.8939143775498772
24103,5,0.8570416052420352
24971,5,0.7510461103858803
2557,5,1.528868494438305
3244,5,0.8565463114271195
4146,5,0.6948928609859375
13360,5,1.0529606052895069
14443,5,0.9341572261415231
14959,5,0.9236603427363406
15963,5,0.9007075942839812
21002,5,1.0405787892561582
22060,5,0.9350542421565535
24108,5,0.8404214446975818
24976,5,0.6687867283284862
25654,5,0.8773529902202788
3250,5,0.7373830697671321
4151,5,0.6824300197592548
10313,5,0.8133392317632255
11356,5,0.8701235412710431
12388,5,0.8849142031988672
13365,5,0.9347748403255255
14964,5,0.8063528526912265
15968,5,0.797408574734709
22065,5,0.7549061082117902
24113,5,0.8380046948127502
24981,5,0.7152665857354672
3254,5,0.5810832996270555
7077,5,0.6053550711824044
10319,5,0.7136152843168977
12393,5,0.7049311794861398
13370,5,0.7235941877451034
18872,5,0.8268269429350209
23118,5,0.7701604362833631
25819,5,0.7440791620639673
2406,5,0.7711106235267873
3259,5,0.5311786109444983
4161,5,0.4300949506865234
9472,5,0.6048739904612239
10324,5,0.6664226175695647
11366,5,0.6449396715404015
12398,5,0.6036733894367224
13375,5,0.5955509666439198
14974,5,0.5327174129107007
15978,5,0.6215511690037118
18037,5,0.7265348453939979
18877,5,0.7166300841287176
19944,5,0.6193437913866336
24123,5,0.7448818182505312
24991,5,0.6671564664826991
2411,5,0.5906915843519055
3089,5,0.447925913269737
6229,5,0.41146090139103186
7087,5,0.4255763665825528
9259,5,0.4926159401972165
12403,5,0.38661142917533836
13380,5,0.37420979508317126
14979,5,0.33174481871284445
15983,5,0.54349764127536
17006,5,0.5503093536467083
18042,5,0.5962622724559268
18882,5,0.6083418861483222
22080,5,0.6244636185821674
23337,5,0.7181058676451921
8392,5,0.3988570884224727
9264,5,0.31802980083096427
10334,5,0.29744417467247986
11583,5,0.1491686955162549
12408,5,0.23539870427482337
13200,5,0.31968158493135884
14984,5,0.29716760878347953
15988,5,0.3801427962233532
17011,5,0.45499845834697816
18047,5,0.4815135582168011
24133,5,0.602750964046991
25002,5,0.5355862653652803
25826,5,0.697036612257891
7097,5,0.3339047998390718
8179,5,0.2858590104773322
11381,5,0.1306277284759957
12413,5,0.18572899617792324
14989,5,0.32901988132122095
15791,5,0.30569008125219804
23138,5,0.7079495000356466
25831,5,0.7038829781905321
1962,5,2.4075107208025295
2426,5,0.3297183770592615
4181,5,0.1822952833885007
6244,5,0.21584839635904252
7318,5,0.21237660831362398
10344,5,0.09704969659734554
11385,5,0.12381166053912677
12417,5,0.1644943496345031
14993,5,0.200276296502314
17020,5,0.3562695024622235
21036,5,0.509193835653006
23143,5,0.9238035309455331
2431,5,0.23545985966062868
4186,5,0.09367983755084708
8189,5,0.05027141588182825
9279,5,0.07753454097403699
11391,5,0.16848588277855286
12423,5,0.23546747926101597
14453,5,0.23589511987676812
14998,5,0.2112836279275638
21041,5,0.42208814275874806
25841,5,0.7671463354537313
1845,5,2.61120269925968
2436,5,0.428752844456582
4190,5,0.39739346944571863
4985,5,0.42265762091459336
10354,5,0.5737559045695044
11396,5,0.6901100906278971
12428,5,0.7773011266496701
14299,5,0.29724921091005213
15003,5,0.16689078509124577
19973,5,0.3947536625118119
21046,5,0.4693492915254535
25021,5,0.6932107260580259
25846,5,0.806202042911986
2441,5,0.39618327090644484
4010,5,0.28893617901807317
7117,5,0.3272704472099842
8199,5,0.38753311904144305
9289,5,0.4744366660387323
10359,5,0.560817026538637
12433,5,0.7276106417478391
28001,5,0.4526641393265414
18072,5,0.31355901083126314
18912,5,0.3330085517615531
23158,5,0.24593567265960575
25026,5,0.7230773106072402
25851,5,0.8046972150461377
1741,5,3.106306219503441
3298,5,0.27569479749290315
4200,5,0.24868338722864977
5203,5,0.25974590034006917
11406,5,0.5889077386048874
13393,5,0.6156807152794636
15013,5,0.4447830276117665
15815,5,0.23605269314042074
17040,5,0.7000807303526518
18917,5,0.8499998712161604
19983,5,0.4037423767312993
22115,5,0.3236775670758529
23163,5,0.23979360385719614
24163,5,0.5343264015197781
25031,5,0.7136340436312978
27857,5,3.0006002080847156
2288,5,0.6015719637002834
3303,5,0.3357255658424098
5208,5,0.43232929433228373
7126,5,0.8009317743307307
8209,5,1.0522766674344357
9298,5,0.5361480076882944
27967,5,1.1716356273610022
27981,5,0.5843482444331315
28051,5,1.4740555026196442
16225,5,1.972339647773673
17045,5,1.4478251997532623
18290,5,1.0451400659071353
18921,5,0.9591858722312677
21060,5,1.6321803759755609
22118,5,0.7502640188436792
24166,5,2.908678129703194
25035,5,3.2315488647666273
25860,5,3.189688418532686
27918,6,0.02045145947419978
8211,6,0.020614279205471608
9083,6,0.015555786955022556
28125,6,0.030316090141385907
20418,6,0.039628652128940206
5210,6,0.0759525955335211
6057,6,0.04563715861907424
7130,6,0.024801239079067894
7997,6,0.024030212764792204
9087,6,0.019724673001575436
9948,6,0.00819017733436371
18291,6,0.037276519465211044
18922,6,0.0490159443989451
19776,6,0.056211467465567384
20849,6,0.04877522780397875
21908,6,0.04431405938165193
22958,6,0.04703634523572542
3482,6,0.22900411602847526
4019,6,0.12072102038921126
4798,6,0.09145897100986435
5849,6,0.038928759269288835
7136,6,0.03139341544896623
8002,6,0.02903732612788239
9092,6,0.027709666255299904
10161,6,0.013144571481449076
11204,6,0.009169247628467185
12238,6,0.021043940596727463
16840,6,0.014454952532341164
17874,6,0.01893843276538679
18716,6,0.04894204554804274
19565,6,0.04911752120451258
20854,6,0.05319418875568415
21913,6,0.055888463400379125
22961,6,0.06810435472080603
23977,6,0.005138452615345934
2451,6,0.46724952162151495
3131,6,0.3328031637671424
4023,6,0.25994012038947123
5007,6,0.13072302945257996
5853,6,0.0700790209900737
6925,6,0.049570119823012314
8225,6,0.04768150356320043
9097,6,0.05159738660368953
10167,6,0.04335546053638068
11209,6,0.030663992830312348
12241,6,0.024289971855113508
13218,6,0.01578733645046605
14012,6,0.01137702507210931
15017,6,0.011786312911018091
15821,6,0.017235873873977615
16843,6,0.026606970903305386
17880,6,0.03299861476597724
18932,6,0.05474533843510299
19571,6,0.05968058538748444
20860,6,0.06528468927119023
21918,6,0.07089707392452273
22966,6,0.09786663064186613
23982,6,0.35415211687899023
24699,6,0.09728843150967174
1745,6,0.27252023427250427
2293,6,0.44532390885380735
4028,6,0.3534549008037967
27900,6,0.06296253194064702
8012,6,0.07911301097998732
9102,6,0.042904218536499984
10171,6,0.04965059161794334
12246,6,0.04506377491262623
14017,6,0.021624802974819463
14821,6,0.023745833142724364
15826,6,0.20487937529410383
17677,6,0.036267069138466786
20005,6,0.06679115502504378
21923,6,0.08611237525123872
22971,6,0.10588115340177069
25551,6,0.41934901351435966
1645,6,0.27681105943149187
2298,6,0.44949713595862706
3141,6,0.5751064795079426
5018,6,0.533674937843531
7150,6,0.17215648645194234
13227,6,0.1356785081250799
14021,6,0.20258092761573634
17890,6,0.1394815426753354
18941,6,0.11950304118861768
21928,6,0.058983534054374134
22976,6,0.34960094457439506
24709,6,0.7538361680489565
2971,6,0.5303003324193155
9111,6,0.36934738650212784
10181,6,0.10646885850159897
12255,6,0.3487821746109646
13232,6,0.5256886380995318
17895,6,0.3941934258705991
18734,6,0.33244188554623944
21932,6,0.16542929016712357
23996,6,0.45143219513072663
24880,6,0.5725849312281315
1279,6,0.39581037122600815
4042,6,0.7199400086286648
5027,6,0.8166554669973148
12260,6,0.44961656124292704
21937,6,0.41624700180460533
28240,6,0.5632337867396819
3155,6,0.7008671878646683
5032,6,0.8353500228683598
6949,6,0.2694075031709649
9340,6,0.611716289032858
28017,6,0.68563418551787
13243,6,0.5134052786179856
15845,6,0.3341883186812599
19810,6,0.5050958935719339
20883,6,0.18937072240417785
21942,6,0.37608676515139394
24889,6,0.35359171626448366
25731,6,0.4921403512618671
1196,6,0.16831284563247792
4833,6,0.8216908929301273
6096,6,0.8496877144175354
8037,6,0.3060894107568774
9126,6,0.6050365741889171
10197,6,0.5101982590663299
14846,6,0.45020761906039203
20888,6,0.2790720750723209
6959,6,0.32872554674644433
10202,6,0.6219200367036252
13253,6,0.2782030729199706
14851,6,0.6138391037723643
15855,6,0.5564890792537243
20893,6,0.37557374725816467
23000,6,0.4454140054006011
26709,6,0.42040450180387473
788,6,0.4124662804490163
1206,6,0.3641328206248893
4062,6,0.5834417685651627
8046,6,0.9101903774626265
14856,6,0.5611253118072537
15860,6,0.5569609193776679
16883,6,0.46509262481506064
17919,6,0.41582482021134665
21957,6,0.3919254332882824
24021,6,0.260397142021085
25073,6,0.2917202942068377
6111,6,0.7038863479139336
12284,6,0.4188385382785488
14055,6,0.2567506245636343
18764,6,0.39178464527658535
23010,6,0.33509129094636425
24026,6,0.31426918376255836
25078,6,0.2536733522902064
25750,6,0.26125749275998356
520,6,1.2268309167185232
4072,6,0.9212737165264718
6974,6,0.6692248933846304
8274,6,0.7445921774248578
13083,6,0.2810034165658528
14061,6,0.32408853770685714
16893,6,0.4958550202033275
17929,6,0.4115517758998121
20907,6,0.36303097801729184
24031,6,0.30759360864403956
24914,6,0.24632521763773116
25754,6,0.17593606935959452
26724,6,0.28609415616423806
27093,6,1.7607289428604078
464,6,1.2016875474448823
1221,6,0.7833076719310242
1689,6,0.644072689393519
8061,6,0.6880012008806342
14066,6,0.38616102695465954
15875,6,0.5063942848291698
16898,6,0.46842071000042257
17934,6,0.36389235767545636
19840,6,0.28751774469826236
20913,6,0.28744451128448134
21972,6,0.2918398769613983
23020,6,0.21682681393524503
24036,6,0.32260346831152475
305,6,1.1516410130250334
808,6,0.7965656240501091
1317,6,0.7515634251738866
2347,6,0.9532530229127992
3016,6,1.1876270795995802
7200,6,0.5187907069945891
8065,6,0.5300142866131826
14071,6,0.43685302915080687
15880,6,0.39564254457456505
18779,6,0.4149906572785011
19845,6,0.3564553481675705
20918,6,0.21785717924143297
21977,6,0.2365886166005381
24924,6,0.11835778665632452
26733,6,0.4417922160605224
259,6,1.0017709252344043
812,6,0.6951922432832184
1231,6,0.6673189388383896
2352,6,0.9044395366182734
5072,6,1.3813887268751666
6131,6,0.57946275813699
8289,6,0.47894499154019315
9161,6,0.5805716644813586
10231,6,0.49546240650505247
15884,6,0.36294958373318137
18784,6,0.3764788153288585
19850,6,0.3166963275444125
21982,6,0.18176684215248926
25098,6,0.08261199177448325
25769,6,0.09341410539153149
26321,6,0.191079099943278
26739,6,0.34742651708543376
27108,6,0.5446206793480952
266,6,1.132997222679112
1236,6,0.644499924461365
1704,6,0.623074850371287
3200,6,0.6141676081200497
5076,6,0.893682050557362
6994,6,0.5684014776444866
8075,6,0.6880943366877813
9166,6,0.744924634022953
14886,6,0.0792795957849473
16913,6,0.3406893269298573
21987,6,0.3210500438485302
23035,6,0.25407375943060234
24050,6,0.16874159677183356
25103,6,0.13876650047530176
25775,6,0.25925540892350335
270,6,1.075611015346833
823,6,0.5943866028572687
3204,6,0.5012910042549448
4476,6,0.6139081072925064
8080,6,0.6472912802159303
11283,6,0.626275475010991
16918,6,0.24001523555816046
18794,6,0.060978482819540346
23040,6,0.3140324617666671
23661,6,0.17648041592051197
25278,6,0.16133497999609814
25780,6,0.2731868775520855
27402,6,1.1768679869507401
27532,6,2.3977533588124267
113,6,1.283380272156947
229,6,0.9376769463610305
616,6,0.5191793248965206
827,6,0.5296884248368515
1245,6,0.5633798155927412
5086,6,0.5820019039300097
8302,6,0.4353520944678574
11287,6,0.9029526157882041
15899,6,0.2719660183472126
17958,6,0.1273962535013225
18799,6,0.1431520395389624
26753,6,0.4280791272591917
27122,6,0.625019085813966
63,6,0.7846212503504212
2371,6,0.5716220952843255
4477,6,0.5532347771133956
4881,6,0.6416134224235769
6150,6,0.6793278530447673
12324,6,0.7710018467007816
13301,6,1.171717481561278
15904,6,0.11461186020651548
16721,6,0.2521463663504889
17963,6,0.2823821520170386
19654,6,0.049755878450842575
22002,6,0.22199074272599106
23050,6,0.12942011317742977
25789,6,0.32703119711340517
26758,6,0.5178460555029574
27127,6,0.5833360392979277
44,6,0.8026427363051092
238,6,0.5287601446896667
838,6,0.4863139681242733
1255,6,0.5126997314962735
4093,6,0.49542088299365816
6155,6,0.7155412090302523
13307,6,0.8664081450772763
15909,6,0.08828481398378124
16521,6,0.09870444304959491
17968,6,0.21093117817892582
18808,6,0.14459466768987844
21160,6,0.3350129175151692
23055,6,0.307153387690248
25794,6,0.7566580206772915
26346,6,0.5790691773422462
26763,6,0.4859630150924438
27313,6,0.6158103655422994
27723,6,3.0961430411824544
16,6,0.7262908734830662
503,6,0.40678403212985503
768,6,0.452214079060299
1728,6,0.45996480460136113
6160,6,0.7146751333647656
9190,6,0.8454807638775357
10260,6,1.2948706986460181
12334,6,0.679695644257771
15914,6,0.11539931111169707
18813,6,0.20808499543314843
21165,6,0.24071312666556513
23059,6,0.5237220291029162
24059,6,0.1399615097563425
24759,6,0.2087726761328993
25943,6,0.6534163215072091
27623,6,0.29861685928306086
27727,6,3.2132551636400257
27795,6,3.362211634590054
7,6,0.7730745161409351
508,6,0.4117242835412593
1266,6,0.4943495317325552
1733,6,0.4650905435169197
2081,6,0.42673319236931356
3377,6,0.45091575597078865
6377,6,0.6957824925080544
10265,6,1.3384430907073792
14731,6,0.06961225784857795
15919,6,0.24615729897220312
17355,6,0.24100712532411686
17978,6,0.20595340912217175
19884,6,0.13516656595005408
24932,6,0.18996917316620296
26356,6,0.6691212450720584
26773,6,0.667709520374767
27732,6,0.10404656760960086
27809,6,3.325655455632754
2,6,1.0365330138479116
108,6,0.30899924534747436
852,6,0.4424520555698218
1738,6,0.35403849616011474
3208,6,0.45847272254571664
4107,6,0.6117835402378548
10269,6,1.3896942118323832
12344,6,0.8871696517159616
13322,6,1.174919895548364
14115,6,1.1260764325016162
17983,6,0.29640416674668657
18823,6,0.23031118332412784
20104,6,0.1318773323216941
22231,6,0.9884666638447541
24069,6,0.10081886852426868
24936,6,0.15487209488153553
25631,6,0.2708845091163071
26360,6,0.7837456898016962
27147,6,0.3726507062397087
27633,6,0.3302458813566455
6,6,0.3864424427796071
112,6,0.2640558327905104
258,6,0.38187474055042153
518,6,0.33249169171740617
1275,6,0.5543100497298794
1550,6,0.3197208977373143
2541,6,0.42138782573527345
3213,6,0.52561786044611
4113,6,0.6086837894073617
4907,6,0.6107459237892453
6176,6,0.6600991606194258
8115,6,0.6562429325890131
8987,6,0.9000338246606913
10275,6,1.1554225957231805
11316,6,0.9960816197046302
13326,6,1.2616868220370363
14120,6,1.390747475818434
14925,6,0.9447638087648751
17157,6,0.5534737095871343
18828,6,0.31324319053296995
23074,6,0.8504337203043837
24074,6,0.14483159409421575
24942,6,0.3228862884240549
25799,6,0.8370572685304271
27818,6,0.3950062001826946
860,6,2.1136170887546295
27846,6,2.0677183840855364
3218,6,0.9972129485890509
4309,6,1.3210443138161474
9428,6,1.5542312395661297
10279,6,1.3069881281770157
12354,6,1.4836941188607384
13331,6,1.4114200905368082
14930,6,1.487708667832211
16957,6,0.732774199218148
18834,6,0.45793487838670294
19899,6,0.41911458747613106
22031,6,0.16042220626284906
23079,6,0.25022839544261183
25804,6,0.1545722240681719
26176,6,2.5368749779289477
26787,6,1.2933041783577803
27156,6,0.8986926485937392
27440,6,0.6526088065331018
1841,6,1.2288838909169735
13336,6,1.2578888750905706
14130,6,1.4111940407670125
17998,6,0.5972124118949044
18838,6,0.5838964157218699
19904,6,1.3482577378479683
28131,6,1.3614670179193022
23084,6,0.10817011900477974
24952,6,0.12379761296529566
26361,6,3.198898327884269
27869,6,1.7318737499382932
2394,6,1.088472033009534
3228,6,1.281248731427796
6190,6,1.7451975850350998
7048,6,1.7741925449343638
11331,6,1.5942353486549417
14135,6,0.8574266628550475
15944,6,1.2834293438981939
18003,6,1.8765535815920427
18843,6,2.240599531123715
24089,6,0.23189477033976905
26274,6,3.249064418789917
4132,6,1.2369873816217773
5134,6,1.2658445465340338
6195,6,1.2552291164319624
12369,6,1.0521726998760454
13346,6,0.86985122379708
24094,6,0.6079402009663879
28189,6,2.590110993623965
3235,6,0.7735276773404112
12374,6,1.0614539745340659
13351,6,0.9757859017519706
15954,6,0.37360747426206853
16977,6,0.5164625597160944
18013,6,0.6130468244345495
22051,6,0.46405101994364345
23099,6,0.4549758721623205
24099,6,0.6172627951676829
24967,6,0.7517300329394391
25483,6,3.431124943519454
2721,6,0.5794978873699024
4141,6,0.8392804214353439
11346,6,1.0428112314912892
12378,6,1.0537350621855397
13355,6,1.002836267498145
14954,6,0.755209129365654
15958,6,0.4125734775605611
16981,6,0.5122766658835226
18017,6,0.6064183147632777
23103,6,0.4549762042256928
24103,6,0.5660593000120369
24971,6,0.562862889762065
2557,6,0.5229679466241122
3244,6,0.8941940972094513
4146,6,0.8138073858452337
12383,6,0.998708179617599
13360,6,1.1860906742952806
14443,6,0.9203125056082132
14959,6,0.7294335541027952
15963,6,0.5058477786550324
21002,6,0.41197178131747825
22060,6,0.39266677758517754
24108,6,0.48844879801365165
24976,6,0.4838453495247427
25654,6,3.092516255529489
3250,6,0.8239432520675507
12388,6,0.9840634435129103
13365,6,1.1041413169169563
14964,6,0.5402380460988343
15968,6,0.5406429584899847
16991,6,0.5734243274300475
24113,6,0.4391942068561489
24981,6,0.45503580054365417
2401,6,0.5078726973013774
3254,6,0.6817637845884423
4156,6,0.6716820980378162
10319,6,0.8461821822656888
12393,6,0.9088839711037963
13370,6,0.844461129853863
14969,6,0.5175461221861447
15973,6,0.5466242096209865
18872,6,0.43612820982213546
21011,6,0.3587040323485394
23118,6,0.389061218417505
24118,6,0.41246646083324273
25819,6,2.5127751545118397
2406,6,0.5002866707999637
3259,6,0.5643053389200688
4161,6,0.5700922734414002
8164,6,0.7307689598888266
9472,6,0.7999040229185114
10324,6,0.823976971307598
11366,6,0.8144656728017922
12398,6,0.7295088796595951
13375,6,0.5688914730547054
14974,6,0.42570974564915637
15978,6,0.5201835630480476
18877,6,0.3471441997996754
19944,6,0.31323735379398043
24123,6,0.3584050453272495
24991,6,0.37564228530109395
2411,6,0.5177886785015683
3089,6,0.4987779344223866
6229,6,0.5796185140662141
7087,6,0.6012606690339928
9259,6,0.7022930828796174
12403,6,0.38440697260194706
14979,6,0.2801437014985987
15983,6,0.4052055751336266
17006,6,0.3570115120157011
18042,6,0.32176870871073354
18882,6,0.2994141326731266
22080,6,0.3433877909336636
23337,6,0.3721103676831186
24128,6,0.3672633988470459
8392,6,0.5363648462097391
9264,6,0.4877277474982853
10334,6,0.4142932535400792
11583,6,0.2685341399608588
12408,6,0.2656642334741577
13200,6,0.3345857884511698
14984,6,0.35041747454906963
15988,6,0.2745571699728009
17011,6,0.2811719404636274
18047,6,0.2757148162957864
24133,6,0.37548119006846653
25002,6,0.3789158146298644
25826,6,2.56724187972781
7097,6,0.46752151013352183
8179,6,0.475237344761042
10340,6,0.19202366685368882
11381,6,0.18571710291098306
12413,6,0.2656240482825184
14989,6,0.3574897054187763
18892,6,0.2567669489583262
23138,6,0.33636673715668103
25831,6,1.2596073330829314
1962,6,0.31814277171249644
2426,6,0.43165679306947746
4181,6,0.28266860219738926
7318,6,0.34502081364333587
8401,6,0.20635309451232842
11385,6,0.162356564891964
12417,6,0.324383995635417
14993,6,0.18703257891561445
17020,6,0.250247516601
18897,6,0.28666290005129885
24143,6,0.4419657875234303
25836,6,0.7971395768354645
2431,6,0.3465288112814292
8189,6,0.11966385763074165
11391,6,0.2432310489716133
12423,6,0.36488627935812035
14453,6,0.23660123609174483
14998,6,0.21290068530385003
16003,6,0.24326270814762893
23148,6,0.41856919134362636
25841,6,0.40217589832603934
1845,6,0.39121425551271577
2436,6,0.2696052155216756
4985,6,0.19245376599171493
10354,6,0.19996412396909893
11396,6,0.293982910553814
12428,6,0.34350755724978965
14299,6,0.12381035871756882
15003,6,0.25534908291841246
19119,6,0.24534773411680194
19973,6,0.2374426291571499
21046,6,0.14649474451646194
25021,6,0.25616685462652394
25846,6,0.32420182212467535
2441,6,0.1973321058414985
4010,6,0.10635422599066592
7117,6,0.08337514010408673
8199,6,0.1764703180990321
9289,6,0.25299826345498977
10359,6,0.18724006044624872
12433,6,0.3093048551988471
28001,6,0.27337593251431597
18072,6,0.2006275429358548
18912,6,0.2392967152207248
23158,6,0.8686492141698489
25026,6,0.1726640574649601
25851,6,0.1504079136526128
1741,6,1.447114980469096
3298,6,0.1344943994904514
5203,6,0.07368112250221298
11406,6,0.2562656117720069
13393,6,0.22639138958214558
15013,6,0.12573333110829607
15815,6,0.16788570436052683
17040,6,0.42550550671584597
18917,6,0.5497240407639927
22115,6,0.8930312720076997
23163,6,0.7585826648695514
24163,6,0.340815734377051
25031,6,0.3769223057131048
25856,6,1.6783370178436718
27857,6,2.6527101609653982
2288,6,0.10763833155061657
3303,6,0.16762838574156397
7126,6,1.1160306991087863
8209,6,0.7502114259057375
9298,6,0.12525538257307786
27967,6,0.7399675561015917
27981,6,0.1662460507964798
28051,6,1.7337294149714608
16225,6,3.176859475867668
17045,6,2.4076189235033536
18290,6,1.201131244163694
21060,6,1.6531787904039679
22118,6,1.4851902947089135
23166,6,2.4310112210082493
24166,6,3.2558280618599653
25035,6,3.4608431598904428
25860,6,3.5073576657645766
27918,7,0.004490965261737008
8211,7,0.006298102401160891
9083,7,0.008284623164128287
28125,7,0.048161312246871
20418,7,0.06430395211797793
5210,7,0.08917722162406008
6057,7,0.062134011047945324
7130,7,0.025916764263832274
7997,7,0.024239157844483994
9087,7,0.018755470141343523
9948,7,0.007806194477556173
18291,7,0.04303858733757153
18922,7,0.05823512959466763
19776,7,0.07461144134503805
20849,7,0.07152496590613894
21908,7,0.07392257263999688
22958,7,0.07861634723639932
3482,7,0.23135047147276383
4019,7,0.14028725152352847
4798,7,0.09680859369990444
5849,7,0.04924158446984473
7136,7,0.03178479814055406
8002,7,0.02901343999969439
9092,7,0.025943309262469787
10161,7,0.012800101470874025
11204,7,0.010630360475233965
12238,7,0.017313783276707278
16840,7,0.017701239163103143
17874,7,0.02180093672007749
18716,7,0.050541951713456754
19565,7,0.0605759303107839
20854,7,0.06727139811640918
21913,7,0.07401635679397119
22961,7,0.09920258287374936
23977,7,0.038001380589185216
2451,7,0.39133763062135163
3131,7,0.3122625799036911
4023,7,0.24686786739375766
5007,7,0.13860939896179675
5853,7,0.07370087092992303
6925,7,0.032942446649454706
8225,7,0.04304286620903888
9097,7,0.04518471122817114
10167,7,0.03779602771248943
11209,7,0.02679438402948655
12241,7,0.024948111585569813
13218,7,0.02365752892825355
14012,7,0.020869049612023172
15017,7,0.019245145638572526
15821,7,0.021742337502709683
16843,7,0.028077480172299402
17880,7,0.031083522690245186
18932,7,0.05252517677921504
19571,7,0.059710955132916514
20860,7,0.0707699547111938
21918,7,0.08113811740972925
22966,7,0.10765341462539454
23982,7,0.15878631006948693
24699,7,0.050311075184829836
1745,7,0.17666877393601987
2293,7,0.3746320720929082
4028,7,0.30239284993374776
27900,7,0.07303021780489323
7146,7,0.18841940406418248
8012,7,0.25403519533800506
9102,7,0.050676575769819154
10171,7,0.07980788903826956
12246,7,0.04065276250283357
14017,7,0.03030651587508052
14821,7,0.029262255201797042
15826,7,0.04469776535945603
17677,7,0.03932373146405077
20005,7,0.06658922179435431
21923,7,0.09214940688447194
22971,7,0.08117283510340441
25551,7,0.17408688080934223
1645,7,0.09470222774893845
2298,7,0.39581337061531463
3141,7,0.4439742080073325
5018,7,0.36200166327201067
7150,7,0.19158318810282957
8016,7,0.4418408221897399
10177,7,0.14649758218453973
13227,7,0.06212925487536276
14021,7,0.056861452326207804
16854,7,0.14346225680301328
17890,7,0.09725529865618332
18941,7,0.07883595669429753
21928,7,0.06194044384290222
22976,7,0.05467722422792874
9111,7,0.43054890627974973
12255,7,0.009021689308781446
13232,7,0.08961518402809453
17895,7,0.3010214703811393
18734,7,0.33413523329352274
23996,7,0.09521984126063048
24880,7,0.142154425312215
1279,7,0.7272300345091439
4042,7,0.49877501317657363
5027,7,0.5662273125682676
12260,7,0.1526056833775781
21937,7,0.5032218829311312
3155,7,0.5470244271389735
5032,7,0.4858876612080643
6949,7,0.17685022945340598
9340,7,0.2710261888123841
28017,7,0.2769637849076141
13243,7,0.22844865872182063
15845,7,0.18172849642951527
19810,7,0.47672838517505045
20883,7,0.5694023680928837
24889,7,0.5395499681167769
25731,7,0.2599839372183937
1196,7,0.6637638339423692
4833,7,0.45051634894922554
6096,7,0.5438853998905648
9126,7,0.43173892413448456
10197,7,0.2836914257083703
14846,7,0.13890726497116357
20888,7,0.4903953613614196
13253,7,0.3079849221440965
14851,7,0.14088567566202756
20893,7,0.44377176836037263
23000,7,0.4386590436436626
26709,7,0.38829724885625533
788,7,0.6517804695337487
4062,7,0.2731087943273775
11248,7,0.6834132046261551
14052,7,0.26623555291680434
14856,7,0.19933080375084508
15860,7,0.22020404022140389
16883,7,0.24471153796091236
17919,7,0.3019748265937468
21957,7,0.45877690226770307
24021,7,0.4495314570362764
25073,7,0.45054255829701007
6111,7,0.18980941467485743
7185,7,0.1916018889558501
12284,7,0.4602401998922427
13261,7,0.4219850592117013
14055,7,0.29589762295239785
18764,7,0.33312563860605054
23010,7,0.3668907910929754
24026,7,0.3284732572959662
25078,7,0.38975628689252617
25750,7,0.4135346970717359
520,7,0.29348524576946033
4072,7,0.683711677920582
6116,7,0.19226516308090436
6974,7,0.28173397404541867
8274,7,0.940662651654392
11258,7,0.4040299978187265
13083,7,0.040782864800078825
16893,7,0.19609654299701568
17929,7,0.20481410503434017
20907,7,0.3245368598319347
24031,7,0.30559798842316915
24914,7,0.337312384206348
25754,7,0.4026113553348795
26724,7,0.3276797512133732
27093,7,1.0245780010635428
464,7,0.2811167250909411
1221,7,0.776327899533188
1689,7,0.5034124750088695
8061,7,0.6062898996037035
17934,7,0.21216012442598678
19840,7,0.19086827655770627
21972,7,0.24513653358609394
24036,7,0.275158071382053
808,7,0.7010725607146898
1317,7,0.8496880132753991
2347,7,0.9646951853211162
3016,7,1.2670736801350124
8065,7,0.8935533976910986
13453,7,0.33309393326430287
14876,7,0.2339370689295527
15880,7,0.10608839976914963
18779,7,0.23664129486567545
19845,7,0.16419753264366269
20918,7,0.15203808312170877
21977,7,0.16263671020269338
24924,7,0.34446502294720893
26316,7,0.3579661044209945
26733,7,0.5023759994922761
259,7,0.8329139866532241
1231,7,0.9208838456090879
1698,7,0.857896569776301
2352,7,1.1404516550963315
5072,7,1.2888803570747749
6131,7,0.982972961330995
8289,7,1.0260629022613756
9161,7,1.1119660695419797
10231,7,1.0715780437741411
15884,7,0.14413432065681142
18784,7,0.21035187132393965
19850,7,0.16823876944533228
21982,7,0.15966396243108663
25098,7,0.25247458740867185
25769,7,0.36240149903107977
27108,7,0.4689711312564617
266,7,1.0477702885723659
1236,7,0.8842914641655046
1704,7,0.9110126776007759
2357,7,1.1026198991971448
3200,7,1.2134542008591502
4281,7,1.128227628173016
5076,7,1.4304707078912773
6994,7,1.0592064096759368
8075,7,0.9640481144265786
9166,7,0.9297507967344535
11277,7,0.7701103749933791
14886,7,0.4679116265739884
16913,7,0.1207568093482997
21987,7,0.17990882576538927
23035,7,0.11754155588137653
25103,7,0.1726789431286908
25775,7,0.23320019178338627
270,7,1.055733351955554
823,7,0.7495405044296604
4476,7,1.1456382593082846
8080,7,1.0147938661066573
11283,7,1.0238984312099249
16918,7,0.1769477663461033
18794,7,0.2305713421773839
23040,7,0.1865897902195635
25278,7,0.1609098389023145
27532,7,1.404372648080657
113,7,0.9277190063178302
616,7,0.6118888489333628
827,7,0.7066264865200235
1245,7,0.7998266024203602
5086,7,1.3400327752719199
8302,7,1.1683107030478788
11287,7,0.9820299088281842
15899,7,0.24456874229040546
17958,7,0.1217798993761015
18799,7,0.10571838906210096
26753,7,0.2731620127745484
63,7,0.4137095591750417
832,7,0.6458351257269145
2371,7,1.1592142062324031
4477,7,1.429417830744231
4881,7,1.3957453354570188
6150,7,1.4091588408295297
9180,7,1.1897823666264762
12324,7,0.9416483753080492
13301,7,0.4579877633500636
15904,7,0.24712527331394393
16721,7,0.19560201379787345
17963,7,0.40217737038772233
19654,7,0.03781132213655838
20942,7,0.07071899460513985
22002,7,0.26905999208264764
23050,7,0.36336627693355716
25789,7,0.03996014613142189
26341,7,0.1825822667761033
26758,7,0.30981607837656105
27127,7,0.34728179939897114
44,7,0.39846388146879885
238,7,0.38706248786833486
838,7,0.7065086975489814
1255,7,0.8489543982404175
4093,7,1.4569950206241735
6155,7,1.4910846507427833
11711,7,1.2600349407782676
13307,7,0.7397453307270965
15909,7,0.06246191342065555
16521,7,0.0679666528022555
23055,7,0.3210978692992311
25794,7,0.05704786374723842
26346,7,0.17552195303983292
27313,7,0.33100184326862897
27723,7,2.266975674204859
16,7,0.3515053730465696
768,7,0.5574490367667244
1728,7,0.9412841956450851
2381,7,1.105876091080417
6160,7,1.5594390900155053
9190,7,1.4541178444265535
10260,7,1.6671449312536994
15914,7,0.1989476409870662
21165,7,0.0948978989082648
23059,7,0.182041795087483
24059,7,0.37625003397543516
24759,7,0.05889282261290826
25943,7,0.04414017234441059
26352,7,0.09780800297585088
27623,7,0.3290201508459758
27727,7,1.5966251192944592
27795,7,2.56389797682229
7,7,0.9549249314954681
248,7,0.2813799397271324
508,7,0.40454357854983747
1266,7,0.9469812410102032
1733,7,1.0600258351791847
2081,7,1.2560756410610423
3377,7,1.5267896387711917
6377,7,1.5605424550627094
10265,7,1.7056140288921082
12339,7,1.741519948735375
14731,7,0.24932102943027717
15919,7,0.2365313073594263
17355,7,0.26841837954803516
17978,7,0.38064943911919086
18818,7,0.4523194002478575
20957,7,0.18949902843974498
24932,7,0.0643618977494565
26356,7,0.11916771820662887
26773,7,0.17286580984054922
27732,7,0.2815593978348481
27809,7,2.6054443289282845
2,7,1.2389280033390022
852,7,0.5837595049988428
1738,7,1.1052858873775528
3208,7,1.5880585518792634
4107,7,1.5713279359085046
10269,7,1.8417471916233854
11312,7,1.840880096384431
12344,7,1.7609585961819754
13322,7,1.8913723068319115
14115,7,1.3560196109113405
17983,7,0.299454133906522
18823,7,0.4078421918521611
20104,7,0.21309231436947346
24069,7,0.14951881540786613
24936,7,0.052191908877722896
25631,7,0.06369934224309942
26360,7,0.23430200480188687
27147,7,0.15215514833976748
27633,7,0.1968471781004947
27814,7,0.8530816767458462
6,7,0.4190513356639093
112,7,0.546049295094925
258,7,0.8452525675503146
518,7,0.8919622065687067
1275,7,2.0582744784350324
1550,7,0.6042185030254108
2541,7,1.6113113955363842
3213,7,1.6427923338361958
4113,7,1.6680572904476998
4907,7,1.6520972528089566
6176,7,1.7582603327434378
8987,7,1.7103478323921208
10275,7,1.835023546475167
11316,7,1.7871121088457718
13326,7,1.2777628854091563
14120,7,1.2253664726523108
17157,7,0.17116520280220168
24074,7,0.22628085739050977
24942,7,0.042011144355164495
25799,7,0.19781745939876208
27818,7,0.48764431967623717
27846,7,3.891158029722694
3218,7,1.7596780888505603
4309,7,1.758226413832327
9428,7,1.6805892275841017
10279,7,1.5801212462189682
14930,7,1.2775734633386648
16957,7,0.1375978329699247
17993,7,0.17769609030685107
18834,7,0.1409516656801249
22031,7,0.35053219229832466
23079,7,0.6159425327441125
25804,7,0.2354565964429723
26176,7,1.0365240882375983
26787,7,0.7605125370412976
27156,7,0.42540929324838667
27440,7,0.4813911117415444
1841,7,1.8249689014345445
6399,7,1.8266196027898434
13336,7,1.096930679620024
17998,7,0.19171394161914304
18838,7,0.1894412732049704
28131,7,0.9220817950607699
23084,7,0.4431832868276767
24084,7,0.22323608405189788
24952,7,0.2640246182377105
26361,7,2.6865187370961032
27869,7,2.1029335381103658
2394,7,1.5034825450173117
3228,7,1.4844330480255423
7048,7,1.8540793983721464
10290,7,1.4618013374266152
11331,7,1.3828974225252955
14135,7,0.6885312794240254
16967,7,0.8254157756993085
18003,7,1.428074603747535
18843,7,1.4186929081271442
24089,7,0.33137915326418826
26274,7,2.782685055575551
4132,7,1.1493317939552892
6195,7,1.1951867685114104
8134,7,1.2616423573037094
11336,7,1.2338152698717757
12369,7,1.0176489901899217
13346,7,0.7934915909457512
23094,7,0.5559508161642137
24094,7,0.8597968308835698
24962,7,2.9171133771321225
28189,7,2.4044807010563307
3235,7,0.7932554520200006
4137,7,0.9597779011324279
8141,7,1.060481797654946
12374,7,1.135207457016117
13351,7,0.9552933286043985
15954,7,0.3891492571741119
16977,7,0.3247408887742629
18013,7,0.27038897594630346
23099,7,0.7066453686703515
24099,7,0.922219503955864
24967,7,0.9710750646296994
25483,7,3.0933743575642385
2721,7,0.7497435015089882
4141,7,0.9327915571437702
5992,7,0.9876725325979167
11346,7,1.1222896694792655
12378,7,1.1118149298755684
13355,7,1.0051631090796023
15958,7,0.3707345654780596
16981,7,0.31702876688413156
22055,7,0.5561693114353168
23103,7,0.807769554402985
24103,7,0.9223153648228486
25487,7,1.3699413403589595
2557,7,0.889420486828499
3244,7,0.9802342404656543
4146,7,0.9177031313398277
4941,7,0.9515971189616251
9239,7,1.0350476211745974
11351,7,1.0719644278766776
13360,7,1.2166073810657319
14959,7,1.0706248785920884
15963,7,0.3468460243421968
18022,7,0.32717080201579013
18862,7,0.3419872692148932
21002,7,0.6091149578768338
22060,7,0.6957590822029043
24108,7,0.8942093383292752
24976,7,0.9716305280289691
25654,7,2.8251591853343636
3250,7,0.9718425448611291
5154,7,0.9277590610902569
6214,7,0.9356278186505949
12388,7,1.1261588490776124
13365,7,1.4370513862105223
21006,7,0.6015805711428418
24113,7,0.8866566788393996
24981,7,0.9731645366226266
2401,7,0.8973924362884501
3254,7,0.8890611320342148
4156,7,0.8600879159714552
5159,7,0.8628218900896396
11361,7,1.036034398000749
12393,7,0.9590861208730327
13370,7,0.8802319841749509
14452,7,0.4740428901916611
14969,7,0.4234456203680438
15973,7,0.3994940564004181
18872,7,0.5178924371369312
19938,7,0.5644994565867932
23118,7,0.8362319485164741
24118,7,0.8887730722152595
24986,7,0.9529874327757736
25819,7,1.7406702608719868
2406,7,0.8633241790461196
3259,7,0.8240663059167194
4161,7,0.820071720729781
7082,7,0.7851135493822367
8164,7,0.8767613263573606
10324,7,0.9621810975952234
11366,7,0.9168215304501095
12398,7,0.736916046833189
14974,7,0.45604618711324296
15978,7,0.4229378556333944
18877,7,0.5311697838615848
19944,7,0.6137799385118572
23123,7,0.8391137893789705
24123,7,0.9192288635041012
24991,7,1.02098550921039
3089,7,0.8301057465657351
6229,7,0.6793460911454454
7087,7,0.6711717719775041
9259,7,0.8506994710162891
12403,7,0.5030828845490283
14979,7,0.4919453082631703
15983,7,0.452776916996253
17006,7,0.47646583845311
18042,7,0.4796186186957738
18882,7,0.5658192232544448
22080,7,0.7932592155885554
23337,7,0.8652562093899193
24128,7,0.8986764985249264
25673,7,1.1262270499352536
2416,7,0.7998059340241571
3269,7,0.7616441390419945
4171,7,0.7065809739937836
8392,7,0.7258792582603066
9264,7,0.6619683092366243
10334,7,0.5792835453864168
11583,7,0.46644860874932126
12408,7,0.4586001785991133
13200,7,0.5248175398545732
14984,7,0.6988729368661457
17011,7,0.4896525517786713
18047,7,0.5243112928363723
25002,7,1.0461849507369332
25826,7,2.3057064768808497
8179,7,0.6475054589250842
10340,7,0.4716780380643169
11381,7,0.4503585887335638
12413,7,0.5159952372200435
14989,7,0.765881634200043
17016,7,0.5595834621608492
23138,7,0.9706043563341171
25831,7,2.117207636151729
1962,7,0.8512011514815169
2426,7,0.7400283407370818
4181,7,0.6628800805950886
5184,7,0.7030829352646146
7318,7,0.6264720638861309
11385,7,0.4436620950325735
12417,7,0.5646767617717809
14993,7,0.5583370461456778
17020,7,0.5918005014936139
18897,7,0.6677343979375345
25011,7,1.1364545445468128
25836,7,1.6524186232510438
2431,7,0.71932260828271
7107,7,0.5398081109471335
12423,7,0.6509490766606094
14453,7,0.6375966354319297
14998,7,0.6481841981749432
23148,7,1.1692058400453922
25016,7,1.1321807313769712
25841,7,1.4111586950587574
1845,7,0.9263232180358272
2436,7,0.8194016811320942
10354,7,0.7175993538073192
11396,7,0.8106484257071042
12428,7,0.8598305936361655
14299,7,0.6783045494722669
15003,7,0.7215431779779876
15806,7,0.73316843470594
19119,7,0.8109802898665136
19973,7,0.841265045601301
21046,7,0.755099173709206
25021,7,1.2086322793676973
25846,7,1.3966046451234706
2441,7,0.8143576210687489
4010,7,0.7554949792575111
4990,7,0.7624685177275389
7117,7,0.654768258511763
9289,7,0.702190180267635
12433,7,0.8386004358622949
28001,7,0.8832078028750557
18072,7,0.8184842469866896
18912,7,0.8126442100728527
23158,7,1.1343981781501336
24158,7,1.2454672071190682
25026,7,1.3054315681327069
25851,7,1.4327564009250593
1741,7,1.3997869224203936
9294,7,0.7697156957436877
11406,7,0.9330790535521525
12438,7,0.9023561446874158
13393,7,0.9868563453572697
15013,7,0.8235236743877964
17040,7,0.7621155175579604
18077,7,0.6964392454448236
18917,7,0.639432713118569
22115,7,1.0052098430254601
24163,7,1.196335414166369
25031,7,1.4004045729504009
25856,7,2.677731294683416
27857,7,2.375733987231462
2288,7,0.8072053103349257
3303,7,0.8165477485669239
7126,7,1.1877148125677197
8209,7,1.2373189378559628
9298,7,0.8312340660143401
27967,7,1.1271166819237863
27981,7,0.9422029655343795
28051,7,3.475475662954173
16225,7,3.305876288438469
17045,7,3.3379030766413904
18290,7,2.397757332962858
21060,7,0.9575460403853212
22118,7,1.1204559710609854
23166,7,1.3939880844876984
24166,7,3.002594168922293
25035,7,3.8496407980302085
25860,7,3.90546417794152
27918,8,0.010304270320661649
8211,8,0.012273673785885352
9083,8,0.009296692941803214
28125,8,0.049914393220308134
20418,8,0.0690360659372915
5210,8,0.1271145117078216
6057,8,0.0943065282705124
7130,8,0.052227509607459324
7997,8,0.052677282288677074
9087,8,0.05160192126683749
9948,8,0.03369750799232531
18291,8,0.07670630043307308
18922,8,0.0979840857662075
19776,8,0.10304530599137844
20849,8,0.10402718955578283
21908,8,0.09795348215439661
22958,8,0.09142759035423982
3482,8,0.3244253807842888
4019,8,0.172676918953623
4798,8,0.13740946638510657
5849,8,0.08127356485446555
7136,8,0.06307942873794885
8002,8,0.06074102417567337
9092,8,0.06220871552659308
10161,8,0.040766068313542965
11204,8,0.025767907020996756
12238,8,0.035719687215081834
16840,8,0.0385676858387109
17874,8,0.051794618774870634
18716,8,0.10571248430262105
19565,8,0.10214548356345936
20854,8,0.11457106082786368
21913,8,0.11374220819056405
22961,8,0.11586197628601806
23977,8,0.016842466155205696
2451,8,0.6338419067861539
3131,8,0.4528560002893579
4023,8,0.3144366376015586
5007,8,0.18163378446295528
5853,8,0.11618026901704336
6925,8,0.08997476453190587
8225,8,0.0891108524722721
9097,8,0.09714221250708285
10167,8,0.08791005933067927
11209,8,0.06449192143518606
12241,8,0.053804711599027735
13218,8,0.05272298375615124
14012,8,0.04761530409819841
15017,8,0.054771461174304724
15821,8,0.06302187744812326
16843,8,0.07506970868715059
17880,8,0.09016237869925241
18932,8,0.13967267579945322
19571,8,0.15532160551420082
20860,8,0.17855672364045538
21918,8,0.1767701752908916
22966,8,0.17414352856715404
23982,8,0.2804442462603078
24699,8,0.08364540414577663
1745,8,0.46012180861462604
2293,8,0.5920215312108393
3135,8,0.5295069244929773
4028,8,0.4173704829215288
27900,8,0.10471084502995923
7146,8,0.21820370133362713
8012,8,0.33449928430323134
10171,8,0.11682064066339477
12246,8,0.09053203975336616
14017,8,0.08550733159646533
14821,8,0.08641247317792367
15826,8,0.16180580156421917
17677,8,0.11946565185245936
20005,8,0.1862001420273474
21923,8,0.22643948252901333
22971,8,0.24222654192989607
25551,8,0.2922886495741601
1645,8,0.4221551050671923
2298,8,0.5609391111233513
3141,8,0.6807689843923067
5018,8,0.5208751836136624
7150,8,0.1297203186284665
8016,8,0.22772754139386803
9325,8,0.36173825037205126
10177,8,0.24901686710121299
13227,8,0.13731432130257748
14021,8,0.17384072388704877
16854,8,0.11223330656587593
17890,8,0.11806811743232616
18941,8,0.1346070070174549
21928,8,0.275088493876371
22976,8,0.3316904059547375
23991,8,0.3190540646959045
9111,8,0.35572745945795486
12255,8,0.14676201631904912
13232,8,0.16664354962654165
17895,8,0.10822014208241124
18734,8,0.16144459115945997
23996,8,0.2902515224620644
24880,8,0.18418701958244088
1279,8,0.11683290672252945
4042,8,0.556041584815286
5027,8,0.619628905372479
11228,8,0.3376686879659995
12260,8,0.13070844764662448
13237,8,0.29011170202049563
21937,8,0.2608604257132887
26278,8,0.23649202526310012
3155,8,0.5053859373891952
5032,8,0.5359654469742096
6949,8,0.12255513719099381
9340,8,0.2742927846574271
11233,8,0.16463635185195585
28017,8,0.40480042035873587
13243,8,0.3189248079734954
15845,8,0.4350560491165499
19810,8,0.16529780195304897
24889,8,0.19344636657143682
25731,8,0.25112573362138135
1196,8,0.17897359613665786
4833,8,0.5434544423343007
6096,8,0.6523671320976026
9126,8,0.6572943645789388
10197,8,0.6599955685394998
14846,8,0.4267000965160619
16667,8,0.5084817417172677
20888,8,0.3665056660378761
25735,8,0.21277449289887423
13253,8,0.6844270578312227
14047,8,0.6417626329111294
14851,8,0.49779492808415865
20893,8,0.2628090251385037
23000,8,0.2284884677966593
26293,8,0.2595735056799099
26709,8,0.33562991327391273
788,8,0.44927978732753443
4062,8,0.40844902674288913
14856,8,0.7491339168517056
15860,8,0.7098282032836953
16883,8,0.7221872534269275
17919,8,0.6861991875732846
21957,8,0.25928821707852345
24021,8,0.21659337460851283
25073,8,0.16572149871519581
1121,8,0.10603822424073614
6111,8,0.38181640660708066
12284,8,0.7913956905963068
13261,8,0.6988783797296279
14055,8,0.7869727429882974
18764,8,0.683227404680425
23010,8,0.2948293291952093
24026,8,0.22922993748977832
25078,8,0.17938390896434175
25750,8,0.17638178381303282
520,8,0.792489002268344
4072,8,0.5161908049943082
6974,8,0.34595214817882824
8274,8,0.7837940132228168
11258,8,0.9291460704484689
13083,8,0.44730378980153473
16893,8,0.5997271895991808
17929,8,0.5887125414937089
24031,8,0.2769081115140768
24914,8,0.23054275601748458
25754,8,0.23943784756731862
26724,8,0.36194570468137854
27093,8,0.945226704791878
464,8,0.7672374056594392
1221,8,0.3489733173430847
2342,8,0.27217219208442117
8061,8,0.5294659818677299
14871,8,0.9282758270862316
17934,8,0.4284637903759466
19840,8,0.610523317825405
21972,8,0.49614425972409193
24036,8,0.32664349262179976
25760,8,0.2511510332163262
808,8,0.3788110943371179
1317,8,0.4728539558213734
2347,8,0.29887022783718836
3016,8,0.718959203952099
12300,8,1.0262298022910645
13453,8,0.5094100333857793
14876,8,0.8894367528303734
15880,8,0.8202264535997364
18779,8,0.5337742948957975
19845,8,0.5212410204630322
20918,8,0.6004909261511621
21977,8,0.48793776590734983
24924,8,0.26127605266238196
26316,8,0.2248466578622223
26733,8,0.2545576691272373
259,8,0.2290988719400034
1231,8,0.5846481745715488
1698,8,0.6471096604643809
2352,8,0.5286217358875045
3195,8,0.6321088791626329
5072,8,0.8911697696525966
6131,8,0.17713175675416168
8289,8,0.4277536084904639
9161,8,0.6437810372892744
12305,8,0.8832689784682657
15884,8,0.9923177553737316
18784,8,0.636441064212235
19850,8,0.6549088820182002
21982,8,0.5068319353873924
23030,8,0.41902938833802894
24046,8,0.4446538166331303
25098,8,0.4451636797352977
25769,8,0.3183642331944497
27108,8,0.3335747176888714
1236,8,0.7172035679822705
1704,8,0.8934723413446157
5076,8,0.9832596767541157
6994,8,0.19502284880084206
8075,8,0.22058193688599467
9166,8,0.20532800037501103
14886,8,0.6921778776441082
16913,8,1.165864583800644
20069,8,0.7831188887232499
21987,8,0.6009039261013166
23035,8,0.5426518807503776
25103,8,0.48613856917669324
25775,8,0.35647850633168127
27397,8,0.3825605668695899
270,8,0.29728692869200957
823,8,0.79627431602675
4476,8,0.3645364684055475
8080,8,0.056610446929255986
10449,8,0.22417387493756546
11283,8,0.09310382047185534
14086,8,0.7018313190693708
16918,8,1.2691164374563706
25278,8,0.48359774175785863
27532,8,0.4930178600617571
616,8,0.8920302453941723
827,8,0.9087168491639063
1245,8,0.9922028863811531
5086,8,0.4101753185321573
8302,8,0.19086111056501226
11287,8,0.27295790931511005
13113,8,1.5523984405473743
15899,8,1.0807346226593915
17958,8,1.3179223892443441
18799,8,1.3800959426078778
20937,8,1.0553018742258102
26753,8,0.4099307119654883
63,8,0.7011239126353896
1250,8,0.9985886935125223
1718,8,0.9141082621842301
4477,8,0.6886428066274084
4881,8,0.690329226365447
6150,8,0.5637458700991856
9180,8,0.4875326420168687
13301,8,1.564247255599496
15904,8,1.1713039518383153
16721,8,1.4628590337400167
19654,8,1.4478224093940226
22002,8,1.2340599739055131
25789,8,0.5422868734722406
26758,8,0.525047881433486
27127,8,0.41807223134395255
27411,8,0.3761914120190924
44,8,0.7425313591233267
238,8,0.9763282274795259
838,8,1.0695479759670923
4093,8,0.7869398315343027
4886,8,0.8052813366191364
11711,8,0.2795514047806012
15909,8,1.2698356426392214
16521,8,1.198491392553528
23055,8,1.155132835700001
25794,8,0.6904287976279776
26346,8,0.5511150880792793
27313,8,0.476873613278158
27723,8,1.9349001350482338
16,8,0.9813835290619748
768,8,1.2246886466000535
1728,8,0.9667173818458021
6160,8,0.6551080846539618
7451,8,0.4090997817771455
9190,8,0.48130513685130283
10260,8,0.4039175593830433
15914,8,1.3235889956450897
21165,8,1.4752161295991968
23059,8,1.3979683134398406
24059,8,1.0436120082322662
24759,8,0.9414598638792013
25943,8,0.7396891674657058
26352,8,0.7438136343506354
27468,8,0.364244091163196
27623,8,0.5151343589862925
27727,8,1.0952917947857048
27795,8,1.966481841936982
7,8,0.20240396070867228
508,8,1.3444487712072364
1266,8,1.1341847258949718
1733,8,1.1660773871100965
2081,8,1.269311664478015
3377,8,0.8491310143447064
6377,8,0.6257931078015689
10265,8,0.41642026702040463
12339,8,0.2839465348031379
15919,8,1.48312578918547
17355,8,1.340523233210517
17978,8,1.2031148741295246
24064,8,1.3109913315798551
24932,8,1.0938655460266025
26356,8,0.9124846796378498
26773,8,0.6046122666114805
27628,8,0.40842736894707693
27732,8,0.7744713629552915
27809,8,2.0492450698333973
2,8,1.725293418305599
852,8,1.3116567860214274
1738,8,1.2818739273374815
3208,8,0.7810282978434226
4107,8,0.8925395463203736
5744,8,0.8471599327337428
10269,8,0.4372148588638172
11312,8,0.43436774096432174
13322,8,0.26530006447154786
14115,8,0.33803787241158817
17153,8,1.5222006441477345
20104,8,1.466817843719798
24069,8,1.3681361137658217
24936,8,1.165325898690568
26360,8,0.8518380362632865
27147,8,0.6981702879801649
27633,8,0.5316615340339605
27814,8,0.5638892147106497
6,8,1.5124557929109048
112,8,1.3388310228312443
258,8,1.2758565330183196
518,8,1.0657986018997638
1275,8,0.21115517280834945
2541,8,1.0054455313492512
3213,8,0.7783987788310892
4113,8,0.5987984042039709
6176,8,0.2643214756846953
7033,8,0.07990776932782745
8987,8,0.12462552242942174
10275,8,0.2675770168327614
11316,8,0.19347099106920213
13326,8,0.44229035696031915
14120,8,1.295991994564192
17157,8,1.6353005938550156
24074,8,1.3832370358770523
24942,8,1.0105299667933278
25799,8,1.0160422618643263
26534,8,0.710736079528591
27818,8,0.35646093951232755
27846,8,3.769930061874629
3218,8,0.4862440848762578
9428,8,0.024072570126139267
10279,8,0.07161629295215825
14930,8,1.2976470544906689
16957,8,1.8487906853559337
17993,8,1.4153896035399782
18834,8,1.2849767231362947
22031,8,1.170211067414096
23079,8,1.0752413608181772
25804,8,0.9385171863863239
26176,8,0.8136355931764959
26787,8,0.45461634127323597
27156,8,0.6406853402552778
27440,8,0.2940233987166496
1841,8,0.885995145329853
3223,8,0.3485604020509667
12359,8,1.2365331650898819
13336,8,1.0857810763174214
18838,8,1.424081120616805
22036,8,1.4641669879435704
23084,8,1.057418282986429
24084,8,1.0978417857526264
24952,8,1.2409905453617447
26361,8,2.414081297605266
27869,8,0.7081710532380068
2394,8,0.7961394287119955
4127,8,0.595649642219055
7048,8,0.44977057762292083
10290,8,1.1210062704225594
11331,8,1.060215754866398
14135,8,0.8636795789208923
18843,8,1.9976226735969302
24089,8,1.1916847084853681
26274,8,2.6356393844245525
6195,8,0.792459003424365
8134,8,0.9269662346118152
11336,8,0.6863159239967224
13346,8,0.8465992219883368
14945,8,0.7224049602492063
19913,8,1.6861652844945338
24094,8,1.3048770532055938
28189,8,0.7568077905130809
3235,8,0.529333968107864
5140,8,0.43242014537610207
8141,8,0.6318920671085788
12374,8,0.7217874180434971
13351,8,0.7341091071640186
15954,8,1.1080168775695427
16977,8,1.0481242263933177
18013,8,0.9439665360002992
23099,8,1.2255054527592617
24099,8,1.2975781895046041
24967,8,0.8177047959897034
25483,8,2.903610759610707
2721,8,0.5737570079598392
4141,8,0.45739505610443987
5992,8,0.4852259549001787
10305,8,0.7840738640000834
12378,8,0.753325949728009
15958,8,1.0430006693587566
20996,8,0.9846260443355207
22055,8,1.2104395502644723
23103,8,1.2710352749126759
24103,8,1.305823873718244
25487,8,1.9907615716248743
2557,8,0.6012315381804868
3244,8,0.5831440647727447
4146,8,0.45924957473455114
4941,8,0.47373835587720525
9239,8,0.711533244954216
11351,8,0.7457290056907194
13360,8,0.6138178885037313
14959,8,0.7692123176882777
15963,8,0.9130576268751998
18022,8,0.9464457258272501
18862,8,0.977699950074253
21002,8,1.2163172796557626
22060,8,1.2621262416517678
24108,8,1.2745648182279548
24976,8,1.1990470498998973
25654,8,3.0965537385918362
2396,8,0.5828061525467872
3250,8,0.5236631635723722
6214,8,0.5330159905828087
8154,8,0.6275719044013855
11356,8,0.7117282262328581
12388,8,0.6784872741547867
13365,8,0.5557816627797162
21006,8,1.215038997270585
24981,8,1.1616876926153368
2401,8,0.5442253224480049
3254,8,0.5132868961926094
4156,8,0.506220433968899
5159,8,0.5480703758905314
12393,8,0.6311333141702709
13370,8,0.5848385848401589
14969,8,0.8047108193402017
15973,8,0.8018012350774383
23118,8,1.2029720232034742
24118,8,1.1154762927282391
24986,8,1.0970027224752497
25819,8,3.1584316668822576
2406,8,0.5172746303571117
4161,8,0.6143801111941865
7082,8,0.7866499732584112
8164,8,0.7434218223778661
10324,8,0.7348647231846711
11366,8,0.724378829482623
12398,8,0.6006946448180093
14974,8,0.739153002333421
15978,8,0.8082806054865058
18877,8,0.9555608873679978
19944,8,1.064509626602118
23123,8,1.054735488315293
24123,8,1.14916468681106
24991,8,0.9862620635543146
3089,8,0.6149442422032959
4166,8,0.7324558350373436
6229,8,0.8586348482797417
7087,8,0.8192929231079951
9259,8,0.7211142143205218
11371,8,0.6192014204937559
13380,8,0.6236186080683089
14979,8,0.7226087249132829
15983,8,0.8412306806052409
18042,8,0.8298981643806166
18882,8,0.9909146543500652
22080,8,0.9824460709683857
23337,8,0.9676324880064281
24128,8,1.0203293172989638
2416,8,0.5675799555173621
3269,8,0.6812347827212876
8392,8,0.737614931476073
10334,8,0.6364077665819929
11583,8,0.6611134767885276
12408,8,0.663762895220298
13200,8,0.5622843854201736
14984,8,0.57838906056429
18047,8,0.8470377449026993
23133,8,0.9435847853473587
25002,8,0.8232710043878343
25826,8,3.3947724912666426
2421,8,0.6459602091238437
8179,8,0.7111788989468592
10340,8,0.6780449371907524
11381,8,0.6767648491853557
12413,8,0.6022747877070387
14989,8,0.47866461582513975
21031,8,0.8175138462034336
25006,8,0.855857810138466
25831,8,3.460293710082962
1962,8,0.6891253465503381
2426,8,0.6452507285431784
4181,8,0.812423103456518
5184,8,0.7685466286097891
7318,8,0.7158427003611403
10344,8,0.697700759035233
11385,8,0.6761407094746738
12417,8,0.5290698000039135
14993,8,0.5809529610956822
18897,8,0.6862893808493613
21036,8,0.7687726266858078
23143,8,1.023186253961867
25011,8,0.9483850588488232
25836,8,3.001262380307259
2431,8,0.6846715387088789
5189,8,0.7233180639745551
7107,8,0.6974054854447388
9279,8,0.6724151199279123
12423,8,0.41460378219487753
14453,8,0.42775954064345595
14998,8,0.5115110049065309
21041,8,0.6857438343328678
25016,8,0.8464932905613949
25841,8,2.0780353580614324
1845,8,0.6737999202246046
2436,8,0.6835285549182415
9502,8,0.5642168168968218
10354,8,0.5407741228003938
11396,8,0.3906961694497524
12428,8,0.3455627526267214
14299,8,0.400950594812743
15003,8,0.4459455037810522
19119,8,0.5440453098551203
19973,8,0.530518581825199
21046,8,0.803831664018184
25021,8,0.7065937688325266
25846,8,1.781080772430874
2441,8,0.6314175701724187
4010,8,0.6697349152628402
4990,8,0.6507914617391208
7117,8,0.5824245793323801
11401,8,0.3690075359437648
12433,8,0.3535428909325566
28001,8,0.19792930553729235
15008,8,0.39380722804521073
18072,8,0.41979322989327067
18912,8,0.44165194605087715
24158,8,0.6823767812138377
25026,8,0.7023590824754243
25851,8,1.530529932554244
1741,8,0.5020325976889664
11406,8,0.4082028269425621
12438,8,0.3525310098896533
13393,8,1.3327638630802823
15013,8,0.19784528418789027
17040,8,0.40216209184696533
18077,8,0.32885103508689767
18917,8,0.4328731418213784
22115,8,0.6111962676291168
24163,8,0.7227664030378668
25031,8,0.6271821963789428
27857,8,2.1849662631932434
2288,8,0.6176549058260966
3303,8,0.6311455491527559
4205,8,0.6778652934578987
5208,8,0.6826451953301622
7126,8,0.5633482284465082
8209,8,0.5537394573501049
9298,8,0.469745456123966
27967,8,0.793080408471758
27981,8,1.5835795088887212
28051,8,3.5903998345522936
16225,8,3.3039319428947307
18290,8,2.5479870362772226
18921,8,1.6584352020882362
21060,8,0.5181430388180195
22118,8,0.5000858311582441
23166,8,0.46341381111610797
24166,8,1.3001576581299785
25035,8,3.962026488909049
25860,8,4.114729924284364
27918,9,0.005706524308427223
8211,9,0.004354166593694509
9083,9,0.003952892828785895
28125,9,0.02639280626663144
20418,9,0.03313757525350706
5210,9,0.09691989910249137
6057,9,0.06945750208734637
7130,9,0.0368308319476403
7997,9,0.03596707144095512
9087,9,0.032675933676136214
9948,9,0.02418000480112709
18291,9,0.03044116980092317
18922,9,0.037874991904251955
19776,9,0.04520486352718579
20849,9,0.044856498821205175
21908,9,0.0456937213783552
22958,9,0.0465709014640415
3482,9,0.27978297749833964
4019,9,0.14707939627528085
4798,9,0.10520865594403243
5849,9,0.05695359348149048
7136,9,0.04306653105606639
8002,9,0.04119458855181226
9092,9,0.040180064399788204
10161,9,0.028592290110794855
11204,9,0.018474921294768368
12238,9,0.025413505868049146
16840,9,0.016057773853904556
17874,9,0.019867320403598152
18716,9,0.038718588690779016
19565,9,0.040328257103023166
20854,9,0.04563184807445834
21913,9,0.04869006010553741
22961,9,0.05848930326815245
23977,9,0.017455809801859633
2451,9,0.4555802904804623
3131,9,0.3810470024120259
4023,9,0.2931842495980599
5007,9,0.17130175035146375
5853,9,0.08922997276339639
6925,9,0.11043884316956666
8225,9,0.05753765515375839
9097,9,0.06410033668403554
10167,9,0.054913622101256894
11209,9,0.037979173286889135
12241,9,0.033667156636404426
13218,9,0.033385409356766316
14012,9,0.03090685417093383
15017,9,0.025944203677737622
15821,9,0.026540912832548037
16843,9,0.03111375764457831
17880,9,0.038797410068977495
18932,9,0.06290247621810387
19571,9,0.06775468412201834
20860,9,0.07762306605306113
21918,9,0.07581051882791734
22966,9,0.07382778913199735
23982,9,0.16216466206897015
24699,9,0.053070809074928976
1745,9,0.2032030728744275
2293,9,0.48285120419437616
3135,9,0.42994850213591446
4028,9,0.40339390679200837
27900,9,0.10752548698794324
7146,9,0.09569906958198347
8012,9,0.11007146508095905
10171,9,0.1081644655928831
12246,9,0.050713328269041145
14821,9,0.040648835897300645
17677,9,0.041016369229336436
20005,9,0.09352007992373786
21923,9,0.09787656912046748
22971,9,0.15052176227632416
25551,9,0.17746011879781814
1645,9,0.30238310949787417
3141,9,0.6095764959928055
5018,9,0.524100112591475
7150,9,0.2688417132721157
9325,9,0.12271550286380771
10177,9,0.1250334853756002
13227,9,0.09226289290179374
14021,9,0.149817034108277
16854,9,0.2092311568979453
17890,9,0.22497799899348866
21928,9,0.2307050610002885
22976,9,0.27384470573038894
9111,9,0.12267213180487678
10181,9,0.13470048602138765
12255,9,0.08731879194210462
13232,9,0.09514557431431364
17895,9,0.284288583607124
18734,9,0.277489254510483
23996,9,0.27305353012349504
24880,9,0.2074479933653503
1279,9,0.08620822687483487
4042,9,0.5299690180197377
5027,9,0.5012357047173462
11228,9,0.16347083575831983
12260,9,0.09610184274593231
13237,9,0.07558739361770117
21937,9,0.14477247012909375
26278,9,0.19763854060470168
3155,9,0.5292878147709312
5032,9,0.5283877963445983
6949,9,0.1821759602987843
28017,9,0.19711230723669068
13243,9,0.10434367612813279
15845,9,0.1582845155758167
18744,9,0.08011736974397383
19810,9,0.08359389534237058
24889,9,0.13254554589684467
25731,9,0.20449673347980887
4833,9,0.6173676193370152
6096,9,0.38336048664101413
9126,9,0.09312422848223524
20888,9,0.16694600384192648
26287,9,0.21811305460503178
13253,9,0.23317801955394943
14851,9,0.2234222169196764
15855,9,0.2283067033468323
20893,9,0.1813494403949479
23000,9,0.09699496753877938
26293,9,0.16902994638637336
26709,9,0.18518630759635218
788,9,0.23234254637684618
1206,9,0.20406084133922678
4062,9,0.5576547570639707
13257,9,0.1499456941904731
14856,9,0.2584512464692063
15860,9,0.20569981151293515
16883,9,0.1498976412822294
17919,9,0.1352568302025211
21957,9,0.18476220807973623
24021,9,0.14580283079865078
25073,9,0.12872733963631686
1121,9,0.3188641154428863
6111,9,0.8535176325121137
12284,9,0.24161361566106304
14055,9,0.15789184697024164
14861,9,0.1873321219379589
18764,9,0.15090809038764033
23010,9,0.18072563530876817
24026,9,0.14908694039853626
25078,9,0.13736178347809072
25750,9,0.17173695217648338
520,9,0.2963800964023201
1215,9,0.39873949077618437
4072,9,0.9039173225175139
8274,9,1.0129904561302006
13083,9,0.09456666639071283
14061,9,0.17632179665678088
16893,9,0.1072582611619259
17929,9,0.12110663113999173
24031,9,0.16145072916984524
24914,9,0.1845936641808603
25754,9,0.14593827683881036
26724,9,0.1913978179033164
27093,9,0.9272994422461864
464,9,0.13548922421512413
1221,9,0.442349976981999
7194,9,0.38417734233302336
14871,9,0.18140494230241078
15875,9,0.12755323211954736
17934,9,0.11714344178696884
19840,9,0.13881669981543163
21972,9,0.08655902683923307
24036,9,0.1897856878459838
25760,9,0.16395048479695784
808,9,0.34358562771234985
1317,9,0.4825982856761536
2347,9,1.0164758347270475
3016,9,1.4084057024346404
12300,9,0.718792769469098
14071,9,0.27068509008657865
14876,9,0.25438207148133823
15880,9,0.15963369741145694
18779,9,0.12309563405685019
19845,9,0.10499671054130737
20918,9,0.0943797436756599
24924,9,0.12509014833264778
26733,9,0.20370158685691056
259,9,0.5684080554365244
1698,9,0.6529092757840467
2352,9,0.8128141749293752
3195,9,1.1954688934707753
5072,9,1.4688740438235153
6988,9,0.4654980597718169
8289,9,0.926242581849477
18784,9,0.16665591765172363
19850,9,0.1712315508950207
21982,9,0.1465792328260603
23030,9,0.06868933625552252
25098,9,0.07460685531999986
25769,9,0.05844416820479565
27108,9,0.09248578731797452
1236,9,0.39640432511965235
5076,9,1.8535854772815876
6994,9,0.4678345487553356
8075,9,0.6025088431679408
9166,9,0.626959481221906
13464,9,0.38764716839819363
16913,9,0.3685991918471865
20069,9,0.08394679968329886
21987,9,0.08816008162580997
23035,9,0.07750900735497375
24050,9,0.11860138124831529
25103,9,0.02688979429128445
25775,9,0.03266128260037424
27113,9,0.07439447847426633
270,9,0.5802088261816967
823,9,0.32106041629463167
3204,9,0.8488007238045905
4476,9,1.0040384557711945
8080,9,0.49083936089048485
10449,9,0.6147784110653641
14086,9,0.30774111508586377
16918,9,0.34614577820712406
23661,9,0.1387891459270193
25278,9,0.08366998060870828
25780,9,0.1884040758424654
229,9,0.5604875021378131
616,9,0.2017611973082767
827,9,0.2882072402811265
1245,9,0.3552696052426429
5086,9,0.9851505442576968
8302,9,0.5034649793614805
11287,9,0.49625442027579264
15899,9,0.3240258142517675
17958,9,0.40246843105440366
18799,9,0.4324797232177848
20937,9,0.1325956043598464
27122,9,0.12277805245675964
63,9,0.3326034716608262
494,9,0.066297544553315
4477,9,0.791877265631307
4881,9,0.9333855806535994
6150,9,0.9969085582413516
15904,9,0.26181975641239597
16721,9,0.3648693927369888
19654,9,0.42346154634819927
25789,9,0.15108480341706468
26758,9,0.1456284864296626
27127,9,0.19231828487068103
27411,9,0.21807602066007206
44,9,0.2587559186202118
238,9,0.09055804294033955
838,9,0.25521790425184593
4093,9,0.7301434648739353
4886,9,0.9384102622992443
11711,9,0.6255664787048875
16521,9,0.14191989873377447
21160,9,0.14854967674080208
25794,9,0.04081111643026115
26346,9,0.12917530122812432
27723,9,1.6533533594121628
16,9,0.29381040032669736
768,9,0.222522435196085
1728,9,0.5109811970405331
4097,9,0.8461408596754595
6160,9,1.0925353043018133
7451,9,0.7805619887135987
9190,9,0.6816519669130949
10260,9,0.8128107817800675
21165,9,0.07177966906151273
23059,9,0.1462899987979093
24759,9,0.15334739189893568
25943,9,0.04283085268421321
27468,9,0.467101478169685
27623,9,0.29371361493434545
27727,9,0.7797530853623817
27795,9,1.869881279265493
7,9,0.8016630966780393
508,9,0.08092501533339803
1266,9,0.3933728466990932
1733,9,0.5870769538858707
3377,9,0.6979111898498095
6377,9,1.0714118279115459
7889,9,0.6838483102954248
9195,9,0.8026451311178896
12339,9,0.7565759211194036
17355,9,0.17660422575843635
24064,9,0.289461174244086
24932,9,0.2838636437479737
26356,9,0.2802221136318513
26773,9,0.4385136465860707
27628,9,0.9936745756961178
27809,9,0.911081733310666
2,9,2.704045664007887
108,9,0.26098084326685167
852,9,0.28826260276573634
1738,9,0.45305150060446087
3208,9,0.8432002519517702
4107,9,0.9632668813901576
5744,9,1.0480288915019245
10269,9,0.9392519665413024
11312,9,0.9533591254760022
13322,9,0.7892241049840844
14115,9,0.6714656618779612
20104,9,0.1532444730817923
24069,9,0.24153417922034345
24936,9,0.3498713681823887
26360,9,0.5717097528305043
27147,9,1.005514334037463
27633,9,1.1168484576072806
6,9,1.6763049997486437
112,9,0.17229431448384053
258,9,0.4673588686758918
1275,9,3.570408037779691
2541,9,0.9811275624347003
3213,9,1.0408877741315798
4113,9,1.0583394349484578
8987,9,0.7867407064158547
10275,9,0.9215287306003547
11316,9,0.8733726922009025
13326,9,0.5286534609374212
14120,9,0.6562162381459204
17157,9,0.15010397500856476
24074,9,0.3568503474401542
24942,9,0.32177591037774034
25799,9,0.24245884130230874
26534,9,0.7597886436029211
27436,9,1.1437041068398512
27846,9,4.299232172510704
9428,9,0.970360173928395
10279,9,0.9218138872584302
12354,9,0.7959316143293097
13331,9,0.6789339765973833
14930,9,0.6670168188531984
16957,9,0.7988564574165943
17993,9,0.4495651486357885
18834,9,0.5304488753159287
20972,9,0.24992500873727316
22031,9,0.40936875659285277
25804,9,0.4794424799831492
26176,9,0.1582413458352145
26787,9,0.2734534952710376
27156,9,1.0189021101389761
27440,9,0.5967572109377814
1841,9,2.4163320471999694
10285,9,1.029885066866292
13336,9,0.5869346722009775
16962,9,0.7863213042063779
18838,9,0.4413430494990493
19904,9,1.1544671119564602
22036,9,0.8916953927233329
23084,9,0.5066036919549758
24952,9,0.1423856212882835
26361,9,2.130438589897282
27869,9,4.042958670634482
2394,9,1.1244450249744615
4127,9,1.0909768808099913
7048,9,1.2797772455222587
10290,9,0.893283373666152
11331,9,0.7781329535111412
14135,9,0.18726929324425295
18843,9,1.199334724792247
24089,9,0.4223403356691772
26274,9,2.095476837061222
3230,9,0.7695695513557989
5134,9,0.959651418426275
6195,9,0.944754383731291
11336,9,0.371122933897737
13346,9,0.08361318025223446
14945,9,0.26016855026553615
18008,9,0.3262580379875722
24094,9,0.9477331765646013
28189,9,0.2986530934665201
3235,9,0.24577583540801792
8141,9,0.5130608605259308
12374,9,0.3879266454687594
13351,9,0.22181213956917425
15954,9,0.7518250043681903
18013,9,0.5290826419987555
24099,9,1.0333562148490325
24967,9,1.1152728249146961
25483,9,2.8026335068241006
2721,9,0.12705618074887906
4141,9,0.4882958973185599
8145,9,0.5200492995958602
10305,9,0.46655398420620886
12378,9,0.4436691431123416
20996,9,0.5301976553178485
22055,9,0.5933086575559336
23103,9,0.8476271942787792
24103,9,1.0415468935747239
24971,9,1.140181494837144
25487,9,1.9689747447000148
2557,9,0.15116677407076604
3244,9,0.15456785642063112
6209,9,0.48650515434095293
9239,9,0.4717201615122416
13360,9,0.14133557437877814
14959,9,0.8342202188340436
15963,9,0.6323193800274632
18022,9,0.6462547752322394
18862,9,0.5785630092351746
21002,9,0.6421625626274449
22060,9,0.7683809523092107
24108,9,1.0105371203599305
24976,9,1.1285516765991677
25654,9,3.0236045962944345
2396,9,0.2621480878396842
3250,9,0.2692724682755763
8154,9,0.46960919953278984
10313,9,0.4873080997896165
11356,9,0.4414129854251551
12388,9,0.16141962677510435
13365,9,0.6629141368245327
21006,9,0.679033734899514
22065,9,0.8421229323306725
24981,9,1.0847358284920918
2401,9,0.3219586620954489
3254,9,0.3840963834673621
4156,9,0.39503717355197787
12393,9,0.2118332665659186
13370,9,0.6613917734804518
15973,9,0.53990040664322
24118,9,0.9570059553899246
24986,9,1.0753976584594487
25819,9,2.5676364891658183
7082,9,0.3913666887181157
8164,9,0.4426720470886429
10324,9,0.4093929115171717
12398,9,0.2781293226630325
13375,9,0.420372015554867
14974,9,0.45241499009014124
15978,9,0.5621973003357271
18877,9,0.4586422604908331
19944,9,0.6578864929423908
23123,9,0.9311930849932385
24123,9,0.957576413249034
24991,9,1.096718690069454
2411,9,0.3983914323197008
3089,9,0.39930579963503054
4166,9,0.3710781179257628
6229,9,0.3968939800197794
8169,9,0.4554582512685487
13380,9,0.27738527643665517
14979,9,0.36346898245263665
15983,9,0.47425585735397385
18042,9,0.44363207252563297
22080,9,0.8634713027524354
23337,9,0.9368500976144909
24128,9,0.9840855129085853
2416,9,0.3995445682440624
3269,9,0.41746281423030374
6234,9,0.4073159665909819
8392,9,0.3762406866929227
10334,9,0.34629018604144296
11583,9,0.17758462634626326
12408,9,0.15199420551645693
13200,9,0.21060746392379553
14984,9,0.2568481965529629
15988,9,0.39940705846710656
18047,9,0.4757891118798718
23133,9,0.9046162782028286
25002,9,1.1039692070624567
25826,9,2.8897262045740186
5179,9,0.33942547418391855
8179,9,0.3447881666272386
10340,9,0.2223597357494956
11381,9,0.19486367819993505
12413,9,0.21595198367027513
14989,9,0.12364548242316192
24138,9,1.134424041468443
25006,9,1.1098380436933668
25831,9,2.5500635665775064
1962,9,0.23850805034028355
2426,9,0.3865153746155261
4181,9,0.3182164125695148
5184,9,0.3666103718820074
7318,9,0.25333215547033294
9274,9,0.18372580354366966
10344,9,0.1415776860047349
11385,9,0.16648345186578206
12417,9,0.20374529907782307
14993,9,0.19222187616538897
18897,9,0.5293575921960877
21036,9,0.7679700958119223
23143,9,1.1893363529880807
25011,9,1.1159772576859555
25836,9,2.010296125166987
2431,9,0.30219010180491296
5189,9,0.3092377149141765
7107,9,0.17080461249937243
9279,9,0.14059670286330067
11391,9,0.16164331604109738
12423,9,0.1772796959844646
14453,9,0.06543264577084298
14998,9,0.21622294333619654
16003,9,0.34368620286539603
21041,9,0.680372184816488
25016,9,1.1123826529242637
25841,9,2.105549645909404
1845,9,0.19001980671478533
2436,9,0.1717737949039198
4190,9,0.22087211597153011
11396,9,0.11205429839891887
12428,9,0.08547258784435552
14299,9,0.10561926291049809
15003,9,0.22055814730416498
18067,9,0.43216325910219555
19119,9,0.5252872044269601
19973,9,0.6203211805268815
21046,9,0.7508763185589268
25021,9,1.0181090339416765
25846,9,2.488446074916213
4010,9,0.1880810580085822
4990,9,0.09694736431742493
7117,9,0.02953928580355989
11401,9,0.11001573595671328
12433,9,0.07648418695073045
28001,9,0.24337848728472017
15008,9,0.2666343435284735
18072,9,0.468727518526239
18912,9,0.5742833515425076
24158,9,0.9908634106504225
25026,9,1.0095259825381495
25851,9,2.607703754938068
1741,9,0.24730515767182956
12438,9,0.118486609303141
13393,9,1.519444120019889
15013,9,0.22974529460104728
15815,9,0.24255684258902802
17040,9,0.4730175326948135
18077,9,0.5829938660965371
18917,9,0.5899314470441156
19983,9,0.8565797822287748
22115,9,0.860791270420883
24163,9,0.9626232533745931
25031,9,1.026911178660348
27857,9,1.7077866213287454
2288,9,0.16498285007956387
4205,9,0.14286885706549202
7126,9,1.3597341661120688
8209,9,0.7539227797878106
9298,9,0.12375655485639799
27967,9,1.1272113225942413
27981,9,2.1191591578626445
28051,9,3.300697203357498
16225,9,2.8725832993300897
21060,9,1.012098371237503
22118,9,0.8281781243548052
23166,9,0.88643501816403
24166,9,1.269197421855096
25035,9,3.9506555106489514
25860,9,4.0687793376630434
27918,10,0.018638053781749528
8211,10,0.01661912792442497
9083,10,0.008773776977500798
28125,10,0.0379849226150273
20418,10,0.05122139052418963
5210,10,0.09445551336815376
6057,10,0.07119070794646357
7130,10,0.044934953830788764
7997,10,0.04484804663616643
9087,10,0.0382459727694564
9948,10,0.020506390105463238
18291,10,0.05001561346685809
18922,10,0.06044014697559252
19776,10,0.06833254737239049
20849,10,0.07333381276916374
21908,10,0.0748638714512885
22958,10,0.06720073721194371
3482,10,0.24953128283772713
4019,10,0.12904707370935292
4798,10,0.09921674870818478
5849,10,0.06350715757503779
7136,10,0.0536742858734154
8002,10,0.052009467456186835
9092,10,0.04881739406580349
10161,10,0.026917713464071964
11204,10,0.018981568897885683
12238,10,0.0266603801162801
16840,10,0.030647699248773093
17874,10,0.034779745739423
18716,10,0.06191173265560514
19565,10,0.06385576472900609
20854,10,0.07403102570193518
21913,10,0.07804368756330826
22961,10,0.08790329658768299
23977,10,0.020091464697413793
2451,10,0.3741593249664541
3131,10,0.3417671266048803
4023,10,0.277277287150598
5007,10,0.17614035425730787
5853,10,0.1001215943910031
6925,10,0.07778734273999711
8225,10,0.07310369372356246
9097,10,0.08485828517661331
10167,10,0.07854869454889665
11209,10,0.04771770954441046
12241,10,0.03883491518561999
13218,10,0.046772743296013525
14012,10,0.045782942873908855
15017,10,0.04212848206938467
15821,10,0.04319361470802458
16843,10,0.052059520153967094
17880,10,0.061184274875199375
18932,10,0.09103623791907867
19571,10,0.09600677643892722
20860,10,0.11062434552164754
21918,10,0.10808094111386285
22966,10,0.10400446937159775
23982,10,0.20364252085525222
24699,10,0.07656029839964146
1745,10,0.13635303146963493
2293,10,0.4100850163842057
3135,10,0.3761116461001862
4028,10,0.36613054716806576
27900,10,0.09578631655254437
7146,10,0.08680112274697113
8012,10,0.13059109415723674
10171,10,0.09629981716233808
12246,10,0.07101353083897141
14821,10,0.05967089793545036
17677,10,0.08467574535979983
20005,10,0.1174307241805372
21923,10,0.13673024907050638
22971,10,0.1468046701128654
25551,10,0.22883851009169465
1645,10,0.202293944302255
3141,10,0.5500411920356495
5018,10,0.4774117622848875
7150,10,0.15530336647745788
9325,10,0.135536643580234
10177,10,0.14929927043130423
14021,10,0.07719799652976218
16854,10,0.14554303940012464
17890,10,0.10417182329108639
21928,10,0.12335817701471284
22976,10,0.10263576827537535
9111,10,0.14996313997186456
10181,10,0.10453831807547274
12255,10,0.061914777188123826
13232,10,0.06969341319030276
17895,10,0.13826758227595626
18734,10,0.11143072529413525
23996,10,0.0683856297265268
24880,10,0.22802666555670265
1279,10,0.28756012347630816
4042,10,0.5296370173860563
5027,10,0.5599618577057259
11228,10,0.17169116860475706
12260,10,0.11583025800324138
21937,10,0.22281614664947758
3155,10,0.5727028228831371
5032,10,0.49720318580771855
6949,10,0.15579707050231067
28017,10,0.4722595930170349
13243,10,0.16332437518643017
15845,10,0.10341103644446156
18744,10,0.2834582037362611
19810,10,0.2765105050702391
21942,10,0.18456174495579883
24889,10,0.20444209309866412
25731,10,0.25392790986353153
4833,10,0.5512051958921382
6096,10,0.6298478402798766
9126,10,0.2678444207852005
15850,10,0.06352645295299422
20888,10,0.2556290514523276
13253,10,0.08890585642469023
14851,10,0.33070377468765727
20893,10,0.3022021995066328
23000,10,0.10991146865202571
26709,10,0.19672148405313303
788,10,0.18477371338385404
1206,10,0.2926675958069271
4062,10,0.6560802074273974
13257,10,0.1629751304093595
14052,10,0.220873162220301
14856,10,0.28661669524228495
15860,10,0.27958595250368207
16883,10,0.1033689679536413
17919,10,0.1413358721108659
24021,10,0.07771303263039563
25073,10,0.11966253356467603
1121,10,0.27397178097184033
6111,10,0.4924310764880072
12284,10,0.44276808007612845
14055,10,0.2018449645673658
14861,10,0.2335893944141911
18764,10,0.1783990985663655
19830,10,0.26264988601249195
23010,10,0.22880170232174293
24026,10,0.12022768270786702
25078,10,0.1062096025951668
520,10,0.5189946500840344
797,10,0.1767081418410036
1215,10,0.2707101492396514
8274,10,0.6612441877800228
13083,10,0.1758186596018845
14061,10,0.22066441457768313
16893,10,0.16172492889273737
17929,10,0.11212926348614889
24031,10,0.18149837638379948
24914,10,0.09313532167934788
25754,10,0.029498006704567575
26724,10,0.04735877596458086
27093,10,0.8871310856820848
464,10,0.4562075204323254
1221,10,0.32082282423901937
1689,10,0.357838000428749
7194,10,0.5075194418339689
13087,10,0.29077128811562303
14871,10,0.3074495849181236
15875,10,0.17904519850193418
16898,10,0.17961930471869875
17934,10,0.13472950280207432
19840,10,0.21404864633559578
20913,10,0.2838817048779493
21972,10,0.22411298964509777
23020,10,0.2605441510089904
24036,10,0.22864109263634105
25760,10,0.02842497201017869
26312,10,0.003924913736882125
808,10,0.24172390241386318
3016,10,0.6921212033737895
8065,10,0.6470868531479124
12300,10,0.6414975536247173
14876,10,0.3622475575836865
15880,10,0.17915136411559313
18779,10,0.16555408404886868
19845,10,0.20567333880300318
20918,10,0.254853693864917
24924,10,0.19086901921281502
26733,10,0.1921244845660444
259,10,0.213418231110946
812,10,0.3506014462890595
1698,10,0.47271669366917257
2352,10,0.4985603993480651
6988,10,0.39467093298202627
8289,10,0.652875497408582
18784,10,0.15369384618024026
21982,10,0.3615503722763777
23030,10,0.2975350718547989
25098,10,0.1069885092336363
25769,10,0.02629270898219474
266,10,0.5826428187606262
5076,10,1.2476653657158305
6994,10,0.2967109886567916
8075,10,0.41583332264219103
9166,10,0.36513681741869214
11277,10,0.6981657131910074
13464,10,0.36136900119681387
15890,10,0.5322262327177519
16913,10,0.30346322614639937
21987,10,0.09033290644669598
23035,10,0.1549421464527099
25103,10,0.06458613541819641
25775,10,0.14694626592590324
26326,10,0.13495954223668935
27113,10,0.19282560004049487
270,10,0.6804192368238016
823,10,0.4414783205343623
3204,10,0.6996643555818836
4476,10,0.5954126378498472
4877,10,0.640084216110002
8080,10,0.4507219080716746
10449,10,0.41083483523470793
14086,10,0.3547090147911099
16918,10,0.28334013920141676
19860,10,0.10362275475605438
23661,10,0.0055265682566848886
25278,10,0.13893664749989199
25780,10,0.19135876611745423
26748,10,0.23413833274425908
616,10,0.3540348127673944
1245,10,0.47673481276440954
5086,10,0.7624015662518946
8302,10,0.3473093443810032
11287,10,0.42114135935498903
15899,10,0.3408058051101408
17958,10,0.15001034141311062
18799,10,0.3633735176980257
63,10,0.7212019895368775
2371,10,0.7329065385647061
4477,10,0.8151753278905118
4881,10,0.9024861233134821
6150,10,0.8807338983657137
11706,10,0.3965948014071028
15904,10,0.526573425905303
16721,10,0.6024186478562881
19654,10,0.38621920853486397
23050,10,0.24851298229160398
23860,10,0.21671585220371611
25789,10,0.3040297946376943
26758,10,0.2764852404355941
44,10,0.577372883518056
838,10,0.5421127339734797
4093,10,0.8734617779409496
4886,10,0.9709966513677913
6155,10,1.0347257950736481
11711,10,0.21582867640917408
16521,10,0.5427355205771064
25794,10,0.27897547615092194
26346,10,0.34795250634070063
27132,10,0.23950937886777246
27723,10,0.9496603666915459
16,10,0.6985979137539065
768,10,0.524680658432828
1261,10,0.7704824628673315
1728,10,0.7072008430531046
6160,10,1.1588008928208584
7451,10,0.7446365241194078
9190,10,0.3052208786692291
10260,10,0.4684846350822211
21165,10,0.37798630591737536
24759,10,0.16802268288562444
25943,10,0.3558739454399924
27623,10,0.2700704083957837
27727,10,0.39306526376883816
27795,10,0.4946909660748165
7,10,2.433342408249477
508,10,0.48093068090450525
1266,10,0.7242484672978999
1733,10,0.7536904303109776
3377,10,1.007923272323915
5105,10,1.187056740339553
6377,10,1.1752598044835376
7889,10,0.6209995840097439
9195,10,0.5228325116506879
12339,10,0.34270797196253416
13317,10,0.47438941398847206
17355,10,0.5274335644325754
20957,10,0.4063982323623896
23064,10,0.23711876057404968
24064,10,0.23167810497214394
24932,10,0.12935874449740092
26356,10,0.4752794940464168
26773,10,0.4421959633937585
27628,10,0.5110665560109819
27809,10,0.5741591286689258
2,10,3.3398658114203874
852,10,0.7242702532810965
1738,10,0.8419137309231124
3208,10,1.1537158835677315
4107,10,1.2106514392779657
5744,10,1.1824112952285881
10269,10,0.6601404271420951
11312,10,0.6688123445003656
13322,10,0.2687039906197162
14115,10,0.22488542907212303
20104,10,0.5034871495735626
24069,10,0.26689735261674946
24936,10,0.13042615742348757
25631,10,0.13996649227890595
26360,10,0.5730746660242982
27147,10,0.48613179328109796
6,10,2.409447111603273
112,10,0.8649392886769692
258,10,0.875730059385749
1275,10,2.964827177106018
2541,10,1.173103367133787
3213,10,1.2406762993431406
4113,10,1.189854135485141
8987,10,0.6646837507686503
10275,10,0.7169805105387286
11316,10,0.6562647906309061
12349,10,0.3979744896567174
13326,10,0.16751196945078098
24074,10,0.27177540967723496
24942,10,0.18890493727214738
25799,10,0.08604479343269818
27152,10,0.5696342648579087
27436,10,0.7224665885750335
27846,10,4.19345218826128
9428,10,0.7286062790850858
10279,10,0.6902465816811506
13331,10,0.8097909553225215
14930,10,0.6869942552025236
16957,10,1.3938181335557192
18834,10,0.5066919821326579
20972,10,0.31735654824962384
22031,10,0.26974116590103964
25804,10,0.08080398739938954
26176,10,1.152613068795149
26787,10,0.9300755185656717
27156,10,0.7490016718452254
27440,10,1.31645108203588
1841,10,1.2338646025642743
6399,10,1.0277572194225943
10285,10,0.8434253508117875
13336,10,0.6876994042777309
16962,10,0.9977688649695683
18838,10,0.7645605801393023
19904,10,1.0181835487951632
28131,10,1.065620613401143
22036,10,0.8477615864368322
23084,10,0.37020701727717203
25809,10,0.18040355412131243
26361,10,1.8085560693410678
27869,10,3.5646600528755474
2394,10,1.0303095820440686
3228,10,0.9325728511748483
4127,10,0.894921866701842
7048,10,0.9605712801427467
9220,10,0.8225509303528649
11331,10,0.790366763085843
14940,10,0.6156772450513515
18843,10,1.2706416039956752
24089,10,0.7064164441039064
24957,10,0.12745105147697866
3230,10,0.4902784748511046
5134,10,0.9260154703543374
6195,10,0.9209472336037897
11336,10,0.9439833258721582
13346,10,0.8059183306132413
18008,10,0.8463888466308116
24962,10,2.4182627859154207
28189,10,0.038109114295951596
3235,10,0.38815943921906626
4137,10,0.7125289003400743
8141,10,0.8837855752420801
10300,10,0.920547848273827
12374,10,0.878473916361025
13351,10,0.8673684443495692
13858,10,0.8023254629244442
18013,10,0.5011975758684902
22051,10,0.45190658114057847
24967,10,0.1030791173402566
25483,10,2.805865020037509
2721,10,0.2965526954071034
4141,10,0.6496359530488384
10305,10,0.8491091111159946
12378,10,0.8053972129954087
13355,10,0.7191777682228884
22055,10,0.2678453590323024
23103,10,0.18096307417238774
24103,10,0.09477345939363292
24971,10,0.0727719109573461
25487,10,1.807994570591608
2557,10,0.4339711452930039
3244,10,0.3769602610647849
9239,10,0.7970881435536948
12383,10,0.5304204601135597
13360,10,0.262901170882335
14959,10,0.07441825847281205
18022,10,0.3127152486302737
18862,10,0.3518075775878704
21002,10,0.20522559615361793
22060,10,0.18859119391734697
24976,10,0.1264852448037608
25654,10,2.6782372508124976
2396,10,0.47532091512571945
3250,10,0.35547219944085084
8154,10,0.7174690095579057
10313,10,0.7580354853389814
11356,10,0.5347083855947516
21006,10,0.20594422414872138
22065,10,0.12819217755718676
24981,10,0.17916201589648106
2401,10,0.387904164361442
3254,10,0.39093393641862334
4156,10,0.4650715692043596
6219,10,0.60655507700187
8159,10,0.6748728954920684
11361,10,0.4198547756259852
12393,10,0.05059137297085694
13370,10,0.03807884506904382
15973,10,0.2687006289661862
18872,10,0.2724363815507826
22071,10,0.1309906564969753
24118,10,0.06824331625167684
24986,10,0.17552927717141673
25819,10,2.2607238314625877
3259,10,0.38448955986959416
7082,10,0.5796948350187261
8164,10,0.5998853857661325
9472,10,0.6602022611894649
10324,10,0.5149075087792443
12398,10,0.07516878580822497
13375,10,0.15233981882242198
14974,10,0.12698612242074284
15978,10,0.23783020551021825
18877,10,0.28280474854890164
19944,10,0.20391591274664936
23123,10,0.16420692202328696
24123,10,0.15980498007864705
24991,10,0.14315155255805706
2411,10,0.23417542043606082
3089,10,0.26876734609726965
4166,10,0.31368897691195097
6229,10,0.4520414688427184
8169,10,0.5631926668564237
12403,10,0.2913132230438208
13380,10,0.19609377049091087
14979,10,0.1633405780298721
15983,10,0.25836535465596927
18042,10,0.3063991124944089
22080,10,0.15047604920709107
23337,10,0.14967032084527307
24128,10,0.1858894532713467
2416,10,0.1595621825548634
3269,10,0.22232565647848343
4171,10,0.28773799304375525
8392,10,0.5407968858552374
9264,10,0.4973759327807673
10334,10,0.44333216438923156
11583,10,0.39612932123657935
12408,10,0.318479852569149
13200,10,0.22341808345748757
14984,10,0.44731209605583283
15988,10,0.3396519241316631
17011,10,0.32255869751661614
18047,10,0.254627742955915
23133,10,0.20966590323066683
25002,10,0.2009586359502371
25826,10,2.4676918319741095
5179,10,0.3763474235411209
6239,10,0.41301230326313165
8179,10,0.507942818152879
10340,10,0.4332667054651244
11381,10,0.4425977543046133
12413,10,0.3426779581156689
14989,10,0.4257189831453939
22090,10,0.1856987481099759
23138,10,0.1495356885667403
24138,10,0.17038404528071974
25006,10,0.2287347999910621
25831,10,2.0315318937813767
1962,10,0.19601997721207778
2426,10,0.26205747615413644
4181,10,0.33229222411495096
5184,10,0.37463995482044327
7318,10,0.5185336159910698
9274,10,0.43391651165493234
10344,10,0.4184397196041436
11385,10,0.4005510034747054
12417,10,0.3341870935520026
18897,10,0.23349523544873488
23143,10,0.4941206888277853
25011,10,0.15065721863566345
25836,10,2.1371641865545734
2431,10,0.32108285018317007
5189,10,0.4279111148952453
8189,10,0.4180471219307645
9279,10,0.3986207115287118
11391,10,0.3968740316603716
12423,10,0.37341821344877657
14453,10,0.46108696939714966
14998,10,0.41523045084391574
16003,10,0.3580762510237351
21041,10,0.21681433333935216
23148,10,0.09367020627016222
25016,10,0.2339668299351061
1845,10,0.2024158524751454
2436,10,0.2720638952765032
4190,10,0.3235316716874545
6039,10,0.42443950652115864
7113,10,0.3981805479264321
11396,10,0.4477133559717107
12428,10,0.3821247678246834
14299,10,0.5215076825219602
15003,10,0.3911646278164161
15806,10,0.3283417438725425
19973,10,0.21874932399361033
21046,10,0.27656738859176205
25021,10,0.17091280632837583
25846,10,2.4334828769705985
3119,10,0.28327454797269186
4010,10,0.3195767106930104
4990,10,0.3895320637126193
6259,10,0.43781665034387557
7117,10,0.35100853366609897
11401,10,0.38140755463601256
12433,10,0.3907617510490703
28001,10,0.4218474005726644
15008,10,0.3825072227860903
17036,10,0.21126256566717375
18072,10,0.18310045840423878
18912,10,0.25421849152363646
23158,10,0.09186133554238134
24158,10,0.05930950521459727
25026,10,0.11538307232950985
25851,10,2.5101028679235577
1741,10,0.794758790559453
4200,10,0.28502453161534935
10364,10,0.3998185584002006
12438,10,0.37355906046988224
13393,10,0.4111660640319944
15013,10,0.4641439733954876
15815,10,0.30731675157335414
17040,10,0.14354123212415662
18077,10,0.08536758943809232
18917,10,0.15862868391886842
19983,10,0.10942400758826447
22115,10,0.09230319567963038
24163,10,0.05960961225070364
25031,10,0.12291869489932639
27857,10,2.502264294161549
2288,10,0.9260125482057632
4205,10,0.26389169660347683
7126,10,1.8204094050704338
8209,10,0.6551345227548729
9298,10,0.34440700847007216
27967,10,1.4390330122328843
27981,10,0.37054877838684525
28051,10,1.5149478458815386
16225,10,2.982579820480015
17045,10,3.911359797475457
21060,10,0.1968168279971522
22118,10,0.1121332758561953
23166,10,0.21690590724353623
24166,10,1.189328783355091
25035,10,3.4034429481417803
25860,10,4.068960298016717
27918,11,0.0069336363007817875
8211,11,0.010699009498563101
9083,11,0.005292619825621254
28125,11,0.042937773123241985
20418,11,0.05335910160560519
5210,11,0.052053935215840945
6057,11,0.04658654719222349
7130,11,0.032458244835069656
7997,11,0.033845268771557656
9087,11,0.03483879823638743
9948,11,0.020700462701967265
18291,11,0.06719841407555541
18922,11,0.07742608844581275
19776,11,0.08030621729691702
20849,11,0.07883608457497798
21908,11,0.07312625256301411
22958,11,0.0664593856148327
3482,11,0.08297655866173344
4019,11,0.04451115459808737
4798,11,0.043407055852638265
5849,11,0.04165393730656718
7136,11,0.03767235782480005
8002,11,0.03824369849914124
9092,11,0.04139483235181387
10161,11,0.02442745541221904
11204,11,0.018307979707607554
12238,11,0.024749515449330236
16840,11,0.03929287794860188
17874,11,0.04736965373662836
18716,11,0.0790576688804199
19565,11,0.07932176288383529
20854,11,0.08249300461809865
21913,11,0.08373867991782541
22961,11,0.08662320549850265
23977,11,0.005390145549547898
2451,11,0.10111131404433732
3131,11,0.10387517851678155
4023,11,0.10532599554177492
5007,11,0.07658412647286034
5853,11,0.06471832778996803
6925,11,0.05763240386961332
8225,11,0.0573803318559418
9097,11,0.06113564468712148
10167,11,0.05842314006393459
11209,11,0.037492040810109366
12241,11,0.03216834194087117
13218,11,0.03767078474870444
14012,11,0.036498779905026923
15017,11,0.04610043445144795
15821,11,0.04894722189288237
16843,11,0.0585588504653778
17880,11,0.07045392707241732
18932,11,0.10723073982549115
19571,11,0.1116103172902298
20860,11,0.12077652017747732
21918,11,0.11625970687369025
22966,11,0.11366084773371754
23982,11,0.21362664665892903
24699,11,0.08093472198030889
1745,11,0.027625398946403104
2293,11,0.12626231443641886
3135,11,0.12308646441405327
4028,11,0.10479012955769615
27900,11,0.07518393641818537
7146,11,0.07328159669332909
8012,11,0.0729752770098276
10171,11,0.0713883619907618
12246,11,0.055314110862077714
14821,11,0.05813959978103772
15826,11,0.0627941985711106
17677,11,0.10300473711412352
20005,11,0.12870768727584725
21923,11,0.14104678014285377
22971,11,0.08760519745655623
24870,11,0.22352899298556375
25551,11,0.2308228325022903
1645,11,0.03814088746684936
2298,11,0.10067275918724225
3141,11,0.10510234384841385
5018,11,0.13970522459570603
7150,11,0.07867696891818085
9325,11,0.09931255272078077
10177,11,0.07788194857444065
11219,11,0.08313008449191163
14021,11,0.08734154672812983
16854,11,0.11449854899904986
21928,11,0.17177342426318054
22976,11,0.2534193532173181
9111,11,0.07726349481127849
10181,11,0.0899346894333063
12255,11,0.1090234672837341
13232,11,0.09120093047992853
17895,11,0.18025663473574846
18734,11,0.1925917413037867
24880,11,0.49380864140843245
1279,11,0.42870663689950267
4042,11,0.22068299896917798
5027,11,0.14496537639759388
11228,11,0.07811362830675808
12260,11,0.09134876841548224
21937,11,0.19078747655693837
1191,11,0.5569601685901646
3155,11,0.14166932357321152
4048,11,0.2179220566094953
5032,11,0.19011663263582032
6949,11,0.16898998440138002
9340,11,0.11766995461163907
11233,11,0.05040098909288893
28017,11,0.12611331421048072
13243,11,0.19738688766017262
15845,11,0.15408077697181655
19810,11,0.1800047933582207
20883,11,0.17207965130023647
21942,11,0.2005524245579732
24889,11,0.9618704745006293
25731,11,0.7440110931728848
4833,11,0.16006552385999875
6096,11,0.2245487030293908
15850,11,0.18005161616126392
4246,11,0.22074725458812686
14851,11,0.14719420382483506
23000,11,0.40405432635431654
788,11,0.5239444834928878
4062,11,0.5418363380708228
6106,11,0.8401391445977905
13257,11,0.1862134498437246
14052,11,0.18484692347950424
14856,11,0.1640427769196005
15860,11,0.1767768307752736
16883,11,0.2472415968216753
17919,11,0.2749088923092208
24021,11,0.43094764160441
25073,11,0.46102415018694554
794,11,0.31212175283474664
1121,11,0.21206571156295892
6111,11,0.5485415585612192
12284,11,0.21799771442381874
14861,11,0.2351566650350705
16888,11,0.2013195684206447
18764,11,0.29941537774681193
19830,11,0.3851417887607019
23010,11,0.39636940949344407
24026,11,0.4118202907745214
25078,11,0.43894782592373294
520,11,0.4599706771963685
797,11,0.43606655479448
8274,11,0.6349661555952687
9146,11,0.5323068883683331
13083,11,0.20271245001928745
14061,11,0.25390300652023623
16893,11,0.2592129887100627
17929,11,0.22431360712584086
24031,11,0.41455132391939475
24914,11,0.4244364683931924
25754,11,0.42579111876679243
27093,11,0.904861904402326
464,11,0.42994980267088245
1689,11,0.3484039855433668
7194,11,0.7492103663422541
14066,11,0.23089916866907392
14871,11,0.2791356836389603
15875,11,0.28480894947518115
19840,11,0.3159390319665705
21972,11,0.40877522361832114
23020,11,0.40281329698896373
24036,11,0.4091179737316088
26312,11,0.2948869637674088
808,11,0.20536648651105524
3016,11,0.26595712980897307
7200,11,0.7022757318254427
12300,11,0.2638829992997791
15880,11,0.3240303831586744
19845,11,0.22750961506379774
20918,11,0.29110862587608266
24924,11,0.24503398125506395
26733,11,0.38461049579190415
259,11,0.6857114623569576
812,11,0.1999975543721502
1698,11,0.16358709499498902
2352,11,0.23763724513733078
6131,11,0.2512843414273129
6988,11,0.46252175992819616
8289,11,0.7460828554212287
9161,11,0.8660920937982909
17944,11,0.30951263332622164
18784,11,0.317853635077126
21982,11,0.38050813617501145
23030,11,0.37058957626520683
25098,11,0.2857876338493959
25769,11,0.07061190419806501
26321,11,0.10750219629811311
26739,11,0.11188134028576702
266,11,0.6466066238798399
6994,11,0.775484279937804
8075,11,0.42292795737686195
13464,11,0.2935157014096197
14886,11,0.418234809504462
16913,11,0.3527326363567301
21987,11,0.16985041093384606
23035,11,0.19531215470424762
25103,11,0.3526805178749722
25775,11,0.1044642354167208
26326,11,0.1225404975971865
26744,11,0.13311602496048555
27113,11,0.11824053366902834
823,11,0.23186705493873097
3204,11,0.2480191657844868
4476,11,0.475199042280207
4877,11,0.5192249511129591
8080,11,0.8011116842957622
10449,11,0.7095228687914987
16918,11,0.33043083882056834
19860,11,0.27203609293229586
23040,11,0.15026682828878615
23661,11,0.1747483233686903
25278,11,0.3875570620652739
25780,11,0.1180051573891994
26748,11,0.11744081847969286
27532,11,0.30178044659560954
113,11,1.04043000963555
616,11,0.4011804146087591
1245,11,0.22054977389425778
5086,11,0.5710562553219121
8302,11,0.6835381254654816
10246,11,0.719524450129021
11287,11,0.9049731213953713
15899,11,0.43723168091993914
17958,11,0.3117089376930118
18799,11,0.6493952376161942
19863,11,0.3830047041142627
26753,11,0.10527078046070154
63,11,0.9345866961284631
1718,11,0.4579817576591359
4477,11,0.41725975654209624
4881,11,0.6402433691192421
11706,11,0.9197102554233364
15904,11,0.5310034844460914
16721,11,0.5956631590877364
19654,11,0.7081627725264229
20942,11,0.6230428163640456
22002,11,0.40779673514658
23050,11,0.3699222373785921
25789,11,0.14880676721638356
26758,11,0.06317832727862624
44,11,1.0917490520975297
560,11,0.5705559286345959
838,11,0.5118280348400861
2376,11,0.509814196418073
4093,11,0.4319369838511941
6155,11,0.8448380506771076
11711,11,0.7340031414169526
23055,11,0.23054677436317214
25794,11,0.18717650987232462
26346,11,0.1398510667205002
26763,11,0.04583553868341151
27132,11,0.06209127612189641
27313,11,0.06728242415266329
27723,11,1.8351510653442702
16,11,1.6034395331474338
131,11,0.7009488130347006
1728,11,0.6447935800040099
6160,11,0.8839868853887907
7451,11,0.6271320388575202
9190,11,0.8560079968225643
10260,11,0.695039678332834
21165,11,0.6404536723811469
24059,11,0.2555534887921174
24759,11,0.2872400782852809
25943,11,0.13353207775793974
26352,11,0.19065792017318908
27623,11,0.2548611552727071
27727,11,0.3298322478579667
27795,11,0.8495620115570323
7,11,3.54441055245213
508,11,0.7027715628633285
847,11,0.8088755209127814
1266,11,0.7780580032264072
3377,11,0.5334645364486522
5105,11,0.852657840080524
9195,11,0.7833119859023239
10265,11,0.7938340755458102
12339,11,0.8176640713235361
13317,11,0.9507859495635197
17978,11,0.5945387527753051
24064,11,0.14034394320514634
24932,11,0.3445718497927169
26773,11,0.11287238889648672
27628,11,0.28423887527375663
2,11,3.8969317596550797
852,11,0.874973864852992
1738,11,0.8259136182123986
3208,11,0.7427476718881217
4107,11,0.7874300771406794
5110,11,0.8514928146214011
10269,11,0.7715663473501835
11312,11,0.8034579927786039
13322,11,0.7197673835943185
20104,11,0.6965152313303141
24069,11,0.11005609910725882
24936,11,0.31650175559690447
26360,11,0.15984454988837662
27147,11,0.5457641031324603
27814,11,0.5266016535579082
6,11,3.828438187222148
258,11,1.2765501192721547
518,11,1.2601502079904363
1275,11,2.0153679095891004
1550,11,0.8943769661304501
2541,11,0.7834047053102913
3213,11,0.8042494832746104
4113,11,0.7061145607551288
8987,11,0.4130735954728983
10275,11,0.6297285763968153
11316,11,0.5804255520147467
12349,11,0.5432509497463374
13326,11,0.5455032305412697
24074,11,0.284225123029724
24942,11,0.20081280178015326
25799,11,0.3210101356876389
27436,11,0.4725816992188065
27818,11,1.5094909967511814
27846,11,2.4761742747274904
2385,11,0.7958861937608716
8120,11,0.3536569634318053
9428,11,0.26688974606054133
10279,11,0.30574077402569544
11322,11,0.4664461745459814
14930,11,0.20010952052305567
16957,11,0.7413440335725381
18834,11,0.7226930816130729
22031,11,0.5322605014792612
25804,11,0.2956096525215025
26176,11,1.7119394795099443
26787,11,1.6629313506931316
27156,11,0.8057010707491981
27440,11,1.2033859467599868
1841,11,0.7088143587065198
2390,11,0.7499235015478379
5125,11,0.7807085703582263
6399,11,0.7463520869222042
10285,11,0.4845220385257146
13336,11,0.19968657174803564
16962,11,0.5976567353193815
17998,11,0.7210078298280284
18838,11,0.7640248759141481
28131,11,0.5618100172125247
22036,11,0.4066392159226127
23084,11,0.3149060364434327
25809,11,0.3520253985087023
26361,11,2.1679277259123295
27869,11,2.3228359958909084
2394,11,0.6863645626220887
4127,11,0.5988426831371214
7048,11,0.7286254527087783
8348,11,0.28804078999908167
9220,11,0.24439388215743468
11331,11,0.30786038415241934
18843,11,0.20017501071906238
24089,11,0.23921753294540238
24957,11,0.3637772783334639
3230,11,0.118605780115583
5134,11,0.24744374609205594
6195,11,0.18273386872776873
8134,11,0.19657107378532276
11336,11,0.43601115500560406
13346,11,0.25665269798842183
18008,11,0.10108509134725498
19913,11,0.215517562903488
20987,11,0.4189711838926345
28189,11,0.4713508974411782
3235,11,0.06776263526075263
4137,11,0.03604428934372864
5140,11,0.06821221588756372
7058,11,0.08753931506171302
8141,11,0.0612034021113123
12374,11,0.2362174288780065
13351,11,0.22209464082702562
13858,11,0.24831255639494676
18013,11,0.06170181773430303
24967,11,0.6597099084837883
25483,11,2.8528375748650223
2721,11,0.14581829883500186
4141,11,0.02688099736217306
10305,11,0.13661358504611662
12378,11,0.23063669293735709
13355,11,0.20120246162043928
22055,11,0.15229098922964457
23103,11,0.09973592114287971
24103,11,0.1947638911907741
25487,11,0.9765430830879338
2557,11,0.0878332769266962
3244,11,0.047783349117923986
4146,11,0.06585184118189039
9239,11,0.012241692497554734
13360,11,0.44049818110062505
14959,11,0.5740584176661686
18022,11,0.2019339956375473
18862,11,0.20593375019866447
2396,11,0.08706085409584165
3250,11,0.14564576982173466
8154,11,0.135445498758423
10313,11,0.0612258713136525
21006,11,0.24921506754635325
22065,11,0.25117395790757274
24981,11,0.2527746027201038
25659,11,1.6096981737577838
2401,11,0.12258764064321077
3254,11,0.18319353775560243
6219,11,0.15286704653418878
8159,11,0.17424363465237216
11361,11,0.2337086457415583
12393,11,0.3384431526076598
13370,11,0.4010119163918711
14969,11,0.3247595503541413
23118,11,0.26486974825187787
24118,11,0.2131593880426031
25819,11,2.187596130278263
2406,11,0.1648025305202867
3259,11,0.21137898736455127
7082,11,0.19780915361216672
8164,11,0.21907484206466393
9472,11,0.07798202472293277
10324,11,0.06654534817038639
12398,11,0.2664461794062412
13375,11,0.30805261798286365
14974,11,0.33166214908367453
15978,11,0.4065743014261467
18877,11,0.41814325816260234
23123,11,0.27512527517063884
24123,11,0.27524107385659125
24991,11,0.20013843959073238
25669,11,0.3709485658623365
2411,11,0.21831391146025986
3089,11,0.23616222860158767
4166,11,0.21792777779332778
6229,11,0.22656110561434403
12403,11,0.06521065296330252
14979,11,0.42442631892879806
15983,11,0.46958564901848643
18042,11,0.5192001075456921
22080,11,0.42768717244326016
23337,11,0.29490228546599473
24128,11,0.24986330237273366
2416,11,0.20987858492840442
3269,11,0.2247910059408618
4171,11,0.2195946261848924
8392,11,0.14501715709673402
10334,11,0.10192419100776613
12408,11,0.09076349687333271
13200,11,0.2777596628053449
15988,11,0.5364494344188634
17011,11,0.5346394486930803
23133,11,0.362687839322538
24133,11,0.37641867048003097
25002,11,0.2890914279649251
25826,11,2.1802277680704054
2421,11,0.21214947696106426
5179,11,0.21841822199742267
6239,11,0.2174020305774749
10340,11,0.21588795954038978
11381,11,0.14840386774379316
12413,11,0.09568187642827765
14989,11,0.5571122776301989
23138,11,0.4478981318092715
24138,11,0.4935300642182422
25006,11,0.4018323437766783
25831,11,1.6382185561736107
1962,11,0.7035500841435601
2426,11,0.2200879906423847
4181,11,0.2282158372190079
5184,11,0.18433532031933184
7318,11,0.266286157690169
8401,11,0.20928484985910215
10344,11,0.25328229651399964
11385,11,0.15655340073998764
12417,11,0.10342680320791654
18897,11,0.5520666745809893
22095,11,0.4374884705939206
23143,11,0.47128730712436967
25011,11,0.3854952763609412
25836,11,1.5206166402679964
2431,11,0.3026232083774859
5189,11,0.24406795849049737
9279,11,0.2531213355123732
11391,11,0.14672325482331441
12423,11,0.06974134934080924
14453,11,0.5709503272351778
14998,11,0.6206732502659209
16003,11,0.5916312592250119
21041,11,0.4805467762972766
23148,11,0.4243176109828628
25016,11,0.29522839569656195
1845,11,0.4838884178333002
2436,11,0.47062021875758786
7113,11,0.5057401185312689
11396,11,0.790001396739735
12428,11,0.6844592402901272
14299,11,0.623896516701496
15003,11,0.6183411171602234
15806,11,0.5988992787102929
19973,11,0.5352869136011751
21046,11,0.4367539830204785
25021,11,0.26050993875245526
25846,11,0.13493533832423243
3119,11,0.47161185185231824
4010,11,0.45801661434885677
4990,11,0.5173739334637939
7117,11,0.6010616367114587
8199,11,0.6936847550094047
11401,11,0.8590074210160744
12433,11,0.771672795579499
28001,11,0.2309621304303528
18072,11,0.5791192933161031
18912,11,0.5791350401069505
23158,11,0.5269280995785477
24158,11,0.558376497707282
25026,11,0.4837890041608155
25851,11,0.5651727327911502
1741,11,0.5552453696082985
10364,11,0.9838565178884346
11406,11,0.910216489498768
12438,11,0.9171385152573072
13393,11,0.7242636321916278
15013,11,0.5273823303677171
15815,11,0.5280561215368434
17040,11,0.5669557573210552
18077,11,0.44217389170100463
18917,11,0.45229302305252234
22115,11,0.4816988255969422
24163,11,0.475247207205552
25031,11,0.4624424567905999
25856,11,1.9081809398608662
27857,11,1.0531137529694339
2288,11,0.7604698530851229
3303,11,1.26901160082837
7126,11,2.9546288063626274
8209,11,2.9556238519035762
9298,11,1.1070424166123476
27967,11,2.5777628658081153
27981,11,0.7140426285520799
28051,11,0.16711127362014525
16225,11,2.182289023599635
17045,11,3.810526353550204
19987,11,0.32448998798710627
21060,11,0.15701370705360676
22118,11,0.18448779531601367
23166,11,0.17718209481710476
24166,11,0.01637766789262603
25035,11,1.5185986052217368
25860,11,3.754783930199043
27918,12,0.024276552711914295
8211,12,0.03383799008671148
9083,12,0.025770662485354454
28125,12,0.08787108581293121
20418,12,0.12221857337372789
5210,12,0.13325869350368164
6057,12,0.09636534945207872
7130,12,0.06232909117301333
7997,12,0.06260793981208267
9087,12,0.06352060621675187
9948,12,0.042600016754408866
18291,12,0.1315916368502387
18922,12,0.16738131034359024
19776,12,0.17341538906514573
20849,12,0.17876901040553303
21908,12,0.16740421406990716
22958,12,0.14350866312340071
3482,12,0.4222998649966976
4019,12,0.20697278554280563
4798,12,0.1831513627992887
5849,12,0.08614082242076695
7136,12,0.06734336580177194
8002,12,0.06534915645145685
9092,12,0.07264634028682446
10161,12,0.046339152006964805
11204,12,0.03921629726853399
12238,12,0.0533313428152374
16840,12,0.053168167997011705
17874,12,0.07348538831952282
18716,12,0.17333094980183425
19565,12,0.1772198338003003
20854,12,0.1867971075752235
21913,12,0.18728729966060617
22961,12,0.18698202336709735
23977,12,0.01751792996098708
2451,12,0.5004334727870543
3131,12,0.5110984725319289
4023,12,0.47236402466142974
5007,12,0.3058131248989913
5853,12,0.11558996835369208
6925,12,0.09940140288171963
8225,12,0.09270326985767036
9097,12,0.10698898049729451
10167,12,0.1011509539213744
11209,12,0.06620837060104576
12241,12,0.06148840944521998
13218,12,0.06361825085219225
14012,12,0.057098485463113816
15017,12,0.07841795626369871
15821,12,0.08310605548155477
16843,12,0.09829161993146196
17880,12,0.1260075607444372
18932,12,0.22487443772704774
19571,12,0.2342291381644635
20860,12,0.26260124091193116
21918,12,0.25227323077259295
22966,12,0.24705366532093823
23982,12,0.4443684532797054
24699,12,0.15382853550835368
1745,12,0.22190208790142216
2293,12,0.598717184014351
3135,12,0.6679233350408144
4028,12,0.6185136504028036
27900,12,0.10326527584568101
7146,12,0.08571628953726233
8012,12,0.10903503032311222
10171,12,0.10985173338017598
12246,12,0.10043679301523459
14821,12,0.11012186212300677
15826,12,0.11397656264670931
17677,12,0.17574573114508285
20005,12,0.2705295713609564
21923,12,0.30169668735091276
22971,12,0.29339315534218724
25551,12,0.4659854935029173
1645,12,0.3517419484764454
2298,12,0.660919188655206
3141,12,0.7327397579790902
7150,12,0.1283504622150752
9325,12,0.09421863435907277
10177,12,0.09007474600974977
11219,12,0.0989923308237596
13227,12,0.18367200891431235
14021,12,0.13307067597806696
16854,12,0.25874198128973175
21928,12,0.3530956970580746
22976,12,0.12844619306807406
9111,12,0.07708551315394925
10181,12,0.0850295122377853
12255,12,0.06265813266166496
13232,12,0.053524058913955945
17895,12,0.24050560194076734
18734,12,0.23489190543811653
1279,12,0.21839001211920686
4042,12,0.6809179108282908
5027,12,0.6911544875736574
12260,12,0.0248497606283687
18951,12,0.1535024033169394
21937,12,0.0554449680419871
1191,12,0.5123453518834648
3155,12,0.6889500662264121
4048,12,0.6918552521042021
5032,12,0.703048312514718
6949,12,0.22682600838274658
11233,12,0.028841078541336523
28017,12,0.08937153224577774
13243,12,0.03587541256992647
15845,12,0.19984238261792997
19810,12,0.16245774722765702
21942,12,0.06074908548645519
24889,12,0.4497393585824574
4833,12,0.8599765275206959
6096,12,0.7700312555180613
15850,12,0.16411449202311082
4246,12,0.8930764610985726
14851,12,0.16238369967761124
19820,12,0.08924424180107067
788,12,0.13218080454943748
4062,12,0.88642661878287
6106,12,0.06906141607639073
13257,12,0.09854112603953263
14052,12,0.10092602518938573
14856,12,0.1417223264042975
15860,12,0.14514291027186663
16883,12,0.10643982427639537
17919,12,0.07772933562446965
24021,12,0.1940269513090873
25073,12,0.2579403406306125
794,12,0.8444524529046467
1121,12,0.41441243420064805
6111,12,0.08225581809636094
12284,12,0.11694993695458432
14861,12,0.13102991274860232
16888,12,0.13211676060525174
18764,12,0.03223677120330487
23010,12,0.2929116529969149
24026,12,0.2953350541313719
520,12,1.5672399727592878
8274,12,0.1091100547073618
13083,12,0.13159510327811283
14061,12,0.12092610300167314
16893,12,0.13306102886166668
20907,12,0.12500177401968088
24914,12,0.34834580420912875
25754,12,0.3072706591162912
27093,12,1.052114182720051
464,12,1.413103984115073
7194,12,0.353893930064495
14871,12,0.1624545809981278
15875,12,0.09595558502067414
19840,12,0.027726277602721977
21972,12,0.1656152026679472
23020,12,0.20841113304840525
24036,12,0.30768864419834385
26312,12,0.3471052574651476
26646,12,0.47695520521336326
808,12,0.7791750442038917
1317,12,0.789786015172648
3016,12,0.5932305797163832
7200,12,0.45053864349581774
12300,12,0.30900672723163725
15880,12,0.13357795870546244
19845,12,0.039492969108107526
20918,12,0.06295544753491485
21977,12,0.17929434923171278
24924,12,0.3309304054814554
26733,12,0.46204584787653163
259,12,1.3845299287331894
812,12,0.6635450916970722
1698,12,0.7766764789957679
2352,12,0.8438041492395303
6988,12,0.4286622062167107
8289,12,0.4911510552623989
18784,12,0.09915487242308849
21982,12,0.16453561353389293
23030,12,0.21553000856055415
25098,12,0.27813171665931813
25769,12,0.32568264105820105
26739,12,0.41780017460962576
27108,12,0.4732127931458108
266,12,0.931603441535203
6994,12,0.19367431202985164
8075,12,0.3169064811712787
13464,12,0.4108341986286396
16913,12,0.25305138388622517
21987,12,0.09587975627105896
23035,12,0.1395374913696925
25103,12,0.24794772896955178
25775,12,0.3221350559729796
26326,12,0.36495342345048926
823,12,0.5732598472057356
3204,12,0.5741684922890057
4476,12,0.47545949303681456
4877,12,0.6053410065771944
8080,12,0.46526753516978536
10449,12,0.5495687582929549
16918,12,0.2910205646642285
19860,12,0.18475315971333126
23040,12,0.1440607230268273
23661,12,0.21207238856449623
25278,12,0.29602929131736405
25780,12,0.2519621089764846
26331,12,0.34998028888506144
27118,12,0.4339010612997951
27402,12,0.48994796991815426
27532,12,0.5594860940431277
616,12,0.2872091329248087
827,12,0.4223369449260798
1245,12,0.5686214347186205
5086,12,0.689316879816676
8302,12,0.37917911869770604
10246,12,0.5035954166636704
11287,12,0.667970363811376
15899,12,0.3124196961885797
17958,12,0.1814346611286995
20937,12,0.18391599825837146
26753,12,0.37601443059711526
27122,12,0.4720823508221874
27406,12,0.5207399592474314
63,12,0.715276397159103
494,12,0.1578463650770386
832,12,0.3087138422800937
4477,12,0.5983393197456988
4881,12,0.7052292016345717
11706,12,0.7668835418248438
16721,12,0.45366099381356645
19654,12,0.482922849740033
23050,12,0.1538064829976045
25789,12,0.29677333111594345
26758,12,0.4241848900090943
44,12,1.5891650581637105
838,12,0.2551997144979505
2376,12,0.4969932933049856
4093,12,0.6085776325424566
11711,12,0.5133784122206388
25794,12,0.1381258092541669
26346,12,0.3698443619522158
26763,12,0.4610548881753998
27132,12,0.5455262411526551
27313,12,0.5725408279480869
27723,12,1.2078101346702321
16,12,1.5979480508561135
242,12,0.25387489764991267
503,12,0.1081434074950253
1728,12,0.4504306293146889
6160,12,0.8597705618754891
7451,12,0.6570726111946886
9190,12,0.6716835292093671
10260,12,0.701215503277819
23059,12,0.1357836453846036
24059,12,0.17078647919959447
24759,12,0.2239008726180566
25943,12,0.1810313937370307
26352,12,0.34548658206855776
27623,12,0.7378029900107802
27727,12,0.7912092073592342
27795,12,0.8867666148787019
7,12,3.173969790278081
103,12,0.6828377775508687
508,12,0.578140944254619
1266,12,0.4021229856935657
3377,12,0.6785159140346357
5105,12,0.8807748664916305
9195,12,0.7927588914763448
12339,12,0.615204330772288
24064,12,0.19629897095892884
24932,12,0.2237149596757449
26773,12,0.5663239189994921
27628,12,0.8737876622215492
2,12,3.689434662080908
108,12,1.0126419449212403
852,12,0.7759607366736884
1738,12,0.41356765043610527
3208,12,0.7392277996742609
4107,12,0.8598635016896411
11312,12,0.7009316824076912
13322,12,0.7248773158361111
20104,12,0.6255495559510406
22231,12,0.3190649574576624
24069,12,0.24601146439532562
24936,12,0.2695137889921099
26360,12,0.4183972029454334
27147,12,0.8323985376272
27633,12,1.0011805893929464
27814,12,1.1515718588960515
6,12,3.720214694475805
258,12,2.4927707599348516
518,12,3.3839611948304213
1275,12,3.6513538390399884
1550,12,0.6233451694474124
2541,12,0.3423637239016331
3213,12,0.7393677695685711
4113,12,0.8441235269141497
6176,12,0.7948788856636692
8987,12,0.427626032925548
10275,12,0.6313495729895954
11316,12,0.5029256908897557
12349,12,0.8405034459067839
13326,12,0.7815721711458992
24074,12,0.14668567883877534
24942,12,0.4369365275772121
25799,12,0.3511946091795456
27436,12,1.019060844988421
27818,12,1.818674775980719
27846,12,4.097753118527975
2385,12,0.5592947864075002
8120,12,0.21512718027656202
9428,12,0.5214834791458409
10279,12,0.5799675363899115
11322,12,0.9936086927761744
14930,12,0.6925638910238571
16957,12,1.0953805029522288
18834,12,0.6119601789568554
26176,12,0.44950977441201645
26787,12,1.3544021665252528
27156,12,1.2468497895098547
27440,12,1.7660845367761133
27607,12,2.1304859999164636
1841,12,0.6833127447510293
2390,12,0.6505909648339028
5125,12,0.9589293147560009
6399,12,0.8833629607707977
10285,12,0.8691757258059439
13336,12,1.2015608181962836
16962,12,1.0312751031922816
17998,12,0.9839809062094874
18838,12,0.8570054738128756
28131,12,0.4790875446921002
22036,12,0.4755801017240913
24084,12,0.3810696899877146
25809,12,0.527218011409104
26361,12,0.6941655352686867
27869,12,3.2808851550196962
2394,12,0.4127600552577669
4127,12,0.805607201885831
7048,12,0.9300603829010566
8348,12,0.9500816541908833
9220,12,0.9354405146558905
10290,12,0.6803618598932645
11331,12,0.35836472558771876
14135,12,0.9206378676353231
18843,12,0.3701212852115745
24089,12,0.39462219493628825
24957,12,0.18031925371959012
26274,12,2.40885293432198
3230,12,0.447960410216873
6195,12,0.6693204521347302
8134,12,0.655996105095657
11336,12,0.2943969718927915
14945,12,0.9270520712405487
24094,12,0.5334062478302753
28189,12,0.6017960440135324
3235,12,0.3865581435996908
8141,12,0.23589278868183441
12374,12,0.2260530525689753
13351,12,0.5486953634124239
18013,12,0.5627501906614055
24099,12,0.5618250311516967
24967,12,0.34699212538734614
25483,12,2.9606610888284695
2721,12,0.41628207151294605
4141,12,0.44713737633994655
8145,12,0.2546284073941511
10305,12,0.1885851853584029
11346,12,0.1739729559988043
12378,12,0.1909870854304736
13355,12,0.4501342957417975
22055,12,0.3517427725384324
23103,12,0.4268953869720009
24103,12,0.5296357994956314
25487,12,0.42338806867354006
2557,12,0.3484801300732923
3244,12,0.40046787523068605
4146,12,0.4024772637103861
9239,12,0.2259583116827036
13360,12,0.2801337365707111
14959,12,0.6682305808290004
18022,12,0.5411286562064398
18862,12,0.5644472421437241
23108,12,0.3993201396107532
2396,12,0.2516460291672005
3250,12,0.32909375397934654
5154,12,0.35132149588244155
8154,12,0.25501613662527434
10313,12,0.17966736896960092
19933,12,0.40511698478784663
21006,12,0.3864250132761538
24981,12,0.4220549450862405
25659,12,1.6970483844398025
2401,12,0.3334292167270644
3254,12,0.3351719045394737
6219,12,0.35679443372989006
8159,12,0.27789883308356245
9249,12,0.20973649702980138
10319,12,0.23567510375748538
12393,12,0.37564741718017663
13370,12,0.16239802750645443
14969,12,0.46145982610579506
19938,12,0.4186519852843352
23118,12,0.3727527511566824
24118,12,0.35215608347672467
25819,12,2.051618083219869
3259,12,0.2682636158338458
7082,12,0.33115629423974213
8164,12,0.2640966150732908
9472,12,0.24391807087994183
10324,12,0.28902311003094133
12398,12,0.36601803388742127
14974,12,0.3462467294138176
15978,12,0.48774035690888373
18037,12,0.42569996757804374
18877,12,0.42257767316819395
23123,12,0.3166647655287923
24123,12,0.24688409988826754
24991,12,0.2649499878726461
2411,12,0.3150617901863964
3089,12,0.19134699573232491
4166,12,0.22455110250450033
6229,12,0.31253479159837494
11371,12,0.17869301880831173
12403,12,0.2244712503130017
14979,12,0.11797019799726052
15983,12,0.4413115808403888
17006,12,0.36524687360191554
18042,12,0.35730715642377275
22080,12,0.2561295619862216
23337,12,0.2578312085227323
24128,12,0.25780908356071464
25673,12,0.19630010282929544
2416,12,0.2531903979237305
3269,12,0.19174237930739432
4171,12,0.23408303879486408
7092,12,0.24619268578837702
8392,12,0.19678891425711423
10334,12,0.1422796584649639
12408,12,0.2206998544862362
13200,12,0.26830302711244164
15988,12,0.33044494050678835
17011,12,0.3211728108072181
23133,12,0.2356884388966223
24133,12,0.21415228837370134
25002,12,0.1686187975489222
25826,12,1.2453369864287367
5179,12,0.25126346453282977
10340,12,0.23601457499797188
11381,12,0.22840219459710237
12413,12,0.22222966336953107
14989,12,0.308252440799482
17016,12,0.35076475248171085
23138,12,0.1329184410978806
24138,12,0.06744857948280657
25831,12,1.1817732370238923
1962,12,0.43663882205833415
2426,12,0.23810265990654933
5184,12,0.23067644302919044
6244,12,0.22520218507237338
7318,12,0.16268168434030028
8401,12,0.1987776499321087
10344,12,0.27909126927964784
11385,12,0.2614646915544949
12417,12,0.13182422489142892
14993,12,0.1433820418555558
17020,12,0.3254452904350743
22095,12,0.15269703493881992
23143,12,0.07835757800792816
25011,12,0.09325923193699383
25836,12,0.36239860497917215
2431,12,0.1638970250022638
5189,12,0.140887966847755
7107,12,0.21906144998542312
9279,12,0.33134779987230845
11391,12,0.24195767012041383
14453,12,1.75618463647866
14998,12,0.3401079401897382
16003,12,0.2485168085710657
21041,12,0.1680851837881885
23148,12,0.12054552266511341
25016,12,0.06674747344876547
25841,12,0.28124447671385383
1845,12,0.2228215743389351
2436,12,0.3187883450391027
7113,12,0.7847315737722821
10354,12,1.2006692902955096
11396,12,1.0897793309032102
12428,12,1.0874678748007929
14299,12,1.6989225899701312
15003,12,0.29117675723827263
15806,12,0.21709892080880774
19119,12,0.21452369906592986
19973,12,0.1816542640463939
21046,12,0.17396985304313553
25021,12,0.09159229016950353
25846,12,0.42487538494122795
3119,12,0.49093884141032496
4010,12,0.6125221453577839
7117,12,0.9863416106343492
8199,12,1.0729836193482405
10359,12,1.2857259837067343
11401,12,1.202890922747841
12433,12,1.119364598951646
28001,12,1.4375333980017682
18072,12,0.21658756779399702
18912,12,0.2179740176832832
23158,12,0.20543684018190042
24158,12,0.15524531012459003
25026,12,0.21172010687128762
25851,12,0.363105120302834
1741,12,1.0879618887713038
10364,12,1.2748652437624797
11406,12,1.2540466938456203
12438,12,1.1476137788642735
13393,12,1.546666541774784
15013,12,0.1314390557902041
15815,12,0.23355859110581337
17040,12,0.22866931542151733
18077,12,0.3024469487462595
18917,12,0.23266952409410824
22115,12,0.3379530306575919
24163,12,0.09662847449027968
25031,12,0.23328200603160965
25856,12,0.4083350822758138
27857,12,2.4944141052086537
2288,12,0.7598271707227483
3303,12,1.8464006336709948
7126,12,3.4022546857921894
8209,12,3.291740109616994
9298,12,1.7082590285148394
27967,12,3.3964733719872355
27981,12,1.607656718606227
28051,12,0.7255739431082172
16225,12,2.322773859059451
17045,12,3.514323079865183
18290,12,1.0077475181295605
19987,12,0.35933967542254497
21060,12,0.33564232804953226
22118,12,0.34214610201081774
23166,12,0.2034837279420274
24166,12,0.33319800955254203
25035,12,1.967109573988722
25860,12,3.8248433436975673
27918,13,0.013283261620871793
8211,13,0.015260511063007283
9083,13,0.006169435617537953
28125,13,0.03727958257967362
20418,13,0.053147663702964996
5210,13,0.07290067656940222
6057,13,0.04753521720179112
7130,13,0.020038966703462037
7997,13,0.02001250150996027
9087,13,0.017597838926165604
9948,13,0.015222233036675305
18291,13,0.0612225634238275
18922,13,0.07521657232594178
19776,13,0.0804490422695895
20849,13,0.08367175667299004
21908,13,0.08063328968837218
22958,13,0.07356000708681633
3482,13,0.23717710441882173
4019,13,0.10456083128791636
4798,13,0.09590563279320087
5849,13,0.03831843075607605
7136,13,0.019762371083242185
8002,13,0.021360270801642572
9092,13,0.021945918313939387
10161,13,0.017111033278574557
11204,13,0.016850326654802024
12238,13,0.006739160812330481
16840,13,0.03296465949018264
17874,13,0.03847569968777558
18716,13,0.07754265938298825
19565,13,0.07812527096411877
20854,13,0.087987753590867
21913,13,0.08973355099794461
22961,13,0.09606383961334948
23977,13,0.010290180521521433
2451,13,0.28564949135980433
3131,13,0.3104409462007887
4023,13,0.28441262254763133
5007,13,0.1633914330303336
5853,13,0.05557799435256413
6925,13,0.036932679089527534
9097,13,0.03286928650404141
10167,13,0.02925716509219567
11209,13,0.011972456220772946
12241,13,0.009592932407856431
13218,13,0.021860400634214013
14012,13,0.020907467886271815
15017,13,0.03433572429442508
15821,13,0.037974904417277
16843,13,0.04666434253553944
17880,13,0.05958770768893194
18932,13,0.09736948859838046
19571,13,0.10363485631887984
20860,13,0.12083176331129387
21918,13,0.11833770195282521
22966,13,0.12222818086169915
23982,13,0.39882328583425847
24699,13,0.111552040268126
1745,13,0.09507801473777339
2293,13,0.3264829900304787
3135,13,0.360198385821956
4028,13,0.34174135979641385
27900,13,0.03631788016401458
7146,13,0.116031405514905
8012,13,0.06066174010597259
10171,13,0.026765865429213633
12246,13,0.029497609384498368
14821,13,0.042967323746568836
15826,13,0.052075774085848965
17677,13,0.03247809836006533
20005,13,0.121162142802159
21923,13,0.14458517186916545
22971,13,0.16842140826439883
25551,13,0.412334950960161
1645,13,0.023801601701272785
3141,13,0.37122087326911724
7150,13,0.06859438100365706
9325,13,0.055173304639537624
14021,13,0.05894719958736363
16854,13,0.05063849229648726
22976,13,0.24278034220576714
9111,13,0.17042594010130854
12255,13,0.12265370475112601
13232,13,0.14595761428296644
17895,13,0.020400599641882487
18734,13,0.07567024706354888
21932,13,0.060738535887049354
1279,13,0.4498808502185024
4042,13,0.43356547495257125
5027,13,0.5149716590879245
12260,13,0.1687781833448188
21937,13,0.0586560537987097
28240,13,0.12038378641370699
1191,13,0.6161858112402403
3155,13,0.4261691497065619
4048,13,0.4367222760576998
5032,13,0.5242732317168384
6949,13,0.3545896482744675
28017,13,0.10088449467669064
13243,13,0.15439412051075707
15845,13,0.04292911185831229
19810,13,0.16448977440275936
21942,13,0.020450035333154752
24889,13,0.07732515485308997
4833,13,0.5956135763608463
6096,13,0.5747154951878654
11238,13,0.028750303259606803
15850,13,0.0763083570453186
20888,13,0.0064740737881446115
21947,13,0.11432095314799404
4246,13,0.6052913676910617
13253,13,0.09788716158490252
14851,13,0.0919614601392275
19820,13,0.07207134679108103
788,13,0.08097188305672469
4062,13,0.5908344456276027
6106,13,0.09690498198925633
13257,13,0.07313439047073174
14052,13,0.10005513796070872
14856,13,0.09753948997683831
15860,13,0.12025681754858335
16883,13,0.11721064173326483
17919,13,0.10371652615898339
24021,13,0.06058713754884133
25073,13,0.08791472785402332
582,13,0.6448725405239175
794,13,0.5845900589394488
1121,13,0.40910013821456553
6111,13,0.38743616312683177
12284,13,0.11809232789229317
14055,13,0.12195903756675693
14861,13,0.09781189728497967
16888,13,0.10168382284119769
18764,13,0.1355730356122918
23010,13,0.19608884281005512
520,13,0.6094001735288526
6116,13,0.34787119510221476
13083,13,0.2807870518026122
16893,13,0.1495437998046045
25754,13,0.2014490617169199
26724,13,0.28751028640239623
27093,13,0.739858018388364
464,13,0.3459128132941234
2342,13,0.40697530022993544
7194,13,0.3903890306872481
13087,13,0.2197698263790871
14871,13,0.20584863014308072
15875,13,0.16295631210911837
16898,13,0.17605421599378387
17934,13,0.28608296374097936
19840,13,0.2220978175306902
21972,13,0.21333378722923693
23020,13,0.16879274401000008
24036,13,0.19572370290536095
26312,13,0.2862644987082934
26646,13,0.3600696735318755
808,13,0.5070044401052266
1317,13,0.5014391535318562
3016,13,0.6076733204915179
7200,13,0.35753129890409835
8065,13,0.4218979336535854
14876,13,0.19713429345471414
15880,13,0.21354929115710558
19845,13,0.3348836729993774
20918,13,0.3007330754629572
21977,13,0.2818272264356926
24041,13,0.2773318746055501
24924,13,0.2854701297265309
26733,13,0.4792110403844336
259,13,1.181036070224253
812,13,0.45002735268719124
1698,13,0.5251627322364886
2352,13,0.5288430539894603
6988,13,0.20376528176635056
8289,13,0.41913700682220706
18784,13,0.28960996682112633
19850,13,0.2953468182129833
21136,13,0.3121720476379979
21982,13,0.35646197680449954
23030,13,0.34191315860035243
25098,13,0.2941958706520905
25769,13,0.3802340929048992
26739,13,0.39597625503147815
27108,13,0.5537725751369506
266,13,0.7287971454280923
6994,13,0.4293899139573221
8075,13,0.3628884190324451
9166,13,0.2924960555762503
13464,13,0.8361973032320678
16913,13,0.07321916303571846
20069,13,0.24049172963540302
21987,13,0.33153941488635835
23035,13,0.3470580319510398
25103,13,0.32279799614784926
25775,13,0.2891267573018107
26326,13,0.37069192450863936
823,13,0.2943192695893448
4476,13,0.5602150852973402
4877,13,0.556311297432382
8080,13,0.6369189745370066
9389,13,0.557703433229172
10449,13,0.5298596398237775
16918,13,0.11785274705614303
23040,13,0.27623108670538826
23661,13,0.2805024271557247
25278,13,0.27596133936639367
25780,13,0.3891809206947765
26331,13,0.37527021404688377
27118,13,0.455166849320271
27402,13,0.5794175962582769
827,13,0.18884876911643322
1245,13,0.25876324303519505
5086,13,0.6855624168357465
8302,13,0.5643663834040923
10246,13,0.5723752377537543
11287,13,0.7179144073811998
15899,13,0.08862426260703234
17958,13,0.13855190502304698
20937,13,0.17107181541249453
27122,13,0.48655601252887454
27406,13,0.5687339200054949
63,13,1.1681466115861914
494,13,0.14148507225170517
4477,13,0.6392418710025046
11706,13,0.7073933836215525
16721,13,0.07001341388956907
23050,13,0.25226291064918654
25789,13,0.4214690725992905
27411,13,0.6248302732151585
44,13,2.998042557114995
238,13,0.6873217014948231
838,13,0.2523144340323444
2376,13,0.5931721227006483
4093,13,0.6968216198506307
11711,13,0.528562590495728
16521,13,0.1842227281303009
25794,13,0.31325370156026155
26346,13,0.45777715238145733
26763,13,0.5221648808742844
27723,13,1.0643383743465828
16,13,3.755756915192231
503,13,0.41813367476917657
1728,13,0.558834741110281
7451,13,0.7256858624593431
9190,13,0.6441356316470608
10260,13,0.705892334596476
23059,13,0.21150496566769336
24759,13,0.40089268247789733
25943,13,0.3817893477046169
26352,13,0.4844329552603214
27623,13,0.7139972160821418
27727,13,0.7289865921167025
27795,13,0.7480712651403656
7,13,3.5856513411534485
103,13,3.3151325118119903
508,13,3.0364459522961686
1266,13,0.7608392373044753
3377,13,0.8974606442173853
5105,13,0.9699341905700449
12339,13,0.562394072389472
23064,13,0.187796466268241
24064,13,0.26354331584407314
24932,13,0.4169201180483944
26356,13,0.40238185836301527
26773,13,0.5947649020520089
27628,13,0.674676918855733
27809,13,0.759824622422055
2,13,3.51735548163726
108,13,3.502336041135095
852,13,3.464311875172805
1738,13,0.8787531315250303
3208,13,0.9959252588398958
4107,13,0.9784031836778818
11312,13,0.7184162140482554
13322,13,0.5932204958692671
20104,13,0.3217687012838859
22231,13,0.197769672978003
24069,13,0.2763706842649592
24936,13,0.4347987169457257
25631,13,0.4452116817853247
26360,13,0.49241556674529824
27147,13,0.6720500642510977
27633,13,0.7912207012284473
27814,13,0.8506730778064471
6,13,3.7593945388845618
258,13,3.9558231492487135
518,13,3.89383856361784
1275,13,3.742482831643876
1550,13,1.6337804984233395
2541,13,1.0087735282329895
3213,13,1.0384895828765106
4113,13,1.0219344980497633
8987,13,0.28225946396015844
10275,13,0.5348132070047134
11316,13,0.42978921989750857
12349,13,0.5292712002026612
13326,13,0.5438869486339926
14120,13,0.4464539941101057
23074,13,0.24140350048473055
24074,13,0.2791195203083108
24942,13,0.4860231622364294
25799,13,0.5407284368412009
27436,13,0.861670228247224
27818,13,1.0962760720632034
27846,13,3.875003005731126
2385,13,0.9788050225415174
3218,13,0.9454746850766481
8120,13,0.34682876934919127
9428,13,0.16870164659367068
10279,13,0.21715507281647214
11322,13,0.5477914554106866
14125,13,0.5221076219499504
14930,13,0.5129411062082897
16957,13,0.8735219296215968
18834,13,0.671813074798123
26176,13,0.6862590184683484
26787,13,0.9493691661897212
27156,13,0.8323437933997604
27440,13,1.0990405908678842
27607,13,1.181083310840477
1841,13,0.973371528129256
2390,13,1.00204259062034
4122,13,0.8894549806674591
5125,13,0.9628016781909495
6399,13,0.8851993246640151
9433,13,0.21279797197510303
10285,13,0.38935546668765164
13336,13,0.524683638733727
16962,13,0.787185478482551
17998,13,0.7991617253958216
18838,13,0.7018172966726345
28131,13,0.34283654667047203
22036,13,0.3938570699983634
24084,13,0.5201491087748668
26361,13,0.6573423667164037
27869,13,1.8922152094606808
2394,13,0.834902709959663
4127,13,0.8066060298436893
7048,13,0.8020395868955597
8348,13,0.44122383915577906
9220,13,0.40141459587024136
10290,13,0.38089231668219997
11331,13,0.37483267178029644
14135,13,0.6325077088930164
18843,13,0.4566518541204615
24089,13,0.48169951424426605
24957,13,0.28961722917908966
3230,13,0.3636849583087127
6195,13,0.25589331810988025
8134,13,0.34139109255141953
14945,13,0.5640737060675268
28189,13,0.40008091906156124
3235,13,0.30994533330054347
8141,13,0.3069850131463924
12374,13,0.25626695011167927
13351,13,0.31405716537835776
18013,13,0.5331304229030104
24099,13,0.13631691175143865
24967,13,0.20605118220686702
25483,13,2.685550362787651
2721,13,0.20957585438144352
4141,13,0.12020537864629793
8145,13,0.2737776802342369
9234,13,0.31611653377063226
10305,13,0.2939841011706427
11346,13,0.29172608904159614
12378,13,0.24603257354302277
20996,13,0.4365897701486825
22055,13,0.2575086588680401
23103,13,0.10191268798711085
24103,13,0.16961471837657402
25487,13,0.32377095743917234
2557,13,0.19315105925509105
3244,13,0.16789273047073158
4146,13,0.10354376460751359
6209,13,0.11424445387925575
9239,13,0.26687544054863643
10100,13,0.27357112252477617
13360,13,0.10581539674772435
14959,13,0.40351256699884114
18022,13,0.5063157474638701
21002,13,0.028104225202187434
22060,13,0.04387492140221158
23108,13,0.04151568742961437
24976,13,0.2581621071563189
25654,13,0.8589199354008001
2396,13,0.19265780788017195
3250,13,0.1512654434115716
8154,13,0.20475071259742206
10313,13,0.2306636816262714
13365,13,0.04330036179308493
24981,13,0.20399220517460956
25659,13,1.3419550064297274
2401,13,0.15796792736300608
3254,13,0.12350318634354364
6219,13,0.05842277550454216
8159,13,0.16425004020931994
9249,13,0.17284957142892168
10319,13,0.21037307382298792
12393,13,0.1558131525727339
13370,13,0.08726703843357188
14969,13,0.24727517715238587
18872,13,0.06270359505111585
19938,13,0.11164911730352517
22071,13,0.15757063130566687
23118,13,0.1706168672409993
24118,13,0.18055982356597935
24986,13,0.23838709480479536
25819,13,2.2177588331214935
3259,13,0.11099943944678646
7082,13,0.08720413564858946
8164,13,0.11691284505877139
9472,13,0.1636313423582953
10324,13,0.1815036610843069
12398,13,0.13907541011617333
14974,13,0.27460169156125036
15978,13,0.2897052662128357
18037,13,0.112242262493078
18877,13,0.16674733597518201
19944,13,0.15102811963418533
21016,13,0.16708005252942743
23123,13,0.1584684644816983
24123,13,0.18356441783629487
24991,13,0.26273262438601347
2411,13,0.09228413852233519
3089,13,0.10324748636356233
6229,13,0.048203331961920656
7087,13,0.061284280736073705
8169,13,0.07787540139558229
11371,13,0.3217592978007794
12403,13,0.28228766810548656
14979,13,0.18508525557642516
15983,13,0.2564109477309072
17006,13,0.19041851128232842
18042,13,0.20343433557242305
22080,13,0.22087259726402644
23337,13,0.16954318235381896
24128,13,0.1862432131102708
2416,13,0.09383213826449592
3269,13,0.08472119662420097
7092,13,0.01228662040221727
8392,13,0.11680465507547694
10334,13,0.3099343817016623
11583,13,0.35851899458835995
13200,13,0.2553726662666122
15988,13,0.22725057544978516
17011,13,0.1992743887434202
18047,13,0.19398974663404284
18887,13,0.15719588082589675
23133,13,0.21421551152914858
24133,13,0.11699559166709537
25002,13,0.1536940559395071
25826,13,1.3600364556219309
5179,13,0.07569780806568095
7097,13,0.07900325150925833
8179,13,0.07561320391308038
10340,13,0.39131253682339273
11381,13,0.38738711111312873
12413,13,0.2826938403217943
14989,13,0.30915977842947995
15791,13,0.23691238843900003
17016,13,0.22810250907039453
18052,13,0.21203110762244154
22090,13,0.23588900565846735
24138,13,0.10090361290116975
25831,13,0.6090297066792507
1962,13,0.30610680969425197
2426,13,0.11934609220855164
5184,13,0.10372087912590283
6244,13,0.10507079352481442
7318,13,0.10392572619680032
8401,13,0.22005066778076335
11385,13,0.3928800937938185
12417,13,0.32292204826063037
14993,13,0.2772781547498504
17020,13,0.27252995452954326
21036,13,0.2399279839176304
23143,13,0.11359655882299621
25011,13,0.1211546843226944
2431,13,0.21513930048576577
8189,13,0.39095657054896804
9279,13,0.4986639069951729
11391,13,0.39496340713020645
14453,13,0.36908562804738304
14998,13,0.3757162328105371
16003,13,0.3475885052609513
21041,13,0.26492112613349433
23148,13,0.06427823651240643
25016,13,0.13551707627190818
1845,13,0.4720707176230458
2436,13,0.36009024084753194
4190,13,0.3499157858910113
10354,13,0.5937968447346317
11396,13,0.5590782514244057
14299,13,0.4014995361009617
15003,13,0.5434552259829913
15806,13,0.4782126267706785
19119,13,0.3377131331271327
19973,13,0.3086818927193445
21046,13,0.18739645505291974
25021,13,0.20044504287585072
25846,13,0.11397220963206006
2441,13,0.4083421944498724
4010,13,0.4463928504439449
6259,13,0.32705954853697194
7117,13,0.37550053533360667
8199,13,0.45876057556812366
10359,13,0.586386623289708
12433,13,0.5572091193978149
28001,13,0.48187841526434144
15008,13,0.5292574643110345
17036,13,0.4232329974673949
18072,13,0.43680277390885963
18912,13,0.4286429271142231
23158,13,0.21252454662747633
24158,13,0.1331408715764301
25026,13,0.2714217571940567
25851,13,0.25303349074704234
1741,13,0.6615611897975926
3298,13,0.462661905586722
4200,13,0.4421730251857637
11406,13,0.5461761672686176
13393,13,0.6647512158163679
15013,13,0.485071312563532
15815,13,0.49835278659591886
17040,13,0.3868194547608683
18077,13,0.3397197389758169
18917,13,0.32484223230246473
22115,13,0.2794423275720224
24163,13,0.20408656588716054
25031,13,0.31484859437202534
25856,13,0.014065451547208575
27857,13,0.25650121539791804
2288,13,0.5209486057839502
3303,13,0.6396455489870748
7126,13,1.9524832648034471
8209,13,3.358683123713356
9298,13,0.32371476790276404
27967,13,3.4164967192443148
27981,13,1.1931712800677008
28051,13,0.7315067743673346
16225,13,3.05035882861949
17045,13,3.748495239057601
18290,13,0.772860529412896
21060,13,0.27878322802548905
22118,13,0.3373564845303768
23166,13,0.329510212490981
24166,13,0.34357848268878155
25035,13,1.5851936604394548
25860,13,3.6783470292732043
27918,14,0.03010367570334227
8211,14,0.037281646362507685
9083,14,0.021770489456740653
28125,14,0.02433388483242629
20418,14,0.03939192021992051
5210,14,0.11799668653898951
6057,14,0.09505929723063743
7130,14,0.056854840561915934
7997,14,0.05524738632235252
9087,14,0.045775741850585985
9948,14,0.01906009817019507
18291,14,0.044588279571456585
18922,14,0.06067113469954904
19776,14,0.06381380807235343
20849,14,0.06919157428942069
21908,14,0.06513681654346913
22958,14,0.05400133503878684
3482,14,0.2245770431183586
4019,14,0.1460164680395177
4798,14,0.13304733104235372
5849,14,0.0859332864247295
7136,14,0.05989277629022352
8002,14,0.061025833014668074
9092,14,0.05195162731853463
10161,14,0.017714170451064014
11204,14,0.006588059070158445
12238,14,0.005345619578719095
16840,14,0.026596053443323796
17874,14,0.031105657352544787
18716,14,0.06702797180760837
19565,14,0.06583704403613211
20854,14,0.07472120148262086
21913,14,0.07321349988038962
22961,14,0.07256665725403784
23977,14,0.0071677947989765844
2451,14,0.25425882300293284
3131,14,0.3008751845819277
4023,14,0.25686508914231165
5007,14,0.1699527551883242
5853,14,0.10688377221603597
6925,14,0.06406344974263999
9097,14,0.04495907863057064
10167,14,0.035840560898957805
11209,14,0.011177360342844805
12241,14,0.007069227800626336
13218,14,0.016474214762909237
14012,14,0.016916924893979512
15017,14,0.0276130801139349
15821,14,0.029620131854498674
16843,14,0.03576393182847027
17880,14,0.04474117259836919
18932,14,0.07651087200451269
19571,14,0.08040876626791076
20860,14,0.09737481223345867
21918,14,0.09639240981955524
22966,14,0.08994013572734423
23982,14,0.28642136176264216
24699,14,0.08401363691239315
1745,14,0.0431531322635181
2293,14,0.2512369619141127
3135,14,0.2973179237766108
27900,14,0.06910347430388512
7146,14,0.04968128183304969
8012,14,0.08252087444561691
10171,14,0.03531083698357742
12246,14,0.019377277872948316
14821,14,0.03277758764262395
15826,14,0.04128287196181303
17677,14,0.05582487065652991
20005,14,0.09108318238223798
21923,14,0.11485495635007417
22971,14,0.11944653945364389
25551,14,0.3028677958906932
1645,14,0.11134790473618689
3141,14,0.21739910833584256
7150,14,0.09654293503428493
9325,14,0.1049469825048361
14021,14,0.050910926933549545
22976,14,0.22730387226580126
9111,14,0.1008756799854124
12255,14,0.09003084389633147
13232,14,0.11503025733491176
17895,14,0.05255956325273065
18734,14,0.04835704949496487
21932,14,0.2173082126853218
1279,14,0.6066715390420038
4042,14,0.16423462825430055
5027,14,0.20847386958178993
12260,14,0.1635085202457946
21937,14,0.1256346462655935
28240,14,0.2096956453600806
1191,14,0.6432689903495433
3155,14,0.1951926004743845
4048,14,0.19484815855988508
5032,14,0.19761499193408927
6949,14,0.322073974187295
9340,14,0.11217741839981034
10193,14,0.08172585723749051
28017,14,0.0271148184377634
13243,14,0.14252885568319063
15845,14,0.10089949391208139
19810,14,0.047063238411637946
20883,14,0.13379695546239584
21942,14,0.16248312370636991
24889,14,0.1688128866687087
4833,14,0.2037266490209054
6096,14,0.17968223969212005
11238,14,0.2759811796510882
16667,14,0.08927863423347182
20888,14,0.14396291405463074
4246,14,0.22252493214349092
13253,14,0.048087473439615294
14047,14,0.08129701259454977
14851,14,0.14922081282716704
19820,14,0.11991952809996247
20893,14,0.12300287851728055
24016,14,0.14047245952388743
788,14,0.5588807872857956
4062,14,0.22774668899710523
6106,14,0.09110581991494458
13257,14,0.11070897361395796
14052,14,0.10459595968021591
14856,14,0.11223484346526708
15860,14,0.10492127533164286
16883,14,0.17039227013706632
17919,14,0.15038471714437884
21957,14,0.13716635169885869
24021,14,0.14497681215387132
25073,14,0.15252612142450012
582,14,0.13331637756424788
794,14,0.14541392052447338
1121,14,0.3106419916659572
6111,14,0.2388069050219265
12284,14,0.03018764805536506
14055,14,0.09042699905944644
14861,14,0.13196144189527867
16888,14,0.22776265883445845
18764,14,0.2285099199566708
23010,14,0.1407917640360124
25750,14,0.23859129749048721
520,14,0.04633083017332919
6116,14,0.2580009524456207
16893,14,0.23509871236899657
24031,14,0.15702474500781377
25754,14,0.21282007048681195
26724,14,0.3350972324248936
27093,14,0.7412303824769747
464,14,0.5692070160406761
803,14,0.18086517073395345
7194,14,0.4733879366907893
13087,14,0.010459824344336014
14871,14,0.21402816674812622
15875,14,0.21799514330508743
19840,14,0.35471479321066346
21972,14,0.20854283461078832
23020,14,0.28115102345066517
24036,14,0.26077357481183655
25760,14,0.26055620889900943
808,14,0.14713365441520157
1317,14,0.24217914853086714
1694,14,0.2316270319080808
2347,14,0.3112301714329163
3016,14,0.6203159381739227
8065,14,0.5350727725998143
14876,14,0.24848831865658855
15880,14,0.2903347791213284
19845,14,0.4079992005508931
20918,14,0.3609456806663029
24924,14,0.430062346974561
26733,14,0.5009960776209558
259,14,0.5253077786813702
1698,14,0.21738400546466213
2352,14,0.28141685356210827
17944,14,0.3229357737242302
18784,14,0.33154818452398005
19850,14,0.3488895800737569
21136,14,0.38847666601241776
21982,14,0.44238168326233507
25098,14,0.40254185301743023
25769,14,0.43926705611445027
26321,14,0.44041605527095185
26739,14,0.5370225031750226
27108,14,0.5936965040849833
266,14,0.43087499792200257
1236,14,0.1638967420123484
6994,14,0.2555765374539962
8075,14,0.5966494941724161
9166,14,0.30620025770359616
13464,14,0.46566114073540804
16913,14,0.11198775570345035
21987,14,0.3529307903137233
23035,14,0.38230539583205614
25103,14,0.3677995559144246
25775,14,0.42992362595971156
26326,14,0.5204296141493261
823,14,0.11497196760915583
4476,14,0.5604336892845959
4877,14,0.7050577287943218
9389,14,0.172210101468702
10449,14,0.1750717633279981
16918,14,0.08410282871446231
18794,14,0.11694069301611425
23040,14,0.3703936067901903
23661,14,0.3582424647612776
25278,14,0.40718253704651713
26331,14,0.475460207896409
26748,14,0.546994765588224
27118,14,0.6685226904399888
27402,14,0.7952339497366427
827,14,0.15392472136444765
1245,14,0.2123653180017089
8302,14,0.15956134097336322
11287,14,0.2675927845796264
15899,14,0.1463843346212016
17958,14,0.17736342125057747
20937,14,0.2553682242342212
21996,14,0.3525830040131895
63,14,0.7067394083380074
494,14,0.0561776763113136
1718,14,0.494286552597007
4477,14,0.7953718438276952
11706,14,0.29347413521753657
16721,14,0.1714058760424217
22002,14,0.4064596901169903
25789,14,0.4377386357445833
27411,14,0.7957071666754244
44,14,1.371654172123083
838,14,0.20983809185204283
4093,14,0.8560098595460597
11711,14,0.27436333478508795
16521,14,0.3286996525763474
19874,14,0.08771484465617317
25794,14,0.34586476270681316
26346,14,0.5364369931265238
26763,14,0.6156076468978452
27723,14,1.077006469904129
16,14,3.838435519713612
503,14,0.05260862030757811
1728,14,0.4631447631889949
7451,14,0.7695970500532803
9190,14,0.3033679734952654
10260,14,0.24535595570610377
24759,14,0.5384342573573504
25943,14,0.44398554268703033
26352,14,0.5486775959938816
27623,14,0.9475934914499925
27727,14,0.8951621862880257
27795,14,0.9608975004667447
103,14,2.8875946192290773
248,14,0.8157181241104218
508,14,0.8431821010653008
1266,14,0.33146142720029736
3377,14,0.9174354231185703
4102,14,0.954039241128927
5105,14,1.247165029655886
12339,14,0.3278054712657082
24932,14,0.5209690555983065
26356,14,0.49963474754813997
26773,14,0.6246685211918135
27628,14,0.7006411753357228
27732,14,0.890139826522831
27809,14,0.9918958357764237
2,14,3.4544601230864025
108,14,2.825258293622016
852,14,0.7284219905352376
1738,14,0.5595431781401937
3208,14,1.1727140406068621
10269,14,0.23988788115378676
11312,14,0.15434329897891497
13322,14,0.37822637267706993
20104,14,0.2164262183133819
22231,14,0.23544536846477715
23069,14,0.5136630331365384
24069,14,0.5402355966170772
24936,14,0.5953028950637993
25631,14,0.5334660804442801
26360,14,0.6205581417267305
27147,14,0.6982999931018751
27633,14,0.7828501778968326
6,14,3.644951678796686
258,14,3.404019496986797
518,14,3.6419550592505914
1275,14,3.192462145151656
1550,14,0.5936892934152321
2541,14,1.0630059027337593
3213,14,1.2691883444177563
4113,14,1.2297239294994422
8987,14,0.09603275005285342
10275,14,0.13494698190167928
11316,14,0.25126629969067926
12349,14,0.6783230548306595
13326,14,0.5596021702946766
14120,14,0.3002684069594839
23074,14,0.27169778507025927
24074,14,0.43292036726731553
24942,14,0.5987762001769582
25799,14,0.7238738077851161
27436,14,0.7338863031005085
27818,14,1.0679438506439702
27846,14,3.391750604748618
2385,14,0.9155357066368579
8120,14,0.4854019738949857
9428,14,0.176061127749699
10279,14,0.2968292924802456
11322,14,0.5658568260955321
14930,14,0.311796592016936
18834,14,0.8064083686912896
22031,14,0.19732634559294832
25804,14,0.8206655369563636
26176,14,0.8399121201037519
26787,14,1.2674322738647021
27156,14,1.078055058612473
27440,14,1.0074613907676682
27607,14,1.1139662282886706
1841,14,1.0307425138444979
2390,14,1.0389397513552576
8125,14,0.5482677985664545
9433,14,0.23568459380487078
10285,14,0.5207015171402812
13336,14,0.40509023922305576
16962,14,0.3678742794923579
28131,14,0.6800739129675649
22036,14,0.31529180887711644
24952,14,0.47344240325408404
26361,14,0.9588103453777288
27869,14,2.2569761537496302
2394,14,0.988609647412427
4127,14,1.0704429684781975
7048,14,0.9737543279551715
9220,14,0.6352434786506954
10290,14,0.5880442728576762
11331,14,0.5378497401924187
18843,14,0.47005873950386334
24089,14,0.42864860784297854
24957,14,0.6208313880838995
3230,14,0.7497864289752065
5134,14,0.599516815986812
8134,14,0.5006833735526534
14945,14,0.7004318234612706
19913,14,0.40803867016992806
20987,14,0.3591826996656052
24962,14,2.2366177176672917
28189,14,1.135836916330603
3235,14,0.6666331331200381
8141,14,0.4557733609261882
11341,14,0.4722215752060205
12374,14,0.4797320421303316
13351,14,0.5271793530748842
18013,14,0.5684132589979157
24967,14,0.23755547054919468
25483,14,2.6242686324566957
2721,14,0.6320782961976641
3239,14,0.6109944615310603
5145,14,0.45806819537074944
8145,14,0.4412362621365321
9234,14,0.4278135795100985
11346,14,0.44229703276772886
12378,14,0.42039362212686343
20996,14,0.4634212327831357
22055,14,0.23873548387822044
23103,14,0.23901046855820698
24103,14,0.17975702744241343
25487,14,0.5848114836168108
2557,14,0.6402074362133789
3244,14,0.5891632343895403
4146,14,0.47254315052908297
6209,14,0.41250560220122284
9239,14,0.44880885024100686
13360,14,0.363950798348697
14959,14,0.35410089950086626
18022,14,0.59765613158779
21002,14,0.12141061288130404
22060,14,0.22631121184502603
23108,14,0.1962263068935482
24108,14,0.19543375599721935
24976,14,0.29256635080079
25654,14,2.2642125331178047
2396,14,0.6207459292013109
3250,14,0.5496643516816068
8154,14,0.4395878414159465
10313,14,0.3887457514041942
13365,14,0.316068188319828
24113,14,0.18644308551693842
24981,14,0.27865664854807526
25659,14,1.1125330381323129
2401,14,0.5814201410715605
3254,14,0.5172974655008136
6219,14,0.41820643985422207
8159,14,0.3899002600564367
10319,14,0.35087621502066507
11361,14,0.31084298327191867
12393,14,0.21831827406538412
13370,14,0.22387084498427284
18872,14,0.21441807420732786
19938,14,0.024337984313056647
22071,14,0.10504677219829987
23118,14,0.1626312986603045
24118,14,0.18993363630826138
24986,14,0.30864509999789047
25819,14,1.4573915435091012
2406,14,0.5147788939607006
3259,14,0.4748950003764719
7082,14,0.3923276965070323
8164,14,0.4220492406812498
9472,14,0.3529881397657474
10324,14,0.3090663816839564
11366,14,0.2575280961350584
12398,14,0.18746265476877313
14974,14,0.342309119176358
15978,14,0.39428867462415673
17001,14,0.42849508398416813
18037,14,0.25564064589551844
18877,14,0.11484885398849295
19944,14,0.05064669309276618
21016,14,0.07388524722467962
23123,14,0.20057478622302102
24123,14,0.21206820386172834
24991,14,0.34257880780459904
2411,14,0.5220405782193652
3089,14,0.4602903731869482
6229,14,0.4822962662423374
8169,14,0.41133024916473254
12403,14,0.21895975289516753
14979,14,0.28004134160651345
15983,14,0.34163932821281856
17006,14,0.22652773557862996
18042,14,0.1031583497856042
22080,14,0.18186222767163762
23337,14,0.14646598988835158
24128,14,0.203253620239187
24996,14,0.2831907956488385
2416,14,0.48974632416458264
3269,14,0.433567217545165
7092,14,0.4165447983223879
8392,14,0.3457856769570564
9264,14,0.3041434227399854
10334,14,0.3335210136224269
11583,14,0.34763601684150164
13200,14,0.15403756481338712
14984,14,0.17337890747536347
15988,14,0.2147559000723246
17011,14,0.14899056441502193
18047,14,0.054433559203206035
23133,14,0.18492676154921403
24133,14,0.17802457395304236
25002,14,0.2187424030395515
25826,14,0.4419005586385795
5179,14,0.4798532869914121
7097,14,0.3879794944569512
8179,14,0.2883363107675924
10340,14,0.37446939014625286
11381,14,0.28798822302356236
12413,14,0.07470149379011234
14989,14,0.2101689365300173
15791,14,0.14679485992720598
22090,14,0.18168253138762128
24138,14,0.20686815249117932
25006,14,0.2252359244078965
25831,14,0.4915716594049887
1962,14,0.3877932460052377
2426,14,0.4060933149013222
5184,14,0.45451404552118796
6244,14,0.38712873444711243
7318,14,0.3081970840951396
8401,14,0.2852823982660355
11385,14,0.2099967776308554
12417,14,0.08003220389554981
14993,14,0.16769791285078836
15796,14,0.15291413421344027
17020,14,0.1283507104377645
21036,14,0.17602024756859627
23143,14,0.16959415297903624
24143,14,0.21242906707109416
25011,14,0.2817212526572021
2431,14,0.41730892793245167
9279,14,0.4108314353580917
11391,14,0.01983742511573479
12423,14,0.12183625314624624
14453,14,0.15716654028593016
14998,14,0.14507746441592084
16003,14,0.115010070555034
21041,14,0.162316160350095
23148,14,0.217173533156007
25016,14,0.23888140118510867
1845,14,0.42915257527483464
2436,14,0.3621068069161362
4190,14,0.38566079826526506
6039,14,0.281012139720372
10354,14,0.3183802819848388
13383,14,0.2251687452566635
14299,14,0.17047436304759905
15003,14,0.08943272189204528
15806,14,0.09916259371073523
19119,14,0.14342383501596911
19973,14,0.15840501146085267
21046,14,0.18767376553675832
25021,14,0.3012969327233155
25846,14,0.3458881295955633
2441,14,0.3986888625853504
4010,14,0.3514510318162592
7117,14,0.18109931690823627
8199,14,0.2214744744658546
10359,14,0.2776585106351486
12433,14,0.05343134036660735
13388,14,0.1490064171274087
28001,14,0.2667622938427959
18072,14,0.08883310562822283
18912,14,0.1413437153965943
23158,14,0.2657512995842746
25026,14,0.3289198899298701
25851,14,0.3828517235577783
1741,14,0.4873450488360225
4200,14,0.3523499567052169
9294,14,0.2079961805830767
11406,14,0.14140810607986648
13393,14,0.657234664648639
15013,14,0.20494478023085141
15815,14,0.12891845180593242
17040,14,0.26800580702010723
18077,14,0.3916506398735349
18917,14,0.26394579857723416
19983,14,0.27945393795345386
22115,14,0.3328160715507494
25031,14,0.31910549201638727
25856,14,0.3752913509785129
27857,14,2.331449379101377
2288,14,0.44296038082700273
3303,14,0.6592474800717177
7126,14,1.3904603350334148
8209,14,2.7111962179532374
9298,14,0.45603381833146023
11410,14,0.3034389192176813
27967,14,3.4914422615497354
27981,14,2.3920369476218153
28051,14,1.3257796493595233
16225,14,2.83459558283097
17045,14,3.468307922300258
18290,14,1.48242336113447
21060,14,0.34690112581801713
22118,14,0.29389010609685573
23166,14,0.3591282367031488
24166,14,0.4842736949404448
25035,14,2.871384133490801
25860,14,3.218535553060152
27918,15,0.03729728497562893
8211,15,0.04318571770346537
9083,15,0.029067350507827557
28125,15,0.032451098350529235
20418,15,0.05174047795385729
5210,15,0.12723856512909001
6057,15,0.10471631111417391
7130,15,0.07732707653176059
7997,15,0.0779778970476972
9087,15,0.06920824400237353
9948,15,0.025870021341335883
18291,15,0.05546673286526965
18922,15,0.07470386373802415
19776,15,0.08012933927940913
20849,15,0.08819796677408029
21908,15,0.08304800102408731
22958,15,0.07135833498254479
3482,15,0.21302402201817514
4019,15,0.15294695349603757
4798,15,0.13783625713366512
5849,15,0.09862517118677767
7136,15,0.08335074148586788
8002,15,0.0856305274985225
9092,15,0.07644163064193978
10161,15,0.023121205372532563
11204,15,0.02253171386285472
12238,15,0.023905493577954916
16840,15,0.03927513458179705
17874,15,0.04208685662696346
18716,15,0.08488668964085243
19565,15,0.08381291782881813
20854,15,0.09656772389961785
21913,15,0.09433216673691872
22961,15,0.09451748643993174
23977,15,0.007309363144959307
2451,15,0.2675758758990516
3131,15,0.20724251466118743
4023,15,0.23069090751426866
5007,15,0.16454760687320436
5853,15,0.12217973684779605
6925,15,0.09762522191974271
9097,15,0.06867134744242641
10167,15,0.061487429135753106
11209,15,0.03064337574619598
12241,15,0.026043571420403734
13218,15,0.03372559592670287
14012,15,0.03496421758346305
15017,15,0.04578174190164537
15821,15,0.04549969115034902
16843,15,0.04903925305420742
17880,15,0.0586477159539838
18932,15,0.10193710683388318
19571,15,0.10861053982401737
20860,15,0.13691705483884678
21918,15,0.13520048421178152
22966,15,0.129737376047651
23982,15,0.39152455670574016
24699,15,0.13538784879589705
1745,15,0.018895073568625013
2293,15,0.25033867472476545
3135,15,0.1976079032650325
27900,15,0.11636492974511435
7146,15,0.08725543854553887
8012,15,0.08909382601437467
10171,15,0.06801578197456647
12246,15,0.044656966558074065
14821,15,0.0534973997053692
15826,15,0.02171676209426593
17677,15,0.07439714821440473
20005,15,0.1285557301671449
21923,15,0.16817905994749865
22971,15,0.17209624380741959
25551,15,0.4140790153139632
1645,15,0.038037683985129904
3141,15,0.2793790513756615
5018,15,0.23519910618368028
7150,15,0.14527886439103438
9325,15,0.05654486010228022
14021,15,0.06514212625374054
17890,15,0.03828492927755724
22976,15,0.25226704660432425
10181,15,0.03672361236461603
12255,15,0.08150838937840543
13232,15,0.10912400528170443
17895,15,0.12720555821279336
18734,15,0.06869044845154527
21932,15,0.17632777996446952
1279,15,0.44772844098302
4042,15,0.18057945276222864
5027,15,0.16544675166211797
12260,15,0.06884182501523566
20019,15,0.09114180106261288
21937,15,0.10734442818642823
28240,15,0.18040153214160845
1191,15,0.5517543422131606
3155,15,0.20723560081267592
4048,15,0.206180212331957
5032,15,0.21909264050983568
6949,15,0.2662426266482672
9340,15,0.0838522380126695
10193,15,0.055613780306776855
28017,15,0.036387035484821646
13243,15,0.08119473240554365
15845,15,0.2131345887151494
18744,15,0.07251874023739568
19810,15,0.11128174553670492
21942,15,0.20173459863081925
24889,15,0.06346099014324591
4833,15,0.173748657943011
6096,15,0.1587914433408359
11238,15,0.3656399459135492
16667,15,0.13152648473437495
20888,15,0.15575800367428355
4246,15,0.21371608203160697
13253,15,0.1590226484522463
14851,15,0.20467760180595737
19820,15,0.0649272435300093
788,15,0.5278240937986589
4062,15,0.2319279325210737
6106,15,0.07230481305944107
14052,15,0.23812052998147712
14856,15,0.2280577717893919
15860,15,0.12123448640262327
16883,15,0.08622460430343253
17919,15,0.07041770046891778
21957,15,0.1309618771035793
24021,15,0.03386332515428325
25073,15,0.02507035491817489
794,15,0.08957749136229036
1121,15,0.14936042054013735
6111,15,0.11881582918874331
12284,15,0.33553166652616845
14861,15,0.24595590031606168
16888,15,0.09094891758337652
18764,15,0.01513508588565868
23010,15,0.050639799544150536
24026,15,0.04656870869178327
25750,15,0.03020895466559459
520,15,0.040993648845183354
6116,15,0.11621928230141113
16893,15,0.12702442324182653
17929,15,0.046239361478006766
24031,15,0.14944713260609443
24914,15,0.08467730497773333
25754,15,0.1048972445107191
26724,15,0.2309651050062334
27093,15,0.6500321730453282
464,15,0.5085492392928637
803,15,0.027612338657390004
7194,15,0.21312252868329468
13087,15,0.17516808190552055
14871,15,0.18157478704975652
15875,15,0.13798210578216757
18774,15,0.10063649799978806
19840,15,0.08177377135635888
21972,15,0.13373684917258138
23020,15,0.16011167168961488
24036,15,0.18186569969310132
808,15,0.06880343599846322
1317,15,0.014308112886484712
8065,15,0.23839728041924368
14876,15,0.23928259679574873
15880,15,0.11254579063223606
19845,15,0.13328459136835968
20918,15,0.16687318058464065
24924,15,0.29351280102094296
26733,15,0.33489298288774844
259,15,0.39542012545754923
1698,15,0.2224281516357359
2352,15,0.31307599193939356
6131,15,0.12410980490508827
17944,15,0.16504875132850783
18784,15,0.18591654717914655
19850,15,0.1928916574213347
21136,15,0.20808170777836896
21982,15,0.19073429809352493
25098,15,0.21640444931650896
25769,15,0.2989157274658131
26321,15,0.27495537548909516
27108,15,0.33138723770164713
266,15,0.2976816639255157
1236,15,0.12788590693998098
6994,15,0.2400544756960136
8075,15,0.19615148861616635
13464,15,0.774611750195811
16913,15,0.12946586852867897
21987,15,0.20381160678729549
23035,15,0.22748527743671315
25103,15,0.1148949254476706
25775,15,0.22057727320395432
26326,15,0.29918798830180615
26744,15,0.23614924154252978
3204,15,0.46366559882345576
9389,15,0.24124478448123962
10449,15,0.29525624766083197
16918,15,0.17135200636936893
18794,15,0.2207163314156372
19860,15,0.19657895528228914
23040,15,0.12656957935328025
23661,15,0.16326243069872787
25278,15,0.16685406977502526
27118,15,0.277810155318258
27402,15,0.35977899795647134
616,15,0.11268815531351396
827,15,0.06882733547333271
1245,15,0.12266255157920102
8302,15,0.2880372548891555
11287,15,0.5839849550315773
15899,15,0.02624066546047274
17958,15,0.22534886197778886
20937,15,0.14119638798902404
63,15,0.5360016882690473
494,15,0.05950037643938363
1718,15,0.4604840177514913
4477,15,0.5396373461977462
11706,15,0.6136523724512192
22002,15,0.22529863922167895
25789,15,0.3138213556293989
44,15,0.7822239967810223
838,15,0.23577279906213278
4093,15,0.5688129265258921
11711,15,0.33647577108131665
16521,15,0.5199703532960928
25794,15,0.27634709585850886
26346,15,0.23900117269675802
27132,15,0.2874147738914602
27313,15,0.335199214453161
27723,15,1.6375469871603903
503,15,0.1960317437342508
1261,15,0.4263479700686199
1728,15,0.4395688756701224
4097,15,0.6012975086738082
9190,15,0.5926361300023565
10260,15,0.6446884816286823
24759,15,0.24010220088720932
25943,15,0.2729511103134759
26352,15,0.2687715071331782
27623,15,0.5171731189911789
27727,15,0.4745080120224809
27795,15,0.8445483230468207
248,15,0.14951371192797366
508,15,0.0746830103960549
1266,15,0.5459139378998771
3377,15,0.625319565033558
4102,15,0.6546540270839246
5105,15,0.8437700218553558
12339,15,0.4401328820923738
22016,15,0.20284475868795204
24932,15,0.37441901566720404
26356,15,0.30072583806545383
26773,15,0.39916544302117374
27628,15,0.4674077360317131
27809,15,0.6605938638271414
2,15,3.2451424991219966
108,15,1.839039345946479
852,15,0.3735346283425548
1738,15,0.758575948741773
3208,15,0.7495556022368242
11312,15,0.6216303045926455
13322,15,0.5026177931888732
20104,15,0.3426332451577015
22231,15,0.3408044154904942
24069,15,0.2912154259422647
26360,15,0.4185977209729154
27147,15,0.4687273771274694
27633,15,0.44774826941568974
112,15,1.8853170311355671
258,15,3.409256676885488
518,15,3.6122771873309643
1275,15,3.0064733111934774
2541,15,0.8660633642240534
3213,15,0.8532762077944548
4113,15,0.8283544527313358
8987,15,0.30427330160611404
10275,15,0.45736396756647346
11316,15,0.43998143835058534
12349,15,0.5045078911822529
13326,15,0.5146558172597981
23074,15,0.2798488353784846
24074,15,0.296229828829348
24942,15,0.5096911224878331
25799,15,0.36648335057287484
27436,15,0.41518203767943396
27818,15,0.7450143297341439
27846,15,2.274905744850021
2385,15,0.8743623902858004
8120,15,0.2386687739547973
9428,15,0.2350079645319618
10279,15,0.18705670115874096
14930,15,0.38654763060354125
22031,15,0.3508054806393509
23079,15,0.48037540231474163
25804,15,0.6203678097527522
26176,15,0.4240747093413249
26787,15,0.523715475878517
27156,15,0.6187963429534751
27440,15,0.6623146130492792
27607,15,0.819722068180963
1841,15,0.9945371453932761
2390,15,0.9582768756181348
9433,15,0.298880406188787
10285,15,0.509320013656551
13336,15,0.38636796161326004
16962,15,0.43416388131848416
19904,15,0.6013268124410401
22036,15,0.6110459599066896
24952,15,0.6568665385134873
26361,15,0.5276413148621947
27869,15,1.6168286139907064
2394,15,0.93823000030314
4127,15,0.9304654603063612
9220,15,0.6762604026044512
10290,15,0.5845076295266494
11331,15,0.5466624395419294
14940,15,0.5506687809196046
18843,15,0.49733506284052065
24089,15,0.6655419663712675
24957,15,0.6873925603791834
3230,15,0.5796375995620315
4132,15,0.5338406360883119
5134,15,0.681427216887127
8134,15,0.6538008278453734
11336,15,0.49467048075682973
14945,15,0.5141626466526149
19913,15,0.43765783510114137
23094,15,0.5402744245799802
24094,15,0.4384144210547512
24962,15,2.590242813710395
28189,15,1.0916797721898122
3235,15,0.5317380249544442
8141,15,0.5322112729628681
13351,15,0.43476013181895096
18013,15,0.3518664129948136
24967,15,0.29832508669175034
25483,15,2.7998793679593903
2721,15,0.4806020640613519
3239,15,0.49629906577939736
8145,15,0.5040023697941299
9234,15,0.5257907586269621
12378,15,0.48432387473817134
20996,15,0.36971727985383807
23103,15,0.18933928553920673
24103,15,0.2544713918923402
25487,15,0.8410059937102218
2557,15,0.4659863737243097
3244,15,0.41783547120899145
4146,15,0.4397836860374789
9239,15,0.5077379808008051
12383,15,0.46015588342088276
13360,15,0.3939799434301065
14959,15,0.21594476347200253
18022,15,0.3633153651066795
19928,15,0.32130320501543663
21002,15,0.16052956618802317
22060,15,0.14095126037352296
24976,15,0.27367612218020154
25654,15,2.6349213184378653
2396,15,0.41064507456793387
3250,15,0.40056343061754285
5154,15,0.43133282228064934
8154,15,0.5306144378191793
9244,15,0.5217847272731689
10313,15,0.5070301171430651
11356,15,0.5098598168905555
13365,15,0.32178181906322795
21006,15,0.06953891233220892
24113,15,0.23176138738563273
24981,15,0.2365657933202375
25659,15,2.28217466655644
2401,15,0.3266399214350487
3254,15,0.3780511187396733
6219,15,0.43992023448579626
8159,15,0.5262316926298424
10319,15,0.5039032620282514
11361,15,0.5002452657511501
12393,15,0.42828816724262636
13370,15,0.30870279430641945
18872,15,0.055038469033765164
19938,15,0.1605896076639752
22071,15,0.07980017749926561
23118,15,0.17636986849488195
24118,15,0.23298788264526704
24986,15,0.19812259084513648
25819,15,2.561402963337455
3259,15,0.30704402334771963
7082,15,0.4800531506086561
8164,15,0.4973078075663271
9472,15,0.49840139263072886
10324,15,0.483299384988644
12398,15,0.36106632623119367
14974,15,0.12044844320802546
15978,15,0.21987155069538616
17001,15,0.22424117577669636
18037,15,0.04244204153864408
18877,15,0.08866218738529513
19944,15,0.15889423072526002
22075,15,0.1925140032509274
23123,15,0.20561753643127822
24123,15,0.2671036596232763
24991,15,0.19643065457854622
25669,15,0.3756465158476591
2411,15,0.22899960267817987
3089,15,0.29519642286811937
6229,15,0.5088987468479671
8169,15,0.48410683556183026
9259,15,0.4961159655931741
12403,15,0.38357504665128356
14979,15,0.09384638319394115
15983,15,0.13622287426452342
17006,15,0.07760442959000194
18042,15,0.046870128858208744
22080,15,0.13100447889076886
23337,15,0.1930358875738776
24128,15,0.1863251669531192
24996,15,0.18279427746311866
25673,15,0.3617550755378647
2416,15,0.2552685090327699
3269,15,0.31221357530556465
4171,15,0.42787123657629145
7092,15,0.5618711912208731
8392,15,0.5104830890441057
9264,15,0.5589549760864114
10334,15,0.5910163939364826
11583,15,0.5297885984266807
13200,15,0.2884216102921477
14984,15,0.11723412846471414
15988,15,0.07092547107480822
17011,15,0.009413577961992561
18047,15,0.03303201303717828
19953,15,0.06927121846649364
23133,15,0.17064468245408393
24133,15,0.14099812224753322
25002,15,0.21890210333550933
25826,15,1.6492463569194564
5179,15,0.5012923313721392
7097,15,0.5421115096977541
8179,15,0.5176867815786558
10340,15,0.6632493154858224
12413,15,0.2924607551915842
14989,15,0.057706940244857806
15791,15,0.012384784094729229
24138,15,0.1391146073965074
25006,15,0.25016958012479107
25831,15,1.7847915297736223
1962,15,0.15748463917658237
2426,15,0.18528953807585752
5184,15,0.5113837679477031
7318,15,0.5145400639247761
8401,15,0.6147135731767533
11385,15,0.48559021393709845
12417,15,0.3080794481863004
14993,15,0.10699863329619966
17020,15,0.03771452843500008
21036,15,0.09207979626277771
23143,15,0.15340520494094037
25011,15,0.2686288180853876
25836,15,0.36502769446037436
1967,15,0.3062351316388858
2431,15,0.22567285539985035
4186,15,0.3823296423444789
9279,15,0.6511780700171066
11391,15,0.4918546593951065
12423,15,0.33911970612379055
14453,15,0.5752177278152932
14998,15,0.13751951904240348
16003,15,0.04683045089597607
21041,15,0.1063450613829969
23148,15,0.21727748499427427
25016,15,0.38376160090214745
25841,15,0.38582078134723635
1845,15,0.5009915361949879
2436,15,0.41203907050552363
4190,15,0.17916947372998224
6039,15,0.3598283857679387
10354,15,0.5513693459774744
14299,15,0.9609422354797585
15003,15,0.2561127017714293
15806,15,0.15951718492458522
18067,15,0.15106468686643787
19119,15,0.09667060798514733
19973,15,0.1606222293992969
21046,15,0.1696105868558055
25021,15,0.6307083577310861
25846,15,0.7320457952160105
2441,15,0.40291036071116126
4010,15,0.05054840997926413
7117,15,0.3843112554561829
8199,15,0.4684695238713652
10359,15,0.5013954737673457
11401,15,0.46561285631226335
12433,15,0.3628883707451297
13388,15,0.45842470474005154
28001,15,1.097685649392287
18072,15,0.7047252529189952
18912,15,0.5371523267971223
23158,15,0.5437022791700513
25026,15,0.752016105872223
25851,15,0.8673691796955426
1741,15,0.6854682877649969
5203,15,0.18246875703558108
9294,15,0.48917154306138294
13393,15,1.4491368292226519
15013,15,0.9043697108296216
17040,15,0.9183435458991497
18077,15,1.0953416486444942
18917,15,0.9995090067073383
19983,15,0.8655349699193491
22115,15,0.8116731666562969
25031,15,0.915980720983555
25856,15,0.9415905743626144
27857,15,1.3871171485475746
2288,15,0.1862657519135998
3303,15,0.18058221755178577
7126,15,1.3161186042285762
8209,15,2.31077498464703
9298,15,0.4576615913609838
11410,15,0.4258259724889089
27967,15,3.174165254839183
27981,15,2.388568816519696
28051,15,2.622666539127057
16225,15,3.1705516687321036
17045,15,3.565462442578013
18290,15,2.2024503944350444
21060,15,0.9805140334288887
22118,15,0.9271463137259037
23166,15,0.9873190625720892
24166,15,1.066547684018258
25035,15,1.823014986206285
25860,15,1.7175277107469566
27918,16,0.0008339611382425549
8211,16,0.006806486717222255
9083,16,0.011034118030574526
28125,16,0.02610940647414376
20418,16,0.03967694049216637
5210,16,0.0660015441403803
6057,16,0.04912736872581044
7130,16,0.02693141907313619
7997,16,0.029270502948734824
9087,16,0.022823029618248142
9948,16,0.00442918602197898
18291,16,0.03869268102324671
18922,16,0.0549329730622537
19776,16,0.06371455465481529
20849,16,0.06574738479739599
21908,16,0.06477857460048286
22958,16,0.07268894814283362
3482,16,0.20815945551180076
4019,16,0.0967078253342802
4798,16,0.07056367966702082
5849,16,0.036255965411194024
7136,16,0.02716281235153997
8002,16,0.0294280071565214
9092,16,0.02323702735308659
10161,16,0.004604137929825108
11204,16,0.009570727364536336
12238,16,0.01151985366136291
16840,16,0.028449457638498356
17874,16,0.02675009790976626
18716,16,0.06344200696841133
19565,16,0.06520522489717369
20854,16,0.07345691666143267
21913,16,0.07391598175969853
22961,16,0.09142521002656134
23977,16,0.0076094744966532955
2451,16,0.3212934372201763
3131,16,0.33306914627476497
4023,16,0.2108380224023314
5007,16,0.09790036092940854
5853,16,0.04441078495627126
6925,16,0.03817255435254259
9097,16,0.03037114309374395
10167,16,0.027874205885199
11209,16,0.016153890416548917
12241,16,0.015163667323236495
13218,16,0.029986676107578446
14012,16,0.03373507523279422
15017,16,0.04645238871029558
15821,16,0.04500132930107387
16843,16,0.0435870820833238
17880,16,0.05209284883275435
18932,16,0.09371135406355692
19571,16,0.1044159656151849
20860,16,0.1378370484862386
21918,16,0.12952093548560423
22966,16,0.14506177920876537
23982,16,0.6305305049043998
24699,16,0.21013396350538335
1745,16,0.03276713041250588
2293,16,0.3876025530982101
3135,16,0.4926390963783072
27900,16,0.04064779118979915
7146,16,0.044169162149029065
8012,16,0.044436817492892786
10171,16,0.032694446075694876
12246,16,0.03172083096948626
14821,16,0.05417675597977402
15826,16,0.017297137577499757
17677,16,0.08191330964035796
20005,16,0.13603422792001468
21923,16,0.18106642515541127
22971,16,0.1932624677333212
25551,16,0.6757931779494096
1645,16,0.053467959452867246
2298,16,0.5523063207986458
3141,16,0.5645232712575773
5018,16,0.7126910444561537
7150,16,0.10911067501393606
8016,16,0.07914492494964946
10177,16,0.03328958727998442
14021,16,0.06761308371809746
17890,16,0.10592821204603915
22976,16,0.578441777004394
12255,16,0.1201024576225558
13232,16,0.12700889246137298
17895,16,0.07285467263095236
18734,16,0.059976465086090454
21932,16,0.22345539602462464
1279,16,0.12256370391705866
3150,16,0.8364895992980504
4042,16,0.753775935431212
12260,16,0.1252502314146356
20019,16,0.12571189622012763
21937,16,0.19218360540011264
28240,16,0.3948425162237957
1191,16,0.08196276527070108
3155,16,0.7867813832004915
4048,16,0.8592450304227025
5032,16,1.0599496228415906
6949,16,0.15841598777784885
9340,16,0.09008802544661987
10193,16,0.27031414331184694
28017,16,0.09021281679046798
13243,16,0.3903778087157256
15845,16,0.4022683937226768
19810,16,0.15220007321434723
21942,16,0.264276205888214
24889,16,0.19014934188148602
4833,16,1.0943061691803118
6096,16,0.9722035442485593
12270,16,0.7172293232720527
21947,16,0.30441319010322354
861,16,0.3509209447607167
4246,16,1.2017239616500488
13253,16,0.5341429591530125
14851,16,0.3738635905386866
19820,16,0.2642951100437163
23000,16,0.24327342496149262
24899,16,0.2137855812636998
788,16,0.20031524569012518
4062,16,1.175673842929196
5047,16,1.2280147175446552
6106,16,0.3833507589238695
14052,16,0.4108916051164934
14856,16,0.3410749224121004
15860,16,0.32995157775263334
16883,16,0.26642513517703864
17919,16,0.3026492901608898
21957,16,0.17674125731135484
24021,16,0.2688584585707098
25073,16,0.22789860507316473
1121,16,0.9081724945069279
6111,16,1.015774832800932
12284,16,0.4376517065305696
14861,16,0.3425958300322902
16888,16,0.2517328068445667
23010,16,0.13802898402133223
24026,16,0.21569004871475372
520,16,1.048417442285241
1215,16,0.9134743545561815
13083,16,0.3350014909745578
16893,16,0.287578050778663
17929,16,0.23454622320275884
24031,16,0.14208075717680563
24914,16,0.165056071795971
25754,16,0.19706590257958573
26724,16,0.17602505173625516
27093,16,0.5179451093918722
464,16,0.5765726334609228
2342,16,0.8329311079204095
7194,16,0.218799825237208
13087,16,0.2617092220177889
14871,16,0.3452696106867338
15875,16,0.31295187399540564
17934,16,0.24955264457461318
18774,16,0.253052462356756
19840,16,0.21016246553133908
21972,16,0.16794724537933428
23020,16,0.13683341722445444
24036,16,0.08523623632706391
24919,16,0.12179392462338831
26312,16,0.15511967949966016
26646,16,0.07868959973786853
808,16,1.0074949048079838
1317,16,0.9198159989823887
7200,16,0.1647406814464956
8065,16,0.16219456597934492
15880,16,0.3272746905790044
19845,16,0.21419221842692965
20918,16,0.23042920891613305
24041,16,0.1881027032096151
24924,16,0.12130282998337819
26733,16,0.19057611203538072
259,16,0.8540054685361493
1698,16,0.8126878636679552
2352,16,0.7766956527422461
17944,16,0.29244209946014854
18784,16,0.2675124911887712
19850,16,0.22941600604102896
21982,16,0.23997396078240754
23030,16,0.19110117693215234
25098,16,0.1582071259670942
25769,16,0.14556356293592168
26321,16,0.15191708782461857
27108,16,0.10666966014179376
266,16,1.3468793755157515
6994,16,0.3712380880605456
8075,16,0.2536533021767036
13464,16,0.40108278804002406
14886,16,0.27323459498041236
16913,16,0.2979867131350222
21987,16,0.23782227750573343
23035,16,0.1805857675943949
25103,16,0.1305246661669111
25775,16,0.11399650693339931
26326,16,0.1061188151528181
3204,16,0.5996121558708882
8080,16,0.6284404802612527
9389,16,0.5823675220014192
16918,16,0.3124775331204866
18794,16,0.27394763176827625
19860,16,0.23910101496586886
23040,16,0.1634373038544035
25278,16,0.10971012733567387
25780,16,0.09091242981447858
27118,16,0.12897618666079175
27402,16,0.23301835032911028
616,16,0.8683762596258486
827,16,0.7928802092818039
1245,16,0.7813775186880497
8302,16,0.6314368264729965
10246,16,0.27910419027263367
11287,16,0.5927596045471712
17958,16,0.28250572062622087
19863,16,0.23233187760110754
27122,16,0.13546380620412352
63,16,0.618447593034081
494,16,0.7320790402020386
4477,16,0.4015336804967402
11706,16,1.1506010069486359
22002,16,0.21438491458950895
23050,16,0.19275124546318484
25789,16,0.08739180201213033
44,16,0.7611564143087073
838,16,0.5168571511009401
2376,16,0.4244174760414486
4093,16,0.3361699588690681
11711,16,0.8784097248774209
23055,16,0.19531102498951167
25794,16,0.1611265291777819
26346,16,0.1705060426546315
27723,16,1.6029281734878975
1728,16,0.358982969340911
4097,16,0.2918532487969657
9190,16,1.0504020663115972
10260,16,0.9435425425356461
23059,16,0.2937941278905704
24759,16,0.24535750144135388
25943,16,0.23767946267896306
26352,16,0.22149087663791703
27623,16,0.2905775114598358
27727,16,0.2961102316971816
27795,16,0.5128798994391858
7,16,3.397436424092037
508,16,1.7671293303913478
847,16,0.6564453666784101
1266,16,0.16041570726570803
3377,16,0.2813865134025152
4102,16,0.27573224278172304
5105,16,0.29994131161482346
12339,16,1.1350476286861915
24064,16,0.26533952303455155
24932,16,0.17278591087998166
26356,16,0.25284680972450885
26773,16,0.09017034201826032
27809,16,0.39041025964579806
2,16,3.18037475307806
108,16,2.933082587723088
1738,16,0.11584258079626113
3208,16,0.16354002123006117
4107,16,0.23412728760941406
11312,16,0.9982246852258678
13322,16,1.1742808694722326
20104,16,0.47135040383775717
22231,16,0.5145094921334378
24069,16,0.33100162867255767
26360,16,0.24374083209039255
27147,16,0.13166195954871843
27814,16,0.5075346657319967
112,16,3.149488934341126
258,16,3.281952522410313
518,16,3.284211687887387
1275,16,2.3387853499881404
2541,16,0.09955011029058292
3213,16,0.13423259289178657
4113,16,0.11652921335355215
4907,16,0.17502981144360147
8987,16,0.7970437832878112
10275,16,0.9119115833503922
11316,16,0.8739588095388029
12349,16,0.7079944470823126
13326,16,0.8249401670706024
23074,16,0.5462064358658357
24074,16,0.431129664045429
24942,16,0.2958642953482801
27436,16,0.21368577622297386
27818,16,0.9841053271187046
27846,16,2.798799280791908
2385,16,0.08698982257199384
8120,16,0.4423252796286904
9428,16,0.643555501795239
10279,16,0.7096628238980034
14930,16,0.8387588216806967
22031,16,0.5296132053385985
23079,16,0.3933368813913971
24947,16,0.5520774401368692
25804,16,0.5034871094413644
26176,16,0.23007838438652436
26787,16,0.35139628043125853
27156,16,0.32018367876843656
27440,16,0.5196932738743056
1841,16,0.0994733796665568
2390,16,0.08774925378303133
10285,16,0.34453659496449623
13336,16,0.6420423132008889
16962,16,0.9474877465773919
18838,16,0.7343371730256681
19904,16,0.8290699122525906
24952,16,0.5546267783851322
25809,16,0.36086310095155266
26361,16,0.47107071983947557
27869,16,0.6307179895129704
2394,16,0.1455634686897336
4127,16,0.21104486867333017
9220,16,0.12429678502154037
10290,16,0.2393507428646665
11331,16,0.6513644294892101
18843,16,0.8748020957304541
24089,16,0.7576467111981
24957,16,0.7400208930396318
3230,16,0.9434482292848116
4132,16,0.8512864420437161
5134,16,0.15863914674096416
11336,16,1.036894203363407
14945,16,1.2852607337353812
19913,16,1.0708277015883683
24094,16,0.8538962262672141
24962,16,2.1988085607819445
28189,16,0.7874220605443347
3235,16,0.9297272244519864
8141,16,0.7525084742395072
13351,16,0.8054970664661684
24967,16,0.7620908482419693
25483,16,2.4942519693620673
2721,16,0.8191483964920729
4141,16,0.9199800397959347
8145,16,0.7340681653685258
9234,16,0.7374490285587353
10305,16,0.8249104235623407
12378,16,0.7143571923889381
20996,16,0.8348522214742429
23103,16,0.6505097173009466
24103,16,0.8187181288493303
24971,16,0.8308880037406546
25487,16,0.8237173049780999
2557,16,0.4436907552171374
3244,16,0.9917481258806082
4146,16,0.9572323312041253
9239,16,0.753041279754375
12383,16,0.6771227872557138
13360,16,0.7944343153584107
14959,16,0.8958069508269003
18022,16,1.0228219642815286
19928,16,0.9708184358101242
21002,16,0.635044277223432
22060,16,0.45903981426407897
24976,16,0.7290085287076844
25654,16,1.591063494674467
2396,16,0.5653164746649033
3250,16,0.9516062869316075
5154,16,0.8833550584886136
8154,16,0.7019371838565046
9244,16,0.7078366074879748
10313,16,0.7094537272424961
11356,16,0.5567540813123152
18867,16,0.9681275940702314
21006,16,0.49767426290717154
24113,16,0.6931427540391866
24981,16,0.6404736887362182
25659,16,0.7383293038173429
3254,16,0.9256964305800088
6219,16,0.8020246160708203
7077,16,0.7227792548005485
11361,16,0.5025332998899388
12393,16,0.6327650705813648
13370,16,0.741675864641005
14969,16,0.8618566187143794
18872,16,0.6701732835199016
19938,16,0.5419195971878206
23118,16,0.7053632620486819
24118,16,0.6785123798601422
24986,16,0.6304108781213141
25819,16,1.6617894719069939
3259,16,0.8898103279321481
7082,16,0.7201624212424633
8164,16,0.7167234046399458
9472,16,0.6864251045707596
10324,16,0.5991346285200716
12398,16,0.69247096729579
14974,16,0.8067591697645938
15978,16,0.8187703813107009
17001,16,0.772194388038119
18037,16,0.6826108698049077
18877,16,0.6041596867649058
19944,16,0.5123865643778616
23123,16,0.6772063634746235
24123,16,0.6510370262751086
24991,16,0.514618285200924
25669,16,0.5361314374404428
2411,16,0.8935715125944563
3089,16,0.8546415281797141
4166,16,0.8367951906354203
6229,16,0.7271993718726847
8169,16,0.691037187461373
9259,16,0.6633133919126308
12403,16,0.6729956067208808
14979,16,0.7118206643341106
15983,16,0.7588482462048916
17006,16,0.6970541885517331
18042,16,0.6477918571508395
21021,16,0.6238182028220145
23337,16,0.6392986282148029
24128,16,0.5608360451928281
25673,16,0.49958171130385054
2416,16,0.8470980528703184
3269,16,0.8412076271506131
4171,16,0.7642934640538703
8392,16,0.6529562334022311
9264,16,0.6192750826409751
10334,16,0.6082893361910385
11583,16,0.5937034960404121
13200,16,0.8096631467054648
15988,16,0.5946459380014708
17011,16,0.6060945141447851
18047,16,0.5617088257249911
18887,16,0.5489721410607433
19953,16,0.5655867624737314
25002,16,0.5009523596043943
5179,16,0.6879945316089573
8179,16,0.673623299423638
10340,16,0.650487422236386
14989,16,0.5212429081752388
17016,16,0.5901306957750532
18052,16,0.5468500413386431
24138,16,0.3652453376063204
25006,16,0.45765829422880355
25831,16,0.4253682270664949
1962,16,0.7368607683929067
2426,16,0.8622297733957967
4181,16,0.7116476026115117
5184,16,0.6912337344636679
7318,16,0.7011881819923613
8401,16,0.6897200178531904
11385,16,0.6668157904583127
12417,16,0.73282460831731
14993,16,0.535190452164931
17020,16,0.5476362794160863
18057,16,0.5071443528870484
25011,16,0.35318200467663396
25836,16,0.5147680333113863
2431,16,0.7982240409418935
6248,16,0.7185225559180246
7107,16,0.7195810419716583
8189,16,0.6947449726315499
9279,16,0.6601183613126268
11391,16,0.6730312887107187
14453,16,0.3912450470544612
14998,16,0.4885178807643863
17026,16,0.5362245312806156
21041,16,0.4591210072686717
23148,16,0.3426316178723503
25016,16,0.3137117541136022
25841,16,0.44115415320325474
1845,16,0.6897328063567557
2436,16,0.7442612624776631
4190,16,0.6487237186223985
4985,16,0.6304526848100483
6039,16,0.6725197268971151
11396,16,0.5282407524271877
14299,16,0.33213569675665405
15003,16,0.4455382930488122
15806,16,0.4075923838212417
17031,16,0.48644236110334194
18067,16,0.41670291409245314
19119,16,0.4246762315369391
19973,16,0.423683831019454
21046,16,0.2811576443753266
25021,16,0.3216882234075284
25846,16,0.39752493621102436
1849,16,0.5655765888155431
2441,16,0.582996826591672
4010,16,0.5624888528739229
7117,16,0.5235887906851693
9289,16,0.49635826695797003
10359,16,0.40211134204403093
11401,16,0.46119006484874386
13388,16,0.5034660156997915
28001,16,0.47549681124360915
18072,16,0.47857224963209205
18912,16,0.41964878626509466
23158,16,0.12705496608807393
24158,16,0.11137590420796813
25026,16,0.19014244189050336
25851,16,0.28056378003716
1741,16,0.4248294611841507
7122,16,0.4699873326822601
9294,16,0.34768046492216537
13393,16,0.16644143426447194
15013,16,0.2380730694977866
17040,16,0.2830033035454646
18077,16,0.10427410015889442
18917,16,0.2066853343798323
19983,16,0.36270261964650136
22115,16,0.16622276464418814
23163,16,0.07860207345980995
24163,16,0.05715782889644216
25031,16,0.14213433413249274
25856,16,0.17791552183021253
27857,16,3.3248038633688717
2288,16,1.1963446880798585
3303,16,0.040083314991256884
7126,16,0.12576689363710727
8209,16,0.07360797047277598
11410,16,0.3152495427868759
27967,16,0.6248636381504782
27981,16,0.6741544207537506
28051,16,0.08852452248486167
16225,16,1.1239731805637387
21060,16,0.49090977604125635
22118,16,0.39030309229074933
23166,16,0.2534015581486064
24166,16,0.862319198590717
25035,16,3.8628560130099645
25860,16,3.6974087397899047
27918,17,0.012654044024512652
8211,17,0.01939377970943436
9083,17,0.00806798501719638
28125,17,0.035409323437476874
20418,17,0.05505871901093493
5210,17,0.07838139483678269
6057,17,0.06267751636378957
7130,17,0.03005594031802965
7997,17,0.029550301711655284
9087,17,0.02181125253001043
9948,17,0.005258770442251905
18291,17,0.0484225790324906
18922,17,0.07198818858700885
19776,17,0.08097086225104921
20849,17,0.08505779801153301
21908,17,0.0770961059730623
22958,17,0.07482736391688023
3482,17,0.18493236264766347
4019,17,0.09502675557060945
4798,17,0.08337295861641966
5849,17,0.05328661713988592
7136,17,0.03130823292081995
8002,17,0.03447358490363835
9092,17,0.02629528569800997
10161,17,0.004939975562196314
11204,17,0.007012846154596054
12238,17,0.012114079157572882
16840,17,0.03280181646557546
17874,17,0.03462141106968512
18716,17,0.07850506386223596
19565,17,0.08044339356019406
20854,17,0.09226281009554282
21913,17,0.09205832854298286
22961,17,0.09632422105444868
23977,17,0.008394736294646644
2451,17,0.2697818737733669
3131,17,0.24100999779690702
4023,17,0.20392805157891836
5007,17,0.10922878414149094
5853,17,0.06297364177519349
6925,17,0.05972633653794573
9097,17,0.024367155886566492
10167,17,0.022637802103093463
11209,17,0.006492238118992671
12241,17,0.010100131677471065
13218,17,0.017238390306809435
14012,17,0.021133066886913833
15017,17,0.03353633960163806
15821,17,0.035859584989712465
16843,17,0.04580137221327148
17880,17,0.0533370672115912
18932,17,0.09730767107709033
19571,17,0.10483089519377764
20860,17,0.12940676824205138
21918,17,0.1292307036695396
22966,17,0.1319938285533028
23982,17,0.38104264788863135
24699,17,0.13860869817295002
1745,17,0.017726401594540656
2293,17,0.2960848327510016
3135,17,0.2573145190140142
27900,17,0.0512958779432445
7146,17,0.09370171837971222
8012,17,0.029687366718913092
10171,17,0.026255440275217378
12246,17,0.01687426381674339
14821,17,0.039445753639817574
15826,17,0.09669076954142873
17677,17,0.0695897299322583
20005,17,0.12570949994101352
21923,17,0.16186015417830668
22971,17,0.1748701595659236
25551,17,0.4063529693572036
1645,17,0.029669704388043353
2298,17,0.25006275457480925
3141,17,0.2733453053018854
5018,17,0.2772760325733804
7150,17,0.16642260099705994
8016,17,0.05677069067272024
10177,17,0.037995387867017956
14021,17,0.02586779397915449
17890,17,0.10112570885643192
22976,17,0.1961605114542915
23991,17,0.37932611184318427
9111,17,0.09731964704313649
12255,17,0.060068826090160156
13232,17,0.14278261349951873
17895,17,0.03062867451846978
18734,17,0.0653134826344454
21932,17,0.25475807903465414
1279,17,0.5231178293637009
4042,17,0.23188716809540014
12260,17,0.0895390545053798
20019,17,0.02292422375222258
21937,17,0.04441405522802782
1191,17,0.6026674004660594
3155,17,0.22352131564087413
4048,17,0.2795449934750876
6949,17,0.30258778762471306
10193,17,0.0800286701551166
28017,17,0.1295738541775483
13243,17,0.1198199083093396
19810,17,0.11698965636617789
21942,17,0.02464847677019062
24889,17,0.2820224505082726
4833,17,0.31714034784483014
14846,17,0.11403887399964625
15850,17,0.08095321602075883
861,17,0.6446062479746668
13253,17,0.10671035730205403
14851,17,0.05431299331324362
24016,17,0.219640520783788
788,17,0.3002954429795369
4062,17,0.3142063697094553
5047,17,0.2483511715368573
6106,17,0.039712573639460534
13257,17,0.11301481364918456
14052,17,0.09221865909447792
14856,17,0.0817916259701444
15860,17,0.11788039609020058
17919,17,0.14501039936404017
21957,17,0.1304114461006134
24021,17,0.11706008370242342
25073,17,0.1761394587105464
582,17,0.21472941422036745
1121,17,0.16435054356206183
6111,17,0.09495753639731731
12284,17,0.09601075286736573
14861,17,0.10257370987775105
16888,17,0.14668818626338587
23010,17,0.2048738312879949
520,17,0.14826173614962904
13083,17,0.10989993907625714
16893,17,0.15162646639610042
17929,17,0.19277538546701253
24031,17,0.25453898612743475
24914,17,0.28695519322713814
25754,17,0.2740228297240839
26724,17,0.249817866153182
27093,17,0.310377477821988
464,17,0.985858606820506
7194,17,0.4685962953892782
14871,17,0.13426663578783754
15875,17,0.1357438644422532
19840,17,0.267620120574864
20913,17,0.31632118440661955
21972,17,0.2833116547073418
23020,17,0.272250402611615
24036,17,0.2854508747103808
26312,17,0.3186358341882905
305,17,0.20591725224299723
808,17,0.24010170387243693
1317,17,0.11056980540469544
1694,17,0.06453117205969613
2347,17,0.2787462359780078
8065,17,0.49712879139001553
15880,17,0.18552189459422047
19845,17,0.2554541366409006
20918,17,0.283109520128715
21977,17,0.33962244005531317
24924,17,0.4194908809405426
26733,17,0.39739750978152005
259,17,1.0135009261050303
1698,17,0.09849554220126441
2352,17,0.14109525906806591
6988,17,0.5713708577282316
18784,17,0.2631855084051341
19850,17,0.27096256608281216
21982,17,0.3485444818067406
23030,17,0.45026042729146454
25098,17,0.30304210189948877
25769,17,0.33944043825108605
26321,17,0.3648136437036916
26739,17,0.37587628409909746
27108,17,0.45603053515897735
266,17,0.3080424748187755
6994,17,0.5713380951304912
8075,17,0.6223321910618581
14886,17,0.29076637950701145
15890,17,0.1858238126803588
16913,17,0.0967457189915078
21987,17,0.22781188214710327
23035,17,0.31737960700801454
25103,17,0.3176030400905192
26326,17,0.32167686117251804
823,17,0.17430609065470104
3204,17,0.25994654126573197
8080,17,0.6299989940885089
9389,17,0.640933165855187
18794,17,0.24959083899543263
19860,17,0.23007954424106672
23040,17,0.22870257334293684
25278,17,0.31033682518236877
25780,17,0.30089140222611394
26748,17,0.4009393857788495
27118,17,0.3692668102964917
27402,17,0.40752239435200405
27532,17,0.5223540951438136
616,17,0.17826540574501165
827,17,0.12360619225375472
1245,17,0.053049872953824566
8302,17,0.5771660985615128
11287,17,0.27339790585359525
17958,17,0.14980230985813633
19863,17,0.137948329336086
27122,17,0.3127819831384746
63,17,0.4704873766539052
494,17,0.20662985286988225
4477,17,0.5483774560808641
11706,17,0.2176373261979759
22002,17,0.27650869085786794
23050,17,0.35710381393903057
25789,17,0.2673842577981779
44,17,0.8612777395678476
838,17,0.3032588441981696
4093,17,0.563549867376336
11711,17,0.28164766426799936
21160,17,0.25602031659756735
23055,17,0.2919367004045612
25794,17,0.2304397383512254
26346,17,0.21576200501058518
27723,17,1.522038496770734
4097,17,0.6360132770869018
9190,17,0.18689679746447024
10260,17,0.15593984013634116
21165,17,0.23919626993334442
23059,17,0.2844549747023034
24759,17,0.37849922081181714
25943,17,0.2423916313043657
26352,17,0.07225170128901001
27623,17,0.29168885992809024
27727,17,0.18220024302150564
27795,17,0.44184786514257685
508,17,0.9529782997387999
847,17,0.9520893772225565
1266,17,0.6162699246587323
3377,17,0.6115206713476464
5105,17,0.8836868862905001
19884,17,0.22610899718024205
23064,17,0.27805452004929443
24064,17,0.3203098823714149
24932,17,0.4437328041577557
26356,17,0.07037017422714124
26773,17,0.106885966443371
2,17,3.054588512194457
108,17,2.767513517097679
1738,17,0.7285533777811378
3208,17,0.7174354870997899
9200,17,0.22162786012060096
11312,17,0.24035055635170877
13322,17,0.3225302672146076
20104,17,0.3503304650272277
22231,17,0.3291536450758673
23069,17,0.3193219320897555
24069,17,0.35801897587990505
25631,17,0.4594508848269302
26360,17,0.1250976764091816
27147,17,0.25432364493843057
112,17,2.9132051509064887
258,17,2.95456382424847
518,17,2.9487878767482756
1275,17,2.9711461071026872
2541,17,0.7804869523474517
3213,17,0.8250754729491371
4113,17,0.8644371779714024
4907,17,0.8716709046854745
8987,17,0.3682532982906193
10275,17,0.2048474056126124
11316,17,0.2962222574434055
12349,17,0.37077253366375645
13326,17,0.3255929465029998
14120,17,0.1998532069182726
17988,17,0.47547334466552627
23074,17,0.3548841019114019
24074,17,0.4243363139555604
24942,17,0.5584919628272811
27436,17,0.37864531043241245
27818,17,0.4551726148816062
27846,17,2.9653384198130075
2385,17,0.8331893799661422
8120,17,0.7323839095829525
9428,17,0.5554333404763147
10279,17,0.44338105522429533
22031,17,0.41964523875951987
23079,17,0.7625089221202419
26176,17,0.44198224244786927
27156,17,0.5090069847160452
27440,17,0.9095413704890052
1841,17,3.0006266288336447
2390,17,0.9818689812904892
8125,17,0.7898555886617828
10285,17,1.1204325635823393
16962,17,0.013601415125904827
18838,17,0.5427361297646635
19904,17,1.2021321394164688
28131,17,1.1477977076564674
26361,17,0.7369320799960803
27869,17,3.141215280740822
2394,17,2.857565024722386
4127,17,1.2026141003342032
9220,17,1.392142565509976
10290,17,1.2503977567373876
11331,17,0.8700429130557897
18843,17,0.7230848344836248
24089,17,1.0399244860164305
24957,17,1.2311350580940412
3230,17,1.1679241388640766
4132,17,0.8859424523479221
5134,17,1.200361676350804
11336,17,0.49185433688911046
19913,17,0.6428291738232702
24094,17,0.735359381697565
24962,17,0.9557358800975422
28189,17,1.4402187910504007
3235,17,0.7007940033440667
8141,17,0.8262574224172908
13351,17,0.4314018970193871
23099,17,0.827315470416495
25483,17,2.4455278610860423
2721,17,0.7492620179264023
4141,17,0.764206350919852
5992,17,0.825292278550285
8145,17,0.8321264912113117
9234,17,0.8043527560186485
10305,17,0.6345115819767766
12378,17,0.36911976376080546
20996,17,0.5885500304236032
23103,17,0.5541189263887688
24103,17,0.6020013302279721
24971,17,0.6675696208565665
25487,17,1.1194681370944368
2557,17,0.9077017622482093
3244,17,0.7285556746747547
4146,17,0.7840039064063801
9239,17,0.7899616210231268
12383,17,0.37185693938171577
13360,17,0.5702838213909953
18022,17,0.5748202300807855
19928,17,0.5524695909581163
21002,17,0.45534063750942616
22060,17,0.4501574952538301
23108,17,0.4686335233268128
24108,17,0.5922828969989589
24976,17,0.6763747090513474
25654,17,2.2380267959705424
3250,17,0.7430038000433244
8154,17,0.8357517812553389
9244,17,0.8142459687871124
10313,17,0.6534411635949161
18867,17,0.5574592442459101
21006,17,0.370030329621114
24113,17,0.605353944784251
24981,17,0.7151144896311171
3254,17,0.7312555354349
6219,17,0.833368475617059
11361,17,0.6685570031327325
12393,17,0.598261830675903
13370,17,0.37820924782502846
14969,17,0.4330494326110928
15973,17,0.4428577730028167
18032,17,0.4814278209167702
18872,17,0.38659091577692256
19938,17,0.28679449866241347
24118,17,0.5882869789718378
24986,17,0.6887238322728094
25819,17,2.236782089789107
2406,17,0.5702944485641609
3259,17,0.7329068121265722
8164,17,0.9032342663093816
9472,17,0.8385536723477496
10324,17,0.7871044008574954
12398,17,0.6492566948234592
14974,17,0.37231225800796885
15978,17,0.4345985960464465
17001,17,0.4700110263690002
18877,17,0.28478051054813447
19944,17,0.17180766072691742
23123,17,0.5731116764598544
24123,17,0.5921656739960994
24991,17,0.6818320314597145
25669,17,0.702483603495405
3089,17,0.7340845428807675
4166,17,0.8293189409042887
6229,17,0.9087756838193162
8169,17,0.8821504646550044
9259,17,0.8300562669769834
14979,17,0.2979357081241959
15983,17,0.3817085802837512
18042,17,0.26768357820531075
21021,17,0.3508268337003033
23337,17,0.5381789907693602
24128,17,0.6014524914825139
25673,17,0.734215241255535
2416,17,0.6510018376780626
3269,17,0.7796881255989164
9264,17,0.886587947552251
10334,17,0.8745557278939401
11583,17,0.8398915189711953
13200,17,0.6139916597962062
15988,17,0.3052855313851487
17011,17,0.30192077694584496
18047,17,0.2088679425036055
18887,17,0.219789432943217
19953,17,0.2714691892842217
25002,17,0.6606986185295844
5179,17,0.9017745170423022
8179,17,0.8982084386281624
10340,17,0.8936568741258873
11381,17,0.8417038960656753
14989,17,0.36106310668392183
17016,17,0.24118006381227206
18052,17,0.23896156187379566
24138,17,0.6139864179128945
25006,17,0.6252771422941927
25831,17,0.8367020303162217
1962,17,0.6588543133706056
2426,17,0.6603395457559631
5184,17,0.9046654184150554
6244,17,0.9094919137680426
7318,17,0.87438289111191
8401,17,0.9035308191928803
11385,17,0.8417340205792403
14993,17,0.27608318594983333
17020,17,0.2590758456509789
18057,17,0.2782065695670029
18897,17,0.3454966259216567
25011,17,0.7094158807419851
25836,17,0.7785958167027345
2431,17,0.15710128052692365
6248,17,0.8973095598394393
7107,17,0.8983242733300629
8189,17,0.9033557141833091
9279,17,0.8416033929059362
11391,17,0.7412584866043355
14453,17,0.32494878593265025
14998,17,0.26037109773667655
17026,17,0.305428560987316
21041,17,0.48066569961432876
23148,17,0.5345859740734932
25016,17,0.7435868764370119
25841,17,0.8677269476620436
1845,17,0.03303507891408139
2436,17,0.08239035351766386
4190,17,0.19516633529774008
6039,17,0.4867223277337302
12428,17,0.16863186511221295
14299,17,0.35791428852434193
15806,17,0.26550846859562177
17031,17,0.3309495343749806
18067,17,0.3812122192021852
19119,17,0.4061011977049474
19973,17,0.4564462307876553
21046,17,0.4823653534832712
25021,17,0.8496025971309521
25846,17,0.862594452045619
1849,17,0.11562128800207122
2441,17,0.08775010398188074
4010,17,0.17153065838279494
7117,17,0.1435965990439599
9289,17,0.04710520523412637
10359,17,0.021192786805203128
11401,17,0.10737479473067728
13388,17,0.13345536730450755
28001,17,0.291569145267443
16013,17,0.3234437901082907
18072,17,0.4057680026143345
23158,17,0.6125029093498974
24158,17,0.7191638481612227
25026,17,0.8702742583341988
25851,17,0.9275442919286633
1741,17,0.17012150387828479
7122,17,0.1328685690047554
11406,17,0.06565954378295123
13393,17,0.23283390017713435
15013,17,0.35248822122721074
17040,17,0.4256558305830451
18077,17,0.5795555474037444
18917,17,0.5688844018021195
19983,17,0.537660346196983
22115,17,0.5840940134274006
23163,17,0.6161170313323396
24163,17,0.826646853955025
25031,17,0.9305714785798539
27857,17,3.4132441916346488
2288,17,1.5549319909699988
5208,17,0.13784070324300907
7126,17,0.5263784971159532
8209,17,1.258141814387169
10368,17,0.041861247579409906
27967,17,0.9093305618601337
27981,17,0.5644370452641806
28051,17,0.4753891703069831
16225,17,1.3016672247947862
22118,17,0.7734210270945606
23166,17,0.890032215802752
24166,17,1.4163451142767405
25035,17,3.5462816867590843
25860,17,3.664360444106058
27918,18,0.03360098263382565
8211,18,0.03966029696283155
9083,18,0.022817013693667315
28125,18,0.03675628023448867
20418,18,0.04678171518437461
5210,18,0.09335658452582478
6057,18,0.08726063697389365
7130,18,0.061254382882358904
7997,18,0.06166011779839166
9087,18,0.052360011215015594
9948,18,0.02591085937658541
18291,18,0.03770650893794286
18922,18,0.05820660440670275
19776,18,0.06548880716360603
20849,18,0.06838824259184706
21908,18,0.06470107803776813
22958,18,0.06514907560516126
3482,18,0.16942303778669168
4019,18,0.09748787153249466
4798,18,0.09066608324623106
5849,18,0.07887841807383329
7136,18,0.0641463510434333
8002,18,0.0666455961061995
9092,18,0.05860049380486627
10161,18,0.02809687805012821
11204,18,0.014288549594923495
12238,18,0.011843653796531177
16840,18,0.02895868914765904
17874,18,0.02965269307910363
18716,18,0.06433895826818478
19565,18,0.0661502111955505
20854,18,0.07538622436227833
21913,18,0.07441585372664748
22961,18,0.07864252032057867
23977,18,0.014644227090274811
2451,18,0.22525759672127038
3131,18,0.2089807380985545
4023,18,0.20468669699671285
5007,18,0.13004031009698738
5853,18,0.10258875089533388
6925,18,0.0836881159354431
9097,18,0.05727400631584733
10167,18,0.05220125928046727
11209,18,0.027734891097960925
12241,18,0.016516873168434268
13218,18,0.021963543966796343
14012,18,0.021115070335665426
15017,18,0.02843144164294
15821,18,0.028927724044120234
16843,18,0.035769853778371045
17880,18,0.04380756492682037
18932,18,0.08032874712940438
19571,18,0.08742378686578947
20860,18,0.11052051542215356
21918,18,0.1095258174328865
22966,18,0.1105499632554057
23982,18,0.3757023776019512
24699,18,0.15681151032436538
1745,18,0.022560405675575306
2293,18,0.21062843751564295
3135,18,0.20620818493002546
27900,18,0.09954542231257116
7146,18,0.06371783333781811
8012,18,0.10080415044530795
10171,18,0.05300835179444328
12246,18,0.03125137320472454
14821,18,0.03737742674947988
15826,18,0.1167793119548079
17677,18,0.06334817672551801
20005,18,0.10838529182308584
21923,18,0.14195747019187097
22971,18,0.1557754317102125
25551,18,0.3714339815703545
1645,18,0.08192543997233614
3141,18,0.15782275918441557
7150,18,0.11703837165805439
8016,18,0.09133473418527381
10177,18,0.027451964770284696
14021,18,0.05744441145280861
17890,18,0.09461969529739674
22976,18,0.32983954476523913
23991,18,0.49209925095021584
9111,18,0.09261743081893292
12255,18,0.08834949367680064
13232,18,0.14830124395459907
17895,18,0.04840569908894401
18734,18,0.05187554187047066
21932,18,0.13044412799770394
1279,18,0.504949458128538
4042,18,0.16657959188932972
12260,18,0.12334974695736876
20019,18,0.09291155611085057
21937,18,0.13008056274623161
3155,18,0.17316216107262572
4048,18,0.22149084392599636
6949,18,0.24607827425875878
10193,18,0.18358642198143546
28017,18,0.12007303478705748
13243,18,0.18122723834631785
17904,18,0.13217024297300076
19810,18,0.06041778671938098
20883,18,0.21142309100774212
21942,18,0.14942392591543388
24889,18,0.1596653897074377
4833,18,0.3084840024431814
15850,18,0.23443978438071486
20888,18,0.22315057743846622
861,18,0.6955517542201866
13253,18,0.34608332288526056
14851,18,0.23307845485840067
24016,18,0.13923473642074338
788,18,0.3375332669733577
4062,18,0.32137817595587015
5047,18,0.3426305656309333
6106,18,0.4012155585772327
14052,18,0.2995311641030898
15860,18,0.21802133108621344
17919,18,0.23194747603562402
21957,18,0.16522869602340862
24021,18,0.16017712688082322
25073,18,0.13037663670268726
582,18,0.16680735216124307
794,18,0.14762135916701136
1121,18,0.18224783252432636
6111,18,0.2203446857700201
12284,18,0.5283559706432363
14861,18,0.3109752056077259
16888,18,0.19006968285189718
23010,18,0.10507391715761726
25750,18,0.17720925877916396
520,18,0.4886945684742552
797,18,0.2684181343146161
16893,18,0.23894600737822067
17929,18,0.16631861370885673
24031,18,0.10429732097916135
24914,18,0.13459236541910208
25754,18,0.1421936525933164
464,18,1.1998057075707436
803,18,0.2663453537297774
1689,18,0.2388138882709057
7194,18,0.18628438145117246
14871,18,0.2600447824462588
15875,18,0.27361112950552674
19840,18,0.178685306250979
20913,18,0.15337779326289316
21972,18,0.14281660936954949
23020,18,0.09594338051642395
24036,18,0.15124810758251642
26312,18,0.17910932422277756
808,18,0.3083265841230069
1317,18,0.2504167952154995
8065,18,0.2580350767047205
15880,18,0.2526591595562323
19845,18,0.1094749497304372
20918,18,0.14642311479191483
24924,18,0.1049718380870712
26733,18,0.269264421145625
259,18,1.0399615953751715
812,18,0.427769186979773
1698,18,0.23854236105741466
2352,18,0.2493623642856372
6988,18,0.2758825251149795
18784,18,0.17562491210897302
19850,18,0.14425123862479675
21982,18,0.09167832695806585
23030,18,0.07423031276525656
25098,18,0.05659829491983076
25769,18,0.1374355113053366
26739,18,0.20152414105922314
27108,18,0.27892792759823126
266,18,0.4060598867765711
6994,18,0.15668422642768515
8075,18,0.3126897591666926
9166,18,0.3438695560679499
16913,18,0.33536508505718415
20069,18,0.2540404548403515
21987,18,0.14179618297026328
23035,18,0.08444673386966843
25103,18,0.15801174592572612
26326,18,0.13811159532733094
26744,18,0.17158140826992618
270,18,0.9261742308462342
823,18,0.6285809698663409
3204,18,0.4031070087986181
9389,18,0.31237354147135726
10449,18,0.3229012364412424
18794,18,0.16205562286629083
19860,18,0.15468073763162632
23040,18,0.23071271175581898
23661,18,0.17949468186507964
25278,18,0.19076910417996365
25780,18,0.15502688142479348
26331,18,0.09844582427752403
26748,18,0.19727219896787354
27118,18,0.22024496374166802
27402,18,0.28719797792610996
616,18,0.6912469812518487
827,18,0.6225090204580104
1245,18,0.6091372592762146
8302,18,0.28871639757999645
11287,18,0.1400691299966318
17958,18,0.29889517400908056
19863,18,0.40596923605712687
20937,18,0.4683470033009452
26753,18,0.13441748282892596
63,18,0.9230228534463981
494,18,0.7245453742707878
4477,18,0.1657258632467638
10251,18,0.3450980227461865
11706,18,0.35083251919147945
22002,18,0.5480901849370909
23050,18,0.5734785684213016
25789,18,0.23140350300584153
44,18,2.0313505286094964
838,18,0.5314119333771937
4093,18,0.256729580448238
11711,18,0.16748369372438868
19874,18,0.6850651091672469
21160,18,0.6049005237981635
23055,18,0.4468141563765675
25794,18,0.3400379381659209
26346,18,0.20624536546637445
27723,18,1.499540014332651
503,18,0.4539867964586212
1261,18,0.38274906397224556
4097,18,0.18312701612041105
9190,18,0.3715703886134703
10260,18,0.23917145977758517
23059,18,0.42214884887309245
24759,18,0.49091669700806506
26352,18,0.37125416437399994
27137,18,0.2405865647176189
27623,18,0.24109389245062704
27727,18,0.35340997264189006
27795,18,0.7436660854915847
248,18,2.1592015022014155
508,18,2.0329849699908444
847,18,1.0566020407080634
1266,18,0.06304491758418353
2081,18,0.03983157946701479
19884,18,0.5661156893201732
24064,18,0.40469275965939216
24932,18,0.5454647737259729
26356,18,0.37433276276320293
26773,18,0.28993234734158907
27628,18,0.6258717455757418
2,18,2.843651453591688
108,18,2.520721444386294
852,18,2.212148902311453
1738,18,0.21898105380977245
3208,18,0.43461589478248386
9200,18,0.16794227705147302
11312,18,0.22132164122487394
12344,18,0.22906915829645885
20104,18,0.42337599483497185
22231,18,0.4386897798156471
25631,18,0.5416552202611984
26360,18,0.34977671106644775
27147,18,0.4040909430485146
112,18,2.7151278417197706
258,18,2.7647837792608456
1275,18,2.82667593070606
2541,18,0.4734050022931399
3213,18,0.4611806753748405
4113,18,0.5441795805748628
8987,18,0.034770932259964644
10275,18,0.19356664097687232
11316,18,0.18816240481583874
12349,18,0.12634129439316993
13326,18,0.2455558892544904
14120,18,0.19765473383514062
21180,18,0.5059694271563437
23074,18,0.44741010771605727
24074,18,0.25671992683339284
24942,18,0.32261465503715203
27436,18,0.4304554076438558
27818,18,0.4251977499443109
27846,18,2.8358961381034233
2385,18,0.43504642890655887
8120,18,0.22042687906476638
9428,18,0.10429540729848533
10279,18,0.0634345122495143
14125,18,0.23066632867086034
23079,18,0.17513306885275315
26176,18,0.25594418712266165
27156,18,0.3818655488319741
27440,18,0.5098492715524027
1841,18,0.8927796053625677
2390,18,0.5696451945226209
10285,18,0.4415922711748798
16962,18,0.231226434424645
18838,18,0.23162871763820642
19904,18,0.3928408391965269
28131,18,0.432150582766624
22036,18,0.4664288610233619
26361,18,0.2968898474524408
27869,18,2.931733021015991
2394,18,1.0512058145234666
4127,18,0.653269076893532
9220,18,0.6826722195107874
10290,18,0.5437346981088064
11331,18,0.3769134287504677
18843,18,0.08273269504176005
24089,18,0.24370927177905194
24957,18,0.39052256792894036
3230,18,0.3140822969868174
5134,18,0.37904726776937114
8134,18,0.3532943505290102
11336,18,0.1662166314180049
19913,18,0.4269692563764743
23094,18,0.6453981882929495
24094,18,0.5612117968840272
28189,18,0.6285667292752153
3235,18,0.2728130588438217
5140,18,0.20300849974384266
8141,18,0.2284578248635242
13351,18,0.16960285551624038
16977,18,0.34658222091763585
18013,18,0.4104747377954416
23099,18,0.6977883328808416
24099,18,0.5410950557416605
25483,18,2.8596365875623246
2721,18,0.3674383147599342
4141,18,0.24090546736329513
5145,18,0.19260463793808905
5992,18,0.21201074585399185
8145,18,0.2022695223036598
9234,18,0.19353035855924888
12378,18,0.06475846826183362
20996,18,0.491850870051724
23103,18,0.40589485057510316
24103,18,0.49949346818754153
25487,18,2.2876954757087975
2557,18,0.49404246170604144
3244,18,0.2687386898749122
4146,18,0.24119808262131628
9239,18,0.1719791645432238
13360,18,0.27624572227346916
19928,18,0.522581650063666
21002,18,0.45372930243717197
23108,18,0.28180498452589287
24108,18,0.3787652803649534
24976,18,0.513600441275934
25654,18,3.0834219592486276
3250,18,0.3397183997488809
8154,18,0.1838844385794774
9244,18,0.16830178326308534
10313,18,0.12746773707259768
18867,18,0.517139243146072
21006,18,0.3768814407345823
23113,18,0.27896889434481453
24113,18,0.4532214328390045
2401,18,0.27264925079463054
3254,18,0.3087571926242827
4156,18,0.2502136384348399
6219,18,0.204856335248848
11361,18,0.022578260687388045
12393,18,0.06208314194132842
13370,18,0.20441738937838624
14969,18,0.41943533687387846
15973,18,0.4148656123951562
18872,18,0.48188026058414846
19938,18,0.422149034403354
24118,18,0.41136306568537495
24986,18,0.42312334056382844
25819,18,2.523823075526183
2406,18,0.3083163981405248
3259,18,0.29921982926563495
9472,18,0.2918151883327926
10324,18,0.18235022264058615
12398,18,0.12314621574807835
14974,18,0.38275700957291986
15978,18,0.42398649302246455
18877,18,0.4189121689111228
19944,18,0.3397202549863562
22075,18,0.4709040763551286
23123,18,0.4174979854507647
24991,18,0.43823124329410235
25669,18,0.42139775540149427
3089,18,0.3882205629306988
4166,18,0.38929220345488963
6229,18,0.3226314789960691
9259,18,0.2727871644411979
10538,18,0.17875052097020785
14979,18,0.3887228252395216
15983,18,0.42487425974765036
18042,18,0.4654655194559376
21021,18,0.3640653210180448
23337,18,0.527116574493606
24128,18,0.4969726115198296
2416,18,0.3796725782883082
3269,18,0.43857271394992625
7092,18,0.3878517568340881
9264,18,0.29313571138044603
10334,18,0.27612547112179125
11583,18,0.2655563913670717
13200,18,0.39585535468462874
15988,18,0.38652990549958155
17011,18,0.41982084901470396
18047,18,0.46029825175799893
18887,18,0.35771072381969915
23133,18,0.5152465656385264
25002,18,0.39780676566539835
25826,18,0.46903131369932227
4176,18,0.47862161565981004
5179,18,0.4590877990628662
8179,18,0.40367398926542997
10340,18,0.42056147366564417
11381,18,0.35459996731781174
12413,18,0.47581868897791463
18052,18,0.4977026688889565
19958,18,0.4844365223673072
22090,18,0.5834309617375948
24138,18,0.5462564605028387
25006,18,0.44921216562135535
25831,18,0.5315381537794147
1962,18,0.5048516867134247
2426,18,0.5633877592151866
5184,18,0.5286319943636597
7318,18,0.5944262802709726
8401,18,0.4714496005877319
9274,18,0.49669085116302536
11385,18,0.4642632325596112
14993,18,0.5438107299157886
17020,18,0.5330678516779619
18057,18,0.5067811891615757
18897,18,0.4918512155093693
21036,18,0.5235422895707871
23143,18,0.4822416996974296
25011,18,0.4454740929573558
1967,18,0.6406280193321221
2431,18,0.6035891845560747
6248,18,0.6137747706965442
7107,18,0.5746111828768583
8189,18,0.5322082383521746
9279,18,0.5301006935712246
11391,18,0.5276614287886122
12423,18,0.6131129885876454
13013,18,0.6178649026071951
14453,18,0.4680193172219003
14998,18,0.5430083730380328
16003,18,0.5291911325034604
17026,18,0.48851379396114897
21041,18,0.5367854465730826
23148,18,0.450318922964574
24148,18,0.3883880552301297
25016,18,0.43526014147066805
25841,18,0.5651372738865318
1845,18,0.6874688756500521
2436,18,0.659184148087359
4190,18,0.7240856292383286
10354,18,0.6399962925352745
13383,18,0.8231451735385874
14299,18,0.5016212399246648
15806,18,0.4887730867883986
17031,18,0.5381995602422053
18067,18,0.5342815871646377
19119,18,0.5034567342862424
19973,18,0.5139621110395989
21046,18,0.4996001099786714
25021,18,0.4454288733796376
25846,18,0.5011357691113868
1849,18,0.7130503940750721
2441,18,0.6860427122333399
4010,18,0.6731326336234108
9289,18,0.6378025144935283
10359,18,0.6422701795213752
11401,18,0.7127828335622027
12433,18,0.7152165157073738
13388,18,0.5831892714647816
28001,18,0.41234143831264763
18072,18,0.49275712709896224
23158,18,0.4298737060519745
24158,18,0.3788232211731454
25026,18,0.5900844318762077
25851,18,0.4970155245765538
1741,18,0.6136579909277494
5203,18,0.6428074764339888
7122,18,0.6631777943916995
8203,18,0.6802651451771393
11406,18,0.6444466034575995
13393,18,0.5311949952311277
15013,18,0.5063501007652814
17040,18,0.4487817976673235
18917,18,0.5542194093471547
22115,18,0.447220507088004
23163,18,0.5148766920158194
24163,18,0.461256680662655
25031,18,0.6159340496957616
27857,18,2.503289976327514
2288,18,0.7698126427470754
5208,18,0.632817069842735
7126,18,0.5300280575591579
8209,18,0.41877317735791925
9298,18,0.5701166604699344
10368,18,0.5850983334195282
27967,18,0.5121129423367676
27981,18,0.7700006005345253
28051,18,0.1890123216089202
16225,18,1.7786392194418665
17045,18,2.7521046818959665
18921,18,1.1399147056367434
22118,18,0.5433849729651868
23166,18,0.22762207556919525
24166,18,2.4463238280587065
25035,18,3.16445563490673
25860,18,4.1410705302668145
27918,19,0.018414601343700134
8211,19,0.023027780374868714
9083,19,0.02766622755060982
28125,19,0.035008783969499524
20418,19,0.04187156960390695
5210,19,0.06499289343838455
6057,19,0.05890701535107447
7130,19,0.030752204862764736
7997,19,0.03017589184648843
9087,19,0.01726087097182321
9948,19,0.008628268376047684
18291,19,0.036251160265035734
18922,19,0.05721530976765225
19776,19,0.06586407564002737
20849,19,0.06874469273068219
21908,19,0.06682539209847897
22958,19,0.06606226813026744
3482,19,0.1694656583875908
4019,19,0.07747734575926413
4798,19,0.06065210423573021
5849,19,0.046822130137601635
7136,19,0.028978088212883026
8002,19,0.03072885990358276
9092,19,0.02160502947643351
10161,19,0.012644446877818396
11204,19,0.011798320060172103
12238,19,0.007864480460457738
16840,19,0.02184811340282797
17874,19,0.025146934941051857
18716,19,0.06334637083329776
19565,19,0.06612527499206729
20854,19,0.07805633186137795
21913,19,0.0782918787733091
22961,19,0.08701219567813509
23977,19,0.005076010425925093
2451,19,0.27338339183874627
3131,19,0.22559570326340186
4023,19,0.19845277086470167
5007,19,0.09831376540953214
5853,19,0.062159036545841116
6925,19,0.052470560758275935
9097,19,0.023345061112923324
10167,19,0.022214025324510295
11209,19,0.008235583287663344
12241,19,0.007583997133335838
13218,19,0.01477621675108905
14012,19,0.014401092795950894
15017,19,0.023904934272147828
15821,19,0.02457695403971512
16843,19,0.02988985884408756
17880,19,0.03915229885368764
18932,19,0.07758191518877733
19571,19,0.0855623641872078
20860,19,0.10684319772556636
21918,19,0.11185220680888007
22966,19,0.11554440661256504
23982,19,0.24698298213708567
24699,19,0.10212901416542866
1745,19,0.039658051114357565
2293,19,0.2843287071957973
4028,19,0.2362476968722553
27900,19,0.047618075652709556
7146,19,0.04267022308595748
8012,19,0.04434902103513878
10171,19,0.021254243293717414
12246,19,0.01743179963091469
14821,19,0.030597488346066563
15826,19,0.06503447754416183
17677,19,0.054397894000447776
20005,19,0.10186530308350689
21923,19,0.08993103065666314
22971,19,0.1455837965233182
25551,19,0.22829319105590198
1645,19,0.04414239261091651
3141,19,0.42117278161408106
7150,19,0.1586303918706457
9325,19,0.06827003893809207
10177,19,0.10201698399400048
14021,19,0.11149612085787045
17890,19,0.10750585943918012
23991,19,0.2262701265899765
9111,19,0.11031691699536444
12255,19,0.11580488635364808
13232,19,0.09329073007783718
17895,19,0.12641710891994964
18734,19,0.1399017762465575
21932,19,0.22720546179230966
1279,19,0.4834342471993657
4042,19,0.5312134629074425
12260,19,0.12262365474204126
13237,19,0.04775369285824646
20019,19,0.1557468552471297
21937,19,0.42808236584457743
3155,19,0.5735080288557279
4048,19,0.5742165730310528
5032,19,0.5672312912046287
6949,19,0.23380637815984434
10193,19,0.28676276729515837
28017,19,0.07368847208142675
13243,19,0.09700945704968336
19810,19,0.20062850940355376
20883,19,0.23190042641542732
21942,19,0.24116213127643965
24889,19,0.295751559029584
4833,19,0.5381044468444953
15850,19,0.07814196708121646
21947,19,0.2148364949286164
861,19,0.6897814931562096
1292,19,0.4953618427770525
13253,19,0.06755395986151919
14851,19,0.09277076482945325
19820,19,0.19032305434610436
24016,19,0.2961018043432293
26293,19,0.3084846108299608
788,19,0.33131105020347557
4062,19,0.5975365836303793
5047,19,0.6223541511819232
6106,19,0.45740706276609505
14052,19,0.08403669300425498
15860,19,0.11258155199777553
16883,19,0.15953663397968906
17919,19,0.10327836909085383
21957,19,0.2489534455169467
24021,19,0.23412254344573802
25073,19,0.30833827839574324
794,19,0.47261130000809687
1121,19,0.5051303719951165
6111,19,0.45518014361788983
14861,19,0.12955711113594703
16888,19,0.16478980073349772
19830,19,0.19478695030833473
23010,19,0.28045022421211874
25750,19,0.34218159157203304
520,19,0.32386018070979034
797,19,0.47014251731685475
16893,19,0.14713741613420664
17929,19,0.1942526380841096
18769,19,0.19682454994067122
20907,19,0.24530358229328927
25754,19,0.24421653650449993
464,19,1.0971306419054196
803,19,0.45065953908085754
7194,19,0.3004094638468593
14871,19,0.12497777905854413
15875,19,0.1346435032435054
19840,19,0.2888452599065487
20913,19,0.26611449554807587
21972,19,0.28173049696320873
23020,19,0.2851934561730923
24036,19,0.34185129280751625
24919,19,0.372387290399491
26312,19,0.2750738220079165
26646,19,0.35141334046435535
808,19,0.48004631075781456
1317,19,0.5396509151245481
15880,19,0.08143405423298226
18779,19,0.19410367611883952
19845,19,0.2321808309119589
20918,19,0.3110597913848339
24924,19,0.38652365426944785
26733,19,0.3175852848556191
259,19,1.2639475126695785
812,19,0.5183318221179164
1698,19,0.6465939599906415
2352,19,0.6794675016589365
6988,19,0.2472033681560861
9161,19,0.4040679167029607
18784,19,0.19666839384317
19850,19,0.2102249668153599
21982,19,0.27236642816682805
23030,19,0.24956880567590237
25098,19,0.3621781315100449
25769,19,0.25831976472850754
26739,19,0.3023907270741541
27108,19,0.3825007029481425
266,19,0.28894694151797856
6994,19,0.09483922931138344
8075,19,0.2720240549055978
9166,19,0.25069863386856955
16913,19,0.21671397211690704
20069,19,0.23839732888196796
21987,19,0.27603744512925055
23035,19,0.2595672034499153
24050,19,0.2708335057858585
25103,19,0.41641996746118226
26744,19,0.30914359146573644
270,19,0.5227703228749889
823,19,0.5547161166390284
3204,19,0.8015681102807303
9389,19,0.21224432811612476
10449,19,0.3420016021797658
16918,19,0.09837588485360829
18794,19,0.19286642817635158
23040,19,0.31331010871188797
23661,19,0.3052073489028996
25278,19,0.3631385917281658
25780,19,0.19611395712768073
26748,19,0.300972081204141
27118,19,0.33228168906833244
27402,19,0.3872343719246499
616,19,0.4428022928554165
827,19,0.5223214903048472
1245,19,0.5886428039973088
8302,19,0.17549851205356032
10246,19,0.25439200250503863
11287,19,0.30902658147365564
17958,19,0.23699799418924075
19863,19,0.3223547736593239
26753,19,0.3090827624322622
63,19,1.088464739137565
494,19,0.40762687538369413
4477,19,0.3183515612902166
22002,19,0.5230259140626173
23050,19,0.43648221362486095
25789,19,0.25829461074055765
44,19,1.9219715229493712
838,19,0.4876397617648313
4093,19,0.4143542283790787
11711,19,0.3015117184105712
19874,19,0.4574853901202277
21160,19,0.43932912461902
23055,19,0.3727123412017001
25794,19,0.23976302199079544
26346,19,0.19972604257943868
27132,19,0.3806225126608402
27723,19,1.3506923221282812
503,19,0.7316115488061326
4097,19,0.34802045404607096
9190,19,0.31506937152008774
10260,19,0.32086634260033015
11509,19,0.2853505628585653
23059,19,0.3518631272523208
24059,19,0.45239115252228645
24759,19,0.3069251585184581
26352,19,0.2034719138454105
27137,19,0.3815359726199568
27623,19,0.6243401757947064
27795,19,0.6498797049252749
248,19,2.262379833333137
508,19,2.159861521934916
847,19,2.1150073109371634
1733,19,0.6816996442977774
2081,19,0.6952415931529106
4102,19,0.43067246605436066
19884,19,0.2965430305343886
24064,19,0.34740666069179615
24932,19,0.4248834896136408
26356,19,0.27623425222132025
26773,19,0.28215090463243486
2,19,2.6887809892347883
108,19,2.4494634221265836
1738,19,0.7578550787332743
3208,19,0.7069061287590028
4107,19,0.4840880775305301
20104,19,0.2699016984196797
22231,19,0.27293484763288317
24936,19,0.45973957598203147
25631,19,0.4083154377996668
26360,19,0.235928633628727
27147,19,0.36472968154803054
27633,19,0.5130369999885791
27814,19,0.6715940444702073
112,19,2.4904509269846415
258,19,2.501241305639694
1275,19,2.460660766081029
2541,19,0.6894658815326292
3213,19,0.729328265469662
4113,19,0.7411392450474834
8987,19,0.3121038175280263
10275,19,0.3353172229517695
11316,19,0.34055963850636245
12349,19,0.3688320108336948
13326,19,0.35189035100978205
14120,19,0.34094964025815666
21180,19,0.21994220356324273
23074,19,0.24928621633890094
24074,19,0.3073859682833014
24942,19,0.3498868944871615
25799,19,0.40526718845529686
27436,19,0.41122253042806683
27818,19,0.5978970767528928
27846,19,2.49803571857947
2385,19,0.6394598131265994
4309,19,0.8414420946412733
8120,19,0.40729936216476753
9428,19,0.4010200490730727
10279,19,0.33828886861643076
14125,19,0.398013542434986
23079,19,0.27676582789283516
24947,19,0.3159579724034888
26176,19,0.40228906866378633
26787,19,0.37844781850859616
27156,19,0.3997572992117996
27440,19,0.5746557356257036
1841,19,1.6187836478976438
2390,19,0.7132753846737842
9433,19,0.5428774010380275
16962,19,0.30245715145156643
18838,19,0.38250025186207426
19904,19,0.3160103014478403
28131,19,0.4010029359033269
24084,19,0.25916549011618056
25809,19,0.4678584985392444
26361,19,0.5031137310260536
27869,19,2.706614663845124
2394,19,0.8666971112243528
4127,19,0.9402321724716214
9220,19,0.9387142227794063
10290,19,0.8254627513871755
11331,19,0.46055278537740074
14940,19,0.8031729393785522
18843,19,0.28727127748852993
24089,19,0.2980747928862369
24957,19,0.386247061023318
3230,19,0.29179964899054406
5134,19,0.4068178232910274
8134,19,0.4646261052878753
11336,19,0.33981226329498665
14945,19,0.8166999996078463
19913,19,0.4060110985549444
24094,19,0.44587164746235736
28189,19,0.5094874176343346
3235,19,0.2603305753919291
5140,19,0.22816602841895423
7058,19,0.306203657046611
12374,19,0.3465731730460389
13351,19,0.39598952809939175
16977,19,0.35591841726798296
18013,19,0.4307943553116898
23099,19,0.5349628360404295
25483,19,2.630122355400181
2721,19,0.22250326169045012
4141,19,0.2522145713250874
5145,19,0.25918324984728636
5992,19,0.2713255710417538
8145,19,0.3758941109676118
11346,19,0.32720278788108287
12378,19,0.3292217850942965
20996,19,0.3743442152758397
23103,19,0.45849396860614244
24103,19,0.49834537751708047
25487,19,1.3800966158717685
2557,19,0.37180803989219763
3244,19,0.16885411499182465
9239,19,0.4048092487114328
11351,19,0.33968044502119965
13360,19,0.2893574084565898
14959,19,0.6006673314290143
19928,19,0.3774868006210774
21002,19,0.40929838460638235
23108,19,0.3758026282716016
24108,19,0.4472727162974842
24976,19,0.537764725962921
25654,19,2.511542550104384
3250,19,0.14725551437784226
8154,19,0.3716915422853841
9244,19,0.4101652910230101
10313,19,0.3772978440911831
18867,19,0.393646281721294
21006,19,0.3057949022793215
23113,19,0.2775693451261994
24113,19,0.41395147791828996
2401,19,0.13396114629594735
3254,19,0.15537382332627242
4156,19,0.1901553497575587
6219,19,0.300843748135875
7077,19,0.31097604539210777
10319,19,0.3765112956598282
11361,19,0.33855898411037766
12393,19,0.3368662301069474
13370,19,0.2616927415005753
18872,19,0.35214120014413236
19938,19,0.2886054308447854
24986,19,0.5769441346709628
25819,19,1.2968066437443608
2406,19,0.09535604494456387
3259,19,0.1632139183157332
9472,19,0.3868965163262367
10324,19,0.34567311306833465
12398,19,0.33505239825918953
14974,19,0.11417874810365063
15978,19,0.2465910368697697
18877,19,0.24801065705480127
19944,19,0.16859979973592554
22075,19,0.21491857772449816
24991,19,0.5597065733480153
25669,19,0.5844504781645928
2411,19,0.1123206686607964
3089,19,0.15327826309129486
6229,19,0.3399101836765015
9259,19,0.3443937057359673
10538,19,0.3228894221908744
14979,19,0.18339423736939117
15983,19,0.2763285113748286
18882,19,0.09290766425070904
23337,19,0.40505221898742605
2416,19,0.0873068691957332
3269,19,0.13638176496258056
4171,19,0.19526930803491158
8392,19,0.33317324046825314
9264,19,0.32314277037923145
10334,19,0.2955089416100815
11583,19,0.33737416838886763
13200,19,0.25132796256466117
15988,19,0.11256515613339614
17011,19,0.103381556874131
18047,19,0.06066858893673604
25002,19,0.5841988395558895
25826,19,0.6423172497485278
2421,19,0.12237761734080296
4176,19,0.1715418356627634
8179,19,0.2967631148587419
10340,19,0.27522933840381114
11381,19,0.2659449217896081
12413,19,0.2686704745485398
18052,19,0.09939189117035536
19958,19,0.021636686578203817
24138,19,0.44531836040093203
1962,19,0.9823011832273278
2426,19,0.14342738033057226
5184,19,0.20885447108063607
7318,19,0.2582678051344132
8401,19,0.2708351913931854
9274,19,0.26797283485589585
11385,19,0.25256804336014793
14993,19,0.12637843324516676
17020,19,0.025467979630060037
18057,19,0.03962804027317628
19963,19,0.15048992363473068
21036,19,0.2429929079126283
23143,19,0.40263301681542935
25011,19,0.5140570913097536
1967,19,0.1597958779331254
2431,19,0.1596691058639459
4186,19,0.23343196098768385
5189,19,0.24697199387337151
6248,19,0.27096413396250413
7107,19,0.24368805456852224
8189,19,0.26111841042844686
9279,19,0.25715058341563257
11391,19,0.21516827365679458
12423,19,0.1344406027518556
14453,19,0.13056418810477552
14998,19,0.049267830671065535
16003,19,0.08342337934881791
21041,19,0.21295122082193493
24148,19,0.3698593258144919
25016,19,0.5424070334444847
25841,19,0.7166692526403606
1845,19,0.17753977790816336
2436,19,0.21777369004946523
4190,19,0.23354108005164037
10354,19,0.2786516484812976
13383,19,0.16704801283898096
14299,19,0.16926484839347358
17031,19,0.043014531022759685
18067,19,0.07452488516458265
19973,19,0.18884491547230026
21046,19,0.3165227434831184
25021,19,0.5643101984862857
1849,19,0.24587710840235477
2441,19,0.30711097878472454
4010,19,0.28504232401175594
9289,19,0.2738896270043697
10359,19,0.3309871804321923
11401,19,0.3168943501551432
12433,19,0.21693281382639282
13388,19,0.24282578392449294
28001,19,0.2103491885407696
17036,19,0.09151603147341617
18072,19,0.12142764739566912
23158,19,0.2776810082238554
24158,19,0.37465925855230603
25026,19,0.5612004526393735
25851,19,0.6292794093777456
1741,19,0.9840307235109816
4200,19,0.3330751307937599
5203,19,0.311562838944441
8203,19,0.32134314470705067
11406,19,0.37515256206380476
12438,19,0.3498149606095719
13393,19,0.3881801433088767
15013,19,0.18823687247310109
17040,19,0.28625769384651095
18917,19,0.3291481257801151
22115,19,0.14249209306253452
23163,19,0.2193999673205326
25031,19,0.5168401849489035
25856,19,0.5947169167640981
27857,19,3.2984805661746233
2288,19,1.1763827122500239
3303,19,0.4988038841801615
5208,19,0.42622091783735766
7126,19,0.5910188044157904
8209,19,0.7495553637060144
9298,19,0.4269655107041755
10368,19,0.447412164763389
27967,19,0.750050888321747
27981,19,0.40556560836260674
28051,19,0.9182556252900004
16225,19,2.466163836216904
18921,19,2.770408827228167
22118,19,2.4178912319578676
23166,19,1.6949651357978517
24166,19,1.6740274585486343
25035,19,3.720032300838382
25860,19,3.9246948772546237
27918,20,0.03202946741429539
8211,20,0.037672182860656635
9083,20,0.017926329537572297
28125,20,0.06622365746130066
20418,20,0.09260731290839776
5210,20,0.05877109200858887
6057,20,0.06240468367688937
7130,20,0.054756622379367355
7997,20,0.05886372480454746
9087,20,0.059603055122693274
9948,20,0.025445961498112537
18291,20,0.06814264969458088
18922,20,0.11654780899845213
19776,20,0.12651249607898843
20849,20,0.13559087328537645
21908,20,0.12540425012729023
22958,20,0.1039643378830659
3482,20,0.05821111645733636
4019,20,0.04618389261742704
4798,20,0.05078326297849868
5849,20,0.05337901701369039
7136,20,0.05713730696721062
8002,20,0.06338003001569797
9092,20,0.06592599792495202
10161,20,0.02391608198079236
11204,20,0.021097886572659253
12238,20,0.025084039184376246
16840,20,0.04415133990401517
17874,20,0.05079363304266092
18716,20,0.12060870469656258
19565,20,0.12624098911836992
20854,20,0.1426961495818814
21913,20,0.1385616420254509
22961,20,0.13342393073710165
23977,20,0.02914859462786594
2451,20,0.10218331781001853
3131,20,0.06709607702762607
4023,20,0.06414476466481353
5007,20,0.06808243634595026
5853,20,0.0701888846112311
6925,20,0.06766299928407622
9097,20,0.06662546727243336
10167,20,0.0647196219208695
11209,20,0.03055784530379573
12241,20,0.02446468915020284
13218,20,0.03402929057265395
14012,20,0.03679685170920877
15017,20,0.050243948892058736
15821,20,0.05102485611287061
16843,20,0.06537467143454603
17880,20,0.07758844062218831
18932,20,0.13604999859801056
19571,20,0.14805604939671183
20860,20,0.1769357842200948
21918,20,0.17730254677470245
22966,20,0.17219437635262952
23982,20,0.3921692196157752
24699,20,0.17890978022853413
1745,20,0.07262991872203861
2293,20,0.0680087144750526
4028,20,0.06592373250475517
27900,20,0.0662474861350311
7146,20,0.0709365659731039
8012,20,0.07200275310451604
9102,20,0.07215142847060535
10171,20,0.06844743577831705
12246,20,0.04395220592709458
14821,20,0.06092889903074026
15826,20,0.08821580124014694
20005,20,0.10576557381567166
21923,20,0.20608555887506122
22971,20,0.15494422982790024
1645,20,0.11034000446541266
3141,20,0.08055190746803137
7150,20,0.10611360919418794
9325,20,0.07790713282308577
10177,20,0.07942083144191736
14021,20,0.01802031356996218
2971,20,0.05062493839139079
9111,20,0.0869178242503235
12255,20,0.024024888985844428
13232,20,0.08374326706850366
17895,20,0.13175913062532627
18734,20,0.0949895927965807
21932,20,0.7027026361508802
1279,20,0.469979601668302
4042,20,0.09000345391822609
12260,20,0.004606776451953986
20019,20,0.15248866059003657
21937,20,0.5496389701899526
1191,20,0.4824611167469596
3155,20,0.09306124895711818
4048,20,0.057453137707945544
6949,20,0.15534512123580693
9340,20,0.06600067188770552
10193,20,0.17950381519280648
28017,20,0.08951360019465164
13243,20,0.06761438925171116
15845,20,0.12830558461662195
19810,20,0.13268079272158492
20883,20,0.4171740477037212
21942,20,0.4558404529516027
24889,20,0.5847914011322187
4833,20,0.08533477198335133
6096,20,0.03162703024806491
12270,20,0.287917832999087
14846,20,0.19685294851592477
15850,20,0.11884571254408274
16667,20,0.09151436221844123
21947,20,0.39568608009595596
861,20,0.627579176283746
13253,20,0.03937601196156179
14851,20,0.19402629536618077
24016,20,0.3350404632868545
26293,20,0.2147411129353835
788,20,0.5810579958766858
4062,20,0.07135565823364474
5047,20,0.1032371003406438
6106,20,0.05854910953513465
14052,20,0.09542037483674361
14856,20,0.08887771576126235
15860,20,0.1918878958358817
16883,20,0.178656118854788
17919,20,0.13957446128095002
21957,20,0.22312272919728818
24021,20,0.3068327260411326
25073,20,0.24862128067016862
1121,20,0.2849363874572512
6111,20,0.08293592949768953
14861,20,0.19448857929183133
18764,20,0.1719491282243568
19830,20,0.16333890200059703
23010,20,0.2261024312632278
25750,20,0.19787491859322545
520,20,0.5318094145949258
6116,20,0.1033973509032846
8274,20,0.03775539185995946
16893,20,0.2677020414633305
17929,20,0.32991009813049604
18769,20,0.1999165696399307
25754,20,0.17608660029394127
26724,20,0.20174817939325757
27093,20,0.18670751995786072
464,20,0.9697085903058646
7194,20,0.16886094828347994
14871,20,0.27031816181212176
15875,20,0.2598372053743985
19840,20,0.2687940310635793
21972,20,0.17781296210382197
23020,20,0.21384098193269613
24036,20,0.24847360526967288
26312,20,0.1822036479489262
26646,20,0.3108696172173819
808,20,0.4097804868537131
1317,20,0.35555195066197176
1694,20,0.36040410187538174
15880,20,0.19262805056930812
18779,20,0.29342522461717174
19845,20,0.30888650994711836
20918,20,0.23344250730656046
26733,20,0.4215655176622309
259,20,0.9800449724533583
812,20,0.37797573482481106
1698,20,0.38238050948717905
2352,20,0.2758023306163934
6988,20,0.2376050291419976
18784,20,0.24607601945622523
19850,20,0.309414243599038
21982,20,0.2616459184843846
23030,20,0.22483253375383214
25098,20,0.30857194498937246
26739,20,0.3658115824825077
27108,20,0.5015803328106495
266,20,0.5359755080706129
6994,20,0.18784514407467343
8075,20,0.28269143511949085
9166,20,0.23181286729639258
16913,20,0.10626336661180245
21987,20,0.22978406887307812
23035,20,0.21205422619609643
25103,20,0.164821860926813
26744,20,0.36010309982893496
270,20,0.3503971480694873
823,20,0.4312027699879677
3204,20,0.22363746427974612
8080,20,0.25995735253735464
9389,20,0.24614720658946757
10449,20,0.17073392820471964
23661,20,0.03158082711809987
25278,20,0.13678548803623763
25780,20,0.24981553808401719
26748,20,0.3704101281323729
27118,20,0.35769831889289727
27402,20,0.5250906974400743
616,20,0.48811445234928375
827,20,0.4661401553405925
1245,20,0.5402983326179394
8302,20,0.26356655522928796
11287,20,0.2135042141276114
17958,20,0.08803827774966952
19863,20,0.045235852103440014
26336,20,0.262131218513881
27122,20,0.3246844647772842
63,20,1.0086253128279001
494,20,0.42522580997119597
1718,20,0.597324571042596
4477,20,0.14143230886377328
22002,20,0.3177784367815841
23050,20,0.30701995442020535
25789,20,0.10535260492070792
27127,20,0.3297828765484601
27411,20,0.3785882458286102
44,20,1.7961462186272223
560,20,0.5506675255085022
838,20,0.6178462522016273
4093,20,0.2535257170221982
11711,20,0.10249822629552886
19874,20,0.23206391331052886
23055,20,0.31564930247256184
25794,20,0.15121825161883115
26346,20,0.12788024341228263
27132,20,0.3055009243033776
27723,20,1.2444890874050634
503,20,0.7120218842461677
4097,20,0.48461994246418005
9190,20,0.05199652081011775
10260,20,0.3002010529085517
21165,20,0.23260288500099605
23059,20,0.1524757245403583
24059,20,0.2673918117334005
24759,20,0.09883398047532937
25943,20,0.09606572380120582
26352,20,0.09047673733205211
27623,20,0.46072855184291917
27795,20,0.15446828615342673
248,20,2.143696081820969
508,20,2.08989880201944
847,20,1.758975403310525
2081,20,0.7414054584657253
3377,20,0.5712087030139216
4102,20,0.5801026823739089
19884,20,0.023062068512771497
23064,20,0.1470829826873297
24064,20,0.11704537267739915
24932,20,0.10926379636369979
26356,20,0.05018913265448488
26773,20,0.11275305209785895
2,20,2.5508702012368163
108,20,2.364654444889332
1738,20,0.7871800904079576
3208,20,0.6586638420530574
4107,20,0.6631173086196828
22231,20,0.1400208555719832
25631,20,0.14472311287319853
26360,20,0.04238148802599253
27147,20,0.16153925487238446
27633,20,0.22382686316920933
27814,20,0.2652543618854815
112,20,2.2479398808361815
258,20,2.294158173636912
1275,20,2.2968381348591382
2541,20,0.7039993477080783
3213,20,0.7256962604426859
4113,20,0.6598527096180895
8987,20,0.38049146555307956
10275,20,0.3364769841221469
11316,20,0.2888365753175727
12349,20,0.4639355352654295
13326,20,0.4340330537294534
14120,20,0.42261647975424826
21180,20,0.12427250223011892
23074,20,0.10220490186009693
24074,20,0.10404969792862576
24942,20,0.0830365358298551
25799,20,0.1029266666783591
27436,20,0.15591441563330458
27818,20,0.7025334614210204
27846,20,2.2778636533775574
2385,20,0.7307820831666298
8120,20,0.4869319240745389
9428,20,0.5286550694094879
10279,20,0.5473076484273449
14125,20,0.46190725535260935
23079,20,0.2744392492950001
24947,20,0.13843386088583393
26176,20,0.038758009106027565
27156,20,0.30235342181371105
27440,20,0.40619289632461486
1841,20,0.9891052668636467
2390,20,0.8645034802712103
9433,20,0.6959596265825982
16962,20,0.3585038300079064
19904,20,0.5468676970886913
28131,20,0.549548537097411
24084,20,0.31564910206757807
25809,20,0.2975806647586717
26361,20,0.3166995841184679
27869,20,2.383283799622805
2394,20,1.0419588428886641
4127,20,1.0790648883335587
10290,20,1.052841659199741
11331,20,0.4484645028803509
18843,20,0.6553450943789166
24089,20,0.38331590607116217
24957,20,0.41399659628099633
3230,20,0.08986968525449072
5134,20,0.1385471318161914
7053,20,0.5548557887069137
8134,20,0.2362289481368747
11336,20,0.7235334780804565
19913,20,0.7233837890241288
24094,20,0.46026566891502735
24962,20,0.5904129290535088
28189,20,0.5597207458670068
3235,20,0.6845112868491463
5140,20,0.6019696782772945
6199,20,0.5590534383252784
7058,20,0.5794637911654777
16977,20,0.7702764690964327
18013,20,0.7543324141812503
23099,20,0.9270758264115757
25483,20,2.297430203313717
2721,20,0.6218984512858237
3239,20,0.6339783943899412
4141,20,0.5598208430618717
5145,20,0.5405009593007122
5992,20,0.5012916023091004
7062,20,0.561143102956823
8145,20,0.5245776733724933
10305,20,0.46280618515980115
12378,20,0.5198243441280767
20996,20,0.7156716010305032
24103,20,0.801411824613818
25487,20,0.8652294393977705
2557,20,0.4958933602483889
3244,20,0.5288842964279149
9239,20,0.44692095918635516
11351,20,0.39473375982670433
12383,20,0.33405451192538815
13360,20,0.4356278819397216
14959,20,1.0657133646093224
18022,20,0.6012592702127686
19928,20,0.5652484363871931
21002,20,0.5879051780151904
23108,20,0.6099835426090681
24976,20,0.7677797948792456
3250,20,0.4550225635058713
6214,20,0.3941813136426408
10313,20,0.42753723707322194
18867,20,0.5487136609981058
23113,20,0.5253464491019587
24113,20,0.6980234150421287
24981,20,0.7942734316478849
2401,20,0.41732880603405254
3254,20,0.3809909024024317
4156,20,0.3718446208775858
6219,20,0.2662310346340805
7077,20,0.3297017762449955
10319,20,0.3960005172762451
11361,20,0.2790572498137386
12393,20,0.10248183050232665
13370,20,0.10058392617403525
18872,20,0.44704799006448787
19938,20,0.48628141596722724
24986,20,0.7941808764656599
25819,20,1.1328005584938585
2406,20,0.4188510691982139
3259,20,0.33400831816042104
10324,20,0.3915012240791347
12398,20,0.04193051027479516
14974,20,0.013490330162303518
17001,20,0.4285893357413867
18037,20,0.3873704283379912
18877,20,0.4714085912044714
19944,20,0.3253572426520037
21016,20,0.23707375962330876
24991,20,0.7229803386572098
25669,20,0.7317150997953155
2411,20,0.41485715763194286
3089,20,0.294601529084367
6229,20,0.13286115310098193
10538,20,0.13547542339743956
14979,20,0.10390328953202708
15983,20,0.5281891037457341
18882,20,0.33826291915706813
2416,20,0.3860901703692506
3269,20,0.23584670233778635
4171,20,0.1626166321017499
8392,20,0.13520635527399882
9264,20,0.14000417572393795
10334,20,0.12440451106974365
11583,20,0.07797614899166261
15988,20,0.25054640762275593
17011,20,0.25839635366554065
18047,20,0.17165068167888575
21026,20,0.07406178781154639
25002,20,0.6656609893440051
2421,20,0.36606746206899216
4176,20,0.18826387302562958
8179,20,0.1088213620710717
10340,20,0.0572264068169101
11381,20,0.0818661721696847
12413,20,0.02486827071741883
18052,20,0.03264553947090426
19958,20,0.1381946757174944
24138,20,0.5879134717249563
1962,20,0.24121113212526585
2426,20,0.3828095316682496
5184,20,0.04866962447669326
6244,20,0.021818767785535206
7318,20,0.04910785568359904
8401,20,0.06997762324681588
10344,20,0.08603424051854817
11385,20,0.06992696832780762
14993,20,0.06685785817311633
17020,20,0.03806475839521812
18057,20,0.18182333053536337
19963,20,0.1668445651798608
23143,20,0.5008515172765092
25011,20,0.6499741733010066
25836,20,0.8920525265623178
2431,20,0.3360548494949329
4186,20,0.14453488343287765
5189,20,0.0996184892136704
6248,20,0.012415058798501868
7107,20,0.025020145713732105
8189,20,0.05166815006022249
9279,20,0.10893445632929992
11391,20,0.11517319812385293
12423,20,0.07977387827333408
14453,20,0.1091205935052609
14998,20,0.11584061437625119
24148,20,0.6374993461489795
25016,20,0.77231608683194
25841,20,0.8804976783205024
1845,20,0.42932800888258615
2436,20,0.32800917711759336
10354,20,0.040653629512280236
12428,20,0.1440399376925235
14299,20,0.10327142099037112
18067,20,0.2334675042266418
19973,20,0.2912840590582295
21046,20,0.4368551682841691
25021,20,0.8402330759374399
2441,20,0.2867569149676136
4010,20,0.17331296852300282
7117,20,0.11731094418049119
8199,20,0.1088028946218995
9289,20,0.029087410479629747
10359,20,0.047035489923241317
11401,20,0.15154559793012223
12433,20,0.10109540237071629
13388,20,0.07404594793701308
28001,20,0.07838595135155785
18072,20,0.3106383997799066
18912,20,0.3285058301095801
23158,20,0.5732346818191516
25026,20,0.874564995957896
25851,20,0.9654438765829346
1741,20,1.8923564835635736
3298,20,0.16503687522855903
4200,20,0.1647942236009043
5203,20,0.14353339499972437
8203,20,0.08143103459728998
11406,20,0.09774557895407607
12438,20,0.08124887824313336
13393,20,0.2290023897752015
15013,20,0.3745816104101335
17040,20,0.5627796371375422
18077,20,0.952787936793709
18917,20,0.768008557776124
19983,20,0.562103553315243
22115,20,0.5870795884085638
23163,20,0.6651873895734753
27857,20,3.4999085663774494
2288,20,0.4339743213591705
3303,20,0.23998791251438725
5208,20,0.2192304694192613
7126,20,0.1391863181487455
8209,20,1.1373725762450464
9298,20,0.1600355424658566
10368,20,0.18847459465386943
27967,20,2.4218082026549395
27981,20,0.6419076189181662
28051,20,0.7700254872443726
16225,20,3.164194787464392
18921,20,2.9819649076813493
22118,20,0.9168091330142796
23166,20,1.1087137996414447
24166,20,1.3983542123984152
25035,20,3.0708085319907985
25860,20,3.016883367368587
27918,21,0.0003419849226805554
8211,21,0.0031765163628851975
9083,21,0.014125696271372744
28125,21,0.04379967755661998
20418,21,0.06399988307726881
5210,21,0.05025714758527889
6057,21,0.047343485980321634
7130,21,0.022831617735213423
7997,21,0.025234292470315396
9087,21,0.021811107984270318
9948,21,0.014395611889945759
18291,21,0.05396714497423513
18922,21,0.08303418888671082
19776,21,0.09069960347429355
20849,21,0.10253441265124699
21908,21,0.09747536683722552
22958,21,0.07784205551409677
3482,21,0.08134209508652832
4019,21,0.04635604767543092
4798,21,0.043641248166060395
5849,21,0.03768288238696444
7136,21,0.0254236808111965
8002,21,0.02982570133740626
9092,21,0.02935346498302208
10161,21,0.01753654272811193
11204,21,0.017181025912470237
12238,21,0.0064852771278793965
16840,21,0.032813468179034216
17874,21,0.03899596468640226
18716,21,0.09007515945532432
19565,21,0.09266366328029585
20854,21,0.11157100072199053
21913,21,0.10650439125554978
22961,21,0.10409555101306249
23977,21,0.019485963068152284
2451,21,0.15393472172833836
3131,21,0.09953416383697114
4023,21,0.09181690310964194
5007,21,0.07265651971583952
5853,21,0.06431261538846834
6925,21,0.0449102796196866
9097,21,0.037074394932476946
10167,21,0.031592003600024815
11209,21,0.016644760497577425
12241,21,0.008173257103784179
13218,21,0.015636157589117818
14012,21,0.015920312968954357
15017,21,0.027724917312945067
15821,21,0.028768085527785828
16843,21,0.04610310616053696
17880,21,0.06152922572886771
18932,21,0.11306210132852254
19571,21,0.12640994798396887
20860,21,0.16620232180240677
21918,21,0.16585916690248537
22966,21,0.15605843842847936
24699,21,0.2568695602403142
1745,21,0.011193038379064725
2293,21,0.1290844471732394
3135,21,0.07315117892903401
4028,21,0.04871985543526047
27900,21,0.061311665784108065
7146,21,0.08024865320117032
8012,21,0.07382919336057919
12246,21,0.027475017036336587
14821,21,0.03870573237265484
15826,21,0.10458010335111537
20005,21,0.15162009216030248
21923,21,0.20526921429045453
1645,21,0.055130446928832434
2298,21,0.09497886173048228
3141,21,0.08652125350984914
7150,21,0.0980834372940698
8016,21,0.10810285151297226
9325,21,0.1588152244592164
10177,21,0.14522846844555348
14021,21,0.06760360423505707
9111,21,0.22425529134869757
12255,21,0.19211498512799485
13232,21,0.13165460596128822
17895,21,0.059062376070512256
18734,21,0.04613547207826784
21932,21,0.12354693871975139
1279,21,0.34333345126302184
4042,21,0.12360297717022163
12260,21,0.28719186207959935
20019,21,0.13503234104799725
21937,21,0.6396114060372379
1191,21,0.43359143769557157
3155,21,0.10689636586098046
4048,21,0.10406247197033665
6949,21,0.2604303073325366
8031,21,0.25095321777467877
9340,21,0.2983200338799665
10193,21,0.2542408157947119
28017,21,0.16617504056807206
13243,21,0.19294794761211176
15845,21,0.07833683588823354
19810,21,0.3576817774466907
20883,21,0.6478995013123251
21942,21,0.6203399045676954
24889,21,0.6722137084157328
4833,21,0.13641324604258653
6096,21,0.1420101736050209
14846,21,0.13913024050377468
16667,21,0.06505135557955616
861,21,0.6562090468298419
4246,21,0.13557110381819548
13253,21,0.27508548162888646
14851,21,0.05954598309616861
24016,21,0.42405412612415283
26293,21,0.20121353595386338
788,21,0.684311606739563
4062,21,0.15661418077632197
6106,21,0.11944549489807156
14052,21,0.19379708201967172
14856,21,0.06791043949794927
15860,21,0.07149195418103844
17919,21,0.08907441181319735
21957,21,0.25310828111373745
24021,21,0.40232629049594404
25073,21,0.303524425121683
582,21,0.3657416040745067
1121,21,0.19302303484073394
6111,21,0.05964248535635588
14861,21,0.14322971560646042
18764,21,0.18896833007204417
23010,21,0.3101242641177489
25750,21,0.2867918642202398
520,21,0.5896434640566995
6116,21,0.10630920453904563
16893,21,0.18307125344128794
17929,21,0.24564495957912166
24914,21,0.23748160735060822
25754,21,0.22139354145494688
27093,21,0.3905790414933864
464,21,0.9494255036270298
7194,21,0.07474457704967875
14871,21,0.09871980537930503
15875,21,0.11658680542356666
19840,21,0.25780747047473046
21972,21,0.1663589575908656
23020,21,0.22694576573720862
24036,21,0.2593244769678351
26646,21,0.1607336371773238
808,21,0.20469877695065014
1694,21,0.2515332038121298
8065,21,0.10813516472359332
15880,21,0.16441553053762709
18779,21,0.34749380155084053
19845,21,0.3769592015338612
20918,21,0.334653898916663
26733,21,0.22744108648961392
259,21,1.071792958790123
812,21,0.273550020580334
1698,21,0.35202185759322957
2352,21,0.38243973158152267
6131,21,0.1311435823645713
6988,21,0.16131847731760593
18784,21,0.35990441368852194
19850,21,0.3726679007210447
21982,21,0.3147561525793634
23030,21,0.21710337016813716
25098,21,0.2348911415305943
26739,21,0.22795201444326837
27108,21,0.20719797224926434
266,21,0.048037623859822326
6994,21,0.12752565943650393
8075,21,0.17250949469153237
9166,21,0.1993576626949428
16913,21,0.18836862878129318
21987,21,0.3413726625628839
23035,21,0.184376694229012
25103,21,0.15438432279216366
26326,21,0.18547195610939105
26744,21,0.21059294042660487
270,21,0.4370366095942603
823,21,0.37691242070759623
3204,21,0.4669714725041106
8080,21,0.1391226724218218
9389,21,0.07904129167811748
10449,21,0.13942607363068824
17953,21,0.3611006897268246
25278,21,0.2632418541723742
25780,21,0.13462613667251985
26331,21,0.19034776315888458
26748,21,0.1469548563701241
27118,21,0.1816962745437296
27402,21,0.33329325973970586
27532,21,0.2667910762802355
616,21,0.31390393491319507
827,21,0.39483839042906904
1245,21,0.402422555145342
8302,21,0.10285518019786574
11287,21,0.11794727610040005
17958,21,0.4781909727777367
26336,21,0.1289127033384034
27122,21,0.18010223556920668
63,21,0.8894744677819199
494,21,0.3833407300792579
1718,21,0.4984478974156993
4477,21,0.10971133579750475
23050,21,0.5352312518904608
25789,21,0.4320271726623103
26758,21,0.18283745092727796
27411,21,0.21222747452714175
44,21,1.9222052997090109
560,21,0.323724904044843
838,21,0.40713635065388587
2376,21,0.5495284564639958
4093,21,0.14297983369420353
11711,21,0.23647803745240437
19874,21,0.31121635353122734
25794,21,0.3047498976499109
26346,21,0.3584561357785355
27723,21,0.4239414824942651
503,21,0.2560228423607837
4097,21,0.2770587518516131
9190,21,0.32027052125197863
10260,21,0.254045587849095
21165,21,0.26749528309016674
23059,21,0.36256436180513596
24759,21,0.20675369011424322
26352,21,0.5278670001103198
27623,21,0.29411080651506155
27727,21,0.3986132434494583
27795,21,0.167911555957304
248,21,2.002167662207834
508,21,1.8893612367700359
847,21,0.5912777320748956
1266,21,0.373442769882425
2081,21,0.48347980036883237
3377,21,0.2516083170934619
4102,21,0.3307851268279457
11514,21,0.2725158521864159
19884,21,0.33926009288904446
24932,21,0.473915765021173
26356,21,0.49315327092387407
26773,21,0.44830851973286695
27628,21,0.3046139263853816
27809,21,0.09830047786923497
2,21,2.4130532246377427
108,21,2.1707847715363964
852,21,1.207267381057811
1738,21,0.42035618289264826
4107,21,0.4632615561599612
22231,21,0.36147935998250774
24069,21,0.4003326902437698
26360,21,0.49776975656109
27147,21,0.4954839939886695
27633,21,0.35903329024689185
112,21,1.9278457797510518
258,21,1.952736465547767
518,21,1.9572080084913495
1275,21,2.0320083619175335
2541,21,0.4148181095566704
3213,21,0.496453148174703
4113,21,0.5292446890182796
8987,21,0.22218994844045498
10275,21,0.26365337356937946
11316,21,0.2737762851588182
12349,21,0.4551286280855141
13326,21,0.5763663175314945
14120,21,0.7126693656390873
17988,21,0.1538754332800393
21180,21,0.36672155022405917
23074,21,0.3503901491942466
24074,21,0.3918498004853639
24942,21,0.4575769208111539
27436,21,0.5450851774296152
27818,21,0.43063246828324875
27846,21,1.9278875774862374
2385,21,0.5341157721394116
3218,21,0.5588762617772574
8120,21,0.4191312462312706
9428,21,0.43770738432674855
10279,21,0.3973574763300953
23079,21,0.47802321448858154
24947,21,0.4592189931848226
26176,21,0.5335778555785841
27156,21,0.6187494166986586
27440,21,0.5862090841138723
27607,21,0.9321281198882359
1841,21,1.8453302133644034
2390,21,0.6474661901603387
9433,21,0.5862921905091707
16962,21,0.15366601845016659
19904,21,0.6164139798188202
28131,21,0.4893221463325243
22036,21,0.5728187364228462
24084,21,0.606708012739441
25809,21,0.6156692153888959
26361,21,1.2275280708223346
27869,21,2.2716951086034034
2394,21,1.2992633023958549
4127,21,0.9535448814538816
10290,21,1.0227084320497208
11331,21,0.8461820814651289
18843,21,0.7580357284015128
24089,21,0.7015002637306222
24957,21,0.7483966761863037
3230,21,0.262172377195645
5134,21,0.474289613787144
7053,21,0.2820953522916453
8134,21,0.506665710628234
9225,21,0.9043165883414448
19913,21,0.9782945052659078
24962,21,1.3802713043020178
28189,21,0.7050022496048309
3235,21,0.7504904306492912
5140,21,0.604067829860332
6199,21,0.6703221138816208
7058,21,0.6466823678330026
16977,21,0.8959877956909073
18013,21,0.8987342875520417
23099,21,1.1077952821480028
24967,21,1.0196873800419557
25483,21,1.4458312191219074
2721,21,0.7367417352349335
4141,21,0.6210862157565133
5145,21,0.578720218390576
5992,21,0.5779417582728499
7062,21,0.6142915770312989
9234,21,0.7270224039708786
10305,21,0.7118836890994331
12378,21,0.8630967553222688
20996,21,0.8487177410136209
24103,21,0.8347965700512118
25487,21,0.8646780335841666
2557,21,0.6436869858743134
3244,21,0.6051210078102743
9239,21,0.6805681839228821
11351,21,0.7172846754110412
12383,21,0.7187657777847498
18022,21,0.7513062122190319
19928,21,0.7806495523449617
21002,21,0.7455332913032356
23108,21,0.7489320568604477
24976,21,0.8933141117405968
2396,21,0.5041272196367721
3250,21,0.5262400481039955
6214,21,0.5184632119823197
7072,21,0.48780446443560604
10313,21,0.682997406539512
18867,21,0.6686702798936626
22065,21,0.5663155580123951
23113,21,0.660894675506909
24113,21,0.8434371949724995
25659,21,1.4445547241272039
2401,21,0.504928522664157
3254,21,0.3874969383643146
4156,21,0.3414271094484349
6219,21,0.4142352515055951
7077,21,0.4298008820012516
10319,21,0.6075101401334755
11361,21,0.5675470745964205
12393,21,0.3127190313206557
13370,21,0.17804657975061838
18872,21,0.5554250875431115
19938,21,0.4988028442475999
24986,21,0.7207707562340244
25819,21,1.3947001562559789
2406,21,0.4578602681450812
3259,21,0.31872390287111485
5164,21,0.2966311594487677
10324,21,0.5634477431951361
12398,21,0.24409193569172857
18037,21,0.4669658946759601
18877,21,0.4575107762352657
19944,21,0.38954890324585084
21016,21,0.30071336719059377
24123,21,0.7404666375939554
24991,21,0.6993971318525163
25669,21,0.7263073885605463
2411,21,0.40283048815102085
3089,21,0.23537141423830976
4166,21,0.25312133713304813
10538,21,0.3684593445108518
11371,21,0.24401546824537806
12403,21,0.22722468906844767
14979,21,0.024688303303984898
18882,21,0.3693972343284773
24128,21,0.6872020217592087
25673,21,0.6711252816614095
2416,21,0.3559764258507116
3269,21,0.23773952422329545
5174,21,0.1363275956089053
7092,21,0.2305902352347769
9264,21,0.27963242905772356
10334,21,0.26058155464981253
11583,21,0.21220987823839765
15988,21,0.3199116706399281
18047,21,0.18447602120928555
19953,21,0.056340965515895486
21026,21,0.07053997451359256
25002,21,0.5796262757601581
4176,21,0.12719197354531667
5179,21,0.14503695464046404
8179,21,0.2484285564527237
10340,21,0.20832940238859035
11381,21,0.15529999824815524
18052,21,0.09210345441343082
19958,21,0.1880400339289144
22090,21,0.4334062923012164
25831,21,0.909428806101617
1962,21,0.20710312499920536
2426,21,0.2737345726173155
4181,21,0.0422178975343777
6244,21,0.14503009164864406
7318,21,0.1999180794122888
8401,21,0.2267250470191905
11385,21,0.1657003701020503
14993,21,0.048166282486311954
17020,21,0.15180049365855666
19963,21,0.160381543209512
23143,21,0.48503799691426513
25011,21,0.5817262761156003
25836,21,0.9478843299092103
2431,21,0.23966647235636943
4186,21,0.0700907351184436
5189,21,0.02098493274534017
6248,21,0.09792623975827808
7107,21,0.14580997489911482
8189,21,0.15305590411409659
9279,21,0.16628247419702463
11391,21,0.15134920500468407
12423,21,0.15691887253425493
14453,21,0.07397478851183864
14998,21,0.17988390803672064
19968,21,0.1522349301832379
23148,21,0.38775917422869455
25016,21,0.5357611365447593
1845,21,0.3011629679799771
2436,21,0.2768263983522109
6039,21,0.05502578990388485
10354,21,0.20930553703386395
12428,21,0.16075532594426092
14299,21,0.09552351848450735
18067,21,0.14391312162593742
19119,21,0.1936193284642763
19973,21,0.10050616871924005
21046,21,0.24957388842906875
25021,21,0.5953060886787508
2441,21,0.31803530373045963
3119,21,0.21094310796186522
4010,21,0.17374496373371665
8199,21,0.16133978430156729
9289,21,0.21933521603981732
10359,21,0.2791004030562765
11401,21,0.28764546682894004
12433,21,0.21379142323943082
13388,21,0.2637295343388258
28001,21,0.13272013207913347
16013,21,0.216642242875355
18072,21,0.14356951383851674
18912,21,0.20192113633183822
23158,21,0.41005395919294574
25851,21,0.7801855553849576
1741,21,1.2668833554015329
3298,21,0.2862834857249453
5203,21,0.19631810520908505
7122,21,0.24926633330720457
8203,21,0.25033555367105503
11406,21,0.3568455291090287
13393,21,0.3208326273998707
15013,21,0.3221864155187096
17040,21,0.46592564418236154
18917,21,0.5940157288381679
19983,21,0.354993330314781
22115,21,0.42648932729349587
27857,21,1.5046804007480694
2288,21,0.6751890365659025
3303,21,0.35197000934447453
5208,21,0.29225833652940386
7126,21,0.6822312151609631
8209,21,1.7965413415950224
27967,21,2.8599274212455073
27981,21,0.4640271522541624
28051,21,0.586694928596888
16225,21,2.70548558046665
17045,21,3.270700117691251
21060,21,1.7332347098855692
22118,21,0.675610399376819
23166,21,0.9268200735332406
24166,21,0.9400001862415822
25035,21,2.5784530914929147
25860,21,2.0715949708905126
27918,22,0.013662427113642333
8211,22,0.018363922239926403
9083,22,0.015037890174617196
28125,22,0.06431637257803142
20418,22,0.07508985609972492
5210,22,0.0490252635002689
6057,22,0.04491368592728396
7130,22,0.03251786146932424
7997,22,0.034368136097599394
9087,22,0.038001742189173716
9948,22,0.02327773923503418
18291,22,0.07801567826871594
18922,22,0.11132966301865899
19776,22,0.11972432326173339
20849,22,0.11885500343605895
21908,22,0.11179592411734796
22958,22,0.10585415413018029
3482,22,0.07842930089177502
4019,22,0.045648180765908264
4798,22,0.04141813157194489
5849,22,0.03758708769282276
7136,22,0.03691089261453392
8002,22,0.03800286313855895
9092,22,0.044149591175786096
10161,22,0.025019598197861745
11204,22,0.023554392456792674
12238,22,0.01724039877755295
16840,22,0.04843737518297866
17874,22,0.054978672930291655
18716,22,0.11635651713921115
19565,22,0.11885719776300877
20854,22,0.13620072350546578
21913,22,0.13741583329090495
22961,22,0.1529025731594686
23977,22,0.02890616003271503
2451,22,0.14981240061936812
3131,22,0.09854436020934919
4023,22,0.09146345074140141
5007,22,0.08176856043871839
5853,22,0.08011049370413681
6925,22,0.06898867619710435
9097,22,0.0719490970646499
10167,22,0.06526319893957269
11209,22,0.037782598420455275
12241,22,0.021763228558311417
13218,22,0.032890841955586336
14012,22,0.03497064457926403
15017,22,0.057740844212422766
15821,22,0.060949732696232814
16843,22,0.07674220263270493
17880,22,0.09024490811700123
18932,22,0.1455548634461687
19571,22,0.16018916678181977
20860,22,0.2012270840280497
21918,22,0.19788606499834363
22966,22,0.20304814533679222
24699,22,0.26533277465729344
1745,22,0.019048482106257005
2293,22,0.09466620003733445
3135,22,0.0769603816808224
4028,22,0.09834423707733289
27900,22,0.09015765270711011
7146,22,0.09514415289905827
8012,22,0.1385094860555261
12246,22,0.060825044651030905
15826,22,0.3822766460753679
20005,22,0.25858607949717527
21923,22,0.24726815401644187
1645,22,0.10045404174173111
2298,22,0.12129554103323043
3141,22,0.10708137008457468
7150,22,0.14902292627563857
9325,22,0.17635369896804848
14021,22,0.1383820704700848
9111,22,0.12789339970064748
12255,22,0.06754509812743713
13232,22,0.07689476925844595
17895,22,0.39283920274452633
18734,22,0.23986464876071387
21932,22,0.3948790361536352
1279,22,0.3704317105912033
4042,22,0.08333262575779246
12260,22,0.15394899788594144
21937,22,0.15186594741819878
1191,22,0.3863396931185004
3155,22,0.15390655401805073
4048,22,0.16534143497073542
6949,22,0.14206221517316725
10193,22,0.3004523084007409
28017,22,0.13361375133751424
19810,22,0.27895095996134306
20883,22,0.0870364178191014
21942,22,0.11484791042263608
24889,22,0.2329817845505725
4833,22,0.18947799682094685
6096,22,0.15545856649017978
14846,22,0.1099809562962964
16667,22,0.1583279936340791
22995,22,0.20572241435306451
861,22,0.5487059848442041
4246,22,0.1846152703351784
13253,22,0.30465275010777615
14851,22,0.10115070142574946
24016,22,0.22812356257832994
24899,22,0.2135038813613666
26293,22,0.3571351279942064
788,22,0.5919643089847391
1206,22,0.17951799015426845
4062,22,0.18072606384813208
6106,22,0.23066786519200935
14856,22,0.13439117471553874
17919,22,0.19662033627167402
21957,22,0.32403492232425424
24021,22,0.20919637481780684
25073,22,0.23722976611232238
582,22,0.2581599101919726
794,22,0.16147580839734993
1121,22,0.20099528315414564
6111,22,0.15308159320780182
14861,22,0.11676398650043637
18764,22,0.27783538739735797
24026,22,0.2733415924273207
25750,22,0.28920803435971915
520,22,0.4429925113174039
16893,22,0.20850957399634412
17929,22,0.32203735487535934
20907,22,0.3077254940710465
24914,22,0.2973995875599846
25754,22,0.2498414366473645
464,22,0.7744893898455542
803,22,0.2117233710078232
7194,22,0.089914163029828
14871,22,0.05309135231004898
18774,22,0.3106386691443175
19840,22,0.2789653303403896
23020,22,0.3068861343877312
24036,22,0.3503952698359702
26646,22,0.2889837226592523
808,22,0.2383705368981912
1694,22,0.30111535766589487
8065,22,0.132285441706148
14876,22,0.10986243192042212
15880,22,0.10793741637093897
19845,22,0.27673390121267416
20918,22,0.19205116592909752
24924,22,0.28856742080469966
26733,22,0.22484054414340054
259,22,0.9138378953680197
812,22,0.2301102706899197
1698,22,0.32955687226533065
2352,22,0.3287631190971101
6131,22,0.15605408272089052
6988,22,0.10228915642282026
18784,22,0.17135670893667296
21982,22,0.20029084550609697
23030,22,0.1891430411935819
25098,22,0.15557635455249497
25769,22,0.1744536940975512
26739,22,0.1660937567930393
27108,22,0.17242365493398132
266,22,0.08313128457929475
6994,22,0.06664660569284774
8075,22,0.1461726011851401
9166,22,0.05056530409913878
16913,22,0.11297682977273771
21987,22,0.14003518433588852
23035,22,0.15677228229558365
25103,22,0.104389825838216
26326,22,0.14879853387485495
26744,22,0.12831383558326856
27113,22,0.15225154714567124
823,22,0.2876093571140889
1709,22,0.42785016446035873
9389,22,0.06739285639867376
10449,22,0.08502852975158631
17953,22,0.13584668986160955
25278,22,0.06406363797979572
25780,22,0.06056257636726843
26331,22,0.09674903375433437
27402,22,0.20786817537189528
616,22,0.2555425985341855
827,22,0.29507349500107566
1245,22,0.3207637429841401
8302,22,0.04395792412759859
11287,22,0.15149883287934862
17958,22,0.43731413587026147
27122,22,0.14112865842780903
494,22,0.2748204576426759
4477,22,0.35652037520755747
23050,22,0.05805980797055154
25789,22,0.011586412011138839
26758,22,0.11000201097297115
27411,22,0.2259359075288884
44,22,0.8718866778373713
560,22,0.3004717612095318
838,22,0.31480778731729053
4093,22,0.3956355668343254
11711,22,0.13510628318307047
25794,22,0.11161210742211487
26346,22,0.11187831340542419
27313,22,0.15649266493665384
27723,22,0.2746747065489897
503,22,0.33528153857829385
9190,22,0.24692563747322527
10260,22,0.19468613847740202
23059,22,0.07913973447304763
24759,22,0.06780942954300487
26352,22,0.11719131651554883
27137,22,0.1503639126013222
27623,22,0.2629984436390656
27727,22,0.27116042218556247
27795,22,0.3106587148945131
248,22,0.25065199229371143
508,22,0.21635776255749356
847,22,0.2630950372867903
1266,22,0.313985800546477
2081,22,0.43333745434936
3377,22,0.3818749470375685
4102,22,0.23905713985222668
11514,22,0.14442523386543632
19884,22,0.043785977543299895
22016,22,0.06595272496241623
24932,22,0.17165339678025243
26356,22,0.13374580194532956
26773,22,0.18247162831189753
27628,22,0.22003339233655744
27809,22,0.2832939100878494
2,22,2.1101739675725506
108,22,1.1054693190108722
852,22,0.2790598138723527
1738,22,0.3635877040984765
4107,22,0.34048295604192164
20104,22,0.17730547034600028
22231,22,0.13441292530370036
24069,22,0.14726099776233834
24936,22,0.18734133890442772
26360,22,0.15692809154021525
27147,22,0.30462732741649495
112,22,1.7924265545106925
258,22,1.8119272210639825
518,22,1.807063509007164
1275,22,1.9162020850015289
1550,22,0.35061250832717156
2541,22,0.24753480870236771
3213,22,0.31193098732740576
4113,22,0.3751192378700232
8987,22,0.1566984598517105
10275,22,0.10569459734805846
11316,22,0.10129797135650047
13326,22,0.3261555371425823
21180,22,0.11622442542691444
23074,22,0.051845094323803916
24074,22,0.09057650997024848
24942,22,0.146053178366706
27436,22,0.32521723469637326
27818,22,0.37404265207902077
27846,22,1.802705259281621
2385,22,0.32480864564614137
3218,22,0.48408929407522683
8120,22,0.2210271292277429
10279,22,0.16262360812425766
23079,22,0.16514274224597333
24947,22,0.1647686862487835
26176,22,0.23167780105370459
27156,22,0.45677773092999596
27440,22,0.76116499495606
27607,22,1.3734916854080264
1841,22,1.2017859573100904
19904,22,0.26004989575738613
28131,22,0.29945967356246145
22036,22,0.27939753762327024
24084,22,0.14288399614200917
25809,22,0.3204182001258028
26361,22,0.30465705987192937
27869,22,2.3641446844044043
2394,22,1.0636273459042498
4127,22,0.8863259089039677
10290,22,0.3656748960558006
11331,22,0.5216459495538507
14940,22,0.7338854165007532
18843,22,0.6369818047764126
24089,22,0.1818639650388074
24957,22,0.2698708983700337
3230,22,0.3116235662930056
5134,22,0.5579146676566193
7053,22,0.8489553736267762
8134,22,0.14642567599769396
14945,22,0.7137821074563779
18008,22,0.6646579971941796
19913,22,0.6342776194681355
24962,22,1.0137845543010922
28189,22,0.5245301460585016
3235,22,0.396823510642786
5140,22,0.30028506386193005
7058,22,0.39977721679683803
16977,22,0.5069725824070072
23099,22,0.4265677406589203
25483,22,0.35741144217990045
2721,22,0.19317356136308542
4141,22,0.2576964662566175
5145,22,0.269840370349015
5992,22,0.2835347591733798
7062,22,0.324694035351322
9234,22,0.5586818365481077
10305,22,0.5819670001064258
12378,22,0.6042915802614058
20996,22,0.26634332056291865
25487,22,0.47834361024270694
2557,22,0.9035446201362318
3244,22,0.26243107846998254
7283,22,0.23746686966850553
9239,22,0.4997262244777013
10100,22,0.4748711553324639
11351,22,0.5786294510012928
12383,22,0.5387331355056935
18022,22,0.3211202965525903
19928,22,0.24064072837088582
21002,22,0.234864201480741
23108,22,0.26584026759593266
24976,22,0.40572458452186144
2396,22,0.10380541784910667
3250,22,0.19388300184619012
6214,22,0.14558418163380024
7072,22,0.1664784029462957
10313,22,0.4415339476243009
18867,22,0.25611277467387417
23113,22,0.23181537945191558
24113,22,0.2946577350450328
25659,22,1.1343341706536068
2401,22,0.14950665133136648
3254,22,0.12967669123950712
4156,22,0.13814103661719407
7077,22,0.10303393286464142
10319,22,0.38122545017334847
11361,22,0.4328060302421672
12393,22,0.44370290772007015
13370,22,0.3883774805274259
15973,22,0.35394929267979114
18872,22,0.17256867024011094
19938,22,0.21078517598377786
25819,22,0.959878214446762
2406,22,0.312941002693321
3259,22,0.1094059778755601
5164,22,0.06342691877521604
10324,22,0.4161749891872413
12398,22,0.42168873239734833
18037,22,0.11513337517540247
18877,22,0.19501291853041447
19944,22,0.199874537990948
21016,22,0.3222326015641621
22075,22,0.37218760329782413
24123,22,0.35551463131076966
24991,22,0.4322247797942079
25669,22,0.5406668084962591
2411,22,0.30030355874616405
3089,22,0.06740534326187522
4166,22,0.04017568245351347
10538,22,0.4218236686626127
12403,22,0.4297220233784506
14979,22,0.3900224626278003
24128,22,0.3701624689163707
2416,22,0.2885608038232301
3269,22,0.04158625755641897
5174,22,0.11820927798960697
9264,22,0.28070436324545217
10334,22,0.34481809096970556
11583,22,0.41935753707863144
15988,22,0.5924014996270701
18047,22,0.3786495872077611
19953,22,0.3669010071259253
22085,22,0.38553227832415166
25002,22,0.45435730164621807
25826,22,0.6776363072430733
4176,22,0.08785850385362033
5179,22,0.07694587238397158
7097,22,0.20591375840991896
8179,22,0.20209927954090653
10340,22,0.3149175041598571
11381,22,0.37816448070719944
14989,22,0.16527890377390855
18052,22,0.39234530781003785
25831,22,0.8071422549352472
1962,22,0.16887225426707417
2426,22,0.3069108543448672
6244,22,0.14972294057984514
7318,22,0.17700277107220458
8401,22,0.24310175839401754
11385,22,0.3817645854709187
12417,22,0.4237444855743067
14993,22,0.3512090648536012
17020,22,0.5795108241192648
19963,22,0.602015857757202
23143,22,0.36303481268316934
25011,22,0.5483463384331538
1967,22,0.4709068044994341
2431,22,0.32675514937618744
5189,22,0.1970352496210364
6248,22,0.1677509395288096
7107,22,0.21282904256954974
8189,22,0.27019027860817746
9279,22,0.2668899000408716
11391,22,0.48346458511306795
14453,22,0.3231802941348797
14998,22,0.47299893441867513
19114,22,0.532202307346811
19968,22,0.5708742116575152
21041,22,0.46108334897946446
25016,22,0.6461586106663194
1845,22,0.6817723281994116
2436,22,0.5607009546905483
10354,22,0.18165888556082507
12428,22,0.35519661861474816
14299,22,0.26833885087829534
18067,22,0.5549719235844834
19119,22,0.5243963214608064
19973,22,0.5977250744063316
21046,22,0.6876667043769726
25021,22,0.7989036916809157
25846,22,0.9914282557518393
2441,22,0.527978930814409
3119,22,0.4565203967989511
4010,22,0.3784137475341263
8199,22,0.09947556216810723
9289,22,0.1374325814283852
10359,22,0.2161999561821824
11401,22,0.28802138179942527
12433,22,0.34786805760314266
13388,22,0.2356748699938672
16013,22,0.4940786330631384
18072,22,0.5209610333800939
18912,22,0.5497242291633792
23158,22,0.5116913396058284
24158,22,0.6364385217110102
25851,22,0.9045036589135436
1741,22,3.322677932160197
5203,22,0.31917986350527194
7122,22,0.241361616928099
8203,22,0.16944373352743686
11406,22,0.27084388596317094
13393,22,0.32895128102700427
15013,22,0.4902983027054961
15815,22,0.49170245215463504
17040,22,0.5754637643834896
18917,22,0.7594456522151268
19983,22,0.5349954807706613
21056,22,0.5456191283386345
22115,22,0.566347631805603
25031,22,0.9502438352233059
25856,22,1.5995998349158371
27857,22,3.6302494671236696
2288,22,1.0840837719095182
4205,22,0.44663559847178985
5208,22,0.3358786617779618
7126,22,0.48558005732715387
8209,22,2.0769165729510464
27967,22,1.5814561395751037
27981,22,0.6177296205311261
28051,22,0.5987644376056734
16225,22,1.270280001514229
17045,22,1.2124615848374698
19987,22,2.1778166978953375
21060,22,1.0938314541920837
22118,22,0.7738646531073378
23166,22,0.7894329270993324
24166,22,0.9391087408685064
25035,22,0.9859474212871666
25860,22,1.4603768469259213
27918,23,0.024462595253445747
8211,23,0.030211368735479183
9083,23,0.021670018181511864
28125,23,0.02897543505261857
20418,23,0.03244467698477156
5210,23,0.03468756895024296
6057,23,0.03882433357976914
7130,23,0.02875698901618129
7997,23,0.02957090891894477
9087,23,0.030357095348566482
9948,23,0.0228696511049481
18291,23,0.03946240768365324
18922,23,0.04449805946364898
19776,23,0.0478019953925199
20849,23,0.05070861263933607
21908,23,0.04356827145342559
22958,23,0.04225575532089151
3482,23,0.039297953575944435
4019,23,0.02158983326266725
4798,23,0.02780932197546502
5849,23,0.03254951903050476
7136,23,0.02794956373230108
8002,23,0.02938535715391092
9092,23,0.03275141444439943
10161,23,0.022596192192060945
11204,23,0.021334041374564093
12238,23,0.013437424348311633
16840,23,0.028211509380892525
17874,23,0.029905442818464724
18716,23,0.047444594584988765
19565,23,0.04934520149426124
20854,23,0.05285177748296509
21913,23,0.05113909956533208
22961,23,0.05236693889603984
23977,23,0.021785795942824936
2451,23,0.08947775318712495
3131,23,0.04859639398100262
4023,23,0.04606936867448335
5007,23,0.04557728143509146
5853,23,0.046509663109432
6925,23,0.03923316482087521
9097,23,0.04467929836190367
10167,23,0.039777486881713335
11209,23,0.0239463334453704
12241,23,0.017415929018375513
13218,23,0.021805904956472718
14012,23,0.02220257271748093
15017,23,0.02956765631030635
15821,23,0.030266855196127596
16843,23,0.037563706469763335
17880,23,0.042854272773105
18932,23,0.05397912647792075
19571,23,0.05814494151331257
20860,23,0.07744752585434025
21918,23,0.07755276646347833
22966,23,0.07798395417915367
24699,23,0.38580607267414463
1745,23,0.0062153784880561065
2293,23,0.0289146656184401
3135,23,0.052663128358852215
4028,23,0.01683261345744695
27900,23,0.03104419276530134
7146,23,0.03971762974731796
8012,23,0.05441068773820622
12246,23,0.03337967276936473
15826,23,0.11098195536891173
20005,23,0.0026331074023197513
21923,23,0.09943066232687285
1645,23,0.12018239642661252
2298,23,0.03318492298812973
3141,23,0.016712008739648697
7150,23,0.06350734628373202
9325,23,0.037449522447623264
13227,23,0.048755971984008585
14021,23,0.05352722979447232
9111,23,0.14942657371713858
12255,23,0.2135506573737628
17895,23,0.1856189571080635
18734,23,0.1425663515568134
21932,23,0.05882304386553866
1279,23,0.36170278674836975
4042,23,0.1723023304152817
12260,23,0.21807389848300665
21937,23,0.3279656388401111
3155,23,0.12583059650011497
4048,23,0.12629467618414122
10193,23,0.1559832456407386
28017,23,0.2481399294702743
19810,23,0.36767360220126016
20883,23,0.26512188349252486
21942,23,0.2685092457873357
24889,23,0.5249595986218588
4833,23,0.1930135179492524
6096,23,0.2440193920463573
21947,23,0.19809568752923135
22995,23,0.30650626105237483
861,23,0.5417326497003921
4246,23,0.1617247230960705
13253,23,0.013461261132108005
14851,23,0.3220948395988377
24016,23,0.33066262196176643
24899,23,0.40109540940712707
788,23,0.607990522346951
4062,23,0.1882459354844839
5047,23,0.18676286015523222
6106,23,0.2704626266202582
14856,23,0.2023329468226542
16883,23,0.19505700978252272
21957,23,0.11331966546937973
24021,23,0.25595509945603123
25073,23,0.19472489768151313
1121,23,0.3733494976155456
6111,23,0.21428809848825345
14055,23,0.151037629678709
14861,23,0.16143010466055271
18764,23,0.13147745688409918
19830,23,0.18027623625630407
25750,23,0.15129769201739915
520,23,0.687560444041336
1215,23,0.3390635555688716
16893,23,0.2926873715487327
17929,23,0.32047172471116114
20907,23,0.1763299244236043
24914,23,0.13218405722604937
25754,23,0.14691957615873683
464,23,0.8289684300911431
14871,23,0.21189161808442175
16898,23,0.21014495264843822
17934,23,0.4060715751048437
18774,23,0.39673683490206124
19840,23,0.2538920586467243
23020,23,0.2450515661552534
24036,23,0.2054640638303393
26312,23,0.11709911558916171
26646,23,0.2547255586863564
808,23,0.38309709064589537
1317,23,0.3398397039222458
1694,23,0.3475810875586051
14876,23,0.32338730106402935
15880,23,0.25161749295618224
19845,23,0.35367436755392784
20918,23,0.27361053350446507
24924,23,0.24390127661888344
26733,23,0.19359914882600987
259,23,0.8775922307305697
1698,23,0.29549529162579946
2352,23,0.33404578658259176
6131,23,0.2596563253716664
6988,23,0.3154465817436452
18784,23,0.2913328541958832
21982,23,0.24336461079070482
23030,23,0.2833529234416239
25098,23,0.18675649302618938
25769,23,0.2372285658788825
26739,23,0.20397967301125858
27108,23,0.1808512803699042
266,23,0.5771119292529145
6994,23,0.2663087617477988
8075,23,0.3435270233681872
16913,23,0.15967984082998588
20069,23,0.28476849907270757
21987,23,0.27189814790663397
23035,23,0.17517167868380354
25103,23,0.14283532789418113
25775,23,0.26699431159195797
26326,23,0.2124063008767688
26744,23,0.21139714311604915
823,23,0.36055748881015576
9389,23,0.08593841987375392
10449,23,0.1960457905963874
17953,23,0.20385956313038994
23040,23,0.12481329864138359
23661,23,0.11999785599123158
25278,23,0.14382892586767923
25780,23,0.12233775031332281
26331,23,0.18713014576342557
27402,23,0.26291357057440834
616,23,0.33049701257279535
827,23,0.2699392513066886
1245,23,0.29777127684170285
8302,23,0.04096515477687436
11287,23,0.2340758640754688
17958,23,0.2533543940147675
27122,23,0.17662519089442452
494,23,0.36036200282776126
4477,23,0.17100486463202585
22002,23,0.03827421362223153
23050,23,0.09988019557370871
25789,23,0.11052316098132903
26758,23,0.15853410451085626
27411,23,0.23838108154402524
44,23,0.521160880693062
838,23,0.3621056024974328
4093,23,0.20366592231175762
11711,23,0.0333121213976784
23055,23,0.0285809732960778
25794,23,0.1082218838988668
26346,23,0.09959040889050366
27132,23,0.1957767781689918
27723,23,0.22782508750889316
503,23,0.423128707868894
1261,23,0.40761818776253156
9190,23,0.4164985659450194
10260,23,0.03969014989132016
23059,23,0.09183790099061949
24059,23,0.08630711805947996
24759,23,0.0638445437297449
26352,23,0.18557521931654003
27137,23,0.19297934401156544
27623,23,0.27096013643901984
27727,23,0.23928475011789824
27795,23,0.13122912709552245
248,23,0.7549730894501588
508,23,0.5991962037501297
847,23,0.6722194821645525
1733,23,0.446979273368965
3377,23,0.28097382203907506
11514,23,0.05053660694151888
19884,23,0.047400277954174626
22016,23,0.1502761820331546
23064,23,0.2050868001260353
24932,23,0.11691391638520082
26356,23,0.1268646442124238
26773,23,0.17102143058336122
27628,23,0.09348186163891745
27809,23,0.015592507877315776
2,23,1.7313180211985437
108,23,1.6667559019548452
852,23,0.6994524021570611
1738,23,0.5651110073965178
4107,23,0.27778451456865405
11312,23,0.06917355881517488
24069,23,0.1744316474940293
24936,23,0.13049589306798212
26360,23,0.22299112904663695
27147,23,0.16194865520695773
112,23,1.7364013936683793
258,23,1.7379011300669287
518,23,1.7680887875113065
1275,23,1.760290479656696
2541,23,0.46734280170440856
3213,23,0.5699013809176257
4113,23,0.6280771762266255
8987,23,0.1358190857241175
10275,23,0.05369320669643745
11316,23,0.12404923629376786
13326,23,0.10191410835203524
21180,23,0.10885710785630524
23074,23,0.1855169903213918
24074,23,0.22224952456434585
24942,23,0.22381153699097617
27436,23,0.21105310978117395
27818,23,0.2360912772022351
27846,23,1.745381006259789
2385,23,0.5165414570542598
8120,23,0.08333339583619481
10279,23,0.15673159342403858
18834,23,0.22988786555466414
23079,23,0.298734534081608
26176,23,0.28111402610798564
27156,23,0.2994362428472085
27440,23,0.24534633684355187
1841,23,0.9351596683474016
19904,23,0.18984102378273793
28131,23,0.251684950263087
22036,23,0.3032063541117146
24084,23,0.29783742592429996
24952,23,0.3419673703633219
26361,23,0.3847352520081291
27869,23,2.32808791888173
2394,23,1.1435150789619097
4127,23,0.9667567426275447
10290,23,0.2512774899551706
11331,23,0.20085079271393896
14940,23,0.6880353845839654
18843,23,0.8428238821328616
24089,23,0.305183931308359
24957,23,0.4358909808200203
3230,23,0.1596749706090377
4132,23,0.45416890603425775
5134,23,1.1220816908678757
7053,23,0.32517400220219983
8134,23,0.18987768699654065
11336,23,1.2824454650687733
19913,23,0.7456016699594005
24094,23,0.5247828840967611
24962,23,0.6210450484220187
28189,23,0.6210089055923566
3235,23,0.6257172190470827
5140,23,0.6362018331810247
16977,23,0.625989984899185
19919,23,0.8212749156873517
23099,23,0.4952480613803895
24099,23,0.5273192373509553
25483,23,0.5195222201143718
2721,23,0.5569026520364777
4141,23,0.6326753722515047
5145,23,0.6812081901558849
5992,23,0.7202815559064867
7062,23,0.8926112119836827
10305,23,0.9348389336622054
11346,23,0.8967130009699946
12378,23,0.8635835375253401
20996,23,0.5486353930071672
23103,23,0.5482452257129387
25487,23,0.509184452159912
2557,23,0.1904627896309233
3244,23,0.5345671680064004
4146,23,0.6577695135915644
7283,23,0.8138347685883838
10100,23,0.8517478548815614
11351,23,0.8104152064176342
12383,23,0.653203617530549
19928,23,0.5623573301688264
21002,23,0.4124277201913595
23108,23,0.49229506390182454
24976,23,0.4767326808502096
2396,23,0.8915561949406415
3250,23,0.5434687379447873
5154,23,0.6100807522380681
6214,23,0.5791716025321414
7072,23,0.5986627249626545
10313,23,0.8024897794693362
18867,23,0.22252473248574073
23113,23,0.27953890584187135
24113,23,0.41443961518692213
2401,23,0.482132323052187
3254,23,0.510326673463459
7077,23,0.5017750666034069
11361,23,0.6819852196591548
12393,23,0.3152622832097497
13370,23,0.18463221967455554
14969,23,0.11896816633231773
18872,23,0.1961316913473772
19938,23,0.20668981205366543
24118,23,0.4912420426379348
25819,23,0.8658808183424529
2406,23,0.4760051349089719
3259,23,0.5086738824509907
12398,23,0.18754800495391766
14974,23,0.12533937099354522
18037,23,0.23812677420269257
18877,23,0.2384674217774295
19944,23,0.21147020595733784
22075,23,0.18994227346209483
24123,23,0.4120636138972869
24991,23,0.6096117937501881
2411,23,0.7091418478563258
3089,23,0.4967886410107275
4166,23,0.44296810780176515
10538,23,0.3040875737268196
14979,23,0.1095283381262538
15983,23,0.16231880171337654
21021,23,0.07641534790411364
24128,23,0.5356161847194648
2416,23,0.7308571011874563
3269,23,0.4969713795327028
4171,23,0.433182540317646
5174,23,0.42594059229350256
9264,23,0.22004159743044513
10334,23,0.18230242019223206
11583,23,0.18045763203222348
14984,23,0.14072715442467149
15988,23,0.09627896103372452
17011,23,0.14775627573905475
18047,23,0.16389780074526927
22085,23,0.16920057729162177
25002,23,0.6299804832163188
25826,23,1.43840965513516
4176,23,0.4885761265652567
7097,23,0.3394474463598405
8179,23,0.2617783570295394
10340,23,0.1430886664219762
11381,23,0.08438143938634
12413,23,0.031744761766328684
14989,23,0.15934588674084363
18052,23,0.0384479986241054
18892,23,0.07520491809897002
21031,23,0.15451329920930582
25831,23,2.8649728507000285
1962,23,1.2831116415801886
2426,23,0.7690656601163569
5184,23,0.4517850883244418
6244,23,0.3443367645829351
7318,23,0.3193878110056347
8401,23,0.2351775864231048
11385,23,0.07113698282902009
12417,23,0.030095752214846696
14993,23,0.07835314150896527
17020,23,0.12288134510868552
18897,23,0.0845506434780794
19963,23,0.07977603779008181
25011,23,0.5888129252997905
2431,23,0.76592761910574
5189,23,0.45808962240592094
6248,23,0.40052903091925973
8189,23,0.2319580036866427
9279,23,0.15144698749187696
11391,23,0.08076217953232141
14453,23,0.09090096486826638
14998,23,0.10064179940026524
19114,23,0.09561512855397954
19968,23,0.07990178829170715
21041,23,0.14897748573589706
25016,23,0.592305172091211
1845,23,0.9301127839421756
2436,23,0.8932189062554793
10354,23,0.17909933015633897
12428,23,0.06859302180042422
14299,23,0.12035442770487279
18067,23,0.07740830113262422
19973,23,0.10724263728306817
21046,23,0.3070721375066673
2441,23,0.9070412128803278
3119,23,0.7671351091803625
4010,23,0.6580260504969714
8199,23,0.3398020955841657
9289,23,0.2616488802698388
10359,23,0.2762063056324031
11401,23,0.20229107181348685
12433,23,0.23164775104161614
13388,23,0.1519316583728204
16013,23,0.07839355891385245
17036,23,0.1364786415096005
18072,23,0.14234268447766094
18912,23,0.12165687123278716
23158,23,0.4311100563817779
24158,23,0.4809685508212215
25026,23,0.6367397935032604
25851,23,0.9159689804612563
1741,23,3.442820677448045
4200,23,0.7426702498357158
6051,23,0.6277800864406415
10364,23,0.43417492417248266
11406,23,0.39722172529125993
12438,23,0.3446292492472704
13393,23,0.3962368726840974
15013,23,0.0949968743882096
15815,23,0.04039792966453908
17040,23,0.2816795649457173
18077,23,0.49668789498584914
18917,23,0.3632281317754051
19983,23,0.2129437815723734
22115,23,0.3666592512980609
23163,23,0.4062320658569792
24163,23,0.5301156167942739
25856,23,1.4920766915013275
27857,23,3.8201981699859626
2288,23,2.7041310289009735
4205,23,0.7917680734848642
6269,23,0.9223163209491947
7126,23,0.6027759052592376
8209,23,1.5679593293272736
11410,23,0.4705358257299426
27967,23,0.7791749643771544
27981,23,0.9655592821657184
28051,23,0.20279943503889106
17045,23,2.7786821571773044
18290,23,1.2734527905274164
19987,23,2.0670849028421774
22118,23,0.3865497281839345
23166,23,0.5747137169587109
24166,23,0.7185707740919479
25035,23,1.798578677683381
25860,23,3.495415774595189
27918,24,0.0068799282863117334
8211,24,0.00814956576142784
9083,24,0.0025398885029296616
28125,24,0.020485561888575754
20418,24,0.02559450819509721
5210,24,0.04043479946202069
6057,24,0.03911494356162422
7130,24,0.022175605440747564
7997,24,0.02134919432530248
9087,24,0.02090490019127657
9948,24,0.012211681645862194
18291,24,0.035943295295968694
18922,24,0.03825819684624095
19776,24,0.040767899456202426
20849,24,0.042620006726679927
21908,24,0.03474993301929312
22958,24,0.0331446268435829
3482,24,0.0666451883208776
4019,24,0.037205472415197706
4798,24,0.03368907148263486
5849,24,0.03276878253642518
7136,24,0.023302795390195
8002,24,0.022578932761792264
9092,24,0.024639741366980723
10161,24,0.013039820947845846
11204,24,0.014858265664174659
12238,24,0.0032968277803428507
16840,24,0.024649800765639676
17874,24,0.025603153592772834
18716,24,0.041306616434211574
19565,24,0.04307072446572738
20854,24,0.04515603438705997
21913,24,0.042315344161668454
22961,24,0.040882167564328095
23977,24,0.018337380788606382
2451,24,0.1364335349585418
3131,24,0.0812216018257557
4023,24,0.07875250708055782
5007,24,0.06787117872534171
5853,24,0.06675365989889662
6925,24,0.042369094118548264
9097,24,0.036822539286428445
10167,24,0.026125772442323524
11209,24,0.011390375891815728
12241,24,0.00653415585264239
13218,24,0.015313117308310796
14012,24,0.016965103342737133
15017,24,0.025845846522300812
15821,24,0.027645068181597066
16843,24,0.03507291894316172
17880,24,0.040143692400012185
18932,24,0.05064946362888888
19571,24,0.05414750270552115
20860,24,0.06819878633673421
21918,24,0.06702596437406329
22966,24,0.06369279562023476
24699,24,0.2746927420371642
1745,24,0.03822433221138512
2293,24,0.10346193575938868
3135,24,0.08971062795118535
4028,24,0.08445325896734286
27900,24,0.10749327334238035
7146,24,0.12420492073378107
8012,24,0.09117735919810532
11214,24,0.016059947243087278
12246,24,0.019827026043766835
15826,24,0.1785109106979183
17677,24,0.11774035077032627
20005,24,0.13668244781166053
21923,24,0.09182126251156604
1645,24,0.1186411381768755
3141,24,0.09242303166426569
7150,24,0.2183840925087171
9325,24,0.25069653330913194
14021,24,0.10445696674637818
9111,24,0.3208224594722686
12255,24,0.2208801391159776
17895,24,0.2127541549474015
18734,24,0.21515103753163942
21932,24,0.21872470853418147
1279,24,0.3498502666012199
4042,24,0.3010605296268662
11228,24,0.294229358455493
12260,24,0.23011364954063465
13237,24,0.17584819711139843
21937,24,0.5435854803640937
3155,24,0.25363458666517436
4048,24,0.2657297709586744
10193,24,0.20586269102580312
28017,24,0.17729575459731026
13243,24,0.14518856741934485
19810,24,0.40655082007559096
21942,24,0.49562608067139435
24889,24,0.6540124447807859
4833,24,0.24354171449422393
12270,24,0.36766677251689317
21947,24,0.3895235268947859
22995,24,0.34924849474759595
24011,24,0.6085594275813245
861,24,0.5782690232334111
4246,24,0.289851720693147
13253,24,0.14863524350329052
14851,24,0.16162484366607024
19820,24,0.25634475941166013
24016,24,0.4493355004962328
24899,24,0.3611901944204552
788,24,0.6061597055490168
4062,24,0.254972999517138
5047,24,0.2385413694261654
6106,24,0.49909636614891273
14052,24,0.11101210467800064
14856,24,0.0980767955947301
15860,24,0.157199087895049
16883,24,0.0985776567057579
21957,24,0.47987503191198355
24021,24,0.43215605818844166
25073,24,0.4233301063745394
1121,24,0.338870138669635
6111,24,0.2212296307504004
14861,24,0.17342022586295391
18764,24,0.1528833254756077
19830,24,0.22375325773911126
520,24,0.6677077586151919
16893,24,0.27194176921398183
17929,24,0.23233107754207794
20907,24,0.23759573999768774
24914,24,0.4497360281420214
25754,24,0.4882707335487214
464,24,0.8405011455617512
14871,24,0.4118028078798505
15875,24,0.26151356484967003
16898,24,0.3417654770538428
17934,24,0.4649681238019938
18774,24,0.39802899488762483
19840,24,0.23037229619005217
23020,24,0.34495131431786685
24036,24,0.368775122005759
808,24,0.33948385185888513
1317,24,0.2796696667233265
1694,24,0.36729499073976385
18779,24,0.540083321258319
19845,24,0.4081158310221553
20918,24,0.20007355404102845
24924,24,0.4170491743153734
26733,24,0.4155946388438875
259,24,0.8984998301400979
1698,24,0.3979081813168317
2352,24,0.30868229509957257
6131,24,0.16571574140570663
6988,24,0.17369281762963748
18784,24,0.5881436691512734
21982,24,0.3705688481990028
23030,24,0.29654918033806726
25098,24,0.2764930765906871
25769,24,0.39257907997588226
26739,24,0.30733976012259107
27108,24,0.34160188914305384
266,24,0.5404016075328756
6994,24,0.06918583830887541
8075,24,0.05375655272043846
16913,24,0.1761397005214045
20069,24,0.256810570602874
21987,24,0.3381465362441946
23035,24,0.281231929372366
25103,24,0.21231524607739602
26326,24,0.33729236500465
26744,24,0.256004727773333
270,24,0.20407376130075885
823,24,0.3051657044598815
9389,24,0.12567700567397122
10449,24,0.013390012703230206
17953,24,0.15039137678691974
18794,24,0.1580820160889413
23661,24,0.16778850679685706
25278,24,0.17923227573539557
25780,24,0.23275035428819518
26331,24,0.35823910467886394
27118,24,0.22205534514860262
27402,24,0.3329427584653476
616,24,0.3068650598862642
827,24,0.34267362146664543
1245,24,0.4012884040322352
8302,24,0.07271303840280756
10246,24,0.09122009001009139
11287,24,0.046885708013225204
17958,24,0.18073806843776843
25784,24,0.13469610666025872
27122,24,0.26434253404969243
63,24,0.7202115266618178
234,24,0.7399639724491025
494,24,0.3493995035659274
4477,24,0.12751475235974577
22002,24,0.2949675530898856
23050,24,0.32541615268453394
25789,24,0.12213012560029256
26758,24,0.14541928380487923
27411,24,0.2731990712556234
44,24,0.3637168872862272
838,24,0.41580761808463923
2376,24,0.4697116927566812
4093,24,0.20365573280503793
11711,24,0.36554016532074823
19874,24,0.43165093816291056
23055,24,0.3683068933557622
25794,24,0.031554994756430706
26346,24,0.18532486486081093
27723,24,0.37102576457397524
503,24,0.4672544158053533
1261,24,0.4850755783682899
9190,24,0.15747637327508338
10260,24,0.13386364072018428
21165,24,0.44552563382146404
23059,24,0.3995276055164754
24059,24,0.38692868572624056
24759,24,0.3223488480664367
26352,24,0.07089734710602472
27468,24,0.09842177671101014
27623,24,0.2442635897232245
27727,24,0.34987943351688233
27795,24,0.4266868537977279
248,24,0.8048732270519878
508,24,0.5207746666087194
847,24,0.5555320505496762
1733,24,0.4910616931659731
3377,24,0.34065605451721065
11514,24,0.2032160153450938
19884,24,0.39928738225269406
22016,24,0.3874752386543767
23064,24,0.4064489567535977
24932,24,0.34488353444752284
26356,24,0.2092518567406878
26773,24,0.05462037124360626
27628,24,0.1899370789156154
27809,24,0.34569679424030564
2,24,1.5501268513491637
108,24,1.4928119914845395
852,24,0.6238387613136627
1738,24,0.5439486947735007
4107,24,0.2306692994516924
11312,24,0.19440072173114828
24069,24,0.42167471764963477
26360,24,0.2207161147156999
27147,24,0.15517428932933516
27633,24,0.11760571577928321
6,24,1.78430900063212
112,24,1.7104359153648894
258,24,1.7600424939428587
518,24,1.7563041205852619
1275,24,1.7805467541792144
2541,24,0.5246263662833329
3213,24,0.4988387394555634
4113,24,0.3847641664105179
10275,24,0.22800302205215153
11316,24,0.3331351653573793
12349,24,0.35468063428890667
13326,24,0.2852157269334055
17988,24,0.5209934253099707
21180,24,0.5204834294249454
23074,24,0.5225967724574143
24074,24,0.4736015092426
24942,24,0.44458910976223665
25799,24,0.34165349352196756
27436,24,0.17462565527772703
27818,24,0.16940614627242115
860,24,1.7632134763776572
27846,24,1.7572207564138391
2385,24,0.5117748634403363
8120,24,0.17165160125918025
10279,24,0.3348443266740424
11322,24,0.3047565490420116
18834,24,0.5094988838115991
23079,24,0.6040643862942101
26176,24,0.359301545158983
27156,24,0.16438365541736363
1841,24,0.5140073896053193
2390,24,0.4912870437037629
28131,24,0.34135953800410435
24952,24,0.5523501333802434
26361,24,0.5131429160596745
27869,24,1.5989968987266228
2394,24,0.7705307644698822
4127,24,0.681573478050207
11331,24,0.31442992399840747
14940,24,0.07951013283673378
24089,24,0.5168265323998683
24957,24,0.6147573022645981
3230,24,0.4102068787827959
4132,24,0.3183561569730011
5134,24,0.5695957643895416
7053,24,0.26249126804260825
8134,24,0.16338588765342307
11336,24,0.7344046762464631
19913,24,0.4978895696366482
24094,24,0.6459976695810998
28189,24,0.6857344288413967
3235,24,0.0861254467783043
5140,24,0.2629873407608674
6199,24,0.28242728523804017
15954,24,0.22401819810770893
16977,24,0.3197301026424862
18013,24,0.5006500694011626
23099,24,0.4276962855061676
25483,24,0.3844127882631308
2721,24,0.9222526642878268
4141,24,0.30555192067624604
5145,24,0.3064151768187226
5992,24,0.4158111842047302
7062,24,0.3224959390414824
10305,24,0.5112847996469199
11346,24,0.5791299387340878
12378,24,0.4732468849543567
15958,24,0.28638824877067526
18017,24,0.4127354334619964
20996,24,0.4077493535890291
25487,24,0.044650896828483465
2557,24,1.288118933082075
3244,24,0.3583652002543673
4146,24,0.33815485072014967
7283,24,0.26670178337992106
10100,24,0.5126703752721483
11351,24,0.48252466565407764
12383,24,0.33279745279771894
19928,24,0.5197180227432154
21002,24,0.4015586620011384
24976,24,0.22408574960716424
25654,24,0.8075393398379002
2396,24,1.4103842394646358
3250,24,0.41797631079187536
5154,24,0.2829010235133592
6214,24,0.29545042987708453
7072,24,0.25959190497311113
11356,24,0.4376799150915108
18867,24,0.3129315134246628
23113,24,0.307399347846045
2401,24,0.7497610796151568
3254,24,0.3389703660225546
7077,24,0.234506120319651
12393,24,0.13008834169013503
13370,24,0.21821838059980186
14969,24,0.44401075478814167
18872,24,0.3383421953129153
19938,24,0.3412258629285199
24118,24,0.24719821195485245
25819,24,1.5103958051471704
2406,24,0.4544127612292168
3259,24,0.3960040570735607
4161,24,0.38224259710062714
7082,24,0.35444796121737504
8164,24,0.18819745084520884
11366,24,0.2627558063343808
12398,24,0.24944798235657448
14974,24,0.5050395971418431
18037,24,0.4290284294452257
18877,24,0.4136006321562916
19944,24,0.3686023313748266
22075,24,0.33328678822724656
24123,24,0.255657617128806
24991,24,0.24201943518573846
2411,24,0.23828889555275407
3089,24,0.40725745584880557
4166,24,0.37347139186087897
11371,24,0.24505378099618216
14979,24,0.5866128791612149
15983,24,0.4012126960728215
18882,24,0.3998283464548725
20163,24,0.3757108267299069
21021,24,0.35588183423356884
24128,24,0.28865935191751335
25673,24,0.24164130998464564
2416,24,0.30696759428287573
3269,24,0.3800570000524044
4171,24,0.3844653750842849
8392,24,0.32700808168646167
9264,24,0.3204589981467699
11583,24,0.23497614539772652
13200,24,0.49023904804434143
14984,24,0.36091666539655726
15988,24,0.34316588547692894
18047,24,0.42713821231602567
22085,24,0.383422598702644
25002,24,0.24547732921878943
25826,24,1.6131116703643775
4176,24,0.33830559227399776
7097,24,0.3578542305547302
8179,24,0.4011423163466501
9487,24,0.3144586211885052
10340,24,0.24814773807138926
11381,24,0.1822717954443068
12413,24,0.29902331601796306
14989,24,0.35240906082120405
18052,24,0.3963322698689677
18892,24,0.41888885195987124
1962,24,2.653415529116351
2426,24,0.4351322598225101
3279,24,0.43522887682124517
5184,24,0.36830349119269734
6244,24,0.34948054202184
7318,24,0.3566968609505442
8401,24,0.3861353872486294
11385,24,0.2204276510428773
12417,24,0.2856933831778306
14993,24,0.40304363813155686
17020,24,0.3418419257173201
18897,24,0.4651237662437847
19963,24,0.41410854039015615
24143,24,0.31331699829186144
25011,24,0.21848060079764445
25836,24,2.1199515059279492
2431,24,0.4523849695895603
5189,24,0.3826606587746837
8189,24,0.406177282750669
11391,24,0.20921543473908732
14453,24,0.45116541083312467
14998,24,0.28065142437997204
19968,24,0.4676213060903218
21041,24,0.4468983225153287
23148,24,0.3398728442434285
25016,24,0.2572291953949819
1845,24,0.31135320096394464
2436,24,0.36300098795041746
13383,24,0.19788826243135585
14299,24,0.466546488843771
18067,24,0.3370170176591507
19973,24,0.4327341797745337
21046,24,0.6318510907857666
2441,24,0.3967310747860877
7117,24,0.3296118126049345
9289,24,0.33542460997006
10359,24,0.36591166675562564
11401,24,0.15264998971973562
13388,24,0.3550805593719096
28001,24,0.2337826948703489
16013,24,0.38593334191800505
18072,24,0.45893990540989354
18912,24,0.42728922576582784
23158,24,0.4263454188273428
24158,24,0.4808694625294604
25026,24,0.41236187107710204
25851,24,1.942258671770587
1741,24,3.605081146389039
3298,24,0.3380109325191479
4200,24,0.4187691595847196
9294,24,0.4108865626559583
11406,24,0.4087671747156599
12438,24,0.39744537419012643
13393,24,0.31754157819291723
15013,24,0.46894666210409186
15815,24,0.440596190377586
17040,24,0.4570238291215072
18077,24,0.6015771257731614
18917,24,0.6249116970058919
19983,24,0.5778047458431148
22115,24,0.5515616171775659
24163,24,0.6038099848243177
25856,24,2.678161341901494
27857,24,3.831290959047372
2288,24,2.144799964120932
3303,24,1.0758951767676839
4205,24,0.394956604531163
7126,24,0.7816798110522168
8209,24,2.0641567940054135
11410,24,0.4361163707278969
27967,24,0.6600962065525452
27981,24,0.5116146448341776
28051,24,0.7185001438200898
17045,24,1.917610417189704
19987,24,4.148273001200246
22118,24,0.7106064126284558
23166,24,0.8426335513751394
24166,24,0.8621952619544766
25035,24,0.997580128114423
25860,24,3.6043279950687954
27918,25,0.024080923872665375
8211,25,0.029098273041765557
9083,25,0.017565656651492845
28125,25,0.03651567038403115
20418,25,0.04132782714285409
5210,25,0.03427351425853413
6057,25,0.03834836745889998
7130,25,0.024637766074618043
7997,25,0.024560486269059042
9087,25,0.02379102766225218
9948,25,0.021889947202390823
18291,25,0.046703535077884044
18922,25,0.05830195665501449
19776,25,0.06385234881834669
20849,25,0.06261045323593921
21908,25,0.054754745901680446
22958,25,0.06041890245816404
3482,25,0.026691081946620447
4019,25,0.01895645839019408
4798,25,0.02742176892733518
5849,25,0.032140344224456954
7136,25,0.023125501254241114
8002,25,0.024046156985892422
9092,25,0.026959045830419186
10161,25,0.023031594790417356
11204,25,0.01999632266595564
12238,25,0.01517301945764535
16840,25,0.02893208370523224
17874,25,0.03126426070244372
18716,25,0.059161731131117216
19565,25,0.06151452831371967
20854,25,0.06738662526541823
21913,25,0.06766838948461713
22961,25,0.08154802984079529
23977,25,0.022030852561654074
2451,25,0.07563830939993418
3131,25,0.03325438264614903
4023,25,0.030825997356973195
5007,25,0.03660470072459655
5853,25,0.037920922420612055
6925,25,0.05344876259485159
9097,25,0.0370548824437402
10167,25,0.032596730604182875
11209,25,0.023998059359740653
12241,25,0.019263029549116396
13218,25,0.024633934182298933
14012,25,0.02483631198432289
15017,25,0.03138571329902891
15821,25,0.0323836384070727
16843,25,0.04035980054461018
17880,25,0.047835228101027666
18932,25,0.06349125138865183
19571,25,0.07020906314426777
20860,25,0.10566175344109634
21918,25,0.10436386629582955
22966,25,0.1129336959139663
24699,25,0.4301423934686258
1745,25,0.03495142702250368
2293,25,0.018044605085369946
3135,25,0.013579348446831684
27900,25,0.03494305674954844
7146,25,0.1103635232500447
8012,25,0.10429671505138917
10171,25,0.04125146288973483
12246,25,0.035721640382847836
13223,25,0.0323168559991607
15826,25,0.19174679000359454
17677,25,0.13833601521900607
20005,25,0.08981558349564889
21923,25,0.12713929596243748
1645,25,0.11392831405105965
3141,25,0.07740147166661028
7150,25,0.06695241157070389
9325,25,0.3026324619602879
14021,25,0.06955241129729439
9111,25,0.22890343885067996
12255,25,0.17024975266376255
17895,25,0.27317885389369256
18734,25,0.1977182074237152
21932,25,0.19130296284487347
1279,25,0.36224653487562836
4042,25,0.15865231137995306
12260,25,0.2842519803146685
21937,25,0.19931383703691244
1191,25,0.4032064754028085
3155,25,0.13469548626616518
4048,25,0.06475567308728604
9340,25,0.18046864177507171
10193,25,0.042259465968716
28017,25,0.13370074797382245
13243,25,0.12654963787576376
19810,25,0.40943331339667527
21942,25,0.20748685204910491
24889,25,0.6349111034467279
3869,25,0.12585069495545503
4833,25,0.17458879553228585
11238,25,0.06324061852331604
14846,25,0.23363111530086536
22995,25,0.21886078730122352
24011,25,0.2528096078201616
861,25,0.5302433441791269
4246,25,0.13235294896270533
13253,25,0.02774000790945787
14851,25,0.2564811087821772
19820,25,0.05997327042001521
24016,25,0.2164326196020656
24899,25,0.22945344875964055
4062,25,0.1348229670230449
5047,25,0.16627318734141225
6106,25,0.23221783031387913
14052,25,0.1207325683605948
14856,25,0.15692368035220558
17919,25,0.04537681751589617
21957,25,0.08073484246528594
24021,25,0.13629500701326833
25073,25,0.17943433490827174
794,25,0.42086094527808754
1121,25,0.3924966976176227
6111,25,0.1443581737642225
14861,25,0.10738640011153171
18764,25,0.12619050936709997
19830,25,0.13815979234249975
23010,25,0.09347808466136426
520,25,0.6556775964001572
16893,25,0.13492869156661264
17929,25,0.1417451752706659
18769,25,0.09548675727351523
20907,25,0.14646312976983616
24914,25,0.10939181219914297
25754,25,0.22069548657861768
464,25,0.8018807462119701
803,25,0.42717754033335614
7194,25,0.17714172131850703
14871,25,0.34675162843055424
15875,25,0.1661918015686796
17934,25,0.3014962654359366
18774,25,0.2202988254203957
19840,25,0.14250474040731148
23020,25,0.21698552624936698
24036,25,0.2042771297480759
24919,25,0.13972547807495986
25760,25,0.15754951635566367
305,25,0.7183812899039734
808,25,0.5009333414407643
1317,25,0.45347438878616175
1694,25,0.4405642670249282
19845,25,0.24223413344295222
20918,25,0.12354234765998776
24924,25,0.37605626652033414
26733,25,0.39858777181362937
259,25,0.8571862185299739
1698,25,0.4404096947502451
2352,25,0.34133801015851284
6131,25,0.15238342339055636
6988,25,0.2002076833757634
9161,25,0.1951922965650961
18784,25,0.4189047340489199
21982,25,0.16153833391308448
25098,25,0.25327296238641267
26739,25,0.3293114344841489
27108,25,0.3409973087838522
266,25,0.47512068613595304
6994,25,0.09632245784166035
8075,25,0.16621743444804596
17949,25,0.16747052437662238
21987,25,0.1687860710389607
23035,25,0.13312665325646625
25103,25,0.1774944429273652
26326,25,0.30133250228594277
26744,25,0.30778733773461364
270,25,0.16367701923682304
823,25,0.5080729005023414
9389,25,0.061243141292604726
10449,25,0.05166321287327043
17953,25,0.21905189303259714
18794,25,0.18739596294248803
23661,25,0.05998178531936344
25278,25,0.10175032035227391
25780,25,0.16506178635323487
26331,25,0.2651505697023196
27118,25,0.3948528678685603
27402,25,0.39705455339449996
113,25,0.5194103150266609
616,25,0.528248138171146
827,25,0.5188987758607729
1245,25,0.5405207084020812
8302,25,0.06385848222235996
11287,25,0.04665792180195563
17958,25,0.26091317759167965
20937,25,0.2947898305603168
25784,25,0.0928812318048014
26753,25,0.23357782869657168
27122,25,0.3347743381824452
63,25,0.8123593794120133
234,25,0.8702173292463826
494,25,0.5513852238370383
22002,25,0.16005278799321748
23050,25,0.11579897900141546
25789,25,0.06143455321391557
27127,25,0.3024233026995006
27411,25,0.37243388841112673
44,25,0.8436140829314416
560,25,0.5976928194113038
838,25,0.5804010762637065
2376,25,0.5425498571143579
4093,25,0.22135128493534256
11711,25,0.038007437917344754
19874,25,0.20903171695786285
23055,25,0.146206377615574
25794,25,0.18636350643766925
26346,25,0.13348478455884127
27723,25,0.5171259380278361
9190,25,0.13928769068029756
10260,25,0.0809158830105126
21165,25,0.23188800909746698
23059,25,0.1972597859645593
24059,25,0.2467127167767957
24759,25,0.14876090301116024
26352,25,0.07164537913177431
27623,25,0.5014714033584656
27795,25,0.5220546218594356
248,25,1.1371760439190575
508,25,0.6045407556418191
847,25,0.5319538835335693
1733,25,0.5581566454138388
3377,25,0.5753840749623962
9195,25,0.19062016468980836
19884,25,0.22737066289142044
23064,25,0.1962706065056894
24932,25,0.2827190328319716
26356,25,0.1221227863852981
26773,25,0.1446401835742857
27628,25,0.23602510111483543
27809,25,0.5783479800893381
2,25,1.4752192762423653
108,25,1.6214065095450068
852,25,0.5756965235953895
1738,25,0.5341907160224146
11312,25,0.14185092447142736
24069,25,0.22380776196972155
25631,25,0.32920388290564967
26360,25,0.13554562676887308
27147,25,0.10929318407175664
27633,25,0.27750085690245474
6,25,1.7579454051872796
112,25,1.6086233742843346
258,25,1.640916314454276
518,25,1.6140709289481037
1275,25,1.5893669468833462
2541,25,0.38179129263841427
3213,25,0.35334903718871163
4113,25,0.15417639423476567
10275,25,0.10609475690851597
11316,25,0.043452996100615565
12349,25,0.005528702530817638
13326,25,0.19322968729911447
17988,25,0.3091993239693383
21180,25,0.2579221709608014
23074,25,0.25772922508381874
24074,25,0.19915204187713734
24942,25,0.1614061065703638
27436,25,0.21238676185321226
27846,25,1.5939602402448523
2385,25,0.46122553935950333
3218,25,0.3705754499835262
8120,25,0.14880891659557308
9428,25,0.09481028717847514
10279,25,0.1269241011906542
11322,25,0.19171832820805149
18834,25,0.31004837303046107
23079,25,0.3044606122953276
24947,25,0.1195588265479483
26176,25,0.12653386941544742
27156,25,0.35570353556377704
27607,25,1.3522514347719026
1841,25,0.5690505667665114
2390,25,0.4478968747791939
4122,25,0.4210645316683994
28131,25,0.2301132479561425
26361,25,0.21914966968054878
27869,25,1.342072982216865
2394,25,0.6937693519303274
4127,25,0.595188929107289
11331,25,0.21508110498403812
14940,25,0.3732545487295955
24089,25,0.1646057109087685
24957,25,0.17742853680988735
3230,25,0.2510970592977052
4132,25,0.11552267290504087
5134,25,0.5362341836439546
7053,25,0.32457876883033515
11336,25,1.0068578431339414
19913,25,0.7260342063036971
24094,25,0.1943267488016065
28189,25,0.3544664757935985
3235,25,0.33737276250549864
5140,25,0.1722190168773139
6199,25,0.16990288953028815
15954,25,0.6112044256926353
16977,25,0.6164644689766396
18013,25,0.7239757584814748
23099,25,0.4770385833061053
2721,25,0.12885843738006297
4141,25,0.06711585296484833
5145,25,0.10210394980724892
5992,25,0.07161474069173902
10305,25,0.9149754043984676
11346,25,0.9115570347678379
12378,25,0.7877506893887827
15958,25,0.5976749597927021
20996,25,0.4868495473420298
25487,25,0.22139567449473468
2557,25,0.2081494557574035
3244,25,0.17368161557104148
4146,25,0.11067784693081385
7283,25,0.1187756302247752
11351,25,0.9615815430294228
12383,25,0.7655621904487164
13360,25,0.3049298088476151
18022,25,0.5847232969082578
21002,25,0.37047179443848505
24976,25,0.15601865139376683
25654,25,0.46340579832982437
2396,25,0.1490874436382935
3250,25,0.17796056294768609
5154,25,0.20010323024147125
6214,25,0.1925301113165102
7072,25,0.21012875626677463
13365,25,0.1896595407068961
18867,25,0.4745929366125227
23113,25,0.2835631700069794
25659,25,0.21637118240682754
2401,25,0.16338194969550612
3254,25,0.19584754911270935
6219,25,0.22614001660206176
7077,25,0.16130425612050858
9249,25,0.6536089228842606
10319,25,1.0451367880046847
12393,25,0.5157548407467154
13370,25,0.25716066434769036
14969,25,0.2639511371327263
15973,25,0.5601825600053454
18872,25,0.37076683619290773
19938,25,0.3381948748227144
24118,25,0.22938418535058677
24986,25,0.19681101781592356
25819,25,0.5351442312794746
2406,25,0.15317420036159166
3259,25,0.2434236261864218
5164,25,0.4135568863071158
7082,25,0.22391827900123648
12398,25,0.33321589158493864
14974,25,0.32195594769573954
17001,25,0.8115970556560704
18037,25,0.4759092150387371
18877,25,0.3999641488299622
19944,25,0.35227552994439165
21016,25,0.34315875394347556
22075,25,0.26156128204356294
24123,25,0.2106930888963175
24991,25,0.1918321934075501
25669,25,0.12400004703680341
2411,25,0.19088497555605707
3089,25,0.21629595012345704
4166,25,0.2637029308978676
11371,25,0.4131624208799037
14979,25,0.3969428181907283
18882,25,0.40866731600839273
20163,25,0.30743763329387436
21021,25,0.32304082401885487
2416,25,0.23099409726183767
3269,25,0.2633597076659239
8392,25,0.17746185548399226
9264,25,0.18952547303750583
11583,25,0.24942125966021422
13200,25,0.5584914506637405
14984,25,0.35264723365524936
15988,25,0.39504081190546964
18047,25,0.5017369561975834
19953,25,0.3199604456580443
22085,25,0.28182942299218405
23133,25,0.24532428116626567
25002,25,0.027364277230829143
25826,25,1.7742018897911886
4176,25,0.22774451647159047
5179,25,0.23921306813476811
8179,25,0.24783627298476918
9487,25,0.11165994400637488
10340,25,0.2307182250602507
11381,25,0.2775204988372005
14989,25,0.3875197861117086
18052,25,0.41703200345996894
18892,25,0.37967423386920357
25006,25,0.029211753493233624
1962,25,0.1584600476019264
2426,25,0.18128889676828203
3279,25,0.21746421088557774
4181,25,0.2359468208071546
5184,25,0.21752592924550068
6244,25,0.2696279698160903
7318,25,0.29375719192419625
9274,25,0.2207566674424213
11385,25,0.12230621150500975
12417,25,0.21610855012644808
14993,25,0.346278024173464
17020,25,0.35282992755921855
18897,25,0.35453047160012496
25011,25,0.077009135309191
2431,25,0.17733348979225386
3284,25,0.17792292489245903
5189,25,0.17852499086325344
7107,25,0.24862685398255613
11391,25,0.08380854182624432
12423,25,0.12054415052029521
14453,25,0.5087157098085932
14998,25,0.30855299334805775
21041,25,0.2084295998095464
25016,25,0.11198258227033163
1845,25,0.32564484825790624
2436,25,0.30053176456216063
3289,25,0.17762332426425617
6039,25,0.11976867497892786
13383,25,0.1721512185080582
14299,25,0.44331032391948383
18067,25,0.3294064311970669
19973,25,0.25663942563268966
21046,25,0.13578980457740425
25021,25,0.22305982816784617
2441,25,0.23877809502650885
7117,25,0.0394991984587972
9289,25,0.07168719606702141
10359,25,0.04387513573178832
11401,25,0.1881684874163166
13388,25,0.08870482557052675
18072,25,0.24172429891093372
18912,25,0.351959014709861
23158,25,0.08380549917460277
24158,25,0.09595171942925122
25026,25,0.12596120208273487
1741,25,0.08995462415772607
5203,25,0.08733501966309404
7122,25,0.14545621487827665
9294,25,0.1461682911605406
11406,25,0.1689526406903753
12438,25,0.08698157320128905
13393,25,0.2014731605750247
15013,25,0.3776518374237057
15815,25,0.29219452229133047
17040,25,0.24001230039033
18077,25,0.2771833039375671
18917,25,0.3243218341805764
22115,25,0.1433146417607866
25031,25,0.2577279855432078
25856,25,4.21790175233961
27857,25,2.6296925858275637
2288,25,0.23432012772741703
3303,25,0.3950950225036281
5208,25,0.20959004901561812
7126,25,0.6401765307684196
8209,25,2.219130122997657
9298,25,0.38966094839753446
27967,25,1.1779509811907027
27981,25,0.6998976817924191
28051,25,0.3427915733470259
16225,25,2.7437113752426443
17045,25,1.6546507916365378
22118,25,1.0326250643606487
23166,25,1.635704048144549
24166,25,1.164512203538207
25035,25,1.1604162586083013
25860,25,4.380935050389226
27918,26,0.012583859527529726
8211,26,0.020726806130700586
9083,26,0.013344901595765459
28125,26,0.027551161217874716
20418,26,0.033361792455102714
5210,26,0.040330960310202515
6057,26,0.04082594960299947
7130,26,0.025118101964229363
7997,26,0.025113809063904233
9087,26,0.027674225475520977
9948,26,0.018595518435175196
18291,26,0.03630926496815297
18922,26,0.049805030567890374
19776,26,0.056409472881134536
20849,26,0.057220951621867695
21908,26,0.047897184185777715
22958,26,0.050036334573833184
3482,26,0.06415783347023325
4019,26,0.03454055354161424
4798,26,0.03164515109563462
5849,26,0.031904588426823734
7136,26,0.02533713644212216
8002,26,0.025997757689234416
9092,26,0.030979678071645714
10161,26,0.019536158342513966
11204,26,0.010193209518541016
12238,26,0.012676607908997271
16840,26,0.016169586316411636
17874,26,0.017575889805337083
18716,26,0.05113571225307025
19565,26,0.05556053551286082
20854,26,0.06133064786631659
21913,26,0.059929345024635955
22961,26,0.06012440916131846
23977,26,0.018080573858641154
2451,26,0.13387847359920638
3131,26,0.0780864992302638
4023,26,0.07518582155107244
5007,26,0.06396173272204711
5853,26,0.06180723205639483
6925,26,0.0396897355827452
9097,26,0.038758113037459754
10167,26,0.029215572540992503
11209,26,0.01381109900205622
12241,26,0.011090756352369653
13218,26,0.012749165068372736
14012,26,0.012711313124461679
15017,26,0.016248087270011195
15821,26,0.017377773970547492
16843,26,0.027574912949980046
17880,26,0.03616261980833891
18932,26,0.05834252745670264
19571,26,0.06526697073832784
20860,26,0.08537733104041713
21918,26,0.0855943569162535
22966,26,0.08287296847866235
24699,26,0.2942790002945028
1745,26,0.08716787867259934
2293,26,0.06436551870140934
3135,26,0.08927475759425094
27900,26,0.039772885187997924
7146,26,0.009263182823387634
8012,26,0.07679008170987293
10171,26,0.01931418888538185
12246,26,0.018163553824858857
13223,26,0.01892618295305538
15826,26,0.11954542213617511
17677,26,0.18988858075845919
20005,26,0.0766248823338429
1645,26,0.10670582071451534
2298,26,0.035756862491584225
3141,26,0.05804050290908241
7150,26,0.07435300503439925
9325,26,0.10885634390341498
14021,26,0.04756381950776209
9111,26,0.13784953134042294
10181,26,0.13909547948587836
12255,26,0.24762103313566405
18734,26,0.06824881296388756
21932,26,0.021751216723410512
1279,26,0.23209899467363748
4042,26,0.1482919145556109
12260,26,0.21788332664560398
21937,26,0.2225299861345701
1191,26,0.29859407376516867
3155,26,0.19702914385495873
4048,26,0.24682300928552256
10193,26,0.19243582016785743
28017,26,0.15091840348324764
13243,26,0.21345834141096096
19810,26,0.3802073916697518
20883,26,0.12059174531914782
21942,26,0.2758119163028566
24889,26,0.34564630994780643
4833,26,0.23153962325574404
6096,26,0.13803894665995425
24011,26,0.20662254732201446
861,26,0.42610854773069945
4246,26,0.2873077356979532
14851,26,0.2805088865146612
24016,26,0.22550039987994927
24899,26,0.16233351227600612
4062,26,0.2938168743000744
5047,26,0.2671876879544491
6106,26,0.21718718985500404
14052,26,0.1946312733825609
14856,26,0.1742661874667386
21957,26,0.06660609436315304
24021,26,0.13384889646490988
25073,26,0.15465242273004098
582,26,0.24878409492965642
794,26,0.2320215466821434
1121,26,0.27412037806223927
6111,26,0.20297544972561096
14861,26,0.10332503149985064
18764,26,0.16837766967380186
21962,26,0.16743302776186025
23010,26,0.041331302106018854
520,26,0.3876013977369266
797,26,0.2740801356898294
17929,26,0.021343751461666664
24914,26,0.11402290273133081
25754,26,0.16408706857757951
464,26,0.7047478614236421
7194,26,0.1057486439029075
15875,26,0.08945635995958298
17934,26,0.3730548815990701
18774,26,0.13330705616910876
19840,26,0.13791950146610568
23020,26,0.2257091634640419
24036,26,0.2362259527937231
24919,26,0.2430162626353845
25760,26,0.2407664942507533
26312,26,0.31463767412427385
305,26,0.6201947894102406
1317,26,0.29420718446990685
1694,26,0.31237382968993366
8065,26,0.18420004311750568
15880,26,0.2685367423931226
19845,26,0.10981745996334488
20918,26,0.14928321917340198
24924,26,0.4705304776700917
26733,26,0.5099287122319799
259,26,0.7434478873578525
1698,26,0.3129790373257108
2352,26,0.29700502098030446
14216,26,0.1269935205802982
15884,26,0.19004458591669698
18784,26,0.5411811649319485
21982,26,0.11557301983206031
25098,26,0.45610496650103427
26739,26,0.5704326945095369
27108,26,0.5754132915031077
266,26,0.20662990034660686
6994,26,0.17045690938900473
8075,26,0.1737813100722664
17949,26,0.29157456765176065
20928,26,0.05501229305186106
21987,26,0.20535602924805152
23035,26,0.2598832630076455
24050,26,0.25563700869261946
25103,26,0.19764057500038176
25775,26,0.5076477883496922
26326,26,0.6075760156862586
26744,26,0.638154995598718
270,26,0.29688643883963783
823,26,0.355808542241111
1709,26,0.4391466671706684
8080,26,0.10557537060530468
9389,26,0.12731413388392174
10449,26,0.14978697112518014
17953,26,0.27352510218962084
18794,26,0.28599819317297975
23661,26,0.05696223184425004
25278,26,0.095432185896556
25780,26,0.351857226030324
26331,26,0.5676583392876144
27118,26,0.5878856105996471
27402,26,0.4429206486656469
113,26,0.5941364159662532
616,26,0.3664341170317471
827,26,0.38569648526497463
1245,26,0.4260680716411642
8302,26,0.1294990608904055
11287,26,0.09693417755402936
17958,26,0.2813081491426292
20937,26,0.23158201751948268
21996,26,0.19493498193907077
25784,26,0.19127952983901775
26753,26,0.4793039458459387
27122,26,0.5232369195818637
63,26,0.7588916411759691
234,26,0.6453357168288494
494,26,0.3834629914856582
1718,26,0.49741006994752085
22002,26,0.12847567934671278
23050,26,0.12169656229532676
25789,26,0.2783170378385405
44,26,0.6353634674477855
560,26,0.4220087775060741
838,26,0.4332301816296675
2376,26,0.5219146974462829
4093,26,0.23710855456764168
11711,26,0.1353772515292186
19874,26,0.06122879445512595
23055,26,0.15866319847936458
25794,26,0.1642377057356123
26346,26,0.38081773896362414
27132,26,0.4075628903934959
27313,26,0.4859010312054593
27723,26,0.3151082456272686
9190,26,0.24400706144093467
10260,26,0.24385783259519347
21165,26,0.06478468821870413
23059,26,0.19798637758864482
24059,26,0.13540067316904603
24759,26,0.07853453167949657
25943,26,0.2002473196255333
26352,26,0.2708083843256849
27623,26,0.47144579552087607
27795,26,0.21224361930898825
248,26,1.113365703689855
508,26,0.5403323247151158
847,26,0.3308224277454836
1266,26,0.3085722520869396
3377,26,0.4349500951766738
19884,26,0.4155941289019167
23064,26,0.22994695173320556
24932,26,0.03064088207698976
26356,26,0.16666854665828285
26773,26,0.3295774877663899
27628,26,0.26061291918084445
2,26,1.4814172380863033
108,26,1.5610146847176047
1738,26,0.4003826072968351
3208,26,0.30972563128277897
11312,26,0.24854871860999872
24069,26,0.20811049623753544
25631,26,0.011855233422552219
26360,26,0.21962135776442174
27147,26,0.3798549181782499
27633,26,0.44902161139107616
6,26,1.6894112457268293
112,26,1.5610339521286178
258,26,1.560501226331418
518,26,1.4663756772889787
1275,26,0.5303555077022759
2541,26,0.2806036187915701
3213,26,0.25761310899006784
4113,26,0.3079430889212895
10275,26,0.25711453726892386
11316,26,0.2556374229643392
12349,26,0.15365964128406576
13326,26,0.2893016714080477
17988,26,0.14226771510120195
21180,26,0.4650349438342468
23074,26,0.14590960925400026
24074,26,0.15087556176914638
24942,26,0.17045612426499765
27436,26,0.38982188057349615
27846,26,0.5778004329283584
2385,26,0.3585754569359201
3218,26,0.32226022261157217
8120,26,0.4038175578999159
9428,26,0.4076580746483918
10279,26,0.3585703465011113
11322,26,0.25208750034279676
18834,26,0.0540618462045015
23079,26,0.21112904021632597
26176,26,0.15759631535927868
27156,26,0.9587672967610761
27440,26,0.8014374479717211
27607,26,1.2317600910086361
1841,26,0.280250025678602
2390,26,0.27221706800637796
22036,26,0.21108787210211719
24084,26,0.14453344631359483
25809,26,0.3068320949973809
26361,26,0.21916511080644263
27869,26,0.3905619308089428
2394,26,0.5371851595641826
4127,26,0.49156312343213804
11331,26,0.2604796523352263
18843,26,0.20423720775628176
24089,26,0.16165669805816435
24957,26,0.26168301859196935
3230,26,0.4222856092651046
4132,26,0.4289064453493493
5134,26,0.6187168531971085
6195,26,0.6398361893552748
7053,26,0.5596011850150254
11336,26,0.6240818402496413
19913,26,0.1856177045794165
24094,26,0.18326714341688505
28189,26,0.42304243996909097
3235,26,0.35753859208774036
5140,26,0.5499675572464654
6199,26,0.5612101648360688
15954,26,0.19430258057189753
16977,26,0.08204310333655299
18013,26,0.12565398855985083
23099,26,0.09927244403618138
24099,26,0.06665656944656179
2721,26,0.5996558505117802
4141,26,0.49611569209800005
5145,26,0.5133866553863154
5992,26,0.5488096119897385
10305,26,0.6903530151578532
11346,26,0.6886252642149875
12378,26,0.6205084843303708
20996,26,0.059458953022223
2557,26,0.9423845202658748
3244,26,0.5654208244760568
4146,26,0.5245638478670461
7283,26,0.44210795559938654
11351,26,0.7682279661438133
12383,26,0.7034204785636472
13360,26,0.04908540570520475
18022,26,0.12976357340694333
21002,26,0.030516612343177263
24976,26,0.22731495814527017
25654,26,0.3546687812927848
2396,26,0.8509119021237258
3250,26,0.6426593406359717
5154,26,0.4604647228372531
6214,26,0.42428806039551137
7072,26,0.38351536447706736
12388,26,0.713330567233455
13365,26,0.19705632949535332
14964,26,0.4074667470570561
18867,26,0.12316931068508372
23113,26,0.12665179196875734
3254,26,0.6586827622807728
6219,26,0.4753675886170708
7077,26,0.36942439542003724
9249,26,0.5504708293214068
10319,26,0.946091732769725
12393,26,0.6180253830725101
13370,26,0.08446946356881088
14969,26,0.37227476914647933
15973,26,0.13750169933208084
18872,26,0.176994034893638
19938,26,0.058953128255898525
21011,26,0.07932249387572994
24118,26,0.18740525014823828
24986,26,0.20357583036667992
25819,26,0.4094917752427015
2406,26,0.5273198321769474
3259,26,0.6793784017984565
12398,26,0.34869505201868195
14974,26,0.4904348010636559
17001,26,0.16250700331954307
18037,26,0.15168024324406354
18877,26,0.15494791359906268
19944,26,0.06285999682885736
21016,26,0.030784380203212593
22075,26,0.09254681822947966
24123,26,0.1115178858892186
24991,26,0.2756226029509122
25669,26,0.22084869309801142
2411,26,0.45492093122847455
3089,26,0.609478703445109
4166,26,0.5204266067302467
7087,26,0.4169772398922239
11371,26,0.6804911294271349
12403,26,0.257713508970214
14979,26,0.4329632546588157
18882,26,0.1239241146791973
21021,26,0.021888604448110482
2416,26,0.41854289457038263
7092,26,0.3649063572268816
8392,26,0.26778772215760693
9264,26,0.27531507935835764
11583,26,0.6121806324882948
13200,26,0.4620884670843337
14984,26,0.3175812071476604
15988,26,0.06566405366391269
17011,26,0.14291706926561795
18047,26,0.15256262817348643
19953,26,0.08455548986185356
22085,26,0.03756569244007989
23133,26,0.09290757992597856
25002,26,0.21489082191164835
25826,26,2.358018595579343
4176,26,0.40829891122926804
5179,26,0.3742697285684427
10340,26,0.4580027698312153
11381,26,0.4830233487629521
14989,26,0.20315084408275327
18052,26,0.17154097423107095
18892,26,0.12982314291082134
19958,26,0.06830770604246963
21031,26,0.05125604610996738
25006,26,0.12835748534499514
25831,26,3.1661182036315694
1962,26,0.871529398497251
2426,26,0.45488208653392626
3279,26,0.4712131925180356
4181,26,0.40605791789981366
5184,26,0.351103779868211
6244,26,0.3679660483733879
7318,26,0.294469425133461
12417,26,0.23168692202989577
14993,26,0.21215618311860757
17020,26,0.15350648490647287
18897,26,0.15412294870103357
25011,26,0.23489779366815536
2431,26,0.4200231332461274
5189,26,0.3501996266802241
6248,26,0.3039044140651229
7107,26,0.284947717800494
11391,26,0.09608195968493775
12423,26,0.1044138767268211
13013,26,0.2927912081168728
14453,26,0.2776002268021571
14998,26,0.05570737153059495
25016,26,0.263440596454799
1845,26,0.5641842172029682
2436,26,0.41443820109870994
4190,26,0.3546426873126859
6039,26,0.2841012439636666
10354,26,0.039108383123892226
12428,26,0.2232797828898654
13383,26,0.02220491419672618
14299,26,0.2521948993358377
18067,26,0.19129617122614628
19973,26,0.18034375097108185
21046,26,0.0660040753582967
2441,26,0.4884966877952708
3119,26,0.48184648184016904
4010,26,0.43818560550504104
8199,26,0.24913320129450583
9289,26,0.15096173366505353
10359,26,0.0390073632353756
11401,26,0.1259537575389001
13388,26,0.0850082772293423
18072,26,0.20542925726807398
18912,26,0.1872614939587896
23158,26,0.08501386418777444
24158,26,0.0879826182722225
25026,26,0.11565240522173273
1741,26,2.795682789419544
5203,26,0.4222101342469515
6051,26,0.408329615686795
7122,26,0.3886946496647485
9294,26,0.2741422263204423
10364,26,0.24937524400203734
11406,26,0.11456167282870902
13393,26,0.26290457594839306
15013,26,0.16929135911591106
15815,26,0.20170772969795248
17040,26,0.15452218501631948
18077,26,0.16982909029843407
18917,26,0.10192485497442363
22115,26,0.17704547289391337
25031,26,0.21207988586338317
25856,26,3.7546700880209105
27857,26,3.675524331195187
2288,26,1.6476304535281934
3303,26,1.4291477884690271
5208,26,0.7671402969623461
7126,26,1.126865377707762
8209,26,2.1862362408173888
9298,26,0.4079742581861626
10368,26,0.15357280305429832
27967,26,0.9583716634927476
27981,26,0.6890838471302186
28051,26,0.3070130222441963
16225,26,2.607896529472045
22118,26,1.1815956358077426
23166,26,0.9810491408927243
24166,26,0.3540773226031263
25035,26,0.3487504892660534
25860,26,4.047854080031146
27918,27,0.006341792173217439
8211,27,0.00790673562068593
9083,27,0.008580012157559852
28125,27,0.023482563867738157
20418,27,0.022590096143201028
5210,27,0.03260756490451794
6057,27,0.029295837008914895
7130,27,0.021814672830431002
7997,27,0.022133323487332587
9087,27,0.026542198546344844
9948,27,0.030976852492330887
18291,27,0.03291706959072641
18922,27,0.03472829470493361
19776,27,0.03556033741206624
20849,27,0.03565273370837435
21908,27,0.03245301687909178
22958,27,0.041453383274682176
3482,27,0.07256952393853798
4019,27,0.04029477396183815
4798,27,0.029158631257637752
5849,27,0.025150697674843178
7136,27,0.02306655423261497
8002,27,0.02315882538444101
9092,27,0.029695625944111174
10161,27,0.03450393002784274
11204,27,0.02590502376323878
12238,27,0.026628298799731873
16840,27,0.026656983583230407
17874,27,0.02646534407315628
18716,27,0.036885484704699566
19565,27,0.03533016870999967
20854,27,0.04206665903301955
21913,27,0.041488341603848206
22961,27,0.0471701740702118
23977,27,0.027592391992176397
2451,27,0.15725544683118792
4023,27,0.08287150886435807
5007,27,0.0650686109206724
5853,27,0.06099942515360114
6925,27,0.038901840512038176
9097,27,0.04569086696835188
10167,27,0.03903325553915772
11209,27,0.0299801188848036
12241,27,0.02683191357392895
13218,27,0.030394966551367322
14012,27,0.028878814345535814
15017,27,0.030352925092767172
15821,27,0.03174940889122552
16843,27,0.03638863968884983
17880,27,0.040123766229157386
18932,27,0.049610722373183924
19571,27,0.051576953400447614
20860,27,0.06802704892218359
21918,27,0.070324254105464
22966,27,0.07766389971965025
24699,27,0.25371798673242946
1745,27,0.02490409466258138
2293,27,0.13406283522950388
3135,27,0.063786388694691
27900,27,0.05925932875624125
7146,27,0.0869403427989687
8012,27,0.03408757633840409
10171,27,0.04282757655121453
12246,27,0.03475255780443315
13223,27,0.032367928565524035
15826,27,0.06842376768791429
17677,27,0.060195738924836636
20005,27,0.06185967454849614
1645,27,0.06866260492016059
2298,27,0.10760512066426817
3141,27,0.12257130438867253
7150,27,0.14414241691594637
9325,27,0.05415748791736152
9111,27,0.053413014502679934
10181,27,0.04727791368505103
12255,27,0.04225911513166333
18734,27,0.09592363758085205
21932,27,0.07576672387797537
1279,27,0.1793687818495441
4042,27,0.14280140132231384
12260,27,0.08271207382297971
21937,27,0.25244909011263733
1191,27,0.2605997403156913
3155,27,0.19435318519890735
4048,27,0.20449807646564708
10193,27,0.27170135703102055
28017,27,0.05991086470146858
13243,27,0.13703972389219293
19810,27,0.22608205227677525
20883,27,0.15166082175281365
21942,27,0.2329697721130943
24889,27,0.19109897914752955
4833,27,0.2280180921548376
6096,27,0.1470378114829023
24011,27,0.39421116715433546
861,27,0.3643546057323783
4246,27,0.2010346617833313
23000,27,0.3433049873427398
24016,27,0.26899550734685057
24899,27,0.39886808349091446
788,27,0.34359836195029125
4062,27,0.21331991507465348
6106,27,0.24262082585157702
14856,27,0.07341801334066538
21957,27,0.11962970815993576
24021,27,0.291893961966347
25073,27,0.227234198075653
582,27,0.10688169210153378
794,27,0.16639316469362475
1121,27,0.15873956723261137
6111,27,0.1976443687125137
14861,27,0.05559566104291789
520,27,0.17674189850709732
797,27,0.15944267457100245
17929,27,0.17351756837698792
24914,27,0.13900245753408436
25754,27,0.2190322114093158
464,27,0.5683628032369458
7194,27,0.16208074123570831
15875,27,0.08665650118853288
16898,27,0.23229724347280753
17934,27,0.39919166608121787
18774,27,0.3239352343241825
19840,27,0.1950152498151285
23020,27,0.3626828444963631
24036,27,0.1779153876491014
25760,27,0.08607926088666008
26646,27,0.4468974654375865
305,27,0.4738319226605817
1317,27,0.21810888789419922
1694,27,0.19472013808266725
18779,27,0.421341347977691
19845,27,0.31835931465952677
20918,27,0.18892955774415576
24924,27,0.47559289973685537
26733,27,0.47104892492486145
259,27,0.6470699308148885
1698,27,0.21132684417746816
2352,27,0.21224032504848805
15884,27,0.1227601613781317
18784,27,0.5102091869244398
25098,27,0.5170167065551611
26739,27,0.4372746283574098
27108,27,0.4088387164762718
266,27,0.14950384238683934
6994,27,0.21146703337841427
8075,27,0.21280081489967229
16913,27,0.18776282394764113
17949,27,0.23899707761125732
20069,27,0.29015955083949796
20928,27,0.07152776736887034
21987,27,0.3066534335704672
24050,27,0.2091702654217004
25103,27,0.2161760266756447
26326,27,0.4680424802254208
26744,27,0.47990183555534827
270,27,0.25397627408138695
823,27,0.2063839878128811
1709,27,0.288438044285428
9389,27,0.20228134713328852
10449,27,0.21039948905531566
17953,27,0.22562545613609583
23661,27,0.22327061058904246
25278,27,0.15826860509222473
25780,27,0.39153764907426336
26331,27,0.6701253173907221
27118,27,0.6473890074136186
27402,27,0.7003848919168885
113,27,0.6756120722145127
616,27,0.24018618447506995
827,27,0.21862027500837095
1245,27,0.22281195058601977
8302,27,0.2080641751934106
11287,27,0.23424913053507893
17958,27,0.1426851627506211
19863,27,0.14054496319730397
20937,27,0.15539234746690006
21996,27,0.18560541242244752
25784,27,0.24477672783210142
26753,27,0.6643565668144332
63,27,0.8261385829440071
234,27,0.5883808441565226
1718,27,0.3199335539502651
18804,27,0.2833369044249162
22002,27,0.09144072196420794
23050,27,0.16991518474531978
25789,27,0.11469709351725937
26758,27,0.7207318686744908
44,27,0.46377504689853605
238,27,0.17898531504725804
560,27,0.2890792025191661
838,27,0.3028328730077046
4093,27,0.2811685164081984
11711,27,0.20291610804741067
19874,27,0.190539670596859
25794,27,0.4878996115374903
26346,27,0.5738579519017061
27132,27,0.8186202488636969
27723,27,0.8300128206181925
503,27,0.3227280027792472
9190,27,0.2680741908893286
10260,27,0.2540345774775674
21165,27,0.06166428587128448
23059,27,0.03945073887400569
24059,27,0.10261274019623798
24759,27,0.2838371828662325
25943,27,0.3958276246104495
26352,27,0.3804234176780839
26685,27,0.7433780221279578
27468,27,0.9079320565486195
27623,27,0.884489000348748
27727,27,0.6648711030224956
27795,27,0.2644223971324311
248,27,1.1290035301082952
508,27,1.0978476524133713
847,27,1.0156302752844937
1266,27,0.2761413624019896
3377,27,0.3013663082591678
19884,27,0.08149047398004773
22016,27,0.02552546988314354
24932,27,0.21532319750017537
26356,27,0.39290231618563176
26773,27,0.7088941824969458
27628,27,0.47764037220667777
2,27,1.4524264216390625
108,27,1.5829846566075312
3208,27,0.32639560231536824
11312,27,0.23951539944709813
24069,27,0.06941191128848002
26360,27,0.35121772620493996
27147,27,0.6485222558079738
27633,27,0.5005669368357245
6,27,1.6992982629845308
112,27,1.6007534092118347
258,27,1.589095996217106
518,27,1.1227905061654804
1275,27,0.9635220988957527
2541,27,0.4038608522260123
3213,27,0.36796134840417133
4113,27,0.2933595474418381
10275,27,0.21598548875433468
11316,27,0.16588247436503323
12349,27,0.09736651331102664
13326,27,0.10274249469459926
17988,27,0.14786873587995095
21180,27,0.055193942719200945
23074,27,0.06561951139506764
24074,27,0.20334735979685772
24942,27,0.1161868344614884
27436,27,0.7062022314286844
27846,27,0.6955522948282488
2385,27,0.4181030356278138
3218,27,0.4290286807454416
8120,27,0.28220622503818826
9428,27,0.2876694659777868
10279,27,0.24814145932254988
11322,27,0.18588278447373585
18834,27,0.0707766943434798
23079,27,0.17848601208229545
26176,27,0.17790432883425314
27156,27,0.9856705220732364
27440,27,0.740905524978635
27607,27,1.050953445309426
1841,27,0.47109141401400884
2390,27,0.3608821514709056
22036,27,0.029381536142987188
24084,27,0.025032188310169286
24952,27,0.2257305930446964
25809,27,0.290581627522046
26361,27,0.20735132322230684
27869,27,0.813285500498025
2394,27,0.6659065892382132
4127,27,0.5557140243233538
11331,27,0.5662680863889229
18843,27,0.5446565181890934
24089,27,0.12132248568262063
24957,27,0.25626342293411264
25814,27,0.3105901307797492
3230,27,0.07911784147992157
4132,27,0.20096137551372492
5134,27,0.43063238015610816
6195,27,0.4032556510566678
7053,27,0.3256736627406619
8134,27,0.3245728422526117
11336,27,0.9498170861966234
19913,27,0.49303494859442293
28189,27,0.3008816204792854
3235,27,0.03335021737638385
5140,27,0.2300426172924267
9229,27,0.6554820633594651
14950,27,0.10352596095476972
15954,27,0.17043831991192027
16977,27,0.2689798133267483
18013,27,0.33495770018024273
23099,27,0.3220595533121136
24099,27,0.28847734015380877
24967,27,0.36542456943392093
2721,27,0.28968669974554584
4141,27,0.1449238636811162
5145,27,0.18460995095648583
5992,27,0.2380627666585095
10305,27,0.7920906032835131
11346,27,0.8492411799662444
12378,27,0.8335168429631149
18017,27,0.31028516335729617
20996,27,0.4836559114739809
2557,27,0.47676779429494376
3244,27,0.059310637763963364
4146,27,0.1135688333244483
7283,27,0.20186242408410526
11351,27,0.9374559400292296
12383,27,0.8844730686795639
13360,27,0.4593047869507886
18022,27,0.2938130563041683
19928,27,0.4475134825316029
21002,27,0.3684337897210302
24976,27,0.3353610384485817
2396,27,0.13110975723502713
5154,27,0.13683684739806046
6214,27,0.17414980254521611
7072,27,0.21337550167803676
11356,27,0.9769797385008725
12388,27,1.0416817358626569
13365,27,0.20208408333810707
14964,27,0.17106191528587544
18867,27,0.26885029659012505
22065,27,0.3281895175791344
23113,27,0.34937293075923914
24113,27,0.34614574971922707
3254,27,0.0460724438062347
9249,27,0.46167620008475213
10319,27,0.9234291207115547
13370,27,0.5417506030951492
15973,27,0.27020064477626077
18872,27,0.30826832067213733
19938,27,0.297059275140662
21011,27,0.33501698909031874
24118,27,0.33318064744039383
24986,27,0.36493662063237825
25819,27,0.6345635860844953
2406,27,0.0685697191440535
3259,27,0.12169369062217092
8164,27,0.2782690637732005
10324,27,0.972082458069523
12398,27,0.8277272528547696
14974,27,0.22536178752758096
17001,27,0.341349370417304
18037,27,0.30787525012009503
18877,27,0.35440640276196267
19944,27,0.31037962185581897
21016,27,0.3721623495191897
22075,27,0.3719197189882119
24123,27,0.3667990441857975
24991,27,0.38573351229416386
2411,27,0.1673960895547541
3089,27,0.17179300840373138
4166,27,0.20007481862436177
7087,27,0.07830644036434203
11371,27,1.2344857184163553
14979,27,0.18913188755632193
18882,27,0.3908519921990586
21021,27,0.3702957979068886
24128,27,0.4006780179113217
2416,27,0.20362153047322648
4171,27,0.22023570624809102
7092,27,0.13737976691989567
8392,27,0.22825061605081112
9264,27,0.25440120702420915
12408,27,0.7995826964288597
13200,27,0.08534344757942681
14984,27,0.30490075258674076
15988,27,0.3315261238219636
17011,27,0.3796347143454804
19953,27,0.3959839862837702
22085,27,0.4193856192133423
23133,27,0.43527760173231644
25002,27,0.3522938792406007
25826,27,2.603430050770631
4176,27,0.3102105415007303
5179,27,0.28347489747474275
7097,27,0.23652562176064004
14989,27,0.3593537188574433
18052,27,0.4143379872091766
18892,27,0.44191973971123666
21031,27,0.4709606420689529
25006,27,0.3902428643885485
25831,27,3.4420871381783944
2426,27,0.29035100900502847
5184,27,0.3138697567394646
6244,27,0.3783203375945317
7318,27,0.2940309823925785
12417,27,0.2526566369611605
14993,27,0.32209236651157397
17020,27,0.4011525158671774
18897,27,0.4684623101960714
24143,27,0.4877787813014649
25011,27,0.4091743680833661
5189,27,0.3874857811976248
6248,27,0.3904890946250549
7107,27,0.3938948913699555
8189,27,0.3744953205024536
11391,27,0.4424924739166176
12423,27,0.3611154950468564
13013,27,0.16690656309072677
14453,27,0.40575528572884667
14998,27,0.41820511600863786
19968,27,0.4532056262212936
24148,27,0.45020449273608576
25016,27,0.39898219448879474
1845,27,0.7357692608711834
2436,27,0.6146790929256007
4190,27,0.5457640386539562
6039,27,0.44936988436693065
10354,27,0.6258638383354616
12428,27,0.6407531890929654
13383,27,0.45129682959611195
14299,27,0.5093722587192658
18067,27,0.5096667879513717
19973,27,0.4168065437782849
21046,27,0.5303480865112296
25846,27,3.513540669071573
2441,27,0.6766631091382868
3119,27,0.5982209375190066
8199,27,0.6256523607582437
9289,27,0.5953710283946229
10359,27,0.6120435319454726
11401,27,0.6815057238751643
13388,27,0.6858586064354021
16013,27,0.6127807406197184
18072,27,0.7314962815668097
18912,27,0.6362367663894454
23158,27,0.5264501921540433
24158,27,0.5140196862727318
25026,27,0.5409959373485921
1741,27,0.7180975943143209
2446,27,0.5767961041104872
4200,27,0.5541266680673026
7122,27,0.5385273812378799
10364,27,0.6802692161175213
11406,27,0.6422312756768188
13393,27,0.7847351845227736
15013,27,0.7907915733707888
17040,27,0.6635902862551315
18917,27,0.6403550402426277
22115,27,0.6195426253316143
23163,27,0.6195555772926228
25031,27,0.5439958786674326
25856,27,2.8492467132638537
27857,27,3.132416271241779
2288,27,1.6669435757637086
7126,27,0.2275038275134738
8209,27,2.4434656688240635
9298,27,0.4372733892721283
10368,27,0.6072242375384953
11410,27,0.7083175146134137
27967,27,0.6690262482567169
27981,27,0.7271780840238924
28051,27,0.7331717763786575
16225,27,2.324401839138051
18921,27,2.673473773727191
19987,27,4.066725657095842
22118,27,0.7400067400196568
23166,27,0.79175873933798
24166,27,0.48940517792059407
25035,27,0.42819790685867215
25860,27,4.131227610174881
27918,28,0.016744248029575654
8211,28,0.017368099646466864
9083,28,0.018124170822607952
28125,28,0.013577621192088624
20418,28,0.01471269531595702
5210,28,0.008872394653625625
6057,28,0.01325004320388135
7130,28,0.003975430521523168
7997,28,0.0036472990010415706
9087,28,0.007940703859872444
9948,28,0.012694936075365914
18291,28,0.019847780850566932
18922,28,0.02416460469579754
19776,28,0.027422284756467557
20849,28,0.02911814583599792
21908,28,0.02790905177030348
22958,28,0.034779697310354046
3482,28,0.015356243901735093
4019,28,0.020876532897018362
4798,28,0.0019628851418651157
5849,28,0.005929396128123521
7136,28,0.00279136607957389
8002,28,0.0026839811094422745
9092,28,0.011820353767018711
10161,28,0.012700716580815476
11204,28,0.012878275324257525
12238,28,0.011235314959640422
16840,28,0.012380399900398256
17874,28,0.01099030181749966
18716,28,0.025497438368634287
19565,28,0.027128285457015514
20854,28,0.03387276213151347
21913,28,0.03358272349571047
22961,28,0.03894354424671041
23977,28,0.027103833568336635
2451,28,0.08565812767190267
4023,28,0.022364652141461286
5007,28,0.023973735150082515
5853,28,0.026297631222803444
6925,28,0.00773069573837143
9097,28,0.021793092206064065
10167,28,0.015774782410835592
11209,28,0.013914492928380717
12241,28,0.01282261509880711
13218,28,0.015455910349202365
14012,28,0.01592633985329417
15017,28,0.01731312781542377
15821,28,0.017668814376256517
16843,28,0.0210306100808684
17880,28,0.02256042002740733
18932,28,0.0335422106299743
19571,28,0.03670857629081539
20860,28,0.051068201111224655
21918,28,0.053652946553999034
22966,28,0.05482592094350724
24699,28,0.09539970073708517
1745,28,0.04914026014033178
2293,28,0.0054037836100259105
3135,28,0.029875195767467146
7146,28,0.013599676802861827
8012,28,0.01381551935174251
11214,28,0.01970165786138887
12246,28,0.023348314565783995
13223,28,0.020418527738463782
15826,28,0.0500476392474638
17677,28,0.03307551118912329
20005,28,0.04483335597747597
1645,28,0.13874191678836306
2298,28,0.09338770135529627
3141,28,0.08699211158895527
7150,28,0.07828109487230588
9111,28,0.16607432798691454
12255,28,0.11921672712244688
17895,28,0.10064629060378694
18734,28,0.09029774157763396
21932,28,0.24166627615276534
1279,28,0.23497819255124688
4042,28,0.14660998824447694
12260,28,0.11884001565894312
21937,28,0.18096513102336084
1191,28,0.2859894384601941
3155,28,0.10668155890811591
4048,28,0.10358967687469976
10193,28,0.0646263178898575
11233,28,0.17123319349012914
28017,28,0.1731884133767672
13243,28,0.32575521274622166
17904,28,0.05678456778442175
19810,28,0.11956353807881148
20883,28,0.09927124669173684
21942,28,0.1996535033248543
24889,28,0.3068594068722337
4833,28,0.15136000962147658
6096,28,0.16999847073498925
24011,28,0.33155717389260675
861,28,0.3766898085656477
4246,28,0.1232997965387223
13253,28,0.17479142814398127
19820,28,0.06673768182064259
23000,28,0.2643797931632926
1206,28,0.12225261948362369
4062,28,0.14730970675636085
6106,28,0.15289168525687846
14856,28,0.13712619285704822
21957,28,0.14097579473734131
24021,28,0.2893294338640787
25073,28,0.32334305210456704
582,28,0.08243824320701426
794,28,0.15767730396748247
1121,28,0.18786191394509397
6111,28,0.23699049891337015
14861,28,0.14321635747841638
520,28,0.12669470621229809
797,28,0.12814280442475842
6116,28,0.2584809298071997
17929,28,0.43762560727736693
24031,28,0.2710218867929703
24914,28,0.31126413121783597
25754,28,0.5485983128609843
464,28,0.5733965106102515
803,28,0.20602944061935555
15875,28,0.12470501435081846
16898,28,0.49301194880798205
17934,28,0.6442921569567944
18774,28,0.528074917540083
19840,28,0.41594674563589384
24036,28,0.39635268156182646
25760,28,0.5256337735418958
305,28,0.44561590308772775
1317,28,0.23613201374351792
1694,28,0.300510081703434
13453,28,0.2998122672276714
18779,28,0.6697882161574725
19845,28,0.6179056551787194
20918,28,0.5664036763524545
24924,28,0.7894617535014199
26733,28,0.7752777933420546
259,28,0.5880142865003827
1698,28,0.31336809105522856
2352,28,0.09312213562437621
6131,28,0.2872099953936814
6988,28,0.3126596576861419
9161,28,0.3707475877230565
15884,28,0.17075773100692712
18784,28,0.7128739118362011
25098,28,0.7568961040162114
26739,28,0.7525022212218924
27108,28,0.6750174626550255
266,28,0.3137702817705638
1236,28,0.40689392314885653
6994,28,0.29393013396877665
8075,28,0.36936859074964884
16913,28,0.31229073987330314
17949,28,0.22364680859756017
20069,28,0.27085545575973813
20928,28,0.42773687108223296
21987,28,0.6325824824208401
24050,28,0.7507850209567899
25103,28,0.5073432935556884
26326,28,0.7446106298171762
26744,28,0.7861633261425525
270,28,0.19092978643712805
823,28,0.41028830327828136
9389,28,0.3445912762207106
10449,28,0.3948835416166275
17953,28,0.31756678266046756
23040,28,0.24560384795938778
23661,28,0.3595747710861392
25278,28,0.5375449675374028
25780,28,0.7747842985271362
26331,28,0.953218166522828
27118,28,0.9435312545064604
27402,28,0.9384549385008227
113,28,0.5168425847230268
616,28,0.4171281021009508
827,28,0.4096624705816962
1245,28,0.5189636305297959
8302,28,0.32648648457449775
11287,28,0.41722037039764287
17958,28,0.3995833291752985
20937,28,0.32735796574680803
21996,28,0.3827929582538021
25784,28,0.5830462304117486
26753,28,1.0836803798159826
63,28,0.6900361737376773
234,28,0.6074572057441543
11706,28,0.4281128097611378
18804,28,0.2946407942638005
22002,28,0.31020756599918775
23050,28,0.30748531627214487
25789,28,0.47785201227251556
26758,28,1.1791787185864446
27127,28,1.140783830701017
44,28,0.42679279640309103
238,28,0.4157986909522189
560,28,0.5548746965221266
4093,28,0.22242283696208995
11711,28,0.3515002511827489
25794,28,0.17903297694245754
26346,28,0.8970999836159104
27132,28,1.2417500950698952
27723,28,1.3303923042000008
9190,28,0.3278145862748544
10260,28,0.4562774990289998
21165,28,0.43870846228243804
23059,28,0.5145712647131693
24059,28,0.39236951367056383
24759,28,0.3137145929773336
26352,28,0.413194379532384
26685,28,1.2441911873790064
27623,28,1.4991099511764698
27727,28,1.4598143428716872
27795,28,1.3452615242660872
248,28,0.8065608959095475
508,28,0.8442024530706521
847,28,0.8621441217969037
1733,28,0.6879386590205855
3377,28,0.5090229486260517
19884,28,0.5481641135008253
22016,28,0.5621817720977551
24932,28,0.329429179945858
26356,28,0.2889610245165512
26773,28,1.4304463134033625
27628,28,1.266965022705631
2,28,1.4545164083254638
108,28,1.5292706268404472
852,28,1.1577644972950283
3208,28,0.556912042942485
11312,28,0.42999592610894055
24069,28,0.5936621639520099
26360,28,0.44623796748130395
27147,28,1.4358547217746145
27633,28,1.4353980481373605
6,28,1.6776488118707313
112,28,1.4422378779663756
258,28,1.3359276829289748
1275,28,1.0210393828596898
2541,28,0.6592432669241525
3213,28,0.6439214734165204
4113,28,0.6119499685907012
8987,28,0.564345311626927
10275,28,0.35730001750641877
11316,28,0.32088754394781466
12349,28,0.46648576237909384
13326,28,0.5943158604114482
17988,28,0.5218361163146209
21180,28,0.5834119431707957
24074,28,0.6525403793166507
24942,28,0.7151517713801495
27436,28,1.3971591418162232
27846,28,1.2431802987297849
2385,28,0.7796398852344714
3218,28,0.7627349777219404
8120,28,0.4760107565577544
10279,28,0.1822148613320117
11322,28,0.1830179968783593
18834,28,0.6326977788411154
23079,28,0.7352691536278128
24947,28,0.7889411008185826
26176,28,0.4495218588126251
26787,28,2.031657267665214
27156,28,1.9883438779385263
27607,28,1.9711664134698061
1841,28,0.555959219807892
2390,28,0.5965224385255886
17998,28,0.20072145273709321
22036,28,0.37973553311657604
25809,28,0.7488276470760263
26361,28,0.4680880720611789
27869,28,1.1805511197329432
2394,28,0.8096703684566456
4127,28,0.6476582864297354
11331,28,0.17605534900452124
14940,28,0.4883936324629656
18843,28,0.20236963070969133
24089,28,0.34578452887720346
24957,28,0.40672274177132633
25814,28,0.4589854446883146
3230,28,0.6222532630539067
4132,28,0.6404851839272331
5134,28,0.7449651441357195
6195,28,0.7404840455831446
7053,28,0.6566856285088989
9225,28,0.3576095934861798
11336,28,0.3613032549145854
19913,28,0.1792763937270393
28189,28,0.4790469210648328
3235,28,0.7155281394223684
5140,28,0.7857652782226536
13351,28,0.15716983586069347
14950,28,0.5167268866037417
15954,28,0.5223904139343929
18013,28,0.365974220609749
23099,28,0.44852242891243094
24967,28,0.46738489188732
2721,28,1.1786127357835101
3239,28,0.6945242874677277
4141,28,0.707294369626749
5145,28,0.7615632782653462
5992,28,0.8286361277906024
10305,28,0.4226463845834053
11346,28,0.3113657015882755
12378,28,0.228846697288627
14437,28,0.6348221178990573
15958,28,0.5210161997425795
20996,28,0.5433083155816969
24103,28,0.5233344040193879
25487,28,0.6697827135806915
2557,28,1.4477265256538385
3244,28,0.6719245091697373
4146,28,0.7714187576645569
7283,28,0.7675452127558912
11351,28,0.38087303057705235
12383,28,0.302547499946797
13360,28,0.21522578761055144
21002,28,0.5703850046217008
24976,28,0.5570963054179211
2396,28,1.7495325614062698
5154,28,0.8399102201171018
6214,28,0.8327195762035616
7072,28,0.8456810122911667
13365,28,0.520834329506739
14964,28,0.7279391195268572
18867,28,0.5931918585950359
22065,28,0.6402639616634005
23113,28,0.6795065653064386
2401,28,1.501195262718037
3254,28,0.7517762020669323
9249,28,0.8014535900742615
13370,28,0.2429956914080796
15973,28,0.6010684506505772
18872,28,0.7446253344359737
19938,28,0.6806323721357829
21011,28,0.722852915753516
25819,28,1.7709243227485263
2406,28,1.4619640447796824
3259,28,0.7710495360919595
6224,28,0.9467605642123805
12398,28,0.5629153502877766
14974,28,0.9012791918211294
17001,28,0.6577745003338045
18037,28,0.6861366314343408
18877,28,0.7170150872939477
19944,28,0.7068128377956912
22075,28,0.804921736337009
24123,28,0.759799174437509
24991,28,0.799876159753873
2411,28,1.022442248014982
3089,28,0.8221812678677183
4166,28,0.8155205528833616
6229,28,0.9643967747703627
7087,28,0.9675804430911776
11371,28,0.5370263546116635
13380,28,0.7139927681302645
14979,28,1.0541083627852998
18882,28,0.6925300922756256
21021,28,0.7493367868465287
24128,28,0.8493846605048573
2416,28,0.9792211856448745
3269,28,0.7495879248720136
4171,28,0.8310124904434709
7092,28,0.8851087707769176
9264,28,0.9142925438636575
13200,28,0.8440611017491654
14984,28,1.0000852251842012
15988,28,0.7049762943599664
17011,28,0.6811056695756501
19953,28,0.7003276217394834
21026,28,0.7317277193382419
22085,28,0.8311025647468168
23133,28,0.8581137020987154
25002,28,0.8109618056176069
25826,28,2.54278009255683
2421,28,0.9772229531511569
4176,28,0.810863166401489
5179,28,0.8316979194956093
7097,28,0.8877333453984919
8179,28,0.9203971484132857
14989,28,0.9404541565938795
18052,28,0.7252535431320939
18892,28,0.7317149961487066
21031,28,0.7897089407796628
25831,28,3.3451828150422656
2426,28,0.8733777856184611
5184,28,0.8018695526766179
6244,28,0.8816772543056304
7318,28,0.8598024877937224
9274,28,0.9031537016647169
14993,28,0.8543740502127427
17020,28,0.6668250453909904
18897,28,0.8019352122326342
19963,28,0.7650351698982033
24143,28,0.8616624788219038
25011,28,0.8518232174839738
1967,28,0.8124256991425847
4186,28,0.8302869036571884
5189,28,0.813455646705648
6248,28,0.832589086312379
7107,28,0.9398970202522706
8189,28,0.9826608339504967
9279,28,0.9017241327840704
11391,28,0.8469166244053028
12423,28,0.8860272624138397
14453,28,1.0011376628849036
14998,28,0.7952560424665789
16003,28,0.8662015183482489
19968,28,0.7508005972091737
21041,28,0.877418872937574
24148,28,0.913213705327328
25016,28,0.9560986754290214
1845,28,0.9858544315882317
2436,28,0.8158844503653985
3289,28,0.7386802641375715
4190,28,0.7868337078049286
6039,28,0.8346428251806951
13383,28,0.7866482410597003
14299,28,0.8972636499560297
18067,28,0.8538056328374829
19119,28,0.7786679237089875
19973,28,0.7659504016698462
21046,28,0.8551562294341775
25021,28,0.9247303360684842
25846,28,2.7086997190270634
3119,28,0.867643649029158
7117,28,0.831519550263522
8199,28,0.8935592844760549
9289,28,0.9155393011578568
10359,28,0.9156698253038859
12433,28,0.854289145579983
13388,28,0.8518347273641849
28001,28,0.8457564118065757
16013,28,0.7433699628437245
18072,28,0.5963489573036005
18912,28,0.4393074591609585
23158,28,0.35184408245373616
24158,28,0.33743502622783267
25026,28,0.29514737524013024
1741,28,1.3789757361266006
4200,28,0.9187820866296144
7122,28,0.9869426758668295
10364,28,0.9620256367532815
11406,28,0.9413703012019292
13393,28,0.8988486255438293
15013,28,0.8830927082612766
17040,28,0.7674898144244209
18917,28,0.5111674886958466
22115,28,0.21111543303396824
23163,28,0.33061742933612015
25031,28,0.27450859825786256
25856,28,4.106552319153639
27857,28,3.6598522948671985
2288,28,3.4515307374850357
6269,28,2.994753160358745
7126,28,1.574249987569631
8209,28,2.789260804448908
9298,28,1.04807244237024
10368,28,0.9827920392673625
11410,28,0.9805575999157121
27967,28,1.9375797227793525
27981,28,0.8606381292389098
28051,28,1.0865701344759682
16225,28,3.093732265475716
17045,28,2.5988310349470876
19987,28,3.983871799482897
21060,28,3.2739724411965523
22118,28,2.250928663734245
23166,28,2.2321520595732056
24166,28,1.7150001931525212
25035,28,1.3840746349803896
25860,28,3.8743862352000344
27918,29,0.014388415322685217
8211,29,0.017102842800094425
9083,29,0.014622333881516295
28125,29,0.020217182654456264
20418,29,0.02263833586571084
5210,29,0.028694373833538494
6057,29,0.03005340566465592
7130,29,0.019701657294647842
7997,29,0.02103940069396021
9087,29,0.028893222787112784
9948,29,0.02515267935246358
18291,29,0.028986001322357288
18922,29,0.03385601942730618
19776,29,0.0377303694252219
20849,29,0.03591603194909006
21908,29,0.03564695380347106
22958,29,0.04514750815392031
3482,29,0.03605055959111836
4019,29,0.01203722583489272
4798,29,0.02150345289298776
5849,29,0.024811764201411207
7136,29,0.020025430551616527
8002,29,0.021024238795661853
9092,29,0.0319392109036831
10161,29,0.026191586143567744
11204,29,0.016475694691098944
12238,29,0.014686045323146065
16840,29,0.022296488940148615
17874,29,0.020918167486595866
18716,29,0.03485657250399989
19565,29,0.03702168515459443
20854,29,0.040538471047649585
21913,29,0.040617051236379355
22961,29,0.04953258226627468
23977,29,0.03341065206198355
2451,29,0.10328855241288173
4023,29,0.04438338418419933
5007,29,0.044158621667106414
5853,29,0.0459681330280191
6925,29,0.03216616225674962
9097,29,0.045769633547950196
10167,29,0.03804557249768442
11209,29,0.02178860473512355
12241,29,0.016193813392592786
13218,29,0.025110118413524275
14012,29,0.025327593553391405
15017,29,0.026799175603321453
15821,29,0.027566991717523956
16843,29,0.03233142235708973
17880,29,0.03384086063132334
18932,29,0.043031503206532006
19571,29,0.0458595362861205
20860,29,0.05729366845438049
21918,29,0.05824043416708249
22966,29,0.05964115586664967
24699,29,0.12774977402233437
1745,29,0.005617924416194177
2293,29,0.058104038284823877
3135,29,0.0674879558719861
7146,29,0.056761910810198074
8012,29,0.06251882117768746
12246,29,0.032044656486594957
13223,29,0.02851809235699322
15826,29,0.0319321908712507
17677,29,0.04030948051875933
20005,29,0.053353338224838884
1645,29,0.08719797174395487
2298,29,0.010817593593119974
3141,29,0.042936713796831415
7150,29,0.08163307881332778
13227,29,0.10489905803738289
14021,29,0.024291112657388675
9111,29,0.05532721479612492
12255,29,0.6759900102228235
17895,29,0.09189117801815247
18734,29,0.10184621850139294
1279,29,0.2278741746104651
4042,29,0.1430788439297613
11228,29,0.11572633756763222
12260,29,0.5802463505096501
18951,29,0.16118932103956898
21937,29,0.334196246938183
1191,29,0.3004602331975857
3155,29,0.11428877700393456
4048,29,0.11930415077104034
10193,29,0.3178600354762509
28017,29,0.192602749748655
13243,29,0.32503330860799085
15845,29,0.09765371859771618
17904,29,0.19911851506369574
19810,29,0.3239215422975065
20883,29,0.2558619740280832
24889,29,0.3681008685595339
4833,29,0.10679709187202675
18749,29,0.196336964196314
21947,29,0.31271095077381983
24011,29,0.3662023690422223
861,29,0.3850519067700864
13253,29,0.19447517461044064
23000,29,0.2851682317643901
4062,29,0.1340751703727207
5047,29,0.10489409434223386
14052,29,0.06306969518570843
14856,29,0.015335384825548188
21957,29,0.2220511019703162
24021,29,0.38122931165703033
25073,29,0.506466256241183
582,29,0.23290697418575335
794,29,0.22034117624382235
1121,29,0.2005757732881868
6111,29,0.13637361419643323
14861,29,0.015257970583703885
18764,29,0.29474110729831243
23010,29,0.2337527241218401
520,29,0.2718564745011226
6116,29,0.15432652138891298
17929,29,0.38189500308226254
24031,29,0.32361051083546977
25754,29,0.6175353858393393
464,29,0.539751128950417
803,29,0.31493713894154324
14871,29,0.2108795046551017
15875,29,0.19418015619825832
17934,29,0.6192369232166494
24036,29,0.4279386341185471
24919,29,0.4329574600154386
25760,29,0.5283628533338701
305,29,0.3535143296007105
1317,29,0.36124804397785043
1694,29,0.3629980164114777
18779,29,0.6812593716367125
19845,29,0.45114008852099097
20918,29,0.38987981822305523
21977,29,0.5619193776487132
24924,29,0.5881108232124641
26733,29,0.7484346930134204
259,29,0.5278071473074297
1698,29,0.37860203232219947
2352,29,0.193491022491218
18784,29,0.734853507022705
21982,29,0.5108158874145314
25098,29,0.623793334690166
26321,29,0.6190686407448772
26739,29,0.7243611559881162
27108,29,0.6416218361376042
266,29,0.20360060328526092
6994,29,0.2014770964547443
8075,29,0.21494860491753073
16913,29,0.40394436931717914
17949,29,0.3124904465686384
20069,29,0.4447457696441315
21987,29,0.5925088752063009
25103,29,0.6382755931600831
26326,29,0.6298153307899154
26744,29,0.7002853212860585
270,29,0.2023692788434609
823,29,0.42579409926535006
6998,29,0.15794593589882663
9389,29,0.2022113644638064
10449,29,0.21773808393432403
17953,29,0.3320451121868296
18794,29,0.34615446764787505
23040,29,0.1165336305102461
23661,29,0.4962790943777106
25278,29,0.4715693948682927
27118,29,0.7419276720674225
27402,29,0.6556126484747505
113,29,0.21693094297067422
616,29,0.4780106930568995
827,29,0.47217489220582387
1245,29,0.45961579914938844
8302,29,0.18255352141340803
11287,29,0.20948015245548557
17958,29,0.3785447667039792
20937,29,0.2133603877428701
21996,29,0.21795245763008245
25784,29,0.3702980099585266
26753,29,0.5929863527867695
63,29,0.5177583415493447
234,29,0.4481566589025935
494,29,0.4977995918466325
11706,29,0.18486128852799708
22002,29,0.210558533535558
23050,29,0.15115016873922485
25789,29,0.30436124248506047
27127,29,0.7059538292776543
44,29,0.35141999680293323
560,29,0.6029503771978862
4093,29,0.1482993526529817
11711,29,0.1351331042228471
25794,29,0.09660971635572947
26346,29,0.7094465799752143
27723,29,0.47355600457352126
16,29,0.631989661905338
9190,29,0.1455434418138499
10260,29,0.16166667084365988
21165,29,0.2630452757642395
23059,29,0.16464687983050702
24759,29,0.11675992267523537
26352,29,0.28764976945756127
26685,29,0.6549893916262804
27623,29,0.7097170714206765
27727,29,0.34967229098308156
27795,29,0.3020000090568593
7,29,0.9602861799760027
248,29,0.6804092607074703
508,29,0.5521912201099163
847,29,0.5116113398077691
1733,29,0.526840324227101
2081,29,0.4790653967605412
3377,29,0.33979502821473706
22016,29,0.23359119265429007
26356,29,0.09958421405429345
26773,29,0.6349221099595146
27075,29,0.35640427196161795
27628,29,0.26065421948799683
2,29,1.2126434709277043
108,29,1.323589216675043
1738,29,0.599287186175223
3208,29,0.4317640799001574
11312,29,0.16083973152510195
24069,29,0.1808007309629819
24936,29,0.12319614425690038
26360,29,0.18859767752054243
27147,29,0.32041763443493804
27381,29,0.24070659564583827
27633,29,0.2532502005450247
6,29,1.5013049350507948
112,29,1.3578368403292358
258,29,1.114387385329936
1275,29,0.6173525583188342
2541,29,0.5051142175455774
3213,29,0.48138663425133926
10275,29,0.22468147367910388
11316,29,0.22072299738110465
12349,29,0.3283882757919388
13326,29,0.43344139251338853
17988,29,0.5750317827952266
21180,29,0.41129476237403795
24074,29,0.32277204632518713
24942,29,0.1474780419355837
27436,29,0.16118468840468317
27846,29,1.0355715308203532
2385,29,0.5992983474237621
3218,29,0.5616650558089225
4309,29,0.4871788805110596
8120,29,0.5011759696231344
10279,29,0.2786176129649161
11322,29,0.21449066114897009
18834,29,0.5088379621299082
23079,29,0.5266817922260486
24947,29,0.32654723968060634
26176,29,0.16023303186300683
27156,29,1.4524390348363323
27607,29,1.5729520977795592
1841,29,1.0626083086723284
2390,29,0.9065312180795999
13336,29,0.7173913953407034
28131,29,0.43986950157867977
25809,29,0.3832234408223748
26361,29,0.20855764050130188
27869,29,1.2354089033301954
2394,29,1.1234946530209144
4127,29,0.8999913687735555
11331,29,0.23933844550915126
14940,29,0.4585260284381752
18843,29,0.6859245028584512
24089,29,0.325444872649172
24957,29,0.4213648881076338
3230,29,0.2659489673334197
5134,29,0.2014023271830085
7053,29,0.05911102864252006
11336,29,0.8080424357328216
19913,29,0.6032838339981714
28189,29,0.5057728508805716
3235,29,0.38412142099291186
5140,29,0.17255354496383388
13351,29,0.47931824405967904
14950,29,0.37001702129698477
15954,29,0.4274213473480107
18013,29,0.49961556401449864
19919,29,0.5122393350626956
23099,29,0.6091777414488023
24967,29,0.6317668035700548
2721,29,0.574243375587194
4141,29,0.292794960302989
5992,29,0.20923778109309094
9234,29,0.3839850042746881
11346,29,0.5267822910908908
14437,29,0.3450156992214127
15958,29,0.438060098745037
20996,29,0.4856603965417075
23103,29,0.4237109215708925
24103,29,0.3877065484929088
25487,29,0.3035871688431239
2557,29,0.5780864103263296
3244,29,0.4745824939477364
4146,29,0.36266496552956473
7283,29,0.17481847051141636
11351,29,0.5579689461076407
13360,29,0.5325522440891286
21002,29,0.35148722456093784
24976,29,0.20831204221919905
2396,29,0.6635033821031757
3250,29,0.40402418641343246
5154,29,0.3432862415524729
6214,29,0.24746952178948056
13365,29,0.38834374023379514
14964,29,0.3970748413905821
18867,29,0.3626609009870419
22065,29,0.22835224346615582
23113,29,0.1945426746537744
2401,29,0.7058199444759117
3254,29,0.47402359583357334
6219,29,0.2846394379707802
9249,29,0.1425184245775484
13370,29,0.49388668389732454
14969,29,0.3857012953384481
15973,29,0.5271493630160332
16996,29,0.49862819304271344
18872,29,0.28947755305743456
19938,29,0.2832037823972161
21011,29,0.21407747030210367
25819,29,2.2201558979776084
2406,29,0.6909471319939026
3259,29,0.47315462195442015
12398,29,0.5604581094106871
13375,29,0.32013806082210994
14974,29,0.2699428273844772
17001,29,0.4115275400523349
18037,29,0.3013514038081067
18877,29,0.2947777743273002
19944,29,0.2488769484994854
22075,29,0.15812039307541778
24123,29,0.11811152690198311
24991,29,0.1487753295797533
25669,29,0.26816270476078324
2411,29,0.738024783258268
3089,29,0.48428740862410025
4166,29,0.4680553536882638
11371,29,0.3155540043862984
12403,29,0.45223521007348627
13380,29,0.020599815924514913
14979,29,0.20932768454579492
18882,29,0.286228984428755
21021,29,0.1930044185950127
23337,29,0.17177950339778963
24128,29,0.03513024547108303
3269,29,0.5321408455248661
9264,29,0.3309115956174486
11583,29,0.0888489570981707
13200,29,0.07118817305749546
14984,29,0.45370337134838057
15988,29,0.27184146955119937
17011,29,0.30379316477231655
19953,29,0.23501246364907122
21026,29,0.209293495695951
22085,29,0.1384187885972267
25002,29,0.16051631353085263
25826,29,3.0735821452137295
2421,29,0.6813719922037799
4176,29,0.44847459721034394
5179,29,0.4467921381738533
7097,29,0.40731389009065283
14989,29,0.4206379470750416
18052,29,0.270454048856001
18892,29,0.2792491924835833
21031,29,0.24830330271803114
25831,29,3.6880150476362514
1962,29,0.7661601712677082
2426,29,0.6092013660897103
5184,29,0.48914649483194783
6244,29,0.4504613327082104
7318,29,0.4521753377752817
14993,29,0.3527631345236879
17020,29,0.2972162334545249
18897,29,0.20609186685341213
19963,29,0.26567826166357084
25836,29,3.171709960519427
2431,29,0.45987203502362306
3284,29,0.5776372526162679
5189,29,0.5529723085946402
6248,29,0.4985223346588321
7107,29,0.4009107475473339
8189,29,0.42973015406162135
9279,29,0.4078137823400924
11391,29,0.2762976391033425
12423,29,0.2575456016116899
14453,29,0.3115020073453817
14998,29,0.31916313838537547
19968,29,0.3473796673358674
24148,29,0.15964418500102365
25016,29,0.2735506128510557
1845,29,0.6058760689270257
6039,29,0.24832725551799728
13383,29,0.2673615565226434
14299,29,0.2530386967053432
18067,29,0.332081978730683
19973,29,0.36141065186807814
21046,29,0.3263358853826914
25021,29,0.3317533474925937
25846,29,1.4726776908049786
3119,29,0.4505114689363334
4010,29,0.35462202462782266
7117,29,0.22621157908916523
8199,29,0.26208981316387103
9289,29,0.24911485937359854
13388,29,0.3103093160311768
16013,29,0.32672654073030577
17036,29,0.3841570196977468
18072,29,0.2042099081022828
18912,29,0.27211176651348956
22110,29,0.2898000686350174
23158,29,0.328484520913796
24158,29,0.2852297165445763
25026,29,0.39158207190531935
1741,29,0.5686756796779324
3298,29,0.3886487095713692
7122,29,0.18820028332265631
8203,29,0.19088917767767236
10364,29,0.18652567259790487
11406,29,0.17530912468186768
12438,29,0.07480039807656828
13393,29,0.15010560012577004
15013,29,0.35637656733301515
15815,29,0.38252915948644584
17040,29,0.4124241095243026
18917,29,0.35961888259937286
22115,29,0.329008464301866
24163,29,0.41440455198810705
25031,29,0.3697062088624525
25856,29,3.994927805489754
27857,29,3.0571847044129346
2288,29,0.12422908297664215
4205,29,0.23413866019816965
6269,29,0.24055842105758563
7126,29,0.17325640035802217
8209,29,1.227820292222156
9298,29,0.22903399175382755
10368,29,0.1553083384850923
27967,29,2.8728403028819574
27981,29,1.2532244652737436
28051,29,0.7037994743516091
16225,29,3.0239713491375992
17045,29,2.9184033550799815
19987,29,3.776643694572704
21060,29,3.511747673755518
22118,29,2.296001706879703
23166,29,3.1186769687942757
24166,29,0.9193933410624543
25035,29,0.9047695670067568
25860,29,4.209894825579124
27918,30,0.013249161838979583
8211,30,0.01668572274090936
9083,30,0.015098995944087038
28125,30,0.015330466852257368
20418,30,0.017695778474365167
5210,30,0.02282199363718227
6057,30,0.02392507583165679
7130,30,0.01657632769426641
7997,30,0.01722553779069134
9087,30,0.024588885277411494
9948,30,0.020702911323124518
18291,30,0.020666436240318126
18922,30,0.023847149497057053
19776,30,0.025439216830955118
20849,30,0.02538206655118096
21908,30,0.02574879292101415
22958,30,0.029439601464278112
3482,30,0.02878110819081275
4019,30,0.009929550864028388
4798,30,0.01660755301043406
5849,30,0.01942974626014578
7136,30,0.016859322555737487
8002,30,0.017606099061154547
9092,30,0.026806852937524054
10161,30,0.021302199556155345
11204,30,0.013123889382795398
12238,30,0.012345937950303965
16840,30,0.016271284739878576
17874,30,0.015656333039919965
18716,30,0.02508128233589844
19565,30,0.02618063176115566
20854,30,0.028628763824352386
21913,30,0.027377320098224463
22961,30,0.03059615835064654
23977,30,0.024458106089653334
2451,30,0.08545923684538127
4023,30,0.035387135718023745
5007,30,0.035442916950811636
5853,30,0.03666414050958454
6925,30,0.02508841159877104
9097,30,0.03616773308414554
10167,30,0.029363849485623088
11209,30,0.01606937579658925
12241,30,0.012091870398660793
13218,30,0.016718870737454948
14012,30,0.01614998644790532
15017,30,0.01570449766151738
16843,30,0.021642151590945062
17880,30,0.023823441987180206
18932,30,0.03003507570447049
19571,30,0.03185592623961899
20860,30,0.038800030470099084
21918,30,0.03872224322840642
22966,30,0.035442354784878775
24699,30,0.04789031104456831
1745,30,0.03454420215433166
2293,30,0.01113009439911392
3135,30,0.00877820384392301
7146,30,0.013871819760031571
8012,30,0.08452272255308654
10171,30,0.0321300197331068
12246,30,0.02179534950044874
13223,30,0.019272039072442106
15826,30,0.2671599941536283
17677,30,0.05318746313186968
20005,30,0.035543962240451796
1645,30,0.0921343404406894
3141,30,0.0698914390335095
7150,30,0.05030028795411017
9325,30,0.10021322634793724
13227,30,0.03527401505529866
2971,30,0.0658777833496937
9111,30,0.02384900991057576
12255,30,0.08437637643804986
18734,30,0.2101220276087016
1279,30,0.20946145660024237
12260,30,0.1264408972986711
13237,30,0.17926623410563108
18951,30,0.6709714345810754
21937,30,0.45251248508252956
3155,30,0.11978438205635852
4048,30,0.12729274768343904
9340,30,0.16695070173753748
10193,30,0.13714712506768562
28017,30,0.20071989394947934
17904,30,0.4122376963834803
19810,30,0.5674888659263477
4833,30,0.1791388306007936
18749,30,0.3770474071444274
21947,30,0.5988184647080628
24011,30,0.4612569588342569
861,30,0.3746717255547173
23000,30,0.6302864104347267
24016,30,0.6006231042208238
24899,30,0.48427398510157316
4062,30,0.18178463722644692
5047,30,0.211953842935612
14856,30,0.2241801449066229
17919,30,0.21614034032712842
21957,30,0.4208378532015645
24021,30,0.5194006015566474
25073,30,0.5443730957951801
582,30,0.17656890753072335
794,30,0.25167798013239334
1121,30,0.2428916355450136
6111,30,0.20283565923131547
14861,30,0.10189943141738896
18764,30,0.2229895298995031
23010,30,0.5288217351281035
520,30,0.13862708197426007
6116,30,0.20373709136826923
24031,30,0.5252897930518181
25754,30,0.7131437407176555
464,30,0.3355795530101255
803,30,0.24118123794097354
7194,30,0.1816115697290931
14871,30,0.34322744761050666
15875,30,0.19510446179474925
17934,30,0.6450203330467101
24036,30,0.4814448896537305
25760,30,0.6858283258660683
305,30,0.2474964773609085
1317,30,0.26869603365266836
1694,30,0.24933742148557264
18779,30,0.7380456430940732
19845,30,0.3966983156313916
20918,30,0.3973009624278042
21977,30,0.6296098861316322
24924,30,0.6185855242193932
26733,30,0.8158208434838314
259,30,0.4459626757254256
812,30,0.30814340503252763
1698,30,0.2611684148879596
18784,30,0.8792058628580339
25098,30,0.7582980719659802
26321,30,0.712700275145618
26739,30,0.8306600879270173
27108,30,0.7369697719224576
266,30,0.08238925235512372
6994,30,0.05726096981781581
16913,30,0.21701974302328209
17949,30,0.1352692795314076
20069,30,0.2064167698989938
21987,30,0.7130852259916818
25103,30,0.8474635510548103
270,30,0.11664843801450271
823,30,0.2895084549265561
1709,30,0.34105859837752456
9389,30,0.11718746331185464
10449,30,0.14787107000074376
17953,30,0.2285773377572306
18794,30,0.253638826126519
23661,30,0.7047063700623131
25278,30,0.4707784761517418
26748,30,0.83933427226012
113,30,0.05793549536263355
616,30,0.3291459517422386
827,30,0.3190834972810973
1245,30,0.31824224364673825
8302,30,0.10614172907145347
11287,30,0.16783182725351828
17958,30,0.33269868015282245
20937,30,0.16517553937292792
21996,30,0.06286056702868596
25784,30,0.10877867745900931
26753,30,0.9673073486819761
63,30,0.1419462192143799
234,30,0.18437424866358643
1718,30,0.433064400134641
11706,30,0.05417407155602266
22002,30,0.04468387332906008
23050,30,0.06404930418563191
25789,30,0.1721676180042608
27127,30,1.104801835914835
27411,30,1.1567434567146995
44,30,0.14036106287429964
560,30,0.397391066622983
838,30,0.400852598793825
4093,30,0.04305187312749657
11711,30,0.11669963323895181
22007,30,0.06030148950618842
26346,30,0.4493746426699825
27723,30,1.0901008459054673
16,30,0.4060674897052939
9190,30,0.04950828043129981
10260,30,0.0990782315095524
21165,30,0.14906960927355148
23059,30,0.08000738709585023
24759,30,0.09090903242757867
26352,30,0.46280241230328595
26685,30,1.4985243650098314
27137,30,1.3550435520441941
27468,30,1.3572786308173357
27623,30,1.305913979436297
27727,30,1.1770651470903402
27795,30,1.3435367292320288
7,30,0.9633220163374944
248,30,0.5271374500518058
508,30,0.45807572611801783
847,30,0.5220496966683353
1733,30,0.4249804045232804
3377,30,0.1050912704448508
22016,30,0.2805524265503399
23064,30,0.22673423234689016
26356,30,0.21712992159383157
26773,30,1.6896046988063933
27075,30,1.5803787238880547
2,30,1.2470440340328737
108,30,0.6340901252404508
1738,30,0.3800931768463983
3208,30,0.19962389002921913
11312,30,0.19235364836113475
24069,30,0.20048885990131546
6,30,1.6076520816005426
112,30,1.163846957063562
258,30,1.0355734442034963
518,30,1.1390808415644311
1275,30,0.4870436011563424
2541,30,0.27491310079490416
3213,30,0.2655835792377017
10275,30,0.177781297280052
11316,30,0.12945136752549707
12349,30,0.14676480548338186
13326,30,0.23735983682609982
21180,30,0.31650872267348523
23074,30,0.28765689322369437
24074,30,0.23072285150782643
24942,30,0.25871444443680497
27436,30,1.6143462192646618
27638,30,1.585779829464764
27846,30,0.8029427454197186
2385,30,0.35119125221783815
4309,30,0.16627792801564376
8120,30,0.08647471452422756
10279,30,0.23919545608650386
11322,30,0.3364090446152851
18834,30,0.3610971589235685
23079,30,0.8663821058641682
24947,30,0.3931509184932216
26176,30,0.08288731795835143
27156,30,1.7861901277326508
27440,30,1.7879570905407736
1841,30,0.2804795549325019
2390,30,0.1427840842196409
13336,30,0.410467555371557
28131,30,1.2864108831472456
24952,30,1.4255110695308058
25809,30,0.6185904582151683
26361,30,1.5163064151034675
27869,30,1.3359227208721047
2394,30,0.29785588098970556
4127,30,0.2101537698981876
14940,30,0.1370420494582518
18843,30,0.08707172995783256
24089,30,1.4751814567600239
24957,30,1.5295039742537444
3230,30,0.0707477449597625
11336,30,0.5215282088515081
28189,30,1.712687568792415
3235,30,0.05445757723654768
13351,30,0.13659550310914587
14950,30,0.14256048359439966
15954,30,0.1742620745356328
18013,30,0.10465222942568858
23099,30,0.2027123840437447
24099,30,0.30243716839056994
2721,30,0.041260049866799875
4141,30,0.0656100765913616
9234,30,0.3018167191724354
11346,30,0.3071020083942161
14437,30,0.2635110305221338
15958,30,0.08453963738821678
18017,30,0.16859055206418305
20996,30,0.1951871298715248
22055,30,0.2328512156818157
24103,30,0.22135396030049004
25487,30,0.7903333590694378
2557,30,0.05598417727269107
3244,30,0.010401378157318555
4146,30,0.07602540478401076
4941,30,0.09802680340792981
6209,30,0.11964167575393432
7283,30,0.12531044553170076
11351,30,0.3197918610250731
13360,30,0.20495345399030457
21002,30,0.1327701668754601
24108,30,0.2805270311702913
24976,30,0.26061185520410035
2396,30,0.1320632768879913
3250,30,0.01587663535169242
5154,30,0.11058270142009585
6214,30,0.10871999714481381
13365,30,0.12481030815960414
18867,30,0.26644241137486857
22065,30,0.28908115238201615
23113,30,0.3473494835681611
24113,30,0.33768597633042735
25659,30,1.5760223744890582
3254,30,0.022521980761826738
6219,30,0.15026916221770206
9249,30,0.09277612126896764
13370,30,0.195270682196434
15973,30,0.0503413391879918
18872,30,0.23295586541476168
19938,30,0.335042226266655
24118,30,0.47940486111893393
24986,30,0.3864513305406576
25819,30,2.0175973793927717
2406,30,0.06561179907826852
3259,30,0.07395489349898184
7082,30,0.14531317267103144
13375,30,0.30273195074205256
14974,30,0.21609866227857785
18037,30,0.18419591994933884
18877,30,0.17254553680025198
19944,30,0.1968846971632864
21016,30,0.2923053750068012
22075,30,0.4253336393357093
24123,30,0.5249955171331367
24991,30,0.3891776356807839
25669,30,0.2823373534889793
3089,30,0.03949066526087996
4166,30,0.0212283551080761
11371,30,0.2584850657240441
12403,30,0.30476179467758996
14979,30,0.20821479359837905
18882,30,0.13904210519960933
21021,30,0.25238387298250226
23337,30,0.5805440525810597
24128,30,0.6301270739917347
25673,30,0.29525722284812844
3269,30,0.0908015399809362
8392,30,0.16359389342386463
9264,30,0.15479067876701647
11583,30,0.2656944027479319
13200,30,0.2247924955635357
14984,30,0.2625548284215851
15988,30,0.138694459911052
17011,30,0.08659911031805699
19953,30,0.2988988718607067
21026,30,0.2801478097866593
22085,30,0.33270555419462455
25002,30,0.27608494406872264
25826,30,3.0060451308674025
2421,30,0.11691321763862869
4176,30,0.07967462984763551
5179,30,0.030425538905787752
7097,30,0.09197403041100777
14989,30,0.25870347233223845
18052,30,0.14341332028002302
18892,30,0.1753723746958503
21031,30,0.2465815868736151
25831,30,3.43697251617749
1962,30,0.11998746761140346
2426,30,0.13816495699574385
5184,30,0.04259685698784818
6244,30,0.05742383635006875
7318,30,0.1214256501952256
14993,30,0.17140027128628485
17020,30,0.20127406691113303
18897,30,0.20020892859973188
25836,30,2.345506941605669
2431,30,0.17110204449878375
5189,30,0.04031394721050623
6248,30,0.04197227458662934
7107,30,0.09910017501396838
8189,30,0.18961492383550496
11391,30,0.3155644845351829
12423,30,0.3443856462743336
13013,30,0.2797168025067194
14453,30,0.1949633964304406
14998,30,0.2518803258151695
24148,30,0.43423727021451436
1845,30,0.1695347802521018
4985,30,0.048410698012947735
6039,30,0.05943149777186905
11396,30,0.33953512701444516
13383,30,0.4306467764160363
14299,30,0.13995095847430827
18067,30,0.2741460808118121
19973,30,0.32163240390110576
25021,30,0.5584347350327163
25846,30,1.0036602386545117
2441,30,0.21247590118055326
3119,30,0.12964730963292595
4010,30,0.12501750431202158
7117,30,0.17112786373299432
9289,30,0.23497240472298217
11401,30,0.3598047154316587
13388,30,0.4107770151844548
16013,30,0.17215082745960858
17036,30,0.26638015221878913
18072,30,0.2660266662041912
18912,30,0.14209261412739768
23158,30,0.31910211987556447
24158,30,0.420461215301583
25026,30,0.21433914669425838
1741,30,0.22589645266177402
2446,30,0.2097434506182407
5203,30,0.1776931577901847
7122,30,0.24910308266076023
8203,30,0.21304971621674657
10364,30,0.3190675449160038
11406,30,0.3887720899003442
12438,30,0.2511432790521595
13393,30,0.45577144815381015
15013,30,0.18679706137786162
15815,30,0.13907988707992547
17040,30,0.10515865739286229
18917,30,0.1337659369350464
22115,30,0.4374545807505313
24163,30,0.48099978335925475
25031,30,0.49616084508389924
25856,30,3.834731865279763
27857,30,0.5599745012566553
2288,30,0.1207367031710521
4205,30,0.138679214914767
6269,30,0.2236015809216737
7126,30,0.3385370900683879
8209,30,0.9259524576292433
10368,30,0.2912801164492119
27967,30,3.1245908666321913
27981,30,0.42273597028249377
28051,30,0.25411984913775415
16225,30,2.3317404423257186
17045,30,2.1052592725540795
18290,30,1.991913167554274
19987,30,4.024305666946996
21060,30,3.8740319624946253
22118,30,3.5433958739615012
23166,30,4.046038012656428
24166,30,3.833270396298408
25035,30,4.0253958012558195
25860,30,4.167142763962906
27918,31,0.009593062504826968
8211,31,0.008775855929527582
9083,31,0.00794648461700771
28125,31,0.014525672324528806
20418,31,0.015692483800108223
5210,31,0.017896310905275048
6057,31,0.01795083345271671
7130,31,0.011031387119305227
7997,31,0.01130011203571487
9087,31,0.01764135216692162
9948,31,0.02278587507012211
18291,31,0.02158571939179761
18922,31,0.02364176129544767
19776,31,0.02410062738489977
20849,31,0.024511320360664324
21908,31,0.02538842509536976
22958,31,0.03027183918484674
3482,31,0.04050192309174047
4019,31,0.009385677905093157
4798,31,0.012036685789006893
5849,31,0.014544189153717448
7136,31,0.011243603555139406
8002,31,0.011486891110678842
9092,31,0.020837198563388067
10161,31,0.025667122799836035
11204,31,0.01616588628320921
12238,31,0.012148879407333262
16840,31,0.015996134259816597
17874,31,0.016093798887625136
18716,31,0.026232144487023847
19565,31,0.0257546642717631
20854,31,0.02913615124440284
21913,31,0.026930904892955704
22961,31,0.030698583207688642
23977,31,0.027665286105748876
2451,31,0.10102350361331311
4023,31,0.05208868958654223
5007,31,0.04054998344577006
5853,31,0.04017951484035921
6925,31,0.02405295293182132
9097,31,0.033127092667132874
10167,31,0.027146025784246016
11209,31,0.015953547496373198
12241,31,0.011621289775464665
13218,31,0.01655589270959291
14012,31,0.015002073873846791
15017,31,0.015543873763568307
16843,31,0.022128613617199446
17880,31,0.024904397094374135
18932,31,0.03194542203014712
19571,31,0.034040071971457406
20860,31,0.04235251380429108
21918,31,0.04186963031951666
22966,31,0.0412978901779175
24699,31,0.06999995552753537
1745,31,0.024564914031213383
2293,31,0.06344440585050304
3135,31,0.0636618905657645
27900,31,0.038716999399168464
7146,31,0.08429626038640675
8012,31,0.1440673683604669
10171,31,0.03962007991492611
12246,31,0.02057905932133195
13223,31,0.02132623700982291
16848,31,0.05307178999370284
17677,31,0.040896144183082746
20005,31,0.03878276796615005
1645,31,0.056461241769647674
3141,31,0.061118797574583994
7150,31,0.10912839809562798
9325,31,0.46272658917882536
10177,31,0.6475436283074747
13227,31,0.052404912657344316
2971,31,0.043381425091996675
9111,31,0.36300746091832564
12255,31,0.5242490619086714
18734,31,0.1822348977956279
1279,31,0.12787425008383452
12260,31,0.45658533275499447
13237,31,0.17438415192939008
21937,31,0.3521168660625015
3155,31,0.12970250515167944
4048,31,0.15164460639731311
9340,31,0.08842180011699839
10193,31,0.37927559461844657
28017,31,0.24082953587071987
17904,31,0.5855025196448514
19810,31,0.6755535101695598
4833,31,0.09312663282007456
6096,31,0.08648298570303616
12270,31,0.21109177497229623
18749,31,0.46924743217360304
24011,31,0.19085103815524082
861,31,0.2817697591891885
24016,31,0.35136420515964967
1206,31,0.10586149769986297
4062,31,0.18134976450618545
5047,31,0.1720159754679833
6106,31,0.20364099605004776
14856,31,0.2769564786813461
21957,31,0.23970577281461894
24021,31,0.2975080160540157
25073,31,0.3130555572759346
582,31,0.08929846591749539
794,31,0.11901215228057213
1121,31,0.14814218954854713
6111,31,0.1897840708129497
23010,31,0.19246294811508263
25078,31,0.28453516621672065
520,31,0.12332117152053812
6116,31,0.1515348356075976
21967,31,0.5188327477021206
24031,31,0.15602689886805818
25754,31,0.42110573728411405
464,31,0.2216660635658275
803,31,0.20829746823306639
14871,31,0.4273433856460248
15875,31,0.4696600311091907
16898,31,0.6560467518793043
17934,31,0.5892755725143125
19840,31,0.377612600496571
24036,31,0.26018193807324963
25760,31,0.35783695903378915
1317,31,0.237048646955872
1694,31,0.20727650663429686
15880,31,0.5151716377447603
17939,31,0.8561767165300844
18779,31,0.5850713520129082
19845,31,0.3819667182033417
20918,31,0.4215121859535647
26733,31,0.5816246398144828
259,31,0.47955418443613
812,31,0.2715732553975129
1698,31,0.26874779253440595
17944,31,0.9693670281542992
25098,31,0.41741305226495945
26321,31,0.3946184314489353
26739,31,0.547300814658366
27108,31,0.5998580529556261
266,31,0.21918406628555528
6994,31,0.12867294539575325
16913,31,0.451307593591437
17949,31,0.38700678190440235
20069,31,0.45923054134923325
20928,31,0.43887313359571817
21987,31,0.6983907298815473
23035,31,0.808274739551797
24050,31,0.9080567186947522
25103,31,0.6099238801237225
270,31,0.2756200656057893
823,31,0.34451791305334073
1709,31,0.3379560229751652
8080,31,0.17137889672979903
9389,31,0.18703363800574005
10449,31,0.266845646372272
17953,31,0.4535902743635203
23661,31,0.714852516558113
25278,31,0.5792997010822086
26748,31,0.5000686562326331
113,31,0.026893845340091222
616,31,0.3390008641301354
827,31,0.3445705116336572
1245,31,0.39846241782780284
8302,31,0.18157147707043023
11287,31,0.3240395861037412
17958,31,0.4423422092040236
20937,31,0.3535719670659743
25784,31,0.5073572611099555
63,31,0.11881194693762943
234,31,0.24891847954814866
11706,31,0.196200589259708
22002,31,0.15389446350605707
23050,31,0.10345752955826511
27127,31,0.777638188770621
27411,31,0.8237210537002392
44,31,0.23154477362649112
560,31,0.36637968776232405
838,31,0.3920777306106389
2376,31,0.33838049831259487
4093,31,0.2358666283283637
11711,31,0.17504413095037905
19874,31,0.2615992219198881
22007,31,0.234124491426613
23055,31,0.1663212716796319
26346,31,0.8379515581941361
27723,31,0.8840994680477345
16,31,0.15243864522088738
9190,31,0.2727402636386388
10260,31,0.38387609465265393
21165,31,0.2886618210287136
23059,31,0.2519409020152938
24759,31,0.09588615587226282
26352,31,0.25743907813327244
26685,31,1.250593866866689
27137,31,1.065949212970143
27468,31,1.096999699479944
27727,31,0.9053039219493119
27795,31,1.1216364053322423
7,31,0.8011263224976366
248,31,0.547983964380205
847,31,0.309898082937912
1733,31,0.35751582807225973
3377,31,0.22739960344561153
19884,31,0.25279268723551984
22016,31,0.3271860153743882
23064,31,0.2352127667171921
26356,31,0.06100441067739665
26773,31,1.4145572993345281
27075,31,1.242249695902467
2,31,1.1609620992030554
108,31,0.8919886945083316
1738,31,0.32929827627740743
3208,31,0.2293528631884751
11312,31,0.30332740973587574
22231,31,0.1944069154165536
24069,31,0.2698288728649989
6,31,1.6307811845306102
112,31,1.2043875779873225
258,31,1.0622902261808365
1275,31,0.5149737865815669
2541,31,0.2705681706484735
3213,31,0.23509352551299412
10275,31,0.3166549356916257
11316,31,0.1223694361840766
12349,31,0.10721940482454499
13326,31,0.2688400709905763
21180,31,0.24293900289749817
23074,31,0.12257925601669083
24074,31,0.297557059768006
24942,31,0.29300381687286625
25799,31,0.14907197203691164
27436,31,1.3685541574973439
2385,31,0.2802291118646921
4309,31,0.15181471040971867
10279,31,0.24132979794182738
11322,31,0.2553910011110805
18834,31,0.23167385805643004
23079,31,0.28364366124618323
24947,31,0.3354317213377226
26176,31,0.1798286733687799
27156,31,1.7431354711980245
1841,31,0.24532887438977094
2390,31,0.14352997671096462
13336,31,0.5705131994685599
15737,31,0.4057317130882419
28131,31,0.15685521006786252
24952,31,0.3705186976457777
25809,31,0.382952963398121
26361,31,0.2937953643485123
27869,31,0.9070294865477272
2394,31,0.2482786170394668
4127,31,0.23644115244637784
14940,31,0.3798614486889156
18843,31,0.20421216553613708
24089,31,0.3541779259308061
24957,31,0.47866337308548007
25814,31,0.4866248400744094
3230,31,0.1761581741437095
12369,31,0.45822154060722503
13346,31,0.2783210413009519
28189,31,0.4835190362023965
3235,31,0.0867634940501636
11341,31,0.3641703979584319
12374,31,0.4070390065134393
13351,31,0.2906507147598918
14950,31,0.31069234188534894
15954,31,0.3571803865471466
23099,31,0.4189952953238331
2721,31,0.19513791994791235
5145,31,0.3126096489618411
9234,31,0.3872576779508789
11346,31,0.4033813087469032
15958,31,0.2805101790214906
16981,31,0.15851394659068171
20996,31,0.31367737478835167
22055,31,0.30469704578132584
24103,31,0.31981392726911945
25487,31,0.5276149343165389
2557,31,0.22917836738226163
3244,31,0.18068330559610699
6209,31,0.38463579031914824
7283,31,0.384733221732232
11351,31,0.4047532745419644
13360,31,0.2867867189376457
18022,31,0.06800446984865145
21002,31,0.2986735480606018
24108,31,0.377425400518298
24976,31,0.4145964464699744
2396,31,0.22683673947290975
3250,31,0.20652408107576803
6214,31,0.3925717913490948
7072,31,0.39540029959169787
13365,31,0.2779957989925902
18867,31,0.20967887193313037
22065,31,0.27132504336716334
23113,31,0.34428548888085353
25659,31,1.0397827406348508
3254,31,0.2990083652871496
6219,31,0.4215780372512856
9249,31,0.3756360597017218
13370,31,0.33030260372605724
15973,31,0.17551441039397522
18872,31,0.33083353540636234
19938,31,0.4174387818007201
24118,31,0.19008461317029415
25819,31,1.606933210698911
2406,31,0.30790541053019793
7082,31,0.5167390285536632
14974,31,0.2304204232874954
18037,31,0.2975316104038485
18877,31,0.3310613828570875
19944,31,0.45704517976128967
21016,31,0.4706957186871999
22075,31,0.2984550006625507
24991,31,0.48487071424771566
25669,31,0.4078913523682272
3089,31,0.4057448303213576
4166,31,0.35181640654161156
7087,31,0.5078026483631067
11371,31,0.38310654622169177
12403,31,0.391405632876223
14979,31,0.19991998614690384
18882,31,0.42441456667604116
21021,31,0.3858678040740876
24128,31,0.18420902854484647
2416,31,0.43040449489087323
3269,31,0.45109911926892887
6234,31,0.48642280789317516
7092,31,0.45881276561690687
9264,31,0.5192219534482883
13200,31,0.31958746238220953
14984,31,0.22721418862840023
15988,31,0.3063986883598303
17011,31,0.3002805325182072
18047,31,0.46170588235551885
19953,31,0.5282681300360887
21026,31,0.3720451365117944
22085,31,0.2550234474714285
23133,31,0.23798497600684546
25002,31,0.29471120674226225
25826,31,2.9996109465607654
2421,31,0.49311347114053633
4176,31,0.47203180525070315
5179,31,0.4360390081982618
6239,31,0.5172734722491623
7097,31,0.4979790366917219
8179,31,0.4493902883876467
12413,31,0.4987287589963511
14989,31,0.2765485703519084
18052,31,0.3279289724670395
18892,31,0.4254528378356
21031,31,0.4667220769614199
25831,31,3.3436575162688436
1962,31,0.46852711403263353
2426,31,0.4855789647129773
4181,31,0.5534598134735017
5184,31,0.5417808422743059
6244,31,0.5389212308546834
7318,31,0.5105093040211554
9274,31,0.5146532474671335
14993,31,0.5542285442480446
17020,31,0.31848562844858147
18897,31,0.4278530686117321
24143,31,0.33617290511854797
2431,31,0.41257651041941396
5189,31,0.6167330439671156
7107,31,0.5953172661671187
8189,31,0.5723557305736013
10349,31,0.5289538427592747
11391,31,0.5567881840975398
13013,31,0.2748903835944854
14998,31,0.4677915217144016
24148,31,0.3476798119948263
1845,31,0.9248118530895806
3289,31,0.966676316098202
4985,31,0.9288857398078744
6039,31,0.4889473008033294
13383,31,0.74522388508378
14299,31,0.4899611507137252
18067,31,0.4582219065816887
19973,31,0.46647245274495436
25846,31,1.9559282190887475
2441,31,0.9877296331415709
3119,31,0.907292011385479
4010,31,0.954473286998194
7117,31,0.7890890689065289
9289,31,0.7712134105045724
10359,31,0.6867999591486107
12433,31,0.8385082202455411
13388,31,0.706576979830376
17036,31,0.5376500075337747
18072,31,0.5720331368610897
18912,31,0.4967611168536874
23158,31,0.4470876895649003
24158,31,0.5224070208071678
25026,31,0.5371656641655607
25851,31,0.4299872981624086
1741,31,0.3091313852102866
2446,31,0.9726861183213911
4200,31,0.9550062897186448
5203,31,0.8565286524754038
7122,31,0.8442737835924761
8203,31,0.8976625663962311
9294,31,0.7762073584221374
10364,31,0.7004061042631408
11406,31,0.7783965931892564
12438,31,0.7607597709179209
13393,31,0.6369328437190159
15013,31,0.5546601417651285
15815,31,0.5686864473197428
17040,31,0.46308041938160677
18077,31,0.4169625121136831
18917,31,0.4350438872921382
22115,31,0.4965810118551988
23163,31,0.47654141249821086
24163,31,0.49667935648459627
25031,31,0.5092298349848237
25856,31,2.8784314854502813
27857,31,2.6543151672904584
2288,31,0.9806480859135497
3303,31,1.0286942441435099
4205,31,0.9379378473083309
5208,31,0.875427760370996
6269,31,0.5725934531510384
7126,31,0.9176193999346611
8209,31,0.8476163636627405
10368,31,0.7701958681434894
11410,31,0.8609024385990569
27967,31,2.332655577308068
27981,31,0.6283400654385041
28051,31,0.5880199726424846
16225,31,1.1743886585607577
17045,31,2.6503565719017534
19987,31,3.8660780994608905
21060,31,3.759442629780764
22118,31,3.3083178866407628
23166,31,3.4884799879315076
24166,31,2.0955504197481627
25035,31,2.960456343589767
25860,31,3.93152646709929
27918,32,0.006493579040790011
8211,32,0.008576890156109044
9083,32,0.00764300070692861
28125,32,0.021628974872429076
20418,32,0.022808345791976284
5210,32,0.024524991033674892
6057,32,0.022949665014467775
7130,32,0.013284598450446095
7997,32,0.013111095840269309
9087,32,0.017732722853835238
9948,32,0.01822173135235172
18291,32,0.024811100471926705
18922,32,0.030165971644373974
19776,32,0.03301031907277197
20849,32,0.03404199122424679
21908,32,0.033505276880492804
22958,32,0.036870080056558494
3482,32,0.05829268262932519
4019,32,0.023757217700641157
4798,32,0.018456328531405414
5849,32,0.017427526776981894
7136,32,0.013861394437193985
8002,32,0.01403698992830416
9092,32,0.020019341099669047
10161,32,0.020370033343481305
11204,32,0.009816962046036026
12238,32,0.001746639128465837
16840,32,0.0157197449780372
17874,32,0.016574586227583694
18716,32,0.028082526283593933
19565,32,0.0307898674387819
20854,32,0.03448367962957104
21913,32,0.0355137236419007
22961,32,0.04357097499302644
23977,32,0.02615421883629273
2451,32,0.12138249215948814
4023,32,0.06991235422848373
5007,32,0.049905161436662286
5853,32,0.047013188092409036
6925,32,0.02813284372665869
9097,32,0.03435667374153645
10167,32,0.026204725569853968
11209,32,0.010007284559913647
12241,32,0.00487604159285059
13218,32,0.012090620005456507
14012,32,0.012842646180153136
15017,32,0.01627596098926627
16843,32,0.024069804042221348
17880,32,0.027310558211989574
18932,32,0.0361761226635351
19571,32,0.03967109193833116
20860,32,0.05739963323278842
21918,32,0.06029969207887397
22966,32,0.06770906988021469
24699,32,0.21978344695096647
1745,32,0.012163356471318519
2293,32,0.050915895138745004
3135,32,0.05252324780778715
27900,32,0.028284661921201965
7146,32,0.06835276432504515
8012,32,0.03312122981046984
10171,32,0.030658075306691658
12246,32,0.015807863228261904
13223,32,0.018052936259597023
16848,32,0.036877497950032624
1645,32,0.09505746589848746
3141,32,0.10606526746828458
7150,32,0.0743257348577819
8016,32,0.04169598076650527
10177,32,0.28327492865680026
13227,32,0.047548011564160914
2971,32,0.09809962962351823
9111,32,0.0788221447624818
12255,32,0.17199938132314205
18734,32,0.5000009581953632
1279,32,0.13213856604946927
4042,32,0.15172728780462996
11228,32,0.03495029919899507
12260,32,0.09532821850346877
13237,32,0.08075161354458346
21937,32,0.253305226413504
1191,32,0.18980997888261575
3155,32,0.18377732790368084
4048,32,0.21383932367523195
10193,32,0.1667265714453433
11233,32,0.18206576182848327
28017,32,0.1200574580430066
13243,32,0.13977490465452996
15845,32,0.2437651884274485
17904,32,0.11797325090731751
18744,32,0.1122643830596404
20883,32,0.31382440235285525
4833,32,0.2038906495423923
6096,32,0.2209733561544963
12270,32,0.09853686907943146
16667,32,0.1116437027840721
18749,32,0.17289663818726692
20888,32,0.22167225591312398
24011,32,0.14995354433157465
861,32,0.2675966112385161
13253,32,0.08921720352772994
14047,32,0.23857422479789758
4062,32,0.17903921624845648
5047,32,0.2231492144975666
6106,32,0.14156475430613222
14052,32,0.17923836132691143
14856,32,0.16029656665831224
21957,32,0.24953587423620027
24021,32,0.1928174689490799
25073,32,0.21932147992393083
582,32,0.06466955112749195
794,32,0.15721921138752556
1121,32,0.14372166861533617
6111,32,0.1768939169438014
23010,32,0.3408117283949684
25078,32,0.20898467099588086
520,32,0.13628680039790858
797,32,0.15374347294163637
6116,32,0.18627646072028434
17929,32,0.14645354192800944
21967,32,0.23157870049972587
24031,32,0.5167224772441594
24914,32,0.3177675520553112
25754,32,0.29355112105600023
464,32,0.1810560556678623
803,32,0.16303233808856687
15875,32,0.3315944444368243
17934,32,0.4719178218850957
19840,32,0.1048638305650818
24036,32,0.5561791996898128
24919,32,0.6019862069224753
25760,32,0.36190070603040336
808,32,0.24564108524378134
1317,32,0.23806264262651794
1694,32,0.2542564642829504
15880,32,0.41000655987942736
17939,32,0.5941802099917382
18779,32,0.54795097867056
19845,32,0.3031821312370422
20918,32,0.14125403779267817
26316,32,0.32492060883384893
26733,32,0.5271436462970006
259,32,0.3631899641180385
812,32,0.25393608143921415
1698,32,0.27826112857358554
17944,32,0.6195018531499252
21982,32,0.3851956864908905
25098,32,0.21295962971309879
26321,32,0.3313885672276495
27108,32,0.5620958323978674
266,32,0.5171353277124843
6994,32,0.11341669985274347
17949,32,0.29023435375797696
20069,32,0.5020603131590144
20928,32,0.42416097782806705
21987,32,0.4397880063717397
23035,32,0.521451039522086
24050,32,0.5040193898165428
25103,32,0.22836892066736145
270,32,0.5533997482194778
823,32,0.31306890022957257
1709,32,0.3804875721142762
8080,32,0.048616969085183724
9389,32,0.08756207068198851
10449,32,0.0839637195936766
17953,32,0.3506029947436804
23040,32,0.4113541475596938
25278,32,0.3383017993138069
26748,32,0.132132658329745
113,32,0.13924700610961124
616,32,0.2653818005347884
827,32,0.2908560751268372
1245,32,0.3126462658160926
8302,32,0.0847278844057428
11287,32,0.11762981220116712
17958,32,0.4349453103968759
25784,32,0.3808974719227451
63,32,0.41300326300614476
234,32,0.420148501387518
494,32,0.2652993464931177
22002,32,0.21040280638326928
23050,32,0.2634881502535843
27127,32,0.42785579019642234
44,32,0.7506541526168328
238,32,0.36204658978457077
838,32,0.274508481577733
4093,32,0.13279682310823854
11711,32,0.3043087568947918
19874,32,0.19815991400602873
23055,32,0.22835390927443122
25794,32,0.5338384123329926
26346,32,0.7417177290658964
27723,32,0.6743118692093782
16,32,0.6812439877859148
768,32,0.2279527058545245
9190,32,0.17177500317668945
10260,32,0.14204721794697123
21165,32,0.19264733594273664
23059,32,0.15048011504431286
24759,32,0.2872317284553284
26352,32,0.7939248853774618
26685,32,0.8923789542880103
27137,32,0.6354938596649543
27468,32,0.736037892236306
27727,32,0.6682372740549875
27795,32,0.814373644487931
7,32,0.14755494554822604
248,32,0.2049647529112151
847,32,0.34125382914474045
1733,32,0.20721265367397837
3377,32,0.07289745949264748
19884,32,0.37253552170726445
22016,32,0.27162038374062475
26356,32,0.500076580802003
26773,32,1.1039416999765836
27075,32,0.9151117491934032
2,32,0.6425571799658019
1738,32,0.12999637274033318
3208,32,0.010187779708096128
11312,32,0.10314738028184743
22231,32,0.25677942753940963
24069,32,0.21129209892594975
27147,32,1.0984786941599143
27381,32,0.8374054804977736
27633,32,1.0721797930621575
6,32,1.5704283344554417
112,32,1.3182949229006353
258,32,1.250162075670473
1275,32,1.0164819665457823
2541,32,0.06738892145911489
3213,32,0.01958523684173955
10275,32,0.01326703889461895
11316,32,0.16870419327584218
12349,32,0.14032817848300036
13326,32,0.2356579121499722
21180,32,0.3724184820610764
23074,32,0.18330095334942312
24074,32,0.20223925930482872
24942,32,0.268431044204018
27436,32,1.0642149789459827
2385,32,0.14977020632310523
4309,32,0.08177125681199493
10279,32,0.5030005494021866
11322,32,0.4876848293237648
18834,32,0.18912874458475443
24947,32,0.25766376512970396
26176,32,0.2492663477325595
26787,32,1.583986753825146
27156,32,1.4491973860890062
27607,32,1.742212648878657
2390,32,0.41184241278510164
13336,32,1.0493238698335288
15737,32,0.5940009462048683
28131,32,0.7787350059034784
26361,32,0.6570122838923371
27869,32,0.718558050870372
2394,32,0.5807149398538604
4127,32,0.562490311705095
14940,32,0.24041225260672786
18843,32,0.5017426369912374
24089,32,0.9244286482977714
24957,32,1.0168355925982668
3230,32,0.4838597240821358
13346,32,0.19114362265271614
19913,32,0.4482919380116207
24962,32,0.3503889819834391
28189,32,1.0548945585248284
3235,32,0.4597226932044079
5140,32,0.2599985313694105
6199,32,0.25753669924967193
12374,32,0.39338306740358564
13351,32,0.3435123992035153
15954,32,0.20459961295465556
16977,32,0.24200900549077003
23099,32,0.4572142436966661
2721,32,0.39103487798503545
9234,32,0.37029664577878335
11346,32,0.3344313972879336
15958,32,0.27197711515367473
16981,32,0.28466665059324725
20996,32,0.4086369499374656
22055,32,0.3702502679330154
24103,32,0.4265314828989313
25487,32,0.4300341049909135
2557,32,0.34809895079811953
3244,32,0.36359813696941923
7283,32,0.20538536113097297
11351,32,0.3299754496733034
13360,32,0.3639145149097054
21002,32,0.29489358717711206
24108,32,0.43975146388646325
24976,32,0.4468352877559578
3250,32,0.34475472387990386
7072,32,0.23070540587718025
12388,32,0.39159705966765224
13365,32,0.2868366053082296
14964,32,0.28587537216759257
18867,32,0.17638336598527857
22065,32,0.2627241806069581
23113,32,0.2069690297881226
25659,32,0.7544322318610474
3254,32,0.29727385847176824
6219,32,0.156471555163652
9249,32,0.1536517913384162
10319,32,0.16304536985013904
13370,32,0.30538904989407417
15973,32,0.2386593937703447
16996,32,0.1961791987034359
18872,32,0.11913636800807088
19938,32,0.14979845684307536
21011,32,0.1626949482008167
24118,32,0.26912096841129934
25819,32,0.863030499087382
2406,32,0.4946626462505418
4161,32,0.31034750107706227
6224,32,0.16450898326847385
7082,32,0.11624167780777847
12398,32,0.2502253547003007
14974,32,0.22618563052462126
18037,32,0.09715713854090663
18877,32,0.13522562709194857
19944,32,0.14671674766728668
21016,32,0.12447366540007378
22075,32,0.06755841701077886
24991,32,0.4345252937356515
25669,32,0.4768761255478241
2411,32,0.4467174364540335
3089,32,0.33339849622236684
4166,32,0.26787832786239735
7087,32,0.08594865846105494
11371,32,0.18829359793336978
12403,32,0.2619995055987628
14979,32,0.23267257068428582
18882,32,0.1354918190322247
21021,32,0.11020248697215841
24128,32,0.08795784209455068
2416,32,0.4592443607282999
3269,32,0.3252308232572332
7092,32,0.13128664509862703
9264,32,0.031219746004830594
13200,32,0.24755503133824316
14984,32,0.15420768191105746
15988,32,0.15358575481729456
17011,32,0.2066746843140747
19953,32,0.13059891309012295
21026,32,0.13261905526496212
23133,32,0.03213601463743204
25002,32,0.26146080571965824
25826,32,2.619559512537604
2421,32,0.4526579960825819
4176,32,0.2527868314131799
6239,32,0.16602277585325517
7097,32,0.06890595856017645
8179,32,0.0221517520906599
12413,32,0.1527626936341488
14989,32,0.12978941446265077
18052,32,0.2260890081331837
18892,32,0.2040211781258758
19958,32,0.20648173231747746
21031,32,0.05635924501461182
25006,32,0.08891249101828838
25831,32,2.8864658360675715
1962,32,2.1013000493482856
2426,32,0.34814255998061633
4181,32,0.26109366542310153
5184,32,0.10879905435169929
7318,32,0.11683541741924042
14993,32,0.24097058268690605
17020,32,0.1751132912808855
18897,32,0.21683967116482855
19963,32,0.2147491630833817
22095,32,0.11858006080813627
24143,32,0.11434341275743623
5189,32,0.1777118209991735
7107,32,0.10776661655964774
8189,32,0.11844090843166857
9279,32,0.10319070727631895
11391,32,0.1537567113161436
14998,32,0.16216712949606585
23148,32,0.05871793730780477
24148,32,0.06998938975489595
1845,32,0.27831602817782025
4190,32,0.07811485956927607
12428,32,0.3596515527018003
14299,32,0.3886765360699794
18067,32,0.20385000919180746
19973,32,0.14875973985065163
25846,32,0.36940254824555946
2441,32,0.2982433019171164
3119,32,0.20772300681156558
4010,32,0.13599612034871253
7117,32,0.1265979611898742
8199,32,0.18923807125465442
9289,32,0.19899902798710078
10359,32,0.19812868522827312
13388,32,0.21605529453478728
17036,32,0.18457038364783496
18072,32,0.15894369335353864
18912,32,0.2633213299179828
23158,32,0.1658002823420936
25026,32,0.2757134362026841
25851,32,0.5091362544464982
1741,32,2.4941523712343705
2446,32,0.30795319684884076
3298,32,0.19431152318409595
4200,32,0.18872867670094476
5203,32,0.10355726795651989
7122,32,0.16918633010779968
8203,32,0.1690253703003382
10364,32,0.18498969706123417
11406,32,0.248822213684767
13393,32,0.22747414814135783
15013,32,0.12110303488968466
15815,32,0.21157045795298515
17040,32,0.13120063568051818
18077,32,0.1671144458592058
18917,32,0.17314722395721846
23163,32,0.20448996256770252
24163,32,0.27403824366411195
25031,32,0.24570616102057677
25856,32,1.6334234094081956
27857,32,3.214817134122113
3303,32,0.23921493834997243
4205,32,0.2600427674563903
6269,32,0.24776994138509456
7126,32,0.06236233245413758
8209,32,1.005741441306005
10368,32,0.17054173907093814
11410,32,0.18559984700607163
27967,32,1.6119249077774274
27981,32,1.0508771408759454
28051,32,0.08941123279487913
16225,32,3.3065434705550705
17045,32,3.256384951450348
19987,32,3.796502919283819
21060,32,3.7641294994934973
22118,32,3.325485571594008
23166,32,3.8764828812106304
24166,32,2.7009458824658092
25035,32,2.685251390480557
25860,32,3.2655106743696742
27918,33,0.006888430320526791
8211,33,0.007345205385784609
9083,33,0.008462247695569806
28125,33,0.026476517747721782
20418,33,0.031167419337976277
5210,33,0.013756498662674194
6057,33,0.014203240246785324
7130,33,0.008781388833224166
7997,33,0.008227725639850456
9087,33,0.011723959226043811
9948,33,0.018507501243212102
18291,33,0.02791315457159031
18922,33,0.038168141892645065
19776,33,0.043402911797829805
20849,33,0.042440081664862676
21908,33,0.040003359387935214
22958,33,0.04063751923890597
3482,33,0.03110008192446239
4019,33,0.005087533834065137
4798,33,0.010167335539863133
5849,33,0.012285780448486225
7136,33,0.00815393364650449
8002,33,0.007754635719414163
9092,33,0.013209080147340136
10161,33,0.0207701665535075
11204,33,0.011546545415166953
12238,33,0.004982378359316731
16840,33,0.017095885994223212
17874,33,0.018226958765307257
18716,33,0.03314589974449578
19565,33,0.03883437344341255
20854,33,0.04230254878055567
21913,33,0.04409249641123167
22961,33,0.04946240956133594
23977,33,0.027472100259981657
2451,33,0.07728582664984071
4023,33,0.04118913236070016
5007,33,0.030924508937817147
5853,33,0.029975767143370993
6925,33,0.034689607112002474
9097,33,0.02384404701756355
10167,33,0.019851718534407748
11209,33,0.011296579804620998
12241,33,0.008274763244120555
13218,33,0.012337981876411379
14012,33,0.016386959160683348
15017,33,0.019300594978557368
16843,33,0.022916100042849104
17880,33,0.025724030842734478
18932,33,0.03909309309321691
19571,33,0.0428412050695015
20860,33,0.12146607977994954
21918,33,0.05641436446467971
22966,33,0.06153484975917301
24699,33,0.08231385475556548
1745,33,0.025737879584569526
2293,33,0.04283274071832212
3135,33,0.049049414227409625
27900,33,0.04434349883650742
7146,33,0.09969537948890529
8012,33,0.03783037382215996
10171,33,0.022983607250364406
12246,33,0.018340997136762915
13223,33,0.025785088328667688
15826,33,0.2174756409965948
16848,33,0.11698590752542759
1645,33,0.10268984822125411
3141,33,0.033161564680752736
7150,33,0.13132807471981464
10177,33,0.16896774306906445
13227,33,0.0958880180497289
9111,33,0.11254591017744232
12255,33,0.16457277233285386
1279,33,0.22634487023536362
11228,33,0.12438855233467186
12260,33,0.1652192553968961
13237,33,0.07914479184031595
18951,33,0.5074927768908496
21937,33,0.2158927952356627
1191,33,0.27926704968206184
3155,33,0.04630804350303266
4048,33,0.08040029058466641
10193,33,0.16712925543151472
11233,33,0.06192489179637081
28017,33,0.16578679606966928
15845,33,0.13705013882007203
18744,33,0.337117804766645
4833,33,0.07144047072203803
6096,33,0.0598759547774256
12270,33,0.19719821696804013
18749,33,0.21003883273497811
24011,33,0.16140487527149747
861,33,0.36592171842362525
13253,33,0.13596507889142234
23000,33,0.277250411534526
4062,33,0.13679718746466205
5047,33,0.10577966743359846
14052,33,0.11286011692206968
14856,33,0.07930651431702873
21957,33,0.12722409340988503
24021,33,0.331382104833466
25073,33,0.25460769803478916
794,33,0.31276086224439154
1121,33,0.32552139402886276
6111,33,0.13836508699333883
23010,33,0.10768934793041422
25078,33,0.29170532983175695
520,33,0.2521245657555227
797,33,0.31010024516771373
15870,33,0.2597503593168226
17929,33,0.1347215306104923
18769,33,0.11892291807006715
24031,33,0.1373594139128513
24914,33,0.21236242138365005
464,33,0.36938151139607983
803,33,0.32029796779767816
7194,33,0.15801453418229489
15875,33,0.2879604418305031
17934,33,0.3438349757657506
19840,33,0.12451313489619181
24036,33,0.05450780928008752
24919,33,0.08113987330976581
25760,33,0.2515281349833494
808,33,0.2933532064517389
1317,33,0.3256952556763957
1694,33,0.3065533024108955
15880,33,0.3346727210620366
17939,33,0.6257907936007737
20918,33,0.2524709011952693
21977,33,0.4773055646310454
26733,33,0.38704045506709045
259,33,0.4272663272773002
812,33,0.31302102705703255
1698,33,0.32368474014349546
6131,33,0.2791877143683283
6988,33,0.20704819586978024
17944,33,0.8564432860066062
18784,33,0.7354903421133998
25098,33,0.21386038908182484
26321,33,0.12457080522071919
27108,33,0.4987057016874894
266,33,0.3172484664294888
1236,33,0.29336777365533434
6994,33,0.21387269052735727
17949,33,0.23072716433628185
20069,33,0.3170616543605685
20928,33,0.2387141010188264
21987,33,0.6360109884963873
24050,33,0.6536119289054417
25103,33,0.13572862249816425
26326,33,0.11770109796500873
270,33,0.35717570321900055
823,33,0.2820683934622434
1709,33,0.3156325568351273
9389,33,0.18518181534090147
10449,33,0.1855416721298278
17953,33,0.29993261467472454
23040,33,0.5378319075842848
113,33,0.1555012380118899
229,33,0.37231850389719123
616,33,0.22588826220281774
827,33,0.20479008868813717
1245,33,0.2682364735154702
8302,33,0.19224097799592055
11287,33,0.2817207216717514
17958,33,0.2931152871798128
21996,33,0.24600826486759192
25784,33,0.7761350003356885
63,33,0.4892198804936851
234,33,0.28091449302757104
18804,33,0.19537822901675522
22002,33,0.19687236656707954
23050,33,0.2906593325377897
25789,33,0.9661817919760878
44,33,0.8017020797723996
838,33,0.21291871218844372
4093,33,0.1777680662348056
11711,33,0.17951513333293426
25794,33,0.8014227269840796
26346,33,1.1028133767696757
27313,33,0.6009407127484331
27723,33,0.7672166403322428
16,33,0.6173383268834125
9190,33,0.2768997618926026
10260,33,0.3079428714362928
21165,33,0.30624746882422976
23059,33,0.2353059229752082
24059,33,0.23372032141452895
24759,33,0.25334859584101627
26352,33,1.024583471321307
26685,33,1.0771786783512372
27137,33,0.7647307562704194
27468,33,0.807337439548904
27727,33,0.7487556299645289
27795,33,0.7928888349588739
7,33,0.2384406334644846
248,33,0.3025921374597259
508,33,0.3213332136998533
847,33,0.2833499107736879
1733,33,0.2950466382188348
3377,33,0.18024202176026516
19884,33,0.26733000437821725
26356,33,0.763511469941825
26773,33,1.2535403833025016
27075,33,1.0737692012798663
27628,33,0.679842524137789
2,33,0.7889932104682017
1270,33,0.3525683137877767
1738,33,0.3326808687111513
3208,33,0.2350210406389776
11312,33,0.3083269346231999
22231,33,0.4379014012927898
26360,33,0.6725330555007393
27381,33,0.8168450971233331
27633,33,0.9626728613724403
6,33,1.3603466254899603
112,33,1.2234740163018067
258,33,1.2141957941600168
518,33,1.2066281772231662
1275,33,1.1266226418373442
2541,33,0.3495694914791351
3213,33,0.24106865973533811
10275,33,0.2957116219752636
11316,33,0.21319327473511343
12349,33,0.2226044848934965
13326,33,0.33842165385654516
18828,33,0.4234138552737453
21180,33,0.3742580211418017
23074,33,0.4529278878202862
24074,33,0.38621420900861547
24942,33,0.2839018955042544
27436,33,0.9793577357813322
27638,33,0.9677186155640405
2385,33,0.39632946871663843
8120,33,0.3371750186758921
10279,33,0.4749515410462479
11322,33,0.46647302208187214
18834,33,0.3903872388730256
24947,33,0.411902508687714
26176,33,0.23430762535301453
26787,33,1.3301762197269593
27156,33,1.383744000934966
27607,33,1.557275521794255
2390,33,0.5328314752045241
15737,33,0.5606988180114783
28131,33,0.936382806435433
26361,33,0.45466175735102793
27869,33,1.0480321128143986
2394,33,0.6808077450820683
4127,33,0.5006022634428808
14940,33,0.22470177605387084
18843,33,0.39547217300196486
24089,33,0.9592185523967398
24957,33,1.071690081424029
3230,33,0.4722167312558286
4132,33,0.30453533532167204
11336,33,0.39246283587313463
13346,33,0.2250742609863908
14945,33,0.27843862443776474
19913,33,0.3499247760926019
24962,33,0.20113217560825236
28189,33,1.786116878648078
3235,33,0.43283204342234005
12374,33,0.24223726410442412
13351,33,0.06861392717637001
15954,33,0.24182502041692214
16977,33,0.25101719366717207
23099,33,0.30766804208440707
24099,33,0.33931156019088904
2721,33,0.5064325716381517
9234,33,0.13243692841243557
11346,33,0.20590734903789543
15958,33,0.32639281848779966
16981,33,0.3257365118873275
18017,33,0.20320180699596327
20996,33,0.2595936407279103
25487,33,0.22889445562408764
2557,33,0.5378554190670668
3244,33,0.47069352023031535
4941,33,0.2530321869968784
7283,33,0.10726206888170543
11351,33,0.17886899797472972
13360,33,0.1476932359001757
21002,33,0.2621717844976702
24976,33,0.1826299466236907
3250,33,0.4653491774823572
4151,33,0.32429215428144825
7072,33,0.08753678583508846
13365,33,0.17401717912135095
18867,33,0.301070022829056
22065,33,0.22109824388428473
23113,33,0.1667661261727495
25659,33,0.13801292716251687
3254,33,0.4906559162480369
6219,33,0.1912734884372497
9249,33,0.15880674037691192
13370,33,0.24774719266871226
15973,33,0.16601071554743113
18872,33,0.30949230687361257
22071,33,0.270585241816832
24118,33,0.11753480515762943
25819,33,0.2772470150953778
2406,33,0.6565627314805138
6224,33,0.2603167113302926
14974,33,0.15101580352538968
18037,33,0.374641235944517
18877,33,0.2925740891088539
19944,33,0.3045186876027382
21016,33,0.3193408723713005
22075,33,0.3484912856487695
24991,33,0.1113497095553652
2411,33,0.7651143045652338
3089,33,0.5488455978870497
4166,33,0.5092110344451687
11371,33,0.29260331382914667
12403,33,0.31003141430258757
14979,33,0.2051609999790721
18882,33,0.30085017961395144
21021,33,0.32460902237462097
2416,33,0.7778338513893908
3269,33,0.5903787700996558
7092,33,0.3804378771115547
9264,33,0.4529698784742794
13200,33,0.23556285371495528
15988,33,0.27150612518845507
17011,33,0.4590886942269567
19953,33,0.32838701889880606
21026,33,0.33442920578365753
23133,33,0.2824097378649823
25002,33,0.19047420733555026
25826,33,1.4318057492673764
4176,33,0.5933012420937503
6239,33,0.5865036279819601
7097,33,0.6012439633355379
8179,33,0.4947139858350813
12413,33,0.47697438037514256
14989,33,0.2859692358967509
18052,33,0.4245925302562512
18892,33,0.40774122460001366
21031,33,0.4122041672377704
22090,33,0.3499863479901214
25006,33,0.3108716582471791
25831,33,1.0544803800079334
1962,33,0.7675580201869937
2426,33,0.8379314329566862
4181,33,0.6669346471255915
5184,33,0.7095924376248536
7318,33,0.5674623433734546
10344,33,0.5110646538977067
14993,33,0.37808405176341864
17020,33,0.4476156526540387
18897,33,0.4234428824043551
19963,33,0.3329014673737612
22095,33,0.5108420770398833
5189,33,0.7496242761976531
7107,33,0.68279530530258
9279,33,0.7298861853667749
14453,33,0.4000022495165168
14998,33,0.40002800496036583
23148,33,0.4755732180053581
24148,33,0.47157762338867776
1845,33,1.0244886428454878
4190,33,0.3389213082784718
12428,33,0.32890483353721944
14299,33,0.5889633552664648
18067,33,0.445003842345048
25846,33,0.3579020992357867
2441,33,0.7528139498097699
3119,33,0.5309404666507559
4010,33,0.5815886350847318
7117,33,0.22819422686586538
8199,33,0.25538396764697974
9289,33,0.33435087093181676
10359,33,0.36307080189566265
13388,33,0.5705977769651722
17036,33,0.5319943283157051
18072,33,0.5255721550934056
18912,33,0.31147329117147876
23158,33,0.29778978322524147
25026,33,0.2509412443657771
25851,33,0.30156232275455325
1741,33,1.6392715861598384
2446,33,0.7841459020299637
3298,33,0.7104108150947366
4200,33,0.6327766730280737
5203,33,0.480816404921307
7122,33,0.4353484581012654
10364,33,0.46874483289301505
13393,33,0.553374227717704
15013,33,0.49921571993876723
17040,33,0.5616773807571698
18917,33,0.4977552381716804
19983,33,0.1154897127389827
23163,33,0.23805157103703684
24163,33,0.2855695834789746
25031,33,0.2582923081205322
25856,33,1.013849408153343
27857,33,2.5566280382822137
3303,33,1.178109592859059
6269,33,1.2477401004998858
7126,33,0.5727062048550786
8209,33,2.2574040609312185
9298,33,0.649952319579576
27967,33,3.076305732724269
27981,33,0.7022170900060115
28051,33,0.35522635233741473
17045,33,2.0792264220722663
18290,33,2.372344808028338
21060,33,3.7426091124667273
22118,33,3.432561640479624
23166,33,3.9033198342384496
24166,33,3.6207460303121515
25035,33,3.616236095527564
25860,33,3.535793918755582
27918,34,0.013864658297953716
8211,34,0.015530488291031519
9083,34,0.012899437986471663
28125,34,0.02750070775080417
20418,34,0.03234276493368558
5210,34,0.016820606154082398
6057,34,0.020220798075378618
7130,34,0.011987425481914072
7997,34,0.012024844482651571
9087,34,0.01433369534708737
9948,34,0.017151870802280467
18291,34,0.03346785536053598
18922,34,0.03993672955835331
19776,34,0.0429740739314107
20849,34,0.047333252466821636
21908,34,0.04608745888463677
22958,34,0.042204161434144224
3482,34,0.017861693377657747
4019,34,0.007138163680859595
4798,34,0.01293467865012609
5849,34,0.0172813895208534
7136,34,0.011110185809666391
8002,34,0.011477778793245194
9092,34,0.01580412271735916
10161,34,0.0182258720180276
11204,34,0.014037720880547475
12238,34,0.012667842781958682
16840,34,0.019606921131451852
17874,34,0.02238316604142338
18716,34,0.03903675208426888
19565,34,0.04181661308916219
20854,34,0.0487989763211936
21913,34,0.047537820668521386
22961,34,0.04878417811865
23977,34,0.02703336626173194
2451,34,0.05479234196224332
4023,34,0.027625933842842815
5007,34,0.023477283787999317
5853,34,0.02359836184541466
6925,34,0.017590166421637212
9097,34,0.025381000742189765
10167,34,0.021545706740857887
11209,34,0.018074736497225997
12241,34,0.016483161126971835
13218,34,0.020034672155304162
14012,34,0.020148339320308205
15017,34,0.02087358431736843
16843,34,0.026564126797825164
17880,34,0.029165070185854448
18932,34,0.04061729190514568
19571,34,0.04453184619456623
20860,34,0.006522910524578324
21918,34,0.06767527656192043
22966,34,0.06804598705766748
24699,34,0.07998382392002426
1745,34,0.006373389230688452
2293,34,0.009173656927784397
3135,34,0.0040131179544655
7146,34,0.02114965676580898
8012,34,0.016347348562326038
10171,34,0.024106437670656018
12246,34,0.025507167438609153
15826,34,0.04457521290041306
16848,34,0.0971364601989428
1645,34,0.11518910503163236
3141,34,0.006573745439601389
7150,34,0.04918182245040802
10177,34,0.04544053601712922
13227,34,0.027897627664210906
14021,34,0.04761298786838494
9111,34,0.051437843906577706
12255,34,0.1218653174368572
1279,34,0.22475544908514034
11228,34,0.08600135157718095
12260,34,0.12619699433098808
13237,34,0.24445047794445807
16863,34,0.386497003184604
18951,34,0.16613032512244874
21937,34,0.0554543197576941
1191,34,0.22580026959319524
3155,34,0.09231190856261451
4048,34,0.0617617248708787
10193,34,0.1259364977892388
11233,34,0.1567195717649285
28017,34,0.1989146273286186
15845,34,0.42538709615168824
18744,34,0.14312494967319517
19810,34,0.25668464090871584
4833,34,0.0631649661730309
6096,34,0.12216112683405965
18749,34,0.2753781276719045
24011,34,0.11843851831381605
861,34,0.3204592627740229
13253,34,0.12358252275118631
23000,34,0.09429800310824
24016,34,0.15603753912208781
24899,34,0.07364089088013383
4062,34,0.1255908773587086
14052,34,0.19697144986994497
14856,34,0.297204148247442
21957,34,0.11035732500003127
24021,34,0.112645060045305
25073,34,0.06268615662988332
794,34,0.17872048847473437
1121,34,0.2551809383256834
6111,34,0.12417115668529334
23010,34,0.03596780652942978
24026,34,0.045883739721077
25078,34,0.09333831518864687
520,34,0.22782521701902933
797,34,0.20922976047300598
15870,34,0.4031884878702465
18769,34,0.4583258775630469
24031,34,0.06138732604743096
24914,34,0.03748020273409006
464,34,0.2918104893683836
803,34,0.20754454715580686
7194,34,0.15467285588750054
15875,34,0.36888387965443525
17934,34,0.6496464895673923
19840,34,0.4897682709786888
24036,34,0.026500595371395545
25760,34,0.1201725896396471
1317,34,0.19411039905951413
1694,34,0.17732221877918658
15880,34,0.27894256416066576
17939,34,0.6014271688784317
20918,34,0.4899193699795292
26733,34,0.24365914905732086
259,34,0.3978683234154402
1698,34,0.16490513344854926
6131,34,0.13951222378577838
6988,34,0.2194084217365509
17944,34,0.6020342684037998
25098,34,0.13011042802136802
26321,34,0.05542390718441958
27108,34,0.27862158470062065
266,34,0.1207326338934142
6994,34,0.16396120765729505
8075,34,0.20873675059282093
17949,34,0.10511133323674182
20069,34,0.4353565082676355
20928,34,0.3749005150400484
21987,34,0.4847918078759683
24050,34,0.4915869653199706
25103,34,0.3092051736283935
270,34,0.07841458437683876
823,34,0.18836799544406643
1709,34,0.20464234938231077
6998,34,0.1810906355302684
9389,34,0.15298475820709673
10449,34,0.165506542849226
17953,34,0.19166480888996648
27402,34,0.32560293841996135
113,34,0.048488833650919536
616,34,0.21232452547355737
827,34,0.2174084891038809
1245,34,0.22210849371636762
8302,34,0.11225442660538071
11287,34,0.19604022445671804
17958,34,0.250195622029147
21996,34,0.12121025506902952
63,34,0.04588693367189426
234,34,0.17498380146121045
10251,34,0.11084466797881252
18804,34,0.07387819786449254
19654,34,0.08993737575093882
22002,34,0.1593347041771238
23050,34,0.32583334688981747
25789,34,0.44974573376746424
44,34,0.3998291997524425
560,34,0.2798040365006793
4093,34,0.12401990432276103
11711,34,0.07751877093703582
25794,34,0.4750577065780744
27723,34,0.6055239192144055
16,34,0.10706235370367098
9190,34,0.22605821351047498
10260,34,0.2538885219359923
21165,34,0.13241848966513006
23059,34,0.06437266731669535
24059,34,0.26062908511620303
24759,34,0.34117799197820775
26685,34,0.6198615084416829
27137,34,0.4974420541361998
27468,34,0.5767169403122884
27795,34,0.785425000376526
7,34,0.5976903327271696
248,34,0.27562181154056953
508,34,0.364955570371089
847,34,0.8165065901293068
1733,34,0.24392142405794678
3377,34,0.16281622294621748
19884,34,0.1879562662016631
26356,34,0.592052561676937
26773,34,0.8354734607545437
27075,34,0.623967153253687
27628,34,0.5952946196996826
2,34,1.0682676080329132
108,34,1.131074359414332
852,34,1.1579083924997062
1270,34,0.6343430523813717
1738,34,0.23851318452524709
3208,34,0.16067372460242313
11312,34,0.17440955358291016
22231,34,0.27991557575632936
26360,34,0.46405030587214385
27381,34,0.6218867350100971
27633,34,0.8124058318110343
6,34,1.275442116986476
112,34,1.123742820610361
258,34,1.1039631306846374
518,34,1.0759675789293075
1275,34,1.1489765590012018
2541,34,0.11989249938681479
3213,34,0.1509472850255559
10275,34,0.22141977087045042
11316,34,0.05439606811163173
12349,34,0.13334813860893113
13326,34,0.16036635403632227
21180,34,0.27162832989409
23074,34,0.2876709475818897
24074,34,0.3288090191117042
24942,34,0.1990120482449257
27436,34,0.7976945306148894
27638,34,0.7744127194680592
2385,34,0.22338335844907514
10279,34,0.15943346029885924
11322,34,0.17970324559516118
18834,34,0.23124859608412812
23079,34,0.5245610864109169
24947,34,0.3333199292290098
25804,34,0.2251945773695935
26176,34,0.3697542887860935
27156,34,1.076567036562482
27607,34,1.4904451734817388
2390,34,0.07040296452836832
4122,34,0.15504445429260572
15737,34,0.27505810742964354
28131,34,0.27409106288407
24084,34,0.6070010242486634
25809,34,0.42218346352181974
26361,34,0.3994177695629869
27869,34,0.1419851076575753
2394,34,0.12666790835546005
4127,34,0.11946837834113318
14940,34,0.1092179786619572
18843,34,0.32099064118456816
24089,34,0.6108343764815788
24957,34,0.816492963143277
25814,34,0.8702409426410531
3230,34,0.36759650518754916
4132,34,0.29893696315296314
13346,34,0.204476648534064
24962,34,0.6624387016238995
28189,34,1.267309179626058
3235,34,0.3560868563866581
7058,34,0.3195197341259188
12374,34,0.4508972549512429
13351,34,0.5035726545488237
15954,34,0.14304005490409857
23099,34,0.1161215169037464
2721,34,0.28473764718902617
4141,34,0.2344721418944783
5145,34,0.2879099694603554
9234,34,0.35966257180228267
11346,34,0.4247393324785567
15958,34,0.12992020054853085
16981,34,0.15713999078514568
18017,34,0.11668898855634631
20996,34,0.10873941001191648
25487,34,0.1810914335970906
2557,34,0.29240763757030425
3244,34,0.16734033957700875
4941,34,0.25091283544638915
7283,34,0.3442194954335623
11351,34,0.4270251687984429
13360,34,0.4488532096088926
19928,34,0.09819310591822632
21002,34,0.020516497583787322
24976,34,0.07870649037828355
3250,34,0.21972563323932137
6214,34,0.25748682290398933
7072,34,0.31221597715980065
13365,34,0.2539936792185765
18867,34,0.1256367321169095
22065,34,0.02640900815036218
23113,34,0.04090961865828155
25659,34,0.10307947227264001
3254,34,0.17855797329314343
6219,34,0.2225295087760756
9249,34,0.2925566904153757
13370,34,0.32509342841794603
15973,34,0.22679758385765517
18872,34,0.1373918092978623
22071,34,0.052391359661931564
25819,34,0.20505629230144765
2406,34,0.23583726037462813
6224,34,0.162125410026126
14974,34,0.18456987883181086
18037,34,0.07106285445632339
18877,34,0.052300352206844
19944,34,0.008874032628446847
21016,34,0.08665067284231111
22075,34,0.0625559849800435
24991,34,0.2186221355651472
2411,34,0.30802619451206653
3089,34,0.19381482237183967
4166,34,0.2370751492210829
5169,34,0.22799974992025723
11371,34,0.23201094735858654
12403,34,0.39439094425467996
14979,34,0.0820149289817459
18882,34,0.025715415886630212
21021,34,0.10640637193805143
2416,34,0.3306521406333198
3269,34,0.20269193798412175
6234,34,0.18677172870540293
8392,34,0.2317228025449933
9264,34,0.24541711585284784
13200,34,0.241750977733737
15988,34,0.053572158823678745
17011,34,0.14983056991970284
18047,34,0.14338340164814992
19953,34,0.02028202070788274
21026,34,0.04401635156683711
22085,34,0.050238933218969314
25002,34,0.12216285193029604
25826,34,0.42729116672070516
4176,34,0.20086231241075717
5179,34,0.15578436813349014
6239,34,0.22454449353741365
7097,34,0.21518773938880129
8179,34,0.27828055208935715
12413,34,0.28215491252118496
14989,34,0.14722706018481982
18052,34,0.13132746484417707
18892,34,0.16187347008671754
21031,34,0.06778131094079137
25831,34,0.6934318172331984
1962,34,0.3504392399462733
2426,34,0.3286771053538846
4181,34,0.14161758571109914
6244,34,0.1459097519752335
7318,34,0.26516620077731884
8401,34,0.22123083244892996
10344,34,0.2713129993634677
14993,34,0.28465308024740066
17020,34,0.18622550321058945
18897,34,0.16602294509429524
19963,34,0.12102609258036558
5189,34,0.1623966366722435
7107,34,0.15492387726791385
9279,34,0.23710208149909903
10349,34,0.22500052228594453
12423,34,0.2840701062608623
13013,34,0.23202987564128638
14453,34,0.17009582475810145
14998,34,0.17769051839291894
23148,34,0.10722675400980308
24148,34,0.031025173756395557
1845,34,0.3020775760381932
10354,34,0.28483384542509677
12428,34,0.33387032071264106
13383,34,0.30070775827763724
14299,34,0.1412047501961141
18067,34,0.2533089609762209
2441,34,0.3862235078000054
3119,34,0.35052759272771966
4010,34,0.29508922231801593
7117,34,0.07453888769764161
9289,34,0.12488013358110725
13388,34,0.2734721681887838
16013,34,0.192396921706877
17036,34,0.21469767779906718
18072,34,0.23190181954866687
18912,34,0.2042287009047371
24158,34,0.17182892361062627
1741,34,0.5054010336183974
2446,34,0.31672532072162546
3298,34,0.3877996833226963
4200,34,0.3085894608712582
9294,34,0.08602982188118961
10364,34,0.09999830321381101
13393,34,0.22372394601705814
15013,34,0.13201421213670086
17040,34,0.15123959113356686
18917,34,0.15501364530205894
21056,34,0.16311288500592713
22115,34,0.10384276207409737
23163,34,0.10285611033235192
24163,34,0.18065541994082976
25031,34,0.29018330504372813
25856,34,2.189025674885284
27857,34,2.6385495551230216
3303,34,0.4904681043208473
6269,34,0.5699847978425624
7126,34,0.1508283325051251
8209,34,1.6912462090488796
9298,34,0.16753991315985933
27967,34,2.7765886002891382
27981,34,0.17202433821960744
28051,34,0.12672737784909657
17045,34,3.2653248927184255
18290,34,2.0651902944398204
18921,34,3.5589862578261964
21060,34,3.7372079156646656
22118,34,3.3172584765657693
23166,34,3.9279812415818856
24166,34,3.007405672210982
25035,34,1.161018217302662
25860,34,3.715739170581466
27918,35,0.018599366210955842
8211,35,0.020611575020709635
9083,35,0.0190961623479475
28125,35,0.02741790432926175
20418,35,0.03440803947509985
5210,35,0.02168034936015894
6057,35,0.023883369446895206
7130,35,0.01646655493120583
7997,35,0.015492451005309651
9087,35,0.016228707395663986
9948,35,0.025576665653233334
18291,35,0.03400617551933976
18922,35,0.0420930359553536
19776,35,0.043674222379944505
20849,35,0.048913062459903504
21908,35,0.051447571777478836
22958,35,0.049747518727529076
3482,35,0.019892747187827554
4019,35,0.010857121958474656
4798,35,0.018678557523451288
5849,35,0.0225384440468003
7136,35,0.015532389936064544
8002,35,0.014993059327097644
9092,35,0.01679567641283294
10161,35,0.02809393328954019
11204,35,0.019768333338716314
12238,35,0.016648979078025802
16840,35,0.021751957968447925
17874,35,0.02391385751626961
18716,35,0.039749245686246715
19565,35,0.041740678087369094
20854,35,0.050984981292549234
21913,35,0.04865306276191544
23977,35,0.03374966510764309
2451,35,0.045576143746313975
4023,35,0.02548799148387997
5007,35,0.026042464811313344
5853,35,0.026564922123860225
6925,35,0.024647679873140118
9097,35,0.03176256738344066
10167,35,0.029584269696347674
11209,35,0.023322877528612753
12241,35,0.019339788450125833
13218,35,0.0200822654309294
14012,35,0.01845319249498509
15017,35,0.020454468432586394
16843,35,0.026632175595672866
17880,35,0.029122190237084972
18932,35,0.03932426473167628
19571,35,0.042480439781277364
20860,35,0.13195518763495906
21918,35,0.07083851881213385
22966,35,0.07077468386050041
24699,35,0.08787700320185467
1745,35,0.025396309265472396
2293,35,0.02165386737857724
3135,35,0.06912817984357446
7146,35,0.11098198120772032
8012,35,0.11006551890051966
12246,35,0.029376893069108657
15826,35,0.034265116814766655
16848,35,0.05436312722225467
1645,35,0.053232834196493856
3141,35,0.06335702110466539
7150,35,0.11128233088686725
9325,35,0.12817574884986577
13227,35,0.036709341461420415
9111,35,0.2441863986644453
12255,35,0.23730765456210368
1279,35,0.12431355422057662
11228,35,0.379337514238555
12260,35,0.31018235164990365
13237,35,0.29831186833711487
16863,35,0.13209593808282724
21937,35,0.10893618159863423
1191,35,0.16741710686769223
3155,35,0.11096742724844949
4048,35,0.1369980101609128
10193,35,0.2752869878674868
11233,35,0.38771013958897316
28017,35,0.3679280168413974
13243,35,0.33047060673502315
15845,35,0.1438714766390544
17904,35,0.12676040365349206
18744,35,0.21497858650923882
19810,35,0.22801929459209253
20883,35,0.19771474809540399
4833,35,0.19646209216003732
6096,35,0.15500275868685534
16667,35,0.11935104758662622
18749,35,0.1855042307638727
24011,35,0.19912721128830035
861,35,0.2593239475058462
13253,35,0.403835277275069
14047,35,0.37950589870512
18754,35,0.15503310888941654
23000,35,0.18253412585606277
24016,35,0.1985354569533508
4062,35,0.20358984317220294
14856,35,0.412616538344544
21957,35,0.16397942111902972
24021,35,0.17697989774943765
25073,35,0.1962950427119038
582,35,0.25125065667248
794,35,0.28226753204925054
1121,35,0.23152197872351207
6111,35,0.2968656564513699
23010,35,0.17668361283575323
25078,35,0.21869584259021527
520,35,0.25260596625026965
15870,35,0.590245329136326
18769,35,0.07292276443594417
24914,35,0.19431157104698354
464,35,0.3511863772040754
803,35,0.30337387493127227
7194,35,0.33157949816379567
15875,35,0.619109078586369
17934,35,0.619848388268376
24036,35,0.2394694512303367
25760,35,0.23928604940040998
1317,35,0.32261716349250813
8065,35,0.35201366446452276
15880,35,0.6737322752353831
17939,35,0.781774118227417
20918,35,0.16284732259792542
26733,35,0.32886155271583223
259,35,0.4531937036052535
1698,35,0.32982373871650944
2352,35,0.27829055388985624
6131,35,0.3519161385294051
17944,35,0.8710746788249599
25098,35,0.4266053237236091
26321,35,0.29764951661767003
27108,35,0.3361022389088834
266,35,0.3037148619155926
6994,35,0.3066998824791384
8075,35,0.31416487562573686
16913,35,0.3918637363685964
17949,35,0.5276550415578695
20069,35,0.6026827734170616
20928,35,0.3832128586082877
21987,35,0.49029018568519783
24050,35,0.5340845449441572
25103,35,0.5114542949474746
270,35,0.30659480081836227
823,35,0.4792781039986771
1709,35,0.4438600560551523
8080,35,0.18284418063840926
9389,35,0.23336463883252062
10449,35,0.3656169034602859
17953,35,0.4268331416742741
113,35,0.23671442660464045
616,35,0.48902566948928666
827,35,0.4642032562809978
1245,35,0.49240444327615535
8302,35,0.07442185501066112
10246,35,0.25698161412560044
11287,35,0.35729256395414816
17958,35,0.13740405398722608
26753,35,0.43030908463748846
63,35,0.22649913397728574
19654,35,0.0585371184493015
22002,35,0.10379259323539979
23050,35,0.14845180739022384
25789,35,0.4992995335850476
44,35,0.11461825330512546
560,35,0.6126087235746713
4093,35,0.13202864188935595
11711,35,0.07851786331030067
19874,35,0.24898920381381842
22007,35,0.2899023978052406
23055,35,0.07799796423373379
25794,35,0.5780920937115316
27723,35,0.7514049135191981
16,35,0.0884627243820487
9190,35,0.1226386934161948
10260,35,0.19856897229705758
12334,35,0.10688906542481046
21165,35,0.4450037536560364
23059,35,0.24503359372929223
24059,35,0.05835809632753627
24759,35,0.22307090010092692
26685,35,0.6654869376743922
27137,35,0.579806583988282
27468,35,0.6285688337560311
27623,35,0.669718520741384
27795,35,1.0451795116194924
7,35,0.7101135573710996
248,35,0.7578070830403254
508,35,0.780755934774312
847,35,0.8057620361500257
1733,35,0.538093921877158
3377,35,0.1339234596230223
12339,35,0.1512911350963354
26356,35,0.40358784282745186
26773,35,0.7030743445243065
27628,35,0.8088918776986489
2,35,1.068135037729384
108,35,1.0000161366628562
852,35,0.9158159633390116
1738,35,0.5238307004257448
3208,35,0.19811566557277455
11312,35,0.3444421625893425
22231,35,0.7304494158399104
24069,35,0.39566927356698967
26360,35,0.3363968534054507
27381,35,0.7590520921216043
27633,35,0.971549657866681
6,35,1.138950895564638
112,35,0.9492773918226685
258,35,0.8602240397720444
1275,35,0.8481892789141915
2541,35,0.34498864234683635
3213,35,0.2650986110217505
10275,35,0.4096897380984106
11316,35,0.2391045615855898
12349,35,0.20801782506112015
13326,35,0.49450217200124913
21180,35,0.6700064230622038
23074,35,0.7348293781458018
24074,35,0.5809042864185042
27436,35,0.9875924663543351
27638,35,0.9987389902315942
2385,35,0.37170119101236726
10279,35,0.5707864555419955
11322,35,0.3830714757814663
12354,35,0.6584104646095246
18834,35,0.7295852218667231
23079,35,0.9290027296787614
24947,35,0.8143746363302568
26176,35,0.2264897579202311
27156,35,1.2206557474171749
27607,35,1.3349167412287073
2390,35,0.7640959167420484
13336,35,0.7441443858818279
15737,35,0.6832280334268876
28131,35,0.7230547616104709
24952,35,0.9173308883004501
25809,35,0.763679081919555
26361,35,0.5560410058250203
27869,35,0.9075030121139086
2394,35,0.8535982634386823
4127,35,0.7517997274243451
14940,35,0.20708479917888847
18843,35,0.055602557876156214
24089,35,1.0027550496281317
24957,35,1.100576751229921
25814,35,1.1028625608860616
3230,35,0.10871505879023914
4132,35,0.1344558382239585
13346,35,0.055705116714286566
24962,35,0.9623526039444523
28189,35,1.2126763336181081
3235,35,0.07829476508979254
5140,35,0.20364253262855112
7058,35,0.2787331730352097
12374,35,0.28901290332582547
13351,35,0.18544678946137585
15954,35,0.31157248947801086
18013,35,0.20447336098652716
23099,35,0.17352246276564673
2721,35,0.16378638275090163
5145,35,0.19546482559146328
9234,35,0.2958843438283136
11346,35,0.43158884828462074
16981,35,0.23059016858450498
18017,35,0.22816112772244104
20996,35,0.2255239171706097
22055,35,0.2724437144029317
24103,35,0.2364280031932791
25487,35,0.3506127386895221
2557,35,0.35433557879455246
3244,35,0.14458965477540478
4146,35,0.22418102551259347
4941,35,0.23970930377182048
7283,35,0.3052561284422638
11351,35,0.49185306046698807
21002,35,0.3037972037492707
24976,35,0.31100490265314756
2396,35,0.3592132960545139
3250,35,0.169668697965052
6214,35,0.31450148624757807
7072,35,0.3434651798807677
9244,35,0.4009356234241482
12388,35,0.5722666718478925
13365,35,0.16313120383670768
14964,35,0.14241791415615004
18867,35,0.3498354362251175
22065,35,0.3319868844543388
23113,35,0.33501110710046944
25659,35,0.45694826069746547
3254,35,0.28229490620138065
6219,35,0.35378743004939345
9249,35,0.43472435236321544
10319,35,0.4467913610446791
13370,35,0.5328378898406395
14969,35,0.05704504852690545
15973,35,0.17144007257311852
16996,35,0.2514236286318554
18872,35,0.33595924307824415
19938,35,0.29842622014402087
25819,35,1.2931372175153208
2406,35,0.42785629270916914
6224,35,0.3972272127174622
14974,35,0.21434493776158753
18037,35,0.3496132083884544
18877,35,0.29252824371299657
19944,35,0.26655291030872347
21016,35,0.3043899177023301
22075,35,0.39537308062492815
24991,35,0.3821497135730922
2411,35,0.4194464854404245
3089,35,0.40085166132278816
4166,35,0.3987024637475899
5169,35,0.42204807096951635
11371,35,0.5553029602820946
12403,35,0.5829636228833395
14979,35,0.28935492644577626
18882,35,0.2753859121786176
21021,35,0.31869659679151957
24128,35,0.34517985840255266
2416,35,0.4591064210716257
3269,35,0.4593883005460154
4171,35,0.4476271759420585
6234,35,0.4687173774444541
9264,35,0.5780893860721315
13200,35,0.4754453944400954
15988,35,0.2649667163885015
17011,35,0.3203664750844993
18047,35,0.3188938492337679
19953,35,0.3016622798291849
22085,35,0.31493552879470854
24133,35,0.41058743816621185
25002,35,0.32639607466064496
25826,35,0.6534014069208522
4176,35,0.47776864327599466
5179,35,0.47759438055748976
6239,35,0.5196328784401079
7097,35,0.4975235543077628
8179,35,0.5549247340143766
14989,35,0.23697777842909146
15791,35,0.28585882273773766
18052,35,0.32543118035439
19958,35,0.31351649481773064
25831,35,1.0412688284075158
1962,35,0.6684603136883398
2426,35,0.6380724041946824
4181,35,0.6257718136063893
6244,35,0.536566319089294
7318,35,0.576177482560403
8401,35,0.5962273768802451
14993,35,0.22877041018291225
17020,35,0.40233967993985
18897,35,0.38666781594511973
19963,35,0.38158208781034336
24143,35,0.35661597426338393
25011,35,0.28372109490303193
4186,35,0.6950331868698839
5189,35,0.6825178158990918
6248,35,0.6497062208967043
7107,35,0.6512087928419369
9279,35,0.7033891673010488
10349,35,0.7298426379244295
13013,35,0.7996288062604266
14453,35,0.24790819377569395
14998,35,0.300192681972329
21041,35,0.389156951435103
23148,35,0.3338907614525077
24148,35,0.3940596069405641
1845,35,0.6541692748075831
2436,35,0.6410680123653394
10354,35,0.5697549010502183
12428,35,0.6055519188761016
13383,35,0.5478658077048639
18067,35,0.5018516989241997
19973,35,0.4019408177301177
2441,35,0.7718540048868195
3119,35,0.8125054648472749
4010,35,0.7509534917689902
7117,35,0.6714868955517941
9289,35,0.6518828270631336
13388,35,0.6485472299864531
15008,35,0.3539516441126705
16013,35,0.39580236241454797
18072,35,0.48557447632731837
18912,35,0.4373938343832024
24158,35,0.4624616230851418
1741,35,2.372522969805469
2446,35,0.8943722310932701
3298,35,0.8127280113438259
4200,35,0.8183993320338696
8203,35,0.7467604978876056
10364,35,0.6985336587489237
11406,35,0.6954349594075045
13393,35,0.6172346674838594
15013,35,0.44474881057021587
15815,35,0.4243539371523378
17040,35,0.49400673853865346
18917,35,0.42861254402151683
21056,35,0.5155255486009876
22115,35,0.44946221020325255
23163,35,0.4115569691099986
24163,35,0.4707602789504135
25031,35,0.699118001286818
25856,35,0.5120044325912119
27857,35,3.1754871900779738
3303,35,1.478088619345732
4205,35,0.8847009789212897
6269,35,1.3035538583497073
7126,35,0.939761119389919
8209,35,1.2498175906056574
9298,35,0.958125804222413
11410,35,0.7531133783407988
27967,35,2.026070940568523
27981,35,0.6439700062448617
28051,35,0.5502207138210787
16225,35,3.4598307505030266
17045,35,3.0640267518471895
18290,35,1.4191672598408835
18921,35,2.586232687697238
19987,35,3.7502541901574893
21060,35,3.3625078444876726
22118,35,2.8552119793575597
23166,35,3.760044494104025
24166,35,3.4867118440828175
25035,35,3.928094548052976
25860,35,3.8875226369508016
27918,36,0.016165712297694708
8211,36,0.019266487107888787
9083,36,0.015299169072968424
28125,36,0.027637648293938805
20418,36,0.035746851363417396
5210,36,0.016451608778362773
6057,36,0.017038238258950438
7130,36,0.010176157272338041
7997,36,0.010599228120874056
9087,36,0.013538164053232313
9948,36,0.018152808997145838
18291,36,0.03329070512589309
18922,36,0.04038223451390859
19776,36,0.0428163128455428
20849,36,0.04868161563335263
21908,36,0.050750825708070615
22958,36,0.04764324113768423
3482,36,0.010621337208933601
4019,36,0.030181130492792422
4798,36,0.01713863397253178
5849,36,0.015483731493833313
7136,36,0.009599515789262207
8002,36,0.01020423669130072
9092,36,0.015029742810872245
10161,36,0.019604002455358427
11204,36,0.018378323255854735
12238,36,0.017173548091768406
16840,36,0.021052017338591935
17874,36,0.024494900851054657
18716,36,0.03896457168477325
19565,36,0.041118860255987044
20854,36,0.04922674097527933
21913,36,0.048372803158255435
23977,36,0.030876671811400653
2451,36,0.01862379636636682
3131,36,0.008007814432222895
4023,36,0.007826194607675162
5007,36,0.011401366577101738
5853,36,0.012034711242451169
6925,36,0.01377315145474252
9097,36,0.02125212850763541
10167,36,0.018593256249760007
11209,36,0.016870188124069086
12241,36,0.019410054592527235
13218,36,0.01992936063711292
14012,36,0.020681456049258178
15017,36,0.021611133374163993
16843,36,0.024678126263993114
17880,36,0.026786769866372413
18932,36,0.038494999286621596
19571,36,0.04132295930483707
20860,36,0.06937668870590333
21918,36,0.07879038415802105
22966,36,0.082414068819483
1745,36,0.06612217308855835
2293,36,0.10789749200309941
3135,36,0.04582942091365407
4028,36,0.011381153689716572
27900,36,0.014694714808354116
7146,36,0.016015087715858398
8012,36,0.05789255628454722
12246,36,0.013840774680600881
15826,36,0.02645475045314346
16848,36,0.02472899949742782
1645,36,0.09514240423515236
2298,36,0.10471384579313088
3141,36,0.03543857129178979
7150,36,0.05940948873172236
13227,36,0.025663742001791223
9111,36,0.1252206974846646
12255,36,0.19685431982977128
1279,36,0.2312642679850009
11228,36,0.19449669228572214
12260,36,0.24645996541008056
13237,36,0.23331932301107317
16863,36,0.11957417641805757
21937,36,0.18744002776012147
1191,36,0.25150677627631013
3155,36,0.07665571234871443
4048,36,0.02138893675760311
10193,36,0.1428116206674023
11233,36,0.23358128854725763
28017,36,0.2005455159932975
17904,36,0.09978139232734848
19810,36,0.15482944906530044
20883,36,0.1975415880178925
4833,36,0.04821439925826935
18749,36,0.12085280393357506
22995,36,0.18956298633158775
24011,36,0.20629316684794186
861,36,0.2671482175772167
14047,36,0.2689885078865504
23000,36,0.22694358341779514
24016,36,0.19989573362503998
4062,36,0.06029877042240184
5047,36,0.10548678141053985
14856,36,0.3368808106913981
21957,36,0.15457261831896624
24021,36,0.2689974603517894
25073,36,0.23958739214271915
582,36,0.0800708955710304
794,36,0.05463897708812558
1121,36,0.14448970467699404
6111,36,0.07946605802247077
14861,36,0.26579352452507143
15865,36,0.32297309215219083
25078,36,0.28989028472981054
520,36,0.1060047578504547
15870,36,0.3932598098500442
24914,36,0.3011450397886096
464,36,0.20898496796028818
803,36,0.06203944363753587
7194,36,0.07323531293844726
15875,36,0.32859446817343624
17934,36,0.3682283372785852
24036,36,0.1790568903689937
25760,36,0.3145734739768733
305,36,0.1405928560269677
808,36,0.07074114833330736
1317,36,0.08317606787694495
8065,36,0.03081982295317746
15880,36,0.289594355194982
17939,36,0.4508681013056825
20918,36,0.08780945377260109
26733,36,0.5711154137602942
259,36,0.27129612864833946
1698,36,0.10955255915595938
6131,36,0.05244496690435148
17944,36,0.4544035271878683
18784,36,0.446189476935253
25098,36,0.3050824174958105
26321,36,0.441956132630795
266,36,0.166758826317993
6994,36,0.1358886987507164
8075,36,0.0594506031352938
16913,36,0.1100462966907705
17949,36,0.16240060693770325
20069,36,0.35209929367056736
20928,36,0.2738100683863513
21987,36,0.28471071237843865
24050,36,0.30575225272755996
25103,36,0.3056216892498856
26326,36,0.47158552959609634
270,36,0.21992072228311052
823,36,0.11946170960161707
1709,36,0.08856492696076669
8080,36,0.15181465946871797
9389,36,0.08637365139428238
10449,36,0.14974459817266628
17953,36,0.31706580225214465
18794,36,0.3091155660103348
23661,36,0.362534268590039
113,36,0.13937271888265607
616,36,0.12929225675007444
827,36,0.1063025676395921
1245,36,0.0673833054183993
8302,36,0.06591514059450936
10246,36,0.08005000169877939
11287,36,0.14831706416173487
17958,36,0.21664340055421527
20937,36,0.1684053656937499
26753,36,0.5339356547433675
63,36,0.44377039094337406
11706,36,0.12164066855028774
19654,36,0.07686504026488353
22002,36,0.29419379241606425
25789,36,0.49878467377618957
44,36,0.3543903815482527
560,36,0.14398401421405324
838,36,0.10104552334604237
4093,36,0.10180177089048524
11711,36,0.3263086144467392
19874,36,0.027394774530121124
21160,36,0.12393426803486665
23055,36,0.17073022974010757
25794,36,0.4941693094974936
27723,36,0.816520927182723
16,36,0.6831304259835368
131,36,0.2755887514475847
9190,36,0.047887169860513404
10260,36,0.05855032950896076
12334,36,0.12659795984186847
21165,36,0.10004151497446898
23059,36,0.03260711237987288
24759,36,0.2424823750438831
26685,36,0.6932616011214594
27137,36,0.6587051684645278
27727,36,0.8007304892710699
27795,36,1.0138207971594533
7,36,0.8860014546706918
248,36,0.27448189806401924
508,36,0.33650020583579615
847,36,0.41695900168385175
1733,36,0.08359506284865792
3377,36,0.030876055991541165
12339,36,0.17404446442217278
26356,36,0.6363703060909337
26773,36,0.7241853406883599
2,36,1.0467552468450279
1738,36,0.2661223226279559
3208,36,0.028398687724668237
11312,36,0.09299184849911091
17983,36,0.6345755592323719
22231,36,0.46461942844480514
24069,36,0.1855339701152525
26360,36,0.6649814597242877
27381,36,0.8339092381186438
27633,36,0.9756440448414796
6,36,0.7987422962293965
112,36,0.8583852696181818
258,36,0.7011091975892173
1275,36,0.5378775641615289
2541,36,0.19278030229274898
3213,36,0.04161577025840145
10275,36,0.07451140838427131
11316,36,0.2385464696644216
12349,36,0.28173566952565227
13326,36,0.2687106897553045
17988,36,0.6785502142135015
21180,36,0.5382265523329529
23074,36,0.5080534245452349
24074,36,0.49426169580527096
27436,36,0.9318798901996327
27638,36,1.021029857596209
2385,36,0.09798220196595489
8120,36,0.11552846947057925
10279,36,0.10704950539591133
11322,36,0.38751582117899874
12354,36,0.23284673607673823
18834,36,0.6405183558272683
23079,36,0.6931312311412653
24947,36,0.569967767136309
26176,36,0.1611910011365365
27156,36,0.9993379811700045
27607,36,1.3312080555526171
2390,36,0.23773318915983307
13336,36,0.4970077664579113
15737,36,0.3223939751441199
28131,36,0.49534298512063885
24952,36,0.6974559908557151
25809,36,0.5937013184248118
26361,36,0.32964658008221187
27869,36,0.28476846161672675
2394,36,0.13065473797070504
4127,36,0.04441033054526212
14940,36,0.3614127734488541
18843,36,0.13786217355103106
24089,36,0.6513253569713837
24957,36,0.7462624911411322
3230,36,0.2255170762157274
4132,36,0.05710926614411625
5134,36,0.15588762575180531
13346,36,0.11534536696664302
24962,36,0.8420106484562404
28189,36,0.8214686236944388
3235,36,0.135791353550389
7058,36,0.2862068965576217
12374,36,0.42806373584570273
13351,36,0.3005420910863129
14950,36,0.2569093057578701
15954,36,0.4361428966590488
16977,36,0.4350578781286337
18013,36,0.45593519650047476
23099,36,0.3392995980108958
24099,36,0.4024095106413583
2721,36,0.2058403216594552
5145,36,0.14972019253240057
5992,36,0.22223969210329717
9234,36,0.27316447110290226
11346,36,0.5180362036643287
13355,36,0.2702285601019052
14437,36,0.2517987379689311
16981,36,0.4572850524765062
18017,36,0.5097582523205535
20996,36,0.44411139817389766
22055,36,0.461904178089881
25487,36,0.5870250420466682
2557,36,0.3358092473695145
4146,36,0.17019273067013846
4941,36,0.21368847069818556
7283,36,0.28202244968177054
11351,36,0.5961296651427183
21002,36,0.5983728902359434
24976,36,0.5433943608781848
2396,36,0.3540859060871115
3250,36,0.2719149849730263
6214,36,0.2619572780195478
7072,36,0.3235639894533197
12388,36,0.8120852495720667
13365,36,0.36002583685909234
18867,36,0.5569973321177387
22065,36,0.6466947680768803
23113,36,0.6149411657319428
25659,36,0.7280962778591347
3254,36,0.3094407312452072
6219,36,0.35173996805292823
9249,36,0.43529378854203155
10319,36,0.43036978149566685
11361,36,0.4245754179608886
13370,36,0.7206100748927098
14969,36,0.222762211828048
15973,36,0.2827952580121147
16996,36,0.4502125616241413
18872,36,0.709168408308585
19938,36,0.7298649198408214
24118,36,0.6417477430110592
25819,36,1.3746587813605124
2406,36,0.4148155436822375
4161,36,0.4119861439193181
6224,36,0.33749040492347954
14974,36,0.3422306112607114
18037,36,0.703889123406689
18877,36,0.6397789753931588
19944,36,0.6718048497258815
21016,36,0.6677438906296302
22075,36,0.688602537985631
24991,36,0.6778349737118308
25669,36,0.6723480711536646
2411,36,0.38087856806037296
3089,36,0.4272024502842357
4166,36,0.3725038667278309
11371,36,0.5920008459630793
12403,36,0.5832979515034384
14979,36,0.5157054292543596
18882,36,0.6478492440392961
21021,36,0.6847960252876756
23337,36,0.7744428704376705
2416,36,0.441893043907367
3269,36,0.3723190008105459
6234,36,0.3645239125707152
9264,36,0.4612393818132132
13200,36,0.6043282224802577
14984,36,0.49431192054508
15988,36,0.6310927997331572
17011,36,0.6452761364216144
18047,36,0.7132155644635729
19953,36,0.7200381580149976
22085,36,0.747407442379186
24133,36,0.7797960145241392
25002,36,0.6376307886507437
25826,36,0.6468453543276678
4176,36,0.4552917129487928
5179,36,0.40814242004337953
6239,36,0.4057429764014277
7097,36,0.47819855835852915
14989,36,0.5157451291171218
18052,36,0.6869283278867618
25831,36,0.7118876203148686
1962,36,0.9571302123854037
2426,36,0.573476068177745
6244,36,0.521045736210483
7318,36,0.5076021942529745
8401,36,0.5703808649572021
17020,36,0.6422873647587166
19963,36,0.7377499748333064
23143,36,0.8476110809843412
5189,36,0.5625382791204696
6248,36,0.5383502027195741
10349,36,0.617286083651085
13013,36,0.5479463245222597
14453,36,0.5659245548403108
14998,36,0.6567230043133234
23148,36,0.9135339430132097
24148,36,0.828782203093025
1845,36,0.7844732463217589
4190,36,0.5501653671100242
4985,36,0.5447310703465426
10354,36,0.663552223529889
13383,36,0.533565385059211
18067,36,0.8070886462833579
19973,36,0.7583025790343001
21046,36,0.7791702087511027
25021,36,0.6750227186324183
25846,36,0.6579516886168699
2441,36,0.7062140474246129
3119,36,0.6863424736810785
4010,36,0.7186506100991218
9289,36,0.6218369776352888
10359,36,0.6299859818985368
13388,36,0.671961045738966
15008,36,0.7363566987039138
16013,36,0.6917715585131137
18072,36,0.786299124275085
18912,36,0.766409246686146
23158,36,0.7502591164096876
24158,36,0.7863694639578871
1741,36,2.84172261122794
2446,36,0.7565971246089112
3298,36,0.7277549468213703
4200,36,0.7561561987772748
8203,36,0.7213516789724257
10364,36,0.7481486407629995
11406,36,0.7161656811246512
15013,36,0.7344711630914237
15815,36,0.7126154774049849
17040,36,0.7299634451714927
18917,36,0.7462344086722141
19983,36,0.7620709315698204
22115,36,0.8458711977446394
23163,36,0.8354383775303729
24163,36,0.8269795413101789
25031,36,0.8703927746573811
25856,36,0.7616276862105672
27857,36,3.1455386371196172
2288,36,2.6672867522629824
3303,36,1.43879029471332
4205,36,0.900701561353473
6269,36,1.3430253241876995
7126,36,0.7569886097124844
8209,36,1.2382446135001026
9298,36,0.9497202697590299
11410,36,0.7767149764252338
27967,36,1.1624334454457166
27981,36,0.8432473458476015
28051,36,1.3977263338857202
17045,36,2.7741640964344465
18290,36,1.8080646732938734
21060,36,3.4773195412273297
22118,36,2.5631104941856946
23166,36,3.5084911446289317
25035,36,3.4119620576356664
25860,36,2.7274591791778264
27918,37,0.03126220542957296
8211,37,0.03727721943280192
9083,37,0.027585342052086948
28125,37,0.038849114144005895
20418,37,0.04964308704198863
5210,37,0.034444784920667916
6057,37,0.03971175182303591
7130,37,0.028018532616924427
7997,37,0.027879930935476967
9087,37,0.027247460998725295
9948,37,0.028120630891541053
18291,37,0.05151414567728791
18922,37,0.06096354874903704
19776,37,0.06483049239903628
20849,37,0.07055355432221343
21908,37,0.0696409583019904
22958,37,0.06349133301682544
3482,37,0.01897117833620753
4019,37,0.027858732180634737
4798,37,0.02933218778791151
5849,37,0.03635210130929826
7136,37,0.026759199902617825
8002,37,0.027217086222837458
9092,37,0.02970244608927018
10161,37,0.028674534784512536
11204,37,0.02923798730501965
12238,37,0.028348377887036997
16840,37,0.032858244971038675
17874,37,0.03697378712860464
18716,37,0.05915816821922046
19565,37,0.06229870383752462
20854,37,0.07325862649911248
21913,37,0.07220709005675643
23977,37,0.028837961464064265
2451,37,0.020868806983998553
4023,37,0.0234002138281228
5007,37,0.030241073109094945
5853,37,0.03297896136297126
6925,37,0.03478687511886541
9097,37,0.03788018326836418
10167,37,0.03335450050714023
11209,37,0.02973401118425328
12241,37,0.03230247800244045
13218,37,0.03425217048738273
14012,37,0.03489011670502059
15017,37,0.03843222652034193
16843,37,0.04229561139008339
17880,37,0.04454880214696699
18932,37,0.057150213121421455
19571,37,0.059148475463441104
20860,37,0.09274174201622751
21918,37,0.10320007903235859
22966,37,0.10182518612728339
1745,37,0.00978009048072639
2293,37,0.02238008702460896
3135,37,0.02401758739493374
4028,37,0.02817125684518289
27900,37,0.03659278156366446
7146,37,0.033028164593739306
8012,37,0.03902925831378388
12246,37,0.03314087897013605
15826,37,0.04090571971594055
16848,37,0.04532629633670963
1645,37,0.08843371278428877
2298,37,0.023730064204428507
3141,37,0.06493685839859133
7150,37,0.05683598068141971
8016,37,0.11347531382583899
13227,37,0.03377600434007501
9111,37,0.05377380189213517
12255,37,0.032009313347058824
1279,37,0.1565338087411009
4042,37,0.04237636079101783
11228,37,0.054295375391685136
12260,37,0.030183399095367533
13237,37,0.09006840961946627
21937,37,0.13494853060877296
1191,37,0.16890684158635919
3155,37,0.06420226583253588
4048,37,0.026323094000479993
10193,37,0.04069536872918485
11233,37,0.05358692694524117
28017,37,0.08727624760415402
17904,37,0.2019903723273918
19810,37,0.2181222948324844
20883,37,0.12645162096133367
4833,37,0.021543028599252254
18749,37,0.13504354110119082
20888,37,0.12860165580644375
861,37,0.18424086169050957
4246,37,0.04127272913302184
14047,37,0.09267638439120517
23000,37,0.1455298469538421
24016,37,0.18285262175890943
4062,37,0.05915418863620649
14052,37,0.1554101447991219
14856,37,0.09775236286473572
21957,37,0.13915184509030454
24021,37,0.1537507291231683
25073,37,0.2273641091335025
582,37,0.09952874340745482
794,37,0.06170107550438339
1121,37,0.05907940691041759
6111,37,0.0965733782392097
15865,37,0.2516954208320971
25078,37,0.15311652938770823
520,37,0.09706781576607341
15870,37,0.2776859004016474
24031,37,0.15943861931083075
24914,37,0.19977690902172884
464,37,0.10218060795029617
803,37,0.12710480351181416
7194,37,0.040953023969896724
15875,37,0.31401624954693075
17934,37,0.24979914692631497
24036,37,0.16142525060929594
24919,37,0.17718003817419448
25760,37,0.25058658590523003
305,37,0.18767921594943968
808,37,0.1407557739844873
1317,37,0.09166388739806704
17939,37,0.4683395320890455
20918,37,0.026598741016792445
26733,37,0.4004561436354194
259,37,0.17414909300279321
1698,37,0.056361161218783665
6131,37,0.12054457741136246
17944,37,0.5446376976042643
18784,37,0.4370489672388688
25098,37,0.2257396352315426
26321,37,0.29118200630470414
26739,37,0.4560059039336431
266,37,0.33240083796447184
479,37,0.4992429283214742
6994,37,0.0274244254191695
8075,37,0.045595154501176155
16913,37,0.27257285245360036
17949,37,0.25839016858279545
20069,37,0.44051737036326755
21987,37,0.15605303446411062
24050,37,0.27152104541024064
25103,37,0.30518036242874264
270,37,0.37198661174299974
823,37,0.2430474835585818
1709,37,0.03306978583497856
8080,37,0.06984423224455545
9389,37,0.03816315204769358
17953,37,0.2000961386580611
18794,37,0.23131341200157587
113,37,0.4199636966670295
616,37,0.2589508795044554
827,37,0.290171517203879
8302,37,0.13847576759128866
10246,37,0.05152209316409831
17958,37,0.23832605542195412
21996,37,0.1545510918765954
26753,37,0.40503197276729447
63,37,0.624707872690699
22002,37,0.20196571865164203
25789,37,0.46826092406625863
44,37,0.5770071495978442
560,37,0.23297961598093975
838,37,0.2242715928593578
4093,37,0.059676881364073765
11711,37,0.45498452042591037
19874,37,0.09731846587173272
23055,37,0.31696134132128884
25794,37,0.44374949314372825
27723,37,0.805216004080736
16,37,0.8378058741062215
131,37,0.17361331713992093
9190,37,0.28413103770289566
10260,37,0.12821949936373955
12334,37,0.30443419875901345
21165,37,0.27669901829184546
24759,37,0.164811476935601
27137,37,0.5733468042121241
27795,37,0.9944398546293344
7,37,0.9537785806838615
103,37,0.2028823300397851
248,37,0.1287747380146644
847,37,0.3581552562145271
1733,37,0.13968640216197642
3377,37,0.10695063876016195
12339,37,0.39411677340170764
26356,37,0.4596929169749167
26773,37,0.6334471300354493
27075,37,0.6297360811663727
2,37,1.0257677598372945
1270,37,0.38522590284779623
1738,37,0.12172792093957419
3208,37,0.14328063130950486
11312,37,0.11747349639866572
17983,37,0.5367882193021172
22231,37,0.6562477542663097
24069,37,0.4043501442875444
27381,37,0.6533260202838014
27633,37,0.794228553855585
6,37,0.4598507751875503
112,37,0.5848461925150564
1275,37,0.35705460462865884
2541,37,0.16084806631397752
3213,37,0.13610620231037493
10275,37,0.07258170834102103
11316,37,0.23149326225147068
17988,37,0.5787167308658971
21180,37,0.62938428951646
23074,37,0.5995957547975166
24074,37,0.567753217087818
27436,37,0.775897618526351
27638,37,0.924451110605893
2385,37,0.12899622681338738
8120,37,0.022266029187025096
11322,37,0.7082293929877893
23079,37,0.8979474208789634
24947,37,0.7528771286548702
27156,37,0.8378325590759609
27440,37,0.960114282517804
27607,37,1.2896762280153564
1841,37,0.3084421477621951
2390,37,0.2798955658655328
13336,37,0.3219051415368383
15737,37,0.2246853050646202
28131,37,1.0427767114104847
25809,37,0.8478459473404282
26361,37,0.6935439630287045
27869,37,0.2991714314282137
2394,37,0.22834144916288532
4127,37,0.26235916137713794
14940,37,0.3860264672054914
18843,37,0.33280336339494915
24089,37,1.1654935260145618
24957,37,1.291094990958331
3230,37,0.4204816625989577
4132,37,0.4678640490691529
5134,37,0.17486873388853139
19913,37,0.27552480076549735
24962,37,1.0542463848839414
28189,37,1.5072534112578924
3235,37,0.44907923161731134
7058,37,0.4329592610866453
12374,37,0.4947145810762832
13351,37,0.6933144617692529
15954,37,0.29161622037109397
16977,37,0.1757104397935502
18013,37,0.1061704737843591
23099,37,0.08294558471274044
2721,37,0.3616253016518102
4141,37,0.3011692258132615
9234,37,0.17623901856203356
11346,37,0.3396820019211384
13355,37,0.6785552220969429
15958,37,0.3117381147872023
16981,37,0.24960521121768062
18017,37,0.12561059264771998
20996,37,0.06853328786486786
25487,37,1.4597916018381791
2557,37,0.3412491739091401
4146,37,0.2721770536031734
4941,37,0.29230011705797393
7283,37,0.30520978811808386
21002,37,0.12379523489120137
24976,37,0.26045234734399897
2396,37,0.4378082360598163
7072,37,0.31484739770787584
13365,37,0.22365867431086817
18867,37,0.2561368106307345
22065,37,0.1701401468660785
25659,37,0.4994872171259727
3254,37,0.3149775872478831
9249,37,0.07362281442412334
10319,37,0.14616422816816854
11361,37,0.2153553442702731
13370,37,0.2181055760927968
14969,37,0.4296166143227305
15973,37,0.3235674751924079
16996,37,0.25241256049479155
18872,37,0.3665656677960822
19938,37,0.24553827163112893
22071,37,0.28431369946318413
24118,37,0.29957500131746045
25819,37,1.176911252600459
2406,37,0.4841878930598219
4161,37,0.1998285214439933
6224,37,0.10488692489702338
7082,37,0.07892583726038332
8164,37,0.05945040495900416
14974,37,0.11896532123169222
18037,37,0.34031322207260206
18877,37,0.31370509661489404
19944,37,0.39300597966400064
21016,37,0.312488508632078
22075,37,0.38433772207776573
24991,37,0.44385902995067766
2411,37,0.5159758777139983
3089,37,0.31175201351816634
4166,37,0.20107652617626967
7087,37,0.07080021785671796
11371,37,0.2978824320455942
12403,37,0.263777213804569
14979,37,0.28515825456950183
18882,37,0.35679867345304994
21021,37,0.4011377744085474
23337,37,0.4500857306747375
2416,37,0.48377488130658497
3269,37,0.3193263549194442
6234,37,0.14736889916218787
7092,37,0.07751476912118382
9264,37,0.11048850716465546
13200,37,0.3594906033870333
15988,37,0.2762867581507847
17011,37,0.37081478274301116
19953,37,0.3245165676423857
22085,37,0.3778471522079531
24133,37,0.39498766335986274
25002,37,0.39170424650487395
25826,37,1.2579015956913113
4176,37,0.26557085180573403
5179,37,0.22740094367319733
6239,37,0.2177276257659301
7097,37,0.1366638179139751
14989,37,0.20383568694604376
18052,37,0.4347252986422827
18892,37,0.386906227107487
21031,37,0.5295376085895638
25831,37,1.815608340147295
1962,37,0.5274085853997889
2426,37,0.4845561940318081
7318,37,0.23642845964963666
8401,37,0.14364609086840813
9274,37,0.2215193449146632
17020,37,0.5128624473447191
19963,37,0.4462768004139415
23143,37,0.6612793236088242
2431,37,0.3625452518542529
5189,37,0.3310354090378223
8189,37,0.3190691967164877
10349,37,0.30006416147089576
11391,37,0.33789011304328154
13013,37,0.48143008673402027
14998,37,0.45593190382032456
24148,37,0.5019715552596518
1845,37,0.5101994153155996
4190,37,0.1447231004989058
4985,37,0.1671918228605836
10354,37,0.32280354176902903
13383,37,0.4168089772841493
18067,37,0.5939160127452695
19973,37,0.5599008536690597
21046,37,0.5882112164245837
25846,37,0.39665543493197974
2441,37,0.44520324244664394
3119,37,0.5129621649435745
4010,37,0.4353105337294937
9289,37,0.2604552253211821
10359,37,0.3506199769251145
13388,37,0.5398157956972015
16013,37,0.49611296955004536
18072,37,0.6052858875912456
18912,37,0.5624847058855924
25026,37,0.24138973956953
2446,37,0.44767086537994727
3298,37,0.4802464701013646
4200,37,0.4306818481036173
8203,37,0.2947764808908138
9294,37,0.3710334910691636
10364,37,0.3672739360161281
11406,37,0.42855209736474653
15013,37,0.38608688495853954
17040,37,0.572064622621872
18917,37,0.607329220241689
19983,37,0.6055760916269242
22115,37,0.547833521237633
23163,37,0.5546096992017286
24163,37,0.547827818658217
25031,37,0.5591217447315591
25856,37,1.8179325255886973
27857,37,3.019655758626187
2288,37,1.5051393335525578
3303,37,0.7132025264521846
6269,37,0.6831199811267504
7126,37,0.4338679313121185
8209,37,0.6143829916185908
9298,37,0.49455939510965063
11410,37,0.43733176186921185
27967,37,1.8780021817197956
27981,37,0.6765603719170956
28051,37,0.6150076305545841
17045,37,2.1622188176522266
21060,37,3.4497940461597856
22118,37,2.564129096325662
23166,37,2.0215505328535546
25035,37,1.7500601686560038
25860,37,3.360075161311442
27918,38,0.03698927774040404
8211,38,0.04429952923399303
9083,38,0.035263971397078084
28125,38,0.034339502585934906
20418,38,0.04200010905361025
5210,38,0.0375746002750247
6057,38,0.04152864735253068
7130,38,0.03397132820428894
7997,38,0.03406464078251769
9087,38,0.03481502904086143
9948,38,0.03788529491408252
18291,38,0.045142561463332696
18922,38,0.05439770299218149
19776,38,0.05777292307219373
20849,38,0.06506146224472015
21908,38,0.06542206465394114
22958,38,0.06600703760483684
3482,38,0.024265174928967598
4019,38,0.033438763290236144
4798,38,0.033602468245432365
5849,38,0.03967143447498619
7136,38,0.033182803981707476
8002,38,0.03375167188948639
9092,38,0.03655350108370772
10161,38,0.03896681415247107
11204,38,0.03606317310465029
12238,38,0.03717229752545532
16840,38,0.026943223454684258
17874,38,0.029710878833750107
18716,38,0.051007103550144615
19565,38,0.05453289046108241
20854,38,0.06816878912693625
21913,38,0.06768205204921574
23977,38,0.03507719190385153
2451,38,0.021801404688992002
4023,38,0.02655403374448315
5007,38,0.030941148790653444
5853,38,0.03221159182268515
6925,38,0.03793788402799894
9097,38,0.0387197983139748
10167,38,0.036049433429783964
11209,38,0.03480160196948849
12241,38,0.03813092503076643
13218,38,0.03840494592164825
14012,38,0.03858722514472709
15017,38,0.038254910721250784
16843,38,0.0382279009504622
17880,38,0.04061075304462218
18932,38,0.05319453073545602
19571,38,0.055197557515069856
20860,38,0.08210956957995715
21918,38,0.08895911479799112
22966,38,0.09207762345446409
1745,38,0.03871576263670372
2293,38,0.09232771762426474
3135,38,0.027085554593518527
4028,38,0.048978393789914164
27900,38,0.03641606753293692
7146,38,0.035299251867796706
8012,38,0.04168727668928389
12246,38,0.03007038870914252
15826,38,0.11028043988849255
16848,38,0.04081787668202879
1645,38,0.05342724938356842
2298,38,0.05184208778358481
3141,38,0.032936384674222906
7150,38,0.04261852194134748
8016,38,0.028623965135458625
9111,38,0.02973670582342036
1279,38,0.11310390991109323
4042,38,0.11935833989879031
11228,38,0.10092854132922187
12260,38,0.19210430418153518
13237,38,0.14940648035625453
21937,38,0.12179518186538857
1191,38,0.14315181120035095
3155,38,0.05331493545776134
4048,38,0.1623807042949592
10193,38,0.044407319150856356
11233,38,0.14646827760036413
28017,38,0.07214133316999903
17904,38,0.24795364869758793
18744,38,0.24945229649386894
19810,38,0.21776458207269597
20883,38,0.16945496141272193
4833,38,0.1332733171495732
6096,38,0.10994304812759166
12270,38,0.05088014327689432
18749,38,0.342392100244901
861,38,0.1305145381719503
4246,38,0.09784216300653302
13253,38,0.1876741729470943
23000,38,0.2606747257229618
24016,38,0.2852972308073164
788,38,0.160316418957008
4062,38,0.03844909572575923
14856,38,0.23622597699444364
21957,38,0.2380709764531683
24021,38,0.26128194848602065
25073,38,0.28584504024393464
582,38,0.08036087304348227
794,38,0.04898036963283544
1121,38,0.07304669649808637
6111,38,0.20702954685652702
15865,38,0.23632670806302536
24026,38,0.23919993649793214
25078,38,0.24510244548085325
520,38,0.051032340347763556
15870,38,0.23912460998805016
24031,38,0.21760206100605387
24914,38,0.20077257502307141
27093,38,0.5767888026293249
464,38,0.22945399982898598
803,38,0.082236481903181
7194,38,0.16232623801306392
15875,38,0.2827591638152583
17934,38,0.3675117561407441
24036,38,0.153716035736121
25760,38,0.17861980869340904
305,38,0.22747705224743686
1317,38,0.06560252613307777
7200,38,0.19511477904973393
17939,38,0.3350557729058167
26316,38,0.2260949567677251
26733,38,0.3197796869159826
259,38,0.281436238961768
1698,38,0.09841330607870657
9161,38,0.15227531878720735
17944,38,0.38324980195549363
25098,38,0.1245981116976555
26321,38,0.30505676116334945
27108,38,0.41057890757331117
266,38,0.24007081199970678
479,38,0.2824258814561
6994,38,0.08160411288800384
8075,38,0.19574600579776086
17949,38,0.24736844387712373
21987,38,0.3499639055498584
24050,38,0.2571831440528497
25103,38,0.16004821811444078
270,38,0.23613401798621533
823,38,0.15335388948148593
1709,38,0.0487665077573878
8080,38,0.22238935010772337
9389,38,0.10185923365081136
17953,38,0.35475743908104757
18794,38,0.3572779439175644
113,38,0.550405423856372
616,38,0.22244134467502938
827,38,0.19339206181237492
8302,38,0.12787604864778443
17958,38,0.340133955561487
21996,38,0.1684593509137252
26753,38,0.29434296391288706
63,38,0.6604786432001557
22002,38,0.11512184461012935
25789,38,0.5835265088320053
27674,38,1.0537941989476898
44,38,0.6874277498148827
560,38,0.2572877943603478
4093,38,0.13043212873742666
11711,38,0.5357306487652197
19874,38,0.07344895241152763
25794,38,0.6777703238223559
27313,38,0.4913841615495477
27723,38,0.973465471892423
16,38,0.8531840889688982
9190,38,0.09961448236345827
12334,38,0.24663778457167768
21165,38,0.18122184048453283
24759,38,0.23243421065662145
27137,38,0.3765864793667843
27468,38,0.5350117039715562
27795,38,0.8717677438290744
7,38,0.8968753818974874
103,38,0.2684044696666053
847,38,0.660630109346704
1733,38,0.2067530809848529
3377,38,0.07289843650746494
12339,38,0.3028409312377238
26356,38,0.7378533727193649
26773,38,0.5633511905108876
27075,38,0.4947759530369275
27628,38,0.36183385433378507
2,38,0.9221741714586177
852,38,0.7334287670308599
1270,38,0.6127048312434727
1738,38,0.23363860190208127
3208,38,0.0968982859629067
11312,38,0.1352357239918714
13322,38,0.20423386245466418
17983,38,0.48300763163260363
22231,38,0.5318691356295038
24069,38,0.4107594640698557
27381,38,0.17264310282063597
27633,38,0.42878493417470115
6,38,0.6428200532488336
112,38,0.7779268695798077
1275,38,0.6126040622213185
2541,38,0.27260587734737457
3213,38,0.1574684872000147
10275,38,0.3673714538781202
11316,38,0.13862942567926012
21180,38,0.7623093840391365
23074,38,0.5935841982209978
24074,38,0.6003646321771449
27436,38,0.42375922521393594
27638,38,0.4165385283828043
2385,38,0.2656855365458173
8120,38,0.30636730938323276
11322,38,0.020121887170758045
23079,38,0.8465688039026074
27156,38,0.5238246188761232
27440,38,0.39130539911654877
27607,38,1.1072693817458985
1841,38,0.3433479249399533
2390,38,0.3606570277062633
15737,38,0.9384788205097223
28131,38,0.9859717838902786
24084,38,0.9914565015953213
26361,38,0.3432903056196544
27869,38,0.3898809243840532
2394,38,0.4799613132306334
4127,38,0.4189448220422263
14940,38,0.34029064136275333
18843,38,0.169136152794126
24089,38,1.0838966555581946
24957,38,1.1142367527705601
3230,38,0.2080158243756501
19913,38,0.20857394187461523
24962,38,1.3286641221609752
28189,38,1.5638390214100035
3235,38,0.1621736161844958
7058,38,0.4338684974893614
12374,38,0.5252265659351706
13351,38,0.4336001749561455
15954,38,0.2245494626854642
18013,38,0.4370642860415158
23099,38,0.3514178424862052
2721,38,0.118761209517241
3239,38,0.13505357145456615
4141,38,0.2839420089296949
9234,38,0.45453584497431704
11346,38,0.5717861750551806
13355,38,0.3410218130096774
16981,38,0.26626904597262346
20996,38,0.3322068058034501
25487,38,0.7922285794253267
2557,38,0.5171069302511734
3244,38,0.23221255981777517
4146,38,0.2817240303659627
4941,38,0.3130896488764746
7283,38,0.42043267962921177
21002,38,0.5391196516032238
24976,38,0.46962151493930393
2396,38,0.30344446166405453
11356,38,0.5594674948783988
13365,38,0.42048315003676767
18867,38,0.565870049854317
22065,38,0.5640494637088183
25659,38,0.6541353113168268
3254,38,0.21248865538406658
9249,38,0.4634180803858671
10319,38,0.5600340251297955
11361,38,0.5410394881326035
13370,38,0.5545837995843745
15973,38,0.1697792099586359
16996,38,0.3480947806754036
18872,38,0.6272377256434781
19938,38,0.6520043446165524
21011,38,0.5996726050130536
22071,38,0.6910370865763206
24118,38,0.6693447867552277
25819,38,1.1475278750916211
2406,38,0.29821890511754173
3259,38,0.2383354634703148
4161,38,0.2724122830313133
6224,38,0.3858088284014912
7082,38,0.4125760610783909
14974,38,0.2341170143235536
18037,38,0.6451181551082413
18877,38,0.6307096015253744
19944,38,0.6254599239859033
22075,38,0.6967271879364616
23123,38,0.7749337796350727
24991,38,0.7230359068789459
2411,38,0.1269578687932218
3089,38,0.2580128062197854
4166,38,0.25639910837032903
5169,38,0.32537643892078844
7087,38,0.4134830628749209
11371,38,0.5981595951301987
12403,38,0.6030557391727118
14979,38,0.5449913898595196
18882,38,0.6541991693889704
21021,38,0.695964059023362
23337,38,0.7382922198267761
2416,38,0.1740900471947527
4171,38,0.3222894091063304
6234,38,0.37523326901062404
9264,38,0.5219981130068571
13200,38,0.6707277013388989
15988,38,0.5503216112355356
17011,38,0.6456330308436841
19953,38,0.6730427063430952
22085,38,0.7492167436789893
25002,38,0.7404505849748559
25826,38,1.2193119450422805
4176,38,0.3247956486191889
5179,38,0.3414622812144146
6239,38,0.39448410045210575
7097,38,0.40897899715078717
14989,38,0.5154777706545709
18052,38,0.719369932585256
21031,38,0.7082790802951259
25006,38,0.7794998550725981
25831,38,1.288043878143211
1962,38,0.3906676897344541
2426,38,0.34653160240051967
5184,38,0.3697309509931867
7318,38,0.45286258648198857
17020,38,0.7445514810533925
19963,38,0.8013255065450992
23143,38,1.144657240110815
2431,38,0.4099345207688944
5189,38,0.4071813612453442
7107,38,0.5144002739860046
8189,38,0.5519961387637345
10349,38,0.609023903753468
11391,38,0.7050422763233032
13013,38,0.649969376253807
14998,38,0.7067265801357735
24148,38,0.959898004828965
1845,38,0.5954584071117557
4190,38,0.43510433870078036
4985,38,0.408640609699978
10354,38,0.5768252882058578
13383,38,0.6074733919708725
14299,38,0.6097354061678709
18067,38,0.9074378281684153
19973,38,0.8211878227122547
21046,38,0.7961682549201793
25846,38,0.989977320269282
2441,38,0.6660977907983697
3119,38,0.6156076158352187
7117,38,0.53797536387571
8199,38,0.5803305224053978
9289,38,0.5862838462117311
10359,38,0.6338973697947811
13388,38,0.6573349751427882
16013,38,0.8902211126445987
18072,38,0.9158472026998463
18912,38,0.9109196089018209
2446,38,0.7329236347296552
4200,38,0.6362494806464548
7122,38,0.6191820677321164
8203,38,0.5759834280576798
9294,38,0.6504685493788327
10364,38,0.710592867304455
11406,38,0.7028301600382522
15013,38,0.7813909520610218
17040,38,0.8935039396276003
18077,38,0.8946740669992902
18917,38,0.8214223905233358
19983,38,0.9697417606011923
22115,38,1.0133593401508978
23163,38,0.9473238072504437
24163,38,1.034552657980141
25031,38,1.0502273212116124
25856,38,1.0116860817672928
27857,38,3.079190724548387
2288,38,2.288519012638424
3303,38,1.360906452185845
6269,38,1.6497231510000245
7126,38,0.713338038716192
8209,38,0.9087080022105734
9298,38,0.8017864269875558
10368,38,0.7039068871578241
11410,38,0.7583719982872481
27967,38,2.3387537841082624
27981,38,0.6631188518379162
28051,38,0.8297455341262313
17045,38,2.4748034921568305
18921,38,2.205680974783178
19987,38,3.323527923161771
21060,38,3.2795902997808173
22118,38,1.8055667315858677
23166,38,2.4375727725666088
24166,38,1.8241554335298549
25035,38,2.1221176698488367
25860,38,1.371040768003672
27918,39,0.053811271877806606
8211,39,0.06482290903583263
9083,39,0.057453289206090524
28125,39,0.04691252143532343
20418,39,0.05648099465968879
5210,39,0.05333789731977195
6057,39,0.059892842841442855
7130,39,0.05766274880354473
7997,39,0.05846250806961318
9087,39,0.061811970934993674
9948,39,0.06355607658991994
18291,39,0.06605696130452349
18922,39,0.07500036843800216
19776,39,0.07709071584456281
20849,39,0.08337018762648613
21908,39,0.08485549940236924
22958,39,0.0817295224402174
3482,39,0.05131464636257837
4019,39,0.029656179920083618
4798,39,0.044610987684887894
5849,39,0.057732360791024145
7136,39,0.05743029221735035
8002,39,0.05831334017862917
9092,39,0.06305291044667423
10161,39,0.06523126302398005
11204,39,0.04818850853385068
12238,39,0.046155461916960454
16840,39,0.044158409049723464
17874,39,0.04632061325955158
18716,39,0.07288619747320843
19565,39,0.07364121102585013
20854,39,0.08868970348230916
21913,39,0.08951663120412463
23977,39,0.04102002773372662
2451,39,0.05008334339509148
3131,39,0.06054662419248599
4023,39,0.06082519207787022
5007,39,0.057242272635304604
5853,39,0.05933440811587483
6925,39,0.06843772819449882
9097,39,0.07369512097619332
10167,39,0.07279653316065618
11209,39,0.06334430637639973
12241,39,0.051085579680651
13218,39,0.04921518731365121
14012,39,0.04709307135685138
15017,39,0.052663798544137545
16843,39,0.05819395561298895
17880,39,0.06281303521637961
18932,39,0.0793789679012171
19571,39,0.0810779134920309
20860,39,0.0492916893602244
21918,39,0.11966847037709964
22966,39,0.12830112036664904
1745,39,0.0221151234808805
2293,39,0.056006012882274074
3135,39,0.06655646373117861
4028,39,0.07677868277269828
27900,39,0.05609115828756178
7146,39,0.07330577468637932
8012,39,0.045080753813335574
12246,39,0.07779558124015729
15826,39,0.05381037872326994
16848,39,0.1313189768919852
1645,39,0.0824572861598522
2298,39,0.026914534594152315
3141,39,0.11396008494104176
7150,39,0.08351702964587501
8016,39,0.0508707185493589
9111,39,0.10003437365525954
13232,39,0.07797100259788596
18734,39,0.15956685300105283
1279,39,0.22223331661316084
11228,39,0.12341978596530935
12260,39,0.0687534499646946
13237,39,0.028909103857373164
18951,39,0.16377533224327634
21937,39,0.2695565213091631
1191,39,0.2529012796225383
3155,39,0.029785170877131475
4048,39,0.0900243905403022
10193,39,0.21187025822192324
28017,39,0.13570859114657943
17904,39,0.18069495767898258
18744,39,0.17909664570258246
19810,39,0.21136824257863998
20883,39,0.28020381879530515
4833,39,0.11240275598520917
11238,39,0.19884280333003107
12270,39,0.22531772934714683
18749,39,0.14304458908745474
22995,39,0.41787427594117943
861,39,0.336587002525093
4246,39,0.1005292842669665
23000,39,0.4546240114965821
24016,39,0.47362925066801453
788,39,0.3563953122676877
1206,39,0.1608842207591692
4062,39,0.07760441109989882
14856,39,0.21954113294795707
21957,39,0.36160597542559997
24021,39,0.47784267929432284
25073,39,0.4355915070177204
582,39,0.3508402338445743
794,39,0.20714768786172633
1121,39,0.22594679452720465
6111,39,0.15809291870280293
15865,39,0.4110767714483168
25078,39,0.41152830081750563
520,39,0.3536764075771785
797,39,0.23083567803491462
6116,39,0.22226047933971665
15870,39,0.5060906124229612
24031,39,0.34414297223311907
24914,39,0.39396310905528537
27093,39,0.4679375178102248
464,39,0.5483932391572028
803,39,0.25351025375449004
6121,39,0.2063163644223429
7194,39,0.21198884814278265
15875,39,0.5292459662379777
17934,39,0.44077011804519056
24036,39,0.30198222521335677
305,39,0.7541526174589125
1317,39,0.2173906084184029
15880,39,0.5463280141662263
17939,39,0.6751637869297635
26316,39,0.34233190186184
26733,39,0.4456163897488901
259,39,0.7648004627628039
6988,39,0.176500479176266
8289,39,0.21911732544367923
9161,39,0.09997362039005686
17944,39,0.7119131840696477
25098,39,0.1430404757288182
26321,39,0.28983753900166537
27108,39,0.41376275836834897
266,39,0.60456681201248
6994,39,0.24336996464210675
8075,39,0.2970474553643354
9166,39,0.19797985179245056
17949,39,0.6613158269638706
21987,39,0.2581746098078421
24050,39,0.20808732613758743
25103,39,0.1128154590923266
270,39,0.26023232158433895
823,39,0.1633702247850108
1709,39,0.12241889718586074
8080,39,0.3439338666633218
17953,39,0.6418106513280822
18794,39,0.7255111173344311
113,39,0.8712771089541945
616,39,0.20296620577105293
827,39,0.15137818897226488
1245,39,0.144426222281227
8302,39,0.37782642289214413
17958,39,0.665602484476362
21996,39,0.42774734325116565
26753,39,0.15790873815797601
27608,39,0.8821144016590368
63,39,0.9515394187126963
1718,39,0.09849276986817561
10251,39,0.5471467276395273
11706,39,0.5013301094446986
22002,39,0.25935133489058104
23050,39,0.12854998615368196
27674,39,1.167734928565735
44,39,0.9002656719370398
560,39,0.28574709126149894
4093,39,0.23085957751359285
11711,39,0.6360480561220594
19874,39,0.2579208238444693
22007,39,0.33975050934697953
25794,39,0.42355428119905575
27313,39,0.39967230395251535
27723,39,1.0871390136842487
16,39,1.0180038491666235
9190,39,0.27399743002805
12334,39,0.4689716146000838
21165,39,0.3681564896504937
24759,39,0.14981368640171694
26352,39,0.4781861147864292
27727,39,0.9960209884673872
27795,39,1.3596611323409962
7,39,1.0489654769886414
103,39,0.29222218795383387
508,39,0.43596586892949024
847,39,0.5788393315249662
1733,39,0.28686104138477175
3377,39,0.5285781920270245
12339,39,0.4602407624029986
26356,39,0.4690566401123197
26773,39,0.4576581851648211
2,39,1.0187608485224857
108,39,0.3750869785888031
852,39,0.6154272725365689
1270,39,0.6882866953851529
1738,39,0.30580027051884595
3208,39,0.315021805382039
13322,39,0.32985301510019643
17983,39,0.2821943666329712
22231,39,0.5226329536055594
24069,39,0.3466535425317432
26360,39,0.49638160730468595
27147,39,0.20335115869132417
27381,39,0.4176525519228065
27633,39,0.6644747540191047
6,39,0.9135622781357483
112,39,0.8145516776680571
258,39,0.4226762871219615
1275,39,0.6047293225548723
2541,39,0.2603468974186586
3213,39,0.2176262154622895
10275,39,0.11790894387178706
12349,39,0.31538786735410257
13326,39,0.35490949738974326
21180,39,0.24791503786859642
23074,39,0.5208359071086539
24074,39,0.5043812827277677
27436,39,0.6519526424940716
27638,39,0.810850617114391
2385,39,0.29536522428862405
3218,39,0.25040959818105313
8120,39,0.14307328849765616
11322,39,0.15287932834782356
18834,39,0.44961631131096375
23079,39,0.6925055911421015
27156,39,0.6985516025065647
2390,39,0.632899147289427
15737,39,0.674171370666757
28131,39,0.8228568749235092
24084,39,0.7723168977671049
24952,39,0.760309141772179
27869,39,0.6931626435180164
2394,39,0.6307716343358917
4127,39,0.5540792946168005
18843,39,0.21564723974053102
24089,39,0.90736530363334
24957,39,0.9910833845856103
3230,39,0.2977193995217121
13346,39,0.4723222080192605
19913,39,0.3113882586991564
28189,39,1.3694142644553566
3235,39,0.3084246778883959
7058,39,0.463018511840735
13351,39,0.3312101952920813
14950,39,0.4435657946193588
15954,39,0.0935105523377973
18013,39,0.15786882527419596
23099,39,0.07565137836818955
2721,39,0.1863863093073918
3239,39,0.254550817952981
9234,39,0.4647296272890528
11346,39,0.6156472141532345
13355,39,0.2819068107415241
20996,39,0.13739793489956748
25487,39,1.7184168168693832
2557,39,0.15495661847791628
3244,39,0.22490412062817094
4146,39,0.3876086425912594
7283,39,0.44273566920185364
11351,39,0.5555100233006187
18022,39,0.07901331904774359
19928,39,0.05520203706016848
21002,39,0.11550195843378341
24976,39,0.11119829118925097
2396,39,0.10340978595460575
3250,39,0.21863443807747182
13365,39,0.5239442213811264
18867,39,0.11960538109717102
22065,39,0.14648155495829643
25659,39,0.3646922373682864
3254,39,0.21990603337707992
7077,39,0.3662484078241102
10319,39,0.3975147558842235
11361,39,0.4283469970463704
13370,39,0.38372186702164207
15973,39,0.07435524187085599
16996,39,0.12818956947596266
18872,39,0.12739054043625359
19938,39,0.1802085220791303
21011,39,0.15529755789450916
22071,39,0.16942825251075905
25819,39,0.6830536781293473
2406,39,0.08311987555438184
3259,39,0.17248739434533444
6224,39,0.3169873611378159
7082,39,0.33878032903089383
14974,39,0.212688174833264
18037,39,0.10953058000168947
18877,39,0.16432123746918903
19944,39,0.17638859607175075
22075,39,0.2524898979422498
23123,39,0.14163455899020397
2411,39,0.061824710349582146
3089,39,0.1819501594399215
4166,39,0.1909487795341613
9259,39,0.3319035662392591
11371,39,0.40030550194815473
18882,39,0.1303153798027943
21021,39,0.1864316537260702
23337,39,0.20262389267020792
24128,39,0.22651680386599513
2416,39,0.04890635391633335
6234,39,0.246791642862666
8392,39,0.3342864569374859
9264,39,0.2879834153585598
13200,39,0.19043245054714336
15988,39,0.13842327728485626
17011,39,0.11877240085774497
19953,39,0.1821061825193844
21026,39,0.2551630843226119
22085,39,0.2816637136364591
25002,39,0.35003521900700474
25826,39,1.124599309372466
4176,39,0.2068746196197398
5179,39,0.17296883309871935
6239,39,0.18349337672299795
7097,39,0.23646271185661788
14989,39,0.15945382268154853
18052,39,0.11696033949102111
21031,39,0.2477937506917753
25831,39,1.1260570685617781
1962,39,0.2380631982465707
2426,39,0.18425244907587723
3279,39,0.21473670732911937
7318,39,0.22890014838281295
17020,39,0.14584851093313947
19963,39,0.2694077929790262
23143,39,0.3323640047395537
25011,39,0.5355766582555006
2431,39,0.277552045585875
3284,39,0.1346993836283081
5189,39,0.15952896620204113
7107,39,0.20185995696663903
8189,39,0.24898370862516966
10349,39,0.2428443451793322
12423,39,0.3548866551505789
14998,39,0.19028111744877682
23148,39,0.439707779941038
24148,39,0.5415193796911604
1845,39,0.3762557545218193
3289,39,0.1532786083846759
4190,39,0.12566917915541662
4985,39,0.16752263146168178
10354,39,0.12137087653515014
13383,39,0.22901462102923942
18067,39,0.12431810202606328
21046,39,0.3317865593156245
25846,39,0.7651634017699004
2441,39,0.37239109009342025
3119,39,0.35371191097003163
7117,39,0.13165741643740875
8199,39,0.13575999974020722
9289,39,0.08481056910483943
11401,39,0.13345380748538288
13388,39,0.08530473752708964
16013,39,0.17003133433819065
18072,39,0.11697440334476716
18912,39,0.23854676732084346
23158,39,0.573523158160893
1741,39,0.6379261467523192
2446,39,0.554315554701553
4200,39,0.40144100140183764
7122,39,0.2563657400349552
8203,39,0.08903940677877487
9294,39,0.09869671897763113
10364,39,0.1760497918320044
11406,39,0.14344552541682248
13393,39,0.0759009026192895
15013,39,0.27516455402475465
15815,39,0.17798041242779525
17040,39,0.2389399297245886
18077,39,0.5132053480452797
18917,39,0.3512351002922885
19983,39,0.35532457018837915
22115,39,0.3168932068791714
23163,39,0.5036341477550096
24163,39,0.46348807685841037
25031,39,0.6672492392352946
25856,39,0.6391893618433663
27857,39,2.9070635685556767
2288,39,1.0405598706257437
3303,39,1.2345460790119056
4205,39,0.4764509746625892
5208,39,0.47137784987200665
6269,39,0.5657166736831218
7126,39,0.3543882459310627
8209,39,0.7757742458118356
9298,39,0.24867335066567176
11410,39,0.09933990867580632
27967,39,0.524598662017935
27981,39,0.06907964756195238
28051,39,0.08009723958736331
17045,39,1.6563502878251066
18921,39,2.139097464694657
21060,39,3.0636040516090377
22118,39,1.775664532706289
23166,39,2.3527818047312627
25035,39,0.6163645117027933
25860,39,0.6356789420251268
27918,40,0.04429272716174191
8211,40,0.054028398903936556
9083,40,0.04354764375883418
28125,40,0.028564404452542817
20418,40,0.034985730839309
5210,40,0.042782781067918475
6057,40,0.04731184827881004
7130,40,0.03974883765522762
7997,40,0.039263620857607144
9087,40,0.03944631165812089
9948,40,0.036262824431507926
18291,40,0.04590839539321495
18922,40,0.05127512684225454
19776,40,0.05263931374758919
20849,40,0.053514524422088414
21908,40,0.05574520110223329
22958,40,0.05872346448379305
3482,40,0.04148776323216248
4019,40,0.03302951558219035
4798,40,0.03858177950164956
5849,40,0.047421969137290985
7136,40,0.03933757593508627
8002,40,0.03930810877515202
9092,40,0.041204439155088916
10161,40,0.03657038463025314
11204,40,0.03585888105802357
12238,40,0.039579449441206185
16840,40,0.02788733679149583
17874,40,0.029054050624976003
18716,40,0.04918580260599991
19565,40,0.04996327621691171
20854,40,0.05789325370311629
21913,40,0.062084521017661425
23977,40,0.02602532413275617
2451,40,0.023255492355047137
3131,40,0.046886573059781514
4023,40,0.04873344740356461
5007,40,0.04433743201537082
5853,40,0.04581091701968544
6925,40,0.050091008412697355
9097,40,0.047972994623843426
10167,40,0.043813477321205635
11209,40,0.03907630828534725
12241,40,0.041427865136018927
13218,40,0.035347146335292436
14012,40,0.032314795279319325
15017,40,0.03805307397117596
16843,40,0.03782313235679634
17880,40,0.04314152945677619
18932,40,0.05890530295124739
19571,40,0.060733902288002725
20860,40,0.07873972018849491
21918,40,0.08360670505669629
22966,40,0.09514637414578664
1745,40,0.0293063205461497
2293,40,0.05083240626845896
3135,40,0.05073634826824002
4028,40,0.04738815995961917
27900,40,0.04586075373191748
7146,40,0.026747852863141495
8012,40,0.05371745388019777
15826,40,0.042567521203720864
16848,40,0.053185516321554833
1645,40,0.0824759014457674
3141,40,0.05136240175714258
7150,40,0.08066291668251442
8016,40,0.025163322914386423
9111,40,0.0157875948985202
12255,40,0.1118468626851695
18734,40,0.07222421686969868
21932,40,0.19264965301592338
1279,40,0.20629188356412892
12260,40,0.19124372009255894
13237,40,0.1432643453916259
18951,40,0.15528993381811304
1191,40,0.261081953808937
3155,40,0.11016966693926326
4048,40,0.20876650548008355
9340,40,0.05141885701665552
10193,40,0.3214233958133202
28017,40,0.13542758906198632
13243,40,0.04511205073472932
17904,40,0.07258956446740518
18744,40,0.17767633146707285
19810,40,0.25367953445815183
20883,40,0.2758256601237694
4833,40,0.1855599535885458
12270,40,0.311467486843082
18749,40,0.18577702015525765
861,40,0.4039419798509268
4246,40,0.19308420863729595
23000,40,0.384720854552499
24016,40,0.3859019002505387
788,40,0.41429948683488715
4062,40,0.22209502570804382
14856,40,0.3030027862792312
21957,40,0.27238800685012654
24021,40,0.45549362525178955
25073,40,0.5330190184107829
582,40,0.3571004326042171
794,40,0.20389889199273678
1121,40,0.18948327411185223
6111,40,0.3558137025604117
25078,40,0.4689220617961892
520,40,0.39261533663286824
797,40,0.24736401529456947
1215,40,0.15916996200873235
15870,40,0.46558881227166843
24031,40,0.3413484096998575
24914,40,0.42835622968764475
25754,40,0.42132217611394995
27093,40,0.4552659099563769
464,40,0.6207246006483554
803,40,0.2565795923174944
6121,40,0.37081950092789917
7194,40,0.3663393424381042
15875,40,0.46228851341090965
17934,40,0.40463161613089993
24036,40,0.26270474719907666
24919,40,0.3399949121613032
305,40,0.7103290083336286
1317,40,0.2231463345032282
15880,40,0.4574983687489445
17939,40,0.5139188771886641
26316,40,0.2676972582813193
26733,40,0.323467032240537
259,40,0.7723293020433013
6988,40,0.34300355514574143
8289,40,0.3454984236501253
9161,40,0.21650306121983737
17944,40,0.5489968849363618
18784,40,0.5769820879626381
25098,40,0.2539965947415199
26321,40,0.26975786534500146
266,40,0.5601296822619141
6994,40,0.22627958527195985
8075,40,0.34499601138850783
9166,40,0.24846542421967782
17949,40,0.5103967169500305
20069,40,0.5516015921529729
21987,40,0.2011259172949339
24050,40,0.20007524788419773
25103,40,0.17205339078152906
270,40,0.2280621782698793
823,40,0.22147732067998532
1709,40,0.098059066289188
8080,40,0.20107895081270385
11283,40,0.07657264507223004
17953,40,0.5931266339182022
18794,40,0.6383809337807032
113,40,0.9725512286962485
616,40,0.18980401589055407
827,40,0.19509179342935726
1245,40,0.2122309183236848
8302,40,0.2929069311299933
10246,40,0.3042859166931872
17958,40,0.6405996343017042
18799,40,0.235341080072855
21996,40,0.1326857678215271
26753,40,0.22170762872508856
27608,40,0.7369509490641614
63,40,1.0452549123583625
10251,40,0.6402253105565825
11706,40,0.796137204107646
22002,40,0.34151518366866157
27674,40,0.7192521713834668
44,40,1.0989431326220906
560,40,0.2587531360594584
838,40,0.21424304974764308
4093,40,0.4554393785708492
11711,40,1.019819941642326
19874,40,0.16704468144341056
27313,40,0.5278851477505239
27723,40,0.8032031392193081
16,40,1.1393101832697707
131,40,0.30784616677387183
9190,40,0.14206554574523259
12334,40,0.8796250788340585
21165,40,0.1021652284915084
24759,40,0.3742031744060543
27727,40,0.9113001984421799
27795,40,0.8888714296096822
7,40,1.2250513859608714
103,40,0.33387560085160045
508,40,0.25746375476759503
847,40,0.248506355964502
1733,40,0.22877049711900393
3377,40,0.5067855882247612
12339,40,0.8350915978121674
19884,40,0.3615791482850614
26773,40,0.6414449949811439
2,40,1.2153456746376134
108,40,0.7411139919636935
852,40,0.4349232946837272
1270,40,0.3309642475701036
1738,40,0.26930336583434683
3208,40,0.385893280303714
13322,40,0.8535852080412963
17983,40,0.3062934813521301
22231,40,0.1591484239829277
24069,40,0.11978768350157849
26360,40,0.3822781039323425
27147,40,0.8660453256616879
27381,40,0.7165684694506814
27633,40,0.8609194123584669
6,40,1.0702768044295359
112,40,0.9137393615282611
258,40,0.8685435735500971
1275,40,0.49915070488623947
2541,40,0.2604946476314862
3213,40,0.2899916032547667
10275,40,0.3961226574207725
12349,40,0.6890417978853407
13326,40,0.7678009392951628
21180,40,0.2990246475319973
23074,40,0.1137206066589105
24074,40,0.04876113392081871
27436,40,0.796508399650596
27638,40,0.8565919282550133
2385,40,0.2583604923328012
3218,40,0.25020935878367656
8120,40,0.23755926887336704
11322,40,0.5577642956028271
17993,40,0.27103682098998794
18834,40,0.35104089420049195
23079,40,0.20838390923748304
24947,40,0.08131020914855998
27156,40,0.8745488535196773
2390,40,0.16401508169822257
15737,40,0.4463497216268024
28131,40,0.2121698650773804
24952,40,0.2040693982507218
25809,40,0.17570517152431173
27869,40,0.1985491306874641
2394,40,0.11092042801049365
4127,40,0.38467103036421035
18843,40,0.37563943026519303
24089,40,0.17368114789607855
24957,40,0.3289337273023162
3230,40,0.439876916998533
4132,40,0.46276430061840723
5134,40,0.30077652722938286
13346,40,1.2257266859538867
19913,40,0.33018522357294705
24094,40,0.1185040831045236
28189,40,0.7547886109661595
3235,40,0.39747231960437673
7058,40,0.4686235425468362
14950,40,0.508354368409236
15954,40,0.28734655509143564
23099,40,0.05519847498462826
2721,40,0.2606578058900005
9234,40,0.5649128557231043
11346,40,0.7560453140324306
13355,40,0.31328828323172414
20996,40,0.1656101967222593
25487,40,1.1259302765550105
2557,40,0.27987463485629194
3244,40,0.2921669263465698
4146,40,0.36657499987060127
7283,40,0.47889246602260216
18022,40,0.05696890875958037
21002,40,0.25066775334660507
24976,40,0.2329877593946858
2396,40,0.14634855993597462
3250,40,0.2830735026516764
7072,40,0.43599808764091796
9244,40,0.4877303236852502
14964,40,0.289040504345682
18867,40,0.13472132280382335
22065,40,0.23283512936471684
25659,40,1.3324090611090798
3254,40,0.29462410624417357
10319,40,0.46252991569938395
11361,40,0.5296234585387619
13370,40,0.44523057057118254
15973,40,0.20242704651124455
16996,40,0.09699291856165615
18872,40,0.28534026505236776
19938,40,0.24215388754356706
21011,40,0.26429709855474576
22071,40,0.23301081081807257
25819,40,1.5126371797012632
2406,40,0.13451907663461388
6224,40,0.4554646294732444
7082,40,0.46487434652103476
8164,40,0.44423671842611057
18037,40,0.3110637432394645
18877,40,0.25788449432926897
19944,40,0.2079624023547488
21016,40,0.23004250144839947
22075,40,0.22432008956670246
23123,40,0.2374822238915517
2411,40,0.11371029329666983
3089,40,0.29215370862093254
4166,40,0.35996399542023355
8169,40,0.43742515246699715
10538,40,0.4252706496193667
11371,40,0.4716430750142453
15983,40,0.13192414112476208
18042,40,0.32416917390685357
18882,40,0.2419408430113732
21021,40,0.2059208137762902
23337,40,0.22999333014292242
24128,40,0.18400772416459452
2416,40,0.13823655673518304
6234,40,0.42199986813048135
9264,40,0.42568985436404694
13200,40,0.4148207158752057
15988,40,0.22259828851071678
17011,40,0.28701177147740575
19953,40,0.2057690775742491
21026,40,0.21296023838704883
22085,40,0.17425589822543855
25002,40,0.29337621845886436
25826,40,1.7514582220304111
4176,40,0.32203233878237647
6239,40,0.375259290890231
7097,40,0.43206060883050507
18052,40,0.29403008460634833
25831,40,2.5923715369496945
1962,40,0.2935971695188067
2426,40,0.14656303369004342
7318,40,0.40489844577770895
9274,40,0.4004818661537494
14993,40,0.22448659387116837
17020,40,0.30735837382388587
23143,40,0.20072488241434808
25011,40,0.1519784954104094
2431,40,0.1311307441019553
5189,40,0.3028153234534794
7107,40,0.38949735586552914
8189,40,0.42359150345198215
10349,40,0.4175002778548888
14998,40,0.2580873966130655
17026,40,0.3215519238964188
23148,40,0.10476969571416596
24148,40,0.17602084293401543
1845,40,0.04739740043582206
3289,40,0.2132502087236437
4985,40,0.3311403040079199
8413,40,0.41962770947970757
9502,40,0.43435026130583426
10354,40,0.46242946668773816
18067,40,0.3119158251103333
21046,40,0.08740579422365989
25021,40,0.1434627362852199
25846,40,0.258470428845411
2441,40,0.19762923394352586
3119,40,0.29334765349654973
4010,40,0.2646835663917237
9289,40,0.4413714316316444
12433,40,0.41264541533366983
13388,40,0.467182962847621
16013,40,0.26732268791263936
18072,40,0.2679571770229571
18912,40,0.18203657217462282
1741,40,0.22178639756876758
2446,40,0.36710574895209336
3298,40,0.35768436342472654
4200,40,0.34310974814224005
7122,40,0.3969385059818864
8203,40,0.4118779024853496
9294,40,0.425435248196903
10364,40,0.4484550354730255
15013,40,0.06565694028450332
17040,40,0.3109745861604431
18917,40,0.19376808732923684
19983,40,0.11137914412543097
24163,40,0.028840666437385604
25031,40,0.06270547586399304
25856,40,0.23890971888541274
27857,40,2.370755740834705
2288,40,0.9596608445668273
3303,40,2.4992532564881293
4205,40,0.48172018917792947
5208,40,0.5569523235362414
6269,40,2.384222514205995
7126,40,0.4800738379770819
8209,40,1.4962597295420277
9298,40,0.48910117008658777
11410,40,0.41139409373470676
27967,40,0.5968886742500563
27981,40,0.5102439611174916
28051,40,0.9688242370469162
16225,40,2.3349094375670347
17045,40,2.1927008429129056
18290,40,1.670043938220419
18921,40,2.935886955850404
21060,40,3.291190414852744
22118,40,1.7204201374719192
23166,40,2.9660516831364974
25035,40,1.2422343214664837
25860,40,0.3330565298051612
27918,41,0.04799911497774491
8211,41,0.058687158808564774
9083,41,0.04978259313691555
28125,41,0.05923448926577793
20418,41,0.0834224455160839
5210,41,0.04710596312783628
6057,41,0.05439404681977801
7130,41,0.04782207696068491
7997,41,0.04730737082150266
9087,41,0.048476942954877575
9948,41,0.05176808818261648
18291,41,0.08337287794605565
18922,41,0.11387674234780133
19776,41,0.11975844807951805
20849,41,0.1275672322315892
21908,41,0.12936950832228233
22958,41,0.12385027348113817
3482,41,0.039960644196611696
4019,41,0.031185025800724235
4798,41,0.040031902271996676
5849,41,0.054030571953864646
7136,41,0.047469684148049834
8002,41,0.04721310791561908
9092,41,0.04930641692603265
10161,41,0.05307731525844587
11204,41,0.04243862322883782
12238,41,0.044958233826165324
16840,41,0.04447123476179337
17874,41,0.05113894242905535
18716,41,0.10832993105409441
19565,41,0.11317432358102134
20854,41,0.13437179855114395
21913,41,0.13747793835684566
23977,41,0.054822457642892015
2451,41,0.027732357648139902
3131,41,0.04777827685684125
4023,41,0.04999967936242041
5007,41,0.054361497143147586
5853,41,0.05705909222177512
6925,41,0.05790266420223267
9097,41,0.06628220456625308
10167,41,0.06638824593989344
11209,41,0.05828481541916803
12241,41,0.05020795137969423
13218,41,0.0484991480760151
14012,41,0.04660201533543274
15017,41,0.06044820555874908
16843,41,0.06833199737268997
17880,41,0.08439911910205455
18932,41,0.1226645715792578
19571,41,0.12878977276790016
20860,41,0.15935379306004366
21918,41,0.16459678991785118
22966,41,0.1767388099448654
24699,41,0.18678663109055268
1745,41,0.010458984255125536
2293,41,0.048316352555106946
3135,41,0.10176765638834256
4028,41,0.040082070356138866
27900,41,0.06474179870427181
7146,41,0.06963764388863658
8012,41,0.03987970797916961
15826,41,0.1371271946929793
16848,41,0.0917482452812622
1645,41,0.09261950639953685
3141,41,0.048811783254956165
7150,41,0.11563724090711244
8016,41,0.0627702054949646
9111,41,0.13657796763311345
12255,41,0.07036732242956142
18734,41,0.21046984779055813
21932,41,0.19552520448748356
1279,41,0.15876414554148413
12260,41,0.032792495494136285
13237,41,0.04253689994981012
18951,41,0.289663073408833
1191,41,0.20233545380405885
3155,41,0.17212571146087108
9340,41,0.07363578187085341
10193,41,0.12294564022810983
11233,41,0.08061737549945656
28017,41,0.08827286578295929
13243,41,0.049477155716218385
17904,41,0.4233015480120945
18744,41,0.3624925492871045
19810,41,0.3282480694854436
4833,41,0.27109639415622416
18749,41,0.4008731112241145
20888,41,0.4591866549888259
24011,41,0.5203525376385773
861,41,0.3279070214139866
4246,41,0.12751253865961118
13253,41,0.07767235894660535
23000,41,0.594936559533934
24016,41,0.596106189425519
788,41,0.44126465506403667
4062,41,0.05113089953933169
14856,41,0.12648998440562392
21957,41,0.4541635207358754
24021,41,0.6092839862078671
25073,41,0.5890969895715034
582,41,0.31386008028526774
794,41,0.23735652445406508
1121,41,0.21100773301297007
6111,41,0.37581358582463337
23010,41,0.49513245690417007
25078,41,0.4686325440446018
520,41,0.38066271809081575
797,41,0.24205816261075386
1215,41,0.19376547512460002
15870,41,0.1908834719046311
24914,41,0.41292837326135556
25754,41,0.3916190808746123
27093,41,0.3791343558440053
464,41,0.5951842800190472
803,41,0.2533149687538205
7194,41,0.3244493413906227
15875,41,0.1309213258896757
17934,41,0.16513625013702052
24036,41,0.3201034018641564
24919,41,0.31455709216593225
305,41,0.6242456000320833
1317,41,0.19100533091047794
7200,41,0.26653850195904955
15880,41,0.09116050260687433
17939,41,0.30517299344386234
26316,41,0.18055041036029937
26733,41,0.24085704697847807
259,41,0.6974291930087845
6988,41,0.07659044237944229
8289,41,0.32029155016701644
9161,41,0.18093861470429867
17944,41,0.4540897251703599
18784,41,0.3041721270968311
25098,41,0.15038941409741913
26321,41,0.177396656213351
266,41,0.43398589286975553
479,41,0.07351754880793465
6994,41,0.256386700830082
8075,41,0.32643571548022854
9166,41,0.2648746917576848
17949,41,0.15263187757306015
21987,41,0.10349079256532519
24050,41,0.21101351013839093
25103,41,0.21340144789199136
270,41,0.07705152107391981
823,41,0.056437792806907916
8080,41,0.0820474996464368
11283,41,0.03253327107687483
17953,41,0.11776871710082781
18794,41,0.11693135906593446
113,41,0.9097878227675131
616,41,0.15731845615351372
827,41,0.09414234536392975
1245,41,0.0525754849662012
8302,41,0.11306286827992716
10246,41,0.26261861470315906
17958,41,0.097233330112157
18799,41,0.3242982366530905
27608,41,0.3619704743358111
63,41,1.0855167503583747
11706,41,0.584986917890285
19654,41,0.29748539080295916
22002,41,0.5675317036501397
27127,41,0.3011768613369502
27613,41,0.5174718377146602
27674,41,0.4546232288005212
44,41,1.1673054024770213
560,41,0.21935055454018415
838,41,0.1831963516213487
4093,41,0.31691520485942115
11711,41,0.7647417187490282
19874,41,0.2686432446323238
26346,41,0.44936165916033166
27313,41,0.37533458668004305
27723,41,0.5307294439565594
16,41,1.2628712625635925
9190,41,0.40525518551219614
12334,41,0.6477211607469099
21165,41,0.2874695635401817
24759,41,0.6459126254604117
27468,41,0.39208953261933976
27795,41,0.7954858745071789
7,41,1.3268908737074325
103,41,0.33066699424050716
248,41,0.30344255020459837
847,41,0.266134903742034
1733,41,0.17603277141268617
3377,41,0.14913490594671333
12339,41,0.7165759056486847
19884,41,0.13161292721116796
26773,41,0.531885755867341
2,41,1.3848095401352756
852,41,0.3163818352480918
1270,41,0.2471454442708657
1738,41,0.18705903525177187
3208,41,0.18590481260195726
13322,41,0.7800810436987826
17983,41,0.4973798738217277
22231,41,0.0511914708312091
27147,41,0.37614929473057807
27381,41,0.4504643407038682
27633,41,0.40905086267862256
6,41,1.2171256469025158
112,41,0.9919996091484938
258,41,0.9550759189227028
518,41,0.9190466184055249
1275,41,1.054054405005569
2541,41,0.2179906942486997
3213,41,0.19933152948307437
10275,41,0.4083370891413422
12349,41,0.9803361319410342
13326,41,1.0842787994151535
17988,41,0.5525433015264646
21180,41,0.2956269762629653
23074,41,0.05904883440991651
27436,41,0.4353376142365369
27638,41,0.42683099260584506
2385,41,0.1458223924572641
3218,41,0.21385715301230193
8120,41,0.22552147193323974
11322,41,0.8256644384120227
17993,41,0.6141367596896562
18834,41,0.6057585411562814
23079,41,0.36726641055997145
24947,41,0.08796138071921136
27156,41,0.554522370203932
27607,41,0.8716310843924727
2390,41,0.29827743472879065
15737,41,0.72217962280254
25809,41,0.18470627368296913
27869,41,1.0288441316084604
2394,41,0.24916376784571473
4127,41,0.282975502442895
18843,41,0.8637920010203013
24089,41,0.09776496092593796
24957,41,0.1256144239263854
25814,41,0.12304113265489053
3230,41,0.5036285730275114
5134,41,0.2884258062854239
14945,41,0.7078717366726769
24094,41,0.02574193154367305
28189,41,1.4155445250350471
3235,41,0.4604721985954273
7058,41,0.41828571603670095
14950,41,0.5773912737313558
15954,41,0.5705579279124516
16977,41,0.5814832789110916
23099,41,0.2543463687751918
2721,41,0.33337765751521786
9234,41,0.16302689077234814
11346,41,0.3196288623738509
13355,41,0.14011582787398844
16981,41,0.568163095106506
20996,41,0.4007315420921614
25487,41,0.9773646156586538
2557,41,0.08953823031281836
4146,41,0.35130681837837274
7283,41,0.43086552600589934
21002,41,0.2694916446559166
24976,41,0.13709868687402743
2396,41,0.3684689517399214
3250,41,0.30832670396421785
7072,41,0.4197516304454011
9244,41,0.1217816137565172
14964,41,0.369815073102947
18867,41,0.4285880965738775
22065,41,0.3000517185656621
25659,41,1.0596183045905956
3254,41,0.2632904868467761
9249,41,0.06747893000031192
10319,41,0.17813299297753749
13370,41,0.33184857888660674
15973,41,0.4839740908675355
16996,41,0.5174563319040008
18872,41,0.38412220346888415
19938,41,0.3202588628929026
25819,41,0.9041614925933796
2406,41,0.4474779066663269
6224,41,0.22951022778088484
7082,41,0.31512475976373655
18037,41,0.49262430011519565
18877,41,0.42930758345827724
19944,41,0.23322999393303312
21016,41,0.2755480582131985
22075,41,0.2784392266329509
23123,41,0.35460584255525396
24991,41,0.2032754017084165
2411,41,0.37122114200464185
3089,41,0.26556244919027294
4166,41,0.21801060529247304
8169,41,0.22517851581550016
11371,41,0.19868009699009093
15983,41,0.42512907263206273
18042,41,0.5424665826359195
21021,41,0.298249502853062
24128,41,0.3245991708477245
2416,41,0.31464452419551187
6234,41,0.2265100379821405
9264,41,0.12473668505080988
13200,41,0.3144813834360111
15988,41,0.4098433651547483
17011,41,0.4521169586213555
18047,41,0.4610842356290748
21026,41,0.37467642819902586
22085,41,0.34597599560721376
4176,41,0.2507046872927082
6239,41,0.18074115942428076
8179,41,0.1564058020853133
18052,41,0.38040847086686025
25831,41,2.076221373365524
1962,41,0.26153873592369153
2426,41,0.3071715223915996
9274,41,0.15609057139748822
10344,41,0.08809677795877083
23143,41,0.3424478964107434
25011,41,0.3251880109064947
7107,41,0.0887309321668292
8189,41,0.055552802247848275
10349,41,0.029691995328003123
11391,41,0.035942774448840344
14998,41,0.3633707944778136
17026,41,0.3123099909454566
23148,41,0.5183889892726983
24148,41,0.3709619241958627
1845,41,0.40099692674774345
3289,41,0.2868413348148612
14299,41,0.20576407249326123
18067,41,0.4004072516552425
21046,41,0.5305432972517771
25021,41,0.5592904725384458
25846,41,0.397111585499955
2441,41,0.4148721789216262
3119,41,0.29581318263032247
4010,41,0.21535264496166848
9289,41,0.10562265872701687
12433,41,0.08491794304319793
13388,41,0.10723677451531152
16013,41,0.5164691467863516
18072,41,0.4706330697911803
18912,41,0.5052474419038678
25851,41,0.24225654704921945
1741,41,0.6523697174637895
2446,41,0.371360560439346
3298,41,0.26873382191071
4200,41,0.21810232740244043
8203,41,0.16281702742601692
9294,41,0.14263948012956476
10364,41,0.0437054336649312
12438,41,0.029819824957391213
15013,41,0.2936725368601569
17040,41,0.4817146972652996
18917,41,0.42095989646921633
19983,41,0.5764962124479136
25031,41,0.41644288535457896
25856,41,1.0462619783756517
27857,41,2.4835342302148575
3303,41,1.8246959619682308
4205,41,0.32099888888169015
5208,41,0.24172118858861866
6269,41,1.3726510262150027
7126,41,0.14306809423006212
8209,41,0.6757765343608853
9298,41,0.13220200138826327
10368,41,0.058348941258875416
11410,41,0.05392305993837818
27967,41,0.46818677937806685
27981,41,0.1152641911234586
28051,41,0.7400760475461045
17045,41,2.274386029287722
18290,41,0.9329760495818691
19987,41,3.216441863914009
21060,41,3.1947471970703276
22118,41,2.3912469407302273
23166,41,3.1647931473737216
24166,41,2.1628489535728472
25035,41,1.5387392531595174
25860,41,0.42903484706760436
27918,42,0.04392862549345445
8211,42,0.05456154714296624
9083,42,0.04883866224584124
28125,42,0.06894525381966575
20418,42,0.09607842130045322
5210,42,0.04511479774150824
6057,42,0.04887836432321854
7130,42,0.03946340927690969
7997,42,0.038364724876073175
9087,42,0.03940811234535281
9948,42,0.04928692417422603
18291,42,0.08652088107216464
18922,42,0.11613783375305876
19776,42,0.12067905867346143
20849,42,0.12908471705688263
21908,42,0.12887280839019377
22958,42,0.11582468131875502
3482,42,0.037718047375175284
4019,42,0.03789118850675386
4798,42,0.041243215285749854
5849,42,0.04832596247008455
7136,42,0.03886806140200018
8002,42,0.0384537505950177
9092,42,0.039869326731838316
10161,42,0.05105113013399273
11204,42,0.03939322932554137
12238,42,0.03618307529200697
16840,42,0.0430992078776209
17874,42,0.05405250441868254
18716,42,0.11211756441140575
19565,42,0.11466406940062798
20854,42,0.13241285288580554
21913,42,0.1333920042733135
23977,42,0.055333275875058686
2451,42,0.02569652671801124
3131,42,0.04039815984995876
4023,42,0.04197548330442607
5007,42,0.04651615374709835
5853,42,0.0487298623130419
6925,42,0.04823011397044333
9097,42,0.05569449671256805
10167,42,0.05597771336112376
11209,42,0.05172491977948088
12241,42,0.04243899455148769
13218,42,0.04239592165225131
14012,42,0.03996488310737683
15017,42,0.054427547140158745
16843,42,0.06672162713638889
17880,42,0.08822425223734921
18932,42,0.12364608816595807
19571,42,0.12679899358661098
20860,42,0.15495511684054586
21918,42,0.1600414919480388
22966,42,0.1684088441275716
24699,42,0.1931621751433941
1745,42,0.07533506115308297
2293,42,0.04527690040507615
3135,42,0.037698662560459624
4028,42,0.039317560637542624
27900,42,0.06429205398115265
7146,42,0.03175556804521667
8012,42,0.026048607509382357
15826,42,0.06166448795600082
16848,42,0.09283255170337754
1645,42,0.11065327398879199
3141,42,0.042654451403497634
7150,42,0.1037312082643189
8016,42,0.14286076198921072
9111,42,0.15067790548692886
12255,42,0.10075977433854563
18734,42,0.2819622607809501
21932,42,0.26360969517186283
1279,42,0.28823960122952896
4042,42,0.16144530704314564
11228,42,0.3211712138070974
12260,42,0.2411557326136213
13237,42,0.2047155314183651
18951,42,0.14625481896158182
21937,42,0.4278905502150176
1191,42,0.32382178620072855
3155,42,0.05310429762401199
10193,42,0.09767590968634049
28017,42,0.3351600525623139
13243,42,0.14833123398213302
17904,42,0.23431779995432442
18744,42,0.23123788022998742
19810,42,0.25907782765709114
24889,42,0.17977206767341705
4833,42,0.21073705108855167
18749,42,0.30946280167162926
20888,42,0.414167799351485
22995,42,0.45491012776321815
861,42,0.40824954629686033
4246,42,0.07079327972161094
23000,42,0.5533930387509182
24016,42,0.5681297086180835
788,42,0.5018832792476099
4062,42,0.06727208671681985
14856,42,0.2396643745771318
21957,42,0.5085249001563154
24021,42,0.5478745078373991
25073,42,0.7543671985845254
582,42,0.3809855229108588
794,42,0.2902728374211218
1121,42,0.3141350504910043
6111,42,0.30181929542598
14861,42,0.24269711775253724
15865,42,0.2987845446635748
23010,42,0.45384735627422057
24026,42,0.5282352839276935
25078,42,0.6810989280820704
520,42,0.4111703414688581
797,42,0.3053033586247261
1215,42,0.25541595032905456
6116,42,0.2246665820153601
15870,42,0.35785289661444114
27093,42,0.33230330609478465
464,42,0.6269432972702644
803,42,0.2639949558639479
7194,42,0.2061753593383783
15875,42,0.34271411346497993
17934,42,0.14571079348631163
24036,42,0.2730282442448488
24919,42,0.36464182397671696
305,42,0.6460494848690194
1317,42,0.2637690708237374
8065,42,0.25426483520417115
15880,42,0.32280964974045295
17939,42,0.36345497809016075
26316,42,0.20180545257242488
26733,42,0.2733246571388305
259,42,0.6840630806865511
6988,42,0.10236492494800874
8289,42,0.32649921993168113
9161,42,0.26165214571467194
17944,42,0.4099419056496775
26321,42,0.15005730776993415
266,42,0.7421982420073477
8075,42,0.2904363958412193
17949,42,0.31752735661050646
21987,42,0.2138608751235624
25103,42,0.21583179553645354
270,42,0.2818355554719936
823,42,0.18575296426580126
1241,42,0.14279693374514854
8080,42,0.09680064922568991
11283,42,0.11609764416008655
17953,42,0.2605702529268509
113,42,0.9678006368107154
616,42,0.2617375782430958
827,42,0.21819422605151345
1245,42,0.17109922274178258
8302,42,0.17811546571912798
10246,42,0.5210622389240095
11287,42,0.22156326307957078
17958,42,0.4151288889755541
18799,42,0.27137510177250257
27608,42,0.3568605270126477
63,42,1.1747284172163996
11706,42,0.9343879413116909
19654,42,0.2674022355213985
22002,42,0.7830203735503646
26758,42,0.20859521879024484
27127,42,0.20901471156870222
27674,42,0.469736546344
44,42,1.2809029468079367
560,42,0.30845420132694834
4093,42,0.4058076748484747
11711,42,1.0894850261637061
19874,42,0.3076452449229946
27313,42,0.24310650161962177
27723,42,0.44689182017772716
16,42,1.3937044656193358
9190,42,0.17272096245966934
12334,42,1.04725764279579
21165,42,0.2710288703800826
26352,42,0.1630857218401989
27468,42,0.2590861674823962
27623,42,0.3624835523129942
27795,42,0.6661295424672431
7,42,1.5155078174163963
103,42,0.5083330906098272
248,42,0.4253669172577115
847,42,0.3532040859958693
1733,42,0.3100293898385054
3377,42,0.27647844480584954
12339,42,1.1892087722299938
26773,42,0.1679610675021094
2,42,1.6344298909957902
1270,42,0.3044356918204585
1738,42,0.31783472875199836
3208,42,0.2766062833025468
13322,42,1.1904447990031797
14115,42,0.8559379212056768
17983,42,0.7219509570424177
22231,42,0.11097997521184257
27147,42,0.09100543852396482
27381,42,0.14537898738948515
27633,42,0.3154723479388416
6,42,1.5931463728026807
112,42,1.2135154388166562
258,42,1.1977136581735983
1275,42,1.2437380980849908
2541,42,0.29275153404359555
3213,42,0.3821812447513141
10275,42,0.3881466555352228
12349,42,0.9637332941541379
13326,42,0.8826652205303069
17988,42,0.5706346405841692
23074,42,0.14148782489061584
27436,42,0.2459745440190604
27638,42,0.3144957514105841
2385,42,0.27304008672176827
8120,42,0.21780062325996644
11322,42,0.6080624716920678
17993,42,0.329149600180443
18834,42,0.2393895724698766
23079,42,0.22524081948586153
24947,42,0.22647658679321575
27156,42,0.4021099150635345
27607,42,0.9340126418825352
2390,42,0.5140127315965725
4122,42,0.35138839133540156
15737,42,0.29851029695598147
27869,42,1.3720229118233729
2394,42,0.5419658214939483
4127,42,0.29217197201779793
24089,42,1.0502738384546788
24957,42,1.022766961278417
25814,42,0.9097322765017484
3230,42,0.18283624946887134
14945,42,0.6010717613539124
24094,42,0.619291923187267
28189,42,1.6840993062357668
3235,42,0.2456900513869029
7058,42,0.1856106775284612
14950,42,0.4273283414060841
15954,42,0.4362230415694246
18013,42,0.25037264354301714
23099,42,0.24277547147231618
2721,42,0.5288185204191012
4141,42,0.2282717890223846
5992,42,0.18871902490551248
9234,42,0.40089712224276636
13355,42,0.20878355718773006
16981,42,0.45414622464709437
20996,42,0.17525064124736336
25487,42,0.5895402810877766
2557,42,1.1887960597616758
4941,42,0.21684981642522247
7283,42,0.1692463250504937
11351,42,0.4643618537276794
21002,42,0.09919786730234487
24976,42,0.23575778355347135
2396,42,0.24613575192944562
3250,42,0.17129373785341515
5154,42,0.2207672277461977
9244,42,0.29322530880762726
14964,42,0.1746015302147044
18027,42,0.3490914221752411
18867,42,0.2514410419041265
22065,42,0.15403319493821727
25659,42,0.07363945918489936
2401,42,0.06969085431522104
6219,42,0.20621924891847318
9249,42,0.19607362316168753
10319,42,0.3654657171539211
13370,42,0.4011671865697346
15973,42,0.20824205476611315
16996,42,0.294409241371294
18872,42,0.2390805898477552
19938,42,0.2549834301618866
25819,42,0.5595039783976278
2406,42,0.08164367421718771
6224,42,0.17713247700357732
7082,42,0.17260988429284543
18037,42,0.2398908044742131
18877,42,0.246757856839379
19944,42,0.2242387018685916
21016,42,0.1999244415095043
22075,42,0.16215536712058556
23123,42,0.11993118226211824
24991,42,0.11650567997101799
2411,42,0.014762848051936258
3089,42,0.1062135341875969
4166,42,0.12667025249410474
8169,42,0.1631879839275056
11371,42,0.35604888823998493
15983,42,0.16888044180017178
21021,42,0.17721585943050835
2416,42,0.08512272955228191
3269,42,0.17687771576125266
6234,42,0.21729959663491094
9264,42,0.12538880497406052
13200,42,0.2377369537606397
14984,42,0.09554586294014207
15988,42,0.18972032454690152
17011,42,0.20497955940384724
18047,42,0.2719589334238981
22085,42,0.20454234542988223
2421,42,0.08887726284654095
4176,42,0.06677473441718737
5179,42,0.18563298848596665
6239,42,0.1939489591903074
8179,42,0.27576689756127437
14989,42,0.12128362984399106
15791,42,0.21160126818833336
18052,42,0.24048752783786662
25831,42,1.635889982596428
1962,42,0.8671437471896577
2426,42,0.011458810962385437
6244,42,0.20245836325315628
8401,42,0.21908505454778499
23143,42,0.16151661432576084
25011,42,0.29535742426049016
4186,42,0.08476319972553555
7107,42,0.11906171897904197
8189,42,0.17323823030238708
14998,42,0.12409610431402661
17026,42,0.23634482773987434
23148,42,0.20500751059090258
24148,42,0.32899706430799874
1845,42,0.3986060778716459
4190,42,0.3206248019390256
14299,42,0.3251344594817022
18067,42,0.12076639184980986
21046,42,0.22472998158071408
25021,42,0.4078288060072009
25846,42,0.48988735968065
2441,42,0.28526665619199065
3119,42,0.14100015134074603
4010,42,0.18592508098591212
7117,42,0.2331231194712864
8199,42,0.3104190807692809
9289,42,0.28819486069681605
13388,42,0.2707074329510684
16013,42,0.3064116619251955
18072,42,0.21086869530825714
18912,42,0.09937392963317197
23158,42,0.31375835380553124
25851,42,0.6140402379038307
1741,42,1.7161670892997984
2446,42,0.17843958584341843
3298,42,0.21206370829040616
4200,42,0.22303485313709526
8203,42,0.13841886682517632
9294,42,0.12188482019397755
10364,42,0.20682656874718125
11406,42,0.20269508417855278
15013,42,0.1991357630107082
15815,42,0.18509572726944482
18917,42,0.18200485431705898
22115,42,0.20838302369438305
23163,42,0.4197116584636324
25856,42,0.5967974694561711
27857,42,2.7933550905631037
3303,42,2.1348240838379464
4205,42,0.10102640062969073
5208,42,0.14944425140585188
6269,42,1.3209157904736435
7126,42,0.06271454477615163
8209,42,0.8404694704469601
9298,42,0.016826844447270273
10368,42,0.1216035842676515
11410,42,0.17874245587324156
27967,42,0.7343783988257406
27981,42,0.27027186815081833
28051,42,0.19803198222513752
17045,42,2.879546149726332
18290,42,0.3621842112768754
19987,42,3.4352646560431253
21060,42,3.4913220675680767
22118,42,2.402055846533031
23166,42,3.155485683116682
25035,42,0.5015697360608398
25860,42,0.4672761120051153
27918,43,0.038919681131240544
8211,43,0.045044789942532366
9083,43,0.037133918826672566
28125,43,0.04560523088725161
20418,43,0.05250137312881159
5210,43,0.040472322560322724
6057,43,0.04600017960334975
7130,43,0.03569978487126369
7997,43,0.034749632243405576
9087,43,0.0342063584947283
9948,43,0.032106973296905615
18291,43,0.0574568086036574
18922,43,0.06690334669200017
19776,43,0.07015633696707779
20849,43,0.07501653376533098
21908,43,0.0732713982351685
22958,43,0.07571274014411838
3482,43,0.033273372274529714
4019,43,0.032108283915235826
4798,43,0.03549562624370405
5849,43,0.045639483456679966
7136,43,0.034903474469461925
8002,43,0.034570703561367225
9092,43,0.03597909619560163
10161,43,0.03177338507044547
11204,43,0.030041544157078163
12238,43,0.028881715520589518
16840,43,0.04136210713311898
17874,43,0.04361071378277894
18716,43,0.0653297331274211
19565,43,0.06628621398368054
20854,43,0.07831024671336202
21913,43,0.08054930940402778
23977,43,0.04885203430246569
2451,43,0.021210624383225775
3131,43,0.035606093986981086
4023,43,0.03749609863530396
5007,43,0.04425481358904846
5853,43,0.047051176186207785
6925,43,0.043782368083487316
9097,43,0.051909613215225386
10167,43,0.04898207560818206
11209,43,0.04597024748473578
12241,43,0.03397403614153476
13218,43,0.033837476066597615
14012,43,0.034152584761353265
15017,43,0.04960041408828334
16843,43,0.056033423547611635
17880,43,0.06039767080888641
18932,43,0.07850839066052102
19571,43,0.08128917110965686
20860,43,0.09488551377352208
21918,43,0.0987995018777263
22966,43,0.1132671842026127
24699,43,0.13512076582179006
1745,43,0.005880087856470755
2293,43,0.03743487399654276
4028,43,0.06570365942259293
27900,43,0.04199806515047546
7146,43,0.15420249926753785
8012,43,0.15317860149768112
16848,43,0.07074777539759493
1645,43,0.04947089500084653
3141,43,0.10952206829174738
7150,43,0.10637944080916728
8016,43,0.17389601997157775
9111,43,0.34798366293209476
12255,43,0.2839073371999379
18734,43,0.020008759077592923
21932,43,0.18739351558638548
1279,43,0.19376971614540095
4042,43,0.21388673152761686
11228,43,0.40852299398896147
12260,43,0.40662076507305417
13237,43,0.32757146468616516
18951,43,0.09111012062057373
21937,43,0.28368383266032526
1191,43,0.23439573118825105
3155,43,0.09303982062930506
10193,43,0.08656022850078923
28017,43,0.48616776731175704
13243,43,0.24143547265584317
17904,43,0.07202886914606174
18744,43,0.12614938010116208
19810,43,0.11688795744714875
20883,43,0.21012990488859884
6096,43,0.04518319343773706
18749,43,0.1534687149014693
20888,43,0.2939911091698571
861,43,0.4191712804134483
4246,43,0.046172301464586986
23000,43,0.4063993398850157
24016,43,0.3436100082476486
788,43,0.4258383617045999
4062,43,0.10291421858359334
5047,43,0.22283838182682897
14052,43,0.39397718018442235
14856,43,0.43105001335414284
21957,43,0.38679796838923614
24021,43,0.36658554816704175
25073,43,0.43630056685681645
582,43,0.37926033396992753
794,43,0.3290785279915227
1121,43,0.31711579997156475
6111,43,0.3684657344585922
15865,43,0.43483139016156697
23010,43,0.3510516294245531
25078,43,0.2887403997630445
520,43,0.40304660605864434
797,43,0.3256201761734331
6116,43,0.27218333965576813
15870,43,0.433543710066442
27093,43,0.46176932131387866
464,43,0.5337731964670852
803,43,0.38694836260701
7194,43,0.26156155242155593
8061,43,0.22574261348947264
15875,43,0.488646273409284
17934,43,0.11327815850763785
24036,43,0.19141089450391005
25760,43,0.10300656275433515
305,43,0.6912325984527975
1317,43,0.3009129573334233
8065,43,0.28372904593607867
15880,43,0.5093435498427485
17939,43,0.291925538039332
26316,43,0.2955721401022407
26733,43,0.513008981924468
259,43,0.7418827275846215
8289,43,0.2593421637302493
17944,43,0.45564591082333317
26321,43,0.28678525056937837
266,43,0.8103096074649786
8075,43,0.3016327340938758
17949,43,0.6570607545220587
25103,43,0.17495448715228115
270,43,0.44965088526405944
823,43,0.22616321447738597
8080,43,0.16435607127777485
11283,43,0.02189848699015668
17953,43,0.6705318651253259
113,43,0.9188701705929867
616,43,0.29234706976372316
827,43,0.25384553223697337
1245,43,0.22359240989430462
8302,43,0.3681890187292535
11287,43,0.3192690965833909
17958,43,0.7144053941227818
18799,43,0.1747965128528577
27608,43,0.5698216097048625
63,43,1.1358265456894734
11706,43,0.7144865643538337
19654,43,0.1387491807171185
27674,43,0.6520215193868801
44,43,1.2198716677342598
560,43,0.34783965506907755
4093,43,0.1816796172303304
11711,43,0.7960102921172519
22007,43,0.18109693559414894
26763,43,0.2784385498227371
27313,43,0.37015274333724996
27723,43,0.5072061500905981
16,43,1.3844725659934305
9190,43,0.35135222507078695
12334,43,0.7148508877136012
21165,43,0.337268857358353
27468,43,0.38343526769763797
27795,43,0.688676206715385
7,43,1.525378392969412
103,43,0.7806112999211616
248,43,0.5967499765878908
508,43,0.5530499075507196
847,43,0.5055862051345789
1733,43,0.3031432028030121
3377,43,0.17447535285693874
17978,43,0.08349511938556282
26773,43,0.27983961512663286
2,43,1.6405410356887469
1270,43,0.5540299384588675
1738,43,0.3756499217453723
3208,43,0.2173588840326496
12344,43,0.8938086063090075
13322,43,0.8601071977447058
14115,43,0.39088862929486584
17983,43,0.2259872029221989
22231,43,0.515686444898491
24069,43,0.20421851478600908
27147,43,0.2640625539214807
27381,43,0.21173952393192536
27633,43,0.423049412515887
6,43,1.6080043939869444
112,43,1.415356254119212
258,43,1.3853311883257002
1275,43,1.4047517974567152
2541,43,0.35068679591151136
10275,43,0.1886064093751836
12349,43,0.5075127031535588
13326,43,0.4931578616147888
17988,43,0.34574363930781676
23074,43,0.5211734526611362
27436,43,0.2886513166136089
27638,43,0.40114487395722526
2385,43,0.4845756653890354
8120,43,0.4074043257202611
11322,43,0.18030188959852633
17993,43,0.34849078784255283
18834,43,0.21308242812201356
22031,43,0.39615887970442
23079,43,0.47171898776055493
24947,43,0.36828317459677606
27156,43,0.4027431766136697
2390,43,0.5579677769194521
11119,43,0.7339013277826719
15737,43,0.3433340646049676
24084,43,0.6782078685409314
27869,43,1.5579883631843645
2394,43,0.5897485645812076
4127,43,0.5215749297185612
24957,43,0.8281038502898138
25814,43,0.6323564766785388
3230,43,0.46379980749802807
4132,43,0.44036367098395507
19913,43,0.41500713392011795
24094,43,0.7994729134689377
28189,43,1.5317296939703566
3235,43,0.340837087365683
5140,43,0.420751202051783
7058,43,0.44617291100163486
14950,43,0.1893570314397769
18013,43,0.09213030135561288
23099,43,0.1718345367955335
2721,43,0.9227524849060335
5992,43,0.4575461820449718
9234,43,0.4605071664084504
13355,43,0.706475965755947
16981,43,0.20028410543785544
20996,43,0.16607759613116363
25487,43,1.0938239148050288
2557,43,1.3242047180583545
3244,43,0.3569409557005846
7283,43,0.4562469777555744
11351,43,0.5465726192447933
18022,43,0.05793866674372359
21002,43,0.16978632030189436
24976,43,0.13382984833892375
2396,43,0.5418501938730551
3250,43,0.4037232438730878
5154,43,0.47234581909061135
9244,43,0.47371436357501967
18027,43,0.12253476014871195
18867,43,0.057190524964272765
22065,43,0.09698414739725464
25659,43,0.4135183062378815
2401,43,0.26189546113455475
6219,43,0.4511699624376978
9249,43,0.45953170430054074
10319,43,0.4602034329636836
13370,43,0.5360660396702918
15973,43,0.17083677444749482
16996,43,0.022087482940570575
18872,43,0.04229877730582028
19938,43,0.02347538760184831
21011,43,0.044815255840418344
22071,43,0.07077940357834143
25819,43,1.072910235766639
2406,43,0.24956317061803251
6224,43,0.43057823969792713
7082,43,0.4303548251516294
18037,43,0.028122967853570033
18877,43,0.034181895121621564
19944,43,0.09503144219419023
22075,43,0.08162691372760346
23123,43,0.08142451041846166
24123,43,0.17691489874429325
24991,43,0.22807531134671474
2411,43,0.16362071831999347
3089,43,0.3465660431796579
4166,43,0.3754230777538931
5169,43,0.3933746963673769
7087,43,0.397601730210233
11371,43,0.4913085300981477
15983,43,0.21562071470499955
18882,43,0.031953089510591094
21021,43,0.14366248732787393
23337,43,0.15123005332616699
2416,43,0.1529182249060164
3269,43,0.33735576063618344
6234,43,0.3795245516337362
9264,43,0.4108683087645277
13200,43,0.42633204153710713
15988,43,0.20421522429923428
17011,43,0.10708056173670945
18047,43,0.03620825116043639
19953,43,0.06050388970902496
22085,43,0.11321178596687842
25826,43,1.5381483504817293
2421,43,0.18314978320167566
5179,43,0.34117874628781475
6239,43,0.35958324786166457
8179,43,0.39762763146177316
14989,43,0.17500420256397572
18052,43,0.14746733508854298
21031,43,0.15761339222216306
23138,43,0.1585520686249784
25831,43,1.5692108323893015
1962,43,0.3065016328303281
2426,43,0.2649911226224139
4181,43,0.37595882392677205
5184,43,0.34120689881404065
8401,43,0.4056784051313453
14993,43,0.23456003085769875
17020,43,0.2543224313930418
18897,43,0.19047253748674012
19963,43,0.19755656648581518
23143,43,0.20523617566829405
25011,43,0.16337796642722768
2431,43,0.1294960963624761
4186,43,0.2995106033781945
8189,43,0.40372955693716955
12423,43,0.5879842920470149
14998,43,0.3208399777809544
17026,43,0.348697300039203
17854,43,0.2972995681359684
23148,43,0.21767920290377948
24148,43,0.20979472408632288
1845,43,0.22945335600383954
4190,43,0.2517486217499486
10354,43,0.3984370253330233
12428,43,0.4870135917679562
13383,43,0.3870831856060913
18067,43,0.31103265063770147
19973,43,0.2880606285356884
21046,43,0.22033157843043744
25846,43,0.30531384565150715
2441,43,0.3721624431841484
3119,43,0.2909580833958077
8199,43,0.38822458229587864
13388,43,0.4376024532017889
15008,43,0.4323627191347152
16013,43,0.46891498804953796
18072,43,0.3293502859063798
18912,43,0.2624797125729599
23158,43,0.35661199274632904
1741,43,0.34888602347451075
2446,43,0.355745104565673
3298,43,0.23570777217491068
4200,43,0.34276121308648105
8203,43,0.37003493206848415
9294,43,0.4025254656100128
10364,43,0.4086670920221465
11406,43,0.43174187828320393
15013,43,0.3616563855217273
15815,43,0.5278775095245984
18077,43,0.46003023218209144
18917,43,0.40155455500543824
22115,43,0.38941522786498406
23163,43,0.49110867658833224
25856,43,0.2963331370289135
27857,43,2.5497853969870024
3303,43,1.2402235914741315
4205,43,0.40400588979801866
6269,43,1.1669921057493455
7126,43,0.3321492919988438
8209,43,0.6939390549523637
9298,43,0.46428708032069266
11410,43,0.3822919531207898
27967,43,0.93249378783602
27981,43,0.47880978680555675
28051,43,1.1381279513401947
17045,43,2.1641084515546116
18290,43,1.3133805535131726
18921,43,2.792489549288956
21060,43,3.0313583067554366
22118,43,2.8757334896662883
23166,43,3.466240647932071
25035,43,1.7872570294072594
25860,43,1.5229956845791492
27918,44,0.04529933329621842
8211,44,0.05570670269715019
9083,44,0.05087218864897899
28125,44,0.034448897045897445
20418,44,0.04124558522653854
5210,44,0.04997283800220284
6057,44,0.05032276923854536
7130,44,0.03670312907103196
7997,44,0.035695298229698025
9087,44,0.040370152674074886
9948,44,0.03739764934433025
18291,44,0.05211832425389051
18922,44,0.05450504464345787
19776,44,0.054945724902490986
20849,44,0.05997885570376632
21908,44,0.05728648950836893
22958,44,0.052426180740302974
3482,44,0.0619281028721126
4019,44,0.03688144251709079
4798,44,0.04676299943859339
5849,44,0.04839135862620597
7136,44,0.036721222528351
8002,44,0.036144224143633226
9092,44,0.04158772902203043
10161,44,0.03618869309815737
11204,44,0.026813793051787785
12238,44,0.025470326244913015
16840,44,0.04348594697574506
17874,44,0.04548335001602976
18716,44,0.05872790182206691
19565,44,0.05611691730653552
20854,44,0.06440775250928898
21913,44,0.06338959332958345
23977,44,0.03864263619356049
2451,44,0.0823745023503857
3131,44,0.07268589005045771
4023,44,0.07357493664483607
5007,44,0.05866938694574572
5853,44,0.05413737762283223
6925,44,0.041991829083977125
9097,44,0.04926485440322036
10167,44,0.04517172727515222
11209,44,0.04249743619693571
12241,44,0.02995648893730238
13218,44,0.03237276663935101
14012,44,0.03240041524298746
15017,44,0.04889748488662648
16843,44,0.06303905903456374
17880,44,0.06725191374931525
18932,44,0.07687848146538909
19571,44,0.07815774883675221
20860,44,0.0850877777968196
21918,44,0.08390271538622715
22966,44,0.08642208871476129
24699,44,0.09109906660013116
1745,44,0.028912460361777737
2293,44,0.07991082218423197
4028,44,0.08160025911366678
27900,44,0.05284717413309292
7146,44,0.039228230916052806
8012,44,0.04025450124741946
16848,44,0.2200595786932438
1645,44,0.12180740640428302
3141,44,0.10162574414073443
7150,44,0.10920436391206462
9111,44,0.09021851279851074
18734,44,0.030704859886050314
21932,44,0.031583341346478576
1279,44,0.1783001289056787
4042,44,0.2614433820877323
11228,44,0.23411339954900326
12260,44,0.23401122977306876
13237,44,0.31358241992605196
14836,44,0.07965839765110277
18951,44,0.12719855090454094
21937,44,0.04068122142064419
1191,44,0.22842387100071973
3155,44,0.08188957106030915
10193,44,0.3923774066252544
11233,44,0.3583826746363345
28017,44,0.32808132840763854
13243,44,0.33479258898322367
17904,44,0.07081370300207464
18744,44,0.05089585576980167
20883,44,0.11145368777374164
6096,44,0.21510081375006618
18749,44,0.09048330953920926
20888,44,0.08147974186325019
24011,44,0.12572710148039642
861,44,0.40740496755344735
23000,44,0.11663482843810154
24016,44,0.13973904277346286
788,44,0.4207152997574211
4062,44,0.11193013151502842
21957,44,0.07069405215293875
24021,44,0.11051724792712524
25073,44,0.1123870476417966
582,44,0.28770843089784043
794,44,0.1808636737542992
1121,44,0.17660595804504103
6111,44,0.7025012774549106
15865,44,0.5103082887419186
23010,44,0.1100671600726589
25078,44,0.15823128873648512
520,44,0.3270623327426955
6116,44,0.6633254120418168
6974,44,0.7590292014257526
15870,44,0.5796257400332083
25754,44,0.18095569127853273
27093,44,0.2175527023141316
464,44,0.577881454096155
803,44,0.1780318713424192
6121,44,0.5223630836463522
7194,44,0.7407937915807333
8061,44,0.7627072451513965
15875,44,0.49190128378258086
17934,44,0.4905585049124829
24036,44,0.07732874283116335
25760,44,0.173323484381359
305,44,0.7505115801156199
808,44,0.14502938332812187
1317,44,0.14683054876795648
8065,44,0.7764790815279139
15880,44,0.45467348766577437
17939,44,0.5283416649268069
26316,44,0.12552967424222514
26733,44,0.24491290808954744
259,44,0.770065536616524
8289,44,0.8419601931465235
17944,44,0.43916399076450235
25098,44,0.13659354644086344
26321,44,0.1542649483284405
266,44,0.8485313795836822
8075,44,0.8692888023222614
17949,44,0.4401055872285164
24050,44,0.16655105648203228
25103,44,0.19081786462817654
270,44,0.1896099601052804
823,44,0.03025090630311379
8080,44,0.6350298539046934
11283,44,0.4540838966384356
17953,44,0.3821993462510428
113,44,1.0294367412926477
616,44,0.057826775935439376
827,44,0.09829104622076698
1245,44,0.03502495933923195
8302,44,0.7160842836477025
11287,44,0.8878632715267373
13113,44,0.3526520829666542
17958,44,0.4157384944835447
18799,44,0.3068108141595179
27608,44,0.6945165124042979
63,44,1.2124126937803659
11706,44,1.0210545965499274
19654,44,0.3130600110114211
27613,44,0.5959672763223847
27674,44,0.7835591290602332
44,44,1.1045674575767308
560,44,0.12366864348863014
838,44,0.10110314435265275
11711,44,0.9820443220357085
27583,44,0.5211066511033077
27723,44,0.6521666047043998
16,44,1.3593709391403306
131,44,0.3765344391710795
768,44,0.12346485692389111
9190,44,0.5464903642840062
12334,44,0.9718917533458581
21165,44,0.27490561801683894
27795,44,0.7484281481869841
7,44,1.4229108648005597
103,44,0.5102918945770226
248,44,0.38811252873288227
508,44,0.4198479597670331
847,44,0.41119484585434174
1733,44,0.08549370749832993
3377,44,0.1628852411653532
13317,44,0.8006019609066254
17978,44,0.19020442290744333
19884,44,0.20632539368023148
26773,44,0.34140261643026365
27075,44,0.32526194048140084
27628,44,0.5392118231145879
2,44,1.451198972923541
1270,44,0.457129812970346
1738,44,0.061848866430297224
3208,44,0.09955364976218246
12344,44,0.9654386872066031
13322,44,1.0706638105748718
14115,44,0.6405368726962256
17983,44,0.27329038988292714
22231,44,0.1884291410694168
24069,44,0.6288811524395993
27147,44,0.5682922645983967
27381,44,0.5574988078613715
27633,44,0.6553526297113712
6,44,0.882753622690875
112,44,1.404878687106108
258,44,1.3251258439741598
1275,44,1.3651578307923176
2541,44,0.03698340869049215
12349,44,0.53026170334344
13326,44,0.7222557402308272
17988,44,0.14232188446373215
23074,44,0.2674883809754856
27436,44,0.7520792898466145
27638,44,0.715566068773537
2385,44,0.07310503165712579
3218,44,0.06642027195743835
4309,44,0.06493383192351657
8120,44,0.10888264566407523
11322,44,0.09424833164369537
17993,44,0.11961719038370666
18834,44,0.16303572472262728
23079,44,0.20601546046761968
24947,44,0.2877278983117864
27156,44,0.7573603870102721
2390,44,0.5074915919710347
14130,44,0.13545084750041264
15737,44,0.13033839028921052
24952,44,0.28837183658403553
27869,44,1.5305991993628583
2394,44,0.8938845249377297
4127,44,0.5017048289044531
24957,44,0.4046660864077346
25814,44,0.5067178554750968
3230,44,0.345470988167497
4132,44,0.38891677073641145
8134,44,0.5289849747981115
24094,44,1.0246598831468383
3235,44,0.21156001628413423
7058,44,0.34695957606136985
16977,44,0.05822852722136955
18013,44,0.11687186098718805
23099,44,0.19168900012076973
2721,44,0.449055089648482
3239,44,0.2422240415252651
5992,44,0.31290197453355434
9234,44,0.4672850258121445
11346,44,0.5124066851018558
13355,44,0.6180537521497087
16981,44,0.12320624104529039
20996,44,0.38561109705050706
25487,44,1.230305348133446
2557,44,1.0180958959621924
4146,44,0.33841312405561613
7283,44,0.3569770030091781
18022,44,0.13475572475262
19928,44,0.5044550248754507
21002,44,0.6806501689341442
24976,44,0.2831595144428833
2396,44,0.5144940571600327
3250,44,0.3332631288971792
5154,44,0.3629887459143063
9244,44,0.4196977783868315
18027,44,0.16639551861518886
18867,44,0.2526619498745264
22065,44,0.5276685845399481
25659,44,0.6649097334134196
2401,44,0.43038614708757367
3254,44,0.3682117588618615
6219,44,0.4141887261381986
9249,44,0.36270158227662275
10319,44,0.4404583301351717
13370,44,0.5200575418690926
15973,44,0.37698013204488057
16996,44,0.28092136507926596
18872,44,0.34979063981714614
19938,44,0.2982157634327696
22071,44,0.306198421745189
25819,44,0.7829711512297495
2406,44,0.39109116691175605
3259,44,0.3908945889167189
6224,44,0.4094759593272777
7082,44,0.393736620919875
8164,44,0.3799507853134881
18037,44,0.3236079877097531
18877,44,0.2728672820345733
19944,44,0.28387140775456854
22075,44,0.3049547125474767
23123,44,0.3474044832811296
24991,44,0.458450988111627
2411,44,0.30049943199005213
3089,44,0.42801000301041414
4166,44,0.4051540154098475
7087,44,0.4328415195332034
9259,44,0.3717446325228998
11371,44,0.5069726781802798
15983,44,0.3958638109400482
21021,44,0.27384968065612253
23337,44,0.4069206236801323
24128,44,0.3824430563072264
2416,44,0.2803274646408271
3269,44,0.3683963122288342
9264,44,0.3830765897609048
13200,44,0.5147971095087734
15988,44,0.4374282139373882
17011,44,0.3366510076974468
19953,44,0.248354307953166
21026,44,0.2778289838988965
22085,44,0.33161097006398443
25826,44,1.2337672194838722
2421,44,0.4057723117454916
6239,44,0.36534504819562563
8179,44,0.3852605199093989
14989,44,0.2533151420197772
18052,44,0.20633472628754185
21031,44,0.30990833602200046
22090,44,0.30162348818509355
23138,44,0.37724785865994753
25831,44,2.2318508414736242
1962,44,1.1172244403412732
2426,44,0.3328603453961167
14993,44,0.33426537736729384
17020,44,0.3745679821405312
19963,44,0.21655024002650122
22095,44,0.3067753109050257
23143,44,0.3449976404624498
2431,44,0.04555758404088986
4186,44,0.3727771162559529
8189,44,0.36695211517331877
12423,44,0.6144013902986353
14998,44,0.4789786128436559
17026,44,0.5188397251740753
23148,44,0.418440479282059
24148,44,0.4197266910920031
1845,44,0.12475891383928028
2436,44,0.05495418043796799
4190,44,0.1284983180973774
10354,44,0.25935640185513054
12428,44,0.4797332238359853
18067,44,0.40793595153254264
21046,44,0.27042895709114667
25846,44,0.4082309832859603
2441,44,0.049071029555185185
3119,44,0.06177400401220638
6259,44,0.23557094070952822
8199,44,0.24184282843553895
10359,44,0.20884820412384683
13388,44,0.35003667533134325
15008,44,0.5125083671356149
16013,44,0.6043125938424979
18072,44,0.43385812971544335
18912,44,0.2812467179571102
22110,44,0.33913457695990973
1741,44,0.21142861455168394
2446,44,0.053822257209606775
3298,44,0.17344526003056182
4200,44,0.18961026235725034
8203,44,0.2103186208722283
9294,44,0.2578729113042037
10364,44,0.24740700242210975
11406,44,0.17449804810712793
13393,44,0.15107455475525308
15013,44,0.4975338797027401
15815,44,0.5612317825534772
18917,44,0.24280515296458935
19983,44,0.24195654437316175
22115,44,0.540297791649446
25031,44,0.3994060626103167
25856,44,0.2586622406580921
27857,44,2.6458598828871662
3303,44,2.66335684783291
4205,44,0.5268116367248354
6269,44,0.944064429209611
7126,44,0.2726420786906395
8209,44,1.3304332948143542
9298,44,0.4405501654962071
11410,44,0.15389432436910272
27967,44,0.5997032217813814
27981,44,0.17751483725465816
28051,44,2.801449519505288
16225,44,2.743443013320431
17045,44,1.9867508495071164
18290,44,1.3296106454191683
18921,44,2.669601998596755
23166,44,2.809541441040288
24166,44,1.4984458270882899
25860,44,2.108212043479044
27918,45,0.026725265260149487
8211,45,0.029058934982727682
9083,45,0.02359348066331949
28125,45,0.012149655494378854
20418,45,0.012212929072412738
5210,45,0.030050125701466084
6057,45,0.033113304081481366
7130,45,0.020817963892693202
7997,45,0.02007711580101555
9087,45,0.020539933899159552
9948,45,0.009884844161965969
18291,45,0.017996890621798888
18922,45,0.018997923295251917
19776,45,0.019824067985349074
20849,45,0.020282380322384087
21908,45,0.018981005328708857
22958,45,0.020948222436109214
3482,45,0.025990410834102872
4019,45,0.026803734826909967
4798,45,0.026964386362271022
5849,45,0.033561701482908456
7136,45,0.021193117369094364
8002,45,0.020182600967860415
9092,45,0.022442210100699696
10161,45,0.009332177187033393
11204,45,0.009294126526279143
12238,45,0.010291462793473599
16840,45,0.01653870812844982
17874,45,0.01619022094720007
18716,45,0.020687798560897225
19565,45,0.020457059479109797
20854,45,0.02271313792845239
21913,45,0.0226908892469368
23977,45,0.015755408633966243
2451,45,0.021919084974503223
3131,45,0.027011566787322337
4023,45,0.027671318564895023
5007,45,0.029805559952649566
5853,45,0.032331683363349246
6925,45,0.027366106895845375
9097,45,0.02279530624949255
10167,45,0.01555546997396341
11209,45,0.012825863127334882
12241,45,0.012493207961797375
13218,45,0.009046539480904928
14012,45,0.009264921394226772
15017,45,0.01796439997668042
16843,45,0.022046354422867443
17880,45,0.0223694258331089
18932,45,0.02547159481705637
19571,45,0.025942126689080577
20860,45,0.02439161193002742
21918,45,0.023645638150021655
22966,45,0.02537835941225963
24699,45,0.02662595404389406
1745,45,0.006536542500907914
2293,45,0.04736730874771627
3135,45,0.04605888955122644
4028,45,0.03160446397949029
27900,45,0.05980302884117796
7146,45,0.05034102176495867
8012,45,0.050381985297655675
16848,45,0.07548408240765918
1645,45,0.04367830986090165
3141,45,0.03312303668627124
7150,45,0.10216638976851637
9111,45,0.11840232970540226
21932,45,0.050550967249055764
1279,45,0.21083448404959132
4042,45,0.1474696580449703
11228,45,0.16355082690444536
12260,45,0.16400929297200323
13237,45,0.05980074890864314
14836,45,0.11360318987007165
18951,45,0.19024715654167043
21937,45,0.1983112763549095
1191,45,0.2181626905538431
3155,45,0.07479151806639815
10193,45,0.07489495747834468
11233,45,0.08843867209801086
28017,45,0.13499523164911698
17904,45,0.12645330037728886
18744,45,0.19358814939747973
20883,45,0.1339159791680872
24889,45,0.13229308337642653
4833,45,0.17133150085266002
18749,45,0.1674947891490041
20888,45,0.19986929043752572
861,45,0.44083935592587453
14047,45,0.277803175969054
23000,45,0.19106355272192482
24016,45,0.19037804197661273
788,45,0.46840427985654
4062,45,0.04135264505073926
24021,45,0.12414144999863239
25073,45,0.11398779445511406
582,45,0.5168655339040202
794,45,0.35783368337523486
1121,45,0.2974292632323752
6111,45,0.2609435987468068
14861,45,0.38385901511705806
15865,45,0.4161991858036905
23010,45,0.12442109131469305
24026,45,0.12261608390099463
25078,45,0.15579947286124884
520,45,0.5290693650180487
6116,45,0.1921933949841283
6974,45,0.2341612229753384
15870,45,0.48372623584460595
24031,45,0.1087667221073484
24914,45,0.14724056428675616
25754,45,0.12160757376301025
27093,45,0.33116849111754376
464,45,0.6442727685448831
803,45,0.3199117877696309
6121,45,0.05910662434969789
8061,45,0.11201928449753544
15875,45,0.4820510850292749
25760,45,0.11894205840020812
305,45,0.7762423552718914
808,45,0.30278739734534493
8065,45,0.027223996560663398
15880,45,0.5550099533830488
17939,45,0.4682874736166391
26316,45,0.12388414790885562
26733,45,0.17986922241002143
259,45,0.798365157902287
6988,45,0.038902477680472516
8289,45,0.030474296111611763
17944,45,0.5814644298306747
25098,45,0.22912977299740786
26321,45,0.22225760313705162
27108,45,0.2336947374912984
266,45,0.8891275378090993
8075,45,0.08951158882700389
25103,45,0.27639435083116154
270,45,0.32029892822621997
823,45,0.2112621396445748
11283,45,0.11056132523169743
17953,45,0.7732304232889505
113,45,1.0380224109085314
616,45,0.2714331673708977
827,45,0.2194319791592893
1245,45,0.18811338216827958
8302,45,0.027186946066823432
10246,45,0.3714050558444142
11287,45,0.27567768688214267
13113,45,0.26152096850489603
17958,45,0.868898141983007
18799,45,0.15317681482894158
27608,45,0.8927401352189741
63,45,1.1704814947398074
11706,45,0.38416494833472536
19654,45,0.19057043754037792
22002,45,0.10086014266124654
27674,45,0.7668677233551123
44,45,1.2557234789413765
560,45,0.29733685130388693
838,45,0.32057603726924855
11711,45,0.3756059256198727
19874,45,0.17696198967247231
27132,45,0.41477819032902874
27723,45,0.7202176394920096
16,45,1.4182939967660004
131,45,0.5890914172287639
503,45,0.2809940365950166
9190,45,0.0888783924410269
12334,45,0.39185102180047615
27795,45,0.9161731291351641
7,45,1.5499019873958473
103,45,0.5593954500345918
248,45,0.31519322056567084
508,45,0.41938760706114997
847,45,0.6682048996892954
1733,45,0.31808163577569737
3377,45,0.14673490636856634
12339,45,0.48435914066453484
19884,45,0.3868012223167308
26773,45,0.5209628992080313
2,45,1.6501289176995362
108,45,0.6078316836754145
1738,45,0.2361288386940499
3208,45,0.13026367924114282
12344,45,0.47142153613951726
13322,45,0.44722596029849365
14115,45,0.27836724591505374
17983,45,0.2547877457837539
22231,45,0.46395979644124524
27147,45,0.6182098593269102
27381,45,0.6183686190291495
27633,45,0.7328807062452473
6,45,1.7842183877954643
112,45,1.3343791859661063
258,45,1.2869575833997773
1275,45,1.3449121687380539
2541,45,0.2017761972272657
3213,45,0.32997253604948273
12349,45,0.10968509372629914
13326,45,0.03012633723193297
17988,45,0.3890194197486782
23074,45,0.48141844899130276
27436,45,0.7296605601307754
27638,45,0.7842799667607487
2385,45,0.12009383744416642
3218,45,0.4713879738295092
4309,45,0.44246924399156085
11322,45,0.4296884002348242
17993,45,0.6143172927024122
18834,45,0.5940375583964123
23079,45,0.5396991288384687
27156,45,0.8155721062383211
2390,45,0.9693955201639272
4122,45,0.7557623318875516
14130,45,0.7545555357964957
15737,45,0.530605122235563
19904,45,0.5966879190618309
24952,45,0.386549268380505
27869,45,1.3445333834135214
2394,45,1.0464990250989417
4127,45,0.8701643621601036
13341,45,0.44155286934039323
14940,45,0.5883912628152556
24089,45,1.0092531231636057
24957,45,1.047728117376659
3230,45,0.3240189031734463
4132,45,0.4926883383399822
23094,45,0.4743831604484173
24094,45,1.6368733144601717
3235,45,0.36294680296245146
7058,45,0.3150799747164045
18013,45,0.2687233258382152
23099,45,0.3251046832114673
2721,45,0.24762239949177434
4141,45,0.2613543081077375
9234,45,0.12958846687828096
13355,45,0.17219752965605242
15958,45,0.37989373316937497
16981,45,0.46107265404282927
20996,45,0.21285336005491307
25487,45,0.7342073594873106
2557,45,0.09723284952254091
4146,45,0.21981992998012814
4941,45,0.2581119522138788
7283,45,0.300150241714263
16986,45,0.44080991348584303
18022,45,0.47399172319321853
19928,45,0.2153461853679768
21002,45,0.23742627354344673
24976,45,0.6513637026369177
2396,45,0.1452670402004219
3250,45,0.2194759551531589
5154,45,0.3241854718916515
9244,45,0.17929369081561553
18027,45,0.4678771234942632
18867,45,0.459145776493002
22065,45,0.2639086151174575
25659,45,0.08802263084513164
2401,45,0.2132837047794135
3254,45,0.18657446248670373
6219,45,0.281397038139899
9249,45,0.15927936222381628
10319,45,0.14849705322559692
13370,45,0.14811559651865006
15973,45,0.14762924730694724
16996,45,0.34747202300257407
18872,45,0.4571706397559754
19938,45,0.4517329505755041
25819,45,0.31241945150984457
2406,45,0.17902870482631916
3259,45,0.16599987826546264
6224,45,0.22567466705159192
7082,45,0.21223429290054546
8164,45,0.24053250669405385
18037,45,0.43384243278970847
18877,45,0.4635250983813975
19944,45,0.4650653233110119
21016,45,0.468934456234514
22075,45,0.47012682071642636
23123,45,0.4240890313092722
24991,45,0.3359216972990474
2411,45,0.268785256668692
3089,45,0.16729860530008328
4166,45,0.22500892471713863
7087,45,0.2579075996033973
11371,45,0.1636046380918337
15983,45,0.05376552411578327
21021,45,0.4241565304581615
23337,45,0.36373906421879626
2416,45,0.2373383482342653
9264,45,0.14885100311563365
13200,45,0.1269437628805916
15988,45,0.06327085704597772
17011,45,0.196023535820691
19953,45,0.4218154717593333
21026,45,0.4147180768056571
22085,45,0.4020032024034189
25002,45,0.37608655894541015
25826,45,0.7013973973524658
2421,45,0.2123952953801765
6239,45,0.2918613165122127
7097,45,0.2003831831173578
8179,45,0.16761434451574997
14989,45,0.19058996175019902
15791,45,0.11953432311817601
18052,45,0.2977461842634649
25831,45,1.4390086610425104
1962,45,0.10108631154754248
2426,45,0.23378694569670794
9274,45,0.12187512386999577
14993,45,0.09184000659131275
19963,45,0.3892239739231593
22095,45,0.348010740640719
23143,45,0.264205289382218
2431,45,0.6350263631279905
5189,45,0.19554638932588858
7107,45,0.18139479273148695
12423,45,0.2910720439263848
14998,45,0.10309402510537753
17026,45,0.11135100001481285
19968,45,0.3776321374543487
23148,45,0.35571253041515793
24148,45,0.273941951385716
1845,45,0.8238833562283333
4190,45,0.6266008728675287
8413,45,0.46615092742232883
9502,45,0.3778463868154801
10354,45,0.4106980031775777
12428,45,0.22841441257821107
18067,45,0.07027405099072365
21046,45,0.2864138871856567
25846,45,0.31662833609648255
2441,45,0.6589371854659709
3119,45,0.6066236668568796
4010,45,0.5713158857235638
7117,45,0.5121558187077329
8199,45,0.6297790095644338
13388,45,0.36013203183927106
15008,45,0.36625419111736124
16013,45,0.19349289488287247
18072,45,0.14768316021167247
18912,45,0.04570801463969989
22110,45,0.3211958306342077
1741,45,0.2809406959827974
2446,45,0.908258786903479
3298,45,0.5721614045250013
4200,45,0.5146668248955626
8203,45,0.478456179180614
9294,45,0.4606372159101993
10364,45,0.41210513118058295
13393,45,0.3241768978923545
15013,45,0.424922374417403
18917,45,0.1717505178737397
19983,45,0.19763301045863793
22115,45,0.2952856032775676
25031,45,0.19492830356833266
25856,45,0.4480467102857163
27857,45,2.2888738781581144
3303,45,0.9539404437791799
4205,45,0.42519711236316804
6269,45,0.8507887770890975
7126,45,0.35959342976886066
8209,45,0.9933995252856674
9298,45,0.37843928315717057
10368,45,0.41728380082564254
11410,45,0.4326619379343003
27967,45,0.6302473321473068
27981,45,0.4066732907548588
28051,45,2.1179694759624814
16225,45,2.0489253693964646
17045,45,1.5097742999710784
18290,45,0.8739943257444338
18921,45,2.0728150957468476
23166,45,1.3039601934475773
24166,45,0.6585667041965767
25860,45,0.45470138098903684
27918,46,0.025984587893562075
8211,46,0.034321928567563005
9083,46,0.03635325386740069
28125,46,0.009382310386687433
20418,46,0.005629874847062124
5210,46,0.021370992873793092
6057,46,0.021879954009315975
7130,46,0.02060724709899643
7997,46,0.020039268304929952
9087,46,0.027882126255473556
9948,46,0.03477760033638073
18291,46,0.008679843818434571
18922,46,0.007995607835520448
19776,46,0.007371937133024779
20849,46,0.00804590837024638
21908,46,0.010415781328153923
22958,46,0.02160707392652446
3482,46,0.016947931335009787
4019,46,0.01871822207584706
4798,46,0.020028218674635306
5849,46,0.021404379614927048
7136,46,0.021303431837625935
8002,46,0.021070792203352406
9092,46,0.029959929307955213
10161,46,0.037743589802926816
11204,46,0.02308925505933687
12238,46,0.023616051155650165
16840,46,0.009415460626481301
17874,46,0.008376576026776062
18716,46,0.00773349056965658
19565,46,0.006364600098259301
20854,46,0.008091374489265024
21913,46,0.01214251018575379
23977,46,0.02022899947285309
2451,46,0.011106345886101827
3131,46,0.01731029051757175
4023,46,0.0181671826102704
5007,46,0.022312475132153765
5853,46,0.02401386880718293
6925,46,0.024931419543683008
9097,46,0.032867716890258754
10167,46,0.03413220396106205
11209,46,0.023109133224282742
12241,46,0.02084116841032386
13218,46,0.013646486954212413
14012,46,0.009783267373467967
15017,46,0.004043036236498528
16843,46,0.01003207898903454
17880,46,0.009972126435277206
18932,46,0.014963362884061061
19571,46,0.01576761332504043
20860,46,0.08696063126951978
21918,46,0.02029704998408463
22966,46,0.02653868065139805
24699,46,0.028324621000369237
1745,46,0.0038574096504337507
2293,46,0.01810507810034728
3135,46,0.01831871564499929
4028,46,0.05292740732909597
27900,46,0.025904412809167634
7146,46,0.03079919023149261
8012,46,0.02703501604304598
1645,46,0.10263379858337829
3141,46,0.04380348920324996
7150,46,0.048358233136956065
9111,46,0.11346565711196471
21932,46,0.11945917425031677
1279,46,0.15712851069537132
4042,46,0.08970315102049556
11228,46,0.04497306452211192
12260,46,0.035865223429049825
13237,46,0.09669831936238778
14836,46,0.026492345471604027
18951,46,0.2682902586540335
21937,46,0.11880715398517072
1191,46,0.17269999228405558
3155,46,0.15927494898432223
4048,46,0.10662456971301285
5032,46,0.09105518921311699
10193,46,0.08211227687114606
11233,46,0.04979629727382173
28017,46,0.05128795117944624
17904,46,0.23592814809182056
24889,46,0.07762158158965625
4833,46,0.10381864032638487
18749,46,0.1910497229077166
861,46,0.31028034996744597
13253,46,0.10362200784902117
23000,46,0.14276257833908548
24016,46,0.1686406207725071
788,46,0.32422569654359
24021,46,0.16587103137309722
25073,46,0.1427373108324056
582,46,0.3573673602179454
794,46,0.2707189451825623
1121,46,0.2540675486771501
15865,46,0.24858631946593893
23010,46,0.19878573426221396
25078,46,0.16636221610269564
25750,46,0.19457353369537872
520,46,0.42249074868757525
797,46,0.1830712034658595
6116,46,0.12037539293498152
6974,46,0.08448444481159295
15870,46,0.2854105338487977
24031,46,0.2630162180499137
24914,46,0.22931863018989035
25754,46,0.24026275400199834
27093,46,0.6318255000812284
464,46,0.5292482051095703
803,46,0.275071609924144
6121,46,0.19972147948191277
15875,46,0.3539810992667047
25760,46,0.2939655145820354
305,46,0.6116629977425363
8065,46,0.23838467698163004
15880,46,0.4168878437040081
26316,46,0.3388761988180477
26733,46,0.39109019205060164
259,46,0.6521850983747929
8289,46,0.27079157958857614
16909,46,0.5255022439728568
17944,46,0.43194043948322114
25098,46,0.3138427546148899
26321,46,0.2916247218057816
27108,46,0.373220053028255
266,46,0.8100073248340778
1236,46,0.1594352955614642
8075,46,0.21500733741568098
25103,46,0.30208695924207984
270,46,0.36787549655986507
823,46,0.0777368439915235
11283,46,0.26040520412623086
17953,46,0.6576612474585329
113,46,0.9550477269745901
616,46,0.12641928843838218
827,46,0.09657070872397418
1245,46,0.08934467704238522
8302,46,0.2841846099356029
13113,46,0.19920948240453948
17958,46,0.7462911053872047
18799,46,0.427589390013824
26753,46,0.4370904787204846
27608,46,0.8185609916520457
63,46,1.1588414489414822
11706,46,0.12008262500876181
19654,46,0.5250100027680921
27411,46,0.6974997109319963
27674,46,0.6807753745248561
44,46,1.2557998270977815
560,46,0.1683563533052201
838,46,0.12385611541130373
11711,46,0.10132264204672316
27313,46,0.6171925624865005
27723,46,0.8184034289655718
16,46,1.4150585818252803
9190,46,0.556637813721198
12334,46,0.0606532922430432
27795,46,0.8424644228254199
7,46,1.5378116810743712
103,46,0.5153180300339733
248,46,0.352324166338462
508,46,0.3590326035914632
847,46,0.5030636346009061
1733,46,0.3023094514142952
3377,46,0.08437014301244347
12339,46,0.08741517286564074
19884,46,0.5165465411092922
2,46,1.6309446990618803
108,46,0.532753529401389
1738,46,0.25756107762280067
3208,46,0.19085852566386113
12344,46,0.06931312927024973
13322,46,0.11523946130233852
14115,46,0.08716171269518262
22231,46,0.8563564527271665
27147,46,0.6617776938205028
27381,46,0.7510675444732863
27633,46,0.8004576605867366
27814,46,1.0612928873638536
6,46,1.541699484157033
112,46,1.3008908786150013
258,46,1.240923730242399
1275,46,1.2645198252885879
2541,46,0.2628660693930843
3213,46,0.385383899915802
4113,46,0.5098801405198841
12349,46,0.0226213618700106
13326,46,0.1541310983416451
17988,46,0.41708286811436557
21180,46,0.7106652775473857
23074,46,0.8630172566156373
27436,46,0.8200073724213703
27638,46,0.8632803796205185
2385,46,0.15169265648347904
11322,46,0.3161950442742874
15732,46,0.24998381123787153
17993,46,0.41228513458248456
18834,46,0.3161613804851448
23079,46,0.8897752052099195
27156,46,0.8365777136500852
1841,46,1.490028629984063
2390,46,0.7121654301066838
4122,46,0.3751714130082697
14130,46,0.335263231669104
15737,46,0.28526181470622514
19904,46,0.4207934657577099
24084,46,0.9097407650162889
24952,46,0.8628077988912312
27869,46,1.4797828369323882
2394,46,0.49097038945935595
4127,46,0.5344805454600003
13341,46,0.09831572898403193
14940,46,0.29383169526139596
15944,46,0.2575035372696056
24089,46,0.8681964468147132
24957,46,1.1821822698114637
4132,46,0.5184966136278593
23094,46,0.1378863526521699
24094,46,0.952861039879591
3235,46,0.30382956119504845
5140,46,0.3236502788582673
7058,46,0.36928529898022594
18013,46,0.22868907148193768
23099,46,0.11605951391975108
4141,46,0.33585781580345275
9234,46,0.4730836436174233
13355,46,0.31921704979341575
18017,46,0.12295537253294751
20996,46,0.33124672833296326
25487,46,0.9228182952396623
2557,46,0.34123754341944934
3244,46,0.24904497039290885
4146,46,0.3171505729222408
4941,46,0.3014709400896415
7283,46,0.34458144558845105
18022,46,0.2041930084501811
19928,46,0.11618020365109041
21002,46,0.19309374972063012
22060,46,0.3812917007098468
24976,46,0.13339290590966482
2396,46,0.6904513618116261
3250,46,0.2678533769645997
5154,46,0.29963505034904403
9244,46,0.4045673960018906
11356,46,0.49271321394055406
14964,46,0.07388371568060557
18027,46,0.21205100089320242
18867,46,0.16986877461408514
22065,46,0.15784187253352636
3254,46,0.2960064657764667
6219,46,0.3003720746784399
9249,46,0.3500673575287995
10319,46,0.40100931818602886
13370,46,0.40820232124763717
15973,46,0.13335189224816396
16996,46,0.21293418847555676
18872,46,0.14634982460433577
19938,46,0.2009073293139912
25819,46,0.1719141366948089
2406,46,0.4176091921826744
3259,46,0.26790075405139896
6224,46,0.3188049190996842
7082,46,0.28142111978565276
8164,46,0.309061068267879
18037,46,0.19653362575134814
18877,46,0.2408604469324699
19944,46,0.2385404857353534
22075,46,0.1565576129943523
24991,46,0.07447109744140366
2411,46,0.22535137452111284
3089,46,0.264471281818561
4166,46,0.20691510094519727
7087,46,0.2106328176649893
11371,46,0.3597608895837188
18882,46,0.3249673357754732
21021,46,0.18022670673336633
23337,46,0.22343502742068727
2416,46,0.1994428871503656
6234,46,0.2636785377372222
9264,46,0.2215947949087204
13200,46,0.17235699875102614
15988,46,0.1601199106323942
17011,46,0.08178169070580787
19953,46,0.2572925018101591
21026,46,0.2495055358006089
22085,46,0.3148659943799155
25826,46,0.25839128329713584
6239,46,0.18002569119306847
14989,46,0.06688421356500038
15791,46,0.24787239593599025
18052,46,0.12263682877549499
25831,46,1.3107536322524551
1962,46,0.6823359807789444
2426,46,0.10278977059398411
7318,46,0.21108228512781685
8401,46,0.25748938009261946
18897,46,0.1688580522628369
19963,46,0.26238476542539785
22095,46,0.20382243103418332
23143,46,0.23942379815856737
25011,46,0.057477275522637435
5189,46,0.19590319348630597
6248,46,0.13607016775840394
7107,46,0.13924023539874497
9279,46,0.22687661390868696
12423,46,0.20033814108142753
14998,46,0.14832323043203957
22100,46,0.17617261241262977
23148,46,0.22817873522458937
24148,46,0.19958512520153537
1845,46,0.2972177006574011
4190,46,0.14108457001884112
6039,46,0.07869971520329887
8413,46,0.1295071272619739
9502,46,0.1562483856576002
10354,46,0.15787517382848426
11396,46,0.17108647709089445
18067,46,0.15166702560534778
21046,46,0.2271504607543185
25846,46,0.16810211833528185
2441,46,0.18810249695111966
3119,46,0.07999147502321796
4010,46,0.16700802202913687
7117,46,0.030597801175740902
8199,46,0.08307888855177273
13388,46,0.18648887139393788
15008,46,0.06945416261066185
16013,46,0.27210058618974625
18072,46,0.1898140584044151
18912,46,0.2675486333398365
23158,46,0.3107434086122441
1741,46,0.33526962103925617
2446,46,0.21211526580536064
4200,46,0.1973582322109122
8203,46,0.01874520116468939
9294,46,0.07679784810782256
10364,46,0.10316293704200946
12438,46,0.13348203057464672
13393,46,0.148382246680511
15013,46,0.2247567354141509
18077,46,0.42824323217680293
18917,46,0.2441115763076225
19983,46,0.3143802274095837
22115,46,0.22541250428117812
23163,46,0.2752107739275419
24163,46,0.24990321222077233
25031,46,0.09480580748712251
25856,46,0.46430185977816474
27857,46,2.374199301710268
3303,46,0.9856667948275166
4205,46,0.31797285203100883
6269,46,1.8533143109806625
7126,46,0.31812180910382826
8209,46,1.5367761001283162
9298,46,0.2926741190045714
10368,46,0.12508885344928655
11410,46,0.10591602900627824
27967,46,1.9987784047288568
27981,46,0.14914760690088408
28051,46,1.9827022678631219
16225,46,1.8686106126692288
17045,46,2.382391119296876
18921,46,2.7065485733688117
21060,46,2.574862733966998
23166,46,2.796358045977851
24166,46,1.0630322814920816
25035,46,0.9492336983197992
25860,46,0.12630105530990754
27918,47,0.026534351729317205
8211,47,0.02778485292423288
9083,47,0.023392783949899413
28125,47,0.01634931993595522
20418,47,0.012658967647678621
5210,47,0.027387335972594753
6057,47,0.03149320502207409
7130,47,0.019323292165230828
7997,47,0.01913174540135852
9087,47,0.01821017972598832
9948,47,0.003513450600450654
18291,47,0.017643016064427232
18922,47,0.01724257202138965
19776,47,0.01628186107737894
20849,47,0.016106429734519232
21908,47,0.01787916737068764
22958,47,0.027238766848193898
3482,47,0.026544919622347476
4019,47,0.02283241505733373
4798,47,0.024056703163639715
5849,47,0.03172406690430798
7136,47,0.019126930804083345
8002,47,0.01878214372388653
9092,47,0.019719756990669943
10161,47,0.0016155721216457425
11204,47,0.003592217886806745
12238,47,0.0025379615588017753
16840,47,0.017345044211143253
17874,47,0.01634087064527855
18716,47,0.017784342915326837
19565,47,0.016351027121417897
20854,47,0.01702061731067119
21913,47,0.0199816379491972
23977,47,0.026565849624319043
2451,47,0.020877472622661188
3131,47,0.027763954986443958
4023,47,0.02828419331750697
5007,47,0.02796144085142235
5853,47,0.02983103438411903
6925,47,0.025125617902641218
9097,47,0.0193978828205081
10167,47,0.01299278060923878
11209,47,0.0013480113792799044
12241,47,0.0018491421595344143
13218,47,0.00742581600888634
14012,47,0.009579584110862455
15017,47,0.01681007864287538
16843,47,0.019392516093918337
17880,47,0.01698501029141363
18932,47,0.018985996882016267
19571,47,0.020212435746728378
20860,47,0.024026983406330322
21918,47,0.02500200542514562
22966,47,0.032441318754183324
1745,47,0.0418599900198839
2293,47,0.030139432196063774
3135,47,0.028928593294502186
4028,47,0.09796771453310903
27900,47,0.0961561920276056
7146,47,0.020579478445502532
8012,47,0.02499378844709317
1645,47,0.012651919830155954
3141,47,0.036972613707266046
7150,47,0.10231314293164484
9111,47,0.04154993515413175
12255,47,0.24276018618413361
21932,47,0.05205766702513421
1279,47,0.13648945649936128
4042,47,0.0751591052315182
11228,47,0.04843323566238425
12260,47,0.11955814119535241
13237,47,0.20149951828677004
14836,47,0.19138035224598646
17899,47,0.12753588383637657
18951,47,0.12617964444986704
21937,47,0.1212421694041772
1191,47,0.18848578563584303
3155,47,0.054881115497203606
4048,47,0.059764219199192496
5032,47,0.03775507388839655
10193,47,0.005267975356694582
11233,47,0.045483020216764994
28017,47,0.060136246602288286
17904,47,0.02253027622908716
19810,47,0.19570969754341624
4833,47,0.05197300242535731
12270,47,0.05394009912095688
861,47,0.3221251080471903
13253,47,0.15889107805198743
23000,47,0.2426200678530395
24016,47,0.19796137551072152
788,47,0.3400457759237893
14856,47,0.20558035164749927
24021,47,0.31427327403620386
25073,47,0.20012608048662175
582,47,0.38763376296697033
794,47,0.2587164841412378
1121,47,0.2343915249711835
15865,47,0.23408650658524285
23010,47,0.1669257363431044
25078,47,0.2706793482022731
25750,47,0.28500112295350594
797,47,0.258708804681545
6974,47,0.11526445638265208
15870,47,0.26963245193322005
24914,47,0.23531962859841146
25754,47,0.34663750068944066
27093,47,0.5360210423866442
803,47,0.2939258024008663
6121,47,0.1270030847008315
15875,47,0.27248847639590834
25760,47,0.3082868476925766
305,47,0.5771908807862662
1317,47,0.24954700701333676
8065,47,0.19366548262993374
15880,47,0.2959047643776281
26316,47,0.2664286914880055
26733,47,0.31174745850239105
259,47,0.6105193078858516
473,47,0.5730344250797005
8289,47,0.25178352265075066
9161,47,0.2840472568194734
17944,47,0.40991503995846007
25098,47,0.15849634768602483
26321,47,0.28152241264493616
27108,47,0.41775090479206234
266,47,0.7354687039932186
1236,47,0.21836545603199603
8075,47,0.1393474027223305
9166,47,0.24071207328566738
270,47,0.5166369176948188
823,47,0.1169180019819974
10449,47,0.32994482229151373
11283,47,0.32328870345367494
17953,47,0.485372617634042
113,47,0.7731592122898818
616,47,0.24296681665640052
827,47,0.19752930019810624
1245,47,0.15293308255414229
8302,47,0.11681732159684212
17958,47,0.5194076519612838
18799,47,0.2500915456095901
26753,47,0.36988060501245373
27608,47,0.7970211199175135
63,47,0.9641456243926685
11706,47,0.09990085185887772
19654,47,0.20976184503050713
27674,47,0.4174785777979258
44,47,1.025789311909887
560,47,0.2926048357789151
838,47,0.25722700347359373
4093,47,0.10289508973679218
11711,47,0.15388501714092354
27313,47,0.4812021422495397
27723,47,0.456368497655017
16,47,1.1878152793430432
9190,47,0.10909527429446982
12334,47,0.18015814267914662
13312,47,0.21539522713996034
27468,47,0.5204702041707686
27795,47,0.5521095479743217
7,47,1.3224538005406372
103,47,0.522785114230283
248,47,0.4779307045511846
508,47,0.4279411927509019
847,47,0.41399690078048484
1733,47,0.3191342375432526
3377,47,0.2564106131383444
12339,47,0.14087200609902495
13317,47,0.2638811820089814
19884,47,0.558412663011405
2,47,1.4575703550289547
108,47,0.6245288578722472
852,47,0.46530718433614754
1270,47,0.3833467114659244
1738,47,0.38409693720340915
3208,47,0.186740858434548
12344,47,0.25656614378912956
13322,47,0.12940071933321198
14115,47,0.2779022624280219
22231,47,0.8086595237706897
27147,47,0.721551751509043
27381,47,0.6438357644474197
27633,47,0.7215811191242463
27814,47,0.8213620894679934
6,47,1.5285727543575356
112,47,1.2866171476563997
258,47,1.2084683541592867
1275,47,0.9978348530449893
2541,47,0.4214198707938349
3213,47,0.3361903475246447
17988,47,0.615796582616583
21180,47,0.6923519566664134
23074,47,0.7704237103758665
27436,47,0.767789113541453
27638,47,0.7206835609786282
2385,47,0.344993527311741
11322,47,0.38909505644877646
17993,47,0.44335357601970293
18834,47,0.4059149239541472
23079,47,0.7847825592208545
27156,47,0.7145936318070131
27440,47,0.9071716102939539
2390,47,0.5346955924420141
14130,47,0.3811775694119343
15737,47,0.32412848321596555
19904,47,0.36476403532437934
24952,47,0.7584650638154029
27869,47,1.2616657005125242
4127,47,0.5895870604931994
13341,47,0.11881171361400669
14940,47,0.22894923442655749
15944,47,0.31494244863422005
24089,47,0.6079926084061469
24957,47,0.8105852762738218
4132,47,0.694896380042566
24094,47,0.6363251861196831
3235,47,0.30695278496875383
5140,47,0.30112660076493225
7058,47,0.3191207572716266
18013,47,0.33524467680089454
23099,47,0.2049787994704232
4141,47,0.2699638634030823
5992,47,0.28443341971970687
9234,47,0.368417984357442
13355,47,0.2901276094195781
20996,47,0.2548745705002496
25487,47,0.594930172552482
2557,47,0.7529789718220725
3244,47,0.15122519858676714
4146,47,0.2795310294670986
4941,47,0.2780226582560411
7283,47,0.33219223789939617
11351,47,0.4079489257791997
18022,47,0.37130523639014873
19928,47,0.2746295518942532
21002,47,0.1521594105209367
24976,47,0.24017197732105677
2396,47,0.5568245974826821
9244,47,0.3478101608383844
11356,47,0.3775712535136483
14964,47,0.07652215013651129
18027,47,0.3814064591510033
18867,47,0.29112172321027335
22065,47,0.24336469731118174
3254,47,0.18064566028755824
6219,47,0.2705504844294866
10319,47,0.3600293005960424
13370,47,0.3284123809359226
15973,47,0.1465312023857018
16996,47,0.24547555311509295
18872,47,0.26493281785295986
19938,47,0.30434699020361194
22071,47,0.2663646808323306
25819,47,0.16107755894071213
2406,47,0.23357408544782227
3259,47,0.17160850464477828
6224,47,0.26285571064260566
7082,47,0.30735079226302775
8164,47,0.3292909702985094
18037,47,0.2556759080937629
18877,47,0.25899701880911236
19944,47,0.28668736961147
22075,47,0.2842269641333714
24991,47,0.21680081678740565
2411,47,0.15976485715679656
3089,47,0.17381171179804403
4166,47,0.21167504965381262
10538,47,0.3693927617833433
11371,47,0.388746642767041
18882,47,0.2600239472634224
21021,47,0.2306717867941029
23337,47,0.1327103879414917
2416,47,0.08533201246427173
3269,47,0.20951632944386125
6234,47,0.28170395957444366
9264,47,0.3070133198945222
13200,47,0.31255722196350005
14984,47,0.15685334989360217
15988,47,0.0444198123242746
17011,47,0.1250869391443024
19953,47,0.229159947264606
21026,47,0.1921557594931329
22085,47,0.14388268041300722
25826,47,0.41756456486618404
4176,47,0.19645748679064093
6239,47,0.22988833418550222
14989,47,0.15868359373734525
15791,47,0.14138453527766565
18052,47,0.21278852245482274
25831,47,1.5203281355819933
1962,47,1.6416905174502663
2426,47,0.13569061333661417
3279,47,0.13772023627452887
6244,47,0.2752157626307983
8401,47,0.29006866741251697
17020,47,0.07150086520152706
19963,47,0.16401711502724192
22095,47,0.13585342696820862
23143,47,0.09668865595023958
6248,47,0.23816381821151206
7107,47,0.25003372949679714
8189,47,0.2837477773246221
14998,47,0.252894725737839
23148,47,0.14852768725693383
24148,47,0.05171734799417391
1845,47,0.13380195597786648
2436,47,0.10990002476815847
4190,47,0.16588841203580254
4985,47,0.23401259104850652
8413,47,0.2455671885826922
9502,47,0.31063031838939537
18067,47,0.15361224011694571
21046,47,0.12437189938781981
25846,47,0.06199250638260991
2441,47,0.12750665930891314
3119,47,0.12264947873930103
4010,47,0.07153125032180993
6259,47,0.16950914707074005
7117,47,0.22443592999869194
8199,47,0.277651323076119
12433,47,0.354002257479856
13388,47,0.3363235303514274
15008,47,0.2627479528047123
16013,47,0.24097625389754845
18072,47,0.1751156321219014
18912,47,0.09513541873272
23158,47,0.24498286853143994
1741,47,0.20316786356426586
2446,47,0.20410811225348235
4200,47,0.04246726199750217
8203,47,0.26122917802656387
9294,47,0.23262069124555243
10364,47,0.23864101926006442
11406,47,0.31848561595064434
12438,47,0.3774897353543706
13393,47,0.4227358188285754
15013,47,0.26189033910332127
18077,47,0.12225025561543226
18917,47,0.10369344428986355
19983,47,0.2452026659979097
22115,47,0.15433810994307462
23163,47,0.208909294991708
25031,47,0.11148517032751491
25856,47,0.09173192325322116
27857,47,2.6179908355051484
3303,47,0.7664654686083804
4205,47,0.0984098200679588
6269,47,1.25006481387749
7126,47,0.1745411687382956
8209,47,0.8229384868652839
9298,47,0.4329845523983385
11410,47,0.27637789740289864
27967,47,0.6479141679821092
27981,47,0.398159963138212
28051,47,2.338659875482364
16225,47,2.473577867121076
17045,47,2.7411730079761254
18921,47,2.7668463636932197
19987,47,2.8802918015377474
21060,47,2.2981618752349013
23166,47,2.7804583248027215
24166,47,0.5589148672447729
25035,47,0.08787711408782238
25860,47,0.24035947553988168
27918,48,0.028106958164379813
8211,48,0.03515411396658904
9083,48,0.03324972602133192
28125,48,0.02270849808167291
20418,48,0.022255613545188232
5210,48,0.029294583113078337
6057,48,0.027684364626658423
7130,48,0.025107666189224952
7997,48,0.024678972996660914
9087,48,0.02896018019525028
9948,48,0.025408092451558232
18291,48,0.02600574283101383
18922,48,0.028266002283776258
19776,48,0.02859813449520166
20849,48,0.03029791305479549
21908,48,0.030528792143635613
22958,48,0.03459441636401147
3482,48,0.03050197646251982
4019,48,0.03256004267382014
4798,48,0.029732090237928048
5849,48,0.02709510308004048
7136,48,0.02552092228802119
8002,48,0.02547925569417955
9092,48,0.029406340075110338
10161,48,0.025111173176908374
11204,48,0.01784527187486223
12238,48,0.01734648217735864
16840,48,0.022882664810687667
17874,48,0.02261819157251969
18716,48,0.030035747073139402
19565,48,0.029085708974149624
20854,48,0.032624685086747325
21913,48,0.03440647165724909
23977,48,0.027617305479565687
2451,48,0.026623698248944953
3131,48,0.03002480006246912
4023,48,0.02939542290030912
5007,48,0.02587812767559932
5853,48,0.026492899879129117
6925,48,0.0287414805006944
9097,48,0.029034346003998047
10167,48,0.02804169885741963
11209,48,0.021764500386744642
12241,48,0.0189890602236998
13218,48,0.015852732372298197
14012,48,0.01588206285321882
15017,48,0.01991083812966009
16843,48,0.026484778463498827
17880,48,0.02622560504094591
18932,48,0.03189055181135983
19571,48,0.03317497948769859
20860,48,0.03656348104265263
21918,48,0.036962613884800585
22966,48,0.042282861442177654
1745,48,0.01508563591973181
2293,48,0.03195640835411509
3135,48,0.029869579356607306
4028,48,0.057512294937407345
27900,48,0.027336571839406455
7146,48,0.029268429433724524
8012,48,0.02983208214073733
1645,48,0.10323753036798392
3141,48,0.04913915489695917
7150,48,0.04210639294422504
9111,48,0.04986309191885295
12255,48,0.03959338785670521
21932,48,0.02978539488388764
1279,48,0.17114003679893056
4042,48,0.06433618382842778
12260,48,0.03797523435848469
13237,48,0.0391340324803796
17899,48,0.052273882825892945
18951,48,0.05118188136547281
1191,48,0.18711272344982663
3155,48,0.11895356902375186
4048,48,0.06598311518152163
10193,48,0.10888451691087592
11233,48,0.04920072106795461
28017,48,0.10334128821956454
17904,48,0.10776564965766572
18744,48,0.1093968114691228
19810,48,0.05269539004998486
20883,48,0.10913509819488772
4833,48,0.07375540815360199
6096,48,0.09054643816854731
12270,48,0.09118314855453066
20888,48,0.0904745007252654
24011,48,0.1741881341479978
861,48,0.2637895248395963
23000,48,0.18492609719963088
24016,48,0.18427598858647737
788,48,0.3289149442474423
4062,48,0.1273459151372556
14856,48,0.2065519353831464
24021,48,0.16861754458091108
25073,48,0.20906280800812213
582,48,0.39931632949591983
794,48,0.27625759560693997
1121,48,0.24449531031978256
23010,48,0.1996045906843149
25078,48,0.17903222904289384
797,48,0.3097084924537194
6974,48,0.09056313431067281
15870,48,0.35861773804615205
24914,48,0.15437112699606517
27093,48,0.3633821713923336
803,48,0.3106096388064198
8061,48,0.16906237979920163
15875,48,0.3391464808363892
25760,48,0.147395882895641
305,48,0.6360834987603154
1317,48,0.2871660685731957
8065,48,0.23608562280962922
15880,48,0.4140222028043171
16903,48,0.4256435302601457
26316,48,0.18832981439112426
26733,48,0.22348076327700953
259,48,0.6243581423497673
6988,48,0.1712746321453145
8289,48,0.2163553011906199
17944,48,0.4938730540188027
25098,48,0.08696774674370113
26321,48,0.2235749615714673
27108,48,0.23033239558877716
266,48,0.7518569720613224
8075,48,0.1491547070493431
9166,48,0.2549171304804124
270,48,0.6300466499926564
823,48,0.20116184148948366
10449,48,0.24019400141350652
11283,48,0.2749960578093455
17953,48,0.5797194056243878
18794,48,0.6050714998953435
27402,48,0.23044407880948498
113,48,0.8127117711641784
616,48,0.2773091186374349
827,48,0.3004133495697804
1245,48,0.2363529857590519
8302,48,0.16530173020393893
17958,48,0.6071488478762311
18799,48,0.19794177400695537
26753,48,0.20483943806343602
27608,48,0.33558922784777373
63,48,0.9064334149332848
11706,48,0.052572872395608025
13301,48,0.12720788284392298
19654,48,0.10793941805190273
27613,48,0.44456841143266945
27674,48,0.25778916121035617
44,48,0.9274750358927433
560,48,0.41880515581200783
838,48,0.35104104060001223
11711,48,0.05570600240533299
27313,48,0.298812111953022
27723,48,0.18743012800658768
16,48,1.1066470805451534
131,48,0.36843189536892995
9190,48,0.17410367358967951
12334,48,0.05348454327170159
13312,48,0.14063059030824937
27795,48,0.49830146911862694
7,48,1.1450413721282973
103,48,0.2913639126587121
248,48,0.21889392561167684
508,48,0.38329677705070103
847,48,0.656965043743592
1733,48,0.12730975119305724
3377,48,0.2015778379681104
12339,48,0.10704716576167202
13317,48,0.0851377605080386
19884,48,0.23647027239080182
26773,48,0.45882468907589075
2,48,1.3048095569280354
108,48,0.35571990921342544
1270,48,0.7385949643000704
1738,48,0.09455691459859465
3208,48,0.09717791461713758
12344,48,0.11433038456212213
13322,48,0.08936756211506384
14115,48,0.12979919333311588
22231,48,0.25148507189752833
27381,48,0.5185929298496178
27633,48,0.6400810057628772
6,48,1.2065566597052826
112,48,1.1098613666946864
258,48,1.0688625378032246
1275,48,0.6108152306712145
2541,48,0.07797319478281353
3213,48,0.14369864683437086
17988,48,0.301408866725025
21180,48,0.2654128026069694
23074,48,0.2931141190178031
27436,48,0.603547332953506
27638,48,0.6676859554912697
2385,48,0.04502858685142222
3218,48,0.1194989223040937
11322,48,0.13605412290449795
17993,48,0.2519957906797895
18834,48,0.23568374356782068
22031,48,0.36120503284816285
23079,48,0.3980880867615114
27156,48,0.4992071157806458
27440,48,0.7604143156255162
27607,48,0.7969775873728047
2390,48,0.3531515682874394
12359,48,0.2875414478302018
14130,48,0.28616378961646893
15737,48,0.2648150138112612
19904,48,0.07489483384664197
27869,48,0.4564604612199336
4127,48,0.15055948170548067
13341,48,0.30682662014398226
14940,48,0.37431742307039667
15944,48,0.3055946995777004
24957,48,0.4157840240081532
3230,48,0.10915873948356097
4132,48,0.24829059035065873
24094,48,0.5599207313446815
3235,48,0.048853961233890346
5140,48,0.20031127557996142
7058,48,0.2134057627167126
18013,48,0.3283666077960657
23099,48,0.4590473091978864
2721,48,0.15418231297377022
4141,48,0.12540111107513952
5992,48,0.13986611596544296
9234,48,0.26089869387296355
13355,48,0.1593955395083709
15958,48,0.2940715968334644
20996,48,0.34778068001544676
25487,48,0.7729408919801353
2557,48,1.0508370033185597
3244,48,0.17111158273877966
4146,48,0.17240658860274835
4941,48,0.12679005475840371
7283,48,0.17285988521606632
11351,48,0.27922116035748673
18022,48,0.21034846001981228
19928,48,0.1965957422773725
21002,48,0.16632101175094574
24976,48,0.6561965688148229
2396,48,1.323629589906476
7072,48,0.17226023245476874
9244,48,0.26748251483117536
11356,48,0.27826085250192534
14964,48,0.17630684874396854
18027,48,0.1871739478747498
18867,48,0.13046083120381582
22065,48,0.1812438333047273
3254,48,0.21334869732965214
6219,48,0.1715348695899074
10319,48,0.2455033724163801
13370,48,0.22768531016174398
15973,48,0.04227576737158154
16996,48,0.21010823369347978
18872,48,0.13980818843239423
19938,48,0.17544999193107189
22071,48,0.27212065509959443
25819,48,0.40049052954356484
2406,48,0.6329557215658351
3259,48,0.2995025235653367
6224,48,0.2065066416336091
7082,48,0.22721619595863338
8164,48,0.22578504094973675
18037,48,0.037350954966915435
18877,48,0.1673737793506194
19944,48,0.06698012532545738
21016,48,0.03890100751122164
22075,48,0.15333025238241593
23123,48,0.2591472959930441
24991,48,0.4403823532069154
2411,48,0.39935814858961555
3089,48,0.2830525895538868
4166,48,0.17327031314508382
10538,48,0.28172928639976286
11371,48,0.34627133638954033
15983,48,0.1260098744106869
21021,48,0.0739318384630845
23337,48,0.22465339462034034
2416,48,0.414571668387436
3269,48,0.3625821902021142
5174,48,0.24939691244860368
6234,48,0.2639336296049649
9264,48,0.27918388092913465
13200,48,0.29661977529507816
14984,48,0.2534076961843324
15988,48,0.17849163143585756
17011,48,0.10379720390894444
19953,48,0.03909464829789156
21026,48,0.103422425338136
22085,48,0.11321076241635718
25826,48,0.41695464783636255
2421,48,0.3596031549459171
4176,48,0.2855834464767214
6239,48,0.22812688729993225
9487,48,0.2918902975160555
14989,48,0.2650439786772072
15791,48,0.28638560409164826
18052,48,0.06825663598522774
19958,48,0.06992579005461867
23138,48,0.22663041646520451
25831,48,0.7380303713156253
1962,48,1.5932733376910726
2426,48,0.5534290490158871
3279,48,0.4499149421720612
4181,48,0.392016630327302
8401,48,0.34208527855394705
14993,48,0.38588258662258473
19963,48,0.11957822443347652
22095,48,0.22524776646768083
6248,48,0.33081657045229534
7107,48,0.34843590298440785
8189,48,0.3209684908353245
14998,48,0.36827904054200356
23148,48,0.26846564975739123
24148,48,0.3281749543194
1845,48,0.9592076098068365
2436,48,0.44177232324173915
4190,48,0.41286697769760616
4985,48,0.37313383832191244
8413,48,0.37614496658806645
12428,48,0.4173252721458215
21046,48,0.2954705484643341
25846,48,0.4304439749505066
2441,48,0.5025091986708645
3119,48,0.5202871358550883
4010,48,0.511698244945282
6259,48,0.4280800638991513
7117,48,0.41172685426762995
12433,48,0.33544342566436136
13388,48,0.5267494174173928
15008,48,0.530197445107205
16013,48,0.4363137251362425
18072,48,0.3951099403115101
18912,48,0.36465047211020873
1741,48,1.0153261621512142
2446,48,0.5097493114010887
3298,48,0.5234743178064432
4200,48,0.6446913481480679
8203,48,0.5078385837791515
10364,48,0.583816424529197
12438,48,0.47352669205196674
13393,48,0.5128748945088721
15013,48,1.3197412543249545
18077,48,0.4344015607874995
18917,48,0.5038674378321323
19983,48,0.41831758837011856
22115,48,0.4602297233281175
23163,48,0.43674331195672245
25031,48,0.3862048203188171
25856,48,0.3416350522310025
27857,48,2.546884558671712
3303,48,1.6043243053746015
4205,48,0.592191937879664
5208,48,0.6934534646096978
6269,48,1.0923140957554365
7126,48,0.7036560282512418
8209,48,1.5894211287340991
9298,48,0.7675794215533601
11410,48,0.7145499858328077
27967,48,0.8236280982636135
27981,48,0.6512031489114715
28051,48,2.4653225596128943
16225,48,2.700677204826248
17045,48,2.590510080715246
18921,48,2.6642454332648002
19987,48,2.8176895354838747
21060,48,2.3124466970132134
23166,48,2.797299881334499
24166,48,1.8438533278884677
25035,48,0.5749806790671803
25860,48,0.40541342493675037
27918,49,0.018056152093270293
8211,49,0.02120946770094593
9083,49,0.01891397696275828
28125,49,0.01705848939392358
20418,49,0.01662477013069862
5210,49,0.018284574291105866
6057,49,0.020280555080356436
7130,49,0.009742494808562374
7997,49,0.008938890779895788
9087,49,0.012508125030448743
9948,49,0.013455026049782208
18291,49,0.01803569655455061
18922,49,0.019067861546762932
19776,49,0.018559544131653342
20849,49,0.022373872157273364
21908,49,0.02450344078912534
22958,49,0.02785246306352217
3482,49,0.018935443314215046
4019,49,0.022880244111012454
4798,49,0.017129906279961908
5849,49,0.019390854275091213
7136,49,0.009306771449883572
8002,49,0.009055131427787138
9092,49,0.01452832968183641
10161,49,0.013273505867940658
11204,49,0.008939242954389885
12238,49,0.005063772236493689
16840,49,0.015718032959048757
17874,49,0.016128461903262524
18716,49,0.019525200256964966
19565,49,0.019161493844971345
20854,49,0.02410987525560472
21913,49,0.025617360986996542
23977,49,0.025948210253102393
2451,49,0.017800766526303972
3131,49,0.05002222454847373
4023,49,0.017179993931875536
5007,49,0.01557555201213812
5853,49,0.016687987435523695
6925,49,0.015178635491498777
9097,49,0.016957279709273423
10167,49,0.015550801258194746
11209,49,0.00903609655754371
12241,49,0.007342920660796269
13218,49,0.009081946175673454
14012,49,0.009254119325312244
15017,49,0.011841656240932813
16843,49,0.017566998307736937
17880,49,0.017369533625396776
18932,49,0.021673981011014323
19571,49,0.022797548507544833
20860,49,0.045274474588764685
21918,49,0.030069600089949577
22966,49,0.03497657653317591
1745,49,0.06726009818417308
2293,49,0.01752046446763459
3135,49,0.01664266972153248
4028,49,0.01372465437803165
27900,49,0.056055494604104354
7146,49,0.06139889493039808
8012,49,0.05724331426501359
1645,49,0.011375751055316302
3141,49,0.017133258983811083
7150,49,0.05684003737943986
9111,49,0.1707888383914628
12255,49,0.13060194190658034
1279,49,0.1609676102391435
4042,49,0.04562373415694481
12260,49,0.3137220272099084
13237,49,0.19456592856418936
17899,49,0.06457974423838186
18951,49,0.06416113137272991
3155,49,0.08442288731622409
10193,49,0.14310086392081336
11233,49,0.19923201792473078
28017,49,0.18317931650056016
17904,49,0.1186782151440531
18744,49,0.056407924496925076
19810,49,0.12714124725722037
20883,49,0.12374374453012477
4833,49,0.05564065175048693
6096,49,0.0920664349228441
20888,49,0.22806410805623478
861,49,0.28807865179958014
23000,49,0.2066543798288704
24016,49,0.22823061929627192
788,49,0.2836717118616846
4062,49,0.12036082408139605
24021,49,0.2509062588760971
25073,49,0.22854597096554063
582,49,0.3515314160922111
794,49,0.2480024162861964
1121,49,0.18097594871005596
6111,49,0.04003098543767938
14861,49,0.3301115254189245
24026,49,0.22418579083158321
25078,49,0.24201741036286184
520,49,0.3797153362391635
797,49,0.20852098887109613
6116,49,0.08399719896771346
6974,49,0.058210043310613045
15870,49,0.3279525146440997
24914,49,0.25300205324317465
27093,49,0.3277438790216849
803,49,0.21568942243911532
8061,49,0.11767071765106271
15875,49,0.36146895977368465
25760,49,0.2511157728574641
305,49,0.526717694604594
8065,49,0.1807483075932728
15880,49,0.39410546318409295
16903,49,0.42956356520314926
26316,49,0.25107872906997836
26733,49,0.25549982375452496
259,49,0.5538769350144639
6988,49,0.14389810720665225
8289,49,0.17325084725260495
17944,49,0.5376445186713742
26321,49,0.24948349375100276
27108,49,0.2805437100974175
266,49,0.6701589787561577
8075,49,0.1575498562923412
16913,49,0.48014457026143265
17949,49,0.5575361161460611
270,49,0.5837008805440514
823,49,0.16889085069283857
11283,49,0.2541016408341769
17953,49,0.4880878538989382
18794,49,0.5250762002885165
113,49,0.8118329873981768
616,49,0.22317081018307988
827,49,0.1880670470894138
1245,49,0.20371634980873682
8302,49,0.2133182885281311
17958,49,0.4847339226600421
18799,49,0.3814456448008556
27608,49,0.8572022247667647
63,49,0.9643661396676841
234,49,0.5039444289012737
11706,49,0.1953694768690537
13301,49,0.2956183306243485
19654,49,0.5068700820459472
27674,49,0.6097399549758286
44,49,1.1104313816363016
238,49,0.491749464472567
560,49,0.26132346641123216
11711,49,0.16868853634427627
27313,49,0.35232934209647154
27723,49,0.2576398031299345
16,49,1.1906307901914177
9190,49,0.31697205568302783
12334,49,0.267592432003359
13312,49,0.3358957301423113
27795,49,0.5620144524530812
7,49,1.293221657343157
103,49,0.755738155438744
248,49,0.6050615073210422
508,49,0.13038714856073289
847,49,0.059835893343102714
1733,49,0.14302089878968607
3377,49,0.03902706810870104
12339,49,0.2725163764036783
13317,49,0.3359683130410548
19884,49,0.6709991550796158
26773,49,0.39784546812934485
2,49,1.3555774695827527
108,49,0.7961473349311858
1738,49,0.13938383441416768
3208,49,0.12436566358993004
13322,49,0.2747302884329895
14115,49,0.36612657826107076
22231,49,0.586651452751172
27381,49,0.480696246307943
27633,49,0.5914692783827086
6,49,1.2773376015224196
112,49,1.1225421821269115
258,49,1.079350317519689
1275,49,0.45354926437477466
2541,49,0.17761854054740606
3213,49,0.24027170940505785
13326,49,0.3773588335210832
17988,49,0.609287797911716
21180,49,0.6274397152247974
23074,49,0.5697175401431125
27152,49,0.7164009810397671
27436,49,0.6198347347636944
27638,49,0.6287338984051628
2385,49,0.22646744048270315
11322,49,0.41951617849028533
17993,49,0.48190496364146307
18834,49,0.4247325774116046
22031,49,0.4890392082979383
23079,49,0.5917797795491533
27156,49,0.6760348781157834
27607,49,0.7986656960478267
2390,49,0.35869649896664496
11119,49,0.570034941775661
12359,49,0.561702023745085
14130,49,0.6095794380029437
15737,49,0.4973126911732168
19904,49,0.2950547893341197
28131,49,0.2924225714901904
22036,49,0.3147758102855454
24084,49,0.5501464790268181
27869,49,0.5007852230134802
4127,49,0.45348182381216723
13341,49,0.4323900949441893
14940,49,0.39861834081114417
15944,49,0.6082842763395174
24957,49,0.6187192567370028
3230,49,0.22511140128364518
3235,49,0.3032522934565893
4137,49,0.25810521657495333
5140,49,0.3312409305629146
7058,49,0.3797401467593327
18013,49,0.4427662259815477
23099,49,0.2501184844746182
2721,49,0.43780479296869074
4141,49,0.37213698713013227
5992,49,0.3924297701564927
9234,49,0.4294768810872971
13355,49,0.4472413356667079
15958,49,0.4783091292987735
20996,49,0.3597775993135753
25487,49,0.9579069657788891
2557,49,0.44015061728171506
3244,49,0.4107676973167502
4146,49,0.4096253671425301
4941,49,0.4453151667646569
7283,49,0.4509215476264535
11351,49,0.5489127804313615
16986,49,0.47430255738497756
18022,49,0.4624933970239551
19928,49,0.45782546850420325
21002,49,0.43573651897543997
22060,49,0.3941608911684466
24976,49,0.3075199871434588
2396,49,0.5990959691927729
7072,49,0.49644770018245776
9244,49,0.5458105701670342
11356,49,0.5822858039628354
14964,49,0.5417357447377872
18027,49,0.4578773743819875
18867,49,0.4894466732768632
22065,49,0.4943348665750947
25659,49,0.528991957583797
3254,49,0.506076806641045
6219,49,0.5310692367813933
7077,49,0.5394858973996169
10319,49,0.5981015270431177
13370,49,0.6607914108430224
15973,49,0.5192579630729749
16996,49,0.4722889858425551
18872,49,0.5199811402014048
19938,49,0.5071640944901433
22071,49,0.518344474029531
25819,49,0.797144879492161
2406,49,0.5673968163746453
3259,49,0.5685628029585923
6224,49,0.5757664460281078
7082,49,0.5733321344761779
8164,49,0.6333818457263872
18037,49,0.49257501227579104
18877,49,0.4678039942860175
19944,49,0.49215900079864644
21016,49,0.5011100727441191
22075,49,0.5599821920800284
24991,49,0.5232092000310572
2411,49,0.5417619872579228
3089,49,0.6262630392629183
4166,49,0.6317941179224692
7087,49,0.6627494907878567
9259,49,0.6634517849074648
10538,49,0.6945994850453531
11371,49,0.7202871662490846
21021,49,0.5367550953057331
23337,49,0.523671099663555
24128,49,0.5445717111611782
2416,49,0.5577310741464858
3269,49,0.5757011347026749
5174,49,0.6431383263293321
9264,49,0.758498899169888
13200,49,0.7125201662963074
15988,49,0.6239181606514168
17011,49,0.5144229719388701
22085,49,0.5490841508410623
25826,49,0.6535320269693666
4176,49,0.686814399054463
6239,49,0.7274315753630392
14989,49,0.6993199906771055
15791,49,0.6937515805888718
18052,49,0.5296814914683222
25831,49,1.126957447420192
1962,49,1.0677440273295664
2426,49,0.5692940161577442
4181,49,0.6897696437257738
8401,49,0.6871913501274952
9274,49,0.668341643203919
14993,49,0.6583511599405063
2431,49,0.5301766914684716
5189,49,0.7591738629092945
7107,49,0.7495833112543006
8189,49,0.7740936274329171
12423,49,0.7140941944842276
14998,49,0.7121528887554632
22100,49,0.6000512650259432
23148,49,0.617736591959503
24148,49,0.6826423557285012
1845,49,0.6060543674434443
3289,49,0.3670261964301159
4190,49,0.39197181314976337
4985,49,0.522431437992737
8413,49,0.5237230154960083
10354,49,0.6144666189332257
2441,49,0.6041752661674441
3119,49,0.5508786460064248
7117,49,0.40785933908613725
13388,49,0.7043688530251785
15008,49,0.7538269040891642
16013,49,0.6429473629284294
18072,49,0.579401175821191
18912,49,0.3602195505999281
24158,49,0.5996282748524666
1741,49,0.834837071621678
2446,49,0.5835643915912003
4200,49,0.5464594654080481
8203,49,0.5091030844851407
10364,49,0.5679868166022662
13393,49,0.8265882993396609
15013,49,0.6849233852098002
18077,49,0.39618810654064723
18917,49,0.44331305724952824
19983,49,0.4037983912925844
22115,49,0.6103078518522325
23163,49,0.8769735934008274
25031,49,0.673557566846503
25856,49,0.6893005568552882
27857,49,2.1755248425691747
2288,49,0.7268748027588128
3303,49,1.2229112732181402
4205,49,0.6720551488119423
5208,49,0.5866446768264031
6269,49,1.2300531788737856
7126,49,0.7446867570140887
8209,49,1.716041610885451
9298,49,0.7615109376399745
10368,49,0.6763793410592753
11410,49,0.6753391738065273
27967,49,0.8982300117780765
27981,49,0.7939250343342543
28051,49,1.1502713210134181
16225,49,2.067969186385104
17045,49,1.566376714770314
18921,49,2.4097171503763817
19987,49,2.674481881642093
21060,49,1.8872302938747165
23166,49,2.8192733968270436
25035,49,0.8934012225784462
25860,49,0.7982086279441454
27918,50,0.03154331489343485
8211,50,0.040433315756598316
9083,50,0.03721063462975051
28125,50,0.018593051119810272
20418,50,0.019034117366486022
5210,50,0.02562427930501129
6057,50,0.02653925841605426
7130,50,0.024106658066843718
7997,50,0.023936912585673906
9087,50,0.032045376160325004
9948,50,0.02616603778872532
18291,50,0.022635267685118032
18922,50,0.02499507528804411
19776,50,0.024379811091538264
20849,50,0.028463440302415238
21908,50,0.030643209572203338
22958,50,0.0328810542966978
3482,50,0.022809231945713108
4019,50,0.018851698864755677
4798,50,0.02336758780341138
5849,50,0.025560488990378025
7136,50,0.024313572042975146
8002,50,0.0245698488428495
9092,50,0.03242451822228669
10161,50,0.025433068516891796
11204,50,0.018394191105953382
12238,50,0.018141243473605573
16840,50,0.020138587468969536
17874,50,0.02077079837750199
18716,50,0.026391314699208995
19565,50,0.025437326201390838
20854,50,0.03122746166576905
21913,50,0.032580847362968984
23977,50,0.02662922050356821
2451,50,0.017429140052138265
3131,50,0.031378397348361224
4023,50,0.02493103106286027
5007,50,0.024845976177328564
5853,50,0.02590207183684207
6925,50,0.029776081899533676
9097,50,0.03223925302388527
10167,50,0.031203617214148875
11209,50,0.021693109382507073
12241,50,0.0187923621419963
13218,50,0.015891156867872108
14012,50,0.015588711507816693
15017,50,0.01485302842257079
16843,50,0.021847170236170253
17880,50,0.021467352738485282
18932,50,0.028781583548150667
19571,50,0.03026253588525167
20860,50,0.03615716084948186
21918,50,0.037360202023543086
22966,50,0.04216147046385935
1745,50,0.04290885279329171
2293,50,0.05302049284217338
3135,50,0.05233361853132391
4028,50,0.022577401736435233
27900,50,0.02965192241825981
7146,50,0.03032992997183841
8012,50,0.031042188775717842
1645,50,0.0446142962645949
3141,50,0.05056528533249287
7150,50,0.03604535614061196
8016,50,0.04133817805694175
9111,50,0.10645596832564613
1279,50,0.1284221147630493
4042,50,0.028585422919046404
11228,50,0.15752767283881947
12260,50,0.18450101622964
13237,50,0.30631271768306917
14836,50,0.11731549659136266
17899,50,0.11840380590039432
18951,50,0.11697298886860563
21937,50,0.2519491098858711
10193,50,0.09499420762478124
28017,50,0.25971502539205726
13243,50,0.2605758029229642
17904,50,0.11417995815009582
18744,50,0.18099190439331436
19810,50,0.1822850973255439
20883,50,0.2514315178774073
4833,50,0.03358082211289834
6096,50,0.029089465335900493
20888,50,0.18480244294522877
22995,50,0.46849502404681986
861,50,0.2674109743314592
13253,50,0.19562342180141892
14047,50,0.2446872407589153
23000,50,0.3459131676583311
788,50,0.2580779138605996
24021,50,0.3628907753210172
25073,50,0.30930105527155005
582,50,0.33346036297354786
794,50,0.11256400966614348
6111,50,0.0590498414473992
14861,50,0.23451478160882883
15865,50,0.24472543511568745
25078,50,0.3072696336358143
520,50,0.33846143807810486
797,50,0.0769026661010593
6116,50,0.053271687052895464
6974,50,0.07786141774619613
15870,50,0.2776725287409914
24914,50,0.2647621308975714
27093,50,0.24173615195276776
803,50,0.09743485281187245
6121,50,0.0388659310887204
7194,50,0.046848474272026285
8061,50,0.049083287258490926
15875,50,0.21246252216399011
25760,50,0.29791735107573564
305,50,0.4949853520245409
8065,50,0.04033822493663662
15880,50,0.21471810085335366
16903,50,0.1965264643591616
26316,50,0.28020653101438364
26733,50,0.30443236341140223
259,50,0.5354455200429428
473,50,0.5647944073094215
6988,50,0.059965024092698944
8289,50,0.05416002305504599
17944,50,0.19354351439073086
26321,50,0.30856242129309874
27108,50,0.23305038221260277
266,50,0.7330354941405965
8075,50,0.08665228054019058
17949,50,0.2059474174500913
270,50,0.5651022160596787
823,50,0.07600377913693343
11283,50,0.19530309004505436
17953,50,0.2659648388325188
18794,50,0.26883401132155765
113,50,0.8369816711050263
616,50,0.07907851621342024
827,50,0.035896441233653924
1245,50,0.08961679729226571
8302,50,0.09120214755159338
11287,50,0.1811861226577134
17958,50,0.3342390038755687
18799,50,0.24928135727508866
27608,50,0.5030754158901484
234,50,0.4376596479629215
11706,50,0.17182645347197356
19654,50,0.3240450327843245
27411,50,0.16231437269086188
27674,50,0.6857096932800776
44,50,1.0969601225792567
560,50,0.06468878958380143
11711,50,0.17677833969076195
19874,50,0.4192353531729509
27723,50,0.34481907952509927
16,50,1.1927548923998486
9190,50,0.12219022765576604
12334,50,0.23160036324210376
13312,50,0.2563180797384589
27795,50,0.5821380729768049
7,50,1.2442317141963288
103,50,0.678147324918479
248,50,0.3557268831719529
508,50,0.30018384734896264
847,50,0.32692768904212677
1733,50,0.03573384622200704
3377,50,0.15733223590247686
12339,50,0.21258824056631714
19884,50,0.46840258674096574
2,50,1.2955008019113416
108,50,0.5125311752051516
1738,50,0.1315385173748145
3208,50,0.022952410304139283
13322,50,0.28401688699905725
14115,50,0.3198172263607441
22231,50,0.43122800112403925
27381,50,0.47794138276145026
27633,50,0.5809688207950783
27814,50,0.6906824696640116
6,50,1.2083353436171027
112,50,1.0644892745729864
258,50,1.0399605179884077
1275,50,0.846872305513241
2541,50,0.09627685994464501
3213,50,0.1271441475742399
13326,50,0.38726680622148457
17988,50,0.481717165210643
21180,50,0.4238633414386982
23074,50,0.4164299814889577
27436,50,0.5614418295795867
2385,50,0.2211412013497205
11322,50,0.30336096185102424
17993,50,0.2544441676182829
18834,50,0.30245909087797734
22031,50,0.30528133049793615
23079,50,0.34011481764197193
27607,50,0.7867917317060674
11119,50,0.5165109900414003
14130,50,0.3920501489573646
15737,50,0.4151773218744053
19904,50,0.2915112139643596
22036,50,0.2468595568335878
27869,50,0.9096241839081634
2394,50,0.4640446547557538
4127,50,0.2950144110907601
13341,50,0.26157740968472953
15944,50,0.388009549591581
24957,50,0.5857724187298368
3230,50,0.21838170575376853
5134,50,0.4201523955580081
14945,50,0.23158180029719386
3235,50,0.18832267688482868
5140,50,0.26858173619109144
7058,50,0.32731818309091526
18013,50,0.12934389819455233
23099,50,0.24919825857557248
2721,50,0.16660532292862199
4141,50,0.2621074982836951
5992,50,0.2975531397193863
9234,50,0.34812162248978257
20996,50,0.22445454944533724
25487,50,0.7774580771222008
2557,50,0.28798711326787657
4146,50,0.2756602490895646
4941,50,0.28861270474081324
7283,50,0.3128476143411334
16986,50,0.19765491825753326
18022,50,0.19809209132246872
19928,50,0.272573171209788
21002,50,0.19629542398962047
24976,50,0.2805849244584776
2396,50,0.25998153366054355
5154,50,0.3430752517136962
7072,50,0.3345535084336463
9244,50,0.3479503336767756
18027,50,0.19262536537125483
18867,50,0.2524681686700504
22065,50,0.3064724526759606
25659,50,0.4426837790448913
2401,50,0.1795298670898441
3254,50,0.23236363900447482
6219,50,0.3380214573201705
10319,50,0.36884208510765915
15973,50,0.3301590190853118
16996,50,0.2577021318009446
18872,50,0.25134464035721266
19938,50,0.24317351643999063
22071,50,0.32642084740263044
2406,50,0.20359462578457518
6224,50,0.3075681377365113
7082,50,0.32688002543866534
8164,50,0.3353311787404177
18037,50,0.248939396913354
18877,50,0.23908392461952377
19944,50,0.2740677141562016
21016,50,0.27099341759518214
22075,50,0.2824627612852456
24991,50,0.3475219203603883
2411,50,0.15288881718598082
3089,50,0.2758657987157146
4166,50,0.24734504509608393
7087,50,0.3046141958407382
8169,50,0.323543138516947
9259,50,0.31182108928525626
10538,50,0.3552225607300692
11371,50,0.3876531796737685
18042,50,0.2572236093506096
18882,50,0.2567179665755376
21021,50,0.3058348112779656
23337,50,0.31094276421732403
24128,50,0.30237145164137597
2416,50,0.2061637294597172
3269,50,0.23671122924848317
9264,50,0.3097611770623066
13200,50,0.3200736051756995
15988,50,0.3829764109487016
17011,50,0.29288722367956516
22085,50,0.2353838097258102
25826,50,0.36711092214708857
4176,50,0.20779678859955483
5179,50,0.2400483638955193
6239,50,0.23897670835661086
14989,50,0.2584805971240713
15791,50,0.3886529771403167
18052,50,0.249276283402219
25831,50,0.6399509848159627
1962,50,0.6886519023346781
2426,50,0.1212026135471557
4181,50,0.21735631646034875
8401,50,0.2771472453431752
9274,50,0.29422885108472613
23143,50,0.29220849942355454
2431,50,0.12103675510644996
5189,50,0.18989344728218008
7107,50,0.24616502224375775
8189,50,0.26994379367656635
12423,50,0.32593682587676875
14998,50,0.33047158994951237
22100,50,0.2747182874257404
23148,50,0.3278687476214376
24148,50,0.24148632461504604
1845,50,0.28710385640745373
3289,50,0.23358238028017503
4190,50,0.13100983577622463
4985,50,0.09384365933289884
8413,50,0.1531267484844798
9502,50,0.22864568626593157
10354,50,0.24672949537400762
2441,50,0.2967348628095941
3119,50,0.2013260402161463
7117,50,0.045043382932194856
8199,50,0.0846042071046718
13388,50,0.2562316358185427
15008,50,0.2996951368530571
16013,50,0.34374772340050397
18072,50,0.15222890843860268
18912,50,0.08896328343290828
24158,50,0.13724382659346085
1741,50,0.3157995590548851
2446,50,0.4136391270772505
4200,50,0.1790488241474175
9294,50,0.11805996369496502
10364,50,0.14501302630685098
13393,50,0.30559900207263035
15013,50,0.22997101664427358
18077,50,0.19298242633618207
18917,50,0.1410077476731326
19983,50,0.14334961980980865
22115,50,0.20222711634714322
23163,50,0.15051945257691993
25031,50,0.12768910262197694
25856,50,0.17884237899087627
27857,50,1.3081376239835871
3303,50,0.38090403819553903
5208,50,0.13379639159592385
6269,50,1.187452292740904
8209,50,0.6431316957808262
9298,50,0.14102106955092295
10368,50,0.20140284860520752
11410,50,0.22898401983376332
27967,50,0.3001928283661141
27981,50,0.2816697414823797
28051,50,0.15056652239507953
16225,50,0.25209484606703114
17045,50,0.43000298263349007
18921,50,1.7219359899260702
19987,50,1.6492444820178997
23166,50,1.9874871085754697
25035,50,0.3031494645264602
25860,50,0.19211955203805742
27918,51,0.030495588960826422
8211,51,0.03681583256516594
9083,51,0.03324374256581706
28125,51,0.021800420836300422
20418,51,0.022125191902468342
5210,51,0.024123597126389496
6057,51,0.02586049586538953
7130,51,0.024249985399031233
7997,51,0.02436474026865602
9087,51,0.03119818006339616
9948,51,0.029401908282130042
18291,51,0.02474454938265104
18922,51,0.027442315591302915
19776,51,0.026123435141078375
20849,51,0.03325147617753847
21908,51,0.035447916915909566
22958,51,0.03735233500896974
3482,51,0.015898702080247035
4019,51,0.01407863732429097
4798,51,0.02217394133612088
5849,51,0.025326878806646667
7136,51,0.024354433282765146
8002,51,0.024551143230737156
9092,51,0.03222803280315993
10161,51,0.029280372039309735
11204,51,0.021921194614185388
12238,51,0.018814042800107796
16840,51,0.024793636718401367
17874,51,0.024511933257417483
18716,51,0.02888196172418171
19565,51,0.027506143122127184
20854,51,0.03548826772334709
21913,51,0.038301045092768764
23977,51,0.0326753721613205
2451,51,0.012383862946805636
3131,51,0.01674457583857937
4023,51,0.016946987663774733
5007,51,0.02117985222269775
5853,51,0.023177797116342564
6925,51,0.029158283051634037
9097,51,0.03398064143014408
10167,51,0.033312578198073255
11209,51,0.02325892760658476
12241,51,0.019480817025278874
13218,51,0.01847379171679325
14012,51,0.01875013032941127
15017,51,0.01894904188167029
16843,51,0.027244919221646947
17880,51,0.027196345628822154
18932,51,0.03353892438128071
19571,51,0.035280512936799235
21918,51,0.04776195656233318
22966,51,0.05341796167262428
1745,51,0.00214788763043721
2293,51,0.01729247892160984
3135,51,0.034543512084377045
4028,51,0.09248107232586561
27900,51,0.03991650789732744
7146,51,0.02994107462940751
8012,51,0.030947634444604858
1645,51,0.07425328997799864
3141,51,0.09324080412579037
7150,51,0.04715812053286458
8016,51,0.03679022464809215
9325,51,0.04623424020555301
9111,51,0.06139077079991562
1279,51,0.22420136154576956
4042,51,0.045800703484252574
11228,51,0.07154667023121443
12260,51,0.07349558710406735
13237,51,0.05215409042566577
14836,51,0.08284770167735107
21937,51,0.22382825637404824
1191,51,0.21501987440287176
4048,51,0.05570457128903876
9340,51,0.0565655845886804
10193,51,0.07801526049190041
28017,51,0.10965711851562776
13243,51,0.08307475296099866
17904,51,0.2348217363603442
19810,51,0.31337645449688145
4833,51,0.04497960017338055
6096,51,0.07709381672377014
20888,51,0.23461506289168074
22995,51,0.19681239389736038
861,51,0.39383883033771405
14047,51,0.06522891282708554
23000,51,0.26426854791069015
788,51,0.3887351991541735
24021,51,0.2381662379460532
25073,51,0.24021212879280518
582,51,0.4925026731705708
794,51,0.2938082294610284
6111,51,0.08234244723680677
14861,51,0.08639103681398935
15865,51,0.10601860833697961
25078,51,0.25746633288245113
797,51,0.24402641486678006
6974,51,0.08225782649463059
15870,51,0.1078354353502224
24914,51,0.2544279112155866
25754,51,0.208280211367102
27093,51,0.34600028920858544
803,51,0.17265257233075545
8061,51,0.06498010722186397
15875,51,0.0991622538223167
25760,51,0.24407785838514956
305,51,0.5637094662011484
8065,51,0.03345920711813685
15880,51,0.10684489662648664
26316,51,0.17040049906377244
26733,51,0.19174459494695448
259,51,0.5696595752311231
473,51,0.5727077812124236
8289,51,0.038909199485392065
17944,51,0.21219096498719892
26321,51,0.1252823695831419
27108,51,0.1988233988338449
266,51,0.6617572856609848
8075,51,0.07386490835414729
17949,51,0.13722296332370995
270,51,0.5225890156630727
823,51,0.08102819688862067
10449,51,0.10777271950490366
11283,51,0.10977158440271395
17953,51,0.17327265013000467
18794,51,0.14937003867582638
113,51,0.6215174895990911
616,51,0.10352892981775265
827,51,0.07001903164887516
1245,51,0.09505511240352413
11287,51,0.12542898188448764
17958,51,0.14514053241130367
18799,51,0.11819322202300077
26753,51,0.18645050725465862
27608,51,0.26664814283585264
11706,51,0.13506997867131154
19654,51,0.08619655498214969
27674,51,0.6087442861333127
44,51,0.815290233547106
560,51,0.2836612977743075
4093,51,0.14294668514472925
11711,51,0.1911840252258061
19874,51,0.16861579621918524
27723,51,0.5162315277425426
16,51,0.9474563597589575
131,51,0.47985309391821745
1261,51,0.16683741430453186
9190,51,0.0735976831856826
12334,51,0.26946745976904224
27468,51,0.241219047713429
27795,51,0.4717727008414952
7,51,1.0818609767662914
103,51,0.3705280498302467
248,51,0.31328889871373916
508,51,0.3750171472866713
847,51,0.5069192144362468
1733,51,0.13383471149586731
12339,51,0.32382448421093474
19884,51,0.15865585046287267
27075,51,0.33067743255351645
2,51,1.1765380329125423
108,51,0.4819873581710151
1738,51,0.028213688682897805
13322,51,0.41981035938136513
14115,51,0.3894771682565067
22231,51,0.28444893209016475
27381,51,0.21974524137284082
27633,51,0.3949914322533698
6,51,1.0033678059554378
112,51,1.0615709150026273
1275,51,0.9149973565223133
2541,51,0.09851420437198709
3213,51,0.045394011991967374
13326,51,0.35659934888255046
17988,51,0.20350809103437334
21180,51,0.20469279263164644
23074,51,0.2688955169764523
27436,51,0.2977677820257188
2385,51,0.055262473470362394
11322,51,0.26786806679154795
17993,51,0.1396797858038945
18834,51,0.06833732117608372
22031,51,0.12001352539009151
23079,51,0.2871598164182096
27607,51,0.6570312690544762
1841,51,0.806844998324818
14130,51,0.17887797033682779
15737,51,0.26915550829394486
19904,51,0.039149893238142296
22036,51,0.37831409447516945
27869,51,0.9825768188594767
2394,51,0.604696525043224
4127,51,0.3598513986054336
13341,51,0.3019179112039647
24957,51,0.3837544744535386
3230,51,0.23655437087927828
5134,51,0.5377136720609128
14945,51,0.21497222107233802
3235,51,0.2212352638995569
5140,51,0.2638502796194075
7058,51,0.353909386614015
18013,51,0.10433929345033512
23099,51,0.4482630657526674
5992,51,0.31974659062930466
9234,51,0.3240774972304206
25487,51,0.7467725139253387
2557,51,0.24984949854254096
4146,51,0.23570793612997165
4941,51,0.29224024647219193
7283,51,0.29100314711426345
16986,51,0.038247052334057154
18022,51,0.04764443593613645
19928,51,0.14044591389677655
21002,51,0.17835363176394345
24976,51,0.15641408608306678
2396,51,0.2203101716407866
3250,51,0.26184519318686617
5154,51,0.26388124063369783
9244,51,0.29709769458046775
18027,51,0.09896540752346361
18867,51,0.08710729988957591
22065,51,0.10041159856238126
6219,51,0.23051544531034884
9249,51,0.20066790127064202
10319,51,0.25481145372170444
15973,51,0.11559363713524556
16996,51,0.08393775762424248
18872,51,0.06100625445580302
19938,51,0.07474626151550079
22071,51,0.13138446433630865
2406,51,0.23350217419872393
6224,51,0.26917394626899205
7082,51,0.24051226258481515
8164,51,0.2722814271473857
18037,51,0.08162524931796743
18877,51,0.18208464262534138
19944,51,0.14383651528645744
21016,51,0.10429455744861481
22075,51,0.08233335122911965
23123,51,0.014027197059398703
24991,51,0.09676329928266837
2411,51,0.1887630736528641
3089,51,0.1860394475762571
4166,51,0.21103153766994723
8169,51,0.19332849356086904
9259,51,0.30299331443038996
10538,51,0.23276647964742012
11371,51,0.253594708413734
18042,51,0.13550865763561767
18882,51,0.12447056791778782
21021,51,0.11129589786264192
23337,51,0.17909361332807805
24128,51,0.0247324587538249
2416,51,0.21916270840775107
6234,51,0.28190010846050373
9264,51,0.25057391802799006
13200,51,0.17325558988207496
14984,51,0.1484791952015866
15988,51,0.06893366086156505
17011,51,0.11372185671383524
19953,51,0.13716194424343472
21026,51,0.08717649065024442
22085,51,0.11287691237676306
25826,51,0.2701728377686885
5179,51,0.24732465569895545
15791,51,0.11403592286258314
18052,51,0.07913026944766151
22090,51,0.0782696561156869
25831,51,0.8707927743347419
1962,51,0.23427332395129516
2426,51,0.15872183885478797
8401,51,0.2632384845563487
23143,51,0.06564648754342671
25011,51,0.01989224684751934
5189,51,0.2477728875530671
6248,51,0.2818647212535483
7107,51,0.26126558614418643
8189,51,0.27576651454669593
12423,51,0.19592895299283075
14998,51,0.15509646728704993
23148,51,0.11745431345316884
24148,51,0.04597479174623148
1845,51,0.3371864476538156
3289,51,0.4176544000580978
4985,51,0.3634432827809833
10354,51,0.13481047301493362
19973,51,0.11633358198126274
21046,51,0.1581069050011484
2441,51,0.5172329977837341
3119,51,0.4811362340924835
7117,51,0.3150510878582458
8199,51,0.258749082449094
12433,51,0.351866565230077
13388,51,0.19290158579273828
15008,51,0.18021245974188638
16013,51,0.09695431821975431
18072,51,0.08714102342627533
18912,51,0.19479528740199784
22110,51,0.18509509338279254
24158,51,0.08279542229941225
1741,51,0.4533087460805262
2446,51,0.4455318288051628
3298,51,0.4364080461645864
4200,51,0.4273344266920305
9294,51,0.24450695714084342
10364,51,0.19376312477758398
12438,51,0.20013683309338878
13393,51,0.29618426531592235
15013,51,0.12871070527073208
18077,51,0.1975496195096277
18917,51,0.18710069968793885
19983,51,0.23656544556046114
22115,51,0.11890080032557089
23163,51,0.16574607053874257
25031,51,0.03112781519180789
25856,51,0.148078781101268
27857,51,2.1965156768718783
3303,51,0.2369652026540358
5208,51,0.2987824266944679
6269,51,1.0297990911681987
8209,51,0.3033629854567443
9298,51,0.0025993065917320002
11410,51,0.12686303961806397
27967,51,0.16481000296869117
27981,51,0.3072679130518419
28051,51,0.0939379891875224
16225,51,0.04881148216360769
17045,51,0.2736038037274271
18290,51,0.08880556519391597
18921,51,0.13163877153819883
19987,51,2.388962758477652
23166,51,2.59940719630854
24166,51,1.2996949923045773
25860,51,0.3256223404471441
27918,52,0.02900373880002987
8211,52,0.035831499865572936
9083,52,0.031424114431953865
28125,52,0.02887518715686563
20418,52,0.03363354644658979
5210,52,0.03056628724457925
6057,52,0.031214954316295188
7130,52,0.023954776576647723
7997,52,0.024005317941010372
9087,52,0.029700042522178047
9948,52,0.026619375569992828
18291,52,0.037848823056771744
18922,52,0.045378237122194263
19776,52,0.04387862007371358
20849,52,0.053501213455218126
21908,52,0.05714755666197584
22958,52,0.056308298681846426
3482,52,0.028378628769438707
4019,52,0.025243657041190495
4798,52,0.027843463220544748
5849,52,0.029212591053350504
7136,52,0.023975421359982783
8002,52,0.024017891313154016
9092,52,0.0315524903814144
10161,52,0.026631676636186995
11204,52,0.019633247642889054
12238,52,0.01995930340406107
16840,52,0.030145815916709007
17874,52,0.03239077754851357
18716,52,0.04801792420825439
19565,52,0.04662289806977478
20854,52,0.058695179757896135
21913,52,0.05851803830456362
23977,52,0.0347303977933069
2451,52,0.026428909984712992
3131,52,0.030033565233212385
4023,52,0.03000000199237757
5007,52,0.02864923036602907
5853,52,0.029431252864670288
6925,52,0.029952536352759455
9097,52,0.033586227009618906
10167,52,0.0325324713367419
11209,52,0.024990350235621076
12241,52,0.02305382464279318
13218,52,0.022914921389834676
14012,52,0.02331343244343402
16843,52,0.04027766257373669
17880,52,0.0444858160109231
18932,52,0.058391509533845004
19571,52,0.05968124894692867
21918,52,0.07896437981816315
22966,52,0.08098108499965397
1745,52,0.010202962664152361
2293,52,0.05687243758261281
3135,52,0.11055561837879327
4028,52,0.04867330979615722
27900,52,0.03171409253371021
7146,52,0.031387530079851574
8012,52,0.03208546168121345
15826,52,0.04677212960571568
1645,52,0.048110633221159
3141,52,0.10338224353797855
7150,52,0.035675676788079994
8016,52,0.10542195443529667
9325,52,0.03672056189939986
9111,52,0.11729329979600224
1279,52,0.185057999439301
4042,52,0.059951444683054564
11228,52,0.11979673955769189
12260,52,0.11404595442036623
13237,52,0.06559131801513873
14836,52,0.009806650169903577
21937,52,0.17230261110431822
1191,52,0.2250109601380644
3155,52,0.07998864507930482
4048,52,0.1084482966734187
5032,52,0.06335391104273541
10193,52,0.052782893490237466
11233,52,0.187274868465298
28017,52,0.15261512832095292
17904,52,0.09056735150948386
4833,52,0.05620930478077966
6096,52,0.0255037839484916
20888,52,0.15915969297665894
22995,52,0.05300258362247521
861,52,0.3623492530009195
23000,52,0.225015746295039
24016,52,0.22867915565313762
788,52,0.4108956199548099
14052,52,0.021896484288390042
24021,52,0.22221470580460698
25073,52,0.267180226462256
582,52,0.4792290624960429
794,52,0.26607281506957564
15865,52,0.049885668011788904
25078,52,0.1881352511160195
797,52,0.2519695997260965
6974,52,0.15369695721750715
15870,52,0.042876511396163296
24914,52,0.1040379541858248
25754,52,0.1164209187455444
27093,52,0.1919018280466092
803,52,0.25213442232421807
8061,52,0.12991026872967187
15875,52,0.022368958221776356
25760,52,0.05489638882420414
305,52,0.707141626722965
8065,52,0.08131018481698153
15880,52,0.11165319374881782
26316,52,0.1798575603107107
26733,52,0.27450218831319434
259,52,0.7282968594949151
8289,52,0.07681274203642074
17944,52,0.10053161297223198
26321,52,0.2870858098718073
27108,52,0.5472125325769439
266,52,0.8037253025409279
8075,52,0.1096086642391022
17949,52,0.10379608623435341
270,52,0.6721423855667046
10449,52,0.0783922720284095
11283,52,0.06199508381567493
17953,52,0.12918036381096654
18794,52,0.17162679482641383
113,52,0.859852360929385
616,52,0.26369722071390855
827,52,0.25061936469519724
1245,52,0.22361719840983563
10246,52,0.11676885641178539
11287,52,0.08815899994651401
17958,52,0.2132097432459113
18799,52,0.19138147462132804
26753,52,0.17477122207507986
27608,52,0.5046134637029941
63,52,0.9028848426342441
11706,52,0.06851575278686706
12324,52,0.10912330659698659
13301,52,0.044048527045922985
19654,52,0.25742778983660414
27127,52,0.27460435259089083
27674,52,0.46934518486218296
44,52,0.9098118056541691
4093,52,0.24774385689722897
11711,52,0.07749977892819099
19874,52,0.34122872252481873
27132,52,0.320738725661823
27723,52,0.3316488094595143
16,52,0.9752617669086937
131,52,0.610265265193
768,52,0.383893606673282
1261,52,0.3204116572580362
9190,52,0.04184325977101621
12334,52,0.06568372547404014
27468,52,0.3664217319157935
27795,52,0.4354455199820168
7,52,0.9694203088314519
103,52,0.45079713491252
248,52,0.3557038943869
508,52,0.41016409529265174
847,52,0.6011005221258092
1733,52,0.17794547628857738
12339,52,0.06868942814023518
13317,52,0.12141573286195118
19884,52,0.4306173133054191
26773,52,0.2982392908106425
2,52,1.0264329787488702
108,52,0.5163845463614282
1738,52,0.21868997099084875
13322,52,0.11361680443334626
14115,52,0.1978480099073166
22231,52,0.4141414034034918
27381,52,0.35502911429488465
27633,52,0.5452439162138438
6,52,1.042784293315844
112,52,1.1909599554899808
1275,52,0.8636630755182507
2541,52,0.5104725732868783
3213,52,0.13294620791351827
13326,52,0.20801858014395055
17988,52,0.5433225762810673
21180,52,0.4632373166216823
23074,52,0.4385483747884658
27436,52,0.3570030426658374
27638,52,0.4942011582402959
2385,52,0.2081711805649375
11322,52,0.1904859321267803
17993,52,0.48260650478535744
18834,52,0.4388361064188186
23079,52,0.5990720264617009
27607,52,0.8735328466085586
1841,52,0.5828403519346077
2390,52,0.559549596485998
14130,52,0.27177402105080173
15737,52,0.1438296529588414
19904,52,0.4423132028237586
22036,52,0.4514424413939178
27869,52,0.8040338067449025
2394,52,0.4426392321832662
4127,52,0.4079317645439581
13341,52,0.29390893450942146
14940,52,0.2614613980939811
24957,52,0.6420387792731505
3230,52,0.37366532970721517
4132,52,0.5161473624869698
3235,52,0.16211363944534568
5140,52,0.11721321563349589
7058,52,0.13590292006028407
23099,52,0.11099938125075394
3239,52,0.2972894410380973
5992,52,0.10487949077753794
9234,52,0.12636111082860743
15958,52,0.13236126909726728
18017,52,0.19211918556277433
25487,52,0.6876652957239403
2557,52,0.5079232970747612
3244,52,0.3765384930694847
4146,52,0.2922485901352409
4941,52,0.2375519988998121
7283,52,0.24856818704598874
14959,52,0.20769105257773093
18022,52,0.2732564006706181
19928,52,0.04979633024525911
21002,52,0.07198262472589681
24976,52,0.13679657641496512
2396,52,0.5552803792476352
3250,52,0.3614002546056989
5154,52,0.275842608541928
9244,52,0.2655173110162557
18027,52,0.16242351574584923
18867,52,0.21782966999223813
22065,52,0.22902433207228942
6219,52,0.31589611516644006
9249,52,0.2683175538301192
10319,52,0.3287461609329388
15973,52,0.3528296425912378
16996,52,0.3096280749372289
18872,52,0.3296710761838689
19938,52,0.3558814846215237
21011,52,0.30402035235632113
22071,52,0.2640969911126715
2406,52,0.5999175878060818
3259,52,0.37788710255195335
6224,52,0.39420248246157086
7082,52,0.36259262511745727
8164,52,0.3672275769143738
18037,52,0.3935236942653049
18877,52,0.43473017005931985
19944,52,0.2362623699753369
21016,52,0.3032623533964678
22075,52,0.421769683798254
23123,52,0.29126005835713104
24991,52,0.35428718971904133
2411,52,0.5070874416072241
3089,52,0.47113250547434377
4166,52,0.4462304546931991
8169,52,0.35537200082249515
9259,52,0.4092292591079091
10538,52,0.3898686951088482
11371,52,0.45578455543550533
15983,52,0.48180622337919715
18882,52,0.3427631545957964
23337,52,0.2861456014170639
2416,52,0.5777811557149651
5174,52,0.4292805868685946
6234,52,0.45522477565518965
9264,52,0.438054523195978
13200,52,0.44032406959983644
14984,52,0.28492622808244145
15988,52,0.5264454207244266
17011,52,0.4842873188689594
22085,52,0.45738056922317494
24133,52,0.44799556926313244
25002,52,0.4609090308457985
25826,52,0.8792603462880267
18052,52,0.3614875224765206
25831,52,1.4798152927577972
1962,52,1.9898712608390448
2426,52,0.6513263162819327
8401,52,0.508829291158447
10344,52,0.4762057794036853
23143,52,0.36719059350942324
25011,52,0.47165359998502265
5189,52,0.5993967839760892
8189,52,0.5483890019724442
12423,52,0.5589650216494172
14998,52,0.44709368107622915
23148,52,0.3401318519976396
24148,52,0.45792124071096096
1845,52,1.1127949219208684
4985,52,0.5649944839963504
10354,52,0.5138094642474517
12428,52,0.5346317741398464
18067,52,0.47026003142555456
21046,52,0.30962532052903874
23153,52,0.2831406682756856
2441,52,0.48594639191605743
3119,52,0.6242353464080282
4010,52,0.6022283842671493
7117,52,0.6386981922134901
8199,52,0.5335209425176853
12433,52,0.5154459726333316
13388,52,0.5769899355677811
15008,52,0.4797479689154438
18072,52,0.49834384744840415
18912,52,0.5514809528984337
22110,52,0.36493151794235096
24158,52,0.22474013344764718
1741,52,1.8843118074912735
2446,52,0.6734929619537819
3298,52,0.6294233693846282
4200,52,0.6208414374818227
8203,52,0.592926372926855
9294,52,0.6897439228122895
10364,52,0.6472191927582277
11406,52,0.5997545636532591
12438,52,0.6214893540352012
13393,52,0.5959756778198516
15013,52,0.5089589084113914
18077,52,0.556821465966557
19983,52,0.47758650156412896
22115,52,0.2463488511552695
23163,52,0.2951388822063769
25031,52,0.4420829529875936
25856,52,0.4692211593087563
27857,52,2.322688798123959
3303,52,1.0103793645492098
4205,52,0.5563343947162802
5208,52,0.739286661534682
6269,52,0.9282841623374164
7126,52,0.7715162500026674
8209,52,0.9440078925511387
9298,52,0.7046348140193035
11410,52,0.5769569494851613
27967,52,0.8002412450577854
27981,52,0.6855983529498655
28051,52,0.6001015476743075
16225,52,0.6901798856221173
17045,52,0.8017992749486309
18290,52,0.5722925490237822
18921,52,1.054937218832796
19987,52,2.314921661536907
23166,52,2.382189557900257
27918,53,0.015317871149099266
8211,53,0.020401001977442504
9083,53,0.01422164597427747
28125,53,0.011265964842730741
20418,53,0.014913038491987966
5210,53,0.017263711595604376
6057,53,0.01999633004192209
7130,53,0.003232617278371224
7997,53,0.002195291322135852
9087,53,0.00660761871110935
9948,53,0.009802122998628008
18291,53,0.016670336867728203
18922,53,0.01896099529381744
19776,53,0.01823885372903766
20849,53,0.022529958119781583
21908,53,0.02342141172156253
22958,53,0.023666069870168734
3482,53,0.022706268766288704
4019,53,0.019072310507432494
4798,53,0.014270307472915054
5849,53,0.017080567799738787
7136,53,0.0024030776278057666
8002,53,0.0019459305038849587
9092,53,0.008353158245059973
10161,53,0.011550350047111534
11204,53,0.010171539791205754
12238,53,0.01194536297990252
16840,53,0.013083871327299747
17874,53,0.013986213661221316
18716,53,0.02094600938357803
19565,53,0.019803403373996196
20854,53,0.02483694537253572
21913,53,0.02420653660529998
23977,53,0.04323144464625563
2451,53,0.02122169027549307
3131,53,0.02436868908144535
4023,53,0.023838223367226633
5007,53,0.013341743320176177
5853,53,0.013092133405690279
6925,53,0.007818284723278392
9097,53,0.009147499045173098
10167,53,0.009518115432297752
11209,53,0.011781599468962777
12241,53,0.012433717686397363
13218,53,0.00845246237803257
14012,53,0.006517932390848569
16843,53,0.01787746598266974
17880,53,0.020046965355945832
18932,53,0.030290197187762838
22966,53,0.056049065814806454
1745,53,0.04576719380617574
2293,53,0.053993782765093666
4028,53,0.09581724905214334
27900,53,0.011043713791704742
7146,53,0.021137454641662962
8012,53,0.021207629838171545
15826,53,0.13583732582488567
1645,53,0.0771689437701447
3141,53,0.01846427676326638
7150,53,0.018586720842100748
9325,53,0.020717947851161548
9111,53,0.05509163051157536
21932,53,0.2712739060182313
1279,53,0.22080326978699466
4042,53,0.07378121535238663
11228,53,0.06593363925119405
12260,53,0.17285569414325358
13237,53,0.12833863235837875
21937,53,0.18985291929684636
1191,53,0.25117790789246114
3155,53,0.08538831625677491
4048,53,0.0521129068027257
5032,53,0.07732008413955703
10193,53,0.12497206997394385
11233,53,0.11715819736565813
28017,53,0.11968344164818898
17904,53,0.19163759387077758
18744,53,0.19277637940079848
20883,53,0.15786832965856848
4833,53,0.07839542650151744
6096,53,0.06351837256683271
20888,53,0.2314665521420818
22995,53,0.10188175975346367
861,53,0.4587273109143963
23000,53,0.12434175693585373
24016,53,0.10468232940739712
788,53,0.5003506478677935
14052,53,0.15133103250983823
24021,53,0.07741132705952651
25073,53,0.122237665289675
582,53,0.5439445818022014
794,53,0.3035524345028962
15865,53,0.055689387746849985
25078,53,0.2029656464366928
25750,53,0.2539414637891056
520,53,0.594293301349264
797,53,0.2943198254356323
6974,53,0.3119934359334418
15870,53,0.05399186467994988
24914,53,0.1904654433724472
25754,53,0.11960742977421424
27093,53,0.2900046347362259
803,53,0.3093761935314858
6121,53,0.142497602598016
8061,53,0.3473050639323433
15875,53,0.07880014083589511
25760,53,0.13491034579287017
305,53,0.8263648965854444
8065,53,0.2904909007650812
15880,53,0.028895182786858545
26316,53,0.2645906632822978
26733,53,0.3056556488091882
259,53,0.8315631568985301
8289,53,0.3310606042407087
17944,53,0.10544669050888412
26321,53,0.2737223793282986
27108,53,0.39715302733404945
266,53,0.9473086561932859
1236,53,0.32729942117019617
8075,53,0.34813925742412294
17949,53,0.08526374439860786
270,53,0.9605879241045104
10449,53,0.36454677165606647
11283,53,0.28953568519972417
17953,53,0.04146565477720381
18794,53,0.09168881140885698
113,53,1.017213577054983
616,53,0.5694288234756947
827,53,0.5901770730580054
1245,53,0.4768324617879062
8302,53,0.29375765211472415
10246,53,0.3805193278913123
11287,53,0.31069286447945216
17958,53,0.07537767640101858
18799,53,0.03470753726619107
27608,53,0.5642851928247811
11706,53,0.36442020390436797
13301,53,0.13019400418579147
19654,53,0.09548038448721159
27674,53,0.5645577938222381
44,53,1.0965699247681362
4093,53,0.24397392466686862
11711,53,0.3669629638069403
27723,53,0.5486597132104353
16,53,1.1574015008179483
9190,53,0.27550910618832286
10260,53,0.21558358226031207
12334,53,0.28126829874528525
27137,53,0.37798825322937213
27468,53,0.4278361053195026
27795,53,0.7103005965259757
7,53,1.2197467272807423
103,53,0.707210103639748
248,53,0.6871394697147483
508,53,0.5247286159017777
847,53,0.40813238133006613
1733,53,0.347980214720276
12339,53,0.2792480825495143
13317,53,0.14730904239111794
19884,53,0.36345988736700346
26773,53,0.44450970420340585
2,53,1.1122743315816646
108,53,0.7599806509466492
1738,53,0.41092791112936194
3208,53,0.19765778186309668
12344,53,0.20375535980087014
13322,53,0.2314781034319935
14115,53,0.1400439629414086
22231,53,0.3625626440255888
27381,53,0.42899818347939866
27633,53,0.4303723124160842
6,53,1.172405311751583
112,53,1.1109660167598812
258,53,1.0572690102330529
1275,53,0.7821281881585794
2541,53,0.427603459660167
3213,53,0.22203280772258344
13326,53,0.1399963204534325
17988,53,0.4484747828483293
21180,53,0.3877783397132431
22025,53,0.4607110701845649
27436,53,0.43011944445482564
27638,53,0.35449186014849166
2385,53,0.37627178882521
11322,53,0.09903544286930777
17993,53,0.4006218458453608
18834,53,0.3407613158973805
23079,53,0.5282694591011226
27607,53,0.7138804708230635
1841,53,0.5243776991861604
2390,53,0.477418086890507
4122,53,0.2976665013514027
11119,53,0.1733329807896353
14130,53,0.13782475526509635
15737,53,0.05998763896280132
19904,53,0.2547237012857888
22036,53,0.3637852603917629
24084,53,0.5304738321416967
27869,53,0.6756684420403608
2394,53,0.4958339217443986
4127,53,0.37376422392383707
13341,53,0.1429386228844227
15944,53,0.38047056757002007
24957,53,0.43394063725079174
3230,53,0.3653435227665802
3235,53,0.18183301513823458
5140,53,0.12546889271300454
7058,53,0.08598818381807749
23099,53,0.4743968132705644
3239,53,0.15582699971938285
4141,53,0.13036474655604177
20996,53,0.3535182586482322
25487,53,0.4799316482228862
2557,53,0.3286499031366999
3244,53,0.2083958144630524
4146,53,0.1612107549772693
4941,53,0.09552037240338027
7283,53,0.07833633820065863
18022,53,0.3345980050694993
19928,53,0.3322977379260736
21002,53,0.32171012827122775
24976,53,0.4986539090381045
2396,53,0.2012714944590191
3250,53,0.15602432395805096
5154,53,0.14325038767322038
9244,53,0.09888777907404811
12388,53,0.07736987912334527
18027,53,0.42226513829162826
18867,53,0.3363269168786718
22065,53,0.36002611777013505
25659,53,0.10171173531463679
6219,53,0.12575865244169251
9249,53,0.08679342234892871
10319,53,0.07627773918846761
15973,53,0.17539219371822484
16996,53,0.31292535195719845
18872,53,0.33241009071186833
19938,53,0.3389749878946444
22071,53,0.2844498353044034
2406,53,0.23345970974144814
3259,53,0.19967357012946924
6224,53,0.14096441460662312
7082,53,0.16082632098036084
8164,53,0.08385243167507402
18037,53,0.32634888948039525
18877,53,0.35624688709067587
19944,53,0.3654170501811944
21016,53,0.3426861297674636
22075,53,0.2933668925045305
23123,53,0.26855777620903004
24991,53,0.37737091770420794
2411,53,0.2649402806542469
3089,53,0.14038024788734293
4166,53,0.1810324060833407
8169,53,0.1498016542227043
10538,53,0.08941747370937397
11371,53,0.07960945574352958
18882,53,0.34094054245091443
20163,53,0.3400355280139703
23337,53,0.2993091315895811
3269,53,0.2227164955294833
5174,53,0.15629779757048404
6234,53,0.11183088059063762
9264,53,0.11694997128081797
13200,53,0.08512509848103367
14984,53,0.10252292200942088
15988,53,0.10508129029101795
17011,53,0.07961208579557201
18047,53,0.2271654046425782
22085,53,0.2743764842181893
24133,53,0.22266853602043485
25826,53,0.27968159054261077
4176,53,0.21278717815802764
6239,53,0.11535482917539502
14989,53,0.0820938605347049
18052,53,0.148090044844355
21031,53,0.2930950949461508
25006,53,0.15927510475287693
25831,53,1.398581029963598
1962,53,0.7557162829536344
2426,53,0.21458553583289158
4181,53,0.1648148553239875
11385,53,0.14547843991467213
18897,53,0.10565955689177597
23143,53,0.1586926846591371
25011,53,0.09218720171552705
4186,53,0.1462923569612534
5189,53,0.178297187071666
8189,53,0.18736436732710762
14998,53,0.12745325590954482
22100,53,0.1447421174507431
23148,53,0.21341225123375243
24148,53,0.19961834055271335
1845,53,0.5154297751495869
4985,53,0.42638833977314355
8413,53,0.13707533592318302
10354,53,0.1621410953647152
12428,53,0.43736252089897426
18067,53,0.42240000845267994
21046,53,0.18739361118897052
23153,53,0.12761097642949198
25846,53,0.09969861394858445
2441,53,0.6120163873844936
3119,53,0.4796282863649582
7117,53,0.3487561594122738
8199,53,0.29341639216413584
10359,53,0.20645901405070366
11401,53,0.35828672565827674
13388,53,0.3732295781945757
15008,53,0.20414905076468146
18072,53,0.5290952784084323
18912,53,0.596760638132025
22110,53,0.16765414082706442
24158,53,0.10991382207359734
1741,53,0.9545996700319309
2446,53,0.5930572422363697
4200,53,0.32624454649166085
8203,53,0.237091836642665
9294,53,0.23118899995400824
10364,53,0.16808112602456327
11406,53,0.3418186397869692
12438,53,0.3897707341549108
13393,53,0.36871571063717645
15013,53,0.16928319228843947
18077,53,0.2035129708599606
19983,53,0.13023446900165547
22115,53,0.2015017543534371
23163,53,0.18013371200252862
25031,53,0.056395577552527845
25856,53,0.24982169416766697
27857,53,1.1062294537255744
3303,53,0.4021656144693323
4205,53,0.35051420936600763
5208,53,0.19277496490906773
6269,53,0.2949544015555904
7126,53,0.062229785296838036
8209,53,1.3177861412218306
9298,53,0.10690613945237855
11410,53,0.1378168240099597
27967,53,0.39192789141811196
27981,53,0.4889104049057238
28051,53,1.0551629000664895
16225,53,0.16719983878304268
17045,53,0.8561612365144575
18921,53,1.2975477064150887
23166,53,1.9896937049645205
25035,53,0.06504524482332119
27918,54,0.014745252159527954
8211,54,0.019924035556425263
9083,54,0.0126458603502634
28125,54,0.01621370179176134
20418,54,0.020902864569883304
5210,54,0.017025438074338935
6057,54,0.018962006158346905
7130,54,0.0067897174347786755
7997,54,0.005843747124078466
9087,54,0.00914497100896938
9948,54,0.009142961483339518
18291,54,0.022587166569749965
18922,54,0.028796352058061598
19776,54,0.025993066988767504
20849,54,0.03990830566191544
21908,54,0.038821436969650486
22958,54,0.03715729801573394
3482,54,0.022862298255127877
4019,54,0.02182328734341094
4798,54,0.014832543028034334
5849,54,0.016642032183846044
7136,54,0.006267747689563451
8002,54,0.005791027009153968
9092,54,0.010972833293168083
10161,54,0.009508531292464246
11204,54,0.008843120876376977
12238,54,0.010010347060752699
16840,54,0.01497635444761267
17874,54,0.017247029055191716
18716,54,0.03194647143706357
19565,54,0.02948114937727659
20854,54,0.04330633448425443
21913,54,0.042519552914206456
23977,54,0.1041664664101849
2451,54,0.02123499061726678
3131,54,0.02359161143758344
4023,54,0.022948956611645123
5007,54,0.016350761002535744
5853,54,0.016389755680780622
6925,54,0.011642350157575991
9097,54,0.012198629226272333
10167,54,0.011649226675528698
11209,54,0.008669007015333817
12241,54,0.009770908062440332
13218,54,0.005719696454887436
14012,54,0.005777175868997169
16843,54,0.02449913411912246
17880,54,0.02857032016091365
1745,54,0.008677917377849256
2293,54,0.025657648616063653
4028,54,0.028654311682622474
27900,54,0.01490280468030246
7146,54,0.012415672685027851
8012,54,0.05982266880590808
15826,54,0.05979914499418319
1645,54,0.0785537835090849
3141,54,0.03205336102689151
7150,54,0.0561107850642503
9111,54,0.059419808767529024
1279,54,0.2979104676875911
4042,54,0.048706334328483446
11228,54,0.24022933880256028
12260,54,0.12142885789934885
13237,54,0.14400351007823425
21937,54,0.2592194476601943
1191,54,0.3229297904465088
3155,54,0.03657308180039025
4048,54,0.06388194316731957
5032,54,0.1312943840966731
10193,54,0.1582064273692109
11233,54,0.15551070987640567
28017,54,0.13880088437587837
17904,54,0.17382101543724718
18744,54,0.2731402992257789
20883,54,0.3436032180664163
4833,54,0.1641392795382794
20888,54,0.24741312318989236
22995,54,0.20039480256601874
861,54,0.5604801696650507
13253,54,0.06320517768566218
23000,54,0.17347397942191353
24016,54,0.14125857467806174
788,54,0.6282882558153388
14052,54,0.0733317458630426
24021,54,0.18420138412450612
582,54,0.6919739216853947
794,54,0.5585674582463712
15865,54,0.1256030557796793
25078,54,0.22692571950893606
25750,54,0.17593356849680467
520,54,0.7540224447577162
797,54,0.539549658280696
6974,54,0.2503500125635448
15870,54,0.11615675137965945
25754,54,0.25848042546603867
27093,54,0.4985239014504863
803,54,0.5916928403712168
6121,54,0.10867031942929142
8061,54,0.264620543844857
15875,54,0.1264043426968539
25760,54,0.22570214306509861
305,54,0.9971321702648687
8065,54,0.2745707555055903
15880,54,0.06856232267743005
26316,54,0.24116334214283944
26733,54,0.4010738174316207
259,54,1.0294885157813456
8289,54,0.312630168261578
17944,54,0.10719196480745433
26321,54,0.2543155120028931
27108,54,0.36670583822103753
266,54,1.1208737310577874
1236,54,0.5536598914143405
8075,54,0.2128818711941724
9166,54,0.2690563938175319
270,54,1.0922178029344363
823,54,0.7200091360779419
11283,54,0.22865907340877842
17953,54,0.13012287467035508
18794,54,0.16045640792810903
113,54,1.1805690221225975
616,54,0.7892418694142029
827,54,0.7743018156655822
1245,54,0.70035930969937
11287,54,0.2953537323217437
17958,54,0.11269376536422218
18799,54,0.11054968337817199
27608,54,0.8406399118883664
11706,54,0.30769607090861684
19654,54,0.11979561134003519
27674,54,0.8917999989425919
44,54,1.3213972850417448
11711,54,0.2711698965777561
27313,54,0.48003012851238513
27723,54,0.6195974433778615
16,54,1.3801632991036108
9190,54,0.05340420972569232
12334,54,0.19569063773101297
27468,54,0.5063559410496269
27795,54,0.6317531976616843
7,54,1.3463641909863293
103,54,0.9225167257587676
508,54,0.5764040872271103
847,54,0.4773531909052002
1733,54,0.38157819956090827
12339,54,0.22839991689261538
19884,54,0.11977194823970172
2,54,1.2635033418500952
108,54,0.8837497063377087
1738,54,0.34634401246328256
3208,54,0.2175038708411722
13322,54,0.14696895324488674
14115,54,0.14678186960678466
22231,54,0.36176221002066694
27381,54,0.5226976037451164
27633,54,0.37970718096330863
6,54,1.2985548368846205
112,54,1.160085081854987
258,54,1.054870392349926
1275,54,0.7241832862264728
2541,54,0.2761072736927199
3213,54,0.23328552286955567
12349,54,0.058829315645888045
13326,54,0.07473676189366237
17988,54,0.36494479495629545
22025,54,0.3297046647941931
27152,54,0.4722697463402244
27436,54,0.6269226448503045
27638,54,0.5311076304067085
11322,54,0.11575681025038936
15732,54,0.0490507007516655
17993,54,0.34097850284780484
18834,54,0.34968323588796
22031,54,0.34286389424757197
23079,54,0.544461359336631
27440,54,0.480648451811687
27607,54,0.7395689892740338
2390,54,0.47655300054542554
11119,54,0.23951551936000395
14130,54,0.1338656734088275
15737,54,0.033422274605774606
19904,54,0.34920873661184587
22036,54,0.49062827089006017
24084,54,0.5624461940705208
27869,54,0.5005325425587716
2394,54,0.5114877564522211
4127,54,0.3067343736252698
13341,54,0.20719570760577233
24957,54,0.7041782440386621
3230,54,0.17780351588529056
3235,54,0.03815178648010123
5140,54,0.1600516692608253
7058,54,0.04130539574441447
18013,54,0.4542083856544319
23099,54,0.2839944171192002
3239,54,0.009780380521463686
4141,54,0.060417041387074995
20996,54,0.3639376806761862
25487,54,0.48520895955442656
2557,54,0.2366257703226075
3244,54,0.137523261352412
4146,54,0.03974710255657479
4941,54,0.15499016188194006
7283,54,0.018828005135898003
18022,54,0.4995201068721595
19928,54,0.47175761435367314
21002,54,0.3844104614271992
22060,54,0.27530603687403815
24976,54,0.18994538344691547
2396,54,0.18047609309952795
3250,54,0.1570870737016231
5154,54,0.077367932149579
9244,54,0.031206505508538058
18027,54,0.6196859156873564
18867,54,0.5388812315317475
22065,54,0.40445360735980285
25659,54,0.12723756280914242
2401,54,0.16789422118420158
6219,54,0.06741259036875934
7077,54,0.08050761721240217
9249,54,0.032968660154318145
10319,54,0.04243371052971915
15973,54,0.3611469695821475
16996,54,0.5440421656253656
18872,54,0.5188016440869184
19938,54,0.5289187460872014
22071,54,0.4549849323316895
2406,54,0.15523707001905965
3259,54,0.2060546215300808
6224,54,0.08702476012237033
7082,54,0.06390950125114364
18037,54,0.5650402487064539
18877,54,0.5696428751260515
19944,54,0.5152837293735647
21016,54,0.4941659421780727
22075,54,0.4562858250231281
23123,54,0.3786740266199509
24991,54,0.16062044275135565
2411,54,0.19169676342128067
3089,54,0.16465349357482476
4166,54,0.15183267757785143
8169,54,0.09008195026229432
10538,54,0.05710810902816472
11371,54,0.017969727423492867
18882,54,0.5701108068581937
21021,54,0.4748021750525105
23337,54,0.3653573906423615
3269,54,0.08641720187414242
6234,54,0.1662529594001016
9264,54,0.11627466307415413
13200,54,0.06393676189489933
14984,54,0.16824984023613576
15988,54,0.14120144446782204
17011,54,0.27182359140177126
22085,54,0.46543524202604897
24133,54,0.29789313448661725
6239,54,0.11285611287451365
14989,54,0.21767857781787445
15791,54,0.06737979084908938
18052,54,0.3486868283344866
25006,54,0.22739335170999894
25831,54,1.1779950257727634
1962,54,1.5193384020488774
2426,54,0.25218780105284433
5184,54,0.17522760098273496
11385,54,0.01666753518098146
18897,54,0.2407239901954684
19963,54,0.43128440867512713
23143,54,0.36125133975298107
25011,54,0.14881266914887653
3284,54,0.1642981215509218
4186,54,0.16159659238807708
7107,54,0.12235289212332166
8189,54,0.144809832964203
14998,54,0.06530293159543432
22100,54,0.47204606055241477
23148,54,0.3612126123586908
24148,54,0.29692814419659597
1845,54,0.4375441174057796
2436,54,0.23217245374600312
4190,54,0.044253036548284774
4985,54,0.04013212184583249
8413,54,0.18370579325938638
10354,54,0.16934802533015111
15003,54,0.15181755353905224
21046,54,0.3312424963825415
23153,54,0.4336382491688628
25846,54,0.0846431946082632
2441,54,0.19901423429465945
3119,54,0.12251068214582679
7117,54,0.132237802060079
8199,54,0.0828580817346245
13388,54,0.1987505333120863
15008,54,0.20029248382113493
18072,54,0.5415683387538751
18912,54,0.8884675747387135
22110,54,0.6372784312044265
24158,54,0.2516573420691285
1741,54,0.3024615164844963
2446,54,0.13199262558260272
4200,54,0.21693540252078647
8203,54,0.19161196506794706
9294,54,0.18396472620398832
10364,54,0.21442972158622498
12438,54,0.21453641585895858
13393,54,0.19792911030298108
15013,54,0.41157913620507963
18077,54,0.6221344434277951
22115,54,0.8499234079979271
23163,54,0.5082101164408583
25031,54,0.21006652212230456
25856,54,0.23972354999759063
27857,54,0.5112678820208159
3303,54,0.513066569476207
5208,54,0.19866176420611534
6269,54,1.2121838079864014
7126,54,0.420131631939046
8209,54,1.7622887783808299
9298,54,0.3646293406327855
10368,54,0.25219126974988293
11410,54,0.2425212336727867
27967,54,0.28215489063671756
27981,54,0.2726923474182275
28051,54,0.7612443471640138
16225,54,0.8904028653443161
17045,54,1.004785001565362
18921,54,2.435355544455146
21060,54,1.820359498347436
23166,54,2.1389267647605963
24166,54,0.4514398176165727
25035,54,0.26996764205491686
25860,54,0.2789056197825723
27918,55,0.019841254025804028
8211,55,0.025363323191950872
9083,55,0.02127053206506116
28125,55,0.026303482744149887
20418,55,0.03145677780318778
5210,55,0.01781129029760896
6057,55,0.02043332325737311
7130,55,0.013994357256617039
7997,55,0.013629676208971474
9087,55,0.018606966924011783
9948,55,0.019399176956425714
18291,55,0.03004871477459856
18922,55,0.038575570510365226
19776,55,0.036595403234036525
20849,55,0.04978638053069751
21908,55,0.05155529692847285
22958,55,0.05977631673987251
3482,55,0.023478810334723627
4019,55,0.02463309125947195
4798,55,0.016386623877474596
5849,55,0.017663097719077238
7136,55,0.01332886933660054
8002,55,0.013522833103845328
9092,55,0.02004787833845386
10161,55,0.019343809143364712
11204,55,0.012714969768928724
12238,55,0.01108709743838437
16840,55,0.021225020394186243
17874,55,0.020705682648185612
18716,55,0.04045487143992879
19565,55,0.04026235482227798
20854,55,0.055004121371664945
21913,55,0.05616234431040328
2451,55,0.018930640863131322
3131,55,0.024047239223372787
4023,55,0.022427262631923822
5007,55,0.015583145756793244
5853,55,0.016387890400385848
6925,55,0.01649214406149577
9097,55,0.021350421357938392
10167,55,0.02127903444207695
11209,55,0.014651004775965494
12241,55,0.012238787425177203
13218,55,0.01303856757784194
14012,55,0.013583617814338941
16843,55,0.03026188548857141
1745,55,0.008126982590946408
2293,55,0.024578923570936162
3135,55,0.020912214841018146
4028,55,0.0558169027312889
27900,55,0.016741325137018204
7146,55,0.058570020175401784
8012,55,0.021611098189123056
15826,55,0.0932058607416398
1645,55,0.04033526182726919
3141,55,0.029282148704767922
7150,55,0.03032982271495511
9111,55,0.11882708389714641
1279,55,0.2244817883002144
12260,55,0.16239554896224356
13237,55,0.15152836501829162
14836,55,0.02190970447500917
21937,55,0.10100751008832239
1191,55,0.26008627316879523
3155,55,0.08621686250055924
4048,55,0.07818633443621319
5032,55,0.140401518875685
10193,55,0.10070700833044881
11233,55,0.1588209361989704
28017,55,0.1427117450868178
17904,55,0.1149274151396053
18744,55,0.33503279388427903
4833,55,0.10197109885999274
20888,55,0.2477671874133776
22995,55,0.04098371992338479
861,55,0.4748458445191852
13253,55,0.1367877476073794
23000,55,0.16151278725457993
24016,55,0.08338521611171314
788,55,0.5223184317801456
24021,55,0.24022727826978804
582,55,0.6252449372720776
794,55,0.4520044530266911
15865,55,0.03549168683823262
24026,55,0.24672819311903674
25078,55,0.2228195608456204
25750,55,0.3396314315673077
520,55,0.6243539223535853
797,55,0.504560555414807
6116,55,0.12262912145421553
6974,55,0.07858173608785213
15870,55,0.060973540507177335
25754,55,0.28130981022839996
27093,55,0.4969395057095547
803,55,0.5798977175303653
8061,55,0.09909333901175114
15875,55,0.07560285311114472
25760,55,0.2365206457463168
305,55,0.8600748989666497
808,55,0.7120859704788828
8065,55,0.16284562264920532
15880,55,0.036999347006412255
16903,55,0.06569724027844938
26316,55,0.2946528065542035
26733,55,0.3596141257596383
259,55,0.895947641288438
8289,55,0.13062455985507054
9161,55,0.030852339921815217
17944,55,0.1095242064063186
26321,55,0.31610998912147353
27108,55,0.4866870237676783
266,55,0.9889096715091845
8075,55,0.05019100992645186
270,55,0.9272619533525732
823,55,0.8218898058368712
11283,55,0.07303682926910927
17953,55,0.14074296467569858
113,55,1.096375482036436
616,55,0.8722336557567626
827,55,0.8644102648083483
1245,55,0.7081934915879577
11287,55,0.05083258000960302
17958,55,0.13687806928025356
18799,55,0.14799332397514403
27608,55,0.9215928466455678
234,55,0.8999500955890479
11706,55,0.050015426144986934
19654,55,0.23035654930668617
27674,55,1.0107363241722687
44,55,1.2305664222274943
560,55,0.9677329518967005
838,55,0.9004712411713667
11711,55,0.054631757582746514
27313,55,0.3369549258077694
27723,55,0.5820147044788175
16,55,1.2823157943803913
131,55,1.0146785854357556
9190,55,0.13286681732783018
12334,55,0.08620557684236514
13312,55,0.09771977832912734
27468,55,0.3200506953188541
27795,55,0.44440558754969745
7,55,1.2054895353690196
103,55,1.0476839782918659
508,55,0.8308771196681555
847,55,0.6978026444941098
1733,55,0.4082990180003995
12339,55,0.08269805291805864
19884,55,0.15928961914902107
27628,55,0.2236502132316463
27732,55,0.23635823352631305
2,55,1.2109091701495085
108,55,1.1167948167534862
1738,55,0.38859568878977635
3208,55,0.12475730831607863
13322,55,0.10509655416780107
14115,55,0.09218260583499309
22231,55,0.31378158804125095
27381,55,0.23368884732501444
27633,55,0.17067572291723443
6,55,1.4462139852034896
112,55,1.1435271976512758
258,55,1.064151176592682
1275,55,0.8574103992114566
2541,55,0.28377194293314256
3213,55,0.1334937965438142
12349,55,0.1535374903910479
13326,55,0.18379742559991186
17988,55,0.10052607835857931
22025,55,0.39264875338381905
27436,55,0.2335344609932738
27638,55,0.2195890518238325
11322,55,0.21435198672842753
17993,55,0.21825585425138866
18834,55,0.1195333561887459
22031,55,0.31712136559781
23079,55,0.37259916554859907
27607,55,0.3812689521539358
2390,55,0.6021144606739162
11119,55,0.26107170024384757
12359,55,0.20985859618207156
14130,55,0.12691401835093694
15737,55,0.1106966656548473
19904,55,0.29454869138846634
22036,55,0.28918603687161537
27869,55,0.6255117231734049
4127,55,0.36990003468681404
13341,55,0.10556661890214629
14940,55,0.2804436076646099
24957,55,0.37144115180967163
3230,55,0.08342369858844423
5134,55,0.595564403179478
24094,55,0.7932461755985266
3235,55,0.019066466100435088
5140,55,0.2415950411560487
7058,55,0.10470363290155758
16977,55,0.5010682038893978
18013,55,0.5397584021219801
23099,55,0.27576229927067347
3239,55,0.0868958327758096
4141,55,0.10093847482952006
5992,55,0.13139621106530053
15958,55,0.37889103552142556
20996,55,0.40793738533071455
25487,55,0.28320249059654784
2557,55,0.32347863733199284
3244,55,0.13066431875040108
4146,55,0.16985833137187714
4941,55,0.12178574826150405
7283,55,0.15686182847979602
18022,55,0.6653997070441203
19928,55,0.6049055849062429
21002,55,0.5071580428493963
24976,55,0.342359548020112
2396,55,0.5948480505409589
9244,55,0.13430245612178146
18027,55,0.6776323807513928
18867,55,0.7339157466039593
22065,55,0.7329854224639512
2401,55,0.4000916975187376
3254,55,0.15550226697966177
6219,55,0.17043205088625527
7077,55,0.15481700235905985
9249,55,0.09646386808509068
10319,55,0.09551998715276903
15973,55,0.2672075328958631
16996,55,0.46283085585638273
18872,55,0.7574936579879505
19938,55,0.7709367682089898
22071,55,0.7953670964036776
2406,55,0.6928462356928492
3259,55,0.09448762158435871
6224,55,0.22008982160213064
7082,55,0.1871831787769167
18037,55,0.7177094688262557
18877,55,0.7969218376539546
19944,55,0.7923667399381764
21016,55,0.8106583710990126
22075,55,0.7961732415749232
24991,55,0.3756958260105073
2411,55,0.11014051361457386
3089,55,0.16939873655724327
4166,55,0.09881408516312044
8169,55,0.16596094108374376
10538,55,0.09924857866954725
11371,55,0.11101737846670509
21021,55,0.8012641736521818
23337,55,0.7677116299947496
2416,55,0.1602543195525839
3269,55,0.09680356930027356
6234,55,0.10954873590392364
9264,55,0.1601206805147032
13200,55,0.1183613329279255
14984,55,0.15528904079675562
15988,55,0.13278023405347847
17011,55,0.14733746420557794
19953,55,0.7564988501882582
22085,55,0.7538068489837102
5179,55,0.08791701413754607
6239,55,0.10846802389187338
8179,55,0.13966561155754156
14989,55,0.14114366442550735
15791,55,0.1266136508557147
18052,55,0.0382747958707981
23138,55,0.733104908359423
25006,55,0.5200769463024643
25831,55,0.44746188275624543
1962,55,1.4159890238906954
2426,55,0.12318552473439673
6244,55,0.1130382025244923
8401,55,0.1689251244526142
9274,55,0.1708107372906357
11385,55,0.13107027802519733
23143,55,0.6492855504642255
1967,55,0.37947189554379673
2431,55,0.34277366754416055
3284,55,0.13815256324302166
4186,55,0.08047398340148457
7107,55,0.11255746970222913
8189,55,0.1272325068971662
14998,55,0.22179767893333205
22100,55,0.5976223234562549
23148,55,0.6142756568250582
24148,55,0.548579622013754
25016,55,0.4119669881707974
1845,55,0.424506784454527
4190,55,0.2767128019085229
4985,55,0.3039704214608772
8413,55,0.09911034055858313
9502,55,0.1458996789071099
10354,55,0.13286347667261672
21046,55,0.301719323941471
23153,55,0.6136822006741834
25846,55,0.23750251144038673
2441,55,0.5028354367258788
3119,55,0.41740799304659615
7117,55,0.2809530154632908
8199,55,0.10108157415380266
12433,55,0.12221241442164417
13388,55,0.16990689353971156
15008,55,0.29111142724727973
18912,55,1.0066405386736685
22110,55,0.7835115712335662
24158,55,0.5633084810134088
1741,55,0.6785171817101184
2446,55,0.6984488996145914
4200,55,0.3323183279841857
8203,55,0.16683568766341952
9294,55,0.055206414041328256
10364,55,0.08305036082396032
13393,55,0.23354257962987968
15013,55,0.4433781409090249
18077,55,0.3594196089787746
18917,55,0.28452747849520554
22115,55,0.9048079883553077
23163,55,0.8929251853282371
25031,55,0.4661025239663562
25856,55,0.2651983177532653
27857,55,0.45918937918265457
3303,55,0.16877794238368282
5208,55,0.2636888599500937
6269,55,1.3049793979886943
7126,55,0.11987205683433803
8209,55,1.6145941203618106
9298,55,0.03487815431158809
11410,55,0.1288657076396675
27967,55,0.17570696537490016
27981,55,0.24807634445160975
28051,55,1.9039517019214753
16225,55,2.129775427594924
17045,55,1.9353110731845586
19987,55,2.5280235328762473
21060,55,2.2502776104918305
23166,55,2.1548852783620602
25035,55,0.46776901327013654
25860,55,0.33222701871920396
27918,56,0.00957183280660576
8211,56,0.009511932628589381
9083,56,0.010295001450267382
28125,56,0.03656348693667898
20418,56,0.04277187740370058
5210,56,0.024249895144922592
6057,56,0.01954385334377015
7130,56,0.01673953273531385
7997,56,0.017228247154973397
9087,56,0.014570953216063939
9948,56,0.011639685542882952
18291,56,0.04380858991947562
18922,56,0.05441751616937159
19776,56,0.05488413527243508
20849,56,0.06425198767325986
21908,56,0.06592505565643755
22958,56,0.07017694755521016
3482,56,0.036888121640832626
4019,56,0.0409550539925973
4798,56,0.026519122408660736
5849,56,0.019821677735440826
7136,56,0.017661838316236137
8002,56,0.017090318481042976
9092,56,0.014805512125075864
10161,56,0.012005398772375648
11204,56,0.01646437676921147
12238,56,0.0211097373764043
16840,56,0.01047478546409082
17874,56,0.02058040575819621
18716,56,0.05720947005324213
19565,56,0.05766414535923231
20854,56,0.0704509781377492
21913,56,0.06999347897686066
2451,56,0.030768719135009837
3131,56,0.03711759580387418
4023,56,0.03491067179100348
5007,56,0.022316734912130796
5853,56,0.021664460441835776
6925,56,0.017664084045236603
9097,56,0.01641322254935394
10167,56,0.016004925659061767
11209,56,0.018955624411754836
12241,56,0.021419603218573984
13218,56,0.009982697469586231
14012,56,0.006880803288467934
16843,56,0.022518471306859068
1745,56,0.07162814643986903
2293,56,0.07121611008360128
3135,56,0.060542613706540994
4028,56,0.03015125681948667
27900,56,0.019998201725724137
7146,56,0.018597891757069204
8012,56,0.01825312817678876
1645,56,0.08414326823547229
3141,56,0.04228654542183051
7150,56,0.022788745576532904
9111,56,0.04306394401420111
12255,56,0.06332690696613398
1279,56,0.18613102516160696
13237,56,0.1056640189117882
14836,56,0.025183664941016533
17899,56,0.3860009754364856
21937,56,0.23614352783380907
1191,56,0.2188580241629206
3155,56,0.07519651554803239
5032,56,0.11868789411545154
10193,56,0.12919383324631206
11233,56,0.031515239655075876
28017,56,0.021106820486416586
18744,56,0.29602879928236864
4833,56,0.131495788512708
6096,56,0.04468797371806642
18749,56,0.16548593435651907
20888,56,0.1516723098842603
861,56,0.38714268467815055
23000,56,0.13840296963398122
24016,56,0.13935308030491053
788,56,0.38281130887093523
24021,56,0.18063761609180234
582,56,0.48291058862483366
794,56,0.3272522601713709
15865,56,0.06231191045373889
797,56,0.38132704303997506
6116,56,0.1832547597129934
6974,56,0.29342384192437543
15870,56,0.091654275777046
24914,56,0.11973545975934988
25754,56,0.17186068146783645
27093,56,0.46406694719710706
803,56,0.46172543255158127
8061,56,0.2570286191951554
15875,56,0.13622497444221873
25760,56,0.2912844446649517
305,56,0.8305488283046613
808,56,0.5701436006958024
8065,56,0.23347597924277888
15880,56,0.11329926429081522
26316,56,0.317388478772919
26733,56,0.4752856056259836
259,56,0.879213971771083
812,56,0.6160228926128776
6988,56,0.255476940677128
8289,56,0.2190629255431421
9161,56,0.230927931371232
17944,56,0.07194588232586172
26321,56,0.3456650553606259
27108,56,0.43791471519135594
266,56,0.8601899065788376
479,56,0.7518522628814557
8075,56,0.1764779985035448
17949,56,0.1170029814313547
270,56,0.6384763342606421
823,56,0.6270666583639974
10449,56,0.11454117247663805
11283,56,0.11760647289559632
17953,56,0.11661182336175599
113,56,1.1192518436942462
616,56,0.7409595216055028
827,56,0.7071946140333093
8302,56,0.10406194689508351
10246,56,0.166204272653994
11287,56,0.08955064200856461
17958,56,0.16957913857247098
18799,56,0.15492916875037935
27608,56,1.0732537502507238
234,56,0.6781888330885751
11706,56,0.13014416796484662
13301,56,0.25108702747309847
19654,56,0.23037474182956555
27411,56,0.26642735809645607
27674,56,1.0047945028216267
44,56,1.103631506503731
560,56,0.7709166250675752
838,56,0.7763940492186686
11711,56,0.13034910319300116
27313,56,0.2620146334368049
27723,56,0.4844095422647418
16,56,1.1963849007873026
9190,56,0.09550129024565421
12334,56,0.15274649298206086
13312,56,0.18560895978823236
27795,56,0.37773014332777516
7,56,1.2164191686220123
103,56,0.6823429932965973
248,56,0.6063493742074565
508,56,0.49371493125760524
847,56,0.42911999806193735
12339,56,0.19803670465338333
19884,56,0.34802943203634606
27628,56,0.19659681554252895
2,56,1.1718499064712766
108,56,0.7090719663263216
1738,56,0.2098937152386007
3208,56,0.17449769744531843
13322,56,0.1380471502532227
14115,56,0.2380548549532113
22231,56,0.5127485325145237
27381,56,0.2264998301184159
27633,56,0.2401327888066565
6,56,1.4341067419015765
112,56,1.1917122743082513
258,56,1.0855187171972425
1275,56,0.9222173935289963
2541,56,0.1314669246812612
3213,56,0.1955614009800906
13326,56,0.061545357210761965
17988,56,0.2108610479025612
21180,56,0.47366468371898124
22025,56,0.5670499933170883
27436,56,0.14818726482191882
27638,56,0.2011602737561171
11322,56,0.2578575264856833
17993,56,0.14190923440533462
18834,56,0.28242037470966963
22031,56,0.43443507831973616
23079,56,0.6730052684433513
27607,56,0.3675940937683519
2390,56,0.5933973010771664
4122,56,0.24984419953991494
14130,56,0.13909447069820588
15737,56,0.017984236380966113
19904,56,0.3916896420922306
22036,56,0.42086154453737334
27869,56,0.7405244661237097
4127,56,0.362805877588121
13341,56,0.03572339447657112
14940,56,0.23198853657301294
15944,56,0.10203667359425568
24957,56,0.4949289396434798
3230,56,0.19797298244472278
5134,56,0.43840587234243156
23094,56,0.4730127339134316
3235,56,0.2605829276637616
5140,56,0.19015077335004044
7058,56,0.16668451146615412
16977,56,0.3787208876559627
18013,56,0.349250411825971
23099,56,0.44858767009835254
3239,56,0.24514110342774234
4141,56,0.212025671370364
5992,56,0.17835281453663995
15958,56,0.2876561268411604
20996,56,0.24427879199836047
25487,56,0.6417304701844203
2557,56,0.3741177674740598
3244,56,0.244520605027517
4146,56,0.2512148131656841
4941,56,0.2534215358868251
7283,56,0.218209907453406
18022,56,0.28343127741441965
19928,56,0.23790596642266307
21002,56,0.25119910342092616
24976,56,0.4482916292570796
2396,56,0.598877921429252
9244,56,0.248860207193766
18027,56,0.2597843948645593
22065,56,0.3161405403186682
2401,56,0.7152679396845731
3254,56,0.30975615785955873
6219,56,0.31045449273995973
9249,56,0.2848622340001057
10319,56,0.25135037002735816
15973,56,0.16064757254105352
16996,56,0.030058345917730787
18872,56,0.06998687596097951
19938,56,0.07965873431079973
22071,56,0.3269468865447772
25819,56,0.5787500017443328
2406,56,1.3306778376481125
3259,56,0.37395721010652205
6224,56,0.34777150264992696
7082,56,0.3657113352010583
18037,56,0.20719925145628248
19944,56,0.08139343802531336
21016,56,0.06678960080806579
22075,56,0.3349647988221555
24991,56,0.41419580701427733
2411,56,0.39316657671471694
3089,56,0.3968518859260806
4166,56,0.30337527109750356
8169,56,0.4273988601196138
10538,56,0.3770309718509142
11371,56,0.33966212841483556
12403,56,0.3297458500464146
21021,56,0.1490802795938993
23337,56,0.22619980624026237
24128,56,0.44169854952345006
3269,56,0.34478098937925894
6234,56,0.4049842376560935
9264,56,0.48598121329896726
13200,56,0.3339566837907104
14984,56,0.2619455526519923
15988,56,0.813321015578523
19953,56,0.1966292010758309
22085,56,0.240032068252702
25826,56,0.60558933064622
2421,56,0.4435436028567752
6239,56,0.33916568858740664
9487,56,0.45929171481505177
18052,56,0.8100832796431294
23138,56,0.3694680418038213
25006,56,0.3744593950416378
25831,56,0.8168788972992385
1962,56,1.5984117600100194
2426,56,0.4119554261595825
6244,56,0.33118602220101373
8401,56,0.3944363372059375
9274,56,0.4620955665247316
10344,56,0.483642459663666
11385,56,0.44152708594614926
14993,56,0.4071811195148911
21036,56,0.4162337496882228
23143,56,0.450034056268806
1967,56,0.4230523937538956
2431,56,0.36593270738490846
4186,56,0.3441951870396613
5189,56,0.3673219673212716
7107,56,0.3700410119714244
8189,56,0.39108947248710707
14998,56,0.3924626604732251
22100,56,0.42321201320812296
24148,56,0.5055051756835632
25016,56,0.5816196603458245
1845,56,0.521006223285069
4190,56,0.3245861708799107
4985,56,0.31080540290625314
9502,56,0.2518776118251422
10354,56,0.19505751302616672
21046,56,0.5264795557811744
23153,56,0.3941598545576996
25846,56,0.6900003725577682
2441,56,0.34979513140819507
3119,56,0.2770750113817722
7117,56,0.2809673197764308
8199,56,0.27643434056732286
12433,56,0.09955364552653007
13388,56,0.12323112307911675
15008,56,0.5813074469703049
16013,56,0.5250377909178089
17036,56,0.7352114527250305
18912,56,1.0309417981252722
23158,56,0.22059687808373013
24158,56,0.26768518997565843
2446,56,0.2708302720008564
3298,56,0.255120539212025
4200,56,0.24406551878568133
8203,56,0.269438696777895
9294,56,0.24893297989510876
10364,56,0.20384578974546716
13393,56,0.04532679382270378
15013,56,0.4211950734230464
18077,56,0.45511394346949213
18917,56,0.36570208501128776
22115,56,1.6303106582684541
23163,56,1.0625405465540685
25031,56,0.19026841354975002
25856,56,0.4270065759641427
27857,56,0.7073557997939263
3303,56,1.0361790492245277
5208,56,0.19720421101164198
6269,56,1.335860069003793
7126,56,0.3643572467005498
8209,56,1.492231284782211
9298,56,0.30870491852180587
11410,56,0.1993239430907393
27967,56,0.2352026989972978
27981,56,0.028441890390113786
28051,56,0.8498612086111833
16225,56,1.4512101554171468
17045,56,1.7132149709522486
19987,56,2.4629612296854586
21060,56,2.2760387104124273
27918,57,0.013627214487439265
8211,57,0.015276121121516998
9083,57,0.014773075768211187
28125,57,0.05001907969225969
20418,57,0.05331454557115183
5210,57,0.023591468950190972
6057,57,0.019049911034356905
7130,57,0.02289869604985849
7997,57,0.024463766163685435
9087,57,0.026374528209480393
9948,57,0.020978938802913554
18291,57,0.050361141004916087
18922,57,0.06301803157437201
19776,57,0.06329580981598873
20849,57,0.06980611520549375
21908,57,0.06801641182348409
22958,57,0.07089883843212588
3482,57,0.035955049264371416
4019,57,0.03669896460657591
4798,57,0.024358479114009415
5849,57,0.017533496960806902
7136,57,0.02282752637644627
8002,57,0.023966310671996005
9092,57,0.026680343873974225
10161,57,0.021126544739492506
11204,57,0.021164236922494695
12238,57,0.02105420522920347
16840,57,0.02000620094104313
17874,57,0.02837377292236017
18716,57,0.06410130426126506
19565,57,0.06398318928762206
20854,57,0.073012040772014
21913,57,0.07308304311024043
2451,57,0.030725473719824592
3131,57,0.06099512406946717
4023,57,0.03457038573956404
5007,57,0.02105405814200445
5853,57,0.0202405907890757
6925,57,0.02118445365900779
9097,57,0.023747972531204174
10167,57,0.024055645677938154
11209,57,0.023020397224516383
12241,57,0.022322045651035332
13218,57,0.01005266703030577
14012,57,0.008509591177154866
16843,57,0.02860148648461728
1745,57,0.04728868141902422
2293,57,0.02131636462104414
3135,57,0.02087559991579795
4028,57,0.09146223755088242
27900,57,0.021601659786635228
7146,57,0.09122129873695278
8012,57,0.027244646356567936
1645,57,0.04976497626055999
3141,57,0.026140238348409353
7150,57,0.02605308254020496
9111,57,0.1153348927290894
12255,57,0.18273225989420086
1279,57,0.2316644536995703
4042,57,0.06510429466671809
13237,57,0.09845584937909617
14836,57,0.13213747812730386
17899,57,0.16788161959551534
21937,57,0.19407642276109685
1191,57,0.23295293738005718
3155,57,0.12103757284118483
5032,57,0.2000628118791047
10193,57,0.06564800471878411
11233,57,0.09738985219831495
28017,57,0.16238895908776466
18744,57,0.11035228069855327
4833,57,0.1977976998059894
6096,57,0.12324853338876815
18749,57,0.1421906927800866
20888,57,0.19863201146582832
861,57,0.44167319662443655
788,57,0.46502710538961595
14052,57,0.1355583140302998
24021,57,0.281362701009321
582,57,0.44969467320168355
794,57,0.2151217781050046
15865,57,0.1832751666207817
797,57,0.262083146214256
6974,57,0.43484300417998284
15870,57,0.18154720553957227
24914,57,0.4118929721020587
25754,57,0.4170269214901915
27093,57,0.5915862270050485
803,57,0.29098406937138277
6121,57,0.1786788585443096
8061,57,0.47873249617562674
15875,57,0.19694822564149164
25760,57,0.3852042284704944
305,57,0.8680316212929121
8065,57,0.38967995323353677
15880,57,0.193546882531828
26316,57,0.5124474411826855
26733,57,0.5151225885542385
259,57,0.8683273824040522
812,57,0.2369075843200441
6988,57,0.21315322356429967
8289,57,0.4630511387634377
9161,57,0.529142156648859
17944,57,0.293136908640932
27108,57,0.5912407073657877
266,57,0.6321169148666687
479,57,0.4981337619184843
8075,57,0.34709854745821334
17949,57,0.25988133062545776
270,57,0.507059890942811
10449,57,0.48857648933295117
11283,57,0.20145612791786752
17953,57,0.29449516568151957
113,57,1.0436547671955159
616,57,0.38868898108845457
827,57,0.2753027159892749
10246,57,0.5390252947758877
11287,57,0.38027493737766177
17958,57,0.3068958842791365
18799,57,0.3153772286850502
26753,57,0.4478504582026068
27608,57,1.0333615562886072
234,57,0.5816394469248055
11706,57,0.3509383624808135
12324,57,0.08663712895520176
13301,57,0.16424014510175167
19654,57,0.3648556118715058
27674,57,0.7102883695065444
44,57,1.1836315598869016
11711,57,0.24649199872451055
27313,57,0.42995695144307083
27723,57,0.5632070225857313
16,57,1.3228004383268182
768,57,0.37860410811927553
9190,57,0.12073030035973038
12334,57,0.12527578082808338
13312,57,0.1268184497693239
27623,57,0.46884478880108643
27795,57,0.37395346744021446
7,57,1.361034981260426
103,57,0.7764972280113276
248,57,0.708411019832704
508,57,0.4457388077381701
847,57,0.34739691646830406
12339,57,0.14254264453360535
19884,57,0.33570639593934326
2,57,1.4155376991585047
108,57,0.9174604888973806
1738,57,0.16782934743833391
3208,57,0.2812310525104257
12344,57,0.14386592123318098
13322,57,0.1912578900949027
14115,57,0.11404480116117002
22231,57,0.49092167414251264
27381,57,0.29145219552270096
27633,57,0.25309006558473707
6,57,1.3309602031429295
112,57,1.14726905850125
258,57,1.039423000377893
1275,57,0.6286619134651527
2541,57,0.14626242600879524
13326,57,0.12163447797604521
17988,57,0.21809612351515562
21180,57,0.3592606795568488
22025,57,0.48240466899192824
27436,57,0.34642091960454685
27638,57,0.20399357954493572
11322,57,0.2865125351708508
15732,57,0.153706961707588
17993,57,0.19093592231411313
18834,57,0.32409021295306645
22031,57,0.3696371645615242
23079,57,0.4920332624576767
27607,57,0.2812161541265223
1841,57,0.5670911288729011
2390,57,0.4795095791157621
14130,57,0.4267420047773307
15737,57,0.23493892858366977
19904,57,0.25677200343310475
22036,57,0.486119286376522
27869,57,0.5492972558849681
2394,57,0.5782517287457412
4127,57,0.6280849756027694
13341,57,0.5468674717776688
14940,57,0.6607496683967207
15944,57,0.05247157477826982
24957,57,0.5379455336369161
3230,57,0.6134616640600294
23094,57,0.386501075669654
3235,57,0.42920732634488734
5140,57,0.3910895216248777
7058,57,0.29872993715875784
16977,57,0.5488389825077766
18013,57,0.5873997072901456
23099,57,0.40158542152582555
4141,57,0.3133257862508117
5992,57,0.33821179802586876
15958,57,0.5098866847445613
20996,57,0.41632963180774585
25487,57,0.5707622736217444
2557,57,0.11558033285353675
3244,57,0.3380216341593972
4146,57,0.33104991035411996
4941,57,0.31676279931083334
7283,57,0.3226486085248412
18022,57,0.5099116632683356
19928,57,0.3941388109357332
21002,57,0.38917781586052397
24976,57,0.7152803981549583
2396,57,0.3989012465235321
9244,57,0.20057521699699035
11356,57,0.17760895804039514
18027,57,0.4627033393860185
22065,57,0.5054341452424824
6219,57,0.2571807922507147
9249,57,0.1760124981341941
10319,57,0.2040522300270475
15973,57,0.22876518828741205
16996,57,0.314447468112841
18872,57,0.3058927113919386
19938,57,0.29633814585210944
22071,57,0.3035421964814315
25819,57,0.5557485993932263
2406,57,0.6329443195795557
3259,57,0.31064501155253205
6224,57,0.22270129291417953
7082,57,0.19542806445630978
18037,57,0.2790256418364003
19944,57,0.30072387223837777
21016,57,0.2640188353952129
22075,57,0.23474347439955492
23123,57,0.5202722624868951
24991,57,0.7024221200209005
2411,57,0.4584029093576925
3089,57,0.31959076584332724
4166,57,0.23683631487355275
5169,57,0.2820850651886147
7087,57,0.19027566235250584
8169,57,0.19409699641510908
10538,57,0.20939207236878773
11371,57,0.16140895217411563
18882,57,0.3068626283624326
21021,57,0.2436229801231455
23337,57,0.3808464906356773
6234,57,0.2943315495484787
9264,57,0.24379651816322015
13200,57,0.12658524497332826
15988,57,0.10029405735664682
18887,57,0.2388345724504315
19953,57,0.20016763304947213
22085,57,0.18075439157595335
7097,57,0.3017260769262856
23138,57,0.16437759897718213
1962,57,1.5593649500840348
2426,57,0.34345883231043534
6244,57,0.17974335488955898
11385,57,0.18625147093353187
14993,57,0.21825371518523987
22095,57,0.2236320758515717
23143,57,0.12299927037961245
25011,57,0.28637321151338097
4186,57,0.23786503762584146
5189,57,0.20674756434372185
7107,57,0.21372516340810374
8189,57,0.28810789097337297
14998,57,0.11311017359186579
22100,57,0.11883337551752819
24148,57,0.1481849149392799
25016,57,0.24778767422391948
1845,57,0.31941302540393113
4190,57,0.3360433436426767
9502,57,0.28193196499872786
10354,57,0.27186744878023206
21046,57,0.15939777054760862
23153,57,0.14889595417849694
25846,57,0.14801175644618603
2441,57,0.3062999716302359
3119,57,0.2085633126231983
7117,57,0.18359497406213415
12433,57,0.2830436702080075
13388,57,0.23619388515017356
15008,57,0.25772743442427326
18912,57,0.21479352629045204
24158,57,0.1318879252004559
2446,57,0.30265157181917746
3298,57,0.19796863203903928
4200,57,0.22083757186068903
8203,57,0.22951816620627294
9294,57,0.15077295978052171
10364,57,0.12930386414161607
12438,57,0.31193418303866305
13393,57,0.22295703448582965
15013,57,0.11147352482832408
18077,57,0.17272093569607214
18917,57,0.12492588337996904
22115,57,0.6067895558764127
25031,57,0.1455623682395737
25856,57,0.07899011915220636
27857,57,1.989202492459565
2288,57,1.0718539658044814
3303,57,0.9012971905117205
5208,57,0.14071603190366158
6269,57,1.3773460821055568
7126,57,0.23456575416837883
8209,57,1.6293536825970605
9298,57,0.0661172581860545
11410,57,0.3006178091250087
27967,57,0.12982221708109823
27981,57,0.25643609476361984
28051,57,1.5263428631502798
16225,57,1.3196095892901463
17045,57,1.388274345775534
19987,57,2.0469539918110793
21060,57,1.889167029092372
27918,58,0.02440182110090774
8211,58,0.03194845150196199
9083,58,0.025220550347801546
28125,58,0.03791608032703206
20418,58,0.0439098435120275
5210,58,0.02292377261308064
6057,58,0.024399777101774715
7130,58,0.018729917697288278
7997,58,0.01861878600803452
9087,58,0.02247833734193725
9948,58,0.021283137122587656
18291,58,0.046053343534533914
18922,58,0.05728334975174741
19776,58,0.055952538904153235
20849,58,0.06329985238833145
21908,58,0.06235917647761979
22958,58,0.06812016568323452
3482,58,0.031978949342312754
4019,58,0.024993542708895373
4798,58,0.020151901626636385
5849,58,0.02147887344495069
7136,58,0.018088366303571194
8002,58,0.018467680208783123
9092,58,0.0232474947401281
10161,58,0.020770991356262255
11204,58,0.017769322277410952
12238,58,0.016509759071459542
16840,58,0.03119348245773229
17874,58,0.03478254753104636
18716,58,0.05947541634164113
19565,58,0.05801668674180759
21913,58,0.06766391721067284
22961,58,0.06686086968443772
2451,58,0.03776183529860303
3131,58,0.06516361030956921
4023,58,0.03231574871189777
5007,58,0.021249979090525426
5853,58,0.02146613688317327
6925,58,0.020627136011971824
9097,58,0.022754051949580075
10167,58,0.022388456748127686
11209,58,0.016842956877359556
12241,58,0.017334751246940675
13218,58,0.01722849985391788
14012,58,0.019146094030860147
16843,58,0.03948667471233274
1745,58,0.011385239674575805
2293,58,0.03926168174545248
3135,58,0.03606398190404992
4028,58,0.09061886028488605
27900,58,0.029479899334134075
7146,58,0.09388852880360297
8012,58,0.09217647187156904
1645,58,0.07563351341719045
3141,58,0.04792935375222619
7150,58,0.10404244493951219
9111,58,0.1892088376748829
12255,58,0.1411395097665888
1279,58,0.22506144165874964
13237,58,0.16564225379675196
14836,58,0.11747810946921752
17899,58,0.1383535797919266
21937,58,0.0613431541802417
1191,58,0.25785880409292417
3155,58,0.2059410417209073
5032,58,0.04460923960820548
10193,58,0.13670377126773686
11233,58,0.2890475479410696
28017,58,0.3284286754070645
17904,58,0.1633423872849904
18744,58,0.1470934636082282
4833,58,0.0864823135740419
6096,58,0.06621438686066838
20888,58,0.18843281841160395
22995,58,0.22261653777342397
861,58,0.4291607710457155
13253,58,0.12066005221066463
788,58,0.4030742871408986
24021,58,0.47135519974054424
582,58,0.44375069296569175
794,58,0.3203916110804067
14861,58,0.12853728648312998
15865,58,0.15170766689093632
25078,58,0.4410882401947712
25750,58,0.5197407262284336
520,58,0.4492721791534126
797,58,0.29340344945801433
6974,58,0.12119590838974717
15870,58,0.1536105551815802
25754,58,0.42480511644271013
27093,58,0.5162965039644666
803,58,0.2834300007130002
8061,58,0.25028122737184477
15875,58,0.18964167356559508
25760,58,0.4557834965809149
305,58,0.8398056171485304
8065,58,0.11444740712834134
15880,58,0.18531480740425768
16903,58,0.22751505419917475
26316,58,0.48461422245406416
26733,58,0.5554015260191979
259,58,0.8763708434719705
812,58,0.20985345571504044
8289,58,0.15452448404713862
9161,58,0.2528980594400909
17944,58,0.28791191553432904
27108,58,0.6608977288903584
266,58,0.6984647073241184
8075,58,0.09413816466436319
270,58,0.6298467477628005
10449,58,0.2561030950415665
11283,58,0.25626763610379
17953,58,0.26773661257847553
113,58,1.0357898860393313
616,58,0.29580319861211696
11287,58,0.27772271807421295
17958,58,0.2671260184070647
18799,58,0.3005215905092221
26753,58,0.5011328697704428
27608,58,0.8650618033104635
234,58,0.7293241041460953
11706,58,0.19959992013755368
12324,58,0.11625602106007209
13301,58,0.058409011889340355
19654,58,0.3651091088578122
27127,58,0.5262095746309158
27674,58,0.8559053690737134
44,58,1.1177483956320817
11711,58,0.09285272893332429
27132,58,0.578603887651784
27313,58,0.5777935727354365
27723,58,0.6824195362981852
16,58,1.2665643110300933
131,58,0.629885894237304
9190,58,0.08026054703555181
12334,58,0.13147754965377467
13312,58,0.1450326981860253
27468,58,0.5108902891690321
27623,58,0.568099309293644
27795,58,0.44431409616314144
7,58,1.1439186087978832
103,58,0.6162741515823669
248,58,0.5681589163669961
508,58,0.3610681542485023
847,58,0.1869896394402126
1733,58,0.22220215642872237
12339,58,0.20636573575130798
13317,58,0.2112281595086049
19884,58,0.2326356138596561
2,58,1.2179485714806733
108,58,0.6962220762535535
852,58,0.22163726000844028
1738,58,0.14348252638859174
3208,58,0.1513358051753255
13322,58,0.27023742335232404
14115,58,0.2185473347619261
22231,58,0.5091947961100468
27381,58,0.46014617277021097
27633,58,0.38237410188157805
6,58,1.154628520323944
112,58,1.0516550779112632
258,58,1.016710148038836
1275,58,0.8255583349853512
2541,58,0.18693053712204402
13326,58,0.48050051526657245
17988,58,0.22428813979575152
21180,58,0.3065825365212086
22025,58,0.5207288350100402
27436,58,0.4284507926050771
27638,58,0.34850136094582246
2385,58,0.19744666749710685
11322,58,0.28175855090092344
17993,58,0.2510060168411498
18834,58,0.31153039147204176
22031,58,0.370884828175537
23079,58,0.5701269983815931
27607,58,0.36599980392411835
1841,58,0.7744854106009149
2390,58,0.4993056778581193
14130,58,0.018927618656361545
15737,58,0.23858033344839882
19904,58,0.2933136325732814
22036,58,0.5008258010455862
27869,58,0.9033063488008574
2394,58,0.5434661354075105
4127,58,0.5372268266016373
13341,58,0.2356106791623909
15944,58,0.05281598816778701
24957,58,0.536503673890376
3230,58,0.5430521599080539
3235,58,0.33176513881677333
5140,58,0.12207607395894152
7058,58,0.18935017993355588
16977,58,0.47576336361118465
18013,58,0.49060283911597247
23099,58,0.4846369001822132
4141,58,0.16644228332187552
5992,58,0.19264051595645537
15958,58,0.48832923719969346
20996,58,0.41663880768967465
25487,58,0.647486620081361
2557,58,0.6108246273141512
3244,58,0.08402609287800993
4146,58,0.12112035181339992
4941,58,0.1444293525292986
7283,58,0.1582340852739585
18022,58,0.41941217444184764
19928,58,0.3654928125090349
21002,58,0.3884333036062742
24976,58,0.35690758163606373
2396,58,0.6499357908478438
5154,58,0.11912535606717381
9244,58,0.12642347853294034
18027,58,0.4053622870625537
18867,58,0.33344859163642365
22065,58,0.1902026330148496
6219,58,0.15116323461879047
7077,58,0.17256158827811025
9249,58,0.15169379924864723
10319,58,0.10602255075750952
15973,58,0.25400568853782135
16996,58,0.2637317462397553
18872,58,0.2902043718894964
19938,58,0.27847760655759224
22071,58,0.3132639260157378
2406,58,1.2109520762085881
3259,58,0.08440671664479979
6224,58,0.12041176988762822
7082,58,0.17604001722775436
8164,58,0.16166695998288677
18037,58,0.23283879281641484
18877,58,0.25119846069154633
19944,58,0.2345500332999623
21016,58,0.1556417513008149
22075,58,0.3158795400997684
23123,58,0.17465905179478247
24991,58,0.28523118776171247
2411,58,0.18211086165241938
3089,58,0.10706505168923729
4166,58,0.1087320870466298
5169,58,0.1040011687592305
8169,58,0.17543959072098314
10538,58,0.18590549141655016
11371,58,0.22654665409436703
21021,58,0.18967938154896746
23337,58,0.18616016536088353
2416,58,0.09063594947522818
6234,58,0.12086061796705615
9264,58,0.21767451505979343
13200,58,0.136178583705736
15988,58,0.11001702521226847
19953,58,0.18351810366727356
21026,58,0.1763762642359744
22085,58,0.22689736631330668
5179,58,0.10027003989217882
23138,58,0.08838186850481541
1962,58,1.5572750012545886
2426,58,0.1379110478323437
11385,58,0.257560368089151
14993,58,0.07141295715415238
25011,58,0.1958924851274438
4186,58,0.17755508137801398
7107,58,0.13880620481726436
8189,58,0.19994102815045028
14998,58,0.06424946115083421
22100,58,0.03400995983255621
23148,58,0.10104026382355942
24148,58,0.21698885025646583
25016,58,0.19339436886872974
1845,58,0.6812874921793777
4190,58,0.26453243083050026
8413,58,0.0780987787487988
9502,58,0.16796393281124647
10354,58,0.2209187217273671
21046,58,0.0752017514210997
23153,58,0.1369075868224551
2441,58,0.37992454109959073
3119,58,0.2991074402398966
7117,58,0.1414162424871075
10359,58,0.0625626072948685
13388,58,0.03852424190577423
15008,58,0.057298664532997375
18912,58,0.13752466201249616
22110,58,0.08569558089437115
24158,58,0.03320301910072948
2446,58,0.34060242470121393
3298,58,0.3005864114082509
4200,58,0.32878308310403886
6051,58,0.308859127252708
8203,58,0.1558792064757824
9294,58,0.05994916506637008
10364,58,0.15815198985920542
11406,58,0.044035570636043866
15013,58,0.03141384886641563
18077,58,0.09086142933416823
18917,58,0.037305860800859465
22115,58,0.6945709693829825
25031,58,0.0238812788784677
25856,58,0.1759980497268497
27857,58,1.8491861058245174
2288,58,0.39016973408138284
3303,58,0.5259672937955702
4205,58,0.28351460463167466
5208,58,0.3184546668779777
6269,58,1.238804185594428
7126,58,0.44711218976637906
8209,58,1.6477100937207951
9298,58,0.1440612932376284
10368,58,0.15525218720206732
11410,58,0.16303936107530695
27967,58,0.04978326412893932
27981,58,0.19322491252778795
28051,58,1.6537119103117475
16225,58,0.4180312270703732
17045,58,0.36677543290705833
19987,58,1.9160240059446167
21060,58,1.6439540930265422
27918,59,0.016648492821433512
8211,59,0.022957190351636503
9083,59,0.020971232216615128
28125,59,0.031245844072345593
20418,59,0.03770451630290953
5210,59,0.018150986657066766
6057,59,0.015466689792119995
7130,59,0.01630763560443637
7997,59,0.01740088492284405
9087,59,0.022067319911508163
9948,59,0.01933251552173594
18291,59,0.038262207613791364
18922,59,0.05065346088428632
19776,59,0.04846013023215864
20849,59,0.060876388883404096
21908,59,0.061733348128183166
22958,59,0.07131116234229203
3482,59,0.02621196912999929
4019,59,0.025249681036588863
4798,59,0.019087972743082552
5849,59,0.01422802135404252
7136,59,0.015980027509885975
8002,59,0.017203087128014063
9092,59,0.022303147836709725
10161,59,0.019072636517145244
11204,59,0.012705216917473155
12238,59,0.012464838271243924
16840,59,0.02032537524474253
17874,59,0.025024419598235155
18716,59,0.05474113413341525
19565,59,0.052620979053879545
21913,59,0.06897076746906518
22961,59,0.06915927501849478
2451,59,0.03028243946164872
3131,59,0.0485812260623309
4023,59,0.0249017613801052
5007,59,0.012279603021852119
5853,59,0.012018831318873938
6925,59,0.015770180552805414
9097,59,0.0209407169571974
10167,59,0.02041409376716426
11209,59,0.01614942252177084
12241,59,0.013962193779731229
13218,59,0.01034378246699434
14012,59,0.011990078939755441
16843,59,0.030666463535723696
1745,59,0.006627538658595736
2293,59,0.06335490714362248
3135,59,0.026865260718478026
4028,59,0.039025614247127076
27900,59,0.02171701308086672
7146,59,0.01619079680295061
8012,59,0.021653878629633666
10171,59,0.019727850892910025
1645,59,0.03830610868070595
3141,59,0.04582363739637605
7150,59,0.08924096083430508
8016,59,0.018087778300405793
9325,59,0.0916888044380412
9111,59,0.0948443556304578
12255,59,0.09829273166748974
1279,59,0.1358534712092449
11228,59,0.17630971585163405
13237,59,0.2055677465688425
17899,59,0.1597766575978873
21937,59,0.11931960844715711
1191,59,0.14647587715014815
5032,59,0.062027114487002134
10193,59,0.013031697337590761
11233,59,0.2556245433175281
28017,59,0.28268784079987297
13243,59,0.26820376931504947
18744,59,0.056658459141019656
19810,59,0.1328391348754893
4833,59,0.08589125425877213
6096,59,0.08740671686803622
20888,59,0.1044653611983835
22995,59,0.1673403144690463
861,59,0.25722632561034836
13253,59,0.19619685567004197
788,59,0.24679380178554
14856,59,0.321056446873622
24021,59,0.21127993704085885
582,59,0.32413646616185277
794,59,0.15861888884883546
14861,59,0.2916117415060417
15865,59,0.3451350230358515
25078,59,0.20399390180774177
25750,59,0.23855960717749883
797,59,0.24066782005165888
6974,59,0.061478293681849115
15870,59,0.35400766805476763
27093,59,0.7122622330254226
464,59,0.3862458165386389
803,59,0.21820066181966785
8061,59,0.06852193620524316
15875,59,0.3110394971304057
25760,59,0.29732091076500117
305,59,0.5548913197038566
8065,59,0.059543749936603795
15880,59,0.3625182004324289
16903,59,0.3158703527682862
26316,59,0.4221441620101587
26733,59,0.5851191436571278
259,59,0.6053833127473417
812,59,0.13955136695310874
8289,59,0.0556737362497328
9161,59,0.04661703280473493
17944,59,0.23921314257056422
26321,59,0.41557760793246906
27108,59,0.5331960456081898
266,59,0.5422665389877656
8075,59,0.08179673627083105
270,59,0.6091897184177711
11283,59,0.03768849857421399
17953,59,0.17019599388270806
18794,59,0.13200288136073848
113,59,0.8384514035348544
616,59,0.34864276038156145
11287,59,0.1406287895516605
17958,59,0.14832795456376677
18799,59,0.05637988520221032
26753,59,0.4901833153417626
27608,59,0.9712918396007802
11706,59,0.15269227966580062
13301,59,0.04880908882579275
19654,59,0.04128843830976975
27127,59,0.4936500567409701
27674,59,1.0531925741996415
44,59,1.0566911809261545
11711,59,0.14049540572498745
27313,59,0.398287638686586
27723,59,0.624828130702677
16,59,1.1973128088456342
12334,59,0.1086087210537673
13312,59,0.083810213039723
27468,59,0.42276040336159393
27623,59,0.38176907454314785
27795,59,0.3403956911859266
7,59,1.3031597101643475
103,59,1.0453486959239606
248,59,0.8174877778001512
508,59,0.5892046843842184
847,59,0.6120952789957599
1733,59,0.4452130247786916
12339,59,0.16170162387541553
13317,59,0.12148838836238163
19884,59,0.060540754640739214
2,59,1.41668519155611
108,59,1.1111321496602904
3208,59,0.2783424545960624
13322,59,0.11932488620488031
14115,59,0.0806598915929091
22231,59,0.2934311701127927
27381,59,0.2888770055061211
27633,59,0.3488835792423981
27814,59,0.13899161912631505
6,59,1.522304356181388
112,59,1.2752873971411356
258,59,1.1269218150726446
1275,59,1.0069123049841082
2541,59,0.4464455915557722
13326,59,0.03743023935560196
17988,59,0.16654212298222568
21180,59,0.16198167064769015
22025,59,0.294613876220012
27436,59,0.3937703660724883
27638,59,0.2958958477417146
2385,59,0.5357744476055525
11322,59,0.10981698678323833
17993,59,0.10089960129147946
18834,59,0.03997972709124344
22031,59,0.20965739349912876
23079,59,0.29350110886101827
27607,59,0.4540221316380384
2390,59,0.7623787091370766
4122,59,0.29610955657495336
12359,59,0.3442613139258474
14130,59,0.49321327818688754
15737,59,0.2823739227346767
19904,59,0.07114440674404232
22036,59,0.231416475179564
27869,59,1.020257012369
2394,59,0.7254506663863578
4127,59,0.43128853228794933
13341,59,0.3322524280151172
15944,59,0.3400012435121222
24957,59,0.3501329630321852
3230,59,0.7770247722909122
14001,59,0.06079385080138763
20987,59,0.0761138187024412
3235,59,0.10173836028791268
5140,59,0.4218529326448281
18013,59,0.1495029169713654
23099,59,0.10509743768563802
2721,59,0.6607665286689112
4141,59,0.27208874414729883
5992,59,0.43347150562125886
20996,59,0.1287135390364458
25487,59,0.35913071230283955
2557,59,0.9732722499148092
3244,59,0.32687590496392677
4146,59,0.4126324066703698
4941,59,0.40559558266092455
7283,59,0.47986511986946945
18022,59,0.1403353599302724
19928,59,0.1836271182749124
21002,59,0.05129422352910765
22060,59,0.0448785473153235
24976,59,0.36687394979811927
5154,59,0.44690283633293204
9244,59,0.48637113834750106
18027,59,0.16208150363487872
18867,59,0.14177285908082232
22065,59,0.10042040650805503
7077,59,0.521357819683596
9249,59,0.5363345989982453
10319,59,0.44884465334926166
15973,59,0.11169321291600946
16996,59,0.15618878291874416
18872,59,0.08349320109815049
19938,59,0.04803181656874603
22071,59,0.19050625526620754
2406,59,1.1057719723912558
3259,59,0.4787474792799428
6224,59,0.496013467028208
7082,59,0.5677975795232814
18037,59,0.19992970190176174
18877,59,0.15155091114746058
19944,59,0.0942050520659922
21016,59,0.10044483509443675
22075,59,0.2236292640220127
23123,59,0.370629713987859
24991,59,0.35757724038282823
2411,59,0.8176144817349656
4166,59,0.4457910092429285
10538,59,0.5259193426564349
11371,59,0.463073291049513
12403,59,0.40031252702253495
21021,59,0.2088868081584002
23337,59,0.39970472629549936
2416,59,0.49233400628551305
3269,59,0.48442195343541566
6234,59,0.5394939660389934
9264,59,0.4957156086365445
13200,59,0.3660095281462077
14984,59,0.24834825176601064
15988,59,0.2698388352382789
19953,59,0.13609802810266033
21026,59,0.2333369504350617
22085,59,0.25650242973047416
2421,59,0.5046844480540423
4176,59,0.49614495954595056
23138,59,0.42389959912844327
2426,59,0.5459789647223623
3279,59,0.6163699898997428
5184,59,0.5819795101611884
8401,59,0.5873819549739533
9274,59,0.5827484296079738
10344,59,0.47798352600793187
14993,59,0.32555192645253234
25011,59,0.5465444330983682
1967,59,1.5344671424364986
2431,59,0.6049777243172094
3284,59,0.5991104757600269
8189,59,0.6356530259838458
14998,59,0.39644538623283265
22100,59,0.3783374360723232
23148,59,0.4522012056690981
24148,59,0.514969957833725
2436,59,0.591018298413575
4190,59,0.5318116218784936
8413,59,0.42140873069983825
9502,59,0.5971462630510401
10354,59,0.46491735365345443
21046,59,0.3580869207611711
23153,59,0.5011987289751006
2441,59,0.6549983760262408
3119,59,0.7030746969502505
4990,59,0.6286193583885833
6259,59,0.598161719012468
7117,59,0.5756945726515881
13388,59,0.2510776312122479
15008,59,0.4587579860571466
17036,59,0.43853892888383134
18912,59,0.4624346284590711
21051,59,0.48996516898957004
22110,59,0.4822649618092379
24158,59,0.5233346525505203
1741,59,1.2697528493740027
2446,59,0.7195210654967046
3298,59,0.6641046026414339
4200,59,0.676083212293217
6051,59,0.633065276874861
8203,59,0.6020904059741773
9294,59,0.6070308844607204
10364,59,0.4578658263670747
11406,59,0.37537765655658045
15013,59,0.4783672736840996
18077,59,0.5279978931539218
18917,59,0.5225327233911957
22115,59,0.9691689679092466
23163,59,0.7407460773720698
25031,59,0.5314906941039513
25856,59,0.6275083067468534
27857,59,1.9254986058427241
2288,59,0.9520287226839776
3303,59,1.6554422556175936
4205,59,0.8990694259449554
6269,59,1.8803603096342238
7126,59,1.0802849240842514
8209,59,1.8611860052614302
9298,59,0.7238594483551778
10368,59,0.5308662925380434
11410,59,0.45233396158806005
27967,59,0.9226041270473767
27981,59,0.3510770818842022
28051,59,1.03737470948637
16225,59,0.6612719142828677
17045,59,0.590786977849785
18290,59,0.6885208897170193
19987,59,1.9148986951224787
21060,59,1.8352932128756712
24166,59,0.7210931531136526
27918,60,0.007921787179886237
8211,60,0.012817480478635892
9083,60,0.010866158621815203
28125,60,0.10708673285148916
20418,60,0.12026998066027036
5210,60,0.019134620316588035
6057,60,0.013436943547222562
7130,60,0.01489924914508651
7997,60,0.0161761194766596
9087,60,0.01690750651813097
9948,60,0.014997784483652661
18291,60,0.08906552139633717
18922,60,0.12226771730047795
19776,60,0.12694688946991667
20849,60,0.1394238414859791
21908,60,0.1378597006745822
22958,60,0.14037209152945132
3482,60,0.02623657645952767
4019,60,0.029769319401040793
4798,60,0.019972197307930366
5849,60,0.012301422687639283
7136,60,0.015069125900613671
8002,60,0.015724156781250227
9092,60,0.01751048429367937
10161,60,0.015592128988779024
11204,60,0.018807242973929772
12238,60,0.02310970007813806
16840,60,0.020787686694508783
17874,60,0.04478109134622015
18716,60,0.12262489352107324
19565,60,0.12468396222277342
21913,60,0.14246989230465862
22961,60,0.1392739588778879
2451,60,0.030214724158521115
3131,60,0.02603431458730882
4023,60,0.024330001778605365
5007,60,0.017906833360492456
5853,60,0.017059932627566655
6925,60,0.011906389329877507
9097,60,0.01620830935747722
10167,60,0.01690432244456157
11209,60,0.02069097083285988
12241,60,0.02370491535005817
13218,60,0.0076368893240184865
14012,60,0.006218735152610762
16843,60,0.03831051560873066
1745,60,0.01333930571172514
2293,60,0.06297675289521008
3135,60,0.026140027252710078
4028,60,0.03552342201424975
27900,60,0.01166655105038418
7146,60,0.012441945391966242
8012,60,0.013424613256864452
10171,60,0.015345412891482354
15826,60,0.052269060034490306
1645,60,0.01755974134686753
3141,60,0.0546471291215373
7150,60,0.0187088963062565
8016,60,0.016143520563027716
9111,60,0.03822717747269686
12255,60,0.10412544713345524
1279,60,0.08397046228771111
11228,60,0.05592503115468625
14032,60,0.089232269295636
17899,60,0.11615977233563303
21937,60,0.2013386831599326
1191,60,0.09324420102292728
5032,60,0.02834645143002929
10193,60,0.013298184302603903
11233,60,0.10695264366637511
28017,60,0.12226027873147122
13243,60,0.1806032793308036
18744,60,0.13195630497799388
19810,60,0.09938628611519455
4833,60,0.010801858027987497
6096,60,0.03428095531080399
18749,60,0.1007508911000344
20888,60,0.18640951957146049
22995,60,0.30754440719407955
861,60,0.12376182188980242
13253,60,0.09542246108302231
788,60,0.13038979472876236
24021,60,0.3345744393813015
25073,60,0.2507330226582523
582,60,0.1455294744294696
794,60,0.10298228376807977
6111,60,0.016234717267205982
15865,60,0.11809252279397645
25078,60,0.2981780446668913
25750,60,0.22626801806573646
797,60,0.11255788912516428
6974,60,0.03889474546129603
15870,60,0.08560715003585956
24914,60,0.1684349577515772
27093,60,0.6506266394264482
464,60,0.25391164886042905
803,60,0.1345571770327312
8061,60,0.056679282160020696
15875,60,0.09147491345409799
25760,60,0.16875474295541718
305,60,0.39402904567666824
15880,60,0.0830201941722084
16903,60,0.11824060944144649
26316,60,0.06318114785375159
26733,60,0.11800136084310711
259,60,0.41203517803338896
812,60,0.16718669471967373
8289,60,0.03952445643672847
17944,60,0.10689371787548942
25098,60,0.14785191033352355
26321,60,0.16176437109606073
27108,60,0.20188815811640276
266,60,0.4517156532559312
8075,60,0.07336860669963553
17949,60,0.1419746071918195
270,60,0.4367089274567477
11283,60,0.14136968754790266
17953,60,0.1561038224811117
18794,60,0.09466296070133683
113,60,0.7185206335559032
616,60,0.3546059556143755
827,60,0.27583631168637435
11287,60,0.15083114755606963
17958,60,0.059126372091127255
18799,60,0.1355112399642204
26753,60,0.11087164557215268
27608,60,0.8211102721191532
13301,60,0.15079098857553697
19654,60,0.17160245347506078
27411,60,0.0546503082832729
27674,60,0.8846379563230783
44,60,0.95234131743702
11711,60,0.18084618531436567
27313,60,0.1744001020844087
27723,60,0.23364437099678328
16,60,1.1171124366288836
12334,60,0.14158722673403118
27468,60,0.28651666943831205
27623,60,0.16854200058995242
27795,60,0.09440458302486647
7,60,1.1931609342678
103,60,0.9967013882413032
248,60,0.8179738049291136
508,60,0.6670614739242605
847,60,0.5352708414240326
12339,60,0.11564918182076304
19884,60,0.17844704172641151
2,60,1.263210247775283
108,60,0.9408242361852757
299,60,1.1221385382026972
3208,60,0.0660767369952372
13322,60,0.1055459065111961
14115,60,0.07338983462832027
22231,60,0.1397000519739385
27381,60,0.42012903017848763
27633,60,0.3154129300992751
27814,60,0.2892487179313474
6,60,1.3383846423054393
112,60,1.2804981189171916
258,60,1.2780987701241466
1275,60,0.9568896362279834
2541,60,0.2131266023822342
13326,60,0.18653191827837523
17988,60,0.10478429576282189
21180,60,0.09092483487174728
22025,60,0.1373178083439003
27436,60,0.40230618514911004
27638,60,0.4047333026052448
2385,60,0.32620346203742473
11322,60,0.10068132702240229
15732,60,0.21497473847138812
17993,60,0.17400227805972274
18834,60,0.2113528396545853
22031,60,0.047814896745365806
23079,60,0.20567066295100828
27607,60,0.3578916402900617
2390,60,0.4911316056562635
4122,60,0.18970891203671283
14130,60,0.2858979200828154
15737,60,0.23183323172440312
19904,60,1.2750266922164095
22036,60,0.43618635173060577
27869,60,0.8046824648101889
4127,60,0.13396343565799584
13341,60,0.1654125128447762
14940,60,0.29224964861949365
15944,60,0.43360098739737607
3230,60,0.44614983393263913
4132,60,0.6098317171137022
14001,60,0.16459830868337474
3235,60,0.29343546083158883
4137,60,0.31238510438271067
5140,60,0.5063681417695091
23099,60,0.2877527547581293
4141,60,0.24962797492265265
5992,60,0.2791487209782404
20996,60,0.0927447914602605
25487,60,0.5512891394470496
2557,60,0.8150223593394078
3244,60,0.2728804641611469
4146,60,0.35552415674119403
4941,60,0.3590770174233859
7283,60,0.20276582141636718
18022,60,0.19757464219312973
19928,60,0.14941759957622466
21002,60,0.18409493278013372
22060,60,0.15176241852363972
24976,60,0.40067159926932905
3250,60,0.35009365032788603
5154,60,0.39444226790544645
9244,60,0.16774395915427287
12388,60,0.1853591393182737
18027,60,0.19014091312138254
18867,60,0.15665954623548778
22065,60,0.12621288288896915
7077,60,0.36161542735017527
9249,60,0.22764609590719997
10319,60,0.1882963883157054
15973,60,0.20242747007046252
16996,60,0.16128025418040945
18872,60,0.18116950999340714
19938,60,0.14147358774535962
21011,60,0.15551312710256243
22071,60,0.21961528185662418
2406,60,1.1957151611323735
3259,60,0.41156995345488845
6224,60,0.4214906926799249
7082,60,0.38560046939485115
18037,60,0.21745528790001767
18877,60,0.2263396168767909
19944,60,0.13999435396045354
21016,60,0.20035195725035296
22075,60,0.2052432697238545
23123,60,0.14910509688332768
24991,60,0.2859398386644592
2411,60,1.1726938935965339
4166,60,0.45231883093014086
7087,60,0.4184505159954774
10538,60,0.2599828267228654
11371,60,0.25888683361544285
12403,60,0.2900759118164383
18882,60,0.14850433029464405
21021,60,0.2099291057749687
23337,60,0.29094305007889226
2416,60,0.6005938177969242
6234,60,0.44711887413606166
9264,60,0.5017295256810613
13200,60,0.3468387577734357
19953,60,0.1951768379438425
21026,60,0.21418311991226782
22085,60,0.2637849754324609
14989,60,0.3738890896239098
15791,60,0.28546917842864133
23138,60,0.3684697981939358
2426,60,0.4443326471183236
4181,60,0.5036566510229078
8401,60,0.5277888115228884
10344,60,0.4276229961552628
14993,60,0.34087448901321526
25011,60,0.4689860460338605
1967,60,1.5672200447099538
2431,60,0.39878104525908087
8189,60,0.5777166190429073
14998,60,0.41450702709180404
22100,60,0.40698707906825177
23148,60,0.417064967957243
24148,60,0.5048320715514218
4190,60,0.36207288609405774
8413,60,0.22398943023685414
9502,60,0.5379430347416703
10354,60,0.5243892451377433
18067,60,0.4662481783316044
21046,60,0.34935510474491654
23153,60,0.5043840848894084
25846,60,0.5070912546896191
2441,60,0.4882365669475295
3119,60,0.45355472144048165
7117,60,0.23275467147726442
13388,60,0.03439204953516985
15008,60,0.47884453366438295
17036,60,0.5279362928807201
18912,60,0.5054336387054317
21051,60,0.5091890743248904
22110,60,0.4970183376043741
24158,60,0.5616049450894133
1741,60,0.7027105697375804
2446,60,0.5031882614661038
3298,60,0.42731556584797126
4200,60,0.42065196957668416
6051,60,0.3931042458695809
7122,60,0.33053154051550193
9294,60,0.21479934385959665
10364,60,0.2650188576288894
11406,60,0.14631119356206954
12438,60,0.10110280628388718
13393,60,0.13671332796567973
15013,60,0.4537981105039097
18077,60,0.47151297415876836
18917,60,0.4301906431864774
22115,60,1.2257876396983016
25031,60,0.636932408522325
25856,60,1.074058040413159
27857,60,1.6150880517954014
3303,60,1.3123482852754627
6269,60,1.8208993437950196
7126,60,1.045156949746861
8209,60,1.9215990088516821
9298,60,0.5033318690038024
10368,60,0.27108932845196376
11410,60,0.2758791161339987
27967,60,0.8499021778125943
27981,60,0.1987313844326802
28051,60,1.6028114441537429
16225,60,0.5879237909595504
17045,60,0.5855437301287366
19987,60,1.9830302187215443
21060,60,1.9160820203725044
24166,60,0.8012493770720133
25035,60,0.7250524483568604
27918,61,0.01650980233922073
8211,61,0.02466872548588271
9083,61,0.020657442628682486
28125,61,0.11367407548222214
20418,61,0.12305463796513473
5210,61,0.014428857718231195
6057,61,0.01231575484810816
7130,61,0.01136379181397371
7997,61,0.012021456099008307
9087,61,0.01766688994623225
9948,61,0.018577585261950552
18291,61,0.09929493125986946
18922,61,0.12248693251856095
19776,61,0.12605962273584126
20849,61,0.13685656078831293
21908,61,0.13571768222681999
22958,61,0.1426411715022805
3482,61,0.026585129961745987
4019,61,0.023302177105862694
4798,61,0.014127908265623353
5849,61,0.010159561929319426
7136,61,0.010885059491630983
8002,61,0.011781873541324494
9092,61,0.018448210818852798
10161,61,0.018796880083005865
11204,61,0.015648957211990163
12238,61,0.01669039251837376
16840,61,0.028466280132143813
17874,61,0.05695864262857306
18716,61,0.12279582332641974
19565,61,0.1242874114831051
21913,61,0.1387801755170091
22961,61,0.14155901928723846
2451,61,0.037140395155407666
3131,61,0.02862896140078606
4023,61,0.026274123697194805
5007,61,0.01461529272103338
5853,61,0.013530406728415432
6925,61,0.013325941879864774
9097,61,0.018615731330611684
10167,61,0.019407026038666744
11209,61,0.017621145110048034
12241,61,0.017746715174517178
13218,61,0.009557547853469326
14012,61,0.013426053882585522
16843,61,0.05199152403824207
1745,61,0.015964797902170785
2293,61,0.03294474198266828
3135,61,0.029282186324085527
4028,61,0.011047200795738694
27900,61,0.01340130335506295
7146,61,0.020941346445510333
8012,61,0.01674848668814655
10171,61,0.019147936117630413
15826,61,0.03296190912422424
1645,61,0.06622784698997597
3141,61,0.021123833756647704
7150,61,0.022706860427213985
8016,61,0.02176063810345116
9111,61,0.03643917623595257
12255,61,0.06356870521049136
1279,61,0.07424245441786247
11228,61,0.06375598353723469
12260,61,0.06816151109196822
14032,61,0.0826226838465537
17899,61,0.0288676581068152
21937,61,0.18590001780837187
1191,61,0.05812026697785007
3155,61,0.03960453507918842
5032,61,0.10306415314619546
10193,61,0.11041815943568148
11233,61,0.05291627130070905
28017,61,0.11542159869266914
13243,61,0.07308672348178319
17904,61,0.061330225605920705
18744,61,0.04901298231319473
19810,61,0.08340966398873957
4833,61,0.04485939726404171
18749,61,0.02163066073840414
20888,61,0.10831207780781614
22995,61,0.07593806692110472
861,61,0.21957204884436887
13253,61,0.12417256777776678
24016,61,0.15594587024880788
788,61,0.19298858787580894
24021,61,0.1506176062390308
582,61,0.31522388872467394
794,61,0.10756874642841327
6111,61,0.010120908886457685
15865,61,0.1821100241920344
25078,61,0.2673807576323538
25750,61,0.1893072585827369
6974,61,0.042019802094859594
15870,61,0.17408479711504313
24914,61,0.2665455943931117
27093,61,0.38522191331168265
803,61,0.23061591229970943
8061,61,0.06799176780535823
15875,61,0.15484673774752192
25760,61,0.19713795060280026
305,61,0.5861835416357531
15880,61,0.13545689952541287
16903,61,0.15286037005289013
26316,61,0.150822191604819
26733,61,0.07534611893248931
259,61,0.5886715641739424
8289,61,0.028278230906146177
17944,61,0.10317996130011771
27108,61,0.02453352318272287
266,61,0.505449501641166
8075,61,0.12575708137635655
270,61,0.5893041671096364
11283,61,0.032894447559850395
17953,61,0.18189912084138535
18794,61,0.141557019885616
113,61,0.7486658997080717
616,61,0.41466728664791225
827,61,0.270438176822086
11287,61,0.03112661487701698
17958,61,0.21058317529495058
18799,61,0.17872318925542877
26753,61,0.28153420799227014
27608,61,0.8486691587883105
234,61,0.6623825747171666
13301,61,0.13079657952626486
19654,61,0.177718852454561
27613,61,0.19103984065022833
27674,61,0.5934511714721007
44,61,0.8504536619374684
11711,61,0.11973831305073489
27313,61,0.12660279087359877
27723,61,0.1608744311929756
16,61,0.9327399074222503
9190,61,0.08585338736367372
12334,61,0.0987218927768472
27468,61,0.14243321497554462
27623,61,0.0936977620120591
27795,61,0.21565356294606047
7,61,0.9691824415014847
103,61,0.7995613949334245
248,61,0.6884028502896763
847,61,0.5682881166032407
12339,61,0.19522826098549967
19884,61,0.10956451465620858
2,61,0.985827445752928
108,61,0.7528025054120292
299,61,0.8080849389414605
1738,61,0.3323305419717978
3208,61,0.10751056512687882
13322,61,0.20383079089801676
14115,61,0.2343946281891874
22231,61,0.10893322017059595
27381,61,0.18671280778178062
27633,61,0.30232579013427147
27814,61,0.3067862828720679
6,61,0.8974123717268873
112,61,1.0020714562055546
258,61,0.92658443738497
1275,61,0.8396351386330636
2541,61,0.2859072487029167
13326,61,0.17678894656888972
17988,61,0.54114502028943
21180,61,0.24719777411411858
22025,61,0.05650242785464539
27436,61,0.41908945782341117
27638,61,0.40731839785908136
2385,61,0.3404031924279614
11322,61,0.06283573091486626
17993,61,0.7488157335964313
18834,61,0.7865243730967918
22031,61,0.46877040797000213
23079,61,0.5531506796446051
27607,61,0.5225518244313686
1841,61,0.5824285101052157
2390,61,0.4825889540998643
14130,61,0.13582853843399578
15737,61,0.1343172880640735
22036,61,1.6097565633804745
27869,61,0.8657679007224758
4127,61,0.18135625696879268
13341,61,0.2788117111430465
14940,61,0.10348445131465984
15944,61,0.11911839872178405
3230,61,0.4810877664997819
4132,61,0.4888319055963361
14001,61,0.34133280134231897
14945,61,0.10495370071295505
3235,61,0.35413726224612985
5140,61,0.45149815720433545
23099,61,0.6082829285073492
4141,61,0.5117852301819408
5992,61,0.4146495254451275
15958,61,0.07074390094689083
20996,61,0.4315972127744081
25487,61,0.6986437209968805
2557,61,1.0788734887879834
3244,61,0.513042636500077
4146,61,0.5196445572501671
4941,61,0.5186931328878435
7283,61,0.2709726721800788
18022,61,0.09734009261095809
19928,61,0.23844881471522142
21002,61,0.33997259547553466
22060,61,0.22657414661592298
24976,61,0.6452276893205023
2396,61,1.0122018366715542
9244,61,0.08372431365559217
18027,61,0.16203734586260282
22065,61,0.17789244582048408
6219,61,0.5226855484671759
7077,61,0.42175870834001766
9249,61,0.052868676728075985
10319,61,0.09681419482608726
16996,61,0.08173858921484668
18872,61,0.1420174910674422
19938,61,0.12598857311188458
21011,61,0.18856886099041673
22071,61,0.18907095752500572
2406,61,0.9831559516236542
3259,61,0.48998960829211363
6224,61,0.5436946907638537
18037,61,0.17706046218611368
18877,61,0.18169074296465174
19944,61,0.1703320226833337
21016,61,0.21306919824841403
22075,61,0.2361023026558897
23123,61,0.293675517442657
24991,61,0.5741324348223134
2411,61,0.6788287862332685
3089,61,0.5566921341082759
8169,61,0.3538661096343316
10538,61,0.07875187470382033
11371,61,0.047057795184947786
12403,61,0.03501959478074725
21021,61,0.21938092205869056
23337,61,0.25214354066530537
24128,61,0.33771678610916095
2416,61,0.40683272590601627
6234,61,0.48320891853343584
9264,61,0.2612402175812204
13200,61,0.10661238904580488
19953,61,0.23667664459433022
21026,61,0.21328030136475803
22085,61,0.33615654103459836
5179,61,0.4768041296977728
15791,61,0.12162437010983847
18052,61,0.16260777953046965
21031,61,0.26891615875991787
1962,61,1.2787139502700635
2426,61,0.47579809162471404
4181,61,0.46514652548720903
8401,61,0.41329678161072453
14993,61,0.02122824257801075
25011,61,0.2848768943351711
2431,61,0.14291682668319367
4186,61,0.4479432321235354
5189,61,0.4308926456044184
8189,61,0.41394791233154066
14998,61,0.02553721232886001
22100,61,0.2806322051295432
23148,61,0.23663049301559755
24148,61,0.29788198484609013
1845,61,1.0359317387668974
8413,61,0.10410896864444358
9502,61,0.3185990617901357
10354,61,0.25210440226182135
21046,61,0.35069717864307864
23153,61,0.5566309894194685
25846,61,0.31724145253693836
3119,61,0.10969238467999391
7117,61,0.09255524154005595
8199,61,0.04256671797635256
12433,61,0.21648634729460792
13388,61,0.23564849506628055
15008,61,0.13634438298721077
17036,61,0.15375070366027066
18912,61,0.1507401002177622
22110,61,0.599382417531921
24158,61,0.49405605938121155
2446,61,0.16029337121414444
3298,61,0.22717741083791673
4200,61,0.08555541685079188
6051,61,0.15271298655389845
9294,61,0.043654510584424266
10364,61,0.053176579066413876
11406,61,0.07766472812186927
12438,61,0.07160064721688744
13393,61,0.21756728464561412
15013,61,0.2206750113939309
18077,61,0.44103356314829123
18917,61,0.48037943956825196
22115,61,0.553390432793289
25031,61,0.5250477363810144
25856,61,0.14560531843783
27857,61,1.527668008981591
3303,61,1.2337741198994527
5208,61,0.37709758259720894
6269,61,1.884743761191322
7126,61,0.4923548758798755
8209,61,1.6527618061810314
9298,61,0.08592847757757978
11410,61,0.15819969526961702
27967,61,0.3318160302621105
27981,61,0.1623840076301412
28051,61,0.18563065709795856
16225,61,0.3580571483809187
17045,61,0.4426435998596983
19987,61,1.8032778930780171
21060,61,1.7287437244491781
24166,61,0.4604357905207464
25860,61,0.26885821730432563
27918,62,0.016838748087114292
8211,62,0.022726155096829365
9083,62,0.02028743714072743
28125,62,0.07173617018858394
20418,62,0.08414110246321804
5210,62,0.016612510639557522
6057,62,0.014070785089947902
7130,62,0.01491673926523522
7997,62,0.015755221164674444
9087,62,0.019748508990190868
9948,62,0.019720973326202262
18291,62,0.07137425191604549
18922,62,0.09139023740667507
19776,62,0.0935324824642646
20849,62,0.10681801096018896
21908,62,0.10480338228145884
3482,62,0.028523542377713307
4019,62,0.027631225346110688
4798,62,0.017367963797812812
5849,62,0.012516781542108115
7136,62,0.014399670235272452
8002,62,0.015586767424687491
9092,62,0.01978945537290428
10161,62,0.019956437769812062
11204,62,0.01960435050193494
12238,62,0.021468149090544984
16840,62,0.032035585840595966
17874,62,0.04454535982926862
18716,62,0.09021816655152094
19565,62,0.09340077767028689
21913,62,0.1103411048569297
22961,62,0.11295324433943063
2451,62,0.028807749352081323
3131,62,0.10311139408817986
4023,62,0.02775115316168945
5007,62,0.0174014343479134
5853,62,0.016307791651409075
6925,62,0.01790631327481624
9097,62,0.021174978368405574
10167,62,0.021374325350959837
11209,62,0.023121965019289103
12241,62,0.02283333592136329
13218,62,0.017703815880661885
14012,62,0.018545017266455716
16843,62,0.047526182321446495
1745,62,0.04493503700731766
2293,62,0.08558610635894216
3135,62,0.029913679841033925
4028,62,0.033834089782203654
27900,62,0.0185575400026143
7146,62,0.053778041347271675
8012,62,0.05255893374117981
15826,62,0.034832304427041376
1645,62,0.05141611134549428
3141,62,0.015078106475282821
7150,62,0.05581434615236362
17890,62,0.023336776750787987
9111,62,0.19647635543630837
12255,62,0.11821374378114109
1279,62,0.1750673227118267
11228,62,0.26207652130213654
12260,62,0.1836816116747385
17899,62,0.09251875683349581
18951,62,0.0978563736590485
21937,62,0.15959437594389825
1191,62,0.18482501738440835
5032,62,0.1630484905261047
10193,62,0.2152117244867434
11233,62,0.18384235539095303
28017,62,0.24824387895408656
17904,62,0.06157447585638977
18744,62,0.09976926852453266
19810,62,0.04490448604904369
4833,62,0.153366032182268
18749,62,0.05750286077843799
20888,62,0.10246748269668682
22995,62,0.12938818362490806
861,62,0.3034715193094943
24016,62,0.13696859454437543
788,62,0.3658466152379815
14856,62,0.10331428979361172
24021,62,0.15323043366242592
582,62,0.3944150159393135
15865,62,0.15284540056528817
25078,62,0.09907365590577531
25750,62,0.1277818028593067
6974,62,0.20981417851990308
15870,62,0.19091815884278449
24914,62,0.07359856902521203
25754,62,0.09061011606023413
27093,62,0.16971301109650838
803,62,0.3476504523178343
8061,62,0.23028318468519435
15875,62,0.1869115701082378
25760,62,0.11351817398004285
305,62,0.6019482668473433
8065,62,0.2825520916073825
15880,62,0.14913704465537825
16903,62,0.17044236669524257
26316,62,0.19640644005575167
26733,62,0.13856865124347018
259,62,0.6367446687454427
8289,62,0.3559348833877244
9161,62,0.3543112647462088
17944,62,0.16737468578190953
27108,62,0.1862637973937479
266,62,0.5305413393865979
8075,62,0.31649947101033415
270,62,0.5624695875789394
11283,62,0.44644845943255007
17953,62,0.25750518455485544
27402,62,0.1970286683893332
113,62,0.7331078731183357
616,62,0.4981209816252158
827,62,0.391591546191445
11287,62,0.40048197391493084
17958,62,0.3315804263082343
18799,62,0.319524750026516
26753,62,0.12750268152697017
27608,62,0.4118481715502208
234,62,0.5694931250897841
19654,62,0.19867886079168096
27127,62,0.12027157139117534
27674,62,0.3291594174712098
44,62,0.6864837981508617
12124,62,0.5252911946019837
19874,62,0.12180162612882199
27313,62,0.11870927075826873
27723,62,0.2678536108017539
16,62,0.695788311206579
9190,62,0.23500906688252368
12334,62,0.5046958411190515
13312,62,0.36829689456084524
27137,62,0.17819245783960724
27468,62,0.12294956027537589
27623,62,0.17237190938587107
27795,62,0.06652297027247685
7,62,0.7131799983955238
103,62,0.5882647214939303
248,62,0.6052159967265338
847,62,0.44432939256716314
12339,62,0.44038327465347255
19884,62,0.2318091407730665
2,62,0.6869019811892364
108,62,0.5642810229634693
299,62,0.5756333922368504
13322,62,0.440230806608208
14115,62,0.3915215279310873
22231,62,0.30467982401567506
27381,62,0.20263107314758108
27633,62,0.11455528885065147
27814,62,0.09482565707346156
6,62,0.6484310714531172
112,62,0.7793310698287422
258,62,0.7847693464242698
1275,62,0.5525289185670101
2541,62,0.3065110485044256
13326,62,0.3267413599993248
17988,62,0.12847672001115196
21180,62,0.258604528796797
22025,62,0.23001885302326328
27436,62,0.1945337078627426
27638,62,0.1815525742425671
11322,62,0.17320787520190567
17993,62,0.15580266963568337
18834,62,0.1238845768280575
22031,62,0.3268588036347606
23079,62,0.33875482237242427
2390,62,0.4142929705747372
14130,62,0.11397062694597512
15737,62,0.2646476884964775
22036,62,0.8401162210336659
27869,62,0.6052006741481156
2394,62,0.3913497740448327
4127,62,0.22241091609691177
13341,62,0.1043472250196112
14940,62,0.2667077709458294
15944,62,0.3807258655475988
3230,62,0.23838286157293734
4132,62,0.5483333965443992
14001,62,0.2003573089282368
14945,62,0.06632544397090008
3235,62,0.2476203693365859
5140,62,0.492604611660738
16977,62,0.23313774797635833
18013,62,0.39247962110592155
23099,62,0.3737892817961122
4141,62,0.3585802301065061
5992,62,0.276062543985467
15958,62,0.13761955998619804
20996,62,0.5500344184993178
25487,62,0.678332738151095
2557,62,0.753053052679215
3244,62,0.4112505823933079
4146,62,0.40993827375435404
4941,62,0.4288597098684533
7283,62,0.22833579618935296
18022,62,0.1786850012244826
19928,62,0.4480077886165763
21002,62,0.4623155940917424
24976,62,0.6375901086633462
2396,62,1.032307341640564
7072,62,0.2814419494877839
9244,62,0.15742324553628262
18027,62,0.2627599665587694
22065,62,0.1730097075803689
6219,62,0.44782277139576676
7077,62,0.3100357702286316
9249,62,0.1672946379261175
10319,62,0.17735149941296952
16996,62,0.13541496258248473
18872,62,0.2909008911860729
19938,62,0.24182298718953163
21011,62,0.33298712804756175
22071,62,0.45613403009065406
2406,62,0.9617987144681375
3259,62,0.5598265096129501
6224,62,0.4591890428352415
18037,62,0.36720557132967463
18877,62,0.28384717690628763
19944,62,0.22309115222052545
21016,62,0.30780980084217585
22075,62,0.3596445897432861
23123,62,0.36882875710607854
24991,62,0.18921358793522472
2411,62,0.7638447281078367
3089,62,0.5277135619158484
10538,62,0.222619147552553
11371,62,0.22177929033859667
20163,62,0.2559612848835206
21021,62,0.4305681944422079
23337,62,0.38760066722158504
2416,62,0.6161155646784385
6234,62,0.5450567011360021
9264,62,0.309572654524425
13200,62,0.1292753734297688
21026,62,0.19816688135238805
22085,62,0.2173660115631295
24133,62,0.32812021695588134
3274,62,0.5497516083829449
21031,62,0.31407105221643783
1962,62,1.5252057675600852
2426,62,0.5778630425578106
8401,62,0.5006962166110409
9274,62,0.3555944918917638
14993,62,0.21556416308613233
22095,62,0.26870944062642016
25011,62,0.39066237284007527
2431,62,0.47474126786158005
4186,62,0.495761884955476
8189,62,0.5486707146979908
14998,62,0.16303444564083225
22100,62,0.3070651148767833
23148,62,0.36130347414114017
24148,62,0.48498262331637804
1845,62,0.9207871468780384
2436,62,0.3813343565733407
8413,62,0.5085151110931979
9502,62,0.6169279653223535
10354,62,0.4578119268686796
21046,62,0.3315328491897046
23153,62,0.1812809414480814
3119,62,0.5188814285323096
6259,62,0.5331721873648904
7117,62,0.4964062036634689
8199,62,0.5335769044137461
12433,62,0.17462129507027682
13388,62,0.18130787700259035
15008,62,0.1886888758154534
16013,62,0.41085868101965634
17036,62,0.33245088948457346
18912,62,0.49471149179122215
22110,62,0.18086695279258963
24158,62,0.22251505287237908
2446,62,0.47079544768601805
3298,62,0.4634543785093934
4200,62,0.5113409259681669
6051,62,0.553334823367302
9294,62,0.36860474771348506
10364,62,0.3800667375811497
11406,62,0.48234229487972635
12438,62,0.25603797211338747
13393,62,0.18035125165480856
15013,62,0.2785312950484328
18077,62,0.27971627381247677
18917,62,0.3119978014743212
22115,62,0.5529051037400339
25031,62,0.3596023088773913
25856,62,0.6708206683040242
27857,62,1.5076439134262969
3303,62,1.551530525757176
4205,62,0.5649843083874379
5208,62,0.5893220150208501
6269,62,1.5460421289882167
7126,62,0.6241688739021308
8209,62,1.3887674079149297
9298,62,0.6224287644801292
11410,62,0.24359464034147915
27967,62,0.36569454990638184
27981,62,0.24985282914942467
28051,62,0.40203237725942376
16225,62,0.3045303574049546
17045,62,0.4294139745097064
19987,62,1.5655355364038634
21060,62,1.41056216417307
24166,62,0.7169442897262905
25860,62,0.591582816366781
27918,63,0.024887928404112997
8211,63,0.031507982632937255
9083,63,0.028658259165718014
28125,63,0.046282353077975597
20418,63,0.049779426103786585
5210,63,0.02236580175998197
6057,63,0.0222359165688495
7130,63,0.023531015381009098
7997,63,0.0241757481371133
9087,63,0.029006063148544554
9948,63,0.02781950010438403
18291,63,0.04655528132134738
18922,63,0.054111067014810874
19776,63,0.05519327706513035
20849,63,0.06248714639802188
21908,63,0.060888612380628405
3482,63,0.028643847434245185
4019,63,0.027306439605485712
4798,63,0.020698323166424542
5849,63,0.01941265289032372
7136,63,0.022802100127797747
8002,63,0.02425892529280185
9092,63,0.029332441622038224
10161,63,0.027548496134611047
11204,63,0.023289946301254645
12238,63,0.022238804675729123
16840,63,0.030775511981212943
17874,63,0.03296495113170466
18716,63,0.053838633381375935
19565,63,0.055511042298339905
21913,63,0.06390638063900152
22961,63,0.06542888184780979
2451,63,0.03457585512250357
3131,63,0.04503429721030444
4023,63,0.0280299094533391
5007,63,0.020285210452444653
5853,63,0.019562925895693896
6925,63,0.023664011589152184
9097,63,0.028473280393105663
10167,63,0.02884289103832364
11209,63,0.026119299588808837
12241,63,0.024041851988314832
13218,63,0.020555500718004608
14012,63,0.021660468332779795
16843,63,0.03649153209254867
1745,63,0.01363993964109129
2293,63,0.08080289661721884
3135,63,0.02934570580004413
4028,63,0.05376652123768474
27900,63,0.021556892992772966
7146,63,0.02399381100187394
8012,63,0.025591973503509842
15826,63,0.044606375281360064
1645,63,0.01699432556094578
3141,63,0.07064827952763286
7150,63,0.024989010440185946
17890,63,0.04267711164351972
9111,63,0.028436357962969668
12255,63,0.045612823149416976
1279,63,0.05939882010050664
11228,63,0.0308289507071441
12260,63,0.04328710798251676
13237,63,0.11830978322357953
17899,63,0.17245299762693442
18951,63,0.1035964655933914
21937,63,0.15936859038755585
1191,63,0.12572619068150565
4048,63,0.0962300479587847
5032,63,0.06465921709038759
10193,63,0.04074310620398871
11233,63,0.09276340238674577
28017,63,0.05309805646345736
17904,63,0.09050148203801171
18744,63,0.09221252824250657
19810,63,0.23716992969172446
4833,63,0.06751049355624451
18749,63,0.09124546757692824
20888,63,0.28958812202780226
22995,63,0.27893535776575185
861,63,0.21607334112519946
24016,63,0.14354531365050993
788,63,0.24971302289985314
14856,63,0.1866727500829256
24021,63,0.12385389745338575
582,63,0.3710463476055175
15865,63,0.10056965894282488
24026,63,0.032334113505763526
25078,63,0.04003069398054761
25750,63,0.3028595791449655
6974,63,0.15922692183787987
15870,63,0.06797356197311563
24914,63,0.028601327080343724
25754,63,0.05850040470949836
27093,63,0.15027977888094468
803,63,0.3168598560678184
8061,63,0.15994795532066283
15875,63,0.11147537722320668
25760,63,0.039736806115903446
305,63,0.543203443910136
7200,63,0.1905503808601031
8065,63,0.22146750954645922
15880,63,0.051600613112625426
16903,63,0.06203153829828591
26316,63,0.009801952222302499
26733,63,0.017757287404115415
27338,63,0.08520987704317497
259,63,0.5782510818988598
8289,63,0.21203957467501344
9161,63,0.18302446451536006
16909,63,0.046913744562795796
17944,63,0.07596599817573049
26321,63,0.0954720259776728
27108,63,0.009805380957187757
266,63,0.6354488582631304
8075,63,0.21950628835868463
18790,63,0.05991442211517845
270,63,0.5887574147869286
10449,63,0.2508823835745884
11283,63,0.22576114085575538
17953,63,0.08979385400297206
113,63,0.6117748327076101
827,63,0.4161881487521917
11287,63,0.2518823283636907
17958,63,0.0851864849332812
18799,63,0.1290844545365961
26753,63,0.10540197301753246
27406,63,0.08289677467643641
27608,63,0.3794340062168009
19654,63,0.07389366105514944
27127,63,0.10312973560871531
27674,63,0.3953876967696873
44,63,0.6267513414275436
27313,63,0.17591132436689572
27723,63,0.0390592062557889
16,63,0.6927594601520375
9190,63,0.30300126620895523
12334,63,0.27502070023731096
13312,63,0.2649237437240106
27137,63,0.20434874885113216
27623,63,0.16698018920518157
27795,63,0.1503567889632248
7,63,0.6726121561259696
103,63,0.655758227598184
508,63,0.6403175637037615
847,63,0.5997267827808843
12339,63,0.3258210380877707
13317,63,0.3350325582179971
19884,63,0.1879006355319525
2,63,0.7232356300602607
108,63,0.7043478364501261
13322,63,0.3863157865351788
14115,63,0.33459394335472936
22231,63,0.08407228648015788
27381,63,0.2431393365059845
27633,63,0.26252753214003477
27814,63,0.2653665086876202
6,63,0.7217504115626217
112,63,0.6594930754428961
258,63,0.6531536329075938
1275,63,0.6498677093322149
2541,63,0.4152104804819645
13326,63,0.1962908194497479
17988,63,0.1456243226190882
21180,63,0.1658336122610818
22025,63,0.12269391255336141
27436,63,0.3167671871163795
27638,63,0.20086948070605673
11322,63,0.2594271493417088
15732,63,0.23604916911032353
17993,63,0.14188408842370281
18834,63,0.11987321575389437
22031,63,0.13465550657598002
23079,63,0.12735494620153492
2390,63,0.567222863415749
14130,63,0.31782811031077146
15737,63,0.33185103233483837
22036,63,0.25415489658841367
27869,63,0.7054075413734419
4127,63,0.11481539907966781
13341,63,0.12395926747278298
15944,63,0.46621989202235326
24957,63,0.3650123516349608
3230,63,0.5083576275076487
4132,63,0.6632897286496513
14001,63,0.12185293253432872
14945,63,0.07309825038173935
3235,63,0.28988490921179433
5140,63,0.59213634123114
14950,63,0.1866583646446801
16977,63,0.0395445493511081
18013,63,0.1602320590387091
23099,63,0.09316896846810727
2721,63,0.3711044855607402
4141,63,0.45096307651453754
5992,63,0.4266234252733485
15958,63,0.1988862122653551
20996,63,0.15081395403886697
25487,63,0.17505648398864265
2557,63,0.7732693816391716
3244,63,0.45045308419276875
4146,63,0.5054359199812064
4941,63,0.5232932133841143
7283,63,0.40263051940273165
18022,63,0.10586131675489852
19928,63,0.07305484994394927
21002,63,0.12324415211974445
24976,63,0.16397653108222543
2396,63,1.0563134671468664
9244,63,0.3346371530729193
18027,63,0.15683027581301479
18867,63,0.12807821078324963
19933,63,0.11549599864579844
6219,63,0.5043915760319239
7077,63,0.5112800391782485
9249,63,0.40453892557323823
10319,63,0.3333484100872581
15973,63,0.12343762572198234
16996,63,0.18729079058638823
19938,63,0.21757444445735735
21011,63,0.265775348782612
22071,63,0.17685440069059216
2406,63,1.0421768597521113
3259,63,0.5592743358430584
6224,63,0.5696105358225397
7082,63,0.5382923136425855
8164,63,0.5434026166109204
18037,63,0.28696129975840806
18877,63,0.24614537937309197
19944,63,0.15547763371788106
21016,63,0.2330988795667924
23123,63,0.12492991778892164
24991,63,0.10543456028261974
2411,63,0.768722557664989
3089,63,0.6703709109279168
4166,63,0.6234061224265434
10538,63,0.472113243345757
11371,63,0.41335931154876054
21021,63,0.20680380278034854
23337,63,0.31308976765214785
2416,63,0.681299847229441
5174,63,0.6717987409366845
9264,63,0.646300723178547
13200,63,0.40067523797501114
21026,63,0.3480877003009121
22085,63,0.3993372425005286
24133,63,0.35196816301529427
3274,63,0.6732972776575805
9487,63,0.6768131217600811
14989,63,0.14715786153597782
21031,63,0.35123361125068436
23138,63,0.5947966336129963
1962,63,1.4120554798040514
2426,63,0.6820714535127954
6244,63,0.7244462765227014
8401,63,0.6382240835655918
22095,63,0.4743247689144815
25011,63,0.4899257278635911
2431,63,0.5495490265004158
4186,63,0.7561807827178156
8189,63,0.6761994923329798
14998,63,0.2120771926986199
22100,63,0.605380784365757
23148,63,0.6131709070399378
24148,63,0.5725070321491101
1845,63,0.4013891095414297
2436,63,0.4864675159091607
4190,63,0.4763649281652935
4985,63,0.5060854192191735
8413,63,0.49912065182378157
9502,63,0.718510123110739
21046,63,0.4731508574088332
23153,63,0.504870920039522
2441,63,0.5957003233268794
3119,63,0.5806665594894365
7117,63,0.420041129720523
8199,63,0.3770265289583785
12433,63,0.2659693248417394
13388,63,0.3027450305178698
15008,63,0.1439562861270713
16013,63,0.08058804521879309
17036,63,0.3106924472754389
22110,63,0.3125300705969996
24158,63,0.39285930281515585
2446,63,0.6084072212668954
3298,63,0.5821856166658537
4200,63,0.6178111094131883
6051,63,0.48280108835284563
9294,63,0.4421868620484793
10364,63,0.4593054904262327
11406,63,0.2795084256139441
12438,63,0.2857343661626601
15013,63,0.19879154720272244
18077,63,0.3543548188264556
18917,63,0.16768820074190713
21056,63,0.24324713087603078
22115,63,0.5386887368280701
25031,63,0.72502564147165
25856,63,0.9016598435426415
27857,63,1.6652142685500673
3303,63,1.4718161020810667
4205,63,0.6482528728010156
6269,63,1.3783013373673345
7126,63,0.5263632211966579
8209,63,1.3713340940431729
9298,63,0.4501242757037105
11410,63,0.3846210274924164
27967,63,0.5667059039053864
27981,63,0.26762580167788574
28051,63,0.33772829500988344
16225,63,0.4157286236486054
17045,63,0.43753574869338996
19987,63,1.4102558836952555
21060,63,1.2888700810770737
23166,63,1.2979419908213663
25860,63,0.7260400832652911
27918,64,0.003957696537767035
8211,64,0.00452958806034676
9083,64,0.01152751562514644
28125,64,0.006834235361189407
20418,64,0.013690526375913805
5210,64,0.008943661238259295
6057,64,0.002389710964499951
7130,64,0.00529127396087181
7997,64,0.00495370512680525
9087,64,0.004027130949079533
9948,64,0.005003258247642543
18291,64,0.006531298061793505
18922,64,0.0053846123617430595
19776,64,0.006328994678638689
20849,64,0.014010755910908558
21908,64,0.01632052577250729
3482,64,0.02209877924055493
4019,64,0.023460077912618935
4798,64,0.011605736390626604
5849,64,0.004151733196171756
7136,64,0.006062041513130024
8002,64,0.005525910386945357
9092,64,0.0022296289187494103
10161,64,0.006011063193835078
11204,64,0.006208784543315589
12238,64,0.012685589344567715
16840,64,0.007962133850156369
17874,64,0.00885231946188367
18716,64,0.003882004395906176
19565,64,0.004438822890194199
21913,64,0.014590632084063821
22961,64,0.012468121619351966
2451,64,0.022140113847577348
3131,64,0.02198522905751759
4023,64,0.02102988079076231
5007,64,0.013541227672322726
5853,64,0.01228149144232819
6925,64,0.006855817882603328
9097,64,0.0038397241714693497
10167,64,0.00470939634486844
11209,64,0.011145358668664663
12241,64,0.012349569933209256
13218,64,0.009063265148256401
14012,64,0.008073935625194819
16843,64,0.008497277692321363
1745,64,0.01505778704896135
2293,64,0.05780013345988773
3135,64,0.0218653558536048
4028,64,0.015633725865091194
27900,64,0.008988289168402719
7146,64,0.00666544078050123
8012,64,0.005279271760658617
15826,64,0.0879774506386921
1645,64,0.059713452708652685
3141,64,0.03629799571146017
7150,64,0.011585585537716717
9111,64,0.007265164715441737
12255,64,0.010714779530683118
1279,64,0.1506125771603737
4042,64,0.06925772494437465
11228,64,0.020637615589266543
12260,64,0.0726984351841825
13237,64,0.04627002850602288
14836,64,0.07393064778282352
17899,64,0.291242644872079
18951,64,0.3616475785671703
21937,64,0.0844114317771632
1191,64,0.09247799580161295
4048,64,0.044939794770950885
5032,64,0.008607344429835238
10193,64,0.05709014219858169
11233,64,0.08197965048806263
28017,64,0.0827054617229756
13243,64,0.0463235721215048
17904,64,0.28769285591412297
19810,64,0.29154994386315675
4833,64,0.03400240211762406
6096,64,0.011053904749260903
18749,64,0.2878699326023027
20888,64,0.08059611724210945
22995,64,0.06559110074773994
861,64,0.20892394375677045
24016,64,0.020325699489845302
788,64,0.20667716048313492
14052,64,0.03518216054873261
14856,64,0.045469717371236854
24021,64,0.015572422634890002
25073,64,0.02168181251428107
582,64,0.27786125309659554
15865,64,0.08896839911491063
24026,64,0.054419220242329244
25078,64,0.1410908746448041
520,64,0.2755139943738326
6974,64,0.024800970669094074
15870,64,0.12069099776027557
24914,64,0.0851458212062647
25754,64,0.08210760863135141
27093,64,0.12994000378581863
803,64,0.22218579121842869
8061,64,0.06190568901944516
15875,64,0.10557197896397133
25760,64,0.0926699267746378
305,64,0.41547102858706336
7200,64,0.1586487372150353
8065,64,0.06093655053408796
15880,64,0.15373245473453376
16903,64,0.17304645997548776
26316,64,0.03167106779567001
26733,64,0.03575216865446535
259,64,0.4199924005472461
8289,64,0.029516497557357576
9161,64,0.02445562223035076
17944,64,0.1717828903537692
26321,64,0.09762552676094377
27108,64,0.04144766946552086
266,64,0.3854152359749538
8075,64,0.09609901448737528
17949,64,0.23375693682305626
270,64,0.4851123910340059
11283,64,0.09217013758473644
17953,64,0.26881058226857885
18794,64,0.32982155401499846
113,64,0.5391031835684621
827,64,0.27996825065647746
11287,64,0.08013733110347154
17958,64,0.36979567843204664
18799,64,0.36146867765725654
27406,64,0.044594398557045334
27608,64,0.26892636802151104
13301,64,0.17236132644066549
19654,64,0.3697264305766505
27127,64,0.10401785207929401
27411,64,0.0886239897177726
27674,64,0.38634412431557064
44,64,0.6653019636186815
11711,64,0.2650916641848796
27313,64,0.08700089442307408
27723,64,0.0537637609715161
16,64,0.7224412610436577
131,64,0.664085330797486
12334,64,0.2766307880681114
27137,64,0.15312964343120056
27623,64,0.0875499166151432
27795,64,0.020695606177578256
7,64,0.7701971831134633
103,64,0.6678162197382302
508,64,0.614278643642329
847,64,0.5487367800589481
12339,64,0.2614050999485256
13317,64,0.3122189213455231
19884,64,0.446529547100952
2,64,0.7518760581763566
108,64,0.6579462964503733
13322,64,0.25645040909983396
14115,64,0.3603207497095127
22231,64,0.3163781458866991
27381,64,0.13497249719018586
27633,64,0.024303474607793935
27814,64,0.07921849324391966
6,64,0.763438965782965
112,64,0.8137397274807453
258,64,0.7576762949030857
1275,64,0.5843626607469761
2541,64,0.42095837688479737
13326,64,0.0772620563535015
17988,64,0.398853700735625
21180,64,0.49683600656368476
22025,64,0.38776202586497166
27436,64,0.0385771304373878
27638,64,0.1260418651457199
11322,64,0.24311653323485033
15732,64,0.0959583811731595
18834,64,0.48391846359693685
22031,64,0.4477627774737354
23079,64,0.5007827162674712
27607,64,0.08246865439212464
1841,64,0.570329540848355
2390,64,0.387735040992726
14130,64,0.5742789284029786
15737,64,0.06679958208839448
22036,64,0.7028089843075882
27869,64,0.6734195809384882
4127,64,1.0516743140792726
13341,64,0.7215620651196084
15944,64,0.12302693922170986
24957,64,0.3106491121174913
3230,64,0.03451597897177701
3235,64,0.1439723251924579
5140,64,0.29854237085107044
16977,64,0.40483335946366533
18013,64,0.3624644667965616
2721,64,0.015558342114015859
15958,64,0.403807045039644
20996,64,0.24241049908144105
25487,64,0.16498520987809295
2557,64,0.3907462717375019
3244,64,0.06676289803637982
4146,64,0.22689533748703114
4941,64,0.3066832633667909
7283,64,0.39060738854261534
18022,64,0.37334635487089957
19928,64,0.23935844655688315
21002,64,0.30398340171261407
24976,64,0.17179563108163484
2396,64,0.888286766188282
3250,64,0.13567977628817265
9244,64,0.23223343677309619
18027,64,0.37782406716491235
3254,64,0.10631732082347496
6219,64,0.3400855747113506
7077,64,0.3116589834880511
9249,64,0.14828179369954084
10319,64,0.2267543380680021
15973,64,0.30386831760849525
16996,64,0.31922167541312535
19938,64,0.4113975987353369
21011,64,0.25888559266018063
22071,64,0.3262291600499077
2406,64,1.0355102505507026
3259,64,0.07727702245867661
6224,64,0.25861866438815684
7082,64,0.3031101975968781
8164,64,0.2859207726577978
18037,64,0.5263543176418052
18877,64,0.3831646766789661
19944,64,0.5396572909321897
21016,64,0.40819586164215627
23123,64,0.24162079597112585
24991,64,0.1781103597733138
2411,64,0.5084570074990484
3089,64,0.1008016547197879
4166,64,0.1687150283706835
10538,64,0.2902596727845677
11371,64,0.3045797640725361
12403,64,0.3199151901495302
21021,64,0.4156392451112136
23337,64,0.21637986950870228
2416,64,0.17092192792101935
5174,64,0.17120135072817155
9264,64,0.2541572757731101
13200,64,0.16755007776491201
21026,64,0.43683729900114204
22085,64,0.4366979969681939
3274,64,0.012033055760566052
6239,64,0.17863121591005757
15791,64,0.24691048542450952
21031,64,0.4174940369543126
1962,64,1.3117707286541678
2426,64,0.07336604410893961
6244,64,0.1934462561906858
8401,64,0.20395929211056527
22095,64,0.39712801100025513
25011,64,0.26092892097630577
2431,64,0.08927920333536662
4186,64,0.05950232367558777
8189,64,0.20840063709721923
14998,64,0.1993536480606396
19114,64,0.23575444464678766
23148,64,0.3887948229893776
24148,64,0.39441123955731455
25016,64,0.5026288337840177
1845,64,0.30857697921913574
2436,64,0.17532845365547053
4190,64,0.09544682063702299
4985,64,0.14674716236983798
6039,64,0.1319242712401672
7113,64,0.21924266808022522
8413,64,0.20225137963310902
9502,64,0.33580938255173415
21046,64,0.32826374876908604
23153,64,0.29147616788407155
2441,64,0.14004352175171564
3119,64,0.07273987213068953
7117,64,0.11663058099521151
8199,64,0.15499624108455906
12433,64,0.28881920913128517
13388,64,0.3705287339517889
17036,64,0.19974761015663448
22110,64,0.4032847453039005
24158,64,0.5785999350490716
2446,64,0.10040337248044932
3298,64,0.05837003832169249
4200,64,0.046642582886232256
6051,64,0.0858050954529728
9294,64,0.255074989293416
10364,64,0.25109047692177605
11406,64,0.22739033326913985
15013,64,0.18600403881573838
18077,64,0.2910855148208453
18917,64,0.412146463631207
21056,64,0.3975589107355619
22115,64,0.4702361511764478
25856,64,0.5649293035812439
27857,64,1.2674190435751918
3303,64,1.390323241074112
4205,64,0.09582824625907176
6269,64,1.25775116000939
7126,64,0.22191832071544523
8209,64,1.2874715437951358
9298,64,0.36590270805713415
11410,64,0.22327139918635613
27967,64,0.15920981970149936
27981,64,0.31488474993202886
28051,64,0.5492088084654679
16225,64,0.37229312175332185
17045,64,0.3721661279720264
19987,64,1.4260446420707942
21060,64,1.236425002297824
23166,64,1.253759368571779
25860,64,0.5557699220254662
27918,65,0.01657102632131846
8211,65,0.020088794691547823
9083,65,0.015426841135373638
28125,65,0.021730795271105486
20418,65,0.02684250366872435
5210,65,0.0025754094675129744
6057,65,0.00562539457920748
7130,65,0.01578198033101021
7997,65,0.016342835657576462
9087,65,0.0187872255507266
9948,65,0.017470003515017887
18291,65,0.02418045074895656
18922,65,0.026766267348005187
19776,65,0.02700763488505367
20849,65,0.03390596552447958
21908,65,0.03513436143744146
3482,65,0.007933302884012618
4019,65,0.008232590351595688
4798,65,0.0018262226721864824
5849,65,0.005421432580356759
7136,65,0.015145019810212558
8002,65,0.0162007990367981
9092,65,0.019191495969444864
10161,65,0.017013618275697504
11204,65,0.02039661691698344
12238,65,0.015824176262193613
16840,65,0.02230988327054264
17874,65,0.02223270875114453
18716,65,0.02649728509281738
19565,65,0.026546775036989476
21913,65,0.03651162089191453
22961,65,0.03221977968050101
2451,65,0.019996829942635276
3131,65,0.04372939104593372
4023,65,0.007045128526436137
5007,65,0.002384050405130314
5853,65,0.004352407740363617
6925,65,0.014899949784728746
9097,65,0.019709510696312948
10167,65,0.01986249927133438
11209,65,0.016712123591456348
12241,65,0.014986667977946578
13218,65,0.017568008298691238
14012,65,0.018771881084029867
16843,65,0.02562649165957369
1745,65,0.007392633769463399
2293,65,0.02510707384405808
3135,65,0.008443657709198003
4028,65,0.001472451750687837
27900,65,0.011151098489406378
7146,65,0.015393124232705762
8012,65,0.07706685154894881
1645,65,0.062321223653539086
3141,65,0.017887626924307502
7150,65,0.0021761761338922265
8016,65,0.008774146066051765
9111,65,0.07855943474112886
12255,65,0.025996708527100894
1279,65,0.07707367483274459
12260,65,0.02745524585889313
13237,65,0.02612899275440762
14836,65,0.05234563958075841
17899,65,0.2305926790740793
21937,65,0.11426934978303922
1191,65,0.09921552911839221
5032,65,0.016283518966351027
10193,65,0.06602314147680234
11233,65,0.029513053347526037
28017,65,0.04803353765245478
13243,65,0.019115694564439168
19810,65,0.13947624775371292
4833,65,0.03067319975594421
6096,65,0.005819875415893355
18749,65,0.07737883546273465
20888,65,0.10180703942677205
861,65,0.18415791105173762
24016,65,0.1021986857940457
788,65,0.18824177555858712
14856,65,0.04422142227856054
24021,65,0.11615364352113881
25073,65,0.1268983699385673
582,65,0.25247432077435494
15865,65,0.03500171797996183
24026,65,0.09889101828586619
25078,65,0.06814897974526812
520,65,0.30977677476391086
6974,65,0.021537845682647754
15870,65,0.04523438514493973
24914,65,0.08956270628726158
25754,65,0.13603405904846438
27093,65,0.07385523336389026
464,65,0.2874670464678216
8061,65,0.02582986963182407
15875,65,0.04137933467592544
25760,65,0.18156512168177796
305,65,0.400695079609806
8065,65,0.05185817952377774
15880,65,0.1093898212084558
16903,65,0.11311608309569016
26316,65,0.246801998243145
26733,65,0.24648282952926015
259,65,0.4025223783519565
8289,65,0.08527763823524787
9161,65,0.059692780280505765
17944,65,0.11971594267665178
26321,65,0.1889461652190873
27108,65,0.24748107853298698
266,65,0.45766468867237475
8075,65,0.08477378126325236
270,65,0.491240125292534
11283,65,0.10198147532184566
17953,65,0.1725843187248357
18794,65,0.18901031256798934
27402,65,0.18641530403061654
113,65,0.49904747619135476
827,65,0.2282669306993023
10246,65,0.05614265559585524
11287,65,0.09816869390588749
17958,65,0.17562983293116766
18799,65,0.18558072284670438
27406,65,0.191700463478662
27608,65,0.12014877653509075
234,65,0.4946359946705678
13301,65,0.14868848084416522
19654,65,0.23128310378650693
27127,65,0.1951071299097052
27674,65,0.12385269175519216
44,65,0.5729246013626603
838,65,0.31400543595733754
11711,65,0.08995639628261147
12124,65,0.09474416054775713
27313,65,0.11930822420448217
27723,65,0.0875882945221737
16,65,0.6648045191589259
12334,65,0.10026342651794844
27137,65,0.12646510071761663
27623,65,0.062104464999549316
27795,65,0.3248816752262824
7,65,0.6660402299942827
103,65,0.6311744964375396
508,65,0.5737371093701505
847,65,0.5574235286687231
12339,65,0.07224023228715044
19884,65,0.3507652011312727
27075,65,0.2054020732901197
2,65,0.7603596430483968
108,65,0.7356063434916641
13322,65,0.043928513489531223
14115,65,0.01168581721710004
22231,65,0.6385170365103174
27381,65,0.16767717441894475
27633,65,0.2721419535360875
27814,65,0.23654917381813548
6,65,0.837018688527288
112,65,0.8110488509023814
258,65,0.8245566803722844
1275,65,0.6135843046760076
2541,65,0.37209761583169315
13326,65,0.2849930021845411
17988,65,0.3276791762225443
22025,65,0.6535892012052132
27436,65,0.24019033940820333
27638,65,0.2074168154200582
2385,65,0.37185846244973136
11322,65,0.05944968484349277
15732,65,0.14016540654331977
18834,65,0.3699786276716455
22031,65,0.47826288519995896
23079,65,0.7043178658109687
27607,65,0.21827398733739475
2390,65,0.5693251831666732
10285,65,0.08409639924521854
14130,65,0.3314792870601984
15737,65,0.06637635670188816
22036,65,0.5206690316660765
27869,65,0.5846844704628612
2394,65,0.33486921764181465
4127,65,0.15002010048807282
13341,65,0.14230724604564957
14135,65,0.3048263367091427
14940,65,0.23750367250149748
15944,65,0.21626467684983458
3230,65,0.1789072156922003
3235,65,0.08668020877457011
5140,65,0.06524134651764608
18013,65,0.2615593457820483
2721,65,0.35171478255930866
15958,65,0.32910865173773246
20996,65,0.5099992311705529
25487,65,0.2700169007971144
2557,65,0.5746712487433344
3244,65,0.2707193188941137
4146,65,0.30498685103828754
4941,65,0.26025238895357505
7283,65,0.29689801044379255
18022,65,0.1802895465890649
19928,65,0.3347144008178593
21002,65,0.44542657161606153
24976,65,0.21419145001857173
2396,65,0.6995416284354772
3250,65,0.38213712390425447
5154,65,0.3098256664573683
9244,65,0.17320992667674176
18027,65,0.19544329958516346
22065,65,0.3126182883108754
3254,65,0.40497076758602685
6219,65,0.32961731184698834
7077,65,0.2470179512962973
9249,65,0.11706764547218022
10319,65,0.2268394127074934
16996,65,0.1902615788704293
18872,65,0.2459326079947716
19938,65,0.2580778484439812
21011,65,0.2769954190803892
22071,65,0.3091277448931885
2406,65,0.6754152944192373
3259,65,0.4498345648014494
6224,65,0.526206632710264
7082,65,0.41995023952880145
8164,65,0.3205136227268044
18037,65,0.18073990853488953
18877,65,0.3433530188076942
19944,65,0.21588148664399184
21016,65,0.25751263723154105
22075,65,0.2997995624091656
23123,65,0.29436066049627957
24991,65,0.2518429625011795
2411,65,0.43484998094104305
3089,65,0.519184400878337
10538,65,0.4815242134758775
11371,65,0.5431021563495314
12403,65,0.5301077190434912
18882,65,0.24051241121618822
21021,65,0.35859414694296854
23337,65,0.277249839369964
2416,65,0.3412734908890098
5174,65,0.558710960985066
9264,65,0.5965716740147106
14984,65,0.324552812811691
19953,65,0.3259763179491512
21026,65,0.21622199536198008
22085,65,0.26757488842221167
3274,65,0.47993559046738643
6239,65,0.5831072752091938
1962,65,1.180842331587808
2426,65,0.3609613908490305
5184,65,0.5555461723243875
25011,65,0.18446635982333592
2431,65,0.3499435737356185
4186,65,0.5488912200372926
7107,65,0.562407841793583
8189,65,0.6087261852417089
14998,65,0.8040832054670639
23148,65,0.3426257774909132
24148,65,0.3829893028746031
25016,65,0.284990457509432
1845,65,1.0129917329904479
2436,65,0.21806742595128514
4190,65,0.33458670013582353
4985,65,0.35062195226619997
6039,65,0.589039346960989
7113,65,0.3431701603087528
8413,65,0.4731389620112667
9502,65,0.703562979219162
10354,65,0.6539584999688132
21046,65,0.27397839666926366
23153,65,0.26169994431662696
2441,65,0.30496866160372255
3119,65,0.34815004754350776
7117,65,0.34692020881794267
8199,65,0.32233614830059243
12433,65,0.2430371341894508
13388,65,0.3994494513871245
17036,65,0.7426771901647441
18072,65,0.7753552287468898
18912,65,0.7310587655392443
22110,65,0.23648946853394032
24158,65,0.23475084666968982
2446,65,0.28791238793140655
4200,65,0.3298730555601447
6051,65,0.33544021357279424
7122,65,0.314875918220909
9294,65,0.4049044520108002
10364,65,0.30020880549554047
11406,65,0.31279984723171506
15013,65,0.7741133268572906
18077,65,0.5539575966104014
18917,65,0.4463607967331388
22115,65,0.7173930738488812
24163,65,0.2717452004672439
25856,65,0.9509306827648293
27857,65,1.1818953496714322
3303,65,1.1333217874074237
4205,65,0.2957859063617
5208,65,0.33586123786519356
6269,65,0.9913683935248527
7126,65,0.3840791641294439
8209,65,1.1536589234434584
9298,65,0.3470414024736256
10368,65,0.2973514127145899
11410,65,0.2731667657184012
27967,65,0.35335611215612767
27981,65,0.307888641405072
28051,65,1.1138968442526025
16225,65,0.7418712182116274
17045,65,0.7469834055697906
19987,65,1.3584025664239183
21060,65,1.1460357917010213
23166,65,0.7971625016006836
24166,65,0.508437326736866
25860,65,0.4477741149269913
27918,66,0.019868473915152313
8211,66,0.023562063156567024
9083,66,0.02197573018143841
28125,66,0.016557953971099607
20418,66,0.01808418972148145
5210,66,0.009034898057560749
6057,66,0.008956871890517363
7130,66,0.019025798633470977
7997,66,0.02000586278590357
9087,66,0.026898514572305302
9948,66,0.02658096961258248
18291,66,0.014461080990333426
18922,66,0.0157973756311168
19776,66,0.015130178779198188
20849,66,0.01999856253715573
21908,66,0.021417075897667306
3482,66,0.011110554762783817
4019,66,0.009288455511464453
4798,66,0.007681170567542746
5849,66,0.007449846705740464
7136,66,0.01840008207022595
8002,66,0.019749540004921653
9092,66,0.027078667395394
10161,66,0.02666204361749666
11204,66,0.0274969865191114
12238,66,0.021590135255232304
16840,66,0.016559161492445903
17874,66,0.01567310737122535
18716,66,0.015929973157348423
19565,66,0.014896451754688473
21913,66,0.020456860681258463
22961,66,0.022724574971143975
2451,66,0.029347287115279997
3131,66,0.022737647901124442
4023,66,0.01035034720689937
5007,66,0.005866909600293537
5853,66,0.007307017434403795
6925,66,0.01764108651946298
9097,66,0.025065813169785043
10167,66,0.02561261127741945
11209,66,0.023564488264962664
12241,66,0.022252045920586914
13218,66,0.020662486174679917
14012,66,0.020830671533679262
16843,66,0.019194070120047084
1745,66,0.06038015792941259
2293,66,0.08542773295235583
3135,66,0.012197582877722704
4028,66,0.005125979412876021
27900,66,0.013620177262369984
7146,66,0.018141702040670105
8012,66,0.06284706847025552
1645,66,0.034142121301244284
3141,66,0.03513762487781652
7150,66,0.03404039268588883
8016,66,0.0364453702798559
9111,66,0.0699839235165951
12255,66,0.18621363855654563
1279,66,0.07459110805540119
12260,66,0.1400037232336454
14836,66,0.10798902974676815
17899,66,0.1212786060037359
21937,66,0.061091329448471725
1191,66,0.07473102622498776
5032,66,0.06258927226757471
10193,66,0.1768845732614838
11233,66,0.13625305227683443
28017,66,0.07181935621767954
13243,66,0.21004047320425487
18744,66,0.08712452899612783
19810,66,0.07624252046769461
4833,66,0.09714104474364504
6096,66,0.06368714247251799
18749,66,0.05419649923747669
20888,66,0.14140217404370203
861,66,0.16873808014192918
13253,66,0.1389095647007569
23000,66,0.14579789875788626
24016,66,0.1420139868958531
788,66,0.1986252020122802
14856,66,0.1091068703478302
24021,66,0.1448536953615363
25073,66,0.12116881330981785
582,66,0.2861102047294156
14861,66,0.11591533728408528
15865,66,0.18378255183660408
25078,66,0.06637051534852094
6974,66,0.12425532595303013
15870,66,0.11342524496713091
24914,66,0.06561802936615324
25754,66,0.03293072322788983
27093,66,0.028499371206475565
8061,66,0.09033372751294193
15875,66,0.11766949908123042
305,66,0.38375487750294857
15880,66,0.12288079484808283
16903,66,0.12135769072968734
26316,66,0.12255962950443158
26733,66,0.07176830157707483
259,66,0.4166817212304232
8289,66,0.11149101277944229
17944,66,0.1075867369136715
26321,66,0.10010478255166678
27108,66,0.1339058396189083
266,66,0.44723569649613937
8075,66,0.14412519540093047
270,66,0.43836217591747817
11283,66,0.10586389332317912
17953,66,0.1210762358063531
27402,66,0.3694025580003976
113,66,0.549421301958394
827,66,0.27211848148212536
10246,66,0.046617671580873515
11287,66,0.0576246319046987
17958,66,0.14701937303643411
18799,66,0.1547605510428026
27608,66,0.1120117097718558
234,66,0.5217134259732757
19654,66,0.1983088703888784
27127,66,0.22110326304559255
27674,66,0.11459423302928147
44,66,0.6318743915222835
11711,66,0.02658929917442597
12124,66,0.05180045841058306
27313,66,0.1969168604851004
27723,66,0.05518953480476332
16,66,0.6982433556841312
12334,66,0.04931164957263945
13312,66,0.1192515641792629
27468,66,0.05848887670797451
27623,66,0.05576994970057292
27795,66,0.14096480426724442
7,66,0.7786409667220993
103,66,0.674783036031725
508,66,0.5248733210195489
847,66,0.5421041124771714
12339,66,0.06379806962771585
19884,66,0.38448037771004334
2,66,0.7489396326625384
108,66,0.688016940558274
299,66,0.6681644075114914
13322,66,0.0546043047639555
14115,66,0.14776979888411954
22231,66,0.4242633292048377
27633,66,0.06252607840072175
27814,66,0.06653927368784171
6,66,0.7690153031480166
112,66,0.6807343598178278
258,66,0.6438142399808098
1275,66,0.566457706387269
2541,66,0.273253810532105
13326,66,0.16879534901704613
17988,66,0.23013769685395236
22025,66,0.5240310392211512
27436,66,0.19100849031145561
27638,66,0.20371218003328323
2385,66,0.3098240059675479
11322,66,0.12127854003562619
15732,66,0.08150812507782165
17993,66,0.34570138650568094
18834,66,0.33328939460984996
22031,66,0.6028218879215019
23079,66,0.6263611823116396
27607,66,0.1099377164617352
2390,66,0.46249783905105807
10285,66,0.09043678181290203
14130,66,0.14885552285740777
15737,66,0.06344746683685948
22036,66,0.535443438985456
27869,66,0.5139429625797965
4127,66,0.4244333976743054
13341,66,0.18786849402634032
14135,66,0.014516504783029712
14940,66,0.07077745090853284
15944,66,0.29584990327625865
3230,66,0.5588988719106173
14001,66,0.11186954770657134
3235,66,0.37322973338253207
5140,66,0.6392377115999348
23099,66,0.4975947568868668
4141,66,0.4404129382884186
5992,66,0.37269408883639726
15958,66,0.22556155858421398
20996,66,0.9413239015549013
25487,66,0.4187187913051967
2557,66,0.7113680111709831
3244,66,0.566684436128932
4146,66,0.4988350258224214
4941,66,0.4480339672074663
7283,66,0.22548741563261263
18022,66,0.1433284096508978
19928,66,0.1574198133357849
21002,66,0.4471878689224877
24976,66,0.29167864760958645
2396,66,0.7040521137413853
5154,66,0.4423331622143232
9244,66,0.1868984195639783
18027,66,0.11548769001284145
22065,66,0.2673526025707971
3254,66,0.5898793611692398
6219,66,0.41817555638638826
9249,66,0.21236883563665976
10319,66,0.2695421111217896
16996,66,0.07406195452061856
18872,66,0.029923165647699642
19938,66,0.06160697930026246
22071,66,0.12315888913181441
2406,66,0.9123226054240758
3259,66,0.5980477794123213
6224,66,0.5164138229299525
7082,66,0.39861259414117234
8164,66,0.14271209571179602
18037,66,0.23120624139909277
18877,66,0.14066845015524151
19944,66,0.10846819740042457
21016,66,0.11045106027165476
22075,66,0.24170343366603272
23123,66,0.2244368825593245
24991,66,0.36404082351268896
2411,66,0.8911799540157848
3089,66,0.6103758648571445
7087,66,0.5111372744532489
8169,66,0.26334631506229894
10538,66,0.07892150819798352
11371,66,0.11281635113087378
12403,66,0.103938113468258
21021,66,0.14838697978808768
23337,66,0.18403256468670062
2416,66,0.8643769353873344
5174,66,0.6254298370933842
9264,66,0.41570895263197516
14984,66,0.08079364985343927
19953,66,0.20207076936767593
21026,66,0.14109676751821804
22085,66,0.183246519033792
14989,66,0.1508748684748173
23138,66,0.3030501132286497
2426,66,0.7110289464246771
3279,66,0.6847071442878483
9274,66,0.5463332588195935
25011,66,0.3923822385120099
1967,66,0.9952570228981434
2431,66,0.1936025144283887
4186,66,0.6097190621767907
5189,66,0.6182217535513053
7107,66,0.6307559051432701
8189,66,0.604492715350792
14998,66,0.49313277546144074
22100,66,0.3476001224957148
23148,66,0.3393091766742217
24148,66,0.38230712758956914
25016,66,0.41540674123159177
1845,66,1.2745433769484302
2436,66,0.3728696004412378
4985,66,0.1974710350467475
6039,66,0.5867845403138922
7113,66,0.38004745298560316
8413,66,0.3270678856349364
9502,66,0.5950676055108617
10354,66,0.5810147096461686
21046,66,0.06188907624085585
23153,66,0.22226150862569813
2441,66,0.3834151146928251
3119,66,0.32866149270284895
4990,66,0.31216007513685357
7117,66,0.42474909143063694
8199,66,0.3829960673191886
12433,66,0.28728377784116543
13388,66,0.34306774155644476
18072,66,0.5880760006421787
22110,66,0.09355215368208208
24158,66,0.29933173675434105
2446,66,0.35558520570797025
4200,66,0.3275864657514247
6051,66,0.389408567097114
7122,66,0.39774266425647503
9294,66,0.32790220290287964
10364,66,0.31924645560857795
11406,66,0.25893192891746725
15013,66,0.2893199446670535
18077,66,0.17920343037941044
18917,66,0.17364320177022272
22115,66,0.7168171931074478
25031,66,0.45245432202288377
25856,66,1.0952621013445025
27857,66,1.6090321666620024
3303,66,1.1731307568072165
4205,66,0.33931216146684245
5208,66,0.3199216399161616
6269,66,0.6825720857202326
9298,66,0.3106377863996818
11410,66,0.31705222407005546
27967,66,0.2643897846278486
27981,66,0.1990969439324096
28051,66,0.7352483856409255
16225,66,0.6776004988493318
17045,66,0.617979344893564
19987,66,1.1235627644263044
21060,66,0.9998905581851412
24166,66,0.5127846943936627
25860,66,0.6362471633776409
27918,67,0.025738608985870715
8211,67,0.031397726688698654
9083,67,0.03225269225522129
28125,67,0.027064988858124955
20418,67,0.02858909610003202
5210,67,0.008673183548113146
6057,67,0.00836565127532843
7130,67,0.02562502360473919
7997,67,0.02657200971330778
9087,67,0.034405912805415384
9948,67,0.03748667936464557
18291,67,0.025986408718499138
18922,67,0.027779669330091246
19776,67,0.02706452540161221
20849,67,0.0307136199131249
21908,67,0.03198877771670061
3482,67,0.011920036651562676
4019,67,0.009975773033167568
4798,67,0.008311847375883684
5849,67,0.007725593484556239
7136,67,0.025359699733355584
8002,67,0.026952422257630185
9092,67,0.0343724666669116
10161,67,0.038736556742697895
11204,67,0.04596456887439106
12238,67,0.043014978556224756
16840,67,0.03187477681728877
17874,67,0.030282132746366628
18716,67,0.029497073802685132
19565,67,0.02789023372639883
21913,67,0.03158179954068214
22961,67,0.03470334172548258
2451,67,0.020170217968991565
3131,67,0.04421023343683293
4023,67,0.011253057826810868
5007,67,0.010785199883506484
5853,67,0.011177783507748956
6925,67,0.024502532678302623
9097,67,0.03254760561044711
10167,67,0.03488994379683715
11209,67,0.040924927214845586
12241,67,0.041548060453022596
13218,67,0.04250613580062478
14012,67,0.042719782439862665
16843,67,0.034792697359110496
1745,67,0.014217515163804177
2293,67,0.060558865564811146
3135,67,0.04263158012774942
4028,67,0.08155902103119601
27900,67,0.01947785288334443
7146,67,0.03974656083141958
8012,67,0.02735223521475892
1645,67,0.03551931718434438
3141,67,0.024127356775466725
7150,67,0.06684436000442111
9111,67,0.07154826688490079
12255,67,0.06853522910286913
1279,67,0.1731077752900092
11228,67,0.12073059865761626
12260,67,0.12013535574546252
14836,67,0.08370730863547832
17899,67,0.11715848321596786
21937,67,0.19045035013817532
1191,67,0.11300670116423732
5032,67,0.09801187553647911
10193,67,0.0487498280024927
11233,67,0.08437326544881994
28017,67,0.14593530485641307
17904,67,0.11551004850938063
18744,67,0.10095909904943029
19810,67,0.08416884162614655
4833,67,0.037566502213455956
6096,67,0.07273075499291759
12270,67,0.07877140166840596
18749,67,0.14117813093696702
20888,67,0.19249130359819985
22995,67,0.24626803560546465
861,67,0.19379549545013527
13253,67,0.08699326972683061
23000,67,0.19964217760724123
788,67,0.22727517541066392
24021,67,0.22869567027644108
25073,67,0.2278384197086663
582,67,0.3089231026255683
15865,67,0.12035469498406973
25078,67,0.19454229414211435
6974,67,0.05876839997669026
15870,67,0.16881752175795128
24914,67,0.20777671029808212
25754,67,0.1801641981521027
27093,67,0.25875503527314214
803,67,0.253310710927669
8061,67,0.1180895223592925
15875,67,0.18860161059325484
305,67,0.48738041642306873
15880,67,0.19819754057428318
16903,67,0.22295256479146677
26316,67,0.18314277114613994
26733,67,0.13774023725669962
259,67,0.4945027882811207
8289,67,0.09999660320721004
17944,67,0.19996434754697473
26321,67,0.16553442766813906
27108,67,0.2062604615764806
266,67,0.572590359336435
270,67,0.5656594806461671
10449,67,0.14204764563760822
11283,67,0.15107018884920004
17953,67,0.2494005830155937
27402,67,0.27480363712414363
113,67,0.631036807989486
10246,67,0.13634320189792443
11287,67,0.18279693856158338
17958,67,0.2178884338767245
18799,67,0.24101467734838994
27608,67,0.17785375263022946
234,67,0.5864183449467912
19654,67,0.2023964895707464
27127,67,0.1898551266065716
27411,67,0.27792917348447804
27674,67,0.2652310595398568
44,67,0.6442677507177926
11711,67,0.1829838789983938
27313,67,0.1364004965546787
27723,67,0.3438118588485345
16,67,0.6746558770630269
12334,67,0.17466080638796194
13312,67,0.18738484895754515
19879,67,0.23447893550022203
27468,67,0.27375741383767166
27623,67,0.3464229426434866
27795,67,0.1917780554350099
7,67,0.6712527098498818
103,67,0.6534432107264261
508,67,0.4962393074812112
847,67,0.3831089159348881
12339,67,0.19533364475864934
19884,67,0.19258706153915178
2,67,0.6914345725145262
108,67,0.6542346678895806
13322,67,0.16813513419192297
14115,67,0.18560134402542208
22231,67,0.2904175915368364
27633,67,0.15098227732468522
6,67,0.6985296934903905
112,67,0.6134475832563925
258,67,0.5810622457500311
1275,67,0.39615019467175616
2541,67,0.2361536966432605
13326,67,0.2633288834724029
17988,67,0.12830767693326878
18828,67,0.1283887627411898
21180,67,0.26630330491690024
22025,67,0.3277352561372868
27638,67,0.14654608647560552
11322,67,0.2572097684542936
13331,67,1.0015341373901283
15732,67,0.41276512716255953
17993,67,0.18478658738031636
22031,67,0.28222510911993487
23079,67,0.4435674654377657
27607,67,0.2591053289772058
2390,67,0.3392988056562422
10285,67,0.42511431702629315
14130,67,0.7020719231822926
22036,67,0.3088479202529156
27869,67,0.349614085729393
4127,67,0.23284442659099558
14135,67,0.6870193309425771
14940,67,0.33508809985432525
15944,67,0.31497639066949673
3230,67,0.2746626312861777
14001,67,0.2583984403529492
3235,67,0.2620058584447624
5140,67,0.31607304420241605
4141,67,0.2507570749163282
20996,67,1.0374165242111624
25487,67,0.635982006176656
2557,67,0.4966017041228836
3244,67,0.3272145064155605
4146,67,0.33242177359794195
4941,67,0.3199397794937619
7283,67,0.30437229529382753
18862,67,0.15264551464169418
19928,67,0.23490152218265425
21002,67,0.22608085814711118
24976,67,0.6725871733003885
2396,67,0.7439313876432704
5154,67,0.38474390736335895
8154,67,0.3192201307267758
18027,67,0.10279260574463295
22065,67,0.2533199981438749
6219,67,0.43935176420501765
10319,67,0.20699437090332318
15973,67,0.23350489914085745
16996,67,0.13441064809908324
19938,67,0.24498127521944837
22071,67,0.23860959317273972
2406,67,0.6333640365403771
3259,67,0.5528960472628197
6224,67,0.45905774677055144
18037,67,0.19211739514645687
18877,67,0.18562899627456433
21016,67,0.26831314688503705
22075,67,0.26577417596178116
23123,67,0.43655976141338954
24991,67,0.7372222095023261
2411,67,0.6235910104422682
3089,67,0.5105784097135411
4166,67,0.5421656390383067
8169,67,0.3799884353819802
10538,67,0.10006297443918026
11371,67,0.08323755869587533
12403,67,0.08323584954305974
20163,67,0.2885101644291709
21021,67,0.3231127530835077
23337,67,0.4352855372835184
2416,67,0.5564209679429872
9264,67,0.23325522940897178
19953,67,0.27593843030979764
22085,67,0.4118592204376023
24133,67,0.6339597932601005
22090,67,0.4402496362301856
23138,67,0.5447057895471403
2426,67,0.6647461191916597
3279,67,0.6234751116887585
9274,67,0.5054049159949525
22095,67,0.5631324309456672
25011,67,0.8142166325293639
2431,67,0.7361622538044941
5189,67,0.7053883781248561
8189,67,0.7415564362241956
14998,67,0.28632521228009955
22100,67,0.5897866503424737
23148,67,0.6696480382644888
24148,67,0.7858105930529574
25016,67,0.8099285889189173
1845,67,1.0812786906005563
2436,67,0.6562684978682244
4985,67,0.48745192457875813
6039,67,0.7111856198346307
7113,67,0.37703763632331605
8413,67,0.7164093154976032
9502,67,0.7310462064988068
10354,67,0.6113162436287986
21046,67,0.5942316395978688
23153,67,0.7526490521728079
2441,67,0.7587705527940262
3119,67,0.7929385811480427
4990,67,0.5097629128649336
7117,67,0.43963218535031034
8199,67,0.4645555277777133
12433,67,0.3598275684953059
13388,67,0.19582617614324274
18072,67,0.9057628047459205
21051,67,0.711939955916695
22110,67,0.7822564991659089
24158,67,0.8064806874602511
2446,67,0.81324824591704
4200,67,0.7389392439742598
6051,67,0.6536197443852749
7122,67,0.5895562028877583
9294,67,0.37632270150307595
10364,67,0.3315247831483767
11406,67,0.2814439086552226
12438,67,0.29645302924102596
15013,67,0.835351973999369
18077,67,0.39503579801447164
18917,67,0.7297733669311285
22115,67,0.834625642902085
25031,67,0.8899353445043038
25856,67,1.0533238131445481
27857,67,1.4403545228597512
3303,67,1.258804138833505
4205,67,0.830540636838944
5208,67,0.7581219987952047
6269,67,1.0649827574168726
9298,67,0.8109787837149995
11410,67,0.3412192415727343
27967,67,0.5960117548711227
27981,67,0.3566050985427096
28051,67,1.1631696070783926
16225,67,0.8854340613634262
17045,67,0.7960467010057142
18921,67,0.7467808268307654
19987,67,0.8092354427399415
21060,67,0.8830214931247699
27918,68,0.022460538436946856
8211,68,0.024780228650623418
9083,68,0.01781745741635844
28125,68,0.0210267599894724
20418,68,0.017806905133619863
5210,68,0.023012916287468897
6057,68,0.025306980901512247
7130,68,0.012614161747703214
7997,68,0.011822336526426037
9087,68,0.012489155648530826
9948,68,0.02319130195039133
18291,68,0.01766822883637511
18922,68,0.018293334083493262
19776,68,0.01780703071648824
20849,68,0.018002195333689644
21908,68,0.019211574703073123
3482,68,0.022746371190886242
4019,68,0.019861924493492097
4798,68,0.021145456198515895
5849,68,0.023886523817362868
7136,68,0.011742542878566282
8002,68,0.011371815816375546
9092,68,0.013649621100400152
10161,68,0.02629160464816053
11204,68,0.01951507080364569
12238,68,0.018038356357036094
16840,68,0.027076961546507815
17874,68,0.024105756166819623
18716,68,0.02014879254646179
19565,68,0.017462133393682314
21913,68,0.018287066539251967
22961,68,0.019605695214728824
2451,68,0.029486268806159354
3131,68,0.030681413172790082
4023,68,0.02276106157083286
5007,68,0.019593708379672756
5853,68,0.0191458030356191
6925,68,0.014219091938440141
9097,68,0.017217912909189774
10167,68,0.018540338803519393
11209,68,0.018061950569892314
12241,68,0.01846500468988086
13218,68,0.026273721660210296
14012,68,0.026469369012647095
16843,68,0.027325570070520444
1745,68,0.019127924518251207
2293,68,0.09780351891867266
3135,68,0.05111335075512034
4028,68,0.05072876573534601
27900,68,0.016926617120172096
7146,68,0.01472708770261349
8012,68,0.01686142393120187
1645,68,0.07557553425027234
3141,68,0.06850279097482088
7150,68,0.01682678336481328
4037,68,0.028525688153983063
9111,68,0.019653372181132504
12255,68,0.05178801911563042
1279,68,0.06045353671636428
11228,68,0.13873499418870677
12260,68,0.024082734141120086
14836,68,0.04789306341976985
17899,68,0.11771150946778464
21937,68,0.08700010772465959
1191,68,0.07119101920983091
5032,68,0.04997275810348424
10193,68,0.06297950170886134
11233,68,0.020660228920289916
28017,68,0.01780694510457751
18744,68,0.09563555262193665
19810,68,0.14432967205417757
4833,68,0.016871248105082084
6096,68,0.0511495822396889
12270,68,0.04939460387325939
18749,68,0.15596038075328542
20888,68,0.11894717677226808
22995,68,0.1141906053672335
861,68,0.17818440486943934
13253,68,0.052852213182896644
788,68,0.2131895765840464
24021,68,0.17317016575466174
25073,68,0.16740654517510875
582,68,0.3316666375358468
15865,68,0.09099456133665319
25078,68,0.2027009951764154
6974,68,0.09723265724496982
15870,68,0.09178049900321085
24914,68,0.16778058092627116
25754,68,0.2000132757140552
27093,68,0.28042047225845446
8061,68,0.062402825110730066
15875,68,0.11751391353695252
25760,68,0.13134241361179053
305,68,0.4982526429416577
7200,68,0.06528987131025431
8065,68,0.09383713088257432
15880,68,0.08751702852077826
26316,68,0.12797121056331734
26733,68,0.2620117591050281
259,68,0.5322327886987349
8289,68,0.06650831352219262
17944,68,0.1301706483985508
26321,68,0.20016596771673917
27108,68,0.22007384834869687
266,68,0.5581083103609225
270,68,0.6665948835019944
10449,68,0.09952172217117217
11283,68,0.14861110833985336
17953,68,0.14754119835258728
18794,68,0.15493830585695198
27402,68,0.13681602033550033
113,68,0.6257825616811155
17958,68,0.1615522918630998
18799,68,0.176635951243296
27608,68,0.31763738261507796
234,68,0.7074217314418808
12324,68,0.12609985331771167
13301,68,0.14468824286033577
19654,68,0.25604145547461393
27127,68,0.1301405511046473
27411,68,0.1984243121197822
27674,68,0.30052854723633343
44,68,0.7052586552949613
238,68,0.6674573605806539
11711,68,0.12598856249080986
27313,68,0.19298749425386152
27723,68,0.22100063097357622
16,68,0.6929125155955549
131,68,0.7178514019137872
9190,68,0.13977165029760838
12334,68,0.1410490436753081
13312,68,0.14335849733544712
17973,68,0.07872619698216601
27468,68,0.19454336156875116
27623,68,0.21655114391235605
27795,68,0.26981391682656797
7,68,0.661092559215126
103,68,0.6698215038267356
508,68,0.5198060305270785
847,68,0.3614095799910448
12339,68,0.19277946396669118
19884,68,0.28356381569215583
27809,68,0.1839526417945708
2,68,0.6279831613023363
108,68,0.6203447530696669
12344,68,0.15915164566690834
13322,68,0.2619515613858382
14115,68,0.2848356405113321
22231,68,0.24049940948538057
27633,68,0.2551200571690588
6,68,0.5758279842401614
112,68,0.46246839676705204
258,68,0.4140684675477337
1275,68,0.38022859027735895
2541,68,0.20921156731534105
13326,68,0.24545302691088927
17988,68,0.13329126917181003
21180,68,0.28045971637364103
22025,68,0.31721746331882755
27638,68,0.20260566605726574
11322,68,0.2851834709412504
13331,68,0.2221637240483052
15732,68,0.08901946254369351
17993,68,0.1465435795220437
22031,68,0.17335107223587268
23079,68,0.06498682129379464
27607,68,0.2820924401454508
2390,68,0.20895623932110127
14130,68,0.05088645327912555
22036,68,0.4076246574227077
27869,68,0.2636592820668696
2394,68,0.29446441341054175
4127,68,0.1883836124068725
14135,68,0.05225182650963763
14940,68,0.22095095740433968
15944,68,0.14788604979674705
3230,68,0.26887834673070937
14001,68,0.09907397880629354
14945,68,0.32296798825782363
15949,68,0.7668481102961449
3235,68,0.16889201369459425
18013,68,0.06485713631046296
22051,68,0.3547141773086791
4141,68,0.15354183967437926
20996,68,0.7578028336789884
25487,68,0.2111845487647745
2557,68,0.3273639225621183
3244,68,0.20883165351511115
4146,68,0.14729561566190258
4941,68,0.15119959712003042
19928,68,0.17585968285264839
21002,68,0.12575836082233477
24976,68,0.053160488085114393
2396,68,0.3350621820113168
5154,68,0.14937441117281175
18027,68,0.13174840638989535
22065,68,0.08542252207718982
6219,68,0.13693695352391705
7077,68,0.16985145375900637
10319,68,0.11675381799319018
15973,68,0.36553680441120334
16996,68,0.317479020490847
19938,68,0.17185297023102097
21011,68,0.06684605433646794
22071,68,0.07909551863654297
2406,68,0.45122065405526296
3259,68,0.2816044326774267
5164,68,0.36227701303518817
6224,68,0.31399413035222823
18037,68,0.062169879820196575
18877,68,0.0377095507413888
21016,68,0.09654158975619766
22075,68,0.10777710922424852
23123,68,0.21411914563262105
24991,68,0.20624407842262438
2411,68,0.44723763764945723
3089,68,0.3344598409952998
4166,68,0.24005227587162473
8169,68,0.24181509834860446
10538,68,0.22190022913390284
11371,68,0.13505093794238884
12403,68,0.07814592780771773
18882,68,0.05643292476963914
20163,68,0.13590870666672536
21021,68,0.06444414485922205
23337,68,0.1417339153217133
2416,68,0.32816433040045967
6234,68,0.3612417689273795
9264,68,0.3263224000516243
22085,68,0.13956393978271162
24133,68,0.1264548390448827
3274,68,0.2736854149017182
22090,68,0.06021875794578916
1962,68,0.43731469465115586
2426,68,0.24910494473873387
3279,68,0.3505374620141095
9274,68,0.36749873637004726
10344,68,0.3826914204459818
14993,68,0.18998461498754898
22095,68,0.060911470479861334
25011,68,0.19540132595357623
2431,68,0.6422854948805377
5189,68,0.29052195638627365
6248,68,0.3775601008695554
8189,68,0.36854642231755746
14998,68,0.36244334560926406
22100,68,0.12385845739903537
23148,68,0.16081695113555733
24148,68,0.0845341119173104
25016,68,0.15425940637930272
1845,68,0.5345331481856136
2436,68,0.7898561763222202
4190,68,0.7892200320450681
6039,68,0.4044262487983939
7113,68,0.5765472889858986
8413,68,0.26127097212158507
9502,68,0.2477576476814766
10354,68,0.2509407829543414
21046,68,0.1375274454573345
23153,68,0.20359315109609477
2441,68,0.7041571378116213
3119,68,0.7087001682610704
7117,68,0.6339830316448106
8199,68,0.5687433585024637
12433,68,0.703563949494336
13388,68,0.34131797245375284
15008,68,0.2737385024645597
18072,68,0.2585384546069826
21051,68,0.2387690087849855
22110,68,0.21275974237106077
24158,68,0.19911541932246013
2446,68,0.67568960369884
3298,68,0.694993803550687
4200,68,0.6682413502407235
6051,68,0.6151916787948974
7122,68,0.5661169387874612
9294,68,0.49758850534162363
10364,68,0.5188320054071459
11406,68,0.5191633186317924
15013,68,1.2449824700642624
18077,68,0.4720145899686082
18917,68,0.47808831589621764
22115,68,0.4039619399231768
25031,68,0.2541759021298015
25856,68,0.7983474144899075
27857,68,1.5069357371037868
3303,68,1.146831394087081
4205,68,0.6252107841397637
5208,68,0.616919257195594
6269,68,0.9679970377988215
8209,68,1.3465713731767517
9298,68,0.22595333168729825
11410,68,0.5426784281293203
27967,68,0.14360499458109918
27981,68,0.49990923229773265
28051,68,1.083075566106544
16225,68,0.8617539603383606
17045,68,0.7194471612189218
18921,68,0.5967891031424138
19987,68,0.5188265173539727
21060,68,0.44150814291493834
27918,69,0.021037367578890638
8211,69,0.02443701207850794
9083,69,0.021894049351735233
28125,69,0.01848702064325677
20418,69,0.0152303312944429
5210,69,0.0141153927720009
6057,69,0.01567398719339005
7130,69,0.013712059772963643
7997,69,0.013306011970324457
9087,69,0.015351285005905574
9948,69,0.01864426343701541
18291,69,0.01376694871035205
18922,69,0.015042122621120804
19776,69,0.014420805912432196
20849,69,0.015249352077392473
21908,69,0.017239413564588912
3482,69,0.021904475318021935
4019,69,0.020635573162094818
4798,69,0.013458512972365206
5849,69,0.014105879713212638
7136,69,0.012691577846727468
8002,69,0.01315096461298837
9092,69,0.01516860931366861
10161,69,0.0188405435258835
11204,69,0.019429423909120863
12238,69,0.016172026153623235
16840,69,0.015184759398882355
17874,69,0.014156657399050629
18716,69,0.016760335372094076
19565,69,0.014319596965724967
21913,69,0.017272034950728814
22961,69,0.024451791829088177
2451,69,0.02355366468297378
3131,69,0.05485981545311323
4023,69,0.021391371340505852
5007,69,0.014224919437477652
5853,69,0.013608559592670858
6925,69,0.01321651485849376
9097,69,0.014458979936316254
10167,69,0.015055028897304224
11209,69,0.015161032138804813
12241,69,0.01564456726110448
13218,69,0.015330308650227518
14012,69,0.014176880568765293
16843,69,0.01508743160308699
1745,69,0.013079904237483264
2293,69,0.04914470634600907
3135,69,0.08633504870124442
4028,69,0.01511177956713272
27900,69,0.01368950890312546
7146,69,0.020788201982943372
8012,69,0.014222326353727294
1645,69,0.02086363044949243
3141,69,0.08584182566683946
7150,69,0.022774366161653545
9111,69,0.020422692897461587
12255,69,0.025246146715700496
1279,69,0.04400913371817687
11228,69,0.06206940542790577
12260,69,0.022716393968751292
14836,69,0.057480460661292816
17899,69,0.19835693780549826
21937,69,0.05396967003210569
1191,69,0.06382987832188086
5032,69,0.025613657493778814
10193,69,0.014401560404648791
11233,69,0.019709665336589514
28017,69,0.02681145689900126
13243,69,0.015620579855625916
18744,69,0.12822693310910008
19810,69,0.07919873165169089
4833,69,0.02571435042931257
6096,69,0.08730862146127041
12270,69,0.027869024106333806
18749,69,0.1253850808664434
20888,69,0.07563892487728235
22995,69,0.049897942985144314
861,69,0.13261270789110313
13253,69,0.05337211517685716
788,69,0.09871789986899289
14856,69,0.05290179463597905
24021,69,0.12304681142462422
582,69,0.1755535815116613
6111,69,0.018231134930464226
7185,69,0.018238732404088638
15865,69,0.07044185103796252
25078,69,0.12007054891785487
6974,69,0.018224076591087022
15870,69,0.09540848355589845
24914,69,0.09850635414050768
25754,69,0.1339902899880347
27093,69,0.15275466039816568
8061,69,0.10040431540324263
15875,69,0.07219773205234464
25760,69,0.1655261886241562
305,69,0.2804257903330764
7200,69,0.018720352976408405
8065,69,0.10536125141375068
15880,69,0.07269179265390191
26316,69,0.19342255067993866
26733,69,0.21109905624993863
27338,69,0.241831244284187
259,69,0.28323165521491855
8289,69,0.1420724341834329
9161,69,0.21502121905074362
17944,69,0.12098597711701048
27108,69,0.21590194237497606
266,69,0.30370803671937396
270,69,0.3062229471332134
10449,69,0.251006756909623
11283,69,0.24783311697263063
17953,69,0.093942335913908
18794,69,0.1328721777678296
27402,69,0.3075808949094656
113,69,0.39479047023352054
17958,69,0.13394028784511341
18799,69,0.0977250085157659
27608,69,0.3106099144865535
234,69,0.3800792919392348
13301,69,0.06913641375732442
19654,69,0.11738525887438402
27127,69,0.3006383574123519
27411,69,0.30211797842759264
27674,69,0.25397623511231626
44,69,0.5137572937781741
11711,69,0.2548772638036137
27313,69,0.296095723285534
27723,69,0.25127633566865915
16,69,0.5780547452036188
12334,69,0.24910206877298735
13312,69,0.17781135033141776
27468,69,0.29308751711297837
27623,69,0.2578293236971883
27795,69,0.1940587298481467
7,69,0.6093965313984541
103,69,0.491032361359628
508,69,0.335108302713878
847,69,0.2718654842860805
12339,69,0.3531362339096641
19884,69,0.11081042261476733
27809,69,0.27453341197564607
2,69,0.6015914304807269
299,69,0.35784631123583716
12344,69,0.371223433397432
13322,69,0.43179836057309134
14115,69,0.1816096620191551
22231,69,0.27681466148681433
27633,69,0.32162388410583853
6,69,0.5800788579590298
112,69,0.483023385782178
258,69,0.4371385454835192
1275,69,0.17391964359374903
2541,69,0.1927677975954807
13326,69,0.10184793120933977
17988,69,0.40427191727466044
21180,69,0.34769544578563444
22025,69,0.33649552794410836
27638,69,0.38169716526914005
2385,69,0.1696307729516902
11322,69,0.22862097143114227
13331,69,0.3399381389141205
15732,69,0.2838276620279477
17993,69,0.487560070136073
18834,69,0.5038017362781705
22031,69,0.31697977877111777
23079,69,0.18595856440045386
27607,69,0.05957596962179406
2390,69,0.2052273171882925
14130,69,0.3290192706405589
22036,69,0.40165186380924056
27869,69,0.19091609190659292
2394,69,0.21268832911705376
4127,69,0.18793012552337274
13341,69,0.2578645544861904
15944,69,0.18828408674960265
3230,69,0.24402323236410706
14945,69,0.33859142761734606
15949,69,0.1431598841996537
3235,69,0.24025700770784916
18013,69,0.2940220487616833
4141,69,0.162985931621542
18017,69,0.2861857956492861
20996,69,0.5836406188921491
25487,69,0.06290611529544278
2557,69,0.38737133004357893
3244,69,0.3703362941894605
4146,69,0.2486111694565393
4941,69,0.2527610919774272
18022,69,0.15528462760009284
19928,69,0.20015609554818875
21002,69,0.18050470665099702
22060,69,0.16872978791252274
24976,69,0.4176307391344831
2396,69,0.5908267920048356
5154,69,0.26506713158243883
18027,69,0.22398880810786212
19933,69,0.11797948118298623
22065,69,0.30751050752379755
6219,69,0.3494173156176525
9249,69,0.16941963376533195
10319,69,0.19361154845005785
16996,69,0.2960478910127247
19938,69,0.11211601038121509
21011,69,0.23043714611446406
22071,69,0.15227807552388467
2406,69,0.6667877630251733
3259,69,0.4582420365380785
6224,69,0.3090026348633945
18037,69,0.1523985422458432
18877,69,0.16062593313585216
19944,69,0.16662156149283405
21016,69,0.17939165229204845
22075,69,0.24516252074085282
23123,69,0.21886304068768106
24991,69,0.3676767900355124
2411,69,0.6586246478340181
3089,69,0.46142933956849247
4166,69,0.4734747032916926
8169,69,0.2594617343323905
10538,69,0.2528865456680486
11371,69,0.28443226970709595
18882,69,0.1756658600181687
20163,69,0.1931105795817501
21021,69,0.2319543966692471
23337,69,0.2538372545699948
2416,69,0.43787517131507114
5174,69,0.4967477144089763
9264,69,0.3439959201958426
22085,69,0.23716502323951358
3274,69,0.5710496689281808
6239,69,0.44126096612861515
14989,69,0.23950104480176582
21031,69,0.3010083073354187
1962,69,0.9044626812689643
2426,69,0.61489941211616
3279,69,0.5804507795350022
9274,69,0.40358972028339396
22095,69,0.2578299479694125
25011,69,0.31094925086388053
2431,69,0.29949596061117306
4186,69,0.586334695402313
5189,69,0.6756501714565778
6248,69,0.538557975410424
8189,69,0.5176016825892832
14998,69,0.05816848783489083
22100,69,0.2514163041660863
23148,69,0.22153287402869623
24148,69,0.24711421681204793
25016,69,0.22610741643692142
1845,69,0.4627505581164087
2436,69,0.3697484417393147
4190,69,0.26850477390821964
8413,69,0.09121138561037942
10354,69,0.5082327729080502
21046,69,0.24624007085966584
23153,69,0.30787233804466907
2441,69,0.33616863894004034
3119,69,0.2575681485542182
7117,69,0.24896461699151548
8199,69,0.26581737726226673
12433,69,0.36623922560449024
13388,69,0.5555431821787747
15008,69,0.21597937140545004
18072,69,0.06101294037835686
22110,69,0.38732448422786686
24158,69,0.3195811189832172
2446,69,0.34045792007794945
4200,69,0.23791686077506738
6051,69,0.21493114614878778
7122,69,0.23289227804264792
9294,69,0.2368017607733916
10364,69,0.39524388995736476
11406,69,0.40360197134357206
15013,69,0.33881129377372865
18917,69,0.2643880211476102
22115,69,0.33790130619911907
25031,69,0.1438140694452741
25856,69,0.6510785503586891
27857,69,1.0125339719078779
3303,69,1.0214644678176525
4205,69,0.3440676061361771
5208,69,0.22308173123170008
6269,69,1.1936643388519317
8209,69,1.2079179400716884
9298,69,0.18805376799913642
11410,69,0.4037305641154005
27967,69,0.28928715361308943
28051,69,0.26119168738584797
16225,69,0.5159535779267835
17045,69,0.45973380530262253
18921,69,0.3832093402290243
19987,69,0.7261916124386746
21060,69,0.6165804271595506
24166,69,0.20852988348483475
27918,70,0.02853016518811308
8211,70,0.03468073912994157
9083,70,0.03191131774089316
28125,70,0.029213393393373508
20418,70,0.03074072953979511
5210,70,0.02200493935959405
6057,70,0.021821971325152602
7130,70,0.02224058774862993
7997,70,0.022774137355652636
9087,70,0.025698878999558732
9948,70,0.02798290616081204
18291,70,0.03170432510879281
18922,70,0.03548127195007066
19776,70,0.035922622037273706
20849,70,0.03889283194128793
21908,70,0.03756458224627252
3482,70,0.026641340703717015
4019,70,0.02365707309131333
4798,70,0.02066105944706953
5849,70,0.02026407779628868
7136,70,0.021546358711986915
8002,70,0.0228752249230094
9092,70,0.025035185400048135
10161,70,0.02808331921509042
11204,70,0.028732043306535962
12238,70,0.027443481041942393
16840,70,0.02419181034121316
17874,70,0.023942964407315418
18716,70,0.03637470631023445
19565,70,0.03531224828904278
21913,70,0.043089386343522336
22961,70,0.047597258336617855
2451,70,0.021857776858243444
3131,70,0.03214089871389387
4023,70,0.027800949270372573
5007,70,0.023583213120328378
5853,70,0.02285261795662223
6925,70,0.025247766933438238
9097,70,0.025422015229713924
10167,70,0.026578380683589035
11209,70,0.02780600403262292
12241,70,0.02773313132359799
13218,70,0.024108460630171375
14012,70,0.023679070874325855
16843,70,0.029233224307343562
1745,70,0.016761888460641285
2293,70,0.1013533472220313
3135,70,0.04969184405367204
4028,70,0.0261524135319977
27900,70,0.025131034291170414
7146,70,0.030667972360296867
8012,70,0.0270413178934516
1645,70,0.07270729621599456
3141,70,0.06849607088436414
7150,70,0.029351689793343082
9111,70,0.09904958939948735
12255,70,0.05095791894857618
16858,70,0.11167924160178999
1279,70,0.04773119110622313
11228,70,0.11624800344795376
12260,70,0.07132380379296828
17899,70,0.25128762067709115
18951,70,0.1271152663034678
21937,70,0.0996382423866798
1191,70,0.0826607191721011
5032,70,0.02413393599637869
10193,70,0.02658780384371209
11233,70,0.042473007132286904
28017,70,0.055777452531443554
13243,70,0.039550580166762724
18744,70,0.17028773764529673
19810,70,0.17239322268232063
4833,70,0.013198115673691243
6096,70,0.042400489938856034
18749,70,0.09213434417384571
20888,70,0.02764072605000071
22995,70,0.17178116708889343
861,70,0.08872697377949663
13253,70,0.02934438879925521
24016,70,0.08070756510808899
788,70,0.0900068499959788
14856,70,0.06094982916917611
24021,70,0.05018328160242221
582,70,0.12758723842653524
6111,70,0.019285734708511224
7185,70,0.018486507273616257
15865,70,0.040475851942999574
25078,70,0.05078917033123786
6974,70,0.01866578298326897
15870,70,0.019221841261735904
24914,70,0.05114976407058847
25754,70,0.09467052889114688
27093,70,0.27283358310738914
8061,70,0.027465300482436148
15875,70,0.06979170734636961
25760,70,0.15445301183124954
26312,70,0.18880913889907747
305,70,0.14977822559357812
8065,70,0.043883445697866244
15880,70,0.04623393514548579
26316,70,0.18702471221459555
26733,70,0.18112391738012562
259,70,0.1609877748299606
8289,70,0.061681372248808757
9161,70,0.051136272048979456
17944,70,0.06448666417360442
27108,70,0.1848002494183178
266,70,0.187384008559338
270,70,0.14436161335317851
10449,70,0.07522203523393853
11283,70,0.015192699354284701
17953,70,0.06816317112507214
18794,70,0.05883579876437439
113,70,0.2641407522612767
10246,70,0.05201111902653893
17958,70,0.0694589789286952
18799,70,0.08143746434706679
27608,70,0.2645222163286054
234,70,0.10184186903676395
13301,70,0.03483952316295905
19654,70,0.14002627871464884
27127,70,0.26389215901030205
27674,70,0.19723574724013676
44,70,0.27740394286738906
27313,70,0.2507800674158911
27723,70,0.21516975749672582
16,70,0.3517612814048124
12334,70,0.12734760675246357
13312,70,0.1251722394119156
27623,70,0.32412241481153325
27795,70,0.17934129521356218
7,70,0.43737359535472564
103,70,0.24619654078332162
847,70,0.18604947314386652
12339,70,0.16349453744680773
19884,70,0.2650082023949104
27426,70,0.23585999847847258
2,70,0.5096018269645987
299,70,0.3792172184689551
13322,70,0.2228932821060871
14115,70,0.22176131792845782
22231,70,0.15265787006776865
27633,70,0.06401804478484131
27814,70,0.12964696285916133
6,70,0.5353541010319097
112,70,0.5611269899789949
258,70,0.5125149792413368
1275,70,0.35487729819758834
2541,70,0.14712430027334397
13326,70,0.3644126743770644
17988,70,0.044521710779302975
18828,70,0.1755564458929621
21180,70,0.23502774796167547
22025,70,0.1958849375395534
27638,70,0.13875343646919022
11322,70,0.22574722576332532
13331,70,0.11725166704814208
15732,70,0.14126967794650702
17993,70,0.1384634516448406
22031,70,0.044043228331998176
23079,70,0.0775699156745883
27607,70,0.08413139316764635
14130,70,0.08184133660453652
22036,70,0.3200401424538256
27869,70,0.26397226814662633
2394,70,0.2462016013594165
13341,70,0.05836008614368643
15944,70,0.10899167042983551
3230,70,0.2544459549896194
15949,70,0.30000091912732235
3235,70,0.17196095640173079
18013,70,0.3448304173880975
4141,70,0.12125894668743971
18017,70,0.2655331166718761
20996,70,0.41222942430055504
25487,70,0.019183970978008166
2557,70,0.32034305288436615
3244,70,0.1548622434231109
4146,70,0.13376984394505292
4941,70,0.18079663867824264
7283,70,0.2541528493964328
18862,70,0.42957111603210935
19928,70,0.5214555587958069
21002,70,0.5184042546961755
22060,70,0.6889579967006899
24976,70,0.21189155493655829
3250,70,0.16212524136609058
5154,70,0.1939791909626743
18027,70,0.09751690435979911
19933,70,0.5304098847715945
22065,70,0.5315088835336624
6219,70,0.25248930308975415
9249,70,0.35784099036721057
10319,70,0.09847560445080569
16996,70,0.12810251314912377
19938,70,0.5141649491179244
22071,70,0.4343255785987539
2406,70,0.4412292383034155
3259,70,0.2583235685650852
6224,70,0.3239624350172882
18037,70,0.12358563997190576
18877,70,0.19253841578966926
19944,70,0.44547291469601186
21016,70,0.3864507973850788
22075,70,0.3398177173533473
23123,70,0.30403744499722957
24991,70,0.36262749721422005
2411,70,0.3989837860582107
3089,70,0.33325852491323044
4166,70,0.30308771923860484
8169,70,0.46869870781550216
10538,70,0.2620109324672936
11371,70,0.04663368017634884
18882,70,0.1385759102307864
20163,70,0.2765780813227107
21021,70,0.36223534356453746
23337,70,0.3115092173121568
2416,70,0.4368867033182212
5174,70,0.3605577547320596
9264,70,0.49839059676439107
22085,70,0.3262284297178773
6239,70,0.43705879649844287
14989,70,0.41649125092172806
21031,70,0.3547800220329327
23138,70,0.2469893709322111
2426,70,0.4075082291394831
3279,70,0.5081588369917089
4181,70,0.5204572842421904
8401,70,0.46088620354632964
22095,70,0.35403241000609137
25011,70,0.22100247469222908
2431,70,0.1692281139266796
4186,70,0.5395350743139916
5189,70,0.4709604621866353
8189,70,0.5115505081101784
14998,70,0.12903747744000982
22100,70,0.2196945665769259
23148,70,0.22389227886883936
24148,70,0.18786884788006564
25016,70,0.1859532639808115
1845,70,0.4325744039963133
2436,70,0.14769257228116855
4190,70,0.09480275537532629
4985,70,0.07422178307308207
8413,70,0.28576954942426513
10354,70,0.5602904933184021
21046,70,0.2734994165426578
23153,70,0.544374839972238
24153,70,0.4648907544461299
2441,70,0.10795415912319808
3119,70,0.05642191294949647
4990,70,0.14788553033264923
7117,70,0.2048127809998474
8199,70,0.30596266073843104
11401,70,0.3066758163256884
12433,70,0.3065526037757148
13388,70,0.2511203940746273
15008,70,0.3409422661986635
18072,70,0.07331048985371452
22110,70,0.5444547005839414
24158,70,0.4764273098912216
2446,70,0.09300428376348195
4200,70,0.12271625986599079
6051,70,0.11569303584956012
7122,70,0.11738291245233652
9294,70,0.2717162060444974
10364,70,0.1019129311486847
11406,70,0.07663148410459782
15013,70,0.3800158313848387
18917,70,0.5463684497526221
22115,70,0.30791893928811515
24163,70,0.40655215320028465
25856,70,0.47736628367795475
27857,70,0.9808839485063422
3303,70,0.9947403677990938
5208,70,0.30544797632833454
6269,70,1.1870068829283595
8209,70,1.1045102017409636
9298,70,0.16711996147390087
11410,70,0.088887125996772
27967,70,0.24463676167752202
28051,70,0.6980704015465271
16225,70,0.3753717534452982
18921,70,0.13549014153001987
19987,70,0.7116520717777706
21060,70,0.627254334244495
27918,71,0.036705825488059736
8211,71,0.043845705611838905
9083,71,0.04063564509272994
28125,71,0.0404037169573255
20418,71,0.04080028359966842
5210,71,0.024872728499875516
6057,71,0.027381371178424027
7130,71,0.033185035338294186
7997,71,0.034725311012866814
9087,71,0.03981787068623652
9948,71,0.041280900542463805
18291,71,0.04470544387561005
18922,71,0.04827848067002759
19776,71,0.04854051228695122
20849,71,0.051271210308834095
21908,71,0.05042681527744685
3482,71,0.024810097493918243
4019,71,0.021989420848857393
4798,71,0.022342162777069657
5849,71,0.024901920516192538
7136,71,0.03250238406534039
8002,71,0.034771061085977766
9092,71,0.03976433138650234
10161,71,0.04121368524186374
11204,71,0.04014054602956351
12238,71,0.037917573348129854
16840,71,0.04219200584101667
17874,71,0.04012733809748373
18716,71,0.050824810245329075
19565,71,0.0489189364815124
21913,71,0.05615458737767709
22961,71,0.062187835929035346
2451,71,0.030962929556764537
3131,71,0.054499934660403516
4023,71,0.025086439123944808
5007,71,0.02528517850726834
5853,71,0.0249604779729439
6925,71,0.03444837602347211
9097,71,0.03930801739038226
10167,71,0.04006142963432103
11209,71,0.03970701389055703
12241,71,0.038625595737914326
13218,71,0.036372324464386596
14012,71,0.03667858242996525
16843,71,0.046176578435078705
1745,71,0.042462758471612926
2293,71,0.024664249038506142
3135,71,0.10467302679072547
4028,71,0.03293376586203917
27900,71,0.03901071016110717
7146,71,0.034746655449219614
8012,71,0.0366071752140904
1645,71,0.02761874731186222
3141,71,0.02846519168274966
7150,71,0.03465324914085758
4037,71,0.03356808491064114
9111,71,0.05380243477382267
12255,71,0.061188949138069014
16858,71,0.16764640704725364
1279,71,0.04757243386297488
11228,71,0.0653121065115081
12260,71,0.06588798217071297
17899,71,0.16206123872833889
21937,71,0.020288104470594266
1191,71,0.029480438210538897
5032,71,0.009119515792400447
10193,71,0.11552410231534914
11233,71,0.06748168530361101
28017,71,0.07672633701917406
13243,71,0.06717087624161161
19810,71,0.08350201183981118
4833,71,0.0050467717508552055
6096,71,0.03988005658237417
18749,71,0.03217810717420641
20888,71,0.0580914330803909
22995,71,0.08999601122271986
861,71,0.05675590267387925
13253,71,0.051496902668806556
788,71,0.05463680694741312
24021,71,0.1297845218196422
582,71,0.09130320565229993
6111,71,0.03040946968250737
14861,71,0.034893460433817636
15865,71,0.007958979445704659
520,71,0.08939020124152441
6974,71,0.020960459294162542
15870,71,0.041581456860307404
24914,71,0.13614304105989986
25754,71,0.13601579262713137
27093,71,0.019933184686780906
464,71,0.11939733357648791
8061,71,0.03637327055455272
15875,71,0.10972645780696012
25760,71,0.13386439566815198
305,71,0.2162234837533685
8065,71,0.030644453136823777
15880,71,0.061948823630829875
26316,71,0.1321573544577381
26733,71,0.13365466536378076
259,71,0.22818064576096547
8289,71,0.010207901244031809
9161,71,0.0289963982775046
17944,71,0.15588068025999255
266,71,0.2011504348651672
8075,71,0.020072146286704513
17949,71,0.13023371816608306
270,71,0.22305882846720795
10449,71,0.01485106258271174
11283,71,0.018313591059531613
17953,71,0.07628221752039309
18794,71,0.1365853966164078
113,71,0.28110181074144547
10246,71,0.02048727502524263
17958,71,0.07491944429471471
18799,71,0.10796371878061063
27608,71,0.16707386970264193
234,71,0.2906526895006502
13301,71,0.13634910335708786
19654,71,0.1339362469910385
27674,71,0.23636439232280512
44,71,0.33452027288187586
12124,71,0.1821269278810267
27313,71,0.1873538623152309
27723,71,0.315287200163132
16,71,0.4891047097289734
12334,71,0.13608082530241838
13312,71,0.16229497811683363
27623,71,0.24340227916166543
27795,71,0.25137566557381663
7,71,0.48471137532897896
103,71,0.46683757023781686
847,71,0.2348148699285801
12339,71,0.21743892250548746
19884,71,0.1085478616814227
2,71,0.49992804644230826
108,71,0.5131709216067998
299,71,0.2928308780782552
13322,71,0.18679687252794613
14115,71,0.23663174218181562
22231,71,0.09451440767825302
27633,71,0.15782039935522654
27814,71,0.09639382195029211
6,71,0.5508619657218146
112,71,0.4576137114219278
258,71,0.404466801098966
1275,71,0.2739276049595255
2541,71,0.22411937873590812
13326,71,0.2220754045020743
17988,71,0.11822333058763318
18828,71,0.12950487409590306
21180,71,0.07046283237913463
22025,71,0.09799494539974953
27638,71,0.20710009226266457
15732,71,0.24713524649138763
17993,71,0.10004992697010291
22031,71,0.08741260759005683
23079,71,0.08169978351434912
27607,71,0.09663757781799946
14130,71,0.038740108497731005
22036,71,0.07017157496646834
27869,71,0.38649464696088753
2394,71,0.3098575973244609
13341,71,0.03072134255748012
14135,71,0.08336374943246529
15944,71,0.21568630173345965
3230,71,0.36040356274033897
14001,71,0.18235102721647709
15949,71,0.3625095690080368
3235,71,0.040517285715003064
18013,71,0.5068508723851404
22051,71,0.17659666185852446
4141,71,0.04896371085220988
15958,71,0.4247994059660802
20996,71,0.38398949246096664
25487,71,0.2103865688308122
2557,71,0.3124813106183565
3244,71,0.1301717633331657
4146,71,0.1469478851310316
4941,71,0.1340166711271122
18862,71,0.5084170019664459
24976,71,0.07473526539303182
3250,71,0.20713957897524188
5154,71,0.20059626262194546
18027,71,0.5279220158799323
19933,71,0.47826130912282244
22065,71,0.6338964215033773
4156,71,0.1965247109605239
6219,71,0.28456393841617555
9249,71,0.17401898615154918
10319,71,0.024243381670441207
15973,71,0.21040028656172025
16996,71,0.34291163392826096
19938,71,0.4935844984662583
22071,71,0.5406561142849124
2406,71,0.6232250205794233
3259,71,0.2532647455960077
6224,71,0.3371476815154623
7082,71,0.37469019320893715
18037,71,0.3288534448916049
18877,71,0.4877338251179667
19944,71,0.46449047292167794
21016,71,0.5078519603084921
22075,71,0.44940984216195334
23123,71,0.5087839529872351
24991,71,0.062270069750521365
2411,71,0.4843548940646277
3089,71,0.33550140906044473
4166,71,0.3078070905699225
11371,71,0.07963820990881791
21021,71,0.43175841778690194
23337,71,0.536245988871246
2416,71,0.43897535520054853
4171,71,0.3306928115131949
9264,71,0.5139387482948959
22085,71,0.3971696409568257
12413,71,0.08165540333566179
14989,71,0.3148895307873914
23138,71,0.23697911994742532
2426,71,0.40280272731881317
3279,71,0.3603758448895728
8401,71,0.45914076191344194
22095,71,0.19722639186698526
25011,71,0.07776458072298517
1967,71,0.32261299739898114
2431,71,0.17922311041625827
4186,71,0.38920173212346915
5189,71,0.37156535331649354
7107,71,0.41410379624594346
8189,71,0.43432763522032636
14998,71,0.11391958923380564
22100,71,0.20380216135641954
23148,71,0.19078227809110876
24148,71,0.09161879836341258
1845,71,0.3596727809457544
2436,71,0.17371711424810446
4190,71,0.11870058713427672
4985,71,0.14344683661111743
7113,71,0.11936787314744655
8413,71,0.27431564424408067
9502,71,0.5171684859020874
10354,71,0.5078224734188903
21046,71,0.1485974673808416
23153,71,0.11456864519780838
24153,71,0.044879765701889285
2441,71,0.2340025104092853
3119,71,0.26829609665073817
4990,71,0.20527715917926256
7117,71,0.12697995895770248
8199,71,0.28245390709539764
10359,71,0.05497827570726491
12433,71,0.07459252342392649
13388,71,0.2436636701113161
15008,71,0.014182665370139963
22110,71,0.13215006873772353
24158,71,0.047178300942050805
2446,71,0.3050147124437098
4200,71,0.2598810663437665
6051,71,0.13008159958111473
7122,71,0.1209486902171273
9294,71,0.1888747427643935
10364,71,0.06248326494051239
11406,71,0.08865967114861271
15013,71,0.16119876633766753
18077,71,0.2232685766912488
18917,71,0.10389208821022203
22115,71,0.348273231234957
23163,71,0.2781678870512773
25856,71,0.402995227012494
27857,71,0.9959923240289477
3303,71,0.9494084613022032
5208,71,0.24433855818178712
6269,71,1.0458702515954454
8209,71,0.9180882005092008
9298,71,0.38743802364082736
11410,71,0.09708941620210315
27967,71,0.39312435982116817
27981,71,0.34872463065970954
28051,71,0.666566841525959
16225,71,0.5952575056498267
18921,71,0.26187315163351316
19987,71,0.5032308878604592
21060,71,0.42133419678805195
27918,72,0.025463490548361507
8211,72,0.030246070521282854
9083,72,0.027661069274393935
28125,72,0.022642300195404634
20418,72,0.01875823503046594
5210,72,0.02375321075512229
6057,72,0.022615401270954592
7130,72,0.021628856426789914
7997,72,0.022308152192247337
9087,72,0.025217760909887085
9948,72,0.026303172661854213
18291,72,0.019120002688929657
18922,72,0.020654842053003677
19776,72,0.02077195718432602
20849,72,0.02265981205256702
21908,72,0.02336727405785337
3482,72,0.028011142823536672
4019,72,0.02607258593958024
4798,72,0.023063186272394696
5849,72,0.02105597919543281
7136,72,0.021294889767797708
8002,72,0.02257639024425996
9092,72,0.02491339056309964
10161,72,0.026146954848737042
11204,72,0.026837053014825495
12238,72,0.024770036153710654
16840,72,0.02309991172984407
17874,72,0.021136914010086952
18716,72,0.022388724700934788
19565,72,0.020952063029689817
21913,72,0.026187276892226906
22961,72,0.03107577231103027
2451,72,0.035201657624492635
3131,72,0.0929200536645086
4023,72,0.02799945658775073
5007,72,0.02320261579668583
5853,72,0.02193495046886151
6925,72,0.02408585730878914
9097,72,0.02408958291174008
10167,72,0.02440044570406344
11209,72,0.024322655899889044
12241,72,0.02389715769739251
13218,72,0.02287206131715139
14012,72,0.022762918372574256
16843,72,0.023495776926482807
1745,72,0.02317289843678652
2293,72,0.08085878445694382
3135,72,0.028744326284157032
4028,72,0.0932931506453931
27900,72,0.023648899841284366
7146,72,0.024045662186545483
8012,72,0.024365552795384424
1645,72,0.02662546785759298
3141,72,0.037513066699127046
7150,72,0.02401194578794483
9111,72,0.023217830395118568
12255,72,0.02575879538571128
16858,72,0.03290541532540044
1279,72,0.026186250913703094
11228,72,0.05079705831469554
12260,72,0.05505847169201944
13237,72,0.0530484861002014
17899,72,0.025686112070641916
21937,72,0.10464247306456351
1191,72,0.02381758823463033
5032,72,0.05007427774967876
10193,72,0.018504519403187526
28017,72,0.05701291601931219
13243,72,0.16775821486620307
17904,72,0.055512047399810915
19810,72,0.10202629162706375
4833,72,0.0565690788502134
6096,72,0.047799102647696615
18749,72,0.10886751536255546
20888,72,0.13314191856786614
22995,72,0.19143594228868938
861,72,0.09478087462440683
13253,72,0.0892709230640811
788,72,0.12912714686456042
24021,72,0.18892928153684957
582,72,0.1793215728611484
15865,72,0.11253660190990533
24026,72,0.18550479799720498
6974,72,0.09349764302580779
15870,72,0.11902812498871237
24914,72,0.1933257683093343
27093,72,0.07529936880204345
8061,72,0.12610244657466999
15875,72,0.11898325575821385
25760,72,0.13139860995587108
305,72,0.34101096546966253
8065,72,0.15542089679506424
15880,72,0.16624239377547562
16903,72,0.11633795742867417
26316,72,0.19172273214402863
26733,72,0.07709616039687493
259,72,0.3758580255704344
8289,72,0.15467056418283676
9161,72,0.18908333241706413
17944,72,0.15554025784838607
266,72,0.44469453038111323
8075,72,0.1860205953258847
17949,72,0.11650151497809264
270,72,0.5108090191655827
11283,72,0.25974809697246504
17953,72,0.14879513532798763
27402,72,0.2962930431849101
113,72,0.5081162963370364
10246,72,0.2936692952438527
11287,72,0.22409770393694842
17958,72,0.14981270196377813
18799,72,0.14957660831144282
27608,72,0.1396408645412881
234,72,0.5777759302149856
13301,72,0.19096846477164245
19654,72,0.1836890180772287
27411,72,0.3116183134237624
27674,72,0.19971500946115753
44,72,0.5669573245342827
11711,72,0.18091390356830991
27313,72,0.1859512116979017
27723,72,0.30015970947143567
16,72,0.5396630921977157
12334,72,0.22180114906733706
13312,72,0.19225713267336372
27623,72,0.26451436188902083
27795,72,0.18116495122954
7,72,0.529495406332642
103,72,0.5178762763892313
847,72,0.335607580908819
12339,72,0.1907011815272608
13317,72,0.19347688594359302
17978,72,0.15140287330586313
19884,72,0.18529129813867704
2,72,0.5193255099445432
108,72,0.4537384745164603
299,72,0.37375779952280186
13322,72,0.10901182529687098
14115,72,0.12342002721467986
22231,72,0.14868153707530196
27633,72,0.17383428873122656
27814,72,0.19071129171076176
6,72,0.4228033526410699
112,72,0.38000782287173857
258,72,0.3634370628884063
1275,72,0.2796285472290056
2541,72,0.13610745796330065
13326,72,0.0837973630774827
17988,72,0.13871081954597764
21180,72,0.11411396479227336
22025,72,0.13859590577725714
27638,72,0.16200476388582835
2385,72,0.0857216771715292
15732,72,0.1461882855488859
17993,72,0.1383726358238871
22031,72,0.052280744757239185
23079,72,0.06455656954192843
27607,72,0.15241877715495095
14130,72,0.179551764696902
22036,72,0.09301221285451287
27869,72,0.20896268320661265
2394,72,0.30655941870814424
4127,72,0.19683901206551285
13341,72,0.06979040747836542
14135,72,0.15894329899316728
15944,72,0.027594783095010664
3230,72,0.29004871145672756
14001,72,0.18268578956619763
15949,72,0.03548938698717634
3235,72,0.12201610773087944
18013,72,0.13981226363641824
22051,72,0.12438746622634643
2721,72,0.2806983743233437
4141,72,0.23968847334103296
20996,72,0.1332459115213496
25487,72,0.20068261617927904
2557,72,0.5239978526688851
3244,72,0.34892131494480827
4146,72,0.3082106527926105
4941,72,0.29386291691533717
18022,72,0.08093550106081693
18862,72,0.1281184042547605
24976,72,0.1550947310847554
5154,72,0.3239564570769452
18027,72,0.10870544116885265
22065,72,0.09948294219500996
3254,72,0.3661107946854595
4156,72,0.3913917600650111
9249,72,0.17206992962120704
10319,72,0.11585148284475526
15973,72,0.12315143161278237
16996,72,0.08128198410172295
19938,72,0.090544638906871
22071,72,0.13205508350079934
2406,72,0.5909390835390251
3259,72,0.45916035039384906
6224,72,0.4570697303230507
8164,72,0.13032510481116186
18037,72,0.11457925757058797
19944,72,0.12224298907418658
21016,72,0.059454911831944596
23123,72,0.1110088476386326
24991,72,0.43591650946449506
2411,72,0.5250674161425058
21021,72,0.1130538685114263
23337,72,0.10041012038998852
2416,72,0.5452579018922004
4171,72,0.4888151033591708
9264,72,0.2521809776257866
22085,72,0.10084070035000985
12413,72,0.11584068103147219
14989,72,0.1586359191975839
23138,72,0.2489135599493332
1962,72,0.7032839848118821
2426,72,0.4388834537566718
3279,72,0.512816937202973
8401,72,0.4251435657534551
22095,72,0.11206117235967145
23143,72,0.26710584627471423
25011,72,0.3437824144631056
2431,72,0.22023652638368724
4186,72,0.5342808881020584
5189,72,0.4306511879224046
6248,72,0.44527470382590095
7107,72,0.40789292540305483
8189,72,0.426285098675435
14998,72,0.41873768807397616
22100,72,0.28758578558536474
23148,72,0.25845016463204307
24148,72,0.322370534872079
1845,72,0.1413559650518181
2436,72,0.2614395736841854
4190,72,0.2767798982762086
4985,72,0.3318454369551451
7113,72,0.40378265750880593
8413,72,0.22640395521871037
9502,72,0.49123797868002794
10354,72,0.5642493503842626
21046,72,0.2838824015179019
23153,72,0.36230158634827375
2441,72,0.30056592579283525
3119,72,0.3263474984813184
7117,72,0.36285987243665885
8199,72,0.5228271540842339
10359,72,0.4780015038051836
12433,72,0.3648500831183807
13388,72,0.7532623944265578
15008,72,0.4809438338012813
22110,72,0.3105211314308701
24158,72,0.3945805138972289
1741,72,0.61741172851484
2446,72,0.31657319835864234
4200,72,0.33934054982128714
6051,72,0.22448771639147266
9294,72,0.4512210539579433
10364,72,0.4759146256467232
11406,72,0.5084901269655506
15013,72,0.33440665563884
18077,72,0.3323096430002975
18917,72,0.43980863550842103
22115,72,0.3513346194078086
25856,72,0.5224669453583732
27857,72,0.34608249650812833
3303,72,0.975529687387075
4205,72,0.2436807244509574
5208,72,0.3206064306057041
6269,72,0.8480416790228026
9298,72,0.22386300036772322
11410,72,0.5894737968138799
27967,72,0.3473318635287825
28051,72,0.4265223246793891
16225,72,0.40153235993816866
17045,72,0.3650642108268318
18921,72,0.36513273162968923
19987,72,0.409744437246954
21060,72,0.3974621112384151
27918,73,0.03379177057234749
8211,73,0.03891716753427594
9083,73,0.0368281574565324
28125,73,0.031131561657635958
20418,73,0.028612440225476744
5210,73,0.020358084703560292
6057,73,0.022469617903957
7130,73,0.03060431384297732
7997,73,0.03199186123487118
9087,73,0.037476774988770965
9948,73,0.03920328666493784
18291,73,0.030263876392429126
18922,73,0.031269593420541975
19776,73,0.030016923445329906
20849,73,0.031105745039706825
21908,73,0.03295930776097263
3482,73,0.017166915921448193
4019,73,0.014852166699131489
4798,73,0.017867424231932428
5849,73,0.020849313010340816
7136,73,0.030041039872838966
8002,73,0.03191222065490784
9092,73,0.03713727350856205
10161,73,0.03933733567924727
11204,73,0.037339276980564724
12238,73,0.03252917384492381
16840,73,0.0376660231475302
17874,73,0.03437537891676766
18716,73,0.033043948535297143
19565,73,0.030944146818237702
21913,73,0.03401970328583182
2451,73,0.019017003660259307
3131,73,0.05273398832730367
4023,73,0.01833226383961534
5007,73,0.022344657838988532
5853,73,0.022698134487158433
6925,73,0.030352171499984988
9097,73,0.03466508869045632
10167,73,0.036178549690693174
11209,73,0.033194760854064614
12241,73,0.030746270670236376
13218,73,0.03335709615916035
14012,73,0.03377575904679615
1745,73,0.022849796497824107
2293,73,0.033482258868920686
3135,73,0.06313793828131245
4028,73,0.048181787096824545
27900,73,0.02774272194909926
7146,73,0.04627498531675976
8012,73,0.03617351405075955
1645,73,0.028141141082207097
3141,73,0.02724145488919036
7150,73,0.04010215422493807
9111,73,0.1194613661989424
12255,73,0.1972738070922388
16858,73,0.07526834231534536
1279,73,0.04888914557414038
11228,73,0.1932371493931527
12260,73,0.19725417110944907
13237,73,0.1892630217885368
17899,73,0.08424433976765884
21937,73,0.13901034533325649
1191,73,0.043525362711736654
5032,73,0.04707661023436957
10193,73,0.12466178135472368
28017,73,0.20027810616963304
13243,73,0.18998738229482579
17904,73,0.0711263232178773
19810,73,0.12981584557857043
4833,73,0.11886616398530608
6096,73,0.047172122907047406
18749,73,0.1036722107649103
20888,73,0.20726398388239065
22995,73,0.19116174860986546
861,73,0.19118159158809284
24016,73,0.11485827523313445
788,73,0.18793413105555165
24021,73,0.12760495252525159
582,73,0.2632742971398417
15865,73,0.18787231093568174
24026,73,0.10338549772514107
25078,73,0.07108391234733819
6974,73,0.15589155274103286
15870,73,0.18890591185001504
24914,73,0.14623255775229935
27093,73,0.10024307639970934
8061,73,0.15323371318919987
15875,73,0.16139142381343946
25760,73,0.1421675524794099
305,73,0.25999968863037515
15880,73,0.1685129944079287
16903,73,0.16239542466098358
26316,73,0.14668498503333738
26733,73,0.09044813793306349
259,73,0.26231576771986653
8289,73,0.1429366069266764
17944,73,0.12881665315919907
27108,73,0.03790208668125724
266,73,0.32681662177979204
8075,73,0.14263757314153586
270,73,0.29059195372969543
11283,73,0.08520788623557794
17953,73,0.18351768874602062
113,73,0.3054604013462659
11287,73,0.11849536836066954
17958,73,0.1555850847213567
18799,73,0.1306219676656832
27608,73,0.19896368254387795
234,73,0.29018310256161006
12324,73,0.08261135087308798
13301,73,0.15163795843440472
19654,73,0.11229719903718947
27127,73,0.2067820845734261
27411,73,0.2657947798141807
27674,73,0.23455722028946738
44,73,0.3390703015498161
11711,73,0.1115561730878028
19874,73,0.11222592026763652
27313,73,0.22641590363227335
27723,73,0.15020059292439092
16,73,0.3872616707214585
12334,73,0.11168372851137114
13312,73,0.1137909826886797
17973,73,0.18405703417883532
27137,73,0.20581632808636835
27623,73,0.111273613865968
27795,73,0.10474377760912361
7,73,0.4246642142787682
103,73,0.44423535773444545
847,73,0.2937504524789844
12339,73,0.11079539809283095
13317,73,0.11983248885295054
19884,73,0.1078640271610701
27809,73,0.10694334271296686
2,73,0.46296368082410244
108,73,0.5235292496293927
299,73,0.37154973814591885
13322,73,0.08287528492985786
14115,73,0.08333741623858033
22231,73,0.11335583144642965
27381,73,0.1070592781290146
27633,73,0.13629548166378563
27814,73,0.10857948206023496
6,73,0.49473257350973343
112,73,0.4055586883988517
258,73,0.40138674073706965
1275,73,0.3804222602149424
2541,73,0.10971794282663296
13326,73,0.10360823614738986
17988,73,0.17182467085775324
21180,73,0.10891046543674833
22025,73,0.10862555147802669
27436,73,0.19198525856853577
27638,73,0.1064694230542516
2385,73,0.19500560556320362
15732,73,0.20753768364028818
17993,73,0.22837342115504117
18834,73,0.24712849176359208
22031,73,0.1088678793735628
23079,73,0.14526145463955722
14130,73,0.13654909657554964
22036,73,0.15529883446450685
27869,73,0.36645804225326517
2394,73,0.29095570580600877
4127,73,0.18375404224799927
14135,73,0.15953376332504887
15944,73,0.17669081928598274
3230,73,0.37839595511186735
15949,73,0.16730166308261113
3235,73,0.1085068285507798
18013,73,0.030303106772108998
22051,73,0.12748577145260775
2721,73,0.282261773292913
20996,73,0.042575162484439565
25487,73,0.2888631967569106
2557,73,0.45017809529674635
3244,73,0.18983439753938533
4146,73,0.1835485602461869
4941,73,0.15590856497559902
18862,73,0.1433827327416664
19928,73,0.04174930130789112
21002,73,0.04760266243818162
24976,73,0.24306263714205711
5154,73,0.22709089896054788
18027,73,0.035018456056356916
22065,73,0.11238566558289716
3254,73,0.2990684333586326
5159,73,0.28402615821439653
7077,73,0.1180918292444053
10319,73,0.183273185507953
15973,73,0.16567470975072865
16996,73,0.21080400197447527
22071,73,0.11372023406510193
2406,73,0.40871738921351825
3259,73,0.26074873626395456
6224,73,0.2994283777510096
8164,73,0.07866938682114313
18037,73,0.10130217668315805
19944,73,0.053778048393488216
21016,73,0.20769213971080558
23123,73,0.1369943436628415
24991,73,0.13248666284981767
2411,73,0.27059001543642136
21021,73,0.0763462829045814
23337,73,0.13768047373790243
24128,73,0.21580185820486025
2416,73,0.3401447268075178
6234,73,0.31547957077894906
9264,73,0.2238338621812353
22085,73,0.21941204346595325
6239,73,0.3105248190405208
12413,73,0.2585095262145632
14989,73,0.06839976529011743
23138,73,0.160707006252294
2426,73,0.2666337343132173
3279,73,0.3309012066872147
22095,73,0.2354518218884102
25011,73,0.2680377847465424
2431,73,0.2485727014462286
4186,73,0.32731622144369793
5189,73,0.3219079344072916
6248,73,0.33973168257659014
8189,73,0.32590828131927957
14998,73,0.2185611884326516
22100,73,0.09538247165213541
23148,73,0.23466262255100076
24148,73,0.22737590406073266
25016,73,0.226081479022894
1845,73,0.1294665719217759
2436,73,0.20219421626311204
4190,73,0.27402875804336246
4985,73,0.24304113181999093
7113,73,0.23657652055220743
8413,73,0.32398436290102295
9502,73,0.34565469567538515
10354,73,0.38106055666873057
21046,73,0.0528146370544326
23153,73,0.1224735947328645
2441,73,0.24730356924338567
3119,73,0.3253576052911068
8199,73,0.217047253033766
10359,73,0.2876854477003611
11401,73,0.26979179967356226
13388,73,0.5375418535457683
15008,73,0.2812549090318993
21051,73,0.14695121259814564
24158,73,0.19603972972642067
2446,73,0.25628338335221623
4200,73,0.29938576781425524
6051,73,0.2750590931432423
9294,73,0.12052884180100727
10364,73,0.17548194514199036
11406,73,0.3103251031523333
15013,73,0.22145589457139483
17040,73,0.3045845481047275
18077,73,0.274248185593801
18917,73,0.2608938585587085
22115,73,0.21870951062914237
24163,73,0.2281548287071124
25856,73,0.3026932096335197
27857,73,0.5076423311221675
3303,73,0.9326083620002669
4205,73,0.2872950918801251
5208,73,0.3331303332437354
6269,73,1.0371301515693556
9298,73,0.30963286870534174
11410,73,0.21878043896167992
27967,73,0.4963625029414045
28051,73,0.4352479309940387
16225,73,0.46292708051228443
17045,73,0.46246999356371776
18921,73,0.3283064332579061
19987,73,0.3456488119637613
21060,73,0.20867982041112035
25860,73,0.3185436463429028
27918,74,0.03396297682272479
8211,74,0.038801801232704304
9083,74,0.03671777885503655
28125,74,0.033115713547631036
20418,74,0.033012361161766146
5210,74,0.019540510291735837
6057,74,0.022263505734516957
7130,74,0.030740469113364245
7997,74,0.03125219384221864
9087,74,0.036223245168205166
9948,74,0.03774757436885548
18291,74,0.033396108858950044
18922,74,0.035504606317292645
19776,74,0.03354340144218793
20849,74,0.036095950010034565
21908,74,0.036569566969160604
3482,74,0.015317826937922906
4019,74,0.013560822867412337
4798,74,0.017834550985669908
5849,74,0.02161316758435961
7136,74,0.030050347002549313
8002,74,0.031185426954872066
9092,74,0.03615441022224275
10161,74,0.03798174043382273
11204,74,0.03752842754114672
12238,74,0.03300484036812792
16840,74,0.03571716636425464
17874,74,0.033851452894961144
18716,74,0.036211706767659106
19565,74,0.035246123076618695
21913,74,0.03947641267050634
2451,74,0.01970907039905234
3131,74,0.03941254693671395
4023,74,0.016560772735607274
5007,74,0.024636922809087997
5853,74,0.026431681311479036
6925,74,0.031496605627279385
9097,74,0.035204334764930394
10167,74,0.03628498524888843
11209,74,0.03391682657026313
12241,74,0.032278455456308294
13218,74,0.03385276922015371
14012,74,0.03407794254764946
1745,74,0.019871638467408467
2293,74,0.03692203691707355
3135,74,0.08667217443696555
4028,74,0.025709860837637842
27900,74,0.03025997281713569
7146,74,0.03158123702379915
8012,74,0.04987179835501114
1645,74,0.02564742503645417
3141,74,0.04614812676419643
7150,74,0.0496655971856818
8016,74,0.038378183876149836
9111,74,0.060015227086833114
12255,74,0.05250460469869652
16858,74,0.07044720642505342
1279,74,0.054127873530478224
11228,74,0.06708820335922364
12260,74,0.0724299325476275
17899,74,0.12093981127682454
21937,74,0.13049858229746503
1191,74,0.018038781314715834
5032,74,0.04084864812054363
10193,74,0.06867994764292233
11233,74,0.06465049423811157
28017,74,0.10803529605399242
13243,74,0.056868543707274316
17904,74,0.14499495647403263
18744,74,0.1271028459303146
19810,74,0.12054195477751711
4833,74,0.042213714193704635
6096,74,0.05150216225340199
18749,74,0.11584597899925127
20888,74,0.1572237675273505
861,74,0.025987342449602727
24016,74,0.1539008669309672
788,74,0.028386344866940187
24021,74,0.1548714200394372
582,74,0.04785866350440831
15865,74,0.11926759005020181
25078,74,0.19379472513640528
6974,74,0.04755265838403876
15870,74,0.12120949099874359
24914,74,0.21821510131382316
27093,74,0.25745859634246004
464,74,0.07784175989442947
8061,74,0.06473986544224783
15875,74,0.11886288583187606
305,74,0.18629940016418306
15880,74,0.1228553312517739
16903,74,0.14933929209651642
26316,74,0.21055259301998938
26733,74,0.2725262774719203
259,74,0.1907179657053844
8289,74,0.08667279601520321
17944,74,0.15186774124723385
27108,74,0.30179266505439856
266,74,0.17761100778148683
8075,74,0.06690677793414128
270,74,0.20888508386690005
11283,74,0.13833467508119104
17953,74,0.15652768433035852
18794,74,0.15485751945572887
113,74,0.30887129868463387
11287,74,0.1167001726084438
17958,74,0.1914209882252566
18799,74,0.12132783786038544
27406,74,0.21087039537329771
27608,74,0.2307900541984775
234,74,0.23995479915317386
13301,74,0.12662327065574636
19654,74,0.19166813313448683
27127,74,0.1934105037412307
27411,74,0.19149711803502115
27674,74,0.19532228151445202
44,74,0.34199276629381575
12124,74,0.12851743200921614
19874,74,0.1912585464929747
27313,74,0.19703082142141584
27723,74,0.19352315170248016
16,74,0.34922504539221577
12334,74,0.13287833389870943
13312,74,0.128453791311193
27623,74,0.19468704901637554
27795,74,0.18408464610595765
7,74,0.3819190696595704
103,74,0.2802281963415293
847,74,0.2756369349726025
12339,74,0.1258319328142064
13317,74,0.15152796482509093
19884,74,0.2165101411729117
27809,74,0.11417899503334751
2,74,0.3879229608727711
108,74,0.2435277349527022
299,74,0.30924205279598255
13322,74,0.09637944116135434
14115,74,0.09777679607103384
22231,74,0.13062356444847978
27633,74,0.12667717241501003
27814,74,0.18714961245601835
6,74,0.3832952782165226
112,74,0.3854652805115144
258,74,0.36701704073302616
1275,74,0.23014706682329825
2541,74,0.1572817319021137
13326,74,0.1845476075634274
17988,74,0.16404398913707852
21180,74,0.21454116232649859
22025,74,0.13262447439691843
27436,74,0.1875775520788516
27638,74,0.1901670177199366
2385,74,0.17037675829776902
15732,74,0.2796823520046783
17993,74,0.22145149999384908
22031,74,0.20404515292097147
23079,74,0.07063365916860123
14130,74,0.3077794221435905
22036,74,0.21509300782697588
27869,74,0.25549118199917525
4127,74,0.09870950611332215
14940,74,0.2834684392693155
15944,74,0.28542140656757564
3230,74,0.2965588206307673
14945,74,0.27430561385943014
15949,74,0.33577912206206934
3235,74,0.2652162711937617
14950,74,0.2416309958591733
18013,74,0.3682123387950178
22051,74,0.18868893990124327
2721,74,0.36010981864518343
18017,74,0.40604476544172236
20996,74,0.3543751354834718
25487,74,0.12057370937549473
2557,74,0.46665787256638536
3244,74,0.3549534633185902
4146,74,0.3808044648171865
4941,74,0.32150611518640065
18862,74,0.43728504064161394
21002,74,0.32301192144929314
24976,74,0.136355004047949
2396,74,0.4906857060919983
5154,74,0.3644840901547911
18027,74,0.4723654054725143
19933,74,0.31114249382630543
22065,74,0.19811784439445967
3254,74,0.4498001251650621
6219,74,0.3647457764438318
10319,74,0.12705080568993507
16996,74,0.33523719296653515
22071,74,0.196317211049451
2406,74,0.5647180973517274
3259,74,0.5493910796333799
6224,74,0.4513750497269242
18037,74,0.4143436861466247
19944,74,0.31967073089465486
21016,74,0.23065657628224542
22075,74,0.15775835769804641
23123,74,0.18141235079116294
24991,74,0.2717532689495759
2411,74,0.5302439593739309
21021,74,0.25867033298064285
23337,74,0.2084069719492683
24128,74,0.05328821019573874
2416,74,0.5437590951049799
5174,74,0.6018124500548163
9264,74,0.42445238152842035
22085,74,0.1965363891678703
3274,74,0.6341224390924045
6239,74,0.6322142151913897
12413,74,0.192476664160241
2426,74,0.6499947767506103
3279,74,0.7051699366878209
22095,74,0.1551517454111493
25011,74,0.2859693002838803
1967,74,0.7300935525655875
2431,74,0.6993094888411792
4186,74,0.7346765887678045
5189,74,0.6880305713063106
6248,74,0.7102392070962978
8189,74,0.6613101623127725
14998,74,0.17305355785265863
22100,74,0.32072534582373186
23148,74,0.19198630449249215
24148,74,0.252617509287575
25016,74,0.2283750584216293
1845,74,0.7003228407888366
2436,74,0.7973619113359912
4190,74,0.7235833714028154
4985,74,0.7575823310873099
8413,74,0.7247685397201951
9502,74,0.5960053071445162
10354,74,0.5458748361560923
21046,74,0.1621964275554579
23153,74,0.2836161961798621
24153,74,0.2209679799103497
2441,74,0.8189207247522116
3119,74,0.8576903119481465
8199,74,0.7422794009903623
13388,74,0.29274321311642265
15008,74,0.2544301496620723
21051,74,0.34260560589616745
24158,74,0.2188424920167583
2446,74,0.9189177979013737
4200,74,0.918731188261249
6051,74,0.7954373787681144
7122,74,0.8715191187933515
9294,74,0.6733535348665248
10364,74,0.5158650886105994
11406,74,0.5390001638673579
15013,74,0.3218807504165894
17040,74,0.228541051472063
18077,74,0.18083353828495022
18917,74,0.2275449734917066
22115,74,0.27664115742748724
24163,74,0.25118643265876434
25031,74,0.3332415537229611
25856,74,0.3319978411928979
27857,74,0.8831045787682759
3303,74,0.9464658853882536
4205,74,0.9122922941757884
5208,74,0.8781489180098764
6269,74,0.9351624585130429
9298,74,0.7531197102154595
11410,74,0.5282233648700201
27967,74,0.5091180651301573
28051,74,0.28798207219999583
16225,74,0.294746003349256
17045,74,0.2932198025101817
18921,74,0.2543560060685959
19987,74,0.26289356155553545
21060,74,0.2550723898014991
24166,74,0.3854892665686042
25860,74,0.3716977001056133
27918,75,0.035686731262243324
8211,75,0.038637394451155584
9083,75,0.03349590377833729
28125,75,0.031053351036166136
20418,75,0.03219387554915404
5210,75,0.025796507436686777
6057,75,0.031119731817030354
7130,75,0.030043949933099872
7997,75,0.03026813322654097
9087,75,0.032676228525606144
9948,75,0.0330980653020114
18291,75,0.03041247685799058
18922,75,0.03191267240262327
19776,75,0.03090582310589806
20849,75,0.0343059071196905
21908,75,0.0368292809485569
3482,75,0.01427754347704939
4019,75,0.013218447323575248
4798,75,0.021681006354086072
5849,75,0.029546410660535562
7136,75,0.02897764363317161
8002,75,0.02959467309848054
9092,75,0.033257616950926404
10161,75,0.032493231870062075
11204,75,0.03538169537134429
12238,75,0.029715063677784686
16840,75,0.0313022870561719
17874,75,0.030175199859992948
18716,75,0.03186229362995608
19565,75,0.031249187143530005
21913,75,0.03740355617853665
2451,75,0.01709525643328656
3131,75,0.040856609661148506
4023,75,0.01538660279437167
5007,75,0.025042529290014194
5853,75,0.02666091814184901
6925,75,0.029275699583474857
9097,75,0.0318328198679007
10167,75,0.031722684286878966
11209,75,0.028402205852125342
12241,75,0.028961852150071042
13218,75,0.03131569623820005
14012,75,0.03183333445555475
1745,75,0.041359904819224656
2293,75,0.08088398045630137
3135,75,0.05685805620568891
4028,75,0.037507968664839145
27900,75,0.028814849922448166
7146,75,0.044718925181302056
8012,75,0.09507847463105709
1645,75,0.03352560370256763
3141,75,0.031745517113885534
7150,75,0.09933361218965985
8016,75,0.09904418844768936
9111,75,0.1770777051007146
12255,75,0.1287230650063821
1279,75,0.02873131968190435
11228,75,0.19921741004818982
17899,75,0.2684932325342208
21937,75,0.046775018820397044
1191,75,0.024585138969568845
5032,75,0.05123088620720918
10193,75,0.09132392748796762
11233,75,0.19745952691468374
28017,75,0.20887317295931823
13243,75,0.14790004460018297
17904,75,0.15229227359109554
18744,75,0.2127748372922322
19810,75,0.20600795402899105
4833,75,0.05146168591358014
6096,75,0.07268912776828172
11238,75,0.1167725865422743
18749,75,0.17951701709589002
20888,75,0.10802472116459289
861,75,0.05077972279615858
24016,75,0.1817277466093712
788,75,0.047985506577067356
14856,75,0.22399936283160501
23005,75,0.14530666482257779
24021,75,0.14601281505034833
25073,75,0.15188517266371077
582,75,0.08128273918203353
15865,75,0.1732581611701619
25078,75,0.14941699187069546
6974,75,0.06576939948796133
15870,75,0.19623624588713587
24914,75,0.14892295335810207
25754,75,0.1339880699378383
27093,75,0.1794507390563455
464,75,0.114066252716973
8061,75,0.11112226678642502
15875,75,0.17243191516969353
305,75,0.15305038414935568
15880,75,0.11671776320365866
16903,75,0.1235153759080645
26316,75,0.2544237832562406
26733,75,0.2076150696283017
259,75,0.15314361695180206
8289,75,0.11746185404029785
17944,75,0.1408928357437262
26321,75,0.21019795575044672
27108,75,0.25472104082827624
266,75,0.21846028767461198
8075,75,0.0596619233745278
17949,75,0.10633280547267154
270,75,0.18394858328697833
10449,75,0.08541400015215006
11283,75,0.07797061525195986
17953,75,0.11869845146787804
18794,75,0.11689707394328802
113,75,0.22750503560088595
10246,75,0.08502285932916685
11287,75,0.08278579317007953
17958,75,0.08577779295907124
18799,75,0.11902712910731092
27406,75,0.20895348444596698
27608,75,0.2013559127172225
234,75,0.21893341550203646
13301,75,0.15514225646348728
19654,75,0.1371155761338263
27127,75,0.18527467385119264
27674,75,0.10585494893823041
44,75,0.2966582809569873
19874,75,0.13721867325017664
27313,75,0.25886597040275805
27723,75,0.09873299879678929
16,75,0.37343444073070786
12334,75,0.09110494654987251
13312,75,0.13597669075841445
27623,75,0.12262421749644052
27795,75,0.0708124187476981
7,75,0.4102813258744173
103,75,0.3331999548307104
847,75,0.11474252683421522
12339,75,0.11453303133570802
13317,75,0.1536490513983213
19884,75,0.16129955450662326
27809,75,0.051865140627041596
2,75,0.4110097717490219
108,75,0.36967007082530434
299,75,0.2596956570726763
13322,75,0.14280294004117366
14115,75,0.1790749907992762
22231,75,0.2553577918152739
27633,75,0.1869272090439357
6,75,0.44569988737613914
112,75,0.33057387935304616
258,75,0.29323143024960663
1275,75,0.1787079381461496
2541,75,0.10414461049735285
13326,75,0.17462449782591544
17988,75,0.12564710024428513
21180,75,0.1357344923396044
22025,75,0.11400597430725277
27638,75,0.18748506583931623
2385,75,0.0992407244786692
15732,75,0.10570030200385001
17993,75,0.11252784275737668
22031,75,0.11909960578396836
23079,75,0.1757808906810639
27607,75,0.2763161635024239
14130,75,0.10490075616159246
22036,75,0.1031628750792025
27869,75,0.21266644215707617
4127,75,0.11437564443826817
13341,75,0.1253791114473052
15944,75,0.18109987724209528
3230,75,0.22144447368194164
14001,75,0.15883250062888668
15949,75,0.20158683850547315
3235,75,0.2474101157884096
18013,75,0.23257671682477274
22051,75,0.15946936825962268
23099,75,0.13780764742107007
2721,75,0.2521205323648182
20996,75,0.16427633889131085
25487,75,0.17627033810116524
2557,75,0.29675717782931854
3244,75,0.42130301500807765
4146,75,0.3523648861264086
4941,75,0.3190521733521755
18862,75,0.16260101967490204
24976,75,0.16926545238579052
2396,75,0.4077522215693963
3250,75,0.4429254407545147
5154,75,0.3541041516967997
18027,75,0.26502875026306444
19933,75,0.29234869668139934
22065,75,0.19643738407304265
2401,75,0.49266605866539287
3254,75,0.5085208216428518
9249,75,0.07738021823890083
10319,75,0.06441554672780682
16996,75,0.29914670678745253
19938,75,0.3073827787655199
21011,75,0.27215588571148175
22071,75,0.30624721263481913
2406,75,0.5035432054543054
3259,75,0.5470155188645588
6224,75,0.44441843365128136
18037,75,0.4110927258372712
19944,75,0.34363581330627574
21016,75,0.3432729043243317
23123,75,0.26482643315075266
24991,75,0.2583484652261783
2411,75,0.5117650176269869
7087,75,0.44206102638615763
18882,75,0.4470669373109077
21021,75,0.3415364153736993
23337,75,0.26073088638801384
2416,75,0.5866542609550065
4171,75,0.6092315099258151
5174,75,0.6107581121746722
9264,75,0.35005350629676085
22085,75,0.38849193587667763
3274,75,0.6966500312163847
12413,75,0.1274793843114745
1962,75,0.6248594633846563
2426,75,0.7280814022502514
3279,75,0.691276126167723
22095,75,0.40462471122177757
25011,75,0.2164401610168666
1967,75,0.6483038026033714
2431,75,0.7601783043619569
4186,75,0.7259007688242547
5189,75,0.6997162975345168
6248,75,0.6356221506576182
7107,75,0.6384280877502166
8189,75,0.5470604636979217
14998,75,0.1813402906379109
22100,75,0.4019802680389239
23148,75,0.33277855931705475
24148,75,0.32668566921072106
25016,75,0.37733253117339777
1845,75,0.7127087680892089
2436,75,0.8141441145934035
4190,75,0.7554086135609317
4985,75,0.7144699372451757
6039,75,0.6805636186744389
8413,75,0.5982484097291316
9502,75,0.5872114778334856
10354,75,0.573437765262942
11396,75,0.5279821658873685
21046,75,0.36580089141272354
23153,75,0.33385158332249226
2441,75,0.8530808157608569
3119,75,0.8792495537553286
8199,75,0.6560144382844907
12433,75,0.5007189336009249
13388,75,0.31381501463800116
15008,75,0.19931709593677685
21051,75,0.2951073384578318
24158,75,0.33288107977166115
1741,75,0.7649962763025477
2446,75,0.8595213087668585
4200,75,0.7924777210241176
6051,75,0.7235501442368034
7122,75,0.7214033305054584
9294,75,0.7125998022862094
10364,75,0.5434718705023369
11406,75,0.4627264132898067
15013,75,0.25862981739458907
18917,75,0.21282341567952365
21056,75,0.3016063816772213
22115,75,0.33224293386144516
24163,75,0.3741440928995872
25031,75,0.3326026064883716
25856,75,0.3861961281519349
27857,75,0.8557267211739038
2288,75,0.7794456641104942
3303,75,0.7950899930393384
5208,75,0.7722916792969434
6269,75,0.8001235949352113
9298,75,0.7233397650411671
11410,75,0.5072014339602349
27967,75,0.4239210673831296
28051,75,0.27104923677687004
16225,75,0.2802956190814153
17045,75,0.2446096614845196
18921,75,0.27708481040285843
21060,75,0.2990634893320729
25860,75,0.34654620676151676
27918,76,0.026485744353886075
8211,76,0.027318737991723595
9083,76,0.027331606755129766
28125,76,0.027684297655998332
20418,76,0.02571571501853156
5210,76,0.03006245542390639
6057,76,0.029933785871067584
7130,76,0.027155541034563593
7997,76,0.028312071769034452
9087,76,0.02681956761433439
9948,76,0.029293508812370316
18291,76,0.025415413090713053
18922,76,0.026161941733743248
19776,76,0.026328207246271197
20849,76,0.02602934879590294
21908,76,0.02630008591313407
3482,76,0.03019597786076766
4019,76,0.030929013623297037
4798,76,0.0276771330376265
5849,76,0.027596955008413887
7136,76,0.02710182171018793
8002,76,0.02848521784643496
9092,76,0.027084094812749572
10161,76,0.030282814836802674
11204,76,0.02794434277746261
12238,76,0.02479834236392323
16840,76,0.02661845887793474
17874,76,0.025318837976814765
18716,76,0.02588374171165279
19565,76,0.02621061724665951
21913,76,0.027739937873251904
2451,76,0.04218191110191927
3131,76,0.0635310141926873
4023,76,0.02912278100398973
5007,76,0.027188159287409988
5853,76,0.026312088369623815
6925,76,0.024702212098627236
9097,76,0.026801905449615457
10167,76,0.02690871545503421
11209,76,0.024677330328452107
12241,76,0.023629892844580933
13218,76,0.02393832686101756
14012,76,0.024483206067764576
1745,76,0.06278209048117343
2293,76,0.03215547925315333
3135,76,0.016583942150235523
4028,76,0.017195928621941633
27900,76,0.024117809270955533
7146,76,0.09266004268227902
8012,76,0.02502928207811628
1645,76,0.05056951679424594
3141,76,0.02068172989317686
7150,76,0.02342689769037764
8016,76,0.021936567064844058
9111,76,0.16798398718965127
12255,76,0.12117998424879778
1279,76,0.056631263599753415
11228,76,0.2479361423964325
17899,76,0.11850565552553341
21937,76,0.039820596954062176
1191,76,0.02943419071532791
5032,76,0.022477060949213746
10193,76,0.02080794734444736
28017,76,0.2868753855647497
13243,76,0.04877701449786197
18744,76,0.12382414969548654
19810,76,0.19088176236001853
20883,76,0.07899314597380762
4833,76,0.01398165146804957
6096,76,0.025321907831843002
11238,76,0.02833836635571684
18749,76,0.07947995978843736
20888,76,0.09340765458911575
861,76,0.020949833658687227
14047,76,0.09956779810835284
24016,76,0.04929890247371635
788,76,0.018710044238981958
14856,76,0.07121869177035398
24021,76,0.03773638664797937
25073,76,0.03901948801325204
582,76,0.08705554660229572
14055,76,0.061921709426545034
15865,76,0.02040911125164201
25078,76,0.03873003076742608
520,76,0.08697743907407401
6974,76,0.014824784652500566
15870,76,0.06745217446136843
24914,76,0.021780222885529017
25754,76,0.10158680335934256
27093,76,0.07943013200861906
464,76,0.11976382103594324
8061,76,0.028423836675755113
15875,76,0.03834713387267867
25760,76,0.025660252433183758
305,76,0.127100558722116
7200,76,0.09151933518233257
15880,76,0.008894434446622383
16903,76,0.03221111906206784
26316,76,0.09821931502261964
26733,76,0.028813931215235136
27338,76,0.02867134669701964
259,76,0.13038595589527668
8289,76,0.04766468843238203
17944,76,0.040676255662049174
26321,76,0.0720772709710272
27108,76,0.12266826094261085
266,76,0.19979797595665727
17949,76,0.03509420458742741
270,76,0.2762496948518794
10449,76,0.047806250960813076
11283,76,0.06332166224051072
17953,76,0.04036020651549089
18794,76,0.08359872791014562
113,76,0.24927552753861146
10246,76,0.04682017834819311
11287,76,0.06453703404910775
17958,76,0.0596504563151454
18799,76,0.08524793845843281
27406,76,0.1971597975123467
27608,76,0.2364938310067614
234,76,0.26947498543626264
13301,76,0.01093639154920872
19654,76,0.04902361357575574
27674,76,0.127712423109599
44,76,0.32091610500902495
19874,76,0.08648500786122026
27132,76,0.12397406249405747
27313,76,0.15486245378753383
27723,76,0.1526876913648599
16,76,0.3968320362239586
12334,76,0.08291214066214728
13312,76,0.0613580454640918
27623,76,0.2234960240151525
27795,76,0.15912958894929108
7,76,0.41012651192576727
103,76,0.35707834045989917
847,76,0.12434018110006911
12339,76,0.04371919958366032
14110,76,0.014414656533021552
19884,76,0.07892360089365563
2,76,0.4803503821163052
108,76,0.42729085354673396
299,76,0.1751710227645341
13322,76,0.08757234180326963
14115,76,0.0887026501215897
22231,76,0.1314491262749322
27633,76,0.2310774220456812
6,76,0.4801544918767321
112,76,0.3464176311550469
258,76,0.2802111545870315
1275,76,0.22966071608405683
2541,76,0.055552339586955816
13326,76,0.08848997165876735
17988,76,0.04001138306725399
22025,76,0.1699520575078058
2385,76,0.07993573515824465
15732,76,0.07655351833953815
17993,76,0.07980542731136829
22031,76,0.16160228516034034
23079,76,0.17060740678126612
27607,76,0.13073199481454031
14130,76,0.18423564710410464
22036,76,0.1005529734453821
27869,76,0.17036850753639143
4127,76,0.04880324824431311
13341,76,0.1840810600633474
15944,76,0.13323117114131178
3230,76,0.20665203218934072
14001,76,0.11432018205703823
15949,76,0.14188546523286574
3235,76,0.24623922292733305
18013,76,0.14685190328716985
22051,76,0.2247221930781888
2721,76,0.30614795579579634
20996,76,0.23661019990586887
25487,76,0.22052476713316918
2557,76,0.32845962104688464
3244,76,0.34806987543411805
4146,76,0.36998199061678305
4941,76,0.3380009172146705
18862,76,0.23098525632016767
24976,76,0.21770563875452664
2396,76,0.3088406995670048
3250,76,0.41701183223985944
5154,76,0.37228840137678887
18027,76,0.19570152013980496
19933,76,0.22175426982822072
22065,76,0.29202136205427737
3254,76,0.45129360052985473
9249,76,0.11678228119779495
15973,76,0.25967473576428646
16996,76,0.2403247379725347
22071,76,0.32052985960386965
2406,76,0.41062834249874747
3259,76,0.4731697406554348
6224,76,0.5049220104609674
18037,76,0.18502504653227622
18877,76,0.14910178606370583
19944,76,0.1817238984239066
21016,76,0.26301660475746513
23123,76,0.3197987925398173
24991,76,0.1554032026543601
2411,76,0.5253497974183655
3089,76,0.5052931776510313
18882,76,0.1824471987406913
21021,76,0.25236456200637086
23337,76,0.31898147132526755
2416,76,0.5449327272097925
4171,76,0.5220961451835429
5174,76,0.4795807343229745
9264,76,0.16150146976414437
14984,76,0.22827734166494162
22085,76,0.3285323348558787
25826,76,0.24659249131200806
12413,76,0.10384661258342005
23138,76,0.3805592975275256
2426,76,0.6507244479237033
3279,76,0.6736131623692696
8401,76,0.5174541717420345
22095,76,0.32138878730222015
25011,76,0.3747911877757651
1967,76,0.6202458102198257
2431,76,0.7041737426403092
4186,76,0.6919435150822697
5189,76,0.6129372741361198
6248,76,0.5511352764198153
8189,76,0.49011483314739496
10349,76,0.4174811813773994
14998,76,0.1779845858538643
22100,76,0.3113131097608865
23148,76,0.39140162992287236
24148,76,0.3530577031161091
25016,76,0.3491138031079129
1845,76,0.6258534120742762
2436,76,0.7696905333942489
4190,76,0.7223611305781434
4985,76,0.6930380793278046
6039,76,0.5667294733247972
7113,76,0.5722156488191673
8413,76,0.4929659082235834
9502,76,0.4364186089949083
10354,76,0.42011278684966274
15003,76,0.20857212625074975
21046,76,0.41449946277246436
23153,76,0.41742878944252415
2441,76,0.8475339731308846
3119,76,0.7856801423977782
8199,76,0.5885948932979005
11401,76,0.4541480570686739
13388,76,0.3572433405634616
15008,76,0.21000311408016512
24158,76,0.4219433566129421
2446,76,0.8133751264882667
4200,76,0.7348886983958846
6051,76,0.7553653723845143
7122,76,0.6717430143181378
9294,76,0.5101586812613391
10364,76,0.48956328763639995
11406,76,0.42057602657657
12438,76,0.40247219557567127
15013,76,0.292672240422469
18917,76,0.2894621640745559
22115,76,0.4188245032450746
24163,76,0.38232287423141004
25031,76,0.41007250544831847
25856,76,0.4044203706700103
27857,76,0.7053054496227658
3303,76,0.7947962244420709
5208,76,0.7668719383693843
6269,76,0.7632706769962821
9298,76,0.6083516286649548
11410,76,0.4038979041943548
27967,76,0.417737418433067
28051,76,0.17673050691606698
16225,76,0.1758515897351958
17045,76,0.25070939067443154
18290,76,0.20860699599530155
18921,76,0.22470557442009362
21060,76,0.3864790239667556
27918,77,0.023064022651003515
8211,77,0.025288603578449947
9083,77,0.023747465348056343
28125,77,0.020624946130992656
20418,77,0.018186398065553132
5210,77,0.01720787136750181
6057,77,0.018658034488755963
7130,77,0.023637511525513685
7997,77,0.025160728599767052
9087,77,0.024455702885283596
9948,77,0.02276908425819318
18291,77,0.016948511299934146
18922,77,0.017430573389674006
19776,77,0.01623233714446817
20849,77,0.017058140655646193
21908,77,0.0180234030876687
3482,77,0.013046723625662728
4019,77,0.014392897577154128
4798,77,0.014244305826552492
5849,77,0.016350051854077022
7136,77,0.02332423067320872
8002,77,0.02528483045110678
9092,77,0.023918828840520958
10161,77,0.022406146853180157
11204,77,0.023788235893320853
12238,77,0.018203117745861155
16840,77,0.01874191760366166
17874,77,0.01832703683124983
18716,77,0.016935958128776293
19565,77,0.015926572590137918
21913,77,0.017066839795357613
2451,77,0.030199864036709774
3131,77,0.084801423760135
4023,77,0.01155177271450726
5007,77,0.01457131220533822
5853,77,0.014782184692391377
6925,77,0.01927977491013194
9097,77,0.021803820489426973
10167,77,0.021858922796178272
11209,77,0.018645599142344843
12241,77,0.017230675566360956
13218,77,0.014486806157969222
14012,77,0.014769870733861854
1745,77,0.024440566177469293
2293,77,0.0633607217744068
3135,77,0.07889172307048185
4028,77,0.013820560185413932
27900,77,0.015871321028056305
7146,77,0.05444726045108421
8012,77,0.02003051690110559
1645,77,0.06816315990071727
3141,77,0.04103318358258562
7150,77,0.01668335354196698
8016,77,0.018926218444690213
9111,77,0.1277674789316709
12255,77,0.13057869722850465
16858,77,0.052799035131789566
1279,77,0.01887847600356353
11228,77,0.12557927245985354
12260,77,0.13083089814009471
17899,77,0.01904604629536328
21937,77,0.13115779793813068
1191,77,0.023312440172023042
5032,77,0.018023680686830156
10193,77,0.12568459814111402
28017,77,0.17429147638815087
13243,77,0.06039898816753065
18744,77,0.020637370244139936
19810,77,0.019440140296446525
20883,77,0.0602396423178386
4833,77,0.02168524626204283
6096,77,0.05658598669662674
18749,77,0.057579913797891576
20888,77,0.06063545918452292
861,77,0.021876042641779957
14047,77,0.13296318128175877
24016,77,0.06272755717088754
788,77,0.02694019714760483
14856,77,0.09272299663465107
24021,77,0.06468294864589459
25073,77,0.026923376631816577
582,77,0.025998313878945113
15865,77,0.060194558846252987
25078,77,0.0922305307827134
520,77,0.027780239019002395
6974,77,0.052382629034452316
15870,77,0.024557073476074245
24914,77,0.09020769115024596
25754,77,0.09203414353747
27093,77,0.08877602927466052
8061,77,0.024209630676656164
15875,77,0.06061861066385664
25760,77,0.1610545478713471
305,77,0.05842512948905943
8065,77,0.09780715877054136
15880,77,0.0547428704328694
16903,77,0.052700046640462316
26316,77,0.18112442064129347
26733,77,0.09093516321389591
27338,77,0.12634469037356907
259,77,0.09529287033358966
8289,77,0.08770702544138273
15884,77,0.026101855000825826
17944,77,0.05401916006350491
26321,77,0.16120931113993148
27108,77,0.1509344489616676
266,77,0.17026871536593383
17949,77,0.05536019853076466
270,77,0.1702151535337807
10449,77,0.029571873557619838
11283,77,0.09371200763344145
17953,77,0.028574546418062008
18794,77,0.025193591851493852
113,77,0.24600573517066063
10246,77,0.059972888299429074
11287,77,0.09357781358084613
17958,77,0.07753213913395421
18799,77,0.057953896150802264
27406,77,0.09754363851514027
27608,77,0.16160716802064196
13301,77,0.0762792075875514
19654,77,0.10463642991757495
27411,77,0.10212956048308613
27674,77,0.21951566334093875
44,77,0.3271268490301338
12124,77,0.057949686289635455
27313,77,0.09337196854122845
27723,77,0.1725140659154712
16,77,0.33043435855991193
131,77,0.3308356032424828
12334,77,0.028898766914868007
13312,77,0.06026943742845732
27795,77,0.1559012699623568
7,77,0.36754297423807203
103,77,0.3189385476960046
847,77,0.09740506420003138
12339,77,0.05522955062390031
14110,77,0.10679731954263222
19884,77,0.12253767404604014
2,77,0.3680291092766449
108,77,0.3662359811706091
299,77,0.17810718863422165
1738,77,0.09468462537779684
13322,77,0.023001661217540204
14115,77,0.023476159735135345
22231,77,0.1635900498573219
27633,77,0.09866590302266857
27814,77,0.16032049940901616
6,77,0.4052580168374892
112,77,0.2957323992343203
258,77,0.2626467693909348
1275,77,0.12726056426038115
2541,77,0.020785179726180176
13326,77,0.13664961249920454
17988,77,0.08330124992341739
22025,77,0.18095439047380482
27818,77,0.10146744466846466
2385,77,0.054106880729106924
11322,77,0.083394404747747
15732,77,0.05205667934298317
22031,77,0.12184362670558488
23079,77,0.14225417978527893
27607,77,0.11261111581850951
14130,77,0.023444382505702507
22036,77,0.1742703288247845
27869,77,0.12675554841470157
2394,77,0.11337339722662697
3228,77,0.05746697870337506
4127,77,0.07963731659062122
13341,77,0.02243678411504288
14135,77,0.060558079398662853
15944,77,0.019102958716234762
3230,77,0.12380980231473675
15949,77,0.050180069251095354
3235,77,0.1656197496350606
18013,77,0.08458034092957517
22051,77,0.19840035004718426
2721,77,0.19213202295874032
20996,77,0.17467227288151413
25487,77,0.21358395334410002
2557,77,0.22315282961465271
3244,77,0.23075414267980057
4146,77,0.2336448520918442
4941,77,0.19178285364838016
16986,77,0.08539127711570073
18862,77,0.15810174519651293
22060,77,0.19296775432654634
24976,77,0.26224333356829543
2396,77,0.35137263159840926
5154,77,0.19224285285192733
9244,77,0.12328836142299042
18027,77,0.19313106363438798
19933,77,0.1950647746783218
22065,77,0.1535832849739874
3254,77,0.32442499807989267
6219,77,0.15811080897285756
9249,77,0.05705961387796357
15973,77,0.049983880118557485
16996,77,0.1202127993655174
22071,77,0.15420132816513005
2406,77,0.40343365018805505
3259,77,0.36246049450316126
6224,77,0.26374544601505806
8164,77,0.1534789693155842
18037,77,0.29242704959950794
19944,77,0.2661061626728695
21016,77,0.2232140696052117
22075,77,0.22590407947919636
23123,77,0.18876881130744746
24991,77,0.3471860095020511
2411,77,0.4284526093366834
3089,77,0.42416360692482186
21021,77,0.2231738618277431
23337,77,0.18659278951590041
2416,77,0.4397111422299533
4171,77,0.44056327134963835
5174,77,0.4138932947047736
9264,77,0.286864699561579
14984,77,0.025975354446564937
19953,77,0.2573621629282548
22085,77,0.2589917205602648
12413,77,0.026044935028663212
23138,77,0.2563606719628375
2426,77,0.560976207350307
3279,77,0.5241318214885876
4181,77,0.46957278852865586
8401,77,0.37094799810744855
22095,77,0.2572737152814262
25011,77,0.3191753465844828
1967,77,0.49733486772792296
2431,77,0.6424161771972547
4186,77,0.5172386999558787
5189,77,0.48488938279282995
6248,77,0.502710225680339
8189,77,0.5016668354895049
10349,77,0.3152018910309397
14998,77,0.19084918064379988
22100,77,0.2565408450169696
23148,77,0.2593218080272955
24148,77,0.25648819080083596
25016,77,0.3426297089474691
1845,77,0.5168384065939918
2436,77,0.6401319860515837
4190,77,0.5430186487535086
4985,77,0.5346411465649784
6039,77,0.5182588153840252
8413,77,0.5543973187712249
9502,77,0.4879518146588249
10354,77,0.3876564522871911
15003,77,0.11766045828906957
21046,77,0.21956617330183842
23153,77,0.26164609979147835
2441,77,0.7322463546346643
3119,77,0.7926044887913983
6259,77,0.5468123222685365
7117,77,0.5751412628330239
8199,77,0.5547034967186224
11401,77,0.3326425841959252
13388,77,0.19398444710226123
15008,77,0.18871198331684177
24158,77,0.3512996978465078
2446,77,0.7851296999344672
4200,77,0.8307697171574515
6051,77,0.6425798211942534
7122,77,0.5819531048707183
9294,77,0.5581836546046768
10364,77,0.35463202758514834
11406,77,0.35350129244917655
12438,77,0.3353743859059596
15013,77,0.15782508103041867
18077,77,0.15298153234551035
18917,77,0.18187631444594013
22115,77,0.2560453969501785
25031,77,0.37086594391366945
25856,77,0.3656693932472852
27857,77,0.7147744483760311
3303,77,0.6755968802573761
5208,77,0.6888343351005433
6269,77,0.615748544600843
9298,77,0.4993239984238474
11410,77,0.375350284307639
27967,77,0.2630675815451615
27981,77,0.2442885703393323
28051,77,0.16127758099083697
16225,77,0.17623113726754797
17045,77,0.156600780070801
18290,77,0.18813184752771925
18921,77,0.18701678332630298
19987,77,0.1853580425598612
21060,77,0.2610282284116587
24166,77,0.293727997380941
27918,78,0.02390637112574388
8211,78,0.02712266132062666
9083,78,0.026550410552229113
28125,78,0.018949205596962632
20418,78,0.018146281024118676
5210,78,0.015620298486582937
6057,78,0.01715437477800342
7130,78,0.023987622695107146
7997,78,0.026105685539387326
9087,78,0.026525672225452813
9948,78,0.02860556351421587
18291,78,0.017826149486998084
18922,78,0.01813002206548572
19776,78,0.016335208486931107
20849,78,0.01850252957652851
21908,78,0.01895960450568585
3482,78,0.013434013183418098
4019,78,0.011896790170366251
4798,78,0.012736088225942297
5849,78,0.0151423824727741
7136,78,0.023460242398589428
8002,78,0.026219748653536018
9092,78,0.026358089963862394
10161,78,0.030033882702102686
11204,78,0.02780135322915051
12238,78,0.022354196009709917
16840,78,0.018086495912380963
17874,78,0.017817652749229643
18716,78,0.018114599902662905
19565,78,0.016633611738812063
21913,78,0.018599316334232927
2451,78,0.018281171634242435
3131,78,0.05866200425682618
4023,78,0.01436910737894221
5007,78,0.017410653924306945
5853,78,0.01772083461468902
6925,78,0.023947842219605348
9097,78,0.026575842342067755
10167,78,0.027779998820571097
11209,78,0.024918727224849724
12241,78,0.02187939896852618
13218,78,0.015491327379860462
14012,78,0.01443614161478261
1745,78,0.019393736770226475
2293,78,0.03605009676906951
3135,78,0.07036451977151513
4028,78,0.02877425153595979
27900,78,0.021267713196433415
7146,78,0.023853855831035727
8012,78,0.029323684733869988
1645,78,0.03245433048618199
3141,78,0.018527113247322917
7150,78,0.049922519924262186
8016,78,0.047951040196779565
9111,78,0.052111059626239874
12255,78,0.05968535689210572
16858,78,0.020094070734624346
1279,78,0.021674583946048424
11228,78,0.12644367948111493
13237,78,0.1717103460098552
17899,78,0.05462659852223248
21937,78,0.05783836734687584
1191,78,0.01781888319951264
5032,78,0.013864707844994351
10193,78,0.035651281137439234
11233,78,0.13293933006769054
28017,78,0.20518966746540943
13243,78,0.05626737987229366
18744,78,0.05550317831342731
19810,78,0.05645822454269681
20883,78,0.06349003494664829
4833,78,0.023152604198263753
6096,78,0.019704365663922318
18749,78,0.020404440418203232
20888,78,0.0639987000149873
861,78,0.09357831122943724
14047,78,0.09040247956054727
24016,78,0.11934306590595323
788,78,0.12953658393444648
14052,78,0.08717471325098491
14856,78,0.12870085813750043
24021,78,0.06708034616254593
25073,78,0.09516399763358652
582,78,0.16634085247413194
15865,78,0.0603905785276253
25078,78,0.08980597940041253
6974,78,0.04235976447471248
15870,78,0.09671905685768156
24914,78,0.08935446687733758
25754,78,0.08774759507111006
27093,78,0.1197555059408092
8061,78,0.07799607356912885
15875,78,0.09734318633627465
25760,78,0.08704954811807362
305,78,0.16547096945167486
8065,78,0.06164204193779821
15880,78,0.06431682809368885
26316,78,0.0874356904648993
26733,78,0.18147207090109255
259,78,0.16286706425841357
8289,78,0.05406430206584302
9161,78,0.08676350129570212
15884,78,0.06375963088600714
17944,78,0.029300048664919247
26321,78,0.08777521769586584
27108,78,0.18123814336429422
266,78,0.13354560422584402
17949,78,0.02662060244011009
270,78,0.16798698175473373
10449,78,0.04111968397235056
11283,78,0.056099934146031184
17953,78,0.06553668728457569
18794,78,0.022006702271091926
113,78,0.12946117822394698
10246,78,0.06724516706681433
11287,78,0.03138609239115042
17958,78,0.06379008680584392
18799,78,0.030383557072214802
27406,78,0.09306595443329266
27608,78,0.09285874776295597
13301,78,0.03017562449529825
19654,78,0.05426334987860797
27411,78,0.12769360971292587
27674,78,0.02961406978210546
44,78,0.20419775739931345
27313,78,0.027156724617797705
27723,78,0.034942634788177544
16,78,0.24122112924895858
12334,78,0.03680181340735823
13312,78,0.030036009237992052
27795,78,0.029018789527774345
7,78,0.27817019480638744
103,78,0.2755089922789686
847,78,0.1356110675579453
12339,78,0.01971689261465737
14110,78,0.04608134192435462
19884,78,0.02063295286301616
2,78,0.3146866726834491
108,78,0.24211462696515396
299,78,0.1679380558159755
1738,78,0.027554291901894443
13322,78,0.023389254693993097
14115,78,0.025449189853649953
22231,78,0.05492753739018419
27633,78,0.10911815039994363
27814,78,0.026925783928801163
6,78,0.2831647095848598
112,78,0.21863870626711412
258,78,0.18308704348704088
1275,78,0.1328534652525545
2541,78,0.05516820594214788
13326,78,0.0677313363817714
17988,78,0.013651568139642837
22025,78,0.10191618084839116
11322,78,0.05307695652574547
15732,78,0.06210032398909981
18834,78,0.09769301089900706
22031,78,0.10149450837990157
23079,78,0.02645195034432483
27607,78,0.052342919753947476
14130,78,0.023292525340881526
22036,78,0.08611140289364964
27869,78,0.1220356106694345
2394,78,0.09548709445271907
3228,78,0.09096761998585395
4127,78,0.06202469891836523
13341,78,0.021730736795381816
14135,78,0.07562711146015377
15944,78,0.05534969467237826
3230,78,0.15635900651744372
15949,78,0.08794466001120997
3235,78,0.13724578562341225
4137,78,0.09182221623154894
18013,78,0.1554948633919282
22051,78,0.15405884461244856
2721,78,0.14332642945520407
18017,78,0.12408731662309022
20996,78,0.1937699291517507
25487,78,0.2590286480407693
2557,78,0.1651121403309699
3244,78,0.2846261748254132
4146,78,0.25198276523952523
4941,78,0.12076296565489272
18022,78,0.08861723622594148
18862,78,0.13466792389786933
24976,78,0.24035022810648551
2396,78,0.1951474140291447
9244,78,0.016461782097869936
18027,78,0.02535055553718209
19933,78,0.16014806518899113
22065,78,0.27054953362488104
2401,78,0.2865673831339064
3254,78,0.35804248087624013
10319,78,0.017957875178482473
15973,78,0.030441339137647648
16996,78,0.031374469448255435
18872,78,0.11506750599532929
19938,78,0.13658725663134197
22071,78,0.15812336490387344
2406,78,0.2991408610378254
3259,78,0.4213670445550761
6224,78,0.3105613277602955
18037,78,0.059689143583083026
19944,78,0.08556495439190996
21016,78,0.12097744671061851
22075,78,0.13724681464645686
23123,78,0.25192638953401114
24991,78,0.25510623396832877
2411,78,0.24787164084888544
3089,78,0.3752299125100533
7087,78,0.28871936750551874
21021,78,0.12012954706758042
23337,78,0.27843706864918405
2416,78,0.2362237338730385
4171,78,0.4260902799620125
5174,78,0.48538037069827383
6234,78,0.4724091676588193
9264,78,0.19149868729222602
14984,78,0.02855195779233105
15988,78,0.1596080587116113
19953,78,0.0850323184073541
21026,78,0.11803837416021905
22085,78,0.28429710881915277
24133,78,0.29727522473664747
3274,78,0.4206571378936232
12413,78,0.0916166312003878
18052,78,0.026223979960591472
23138,78,0.29405729263049
1962,78,0.3524853038030872
2426,78,0.45535791812802323
3279,78,0.4413880736113
4181,78,0.4073530395006189
6244,78,0.5186598595682784
8401,78,0.3232544891444715
22095,78,0.20160703403541827
25011,78,0.2765531688396391
1967,78,0.39918619691843854
2431,78,0.5570423220284362
4186,78,0.40832251050673757
5189,78,0.44358811077009974
6248,78,0.5048499212508383
8189,78,0.4289491941109226
10349,78,0.3005813516895336
14998,78,0.10395259745181752
19114,78,0.03201425621214806
22100,78,0.31084837704645424
23148,78,0.3137623793019743
24148,78,0.3152508300795003
25016,78,0.20035459873320663
1845,78,0.4787762122159872
2436,78,0.6270081306009978
4190,78,0.43227847574758593
4985,78,0.4266851047313972
6039,78,0.46223527959336147
8413,78,0.47456450429308106
9502,78,0.3968910370521438
10354,78,0.36289521928146773
11396,78,0.2578968880833636
15003,78,0.08374353714493038
21046,78,0.08394435424820476
23153,78,0.3142007329714308
2441,78,0.6584068196316603
3119,78,0.6293446121271399
7117,78,0.5453629545759445
8199,78,0.49668089117036
11401,78,0.34647724809730823
13388,78,0.1963167776151764
24158,78,0.22863324747214706
1741,78,0.5518257521662392
2446,78,0.6718670589823564
4200,78,0.556551613122748
6051,78,0.4801438320118871
7122,78,0.5383575759797296
9294,78,0.4775029494200452
10364,78,0.3425107441445536
11406,78,0.30071061803071497
15013,78,0.1600718385895028
18077,78,0.12491753461933883
18917,78,0.05097770805451655
21056,78,0.1596861345927846
22115,78,0.15259892074703976
25031,78,0.25263315106630985
25856,78,0.15403083175776358
27857,78,0.5569317054531228
2288,78,0.5232052295229725
3303,78,0.5130435054397771
5208,78,0.48560644987974017
6269,78,0.5264935778956414
9298,78,0.3956096649940234
11410,78,0.307552603247436
27967,78,0.222064760386858
27981,78,0.2110506916911885
28051,78,0.1620172816475802
16225,78,0.143551196935092
17045,78,0.17004227665707752
18921,78,0.12121066885876322
19987,78,0.15683734575496486
21060,78,0.11803202719073573
25860,78,0.31325299903783793
27918,79,0.033009941580015786
8211,79,0.03498368152277301
9083,79,0.026615330939747453
28125,79,0.02743153117227137
20418,79,0.028665158686535484
5210,79,0.03279256508462746
6057,79,0.03658315906765133
7130,79,0.02706675540658605
7997,79,0.0257843923802466
9087,79,0.027031547735706807
9948,79,0.02320655906125948
18291,79,0.02930496473447446
18922,79,0.029591385649808316
19776,79,0.027104374103090963
20849,79,0.028293030637008335
21908,79,0.03010464039276118
3482,79,0.025190296265296837
4019,79,0.02284633202403327
4798,79,0.02989507574022311
5849,79,0.03561397839247498
7136,79,0.026370121091805244
8002,79,0.025490043844384434
9092,79,0.02798148942162665
10161,79,0.021524100942222717
11204,79,0.02511257303741307
12238,79,0.021846188308436723
16840,79,0.026551601497455987
17874,79,0.027254544273000388
18716,79,0.030325175553722272
19565,79,0.028370101075577695
21913,79,0.02949876934880199
2451,79,0.01745497506892362
3131,79,0.02280826156196272
4023,79,0.02721388557329735
5007,79,0.0270789636721893
5853,79,0.02644417294454581
6925,79,0.02732157718074847
9097,79,0.0237580226777418
10167,79,0.023095012457476704
11209,79,0.021537200078808546
12241,79,0.022029940402709385
13218,79,0.02270565229366238
14012,79,0.02264195581892246
1745,79,0.020300192834072372
2293,79,0.056794349862095174
3135,79,0.10446821863026402
4028,79,0.040219802794783065
27900,79,0.0266259691598907
7146,79,0.02737350452444608
8012,79,0.027143700807015357
1645,79,0.06273538303344423
3141,79,0.04955433645620681
7150,79,0.027248004411827495
8016,79,0.03531778467910854
9111,79,0.052186050521138984
12255,79,0.0343707065350714
16858,79,0.04614139920934421
1279,79,0.06269716759847356
11228,79,0.04668788549597325
13237,79,0.0890227410033236
17899,79,0.06447587511079356
21937,79,0.0726501515830101
1191,79,0.024481562152425525
5032,79,0.056983918032159304
10193,79,0.05224046340264423
11233,79,0.10340675810682738
28017,79,0.10477215996369883
13243,79,0.051914898732040186
18744,79,0.049593761041045924
19810,79,0.08894637754567283
20883,79,0.06700206031254814
4833,79,0.04766663694108869
6096,79,0.05338192569710746
18749,79,0.07198600622020608
20888,79,0.08991874823360889
861,79,0.04171060660667499
14047,79,0.04673141259836336
24016,79,0.06587126905164259
788,79,0.04027730048162866
14052,79,0.038398742074087326
14856,79,0.05327397198457716
24021,79,0.07043529390992052
25073,79,0.07179543145235727
582,79,0.04233620729017599
14861,79,0.05249070807435985
15865,79,0.06787325803941444
25078,79,0.07012734180779552
6974,79,0.0491255727559828
15870,79,0.07320321409001793
24914,79,0.06986492636372345
25754,79,0.06169696069818036
27093,79,0.06337062711035234
8061,79,0.07503096571293567
15875,79,0.02918268224574592
25760,79,0.0894203492899992
305,79,0.13159694908327507
8065,79,0.07517023256105064
15880,79,0.044383647332038534
26316,79,0.09342197759423769
26733,79,0.0969935172413586
259,79,0.1314527905117353
8289,79,0.08293734267947156
9161,79,0.0703943507454105
15884,79,0.07573188397443086
16909,79,0.042077253708222205
17944,79,0.09155663177398447
26321,79,0.14705926643635334
27108,79,0.09836453810064627
266,79,0.13194780891614952
17949,79,0.04085992728831244
270,79,0.13183256619519637
10449,79,0.04116043374772298
11283,79,0.04534402953629125
17953,79,0.08507192086749008
18794,79,0.06873809890660335
113,79,0.17001043443660194
10246,79,0.06504618350402107
11287,79,0.07886962143270268
17958,79,0.14225801958295736
18799,79,0.05817358800546083
27406,79,0.17280458238875385
27608,79,0.1613183260799721
13301,79,0.03924450980783525
19654,79,0.05725621809017567
27127,79,0.10762621171082234
27411,79,0.041851368722298894
27674,79,0.09595913610050848
44,79,0.1698810184407188
27132,79,0.03591149255538155
27313,79,0.17805544382368166
27723,79,0.11294108352145918
16,79,0.20903392148037336
12334,79,0.04304218938094637
13312,79,0.07681664989833076
27468,79,0.093935003605052
27623,79,0.06527360886989267
27795,79,0.03669561656708158
7,79,0.20768864867235984
103,79,0.13306272002447964
847,79,0.09701853229027799
12339,79,0.03960333998846296
14110,79,0.1086826551636928
19884,79,0.08918204812252381
2,79,0.20649560343316017
299,79,0.1309273414983794
1738,79,0.034105081204796904
13322,79,0.033747486147224975
14115,79,0.035308970745921084
22231,79,0.09106937978867256
27633,79,0.037532156834191914
27814,79,0.16836966400193948
6,79,0.2396783172189697
112,79,0.17918056161973733
258,79,0.13318146509580536
1275,79,0.09203436256451326
2541,79,0.0292319046948446
13326,79,0.09545024872605763
17988,79,0.07987384078930373
22025,79,0.09110974427009273
27436,79,0.18794832350805457
27638,79,0.09418160467115651
11322,79,0.025667629357200007
15732,79,0.02735610208909996
18834,79,0.0621642950597195
22031,79,0.13765312166266996
23079,79,0.18774900033832945
27607,79,0.22624414857626712
14130,79,0.09251134536455595
22036,79,0.027390611062651473
27869,79,0.09701169980326083
2394,79,0.12581903934064423
3228,79,0.0338194963450476
13341,79,0.08547421790383186
14135,79,0.09589225864605407
15944,79,0.03381487295899019
3230,79,0.09848263938880071
15949,79,0.02726226251496897
3235,79,0.15052136068510763
18013,79,0.03222046005028399
22051,79,0.19782760050219214
2721,79,0.10459629629261108
15958,79,0.09327664939624135
18017,79,0.1741442408522435
20996,79,0.13610212838275668
25487,79,0.03499744060117269
2557,79,0.1558443949574527
3244,79,0.24897684437829218
4146,79,0.19187911483239395
4941,79,0.21629712379520763
18022,79,0.02595868958881124
18862,79,0.030206308800411773
21002,79,0.1181053834245678
24976,79,0.054262753200197814
2396,79,0.22067891638658857
18027,79,0.10971994601039031
19933,79,0.02585228854990421
22065,79,0.028963528655691864
2401,79,0.2291114996945702
3254,79,0.3041477116257841
10319,79,0.020766811253686426
15973,79,0.10655468324828783
16996,79,0.029362264884472557
18872,79,0.02407107306710608
19938,79,0.02339890242991333
22071,79,0.2594738663527529
2406,79,0.24462464241050538
3259,79,0.2858217429603607
6224,79,0.26260703259516016
7082,79,0.18977120972964567
18037,79,0.056255677442655694
19944,79,0.11101905035062347
21016,79,0.11432800558958638
22075,79,0.25627286926499165
23123,79,0.11308181308499128
24991,79,0.25827152424634786
2411,79,0.2814037328806602
3089,79,0.34017849414825374
18882,79,0.11042131781069067
20163,79,0.05379066644088926
21021,79,0.11561442018776802
23337,79,0.0214301817546822
2416,79,0.3125931428795621
4171,79,0.33965367158384857
5174,79,0.3578922231466202
6234,79,0.3195065357532256
9264,79,0.15581184622914895
14984,79,0.09034299871072964
15988,79,0.11708018863079338
19953,79,0.11434995868489212
22085,79,0.04880856974035034
3274,79,0.3735674312791903
6239,79,0.35847106433974174
12413,79,0.031848073179334725
18052,79,0.05743385167316442
21031,79,0.02064894155832253
23138,79,0.12298247118177322
2426,79,0.4054767517708056
3279,79,0.42684570824876306
23143,79,0.2689452460687681
25011,79,0.13226899509325465
1967,79,0.28539936143657446
2431,79,0.38616810471107266
4186,79,0.3880787836720007
5189,79,0.4160280370289077
6248,79,0.39085714184855597
8189,79,0.3388097571048318
14998,79,0.02862319538819957
19114,79,0.024621658508676574
22100,79,0.1256456597184386
23148,79,0.08595513351410873
24148,79,0.2761067893054349
25016,79,0.2747234667267484
1845,79,0.30529771512531484
2436,79,0.4571505988100062
4190,79,0.37782865343399613
4985,79,0.3868336026866442
6039,79,0.38967471419085176
8413,79,0.33978838480888474
9502,79,0.3046299638770999
10354,79,0.21530596655869597
15003,79,0.056996945626633745
21046,79,0.12884638098721526
23153,79,0.13606547455459578
2441,79,0.5604344174410991
3119,79,0.5334880935472113
7117,79,0.37362514103485184
8199,79,0.35669749045427707
10359,79,0.2708033096650385
11401,79,0.19596881272869518
13388,79,0.04267506502837679
22110,79,0.08506923413410604
24158,79,0.28446953665264524
1741,79,0.4341801089375277
2446,79,0.5699514097713506
4200,79,0.4940576358614857
6051,79,0.4094064413179462
7122,79,0.37106292351512116
9294,79,0.28159675563597886
10364,79,0.1939837727112332
11406,79,0.28454925417038907
15013,79,0.10155966824093629
18077,79,0.03052720280679805
18917,79,0.12688583837620368
22115,79,0.14320629783762992
25031,79,0.15962502023709216
25856,79,0.28202974051698215
27857,79,0.44882502090057186
2288,79,0.4310802627953506
3303,79,0.5457885441342172
4205,79,0.5179262712927848
6269,79,0.35927032098713263
7126,79,0.3277074698510923
9298,79,0.36431422412210596
11410,79,0.17583100197285628
27967,79,0.15562721582735373
27981,79,0.07069854235436505
28051,79,0.0971984628346222
16225,79,0.05925866641910515
17045,79,0.10026714017302568
18921,79,0.05463381705335807
21060,79,0.08406119697948652
25860,79,0.2766116958554599
