material_id,transition,epe
27918,0,0.018137619158347912
8211,0,0.02560045145011467
9083,0,0.23606618963071124
28125,0,0.12719383848483753
20418,0,0.1790320604698042
5210,0,0.13534079861371884
6057,0,0.07873273613302031
7130,0,0.04424741804848419
7997,0,0.044948241617691974
9087,0,0.034778706207435
9948,0,0.03664413057879542
18291,0,0.17538000293580625
18922,0,0.20514303745442264
19776,0,0.22556768589586473
20849,0,0.22379261888813268
21908,0,0.22478087627681195
22958,0,0.2571678156355008
3482,0,1.4040336103397801
4019,0,1.0389972364763544
4798,0,0.5018092490817515
5849,0,0.05596793346158862
7136,0,0.046850862129636094
8002,0,0.04499204897947192
9092,0,0.03856368414810095
10161,0,0.04264562746159484
11204,0,0.04801435801402293
12238,0,0.057326492345625514
16840,0,0.0618698123115081
17874,0,0.09515536561291361
18716,0,0.18951351664922622
19565,0,0.20414578448088944
20854,0,0.20558121804956617
21913,0,0.22772058196375727
22961,0,0.2721993544428423
23977,0,0.14469751331691053
2451,0,1.509174231420414
3131,0,1.5954975816394859
4023,0,1.58225923713435
5007,0,0.7769150766558485
5853,0,0.11288244001090052
6925,0,0.04855931159483263
8225,0,0.05673544135807508
9097,0,0.06362279906724702
10167,0,0.06320755098236333
11209,0,0.05872188262110819
12241,0,0.06263057306911639
13218,0,0.08414032776950647
14012,0,0.08380472730363929
15017,0,0.09549330579229315
15821,0,0.09734077421728
16843,0,0.11240706151872182
17880,0,0.13498273626025015
18932,0,0.2205155774964839
19571,0,0.22423580817255057
20860,0,0.2664793900498608
21918,0,0.24319617208211905
22966,0,0.2812725497486565
23982,0,1.8571816529176184
24699,0,1.6535204028814348
1745,0,1.4310490612390556
2293,0,1.4069098901794417
3135,0,1.518458483259432
4028,0,1.4283685054095272
5013,0,1.5777264695112587
27900,0,0.07744622314623231
7146,0,0.13256391504189516
9102,0,0.1733832451682746
10171,0,0.24211095225816967
11214,0,0.057990991953196624
12246,0,0.07571814687207634
14017,0,0.10273598595666415
14821,0,0.10255987533730021
15826,0,0.4088347113726126
17677,0,0.09287570510958125
18725,0,0.1847656135527558
20005,0,0.20255467710083838
20864,0,0.21409027886801368
21923,0,0.24765011632495137
22971,0,0.45802916485873973
25551,0,1.7200043432229013
1645,0,1.4696686113227548
2298,0,1.1132107888012814
3141,0,1.265026975845937
6076,0,2.036502383665431
7150,0,0.02443328167708121
10177,0,0.562636319462171
11219,0,0.5391477990555008
13227,0,0.1955961651020188
14021,0,0.014019139960743023
15831,0,0.24945347196797488
17890,0,0.23185445547353953
18941,0,0.36975934826761
20010,0,0.2820868179133144
20869,0,0.24965465039547266
22976,0,0.8094014095187608
24709,0,1.8297869677422949
1649,0,1.6035395537106842
2303,0,1.05093461905575
4037,0,1.1002916847064133
6939,0,1.0099588018730525
7804,0,1.0712235701073969
9111,0,0.1446413597451095
10181,0,0.6132240952218376
12255,0,0.5337291736286601
13232,0,0.24662326339744373
15030,0,0.3020279386124891
16858,0,0.25041391261458845
17895,0,0.13882321759268895
18734,0,0.46542972783752795
20014,0,0.6172738033996044
21932,0,0.37963465763016524
25720,0,2.215756721229628
28232,0,0.7579160007212504
1279,0,1.0165288853505714
1654,0,1.2562841930838267
2307,0,0.8262132744115265
3150,0,0.35116940516922385
4042,0,0.11939464337356069
6087,0,0.4635567526967623
7809,0,0.5706779778600841
9117,0,0.45883574745072875
11228,0,0.3637713772197339
12260,0,0.426921955971428
13237,0,0.8390835952726052
15841,0,0.7662394169818949
16863,0,0.6579074371861648
17899,0,0.21848357016694833
21937,0,0.577287219167512
24001,0,1.0229161555153392
28240,0,2.0184068471597154
26278,0,1.9575267043718885
1191,0,0.8993317953835813
1659,0,0.6522601510991127
4048,0,0.3142110870054668
5032,0,0.18837515802438382
9340,0,0.7069996928856596
11233,0,0.2557105585587346
28017,0,0.8633284183771835
13243,0,1.109826942885364
14037,0,2.664804335091948
15845,0,2.539424297366322
18744,0,0.5246919809910661
20883,0,0.8886302850015475
21942,0,0.2358852112317784
22990,0,0.48556588016711655
25731,0,1.2038306876999028
26282,0,1.5817680334992221
26535,0,1.1750640043858422
1196,0,0.3315332234310723
2318,0,0.7828595141396455
3160,0,0.5169557682145339
3869,0,0.5875337744342127
6096,0,0.3726927790835196
7170,0,0.3480992218006267
9126,0,0.19629013379566462
10197,0,0.24680841102325946
14846,0,2.3312252138704226
15850,0,2.460538745903716
16667,0,0.4097477551044938
18749,0,0.9427589326425687
20888,0,0.5434618595994475
24011,0,0.22527397412614603
25735,0,0.9739149787314955
26287,0,1.13605771470078
2323,0,1.02215877964296
3165,0,0.8314737534439889
4246,0,0.6991054917286169
6101,0,0.8001661526852472
6959,0,0.6011429261719551
9131,0,0.3764904200938382
10202,0,0.4779718731911824
11244,0,0.32317148166942605
13253,0,0.3397239990507722
14047,0,2.9849215200449017
14851,0,2.5513752581751348
15855,0,2.890214412206128
16878,0,1.0119712542852741
17914,0,1.1190648856208976
18754,0,1.2205112013750923
23000,0,1.1438451521647026
24016,0,0.5967696508574879
26709,0,1.485491324327864
788,0,0.25086045717797273
1674,0,0.6243925560814756
2327,0,0.9374819618509802
3170,0,0.8191000224143337
9137,0,0.793618232523385
11248,0,0.5008169774731759
14856,0,2.844271200525428
17919,0,1.268320976171927
18759,0,1.1383957070991912
19825,0,1.218625954037642
20898,0,1.4243064289740024
23005,0,1.2694705371787924
24021,0,0.8378256043558279
25746,0,0.742393895232448
26297,0,0.8825288112761808
26946,0,2.140070267101272
582,0,0.2900948544796335
794,0,0.3696566908512778
1583,0,0.46474383231201555
2332,0,0.5969315435842574
3175,0,0.6108770023598946
6111,0,0.7253349185308549
8051,0,0.8252175196112206
10211,0,0.6615949149557059
11254,0,0.6536382707508396
14055,0,2.4110610760772566
14861,0,2.417507189305788
15865,0,2.6313000335342274
16888,0,1.3476381745365578
17924,0,1.3434388306365486
18764,0,1.382600808357542
19830,0,1.7273958171254065
21962,0,1.3069945192458752
23010,0,0.9604614685353244
24026,0,0.43297784527134875
25750,0,0.8285005655655701
26302,0,0.915719804922108
26718,0,0.9911111449425125
27021,0,1.3293219310840372
797,0,0.643339283609399
1683,0,0.4415268075767739
2337,0,0.49641918697761667
3180,0,0.541577288758914
5057,0,0.7108003940600909
6974,0,0.7028188894995463
8274,0,0.7679842282425339
11258,0,0.6572295903208515
12290,0,0.42730985637321517
14061,0,2.1546121852663904
14866,0,2.4052910616676817
15870,0,2.6736362608446176
16893,0,1.231377354916176
17929,0,1.1722895415606243
18769,0,1.6068386538320378
19835,0,1.773238243354452
23015,0,0.7270263026782169
26306,0,0.9976476180553685
26724,0,0.9445823023434853
27093,0,1.0609254657607252
464,0,0.39826689530843007
1689,0,0.4448709699742696
2342,0,0.4548558110887297
2840,0,0.43781348005714005
5062,0,0.7005078571969049
7194,0,0.8064420956672034
8061,0,0.8215135881488342
10430,0,0.7425031381215043
14066,0,2.1353921817190433
14871,0,2.3729279571172275
15875,0,2.4891753398572956
16898,0,1.2075835321413892
17934,0,1.194349059946036
18774,0,1.30934082181199
19840,0,1.3383597571073211
21972,0,1.1589375193668299
23020,0,0.6426187288198959
24036,0,0.6455575399790078
24919,0,0.8583977339912626
25760,0,0.9896878946042862
26312,0,1.0505386750722916
27098,0,0.8785600153185137
27281,0,0.7116469843958069
305,0,0.23901443788132043
469,0,0.33224554734378003
1317,0,0.34888957994754277
2347,0,0.4285517336253897
3016,0,0.700794852738448
4082,0,0.6847742897480633
4862,0,0.665923344889151
6126,0,0.5464802031457239
8065,0,0.7790958554073465
10226,0,1.1248811928579112
11267,0,1.0562721246212623
12300,0,0.9034335642750055
14071,0,1.5738243955617774
14876,0,1.4456987079159997
16903,0,0.5255350558781884
17939,0,0.7402977127612069
18779,0,0.8106672272511094
19845,0,0.9415808895613875
21977,0,0.8276611017125094
24041,0,0.7305557499022903
24924,0,0.8990778125565907
27103,0,0.6589635526022841
259,0,0.27254041362448306
812,0,0.38254479600040364
1231,0,0.34323962302340033
1698,0,0.26829656778625877
2352,0,0.462209381210214
3195,0,0.5123502394368558
4087,0,0.6595476732042169
5072,0,0.7056640718544455
6131,0,0.647284490958114
6988,0,0.6350674832299583
8289,0,0.7125110589576995
9161,0,0.7226842948466421
10231,0,1.0876444540335748
11272,0,1.1039996716538774
13459,0,0.9356793769903533
14216,0,1.380538093091642
17944,0,0.6152365761059575
18784,0,0.8345633736211708
19850,0,0.9690288451802228
21136,0,0.8961546848923017
21982,0,0.8585627787110283
23030,0,0.5729657199339434
24046,0,0.5699716943142517
25098,0,0.79631815224417
26739,0,0.5784016339997889
27392,0,0.5049434242383551
266,0,0.48461035320588813
1236,0,0.41371783845569987
1704,0,0.27850833907783734
2357,0,0.22208266529667395
3200,0,0.20017017990696875
4281,0,0.06603032475450044
5076,0,0.42311450058959865
6136,0,0.6609176677093994
12311,0,0.38594802038425985
14080,0,0.8652695546380722
14886,0,0.7329297715292022
15890,0,0.8384993773355536
16913,0,0.6567008162020653
18790,0,0.6237728671482686
20928,0,0.4968523073091828
21987,0,0.8235934306888393
23035,0,0.5868919144065853
24050,0,0.7816151782747957
25103,0,0.6822629028975561
26326,0,0.6128331059111445
26744,0,0.5929924622342466
27397,0,0.5166026980718149
823,0,0.4464557997746567
1241,0,0.45909389809184564
3204,0,0.4226640572802147
4476,0,0.9354135727013798
4877,0,1.0476770940597258
6998,0,0.6713717225585977
9389,0,0.8844318496326472
10449,0,0.8348883745944149
11283,0,0.5748554017817039
14086,0,0.8783986047756105
14891,0,0.7302939015817858
15895,0,0.8907069495326234
19860,0,0.7474460927881542
20933,0,1.0399438822914215
25278,0,0.8505376793422883
25780,0,0.8041067539607194
26331,0,0.6908985600222796
26748,0,0.6046724603976303
27118,0,0.5432433571526281
27402,0,0.4923077140897263
27532,0,0.28829957403954637
113,0,0.7534677871486355
616,0,0.5190180823229755
827,0,0.5029676220937772
1245,0,0.4860143454880369
3034,0,0.8135046522420937
5086,0,0.8051411294301442
8302,0,0.7102266931490346
10246,0,0.903255797658647
12319,0,1.1420943461080089
14895,0,0.6056114580491743
15899,0,0.5427980602135763
17958,0,0.48484565149336234
18799,0,0.3657106591246562
19863,0,0.6055740453417354
20937,0,0.7374321622620691
25784,0,0.8341076186232924
26336,0,0.7308182677988099
27122,0,0.5545873018688656
63,0,0.7587794806349354
494,0,0.5228200992173069
832,0,0.6008269062487392
1718,0,0.6395342765142296
2371,0,0.5532632260229047
2867,0,0.9448197556459454
4477,0,0.7725353820794452
4881,0,1.2417277087319543
9180,0,1.3705266565543812
10251,0,1.3262651458863113
13301,0,1.3454453931683652
14900,0,0.5669027569119686
15904,0,0.337682128661902
16721,0,0.48621286643332023
17963,0,0.4647357629360261
20942,0,0.6075472056931244
23050,0,0.29466300263667344
23860,0,0.7122761729916144
25789,0,0.669015967150989
27127,0,0.6024166970909357
27411,0,0.5373212444313067
27613,0,0.669648704442425
27674,0,0.40369120438626593
44,0,0.3213967149713562
238,0,0.37119420859563856
838,0,0.5405579928752609
1826,0,0.3226392775681522
2376,0,0.14195881293756857
4093,0,1.0767017075205578
4886,0,1.5355593417810585
6155,0,1.5341939140540064
9403,0,1.1874626223852311
11711,0,0.8283582538554325
13307,0,1.6601878413531819
14100,0,1.0073448167872345
14905,0,0.5057148431517429
15909,0,0.5375355058412078
16521,0,0.44190685009031144
17968,0,0.23108248140634804
21160,0,0.3571132715507845
22007,0,0.31219451695041556
23055,0,0.1443660767218965
24054,0,0.25428521039701585
25794,0,0.5048612281013338
26346,0,0.7757551397516694
26763,0,0.7398208466042181
27132,0,0.6533387946458483
27723,0,0.2913275782878372
16,0,0.6047057990548161
131,0,0.4188956942569244
242,0,0.4148547471761166
503,0,0.5893963854125434
768,0,0.6856858216807806
1261,0,0.22771932840678483
1728,0,0.06587233303431853
2381,0,1.2181587273152623
4097,0,1.6596843288661949
5100,0,1.2195604682707963
9190,0,0.9256797782879209
10260,0,0.8003488822326592
11509,0,0.9289516783471231
15914,0,0.6236166974005886
17973,0,0.0947635244476378
19879,0,0.3303781655183637
21165,0,0.283483856171021
22012,0,0.22340202842232898
23059,0,0.20625220607497186
24059,0,0.19525480872627599
24759,0,0.4690377480193672
25943,0,0.5328842376811678
26352,0,1.0393568314952732
27468,0,0.7833482556257891
27623,0,0.576620594183771
27727,0,0.369977464485278
27795,0,0.13057448070194758
7,0,0.8218548302418311
103,0,0.25710767327229983
248,0,0.5455965748260516
508,0,0.5933884247463694
1266,0,0.30588502562349745
1733,0,0.22027406845256173
2081,0,1.1208324248581123
4102,0,1.3224741521952967
5105,0,0.9744094736602069
10265,0,0.684393245872124
11514,0,1.058676854180029
13317,0,1.5180561355197146
14731,0,0.5661030707654608
15919,0,0.5338424373021224
18818,0,0.3349394609674101
20957,0,0.04423699450450256
23064,0,0.12159082261963534
24064,0,0.19977233074952297
24932,0,0.3789710761885659
26356,0,1.1735525388852037
26773,0,1.0541147246084663
27075,0,0.92066799068911
27628,0,1.3177196696974467
27732,0,1.1991204037589684
27809,0,0.3448550404555344
2,0,0.2702879562935167
108,0,0.5050120582022182
852,0,0.3884326791787668
1270,0,0.4001557609845337
1738,0,0.7052823434076773
3208,0,0.5037355570252139
4107,0,1.2104181244965209
5744,0,0.8674619043348005
10269,0,0.7944625382496356
11312,0,1.0511464814562241
13322,0,1.4453371697614916
14115,0,1.3231583876554898
18823,0,0.2835512368867702
20104,0,0.16687583182365173
22231,0,0.6224047505839232
23069,0,0.13128204840691418
24936,0,0.13446115437785475
25631,0,0.09543000586979362
26360,0,1.5163026483558644
27147,0,1.560530221665081
27381,0,1.4326907275101246
27633,0,1.5063626853716818
27814,0,0.745414362683256
6,0,0.8237256548321077
112,0,0.31186477761484277
258,0,1.0836684803474705
518,0,0.76856342495475
1550,0,0.5763729441356481
2541,0,0.16799087081717526
3213,0,0.5958472440803105
4113,0,0.9001499108027528
6176,0,0.9046050687765312
7033,0,0.6893206331401591
8987,0,0.7679901662956904
10275,0,1.2476968376947044
11316,0,1.41725361824443
12349,0,0.9009018488571159
17157,0,0.678484961771561
17988,0,0.6654800133702382
18828,0,0.2158783273898665
19894,0,0.2992495786250547
21180,0,0.7381969732158675
23074,0,0.9065626302460211
24074,0,0.6681107377068649
24942,0,0.34837777941829456
25799,0,0.8041537007126855
26534,0,1.735403278393493
27152,0,1.7542166052917314
27638,0,1.5860628941336916
27742,0,1.3161900377939444
27818,0,0.7027401440596143
27846,0,0.6656407298710938
3218,0,0.3887805867528014
5120,0,0.6968614865721126
7470,0,0.6268001433014986
9428,0,1.1736140793050513
10279,0,1.3226668896016873
12354,0,0.6315483734765587
13331,0,0.7208332407849299
15732,0,0.5174498274092338
17993,0,0.7342711014561923
18834,0,0.5488951875590204
19899,0,0.7823174915124075
20972,0,0.8415342517186915
22031,0,1.163378815263524
23079,0,0.6637835586725275
24947,0,0.7229064098771009
25804,0,0.7991800511723889
26176,0,0.46838948348540804
26787,0,1.0555204756807988
27156,0,1.4277271187944143
27440,0,1.0040456383875387
1841,0,0.7027207544324328
2390,0,0.2103130538103739
3223,0,0.4900049289298974
6399,0,0.4576717144685209
7043,0,0.4625205504834387
8125,0,0.4312133494184124
11119,0,0.7090633665341208
13336,0,0.7120837463804568
14130,0,0.8477057667058189
15737,0,0.5771370066907203
16962,0,0.5667607961658773
17998,0,0.5121406792846721
18838,0,0.7731094126836231
23084,0,0.9601239559428985
24084,0,0.8865929723136662
26361,0,1.1004823702646824
27869,0,0.945351471194699
2394,0,0.5607814478103893
3228,0,0.4399331947306927
6190,0,0.4520995864837823
7048,0,0.45131066741109405
10290,0,0.8785847656446677
11331,0,0.762408735490662
14135,0,0.6186721368486314
15944,0,0.5438747651880456
16967,0,0.7593844403988416
18003,0,0.555905727797499
18843,0,0.2431641346960583
24089,0,0.8207552560729392
25814,0,1.1459137746261696
26274,0,1.2995492444942949
3230,0,0.09911743310979529
4132,0,0.20110858014673308
5134,0,0.3083777812326136
6195,0,0.3207228680420538
7053,0,0.15457575320284933
8134,0,0.42460649211046775
12369,0,0.3778036666845555
13346,0,0.2969007550085856
14001,0,0.41989101687072183
15949,0,0.029768898588598904
16972,0,0.2369149107410852
20987,0,0.8568559222820065
23094,0,0.7207764470310487
24094,0,0.799118230435304
24962,0,1.047999200540222
28189,0,1.0541873022439845
3235,0,0.1700633940359497
12374,0,0.41025957482240305
13351,0,0.441562437358145
13858,0,0.4774767903060394
15954,0,0.17985289596554174
16977,0,0.1623594081732396
20992,0,1.3135904027112804
22051,0,1.3840416494197643
23099,0,1.5802866929075199
24099,0,1.3908797952046301
24967,0,1.5827301779756922
25483,0,1.6025283803022858
2721,0,0.42633624633496003
3239,0,0.07155272743931336
4141,0,0.18583316116654555
5992,0,0.22241386789984752
9234,0,0.11697484655795423
10305,0,0.11382147413134382
12378,0,0.5445238000171099
13355,0,0.503478105359862
14437,0,0.536802958954654
14954,0,0.30388567295068997
15958,0,0.06892823012107267
16981,0,0.20153471904808318
19923,0,1.0434024687169445
22055,0,1.2626043640382805
23103,0,1.297054208905821
24971,0,1.5902690791984926
2557,0,0.16409830654789243
3244,0,0.2265368158392321
4146,0,0.2491828191202839
4941,0,0.2086661950907508
6209,0,0.2496885302283211
7283,0,0.25277370258905557
7933,0,0.24190002624687118
11351,0,0.10191500351792696
13360,0,0.4330674504602985
14443,0,0.4265648140383894
14959,0,0.2410967544015131
18862,0,0.8641433507802601
21002,0,0.7470844166480012
22060,0,0.8954563186319328
24108,0,1.3186115990847684
24976,0,1.4847145314913117
2396,0,0.11255193341691627
3250,0,0.7065859051337448
6214,0,0.32050192463888366
7072,0,0.33345846459597756
8154,0,0.2960080649972721
9244,0,0.27486640592673167
11356,0,0.1443842828497475
12388,0,0.2488461064557879
13365,0,0.6788836361282323
14447,0,0.2692196458165865
18027,0,0.6888563737131073
19933,0,0.6805767737809802
22065,0,0.9012846584607525
24113,0,1.3225406261678296
2401,0,0.13826686274668715
3254,0,0.4213491157551098
4156,0,0.04987993916867152
6219,0,0.34774373302094713
7077,0,0.3422934356429989
10319,0,0.24101643750425342
11361,0,0.13952699968134186
12393,0,0.6483230731033517
13370,0,0.9178927289716668
14452,0,0.10657712706350661
16996,0,0.49706326550068475
18032,0,0.7506252900309597
18872,0,0.4067256329336922
19938,0,0.47286606965176053
21011,0,0.7354942898328345
23118,0,1.1619352747976583
24118,0,1.3198017704669522
24986,0,1.3828482388416223
25819,0,1.0067309346528122
2406,0,0.2799283958664354
3259,0,0.4019086525289255
4161,0,0.24277268440657346
5164,0,0.04722020263623603
7082,0,0.44606182232400327
9472,0,0.24591415759045193
11366,0,0.08777271480648377
12398,0,0.8262459007921249
13375,0,0.9996239599701938
14974,0,0.19996823833193506
15978,0,0.4224751205875944
17001,0,0.5568784497517556
18037,0,0.414896992935098
18877,0,0.49999287454475116
19944,0,0.6157294686794096
22075,0,0.983279128210576
23123,0,1.1419526134713305
24123,0,1.2468630317664904
24991,0,1.3805910519977447
25669,0,1.224850760658809
2411,0,0.5157005522513003
3089,0,0.23427633226964154
5169,0,0.24379900883600303
8169,0,0.41703167517644085
9259,0,0.1145582058399209
10538,0,0.14283406202123308
11371,0,0.6214411938580118
12403,0,0.8471857794850847
13380,0,1.113383902927073
14979,0,0.33384192843638755
15983,0,0.3755003036009314
17006,0,0.48680548349290703
18042,0,0.4702464076217754
18882,0,0.5425570718562627
21021,0,0.8732040479588706
22080,0,0.9938724621619699
23337,0,1.1763009452104223
24128,0,1.283175983675104
24996,0,1.2551635414036062
25673,0,1.274887356191923
2416,0,0.704390608695939
4171,0,0.18675699864919657
8392,0,0.374449189956729
9264,0,0.6407647740847817
10334,0,0.6772381380209637
11583,0,0.789086762843679
12408,0,0.8161545563008618
13200,0,1.200888783907294
14984,0,0.5046868357410458
15988,0,0.49247447907229214
17011,0,0.46225625170388684
18047,0,0.5290701483028442
23133,0,1.217736360585655
24133,0,1.2432244625191304
25002,0,1.0775959068996925
25826,0,1.4740729050196164
2421,0,1.1341073477961794
3274,0,0.24574933582698044
4176,0,0.21315892982998746
6239,0,0.2220557294175505
7097,0,0.31507069655208025
9487,0,0.6004338129814861
10340,0,0.6494453437413477
11381,0,0.6856858671996562
12413,0,1.023231667850428
14989,0,0.697887977841385
15791,0,0.48546380571166275
17016,0,0.3855006781590705
18052,0,0.5634094453858214
22090,0,1.120155078271736
24138,0,1.1247390855576942
25006,0,1.1906718530381326
25831,0,1.7164711355312126
1962,0,1.1362129687276274
2426,0,0.7852639481609649
3279,0,0.3212254633153278
5184,0,0.2672309451680034
7318,0,0.2909816318940272
8401,0,0.4427689887184556
10344,0,0.5834293837581731
11385,0,0.7564303906263383
12417,0,1.0121044484708512
14993,0,0.6761746127299499
15796,0,0.34148668258253434
17020,0,0.46582010281839603
18057,0,0.6393589710073534
19963,0,0.8842041634270895
24143,0,1.1184353642022857
25011,0,1.2086016762697602
25836,0,1.7176383350545967
2431,0,0.9527523371913749
5189,0,0.39353121713623435
6248,0,0.3509788357763801
8189,0,0.46741590201687633
9279,0,0.604549813362879
11391,0,0.8501981642611188
12423,0,0.9164054537992806
13013,0,0.6215717618487038
14453,0,0.16941831386676443
16003,0,0.28307599517960086
17026,0,0.5164019964045699
21041,0,1.1096673534841113
24148,0,1.1183104608587597
25016,0,1.194724949520895
25841,0,1.6053625782975702
1845,0,0.6531275452455462
2436,0,1.1729991192301858
4190,0,0.5699771740197954
7113,0,0.5847914580434304
8413,0,0.7586251848363905
9502,0,0.814861138288282
10354,0,0.8898960204630249
11396,0,1.000502758197612
12428,0,0.9615700978750891
13383,0,0.30740608604243863
14299,0,0.3165198044164242
15003,0,1.1081747640049453
15806,0,0.8213916337797065
17031,0,0.7278046476270726
19973,0,1.1052069304407912
21046,0,1.2100144037232332
23153,0,1.0878982674201003
25021,0,1.250590716334065
25846,0,1.428170473003631
2441,0,1.4745524052417827
3119,0,1.651893435536045
4010,0,1.056215891810119
6259,0,0.6092565436726232
8199,0,0.7768842978198588
9289,0,0.8952509040097296
10359,0,0.9990710682752145
11401,0,0.8788087445279051
12433,0,0.9618797912114879
13388,0,1.1801468738398952
28001,0,0.6967876951992491
16013,0,1.2069152629489586
17036,0,1.2446139176747406
18912,0,1.2431640096181316
19978,0,1.189716699124983
21051,0,1.201445286539205
23158,0,1.1683051074731972
24158,0,1.18967751043766
25026,0,1.2466657778593278
25851,0,1.1982915707426391
1741,0,1.076309874719193
3298,0,2.0214746090466966
4200,0,1.1056178073199188
5203,0,0.8064149038467313
9294,0,1.004535826221536
10364,0,1.0910830956970416
11406,0,0.8603065076916055
12438,0,0.8573408200857668
13393,0,1.3231939169623743
15013,0,1.3002522087853063
15815,0,1.3815213043560621
17040,0,1.5243899080388381
18917,0,1.4413470027465074
19983,0,1.3932839167958275
21056,0,1.2662882859071634
22115,0,1.2239923592712327
23163,0,1.3119073350556223
24163,0,1.0788901787268557
25031,0,1.0546997450897104
25856,0,0.9555721521463377
27857,0,0.8869563503976804
2288,0,0.46655230318306334
3303,0,1.0800058549038924
6269,0,1.0216334640194453
8209,0,1.0257101545782745
9298,0,1.023895815144072
10368,0,0.9503091197204501
27967,0,1.3407113269663848
27981,0,1.276271956583781
28051,0,0.32330528054377317
18290,0,1.5356096961035839
18921,0,1.4540268753045997
19987,0,1.2237626207139503
21060,0,1.0456231685420079
22118,0,1.3256997480552455
23166,0,1.0861766437635496
24166,0,0.8578075207042558
25035,0,0.8421648220992716
25860,0,0.3473941369650404
27918,1,0.10920432116670113
8211,1,0.10810707442110669
9083,1,0.07430063369247465
28125,1,0.038184442646083935
20418,1,0.06722432747575006
5210,1,0.26425126980544844
6057,1,0.21821328524601588
7130,1,0.1761133987368664
7997,1,0.17979180820483714
9087,1,0.1507355221659817
9948,1,0.12843311168032703
18291,1,0.08982171079163008
18922,1,0.09514397779207559
19776,1,0.10487356165704559
20849,1,0.09961033008811769
21908,1,0.102197874114707
22958,1,0.13434178768227642
3482,1,2.123066041998619
4019,1,1.7036112835314858
4798,1,0.7770913040838757
5849,1,0.2032315826955899
7136,1,0.19933104910170416
8002,1,0.1936421871525606
9092,1,0.17494020405978145
10161,1,0.1457767111959942
11204,1,0.10172177715025775
12238,1,0.11707157124019761
16840,1,0.05591351481311029
17874,1,0.06873571975627592
18716,1,0.10867828525989796
19565,1,0.11480816484290106
20854,1,0.09993232629287209
21913,1,0.1122616725123973
22961,1,0.18324798750478252
23977,1,0.024407918390128833
2451,1,2.4021913198688347
3131,1,2.252586255460037
4023,1,2.2404143145268853
5007,1,0.909460778922142
5853,1,0.263104542780569
6925,1,0.23197382282119777
8225,1,0.22809941023845973
9097,1,0.22748164990711398
10167,1,0.22129468403834612
11209,1,0.16846208358063378
12241,1,0.14158703451956778
13218,1,0.12329077292907922
14012,1,0.11763033098654552
15017,1,0.1032796603484842
15821,1,0.09766046214450816
16843,1,0.09037546838329612
17880,1,0.10447425745167725
18932,1,0.13978833557192286
19571,1,0.14170949422181323
20860,1,0.1442153785001484
21918,1,0.14206430044002324
22966,1,0.2084669252034694
23982,1,1.1690960690120158
24699,1,0.7799531118527196
1745,1,2.1349167090028507
2293,1,2.074495226948184
3135,1,1.880656926728513
27900,1,0.24694870644592454
7146,1,0.2588747230134108
9102,1,0.19776359845827907
10171,1,0.22321113705275925
11214,1,0.2654002057478618
12246,1,0.22498519947320747
14017,1,0.1606411307184544
14821,1,0.12601934945409285
15826,1,0.6667790475181632
17677,1,0.2216738168124836
18725,1,0.19428246082992173
20005,1,0.16646694680327775
21923,1,0.15797258429266817
22971,1,0.24959249406649534
25551,1,1.1968894461692872
1645,1,1.9725744774666165
3141,1,1.3853767336402776
7150,1,0.4047175364999256
10177,1,0.12200357101375206
18941,1,0.32913384714319355
20010,1,0.3578091504505591
22976,1,0.567617699034843
24709,1,1.345637990762275
1649,1,1.168868976107966
2303,1,0.7808611644829795
4037,1,0.7506188654599949
6939,1,0.4980796258540292
7804,1,1.0293500769906665
9111,1,0.2973272995223884
10181,1,0.0627614151957371
12255,1,0.3282928365361478
13232,1,1.313801628964322
17895,1,0.8422979442300357
18734,1,0.2812727061895912
20014,1,0.3711206772147018
21932,1,0.1525977843845234
25720,1,1.3936813043378153
28232,1,0.5573641215942235
1279,1,0.6263649234376635
1654,1,0.9090352352065204
2307,1,0.65989903761222
4042,1,0.12381764907293906
6087,1,0.40172878601202566
11228,1,0.503456299103236
12260,1,0.26665224044741365
13237,1,0.9390514016037778
16863,1,1.2549853577060084
17899,1,1.8976558552135456
21937,1,1.8932411721136522
28240,1,0.8675974319909453
26278,1,0.9592216008399046
1191,1,0.900167040153503
11233,1,1.2882663881774867
28017,1,0.8919271403572149
13243,1,0.976943146407098
14037,1,0.679840381708768
15845,1,0.9408330713323402
18744,1,1.2511196583532858
20883,1,1.2001496256201207
21942,1,1.66644716798567
25731,1,0.9906610950787976
26282,1,0.9731500231971734
26535,1,1.1203329397597608
3160,1,0.20064380330247125
3869,1,0.4047249736822133
6096,1,0.5431065630159421
7170,1,0.6135762593859069
9126,1,0.7479376709667452
10197,1,0.8259117614928708
16667,1,0.3290004596991071
18749,1,0.7490952054872225
24011,1,0.8198015968324941
25735,1,1.0902645919805656
26287,1,1.2231811703606936
2323,1,0.836055576398049
3165,1,0.5140422666660818
6101,1,1.6162579313569214
9131,1,0.7521995493472281
10202,1,1.0500904955251857
11244,1,0.9120844880102158
13253,1,0.9072014034127112
14047,1,0.9391904865191243
14851,1,0.8819758147330309
15855,1,0.6742096436653673
17914,1,0.7655865965945464
18754,1,0.8408903806924893
23000,1,0.9725563253344658
26709,1,1.3495448002867332
2327,1,0.8738545229539646
3170,1,1.1303523228322605
14856,1,0.8850548561317299
17919,1,1.164039112552823
18759,1,0.8729120744637794
23005,1,1.454158034560901
24021,1,1.3463795913965955
25746,1,1.6873857650737156
26297,1,1.6871178497494712
26946,1,2.6009223077879957
582,1,1.737148902861525
794,1,1.0369912708624096
3175,1,1.124238823060849
6111,1,1.0696196076018585
10211,1,0.95225064695787
11254,1,0.95477729242943
14055,1,0.9985066138007805
14861,1,1.0327873628907418
16888,1,1.42154922182069
19830,1,1.124107281257541
21962,1,1.5327366514402025
23010,1,1.56501803870684
24026,1,1.62611400592837
25750,1,1.7266574938489399
26302,1,1.7379132971181421
26718,1,1.8596804895156127
797,1,1.068514674553122
2337,1,0.8311299302919222
3180,1,1.173021291515231
5057,1,1.1799403559140798
6974,1,1.0926774161385713
11258,1,0.8962662092763733
12290,1,1.0898721211168445
14061,1,1.0866814640663571
15870,1,1.376979959501892
16893,1,1.7301787998958449
19835,1,1.4888251159532826
23015,1,1.691613338369679
26306,1,1.7170848279457287
27093,1,1.879478848156023
1689,1,0.7094731365450975
2342,1,0.722810030735588
2840,1,0.8514647142947707
5062,1,1.190636954529631
7194,1,1.2487451783590933
8061,1,1.139123596711625
10430,1,1.0354682616281985
14066,1,1.1169322250350198
14871,1,1.069154723609486
15875,1,1.2660127915611485
16898,1,1.6771244314231297
17934,1,1.7765984127775685
18774,1,1.7554688007393122
23020,1,1.7733115433010644
24036,1,1.7648023517298992
24919,1,1.7994313491162424
26312,1,1.8087925295897571
27098,1,1.815342437075249
27281,1,1.6363806546971664
305,1,2.307287585534199
1317,1,0.6154430444288316
2347,1,0.5400695432682818
3016,1,0.8488339559005454
4082,1,1.1290695649035412
4862,1,1.188288717228933
6126,1,1.2903246641985582
11267,1,1.0836841044929324
12300,1,1.1234236679910827
14071,1,1.155389896623366
14876,1,1.1028768394424096
16903,1,1.7857237846365146
17939,1,2.0094835474032355
18779,1,1.9960875852708317
24041,1,2.1893403236476536
24924,1,2.1888418606807996
27103,1,1.842110625032821
259,1,3.1913851952195924
812,1,0.46475712750586856
1231,1,0.5635922665011579
1698,1,0.5902850395637096
2352,1,0.5119508471773653
4087,1,1.0751969272421555
5072,1,1.1416311497036316
6131,1,1.1699228406242244
6988,1,1.2225998818528347
10231,1,1.230686856021711
11272,1,1.197569567086723
13459,1,0.989700538436511
17944,1,1.7077599800310668
18784,1,1.8421014930114044
21136,1,1.9012965497785992
23030,1,2.377116797685679
24046,1,2.311304162742129
25098,1,2.248703310650124
26739,1,2.1140165905387005
27392,1,1.8198062023973844
266,1,1.0165389760587416
1236,1,0.6109893567090882
1704,1,0.5373877844883787
2357,1,0.46227974100429736
3200,1,0.5206379079039481
4281,1,0.843681827998971
5076,1,1.1033499010210837
14886,1,1.1261806630128388
15890,1,1.0213046845423541
16913,1,0.9881619621463733
18790,1,1.3881937375433984
21987,1,2.025011221032648
23035,1,2.4275532030555182
25103,1,2.289535157434183
26326,1,2.211596769850585
27397,1,1.8967347898489175
823,1,0.6119841380625045
1241,1,0.6144487259285044
3204,1,0.3731252568853769
4476,1,0.7823317109160249
4877,1,1.0310436816310045
11283,1,0.6547607608936333
14891,1,1.1905016430121538
15895,1,1.4716814430491907
19860,1,1.6212894022179793
25278,1,2.136219970392394
25780,1,2.107029389552276
26748,1,2.1701710503120037
27118,1,2.16476118776554
27402,1,1.887299168586481
27532,1,1.5961720268785051
113,1,4.293301041015043
616,1,0.6573042756828235
827,1,0.6249752598034382
1245,1,0.6172388704848915
3034,1,0.45257085289408233
5086,1,1.2921852154007523
8302,1,0.6587205008089592
12319,1,1.8622310281322543
14895,1,1.2174336170734852
15899,1,1.5059858508440394
17958,1,2.0416613787325493
18799,1,2.135908264712524
19863,1,1.7542258622413076
20937,1,2.0833359027042317
25784,1,1.9168831624287455
27122,1,2.1107272958850642
63,1,4.1858892211913865
494,1,0.6329461399718211
832,1,0.6318656767083995
2371,1,0.479513193351969
2867,1,0.43901273183330225
4477,1,1.2479064648263354
4881,1,1.5513381062544362
10251,1,1.833703167137443
13301,1,1.9709482751124596
14900,1,1.0648022630139773
17963,1,2.1434876397400133
20942,1,2.3028438945476086
23860,1,1.7943201101208863
25789,1,1.5270341752648238
27411,1,2.0401791118163386
27613,1,1.8938250108154886
44,1,3.8527514569611743
238,1,0.5374299203214057
2376,1,0.4394704763863173
4093,1,1.0921940645802466
4886,1,1.8313385511857414
9403,1,1.712199042707457
11711,1,1.9508473317567057
13307,1,1.8956384757873257
14100,1,1.7109722917563497
14905,1,1.0600161345777266
15909,1,1.104240883206397
16521,1,1.5939490015046793
17968,1,1.9475440818897674
21160,1,2.177300275941903
23055,1,1.6396988849655088
25794,1,1.6764431360763579
26346,1,1.5116432212814548
26763,1,1.8224924607709103
27132,1,1.7881613718508296
27723,1,1.736208388411164
16,1,3.37607725248133
242,1,0.5201800769885497
503,1,0.5737805531316981
768,1,0.5980175480819795
1261,1,0.4733131246318367
1728,1,0.4823220654607465
2381,1,0.4939769638195854
4097,1,1.6308952820537819
5100,1,2.457011158218166
10260,1,1.824402790920811
11509,1,1.826318445518335
15914,1,1.095442166086939
19879,1,1.8301523008735667
21165,1,1.912570894741839
22012,1,1.5830338348486388
23059,1,1.3555359977691235
24059,1,1.194598346296846
24759,1,1.785274090744878
25943,1,1.6769536350993368
26352,1,1.5959221311127791
27468,1,1.7029550162271119
27623,1,1.957364841840003
27727,1,1.8532606579487323
27795,1,1.3690945322359604
7,1,2.216951580912293
508,1,0.7814113762328891
1266,1,0.6354698876238363
1733,1,0.6034046132225488
2081,1,0.5469411396626052
5105,1,2.725061011555714
10265,1,1.7568170234343885
11514,1,1.7670518381771079
13317,1,1.7260539495534395
14731,1,1.0576635598827664
15919,1,1.1982065700097115
20957,1,1.8476106657440572
23064,1,1.0796979702600522
24064,1,0.9914404649268497
24932,1,1.6642576602747436
26773,1,1.355776945400069
27628,1,1.6489025189586979
27809,1,1.1923504000048861
2,1,1.7492599468272816
108,1,0.6361662882612841
852,1,0.7579378889446561
1738,1,0.8381520056858166
3208,1,1.0793151258619702
4107,1,2.2867523815990194
10269,1,1.6729518747989043
13322,1,1.776824930313654
14115,1,1.9440207643106935
18823,1,1.802928247044989
20104,1,1.860234163629042
23069,1,0.998553422187943
24936,1,1.502449521341849
25631,1,1.6332415876266773
26360,1,1.3658720474458599
27633,1,1.2816161066529137
27814,1,1.1836077006260455
6,1,2.4707134584563084
112,1,1.0749007845056169
258,1,1.429965346305335
518,1,0.7429628176882649
1550,1,0.6510524201953929
2541,1,1.1573180743785658
3213,1,1.074145640518103
4113,1,1.377243890479787
7033,1,0.9318315599521173
8987,1,1.2912068887819952
10275,1,1.6550502284787765
11316,1,1.8019706433652483
12349,1,1.737460290593037
17157,1,1.9698387515552285
19894,1,1.7760265753383724
23074,1,1.2037553086722257
24074,1,1.0254581495609494
24942,1,0.8577391852644459
25799,1,1.386864841848902
26534,1,0.9951973930042328
27152,1,0.9268334227338724
27638,1,1.0636573384759704
27742,1,1.1150923959978964
27818,1,1.1354230947121149
27846,1,1.5316658354498722
3218,1,0.5463683310710125
9428,1,0.9071841129031144
10279,1,1.018151785104217
12354,1,1.0838943622191732
13331,1,0.8565614343799332
15732,1,1.2289886319886785
17993,1,1.0490595929494035
18834,1,1.0129341963367706
19899,1,1.0705449838044472
20972,1,1.216277551650745
22031,1,1.1711622723675787
23079,1,0.9272323573887391
24947,1,0.7354736011024654
26176,1,0.775714974801715
26787,1,1.4613660493164107
27156,1,0.7001977906539112
27440,1,0.86859628083131
1841,1,2.5242486631811873
2390,1,1.1294170218938628
3223,1,0.3491972957422796
6399,1,0.47097068779752516
7043,1,0.4406230292512345
8125,1,0.39870801672585543
14130,1,0.5365626192855165
15737,1,1.0307346979382541
16962,1,1.0787389253339705
17998,1,0.9388773009488067
18838,1,0.8993674991680296
23084,1,1.2263143834991586
26361,1,1.276039160675712
27869,1,3.390481389949061
3228,1,0.6073576745433552
6190,1,0.46416487984185806
10290,1,0.5055265886576813
11331,1,0.6951291814872461
14135,1,0.8207433502523416
15944,1,0.903843644764852
16967,1,0.3744836301749716
18003,1,0.21133578496920824
18843,1,0.25176124516763987
24089,1,0.864981136638603
25814,1,0.4192182723553888
26274,1,0.4098852152321895
4132,1,0.9258565079579222
6195,1,0.7146610456600554
7053,1,0.6758939880302717
12369,1,0.6836636606590708
13346,1,0.5216104188460614
14001,1,0.6325798479446805
15949,1,0.6069193887440251
16972,1,0.5624024608140642
23094,1,0.710056535168888
24094,1,0.7897761753090213
28189,1,0.8112434582580078
3235,1,1.5718045092741386
12374,1,0.7008705877223188
13351,1,0.5207064817050131
15954,1,0.39207934973740366
16977,1,0.5022505986126671
22051,1,0.8233507747888017
23099,1,0.880840811763239
24099,1,0.8859317774247244
24967,1,0.8859824866080683
25483,1,1.1035199343247775
2721,1,3.5942647264119993
12378,1,0.6974231695200344
13355,1,0.42859283414036936
15958,1,0.4250521293237173
16981,1,0.4675637589585474
24971,1,0.8431053956362281
2557,1,3.289063422411748
3244,1,0.4627958246533219
4146,1,0.718587070880023
4941,1,0.6762900830017735
7933,1,0.5686972390523923
13360,1,0.5990825922804379
14443,1,0.5491287316181283
14959,1,0.4717827599674036
21002,1,0.7126545240059409
22060,1,0.7878237191630468
24976,1,0.8293436981217309
3250,1,0.7668807382773204
9244,1,0.5197493678050955
11356,1,0.5729935469289638
12388,1,0.5721636351676154
13365,1,0.7059187400896593
14447,1,0.7849930558853564
18027,1,0.5787326330106257
19933,1,0.5421172271009546
22065,1,0.623910189968773
24113,1,0.7736105660214475
2401,1,2.8353105067508975
3254,1,0.5760240216486737
6219,1,0.5420232377944149
7077,1,0.5363590186153147
11361,1,0.5045792918958897
13370,1,0.822014081531254
16996,1,0.5885637721684402
18032,1,0.8550093142083423
18872,1,0.6989625445913001
19938,1,0.48391160255999566
21011,1,0.5409388605617159
23118,1,0.7225830320820109
24118,1,0.775393297464922
24986,1,0.7969211000119659
25819,1,1.6869190414524158
2406,1,2.6736646241266375
3259,1,0.39380606600914286
4161,1,0.369214442541845
5164,1,0.3097693656147284
11366,1,0.5255261877590272
12398,1,0.8113618867925521
13375,1,0.8158146974060447
14974,1,0.5711342824088026
15978,1,0.5586463789962259
18877,1,0.762944194004662
19944,1,0.5673906826562738
23123,1,0.6846888444046616
24123,1,0.6797436491305379
25669,1,0.904515187276147
2411,1,2.290331764121592
3089,1,0.3469675111138116
5169,1,0.21536168916652265
10538,1,0.357582088638938
11371,1,0.5865380524691101
12403,1,0.7093773108351981
13380,1,0.6239519577392337
14979,1,0.6420094300402807
15983,1,0.519694008028931
17006,1,0.8730761519462981
18042,1,0.8645141266530116
18882,1,0.6663938692014413
22080,1,0.6599935337233235
23337,1,0.6579656870043556
24128,1,0.6995211632174076
25673,1,0.9702490944955472
2416,1,1.5375645964701583
8392,1,0.3156200449162937
9264,1,0.34979558149702183
10334,1,0.33505116947972685
12408,1,0.6183793208194219
13200,1,0.532958444021809
14984,1,0.4397629493169707
15988,1,0.45982528670602896
17011,1,0.650759260547323
18047,1,0.634332169953023
23133,1,0.6754087276757031
24133,1,0.7363326531934006
25002,1,0.9046071228172727
2421,1,0.8300148744481398
4176,1,0.17980336336378971
6239,1,0.23048108510045623
7097,1,0.3081206124566261
9487,1,0.4631518376227144
10340,1,0.4599014346360569
11381,1,0.5001727305316339
12413,1,0.6267523410431846
14989,1,0.6209507845294799
15791,1,0.31989104679888675
22090,1,0.7028534571757178
24138,1,0.9090251338421803
25006,1,0.9281832164124821
25831,1,1.0217727169043136
1962,1,1.0763595275319047
2426,1,0.4534672393537531
3279,1,0.16920441227869223
7318,1,0.37624942681011325
8401,1,0.40252064837346835
11385,1,0.47689853623354383
12417,1,0.7198597869603239
14993,1,0.16121389995130184
19963,1,0.6579911975525484
24143,1,0.8951642881668633
25011,1,0.9313299145620108
25836,1,1.0297672717338968
2431,1,0.42527882360580715
6248,1,0.2866069010792566
8189,1,0.39032876419087054
11391,1,0.6116633511025976
12423,1,0.6576773120020591
13013,1,0.9708288176842228
14453,1,0.3671141223331391
24148,1,0.8819900135720805
25016,1,0.9029512245633315
25841,1,1.0814459081035948
1845,1,1.2297629478491028
2436,1,0.8234196001408662
4190,1,0.1271371051373032
9502,1,0.48042995809130895
10354,1,0.48858091085491673
13383,1,0.6741518588568897
14299,1,0.35138389527671793
19973,1,0.625018746295467
21046,1,0.6450468480176058
23153,1,0.7080972808256092
25021,1,0.8860710149244767
25846,1,0.7011414081926026
2441,1,0.7104940090526928
3119,1,0.4696271085828674
4010,1,0.29504147482358584
6259,1,0.271818319681833
8199,1,0.27524042086686196
9289,1,0.40176123653378853
10359,1,0.5146353107358712
11401,1,0.3635408142156593
12433,1,0.22426264157032064
28001,1,0.52468263061401
18912,1,0.4164051303556719
19978,1,0.3310879008869905
23158,1,0.5980783972839542
24158,1,0.6842576312367614
25026,1,0.7117283616969481
25851,1,0.5011853972118593
1741,1,1.5437694512996838
3298,1,0.4431989403477948
4200,1,0.3812282740310294
11406,1,0.6673309163946048
12438,1,0.2701441425209762
13393,1,0.1755949708116334
15013,1,0.2576540671264824
17040,1,0.16324546923397038
18917,1,0.13753092123989372
19983,1,0.36823198397635554
21056,1,0.3854509547149026
22115,1,0.2632825387508984
23163,1,0.34494504966387823
24163,1,0.5305837409439256
25031,1,0.5728275204412123
27857,1,1.6685366920924247
2288,1,0.3475011624072251
3303,1,0.5779453681873727
6269,1,0.2361577383462344
8209,1,0.7206329370287023
9298,1,0.5434972113814374
27967,1,1.9545260819485433
27981,1,0.8232078646570872
28051,1,0.9999380099790034
18290,1,0.2225390334031113
19987,1,0.2716443058807461
21060,1,0.5389269406729379
22118,1,0.3723307361459035
23166,1,0.3917574090910808
24166,1,0.4735160604298091
25035,1,0.42649170186510604
25860,1,1.225070183653937
27918,2,0.4253597110915069
8211,2,0.4376897656723829
9083,2,0.3855587059800187
28125,2,0.025636220318118564
20418,2,0.046876410525252425
5210,2,0.6144099048942898
6057,2,0.5708631081515565
7130,2,0.5539249909638828
7997,2,0.5747093673586519
9087,2,0.5963848464743374
9948,2,0.28228832004887355
18291,2,0.03659030485097702
18922,2,0.04428647795666029
19776,2,0.08499579545553591
20849,2,0.08209586810951769
21908,2,0.03945877221985713
22958,2,0.06358119308822452
3482,2,1.3058443667400945
4019,2,0.9333819645098916
4798,2,0.7933975553213928
5849,2,0.5735080812085099
7136,2,0.5909724724826301
8002,2,0.5899826506125172
9092,2,0.5999500442621511
10161,2,0.23550487815457014
11204,2,0.09025060037676572
12238,2,0.14060608642434913
16840,2,0.03768185477987901
17874,2,0.03355854446964474
18716,2,0.05667938805620683
19565,2,0.0968791416290093
20854,2,0.08711084358932468
21913,2,0.09829068335999393
22961,2,0.16617081502287043
23977,2,0.049074013957002255
2451,2,1.5303590908137819
3131,2,1.460927657794619
4023,2,1.3584190811394556
5007,2,0.9703347680786385
5853,2,0.6482384698943637
6925,2,0.6029985039920231
8225,2,0.609251594355721
9097,2,0.5988931253470794
10167,2,0.5816598688865087
11209,2,0.22407000334278382
12241,2,0.16534988826996175
13218,2,0.10270695765660273
14012,2,0.10492351686712156
15017,2,0.09639767483427998
15821,2,0.08081804573795474
16843,2,0.07448315724412269
17880,2,0.07126663279810702
18932,2,0.16494547383091784
19571,2,0.196328823354831
20860,2,0.2115291344210933
21918,2,0.16322098397964685
22966,2,0.14459444451177683
23982,2,1.1108959914623755
24699,2,0.6088676041332132
1745,2,1.2445595080330156
2293,2,1.2486658357632887
3135,2,1.3067640367609619
27900,2,0.6236864697421106
7146,2,0.45697649829970444
8012,2,0.4731048501851665
9102,2,0.6181558584749989
10171,2,0.7328681925166872
12246,2,1.0105545256335762
14017,2,0.22594159780298614
14821,2,0.16880558100547935
15826,2,1.5672021558714624
17677,2,1.9777531977937082
21923,2,0.26906600999510905
22971,2,0.13719107566684127
25551,2,1.045724764382917
1645,2,1.0456889330622492
3141,2,0.9656739335621242
7150,2,0.8129067984829987
8016,2,0.9435502551090146
10177,2,1.2653250472171418
18941,2,1.9792046055986037
20010,2,1.1753265967729953
21928,2,0.3241102232799246
22976,2,0.3432035957060566
24709,2,0.9537015966674088
1649,2,0.5861062224378326
2971,2,0.5060017744875849
4037,2,0.527721417112606
10181,2,1.5344274255956776
12255,2,2.0017466074970276
13232,2,2.0935158939734118
17895,2,1.3833173485688948
18734,2,2.142866831343187
20874,2,0.41644571037519224
21932,2,0.13462122898903056
23996,2,0.2703992914824148
25720,2,1.1623366062765632
28232,2,0.2899905554856049
1279,2,0.4542308871193155
1654,2,0.7698285236249098
2307,2,0.4928925611387422
4042,2,0.5195329501443198
6087,2,0.7707536286530821
11228,2,2.6568728715511556
12260,2,2.5337291351240756
20019,2,1.2051553574077245
21937,2,0.8542022289451284
24884,2,0.6337129371052643
28240,2,0.9002863191857997
26278,2,0.7002245003476386
28017,2,0.6003165166772751
13243,2,1.2896356842115158
15845,2,0.9680999463058599
21942,2,0.9974930607964446
25731,2,1.0932917761409857
26535,2,0.36635915388579077
6096,2,0.955682589142948
7170,2,1.0871486859900756
8037,2,0.9888837183426706
9126,2,1.201265449910787
10197,2,1.0928624571219712
16667,2,0.9121420991284289
18749,2,0.6929415600354564
19815,2,0.717588832926529
24011,2,0.8415596548746044
25735,2,1.1877551592457236
26287,2,1.0981059963838185
2323,2,0.33057519897263615
3165,2,0.41756070372477755
6101,2,1.8649494898471988
8259,2,1.085046544125722
10202,2,1.0680356080687177
11244,2,1.0192404628538332
13253,2,1.1439461202030559
14851,2,1.1897517783138263
15855,2,1.1355851737995903
19820,2,0.8658294667644425
20893,2,1.008986771412479
23000,2,1.3203617981915827
26293,2,1.3420054245407942
26709,2,0.8867337551759245
1206,2,0.6611456247027704
2327,2,0.43508584334635486
3170,2,0.5354157004434932
13257,2,1.0338536993971885
14052,2,0.987394103211738
14856,2,0.9842226607198037
15860,2,1.1617759869318023
23005,2,1.2370677686594265
24021,2,1.2876095571300765
25746,2,1.3091883460916802
26297,2,1.4246270151892337
26714,2,1.3010846386764219
26946,2,1.8464256252982287
582,2,1.6523601115192434
4067,2,0.9796641710958118
11254,2,0.8547941667979847
14055,2,0.8836422282011476
14861,2,0.9137794732657818
16888,2,1.529974134774968
19830,2,1.40776579428188
21962,2,1.3571411578345742
23010,2,1.3809193239714248
26302,2,1.4971242413323573
26718,2,1.5087511853448365
2337,2,0.6973077422200685
3180,2,0.9127018212356468
4072,2,1.0725280501681314
6974,2,1.0756532506333507
10215,2,0.7827948169062854
13083,2,1.1411975712248237
14061,2,0.7716265925856662
15870,2,0.7962655566830329
16893,2,1.267233268922782
19835,2,1.5611795771194936
21967,2,1.4612668321315077
24031,2,1.4110372317907247
24914,2,1.3847114820010682
27093,2,1.9769900541503498
1689,2,0.734051378828717
2342,2,0.6054186521832869
5062,2,1.2655967563673545
8061,2,0.9722522899598132
14066,2,0.784038988889973
14871,2,0.6165000451566828
15875,2,0.5855543646585896
16898,2,1.0015691088573717
23020,2,1.5581186698798726
24036,2,1.503725589644094
26312,2,1.7419435912268573
305,2,1.6503366345667787
1317,2,0.8246236630961472
2347,2,0.6540125985936253
3016,2,0.965590666812557
4082,2,1.0436364340719662
4862,2,1.199544405012653
6126,2,1.3507391747981756
11267,2,1.0926067359992473
12300,2,1.201964339308385
14876,2,0.670580116194141
15880,2,0.7192159786397817
16903,2,1.0428832012918121
17939,2,1.3823892896122647
18779,2,1.5555955160988852
20918,2,1.7629310880805624
24041,2,1.6978484353253824
24924,2,1.8698559297642283
26733,2,2.0419224001633314
27103,2,1.9314962039645032
27338,2,1.90249746317014
259,2,1.9023065268795956
812,2,0.8037539858305589
1231,2,0.8341082788877356
1698,2,0.7967025879890479
2352,2,0.6765994078414204
4087,2,1.010800979262573
5072,2,1.0578096138727122
6988,2,1.3254317705894008
10231,2,1.0419987580868122
11272,2,1.1736428029989538
12305,2,1.1583182741937823
14881,2,0.7735954221400935
16909,2,0.9059614185755943
17944,2,1.097139216175951
18784,2,1.170391680749723
25098,2,1.9244206297442372
25769,2,1.9536923649408577
26739,2,2.108717042575016
27108,2,2.129759403503205
27392,2,2.076451916942534
266,2,1.312639068843857
1236,2,0.8088017307837636
1704,2,0.7698814704644494
2357,2,0.5984273493905424
3200,2,0.5741537449705449
4281,2,1.1078939777554866
5076,2,1.1964033233092486
10025,2,0.9552470557794541
13464,2,0.8940750834153883
14886,2,0.8484776588281296
15890,2,0.782882658046097
16913,2,0.98528427756217
18790,2,1.2673436265574973
20069,2,1.2607881745834026
21987,2,1.2968963215149063
23035,2,1.4111036260038514
25103,2,1.7400305778047496
25775,2,2.0033250460733516
27397,2,2.1292817866590217
270,2,1.2764662220524572
823,2,0.7263503334012295
1241,2,0.7269088766173625
2362,2,0.4902043335454407
3204,2,0.554906659026654
4476,2,0.8107151006596882
14891,2,0.9462299414182179
15895,2,1.0692442724180424
16918,2,1.2168319371785599
18794,2,1.3859525741929795
19860,2,1.3825011426079918
23040,2,1.3170659196484737
25278,2,1.7459026367654227
25780,2,2.0146196911335266
26748,2,2.123352790647574
27118,2,2.0868252809515204
27402,2,2.282264902456429
27532,2,2.299438754495279
113,2,1.7635803322952415
616,2,0.700108007831112
827,2,0.6773047034944026
1245,2,0.6755333629357336
3034,2,0.36698038143019335
5086,2,1.0168225628908882
8302,2,0.7848827061484678
12319,2,1.0158815217595802
15899,2,1.1073772563570279
17958,2,1.3766880569971744
18799,2,1.5005087932759986
19863,2,1.4050545852465226
20937,2,1.4238291185755283
25784,2,1.7650892928718793
26753,2,2.0273555506156384
27122,2,2.0019756559506883
27406,2,2.198811885249083
63,2,1.2908438129965984
494,2,0.6330587857385485
832,2,0.6347275937742204
2371,2,0.48090821160243097
2867,2,0.4114960312488845
4477,2,1.172453315685756
4881,2,1.0333925700470337
7008,2,1.0042280092856333
12324,2,1.2686135753701504
13301,2,1.1880874430342432
14095,2,1.1040102151969577
14900,2,0.9635925170154094
17963,2,1.5046030133567934
20942,2,1.6527053235461757
25789,2,1.178971981250707
26758,2,1.9921935235440216
27411,2,2.1776954966764994
44,2,1.033370834299937
238,2,0.6339248044217494
1255,2,0.5698772778395294
2376,2,0.4634168142343278
4093,2,1.1347212369076691
4886,2,1.4423431322388964
9403,2,1.2593049586204053
10255,2,1.547141383468023
13307,2,1.8116207366265697
14100,2,1.5430004011444178
14905,2,1.1802114974046758
15909,2,1.2058646669048452
16521,2,1.4275383259064383
17968,2,1.5053803022578647
21160,2,1.7350710731632233
23055,2,1.667696979859589
25794,2,1.7090184023737731
26346,2,1.6144214525365463
27132,2,1.9368503335643144
27313,2,1.887734237473389
27723,2,2.8055832529490097
16,2,1.352692301687134
768,2,0.5742790792697557
1728,2,0.5243575609822039
2381,2,0.5627960992619698
4097,2,1.6919043003146401
5100,2,1.6673260969669799
6160,2,1.5426209855555169
10260,2,1.6457056567274195
11509,2,1.6094611363736018
15914,2,1.1962662505139572
21165,2,1.755450673153313
22012,2,1.8141778768164323
23059,2,1.7678536855428661
24759,2,1.6248602355818957
25943,2,1.5176769373522248
26352,2,1.5123634151107919
27137,2,1.7553065080240813
27623,2,1.9669893951591004
27727,2,1.9628554509749592
27795,2,2.2081645541901276
7,2,0.7272394430243762
508,2,0.5278183055872584
847,2,0.616861757575684
1266,2,0.5650534068861117
1733,2,0.48434682595554934
2081,2,0.5374202772995419
3377,2,1.2455823853949028
5105,2,1.7665461302562404
10265,2,1.6258435015170503
14731,2,1.4840342265193978
15919,2,1.1279881047987605
17978,2,1.3662918152759123
20957,2,1.9516426708740091
22016,2,1.9275805598661533
23064,2,1.5987805316440238
24064,2,1.457032152126228
24932,2,1.576213980082954
26773,2,1.5790133330815992
27628,2,1.6898116649920392
2,2,0.9446902651370127
852,2,0.6301024530595147
1738,2,0.48477576458150196
3208,2,1.5117273345032294
4107,2,1.9355082694904344
10269,2,1.60059329706398
12344,2,1.8421817498534625
13322,2,2.111722542019323
14115,2,1.4791636060312958
18823,2,1.571868751377368
20104,2,1.8742183972119495
23069,2,1.3251686549323969
24069,2,1.2435831667076582
24936,2,1.5972644825689128
25631,2,1.5353179526626823
26360,2,1.3940791294924233
27633,2,1.6513487823821664
27814,2,1.565776688243348
6,2,3.849832709063534
112,2,3.1888072703808064
258,2,3.4215355799861573
518,2,0.7395272753890191
1275,2,0.7370809924974399
1550,2,0.4851002321046537
2541,2,0.6685103235187074
3213,2,1.5864851798717925
4113,2,1.653785730190516
4907,2,1.672640169816206
8987,2,1.4832373071840737
10275,2,1.5680480699088724
11316,2,1.6219212680734358
12349,2,1.3385894692350113
17157,2,1.27630782995467
23074,2,1.196701435882433
24074,2,1.1689194359178514
24942,2,1.3861102755879986
25799,2,1.7364051330496255
26534,2,1.5307363352170202
26783,2,1.542143755650224
27152,2,1.9155262180993473
27436,2,1.8859312880177248
27638,2,1.7203742992843012
27742,2,1.5043633793476834
27818,2,1.6888113272465017
860,2,0.6270071447751637
27846,2,1.5078652872547096
3218,2,1.0557396570484427
8120,2,1.4276452606076506
9428,2,0.9179551337075978
10279,2,0.9116857604564935
12354,2,0.8378747732017713
13331,2,0.837307124149166
14125,2,0.9133850799086538
14930,2,0.9367675738137077
17993,2,1.30583733787038
18834,2,1.467721208865585
19899,2,1.5045077586902262
20972,2,1.2657054211677998
22031,2,1.210865077567206
23079,2,0.9650616170191915
24947,2,1.3252355364359276
26176,2,2.3686043664327756
26787,2,2.2447141109527706
27156,2,1.840424678653548
27440,2,1.949847662801
27607,2,2.0363564775405147
1841,2,0.9180878855392977
3223,2,0.3899318784754034
6399,2,0.6602760671245325
7043,2,0.7212175499218647
8125,2,0.8062912182143896
9433,2,0.8715559442716686
14130,2,0.9363062751528274
15737,2,0.35759005966661106
17998,2,1.3090095883286503
18838,2,1.5151382419128232
28131,2,0.5310367970848392
23084,2,1.0146941580735407
25809,2,1.0136522858765
26361,2,4.469428527805715
27869,2,3.4033946828220043
3228,2,0.5677411896426405
6190,2,0.6656224061907939
9220,2,0.44823819644969226
11331,2,0.8919600560878047
14135,2,0.7737908374265078
14940,2,0.7786197406187364
15944,2,0.7117937579253698
16967,2,0.5862013576420849
18003,2,0.2872513190437073
18843,2,0.280053088986822
24089,2,0.8723625646719207
24957,2,0.6725695161014049
25814,2,0.4435011591750553
26274,2,1.3576437169785154
4132,2,0.17818488868502802
6195,2,0.238547188624107
7053,2,0.28861389323961295
9225,2,0.44530150596075785
13346,2,1.1681928520445763
14001,2,1.1012446882863207
16972,2,1.0869216082126347
23094,2,0.48668511667030984
24094,2,0.8023397363641352
28189,2,0.783919677452266
4137,2,0.8190912307634926
5140,2,0.8106207505902614
12374,2,0.8653559982214484
13351,2,1.019659123849551
14950,2,1.113102935212252
15954,2,1.0177670385843731
16977,2,0.9678527886753855
18013,2,1.0555297119394598
22051,2,1.1537157159192986
23099,2,1.1054085817721284
24099,2,1.3840730770201966
24967,2,1.5336570400236782
25483,2,2.5693619018197973
2721,2,1.9223998383558096
12378,2,0.7207539922294511
13355,2,0.9255800680792509
15958,2,0.8379241371478592
16981,2,0.8276952211522082
20996,2,1.0371088975513345
24103,2,1.3860173405449767
24971,2,1.5086211720031426
2557,2,2.702007915568385
3244,2,0.5831842883680921
4941,2,0.7346018370818835
13360,2,0.5691035248861944
14443,2,0.36153023734201367
14959,2,0.5150421598544295
15963,2,0.5485510828198911
21002,2,1.2173353365663226
24976,2,1.4479779238994688
25654,2,1.6365929533771508
3250,2,0.5464095537188542
4151,2,0.6683266501482722
9244,2,0.7036161836650274
11356,2,0.5907837264179654
12388,2,0.5100396128741888
13365,2,0.23644550188530986
14447,2,1.0741696835842809
14964,2,0.3197109629208849
16991,2,0.6723654894188169
18027,2,0.8300312652026121
18867,2,1.0594605260377112
22065,2,1.255226925425072
24981,2,1.4458520907572154
2401,2,0.8964231331093286
3254,2,0.6663181053942154
11361,2,0.5453948136120232
13370,2,0.14478500912508446
16996,2,0.5738874260991765
18872,2,1.04808465981357
19938,2,1.253286123136301
21011,2,1.2133394878909527
23118,2,1.262093710221347
24118,2,1.3034678606929615
24986,2,1.431781217875238
25819,2,1.5960857866042761
2406,2,0.9742629891424706
3259,2,0.5874901567928449
4161,2,0.5677208235835723
5164,2,0.5277154554554251
10324,2,0.5765196679509987
12398,2,0.11747853826179998
13375,2,0.33872174220565937
14974,2,0.3435646819341748
18877,2,0.8476243441838821
23123,2,1.2637851890331449
25669,2,1.4388579201542637
2411,2,0.8223085837828055
3089,2,0.5145916860834294
4166,2,0.4725880019241175
5169,2,0.4267970143493467
10538,2,0.42636816620244017
11371,2,0.22222694474815766
12403,2,0.07781986060378465
13380,2,0.5208486642311309
14979,2,0.3699674294200423
15983,2,0.45493475625986096
17006,2,0.46192120410893156
18042,2,0.5581611592978861
18882,2,0.8789924594871664
22080,2,1.16785897268005
23337,2,1.2180756925678573
24128,2,1.2720911234081116
2416,2,0.963251228230374
3269,2,0.4497043931796088
5174,2,0.33691324762095043
9264,2,0.4117462844943349
10334,2,0.4132730486270774
12408,2,0.08588946588931869
13200,2,0.2568721083697079
14984,2,0.7031756009243952
15988,2,0.5666670062603119
17011,2,0.5200367215827373
18047,2,0.7783653094682501
23133,2,1.1957050112398684
24133,2,1.5365768521315213
25002,2,1.4868806018798306
2421,2,1.1717231288805399
4176,2,0.3194080308949898
6239,2,0.32557984085543284
7097,2,0.358156178860511
8179,2,0.3670750610266364
9487,2,0.39788853996987733
10340,2,0.36725007976360147
11381,2,0.25021398506303427
12413,2,0.17925594785052767
14989,2,0.7342644233149486
15791,2,0.6760507831794265
22090,2,1.1508522094589828
24138,2,1.6221109025439877
25006,2,1.575757634019561
25831,2,1.3129133315980728
1962,2,3.205116966471537
2426,2,0.8945986625104485
3279,2,0.445415487337551
6244,2,0.2716537688498422
7318,2,0.2944485701598596
8401,2,0.3123760128638007
11385,2,0.1435041170132491
12417,2,0.24147611824420598
14993,2,0.72875678707596
19963,2,1.0141603471552616
21036,2,1.0825091059746972
24143,2,1.5690281317121035
2431,2,0.5855585553490867
6248,2,0.2064159278331102
7107,2,0.20309819467737653
8189,2,0.24154979757394138
11391,2,0.13563366911148533
14453,2,0.9417558784549805
14998,2,0.7244340935597299
17854,2,0.8370467814340562
23148,2,1.409656914846953
24148,2,1.5295126164289679
25016,2,1.466828529620777
25841,2,1.276263158403147
1845,2,3.11934286231814
2436,2,0.4343882970354083
4190,2,0.35936537701328286
6039,2,0.18442953222925856
10354,2,0.0947706344244062
14299,2,0.6805830848161003
19119,2,0.9075671612275689
19973,2,1.020886463699936
21046,2,0.9191270731805353
25021,2,1.2719944588917884
25846,2,1.269541401164197
2441,2,0.5203989484646715
3119,2,0.5521624018766659
7117,2,0.27615747822431785
8199,2,0.1686967428382074
9289,2,0.06421727006911061
10359,2,0.009221291178432268
11401,2,0.340589167440355
12433,2,0.22841444549183013
28001,2,0.7560729043090438
18072,2,0.7922341279641658
18912,2,0.8551221754406637
19978,2,0.651699525925723
23158,2,1.3312793544224313
24158,2,1.286277443296245
25851,2,1.13956441769345
1741,2,3.0032197425315843
4200,2,0.297401688916467
13393,2,0.5379058994717527
15013,2,0.575697481965851
17040,2,0.7413036456567493
18917,2,0.6674306680221598
19983,2,0.8992403913586976
22115,2,0.8673459637803795
23163,2,1.1614598653105617
24163,2,1.3042748863998979
25031,2,1.2412664425624078
27857,2,2.928487087559136
2288,2,0.9196191516932727
3303,2,0.2143318057845805
7126,2,0.2620341135584734
8209,2,0.34960701893849216
9298,2,0.15122033725604592
27967,2,2.8545086428708837
27981,2,1.5178486634593535
28051,2,0.9632949013674402
18290,2,0.5330524661944613
19987,2,0.4387786591766714
21060,2,0.7171554599646023
22118,2,0.8735459151533895
23166,2,0.8709365154790544
24166,2,0.8510637394993055
25035,2,0.7738094456130316
25860,2,0.9782146800456619
27918,3,0.19379359694926332
8211,3,0.19937977029476567
9083,3,0.1482636710030368
28125,3,0.0976319158757342
20418,3,0.13156802626102698
5210,3,0.43728328103699665
6057,3,0.37893393014162485
7130,3,0.31384184265502846
7997,3,0.30907500780809405
9087,3,0.2786464703275647
9948,3,0.18757150297558714
18291,3,0.15268505205292068
18922,3,0.20250326552505155
19776,3,0.22473965141642974
20849,3,0.20247049611027668
21908,3,0.15236208202315604
22958,3,0.14662046499708506
3482,3,0.7018693684395307
4019,3,0.5664497111218659
4798,3,0.5516269937914149
5849,3,0.4080500158496005
7136,3,0.3672499640914783
8002,3,0.34708881326595026
9092,3,0.33110854510062593
10161,3,0.22545200235722107
11204,3,0.15435876828080114
12238,3,0.19092581945263434
16840,3,0.1050107168003438
17874,3,0.10649071431151695
18716,3,0.2264853424747087
19565,3,0.23713073374405114
20854,3,0.23039868643798314
21913,3,0.2219749935037984
22961,3,0.2447899943344876
23977,3,0.013889849258581515
2451,3,1.0445011409740992
3131,3,0.755944472468197
4023,3,0.7364693005850751
5007,3,0.5980580504612008
5853,3,0.47391596775572215
6925,3,0.4246830662157483
8225,3,0.40497529382276776
9097,3,0.39788710410717526
10167,3,0.3749343844005936
11209,3,0.27357324778017167
12241,3,0.22951855433754773
13218,3,0.18871577392723884
14012,3,0.17792776435436736
15017,3,0.18172082537738685
15821,3,0.16367560572444292
16843,3,0.14569060299928743
17880,3,0.16417301014038985
18932,3,0.26801465990377366
19571,3,0.28651292730835176
20860,3,0.3174076649558592
21918,3,0.2829236742598372
22966,3,0.28665425942577527
23982,3,0.36243403490595966
24699,3,0.17570224315522096
1745,3,0.4149248239096916
2293,3,0.9222141175996651
3135,3,0.7762196445543514
4028,3,0.6322043409546183
27900,3,0.4992885565600038
7146,3,0.4338460333032165
12246,3,0.3734699696789704
14017,3,0.2213232345397578
14821,3,0.21073331556115
15826,3,0.24167304200527012
17677,3,0.43512017445825346
21923,3,0.31593773576948453
22971,3,0.3136573288601335
25551,3,0.3738453800400707
1645,3,0.18028814975117474
3141,3,0.8090714224824125
5018,3,0.5741936516866704
7150,3,0.44003185033547254
8016,3,0.41230877444491376
17890,3,0.5987833340320028
18941,3,0.6457443612473331
20869,3,0.6809469225907573
22976,3,0.601492197810551
23991,3,0.5811292107139878
2971,3,0.6089568620410396
10181,3,0.2961562632531523
12255,3,0.11372932235363889
13232,3,0.3888319305696364
17895,3,0.6164300553152355
18734,3,0.6145014441831708
21932,3,0.8024520469044042
23996,3,0.5135904186835151
25720,3,0.6829498836172478
28232,3,0.15097717383999557
1654,3,0.48185433383411436
4042,3,0.5669030978025353
5027,3,0.46466703353421124
6087,3,0.35681685518479456
11228,3,0.3206239494464939
12260,3,0.005401261161079499
20878,3,1.3049227613469043
21937,3,0.48107590539399264
28240,3,0.5070103242585242
26278,3,0.33000001493572667
5032,3,0.4476835395432488
10193,3,0.9960672778567177
28017,3,0.17231922858763332
13243,3,0.7487946423104992
15845,3,0.2983551327884525
19810,3,0.5566415242825765
21942,3,0.012893653892606032
25731,3,0.6136530327368619
1196,3,0.5297535694586215
6096,3,0.39849174274213617
8037,3,0.5238607820447144
9126,3,0.5338863488209444
10197,3,0.8027802671994043
16667,3,0.3858757336749415
21947,3,0.649875333914492
25735,3,0.7841653029590595
2323,3,0.47023569984230257
4838,3,0.7803025196459216
6101,3,1.2585736323799326
10202,3,0.9142330762455831
11244,3,0.8576425344332587
13253,3,0.8348595380850804
14851,3,0.8636456503369777
19820,3,0.512482479145324
20893,3,0.6048107732317823
23000,3,0.8226451752775256
25740,3,0.7510617195234773
26293,3,0.8200350098215884
26709,3,0.697194051737836
1206,3,0.8194262108406205
2327,3,0.6876261345631552
3170,3,0.4662912138771226
9137,3,1.4682663974611665
12280,3,0.351323848042176
13257,3,0.797459278542661
14052,3,1.1094268376683083
14856,3,0.9776506568810965
15860,3,0.9751544479325878
21957,3,0.5866708445443787
24021,3,0.8208347231987747
25746,3,0.9654201066446463
26297,3,0.9544295327792355
26946,3,0.9710926657599964
2332,3,0.8706055125930136
4067,3,0.5764942742790469
5052,3,0.6515172061607245
11254,3,0.25681180371015055
12284,3,0.2934263350242638
14055,3,1.1432944557570697
16888,3,1.2082011864752409
23010,3,0.6500844038955951
26302,3,1.078194415362191
26718,3,1.0993609442873926
1215,3,0.8436355724979996
1683,3,0.9903586474445
2337,3,0.885877033430065
3180,3,0.5823681876448124
4072,3,0.5890750409269905
6974,3,0.5071319667507987
10215,3,0.18335589413055098
13083,3,0.5311644414023252
14061,3,1.101471464408996
16893,3,1.2676563951472986
17929,3,1.7344242715001479
24031,3,0.8855478999663404
24914,3,1.008642157544554
25754,3,1.0431170514851458
27093,3,2.100962175627888
1689,3,0.8415943169088501
8061,3,0.44764677702452005
14066,3,1.075058838174839
14871,3,1.0728894489168586
15875,3,1.1616067551696454
16898,3,1.2144970408452171
19840,3,2.0299299947598266
20913,3,1.5000234434862139
24036,3,0.9447823537338078
26312,3,1.12466168276712
305,3,2.6048086426874253
808,3,0.5981276690775192
1317,3,0.6732283395889606
2347,3,0.6154116331657217
3016,3,0.5276420731607347
4862,3,0.6198498292183119
11267,3,0.3240800436065175
14876,3,0.9833140082527307
15880,3,1.1352977164525446
16903,3,1.17018010291331
19845,3,1.9288750659116491
20918,3,1.6608186082293008
21977,3,1.0170233528696353
24041,3,1.1169141867592314
24924,3,1.228559841348498
26733,3,1.2722018325900422
27103,3,1.384033362181864
259,3,1.267927654940916
812,3,0.5087461836023464
1698,3,0.5882809702251398
2352,3,0.38929848188924904
5072,3,0.4877443238274839
9161,3,0.6040174709802478
10231,3,0.5471954740603525
11272,3,0.4096242303525148
12305,3,0.5585318488660209
14216,3,0.7898449374504466
14881,3,0.8053189733335572
16909,3,0.5265514811098407
19850,3,0.6974187405649367
21982,3,1.0810882527905024
25098,3,1.04600007241225
25769,3,1.2973785646043237
26739,3,1.2701861113396251
27108,3,1.3525121270227598
27392,3,2.9094916647338054
266,3,0.5816683287943499
1236,3,0.44607302259086923
1704,3,0.49532194822626957
2357,3,0.25371056135316356
3200,3,0.1541014457012073
5076,3,0.6227698763945472
8075,3,0.4479135121697604
14886,3,0.6962854933311489
15890,3,0.8860346824883664
16913,3,0.5929834087747706
20069,3,0.4634790803783018
21987,3,0.3766918723873708
23035,3,0.9779106927304246
25103,3,0.7169439421603806
25775,3,1.0799603241532585
26744,3,1.1634801436671947
27113,3,1.2530506446322482
27397,3,2.843492805363427
270,3,0.430352590749111
823,3,0.3080224940024811
1241,3,0.32707551488138686
2362,3,0.26513153248106885
3204,3,0.14928285634550328
4476,3,0.40768369452379344
8080,3,0.37507682221986627
15895,3,0.9035992978353256
16918,3,0.8583266401332044
18794,3,0.6954796741125175
19860,3,0.5707050697331708
23040,3,0.37708028041823066
25278,3,0.9671366772688772
25780,3,1.0810232474642152
26748,3,1.1622977191809218
27118,3,1.3143451599305063
27402,3,1.4150274787426904
27532,3,3.395462805882982
113,3,0.5598899969449413
229,3,0.39973947785298236
616,3,0.27052511460338513
827,3,0.25899975990236274
3034,3,0.17690152734911932
5086,3,0.31213666523488903
8302,3,0.4635402355678611
15899,3,0.8546934136487564
17958,3,1.0785396532847855
18799,3,1.1401475494709976
19863,3,0.766965919184068
20937,3,0.788322562833569
25784,3,1.1378149508683875
26753,3,0.9856508102335884
27122,3,1.1382901466014308
27406,3,1.2475396841857676
63,3,0.7862457794480104
494,3,0.24236136440362926
2371,3,0.06278544418300813
4477,3,0.5141605986935899
4881,3,0.32399903892146426
7008,3,0.32128388884227893
13301,3,1.226116959846876
14095,3,0.06376412095346691
14900,3,0.5632999959222906
15904,3,0.7747313173535102
17963,3,1.404024696751161
25789,3,1.1177283469957884
27127,3,1.1319063424150204
27411,3,1.2580657477708588
44,3,0.49489871029192484
238,3,0.28577287461805967
838,3,0.11201287429968364
1255,3,0.05411256067594365
4093,3,0.5853541898741879
6155,3,0.2046684502232119
10255,3,0.9437385182329335
13307,3,1.2384497341925393
15909,3,0.7699122323981419
16521,3,1.404159209860724
17968,3,1.5962770433804303
21160,3,1.6526632099486662
25794,3,0.384032909238961
26346,3,1.0739445624329764
27132,3,1.0686439247847093
27313,3,1.1887364646356697
27723,3,4.25777070674169
16,3,0.39687023490151085
131,3,0.2003443549974238
768,3,0.11156611295978232
1728,3,0.19790052738281066
2381,3,0.2280894423916611
9190,3,0.7714252285566298
10260,3,0.9661792169319
11509,3,1.0591978789037966
15914,3,0.9322677719338854
21165,3,1.8347496526635776
23059,3,2.1741637167878096
24759,3,1.5165916792445375
25943,3,0.3814336584424936
26352,3,0.27618311628551573
27137,3,1.044443556287273
27623,3,1.4638506006069087
27727,3,3.89562601109902
27795,3,4.502689834318448
7,3,0.3991804231726274
248,3,0.3064911219249913
508,3,0.32928525416496784
847,3,0.3209783478975748
1266,3,0.2530444179592198
1733,3,0.15763372036816894
2081,3,0.2610287980880253
3377,3,0.6629137300092967
5105,3,0.18549501240008887
6377,3,0.23867150057352682
10265,3,0.9101293327662854
15919,3,0.9030814136682371
17355,3,1.3629347969079628
17978,3,1.566770204713821
20957,3,2.113543809146993
23064,3,2.1966342089432764
24064,3,2.0117877951644605
24932,3,1.609745055439264
26356,3,0.208025365092603
26773,3,0.6226016716801765
27732,3,0.9807601147307069
2,3,0.3616529751150117
852,3,0.5002164793947422
1270,3,0.4565478448287341
1738,3,1.2956400884373485
3208,3,0.6339237678576719
4107,3,0.38613857528873485
5110,3,0.18103703064924076
10269,3,0.8524861836526213
13322,3,0.8139444323970672
14115,3,0.23964685811721184
18823,3,1.8975720865699786
20104,3,2.3116086414864436
23069,3,2.056513586346766
24069,3,1.9573783585872784
24936,3,1.6849668962834852
25631,3,1.1554697619422278
26360,3,0.12235008764684367
27633,3,0.8956394568608245
27814,3,1.9141902936998574
6,3,3.3654826635683297
258,3,3.2331913119150983
518,3,0.28091995952580995
1275,3,0.8405702207443553
1550,3,1.266115232244554
2541,3,1.0044275290306806
3213,3,0.7053554357897587
4113,3,1.0153756570062376
4907,3,0.7698307304010171
6176,3,0.9634421782270554
8115,3,1.0678636340357037
8987,3,1.053031426536184
11316,3,0.6808527862024888
12349,3,0.876011654470925
14120,3,1.1283564184016317
14925,3,0.23854276435350552
17157,3,1.3644478772677846
17988,3,1.397895655790992
18828,3,1.7390877365572908
24074,3,1.814320731697558
24942,3,1.61469404690698
25799,3,1.5427063819451245
26534,3,0.16803754700114043
26783,3,0.5009652233806074
27152,3,0.8269379093499896
27436,3,1.0465493182325056
27818,3,1.9720750146849557
27846,3,1.889767320944923
3218,3,0.19482202269703397
4309,3,0.39277406087404637
9428,3,0.3498003978700116
10279,3,0.35491920632626134
13331,3,1.1466785961812003
14125,3,1.182572150602316
14930,3,1.175201851248813
17993,3,0.1947111801847739
18834,3,0.25560727315392795
19899,3,1.1078342129237218
20972,3,1.583730283516839
22031,3,1.5170414456540595
23079,3,1.3956271488306724
24947,3,1.2101052890639996
26176,3,0.8643542805541334
26787,3,0.7329914542622472
27156,3,0.9207787687685638
27440,3,1.0511036786407448
27607,3,1.236634726289302
1841,3,3.3561340127429973
7043,3,0.23736232098912263
8125,3,0.3383379633922482
14130,3,1.1711002903905277
15737,3,0.06963707601315461
17998,3,0.2864734787196551
18838,3,0.26031843666235827
23084,3,0.13072479623962457
24084,3,0.08484721696697425
25809,3,0.2692201968527815
26361,3,0.8013782376127565
27869,3,4.231745234271731
3228,3,0.21488507545300956
6190,3,0.2014549953507734
9220,3,0.7062101587249145
11331,3,0.8891779819366188
12363,3,0.8798634345955312
14135,3,0.8098978241371984
14940,3,0.7719794446955683
15944,3,0.6031282880411346
16967,3,0.7853630009947093
18003,3,1.043708811889798
18843,3,1.2694769442909997
24089,3,0.0567504332152776
24957,3,0.10384506075539324
26274,3,0.9058035748935193
4132,3,0.26549651067723673
6195,3,0.3984943074910633
7053,3,0.4148290487883112
9225,3,0.6355270924206112
13346,3,0.8467673999380793
14001,3,0.8039143899794388
16972,3,0.7354578824130696
23094,3,1.5306251818966894
24094,3,1.5946068892709815
24962,3,1.5665040320032935
28189,3,0.41213377918448557
12374,3,0.9238686257615213
13351,3,0.8829352018723542
13858,3,0.8059659428783534
15954,3,0.6986432276559683
16977,3,0.6638840408451924
18013,3,0.7078561477130784
22051,3,1.090500243911462
24099,3,1.0721232267802783
24967,3,1.05440202033051
25483,3,1.6160518424006762
2721,3,0.8481464329383772
4141,3,0.666570668400587
11346,3,0.9128568460175339
12378,3,0.9362163156389561
13355,3,0.8708687460158401
14954,3,0.6916466547190958
15958,3,0.6434646049338465
16981,3,0.5924762278575046
19923,3,0.8076568628814254
24103,3,1.0986997035391175
24971,3,1.068242791085978
2557,3,1.7569786364177713
3244,3,0.5684755983544179
4941,3,0.6179306519747678
13360,3,0.7542119538077932
14443,3,0.5301953891469393
14959,3,0.6076995636596711
18022,3,0.5580268771666841
18862,3,0.654922647400118
21002,3,1.032913939121319
24108,3,1.1073549478169349
24976,3,1.1107537644826342
25654,3,1.867721974489815
2396,3,2.0387162522549116
3250,3,0.5325069075620515
4151,3,0.5923842195097677
7072,3,0.6451780910336096
8154,3,0.6753718403473785
9244,3,0.7023846940236008
13365,3,0.5131510300665075
14447,3,0.40648654974062687
14964,3,0.38980897525792507
16991,3,0.39210059787848456
18027,3,0.4783077884035036
18867,3,0.5817611076121276
22065,3,0.9785750315974979
24981,3,1.11280511782397
3254,3,0.5295858810910671
4156,3,0.5787285758998607
8159,3,0.6471091542439901
11361,3,0.6919236861465191
12393,3,0.4601594463690416
13370,3,0.3213706382882883
18872,3,0.500130542283995
19938,3,0.591909576283702
24118,3,1.089710103713062
24986,3,1.1024468982961586
3259,3,0.45577599571480143
4161,3,0.4836044054404124
5164,3,0.47637107015274327
8164,3,0.5305486041476085
9472,3,0.6171029742895362
10324,3,0.6202586317478681
12398,3,0.3363400302753173
13375,3,0.2890368347547842
14974,3,0.17907328285748828
18037,3,0.5031481086590657
18877,3,0.4687857734966251
23123,3,1.0034581454183544
24991,3,1.0791360911727288
2411,3,0.26426957689698366
3089,3,0.39919195286573633
4166,3,0.4578364556423245
10538,3,0.4176839376405205
11371,3,0.23893754196743192
13380,3,0.2774351662259012
14979,3,0.23207715119551883
15983,3,0.291045265316962
17006,3,0.41704841737337583
18042,3,0.5056972085894946
18882,3,0.5859808777678578
22080,3,0.897112068997305
23337,3,1.0163265550107896
24128,3,1.031091923332625
2416,3,0.3628511393631156
3269,3,0.36754353889547386
9264,3,0.4490570034615995
10334,3,0.35423995014921444
11583,3,0.17357997909462278
12408,3,0.19496898068505075
13200,3,0.22736951326586322
14984,3,0.4289442452982082
17011,3,0.41297307682998324
18047,3,0.493384451963996
24133,3,1.1899910716108304
25002,3,1.2762954237726347
25826,3,1.2651404632654577
4176,3,0.28442052690215547
7097,3,0.35271245680686175
10340,3,0.22351596942939356
11381,3,0.19308416821111832
12413,3,0.28175406342943426
14989,3,0.4160157263217478
15791,3,0.2493647109406023
17016,3,0.4027018307803895
18892,3,0.5519877674726344
24138,3,1.3814078803800367
25006,3,1.3353845042098846
25831,3,1.258635549273895
1962,3,2.9919890302009686
2426,3,0.34391961740259414
4181,3,0.15604363007034738
6244,3,0.31029194311704433
7318,3,0.328110121981599
8401,3,0.299543081406121
11385,3,0.17517915576985213
12417,3,0.2683126869911925
14993,3,0.35881324974371737
15796,3,0.29373508736996945
21036,3,0.8030384621795308
2431,3,0.26764490313806416
6248,3,0.27357097426688864
7107,3,0.24433699371347511
8189,3,0.17613536841337732
9279,3,0.11480073937158163
11391,3,0.20124320745627697
14453,3,0.3334439490910523
14998,3,0.3154674778178375
16003,3,0.38810284295013703
21041,3,0.7779069122778155
24148,3,1.1164157921984252
25016,3,1.128012794518334
25841,3,1.0931048419080642
1845,3,3.2568001897646295
2436,3,0.38227552540988174
4190,3,0.1219267527898337
6039,3,0.19454869824358745
10354,3,0.2803547279598527
11396,3,0.18586021358274538
12428,3,0.32836880739833396
14299,3,0.3865819292803814
19119,3,0.5372996105951321
19973,3,0.6340117254689729
21046,3,0.6990990063238461
25021,3,1.0631843012322806
25846,3,1.0511313995393199
2441,3,0.1862773706243322
3119,3,0.09917292567655733
7117,3,0.2517158628133917
8199,3,0.36070740550326663
9289,3,0.36829640056758867
10359,3,0.43417126517861143
11401,3,0.28809124014494925
12433,3,0.20643843654014865
28001,3,0.4714644421481792
18072,3,0.22329693521137994
18912,3,0.1559374963252511
19978,3,0.36435473549973835
22110,3,1.0911931157430306
23158,3,1.0530995540491446
24158,3,1.005412184538562
25851,3,1.2383396721091615
1741,3,3.065582141278091
13393,3,0.29101519760881017
15013,3,0.6191658002737432
17040,3,0.4010165965968727
18917,3,0.3968550207713121
22115,3,0.9915444508517809
23163,3,0.9985636502621001
24163,3,0.8746567116425451
25856,3,1.2885232275908822
27857,3,2.968271307194301
2288,3,0.684393651638883
3303,3,0.15943010994990545
7126,3,0.2214835357285362
8209,3,0.2966689270590245
9298,3,0.32635056550920627
27967,3,2.8321127241210315
27981,3,0.2165922991853074
28051,3,0.804969332999975
17045,3,0.33581279629169974
18290,3,0.4183628193215621
19987,3,0.2359877938724514
21060,3,0.36792238038909286
22118,3,0.650290632597708
23166,3,0.7718301933695766
24166,3,0.8487407443347471
25035,3,0.9819679201929957
25860,3,2.2727331445331798
27918,4,0.05288876689874538
8211,4,0.055915596295260994
9083,4,0.04685866204929628
28125,4,0.017909096268262228
20418,4,0.017949861458442483
5210,4,0.17131048458281348
6057,4,0.022814376856281952
7130,4,0.046229837517153455
7997,4,0.047860392496397515
9087,4,0.04011185615426279
9948,4,0.03307816969066138
18291,4,0.0138111874607123
18922,4,0.01355183218532341
19776,4,0.014552850794923126
20849,4,0.01677803385148329
21908,4,0.016012007836570644
22958,4,0.01678771829684717
3482,4,0.7571119351919327
4019,4,0.5073220616152491
4798,4,0.4749408208916753
5849,4,0.027677091864694973
7136,4,0.0464126736989383
8002,4,0.049245828991411646
9092,4,0.03801234031069342
10161,4,0.02997072450087691
11204,4,0.026076969876504444
12238,4,0.021684020285412067
16840,4,0.008887047508104158
17874,4,0.008786738380527225
18716,4,0.011485588135567286
19565,4,0.014598817312449528
20854,4,0.014023872189662594
21913,4,0.01272477715699813
22961,4,0.013558492680230702
23977,4,0.012006962735260205
2451,4,0.887622476066941
3131,4,0.8514591101003672
4023,4,0.8747972138200281
5007,4,0.556954042908192
5853,4,0.05000610225657576
6925,4,0.06260085635676378
8225,4,0.04227791108897734
9097,4,0.03229133567555962
10167,4,0.027403902397659417
11209,4,0.019837477920494718
12241,4,0.01946406774816645
13218,4,0.01843496762459975
14012,4,0.019665511977416048
15017,4,0.01591952627301029
15821,4,0.013074388021793592
16843,4,0.01286041039455434
17880,4,0.010990248544761296
18932,4,0.012865459589364293
19571,4,0.013131979720552847
20860,4,0.01475599309684318
21918,4,0.015055009301834345
22966,4,0.021744917427011408
23982,4,0.02401295693693195
24699,4,0.00469281406189108
1745,4,0.3043317395706926
2293,4,0.8211801162558681
3135,4,0.8096536557139142
4028,4,0.7764583301628475
27900,4,0.09496041460726286
12246,4,0.019151842221905867
14017,4,0.015053387531697935
14821,4,0.011227022725264255
15826,4,0.24774380341184127
17677,4,0.13016320414756705
20005,4,0.02839365097666913
21923,4,0.04543226739572738
22971,4,0.050354678490947755
25551,4,0.04192592190119771
1645,4,0.3750107710462326
3141,4,0.7842016592464516
5018,4,0.7294839433560164
7150,4,0.18177713943108206
17890,4,0.27683422325952406
18941,4,0.20106045762525662
22976,4,0.49845529926384025
23991,4,0.05171076961879633
10181,4,0.26260182164806173
12255,4,0.38919845259739716
13232,4,0.4257578720707443
17895,4,0.4661913179218354
18734,4,0.28069800256284705
21932,4,0.14808398131825584
23996,4,0.4097516227061497
28232,4,0.37299498812688386
4042,4,0.5539465256593972
5027,4,0.35309349590083766
12260,4,0.3023345674136642
17899,4,0.6471768842022362
20878,4,0.17866849234936424
21937,4,0.28232155975777334
26278,4,0.6670100404736169
3155,4,0.24168317916295362
5032,4,0.19690118922889674
6949,4,0.24243291323227148
28017,4,0.4414664221396161
13243,4,0.5704250765485427
15845,4,0.2830466716633793
18744,4,0.26449340171437624
19810,4,0.14140665106140135
21942,4,0.33463585561410475
25731,4,0.5430445100175302
1196,4,0.3498268184305725
4833,4,0.22765925327401113
6096,4,0.26100207579979745
8037,4,0.6252263220693054
9126,4,0.44612526245393797
10197,4,0.6800926096218226
14846,4,0.5890174105006313
20888,4,0.35205644354203497
25735,4,0.5758746091772962
1773,4,0.7539720703765356
2323,4,0.46872615597195516
4838,4,1.1880893976701388
6101,4,1.898998001378515
10202,4,1.221267988254075
14851,4,0.6715253719888491
19820,4,0.511831572841686
23000,4,0.6002056193368859
26293,4,0.6478011375594015
26709,4,1.2577554131805655
1206,4,1.0739501227177737
2327,4,0.4486120171925308
11248,4,0.42617858210503484
13257,4,0.7326659561281956
14052,4,0.8001758690556426
14856,4,0.7568341934970754
15860,4,0.84749271195391
16883,4,1.0196153601433708
17919,4,1.038990190633857
24021,4,0.713144426769805
25073,4,0.8763299358839882
25746,4,0.7914873249795427
26297,4,0.7501063121730928
26946,4,1.411976654643185
2332,4,0.8482443641171247
4067,4,1.1914993788076742
6111,4,0.7771884370753055
11254,4,0.5120507421100529
12284,4,0.5870432756967568
14055,4,0.9107252436095832
16888,4,1.2221591436299533
23010,4,1.1993639948529426
24026,4,0.9592510690576288
25078,4,0.9906834824673709
26718,4,1.010187043756428
1215,4,1.3269881865217006
1683,4,1.4044639810062525
3180,4,0.9293108446160903
5057,4,1.3847674413113795
6974,4,0.7755099508143873
13083,4,0.9297224121655655
14061,4,0.8913266980137005
16893,4,1.3359814491979656
17929,4,1.589815733828438
24031,4,1.2673022897110757
24914,4,1.0469298415683461
25754,4,0.9748145191521977
26306,4,1.0899366911982675
27093,4,1.730470816613625
1689,4,1.4005969400812617
10430,4,0.7293648350728185
14066,4,0.6292314785045229
15875,4,1.1363950185979628
16898,4,1.5877729344170022
17934,4,2.090481292187612
20913,4,1.8338527657548784
24036,4,1.431400030732166
26646,4,1.441259178787549
305,4,2.0666789302173414
808,4,1.3288937198779525
1317,4,1.3971533882638487
2347,4,0.992232252517136
3016,4,1.0887567021351359
11267,4,0.9978926790929894
15880,4,1.089945652731484
19845,4,2.3168314962153262
20918,4,2.1744012164244313
21977,4,1.8826666633966131
24041,4,1.6321283701087177
24924,4,1.6322981014120979
26733,4,1.7318634548996086
27103,4,1.8646110189397525
259,4,2.0427417702409274
812,4,1.3802886825352685
1698,4,1.3118986383358222
2352,4,0.9540774190293999
5072,4,1.1799268235656164
6131,4,1.162839289196343
8289,4,1.0812111740083377
9161,4,1.2559348121250742
10231,4,1.4349158620273894
11272,4,1.2166226640439002
13459,4,0.7230347802708234
14216,4,0.7249131600915261
15884,4,0.7807956622663808
16909,4,0.655081428557091
19850,4,0.8032118903827017
21982,4,2.199794802962852
23030,4,1.7594677541082413
24046,4,1.5882413872331136
25098,4,1.6847640512920772
25769,4,1.6717928897833825
26739,4,1.7114098044676662
27108,4,1.873244475963927
266,4,1.7828813358404816
1236,4,1.2772546194021308
2357,4,0.8945769639009341
3200,4,0.9124323110584918
5076,4,1.3871414217022682
8075,4,0.7739482131887776
14886,4,0.7025738796705155
16913,4,0.5672643800474978
21987,4,0.6455689268723176
23035,4,1.7254604881008246
25103,4,1.7608612163483297
25775,4,1.781585474668247
26326,4,1.827091094728656
26744,4,1.8836295727207628
27113,4,1.8722180441543854
270,4,1.538283666908823
823,4,1.2107019625704512
1241,4,1.1860771016913234
3204,4,0.9577650763496786
4476,4,1.59344823487035
4877,4,1.586693552186525
8080,4,1.1813422233743365
11283,4,0.8981110161493454
15895,4,0.7466753837005464
16918,4,0.7354904457147065
23040,4,0.5087558038375669
23661,4,1.095367862135535
25278,4,1.923758765466291
25780,4,1.950761929783061
27118,4,2.04612714060065
113,4,1.7080760267135957
229,4,1.37785582143811
616,4,1.1414188209955736
827,4,1.129218339911399
3034,4,0.8538290092950024
5086,4,1.5052669386903785
8302,4,1.2713168862582367
15899,4,0.7726573610043163
17958,4,1.3982835782209055
18799,4,1.3797009449723596
19863,4,0.8030010115429003
27122,4,2.1238648944708602
63,4,1.4660024867570265
2371,4,0.9354448746884124
4477,4,0.697375144911828
4881,4,0.6466511458059151
10251,4,0.7261327919165469
13301,4,1.0170124884604952
14900,4,0.8528329592903717
15904,4,0.7531815849732415
16721,4,1.6751009115504285
17963,4,1.5862053744868732
25789,4,2.168685016496924
27127,4,2.2322213404056694
44,4,1.5413804456534173
238,4,1.0130113981021014
838,4,0.971814395748189
1255,4,0.9785481889930117
4093,4,0.5887366413656351
6155,4,0.9271965949893887
10255,4,0.9340762679694071
11711,4,0.8897348187356753
12124,4,0.9203893039517279
13307,4,0.9637711551735421
16521,4,1.7996520433403904
21160,4,1.1297006422038478
25794,4,2.446467671651899
26346,4,2.1452242390988956
27132,4,2.379013191792599
27723,4,3.9715653755260103
16,4,0.8829733032219166
131,4,0.7601883881109082
503,4,0.9178391739894887
768,4,0.9113764564018165
1728,4,0.8867107668254299
2381,4,0.800553797015516
9190,4,0.7948151774119445
10260,4,1.2117142146770552
13312,4,1.0077405798126808
14910,4,0.8365467830414571
23059,4,1.4080453958469563
24059,4,1.611259061865072
24759,4,1.6406150602459462
25943,4,2.4296464665389266
26352,4,2.013010302047993
27623,4,2.603894962204613
27727,4,4.037169338219974
7,4,0.8344236265902252
248,4,0.8221471715120808
508,4,0.8777099332274422
1266,4,0.8942701858074453
1733,4,0.9036071872941743
2081,4,0.7596280290636441
3377,4,0.6456779918034479
6377,4,0.9571251168855335
7889,4,0.6333067787904428
10265,4,1.2459582967878942
11514,4,1.3055071441882593
17355,4,1.7182530447445763
17978,4,1.4311502922123214
19884,4,1.1299640865235658
23064,4,1.656382764820287
24064,4,1.6991386945092297
24932,4,1.5359672666295805
26356,4,2.260449370227014
26773,4,1.7665190244367548
27732,4,2.15675279298324
2,4,0.6675067532376961
108,4,0.6840932994630867
852,4,0.6854178446368318
1738,4,1.0826217179753177
3208,4,0.6494400774458086
4107,4,0.878268489370446
10269,4,1.316411111990378
13322,4,1.0679817009643526
14115,4,0.9741283478051018
18823,4,1.3766978426032679
20104,4,1.2341327951111185
23069,4,1.7548786200062343
24069,4,1.6768089669922648
24936,4,1.5949584187139965
25631,4,1.5753801668488527
26360,4,1.4494158135553998
27633,4,2.0657312618226813
27814,4,2.3928057502634994
6,4,3.7150496125395867
258,4,3.891471880046506
518,4,1.3114748916859966
1275,4,0.776486941065367
1550,4,1.160241437954278
2541,4,0.7950681319323518
3213,4,0.7449589543746794
4113,4,0.8798625057031727
4907,4,0.9134404958512512
8115,4,0.8533007629685792
8987,4,0.999103687547459
11316,4,0.9440136934351987
13326,4,0.5961800906852595
14120,4,1.0128610607886652
14925,4,0.9714840921931098
17157,4,1.7736340536164066
18828,4,1.2615121826270006
24942,4,1.5069880470045314
25799,4,1.8392974842180123
26534,4,1.5784155726063545
26783,4,1.4694234192213131
27152,4,1.2108535746322224
27436,4,2.036481204467007
27818,4,2.444933969352143
27846,4,3.716964255018058
3218,4,1.0602523207644987
4309,4,0.9474598250497276
9428,4,0.7551115936758276
10279,4,0.6907623854126195
13331,4,0.9970658914539356
14930,4,1.1184057420129208
16957,4,1.1480010043455884
18834,4,1.3735335105434026
19899,4,1.5049798577070628
20972,4,1.632325938782005
22031,4,1.7379398795580783
23079,4,1.1679307945576187
24947,4,1.4376417342170313
26176,4,3.182443092709961
26787,4,4.3841881729300125
27156,4,1.2547347612590596
27440,4,1.5412005038665604
27607,4,1.8802725201910795
1841,4,3.0848102458643587
7043,4,0.8631434375507958
8125,4,0.8173683649740277
14130,4,1.0821459566167535
15737,4,0.8338935829847851
16962,4,1.1904097408377932
18838,4,1.3919394231190751
19904,4,1.3739305759870213
23084,4,0.8748015144877171
24084,4,0.9292089034376654
24952,4,1.0018353514842262
25809,4,1.1832354752509568
26361,4,1.6814999232499312
27869,4,4.45086531448735
3228,4,0.8014597945143414
6190,4,0.8123258530386666
9220,4,0.8106516974325978
11331,4,1.0068721801332032
14135,4,0.9807547571154618
14940,4,0.9508401176429679
15944,4,1.334765368701474
16967,4,1.1885972958111555
18003,4,1.344125589359428
18843,4,1.4002910726740168
24089,4,0.9695149879685281
24957,4,0.8882298415560732
26274,4,0.34329252449176867
4132,4,0.622269183318113
12369,4,1.2095255904458502
13346,4,1.106737560326359
14001,4,1.0187428980232254
15949,4,1.1032243722458244
24094,4,1.051104153389125
24962,4,1.2255286284092304
28189,4,1.7852475216462387
3235,4,1.208576400094387
13351,4,1.1193372550244094
13858,4,1.0499813559103481
15954,4,1.1462218784277667
16977,4,1.196116708755692
18013,4,1.168342007791571
24099,4,1.1446862859540743
24967,4,1.1326303414107184
25483,4,3.2427892526044846
2721,4,1.1926464593243524
5992,4,1.0746642166042175
8145,4,1.0958405597945782
11346,4,1.1417540212052233
12378,4,1.1460842020628237
13355,4,1.1408622841179719
14954,4,1.0941908750068225
15958,4,1.1295520831219086
23103,4,1.1955976892841653
24103,4,1.2118503511789211
24971,4,1.0502905261095798
2557,4,1.4891938762563972
3244,4,1.3033272639779838
13360,4,1.1288219118947527
14443,4,1.0321222248693076
14959,4,1.0671005913083724
18022,4,1.0710176906704318
18862,4,1.0843776698715735
21002,4,1.0939531048767008
22060,4,1.1951140851942297
24108,4,1.1886399958358131
24976,4,1.1117571356021432
25654,4,3.097796997295591
3250,4,1.2374403209435827
4151,4,1.073222044804004
6214,4,1.0187136067187361
7072,4,1.0046227488767292
9244,4,1.0069524521733446
10313,4,1.0557218306123717
13365,4,1.0513948078735351
14964,4,0.9407333121841455
15968,4,0.9193346015756956
18027,4,0.9948459015614219
22065,4,1.1995491283780881
24113,4,1.199572664967832
24981,4,1.1619343255970604
3254,4,1.0811226428110583
7077,4,0.9528609801252038
8159,4,0.9582129078451022
10319,4,0.9530218259659776
12393,4,0.9435137107874283
13370,4,0.9486828315068991
18872,4,0.9622306044024299
19938,4,1.0068715500911976
24986,4,1.1430666635534
3259,4,1.0014112562231186
4161,4,0.9764439616162898
9472,4,0.892181197197786
10324,4,0.8928148862684689
11366,4,0.8290873567175759
12398,4,0.8556849373122861
13375,4,0.7713272316891354
14974,4,0.6264383258839646
15978,4,0.6724658740466158
18037,4,0.8367847037295341
18877,4,0.8839763904843774
23123,4,1.1016645126380458
24123,4,1.1178937664190707
24991,4,1.0276840233214912
2411,4,0.9668381319180351
3089,4,0.996302714232581
4166,4,0.9065816993278306
9259,4,0.7424218659928595
10538,4,0.6730110493184576
11371,4,0.6154314959670908
13380,4,0.5535845889824461
14979,4,0.47844011144090465
15983,4,0.526968412040465
17006,4,0.6734747851027595
18042,4,0.7137175614258441
18882,4,0.7725109829148094
22080,4,0.9901370918449884
23337,4,0.9976896999121655
2416,4,0.9224651326161301
3269,4,0.8437157108371243
4171,4,0.6906728290453396
9264,4,0.5405766825027961
10334,4,0.5415319865494878
11583,4,0.5409348030601563
12408,4,0.5863480671946304
13200,4,0.4647447775713962
14984,4,0.32524003182943656
17011,4,0.5564324479582842
18047,4,0.6177374701958129
24133,4,1.036004110716212
25002,4,1.0280688161315368
25826,4,1.0741885053646283
5179,4,0.5102825111557112
7097,4,0.4768106957943926
11381,4,0.4494507708418505
12413,4,0.41110647568933034
14989,4,0.22496387199518558
15791,4,0.45145483775974765
17016,4,0.46523293877585237
23138,4,1.0195100370017398
25006,4,1.0148567346295276
25831,4,1.223419630771141
1962,4,2.4759660526106804
2426,4,0.7985070712156337
4181,4,0.37187111278696455
5184,4,0.3683979543221477
6244,4,0.3871818381233642
7318,4,0.4032023965430085
11385,4,0.390047685382227
12417,4,0.3842955285164279
14993,4,0.30284264982239006
17020,4,0.42295936603949125
21036,4,0.6875858353429516
23143,4,1.1569684370738245
2431,4,0.6562460315766651
6248,4,0.3605105448304988
7107,4,0.3330128011880676
8189,4,0.3234439819372501
9279,4,0.3231294915794501
11391,4,0.22916144070878552
12423,4,0.14909508444398753
14453,4,0.1069183175396551
14998,4,0.2353859062284604
21041,4,0.6492111759427855
25841,4,1.2036023006945082
1845,4,3.2081506405827804
2436,4,0.622789137886653
4190,4,0.3660124114786662
4985,4,0.3812839954215179
9502,4,0.2455968501497105
10354,4,0.16408124656162604
11396,4,0.0581000274123384
12428,4,0.0990924095027827
14299,4,0.0666930772003879
15003,4,0.16583817226902745
15806,4,0.1892466439415513
19973,4,0.5353781746181848
21046,4,0.5896693176491147
25021,4,1.0053131404591387
25846,4,2.137232317557782
2441,4,0.5250232703315793
4010,4,0.4014774325363341
7117,4,0.30264231128373775
8199,4,0.19211120514411784
9289,4,0.12413946442325072
10359,4,0.10653246975105818
12433,4,0.10205304337110561
28001,4,0.059451337126137344
18072,4,0.30020477164594367
18912,4,0.4067836699694838
21051,4,0.6897868375775801
22110,4,0.7991553052979488
23158,4,0.7748750287263503
25026,4,0.9816988449613405
25851,4,1.5752012089790572
1741,4,3.1563289688851235
3298,4,0.4853508545194501
11406,4,0.10904942304907447
13393,4,0.10671632897535095
15013,4,0.06622999167008141
15815,4,0.12191273822479232
17040,4,0.42969276127157474
18917,4,0.569925702128553
22115,4,0.7519070110858821
23163,4,0.7275702880876016
24163,4,0.8174813577810776
27857,4,3.019262678303212
2288,4,1.4332882788528747
3303,4,0.35166738706809747
5208,4,0.10938346801672612
7126,4,0.15193604701451596
8209,4,0.6565125506496485
9298,4,0.06086410923125931
27967,4,2.8718754624934393
27981,4,0.56051739088891
28051,4,2.111457268925666
16225,4,1.7295156647028385
17045,4,0.6692593017799913
18290,4,0.65083710400046
21060,4,0.657097316250691
22118,4,0.7646635697918203
24166,4,0.850758242448696
25035,4,2.4701338786856866
25860,4,3.2676262409719943
27918,5,0.028502391813488945
8211,5,0.029136106769477317
9083,5,0.02310891892980011
28125,5,0.044877056603369554
20418,5,0.06759074900818109
5210,5,0.13435844351181944
6057,5,0.05587790298011432
7130,5,0.024396559249448776
7997,5,0.022980097988994506
9087,5,0.01427631554267976
9948,5,0.01045414503435433
18291,5,0.07013937371775919
18922,5,0.07523599441669836
19776,5,0.08450231392106196
20849,5,0.0913174278669452
21908,5,0.0824748157395995
22958,5,0.07335610561589007
3482,5,0.6091588590862321
4019,5,0.30521495148833605
4798,5,0.28677663123006036
5849,5,0.0597055364960618
7136,5,0.02559049481393553
8002,5,0.023250306361468815
9092,5,0.011297105940085903
10161,5,0.008029559471470665
11204,5,0.02545480842912794
12238,5,0.02883262405517857
16840,5,0.04420153866259503
17874,5,0.05071195507940034
18716,5,0.07155127770188222
19565,5,0.08259924400817148
20854,5,0.08533393026305813
21913,5,0.08917583318858162
22961,5,0.10375134054319905
23977,5,0.014592245643008149
2451,5,0.837870150963449
3131,5,0.7437699976554916
4023,5,0.7128663977421217
5007,5,0.3301471933222379
5853,5,0.06888051592460526
6925,5,0.029345151241130445
8225,5,0.019457735487927636
9097,5,0.01985871258251885
10167,5,0.018670415581588197
11209,5,0.024063652498189567
12241,5,0.03071086779631844
13218,5,0.036118528019643124
14012,5,0.04126700964909246
15017,5,0.05300478665999041
15821,5,0.050931347660572286
16843,5,0.05500589001903277
17880,5,0.05911014039246558
18932,5,0.06579782569831132
19571,5,0.06777498397613786
20860,5,0.07550607590547466
21918,5,0.08055295822223878
22966,5,0.08865855067535752
23982,5,0.15825777470965707
24699,5,0.0600118916547599
1745,5,0.3279140463944956
2293,5,0.8763724254455982
4028,5,0.678987717970167
27900,5,0.055791060770029294
8012,5,0.042182705644352746
9102,5,0.07947725303660795
10171,5,0.09764753323676278
12246,5,0.035080554475742085
14017,5,0.04552646400671545
14821,5,0.05501930779350987
15826,5,0.07107008940524126
17677,5,0.1006185926506106
20005,5,0.050119884686545324
21923,5,0.07810541729840988
22971,5,0.08320170853930767
25551,5,0.09641835612300051
1645,5,0.5601201056161802
2298,5,0.9596712729896351
3141,5,0.9484320302458037
5018,5,0.7561487997933076
7150,5,0.05600898940631574
13227,5,0.10817281675094323
14021,5,0.18462300189509706
17890,5,0.24670148155639113
18941,5,0.25153873687187384
22976,5,0.135238682674584
24709,5,0.22528543507620727
10181,5,0.2924810165148043
12255,5,0.3231204953232808
13232,5,0.4803212010759473
17895,5,0.4851371553185592
18734,5,0.6580954030158673
21932,5,0.0833405741267972
23996,5,0.07329741766447512
28232,5,0.3751258841080978
1279,5,0.5878999851149681
4042,5,0.6866393392743345
5027,5,0.6732801546173094
12260,5,0.3641181552673001
17899,5,0.5042879866539166
20878,5,0.9381222809102614
21937,5,0.8793477406566631
26278,5,0.6888473342383197
1191,5,0.09552728465858441
3155,5,0.6734848817821157
5032,5,0.6271629055517705
6949,5,0.4957049477074108
9340,5,0.6513241840532166
28017,5,0.41889059268063017
13243,5,0.5644520397174899
15845,5,0.6166695148950152
18744,5,0.6532845400973208
19810,5,0.891087795044685
21942,5,0.7623513208139153
24889,5,0.3695522499225934
25731,5,0.8157634332640934
1196,5,0.2593303610931678
4833,5,0.6339094096617848
6096,5,0.6697498554081416
8037,5,0.16034700045602734
9126,5,0.2546601930338796
10197,5,0.193547947856581
14846,5,0.5676793532832353
15850,5,0.5857320869181887
20888,5,0.5998173824276126
24011,5,0.3578793182524058
25735,5,0.7920055279358371
26287,5,0.9393682079808972
1773,5,0.12366081489304037
3165,5,0.48602406441682205
4838,5,0.3609418906147247
6101,5,1.329280861544535
10202,5,0.7149796058254502
14851,5,0.5447855536979361
15855,5,0.4942701611942077
19820,5,0.5338879828118499
23000,5,0.7530382484229465
26293,5,1.0562322500435815
26709,5,1.4145130847961367
788,5,0.6083025538589379
1206,5,0.4807399963168251
4062,5,0.40299038945150834
14856,5,0.5518797973087964
15860,5,0.5212242861023021
16883,5,0.565455656984296
17919,5,0.5425139770597335
24021,5,0.7705745834267914
25073,5,0.7681543650657688
25746,5,0.8557165759872647
26297,5,0.944950567927486
26714,5,1.6162940891254272
6111,5,0.5686475447337537
12284,5,0.40288948120055146
14055,5,0.5911888478015369
18764,5,0.6492964367711703
19830,5,0.710202400011526
23010,5,0.5003115749261053
24026,5,0.6000618075373813
25078,5,0.6980615481339888
25750,5,0.7423910209058207
520,5,0.770496902703833
1215,5,0.6760505203325382
1683,5,0.49678850329576746
5057,5,0.44425919091533916
6974,5,0.5116268284864082
13083,5,0.6192047540458356
14061,5,0.6152999269363255
16893,5,0.49553480285789425
17929,5,0.6246828168387228
24031,5,0.43395995624289047
24914,5,0.5719044089960114
25754,5,0.692287126785956
26306,5,0.7795910801908702
26724,5,1.2812744790843518
27093,5,2.109835364720089
1221,5,0.6990305406509977
1689,5,0.57101781777507
14066,5,0.6435682651922109
15875,5,0.45850769425430443
16898,5,0.4526069804362335
17934,5,0.4487589731607616
20913,5,0.6637103017559328
21972,5,0.5195440049229875
23020,5,0.3502107083891043
24036,5,0.3418772817413976
26646,5,0.9051034947908023
305,5,0.8054943098561199
808,5,0.6382556403895874
1317,5,0.6756494362996407
2347,5,0.48360322114922893
3016,5,0.8097849269716004
6126,5,1.0268369639663133
7200,5,0.3308738486237767
11267,5,0.45108549806798154
15880,5,0.4654543154454216
19845,5,0.4882141810403164
20918,5,0.5381927066454429
21977,5,0.5105823676040787
24041,5,0.32110168111173854
24924,5,0.3459013418267021
26733,5,0.8548903058835221
27103,5,2.396266857256909
259,5,0.6460715914456392
812,5,0.6809732475390898
1231,5,0.7016577798835565
2352,5,0.5545665113873072
5072,5,1.1640814427805262
6131,5,1.00886804877906
6988,5,0.5335063544573407
8289,5,0.21217307263343738
9161,5,0.32180009382219155
10231,5,0.38461458613873295
11272,5,0.30874984472005657
13459,5,0.7092571623134906
14216,5,0.7411755436733058
15884,5,0.4705657513617969
17944,5,0.40538201172579963
18784,5,0.340171804791024
19850,5,0.41452944711205586
21982,5,0.26897222494425066
23030,5,0.20062566856468372
24046,5,0.2627632713146868
25098,5,0.4069191523519918
25769,5,0.46331590730496386
26739,5,0.7981663834503816
27108,5,1.9695182985998816
266,5,0.6410962024265023
1236,5,0.7491361908410794
3200,5,0.946077019614392
5076,5,0.9392547474322189
8075,5,0.11700653010837764
14886,5,0.6802675045072023
16913,5,0.5170638378122013
21987,5,0.4011603280070563
23035,5,0.2749052471431069
24050,5,0.2776640295792566
25103,5,0.317755404042487
25775,5,0.41688920572351246
26326,5,0.5794214257829683
270,5,0.6350028568792392
823,5,0.7061772533488838
3204,5,0.990136829778806
4476,5,0.7983007275914348
6998,5,0.47921060423523715
8080,5,0.2101137899997268
10449,5,0.31223661521274254
11283,5,0.4493169043853625
16918,5,0.33430742337014074
23040,5,0.4608411149783598
23661,5,0.34307375513689364
25278,5,0.3721895766307663
25780,5,0.4193474899586128
113,5,0.7445684989903636
229,5,0.6437574134971429
616,5,0.6714848667800432
827,5,0.6824270349334168
1245,5,0.7659272628599456
5086,5,0.5560084416785137
8302,5,0.20688446901489768
15899,5,0.886313845427694
17958,5,0.8785458345697653
18799,5,1.078551813913735
27122,5,0.8182547946319114
63,5,0.651136670982983
2371,5,0.5114056111313976
4477,5,1.1238917095473056
4881,5,1.234126094643568
6150,5,1.3066346533588207
12324,5,1.5491719443832273
13301,5,1.6633896425888433
15904,5,1.1134040576555901
16721,5,1.1560707208361274
17963,5,1.1706787009653559
19654,5,1.1229195827228928
25789,5,0.4256976783796064
26758,5,0.6883739154646489
27127,5,0.7666664067197158
44,5,0.682730921580041
238,5,0.6826560935370882
838,5,0.7285245700924008
1255,5,0.7489401976874073
4093,5,1.0885636697630725
6155,5,1.311051424741292
12124,5,1.4156106433426514
13307,5,1.5505189968103459
16521,5,1.4721962414834127
21160,5,1.2622358728601086
23055,5,1.68999912302277
25794,5,0.39673584779651416
26346,5,0.29819265387098026
27132,5,0.7104359874102202
27723,5,3.7771749630944407
16,5,0.8084920555805882
131,5,0.8478053843100508
503,5,0.6930103689030686
768,5,0.6971797084160187
1261,5,0.714892836462407
1728,5,0.6878266792116186
7451,5,1.277949879524569
9190,5,1.5325035504991125
10260,5,1.5393957526177169
18813,5,1.0893933341397586
23059,5,1.6624361269062118
24059,5,1.7532649709081771
24759,5,1.7179858293050687
25943,5,0.9828091465845362
27623,5,3.1968721583641124
27727,5,3.7930958181456105
7,5,0.8498417381592805
508,5,0.8520852641337673
1266,5,0.8350631800668791
1733,5,0.7720995239327771
2081,5,0.6462373391381198
3377,5,1.0122081950121449
6377,5,1.2374229555617595
7889,5,1.0227740842832815
10265,5,1.5450265212813996
13317,5,1.4223003930630411
14731,5,1.301650327791077
17355,5,1.662549130121503
17978,5,1.2451343167597162
19884,5,1.2678865722207728
23064,5,1.7403331088502865
24064,5,1.7115344234962764
24932,5,1.8448746908964044
26356,5,0.9218449740308008
26773,5,0.5452970286444596
27732,5,1.5342377961200862
27809,5,4.054443421989903
2,5,0.9594470486108941
108,5,0.9876397570462424
852,5,0.7832821375535917
1738,5,0.8874181746446022
3208,5,0.9539920327096281
4107,5,1.1617089407009795
10269,5,1.5457151063960035
13322,5,1.2441874139114877
14115,5,1.558825373905257
17983,5,1.5305842819855415
18823,5,1.2589222159918487
20104,5,1.3059203571393647
22231,5,2.050755958840511
23069,5,1.8050201799510428
24069,5,1.7286020123021657
24936,5,1.839744890677907
25631,5,1.6445928926327003
26360,5,1.4042514988761785
27633,5,2.234447970661892
6,5,0.9977879602324753
112,5,3.021768563731808
258,5,3.934776450617495
518,5,0.5938272666164234
1275,5,0.8368117744102421
1550,5,1.026591021363715
2541,5,0.7447816327301493
3213,5,0.8732319511174875
4113,5,0.8382574716609903
4907,5,0.9121129213113445
8115,5,0.8011967033800009
8987,5,0.9889435647791316
10275,5,1.2598843017779162
11316,5,1.1142162787510275
13326,5,0.6197637337807013
14120,5,0.5714094338675552
14925,5,1.6531769128099774
17157,5,1.9765567443145995
18828,5,1.428687800760923
24942,5,1.4246357470519946
25799,5,1.5415845519261502
26534,5,1.9518678508678704
27818,5,1.5064548007171428
860,5,0.5186267113767704
27846,5,0.5005902157990181
3218,5,0.7117977019984739
4309,5,0.6381096246657482
9428,5,0.7688264178820068
10279,5,0.7787049680384435
12354,5,0.8330182008470101
13331,5,0.7802490251531449
14930,5,0.6231542374703148
16957,5,1.751088444476863
18834,5,1.7372100891257904
19899,5,1.5740669296547374
20972,5,1.4568145513687887
22031,5,1.493947826362346
23079,5,1.0554155501357443
25804,5,1.383495131409601
26176,5,1.207143380527441
26787,5,0.6755451720203876
27156,5,1.5291341990052052
27440,5,1.6905316571755973
1841,5,0.6628739088456105
8125,5,0.7600697720217088
9433,5,0.6949648047115319
13336,5,0.7419533501504435
14130,5,0.6465551200295895
16962,5,1.628665181894365
18838,5,1.5870508993760055
19904,5,1.3311876840878647
28131,5,1.3637152930521497
23084,5,0.8380400395007438
24952,5,0.9008711993841686
26361,5,1.290876497217996
27869,5,1.4684342508385415
2394,5,0.3849888729646794
3228,5,0.1410737281125072
6190,5,0.7501236233048194
9220,5,0.4917228637679358
11331,5,0.6362940179705483
14135,5,0.33860854648954875
15944,5,1.26256769983879
18003,5,1.4294820066454668
18843,5,1.4890049586500973
24089,5,0.8633953787402314
24957,5,0.862968676773985
26274,5,1.0279996778350773
4132,5,0.2729665616352361
12369,5,0.7071580080332817
13346,5,0.45551875305943346
24094,5,1.1146815958283
28189,5,0.7278280491193069
3235,5,0.48827327995496306
13351,5,0.5161673954889666
13858,5,0.4642460867317995
15954,5,0.5659271950189563
16977,5,0.6435065107782743
18013,5,0.6554702215465795
24099,5,0.7735902764719962
24967,5,0.9087076357931253
25483,5,3.5967647416712003
2721,5,0.45161572894075813
10305,5,0.6315416393533788
11346,5,0.6610690526498657
12378,5,0.6410046987209823
13355,5,0.5770480116616838
14954,5,0.697311872893213
15958,5,0.6164057598252842
23103,5,0.758834739005532
24103,5,0.7681901499688826
24971,5,0.7447756756441977
2557,5,0.4091431884943841
3244,5,0.5767356019526988
4146,5,0.40199244529187145
13360,5,0.7740792980688723
14443,5,0.6728381606725614
14959,5,0.6759407863844004
15963,5,0.6508701265864175
21002,5,0.8150482215453501
22060,5,0.7467190666869193
24108,5,0.720710904449363
24976,5,0.6080638290181831
25654,5,3.378173766583703
3250,5,0.48132365868845256
4151,5,0.414819550528173
10313,5,0.5280808775298256
11356,5,0.5821143907528105
12388,5,0.6011450766470285
13365,5,0.6552767428286661
14964,5,0.5612816486197041
15968,5,0.5532471008430172
22065,5,0.5631976371561485
24113,5,0.6859576428192878
24981,5,0.5832877312187394
3254,5,0.3255498680300657
7077,5,0.3520837867091909
10319,5,0.4380239640668448
12393,5,0.4281512010708461
13370,5,0.45539992749278907
18872,5,0.5857963842395285
23118,5,0.5819944071102686
25819,5,3.3319513607628513
2406,5,0.34282830076947857
3259,5,0.2953585724586954
4161,5,0.19815121434390254
9472,5,0.3374292504340722
10324,5,0.3988546445960806
11366,5,0.3803413274972189
12398,5,0.3406513085175898
13375,5,0.3363136082016699
14974,5,0.30600743021113924
15978,5,0.3851928135425067
18037,5,0.49649010717537234
18877,5,0.4846511052770455
19944,5,0.3921528436916157
24123,5,0.5599827753936499
24991,5,0.5011655277840381
2411,5,0.29809649924783826
3089,5,0.231287239499329
6229,5,0.12293214688476162
7087,5,0.13134953947617664
9259,5,0.21736076324093825
12403,5,0.12454780510140825
13380,5,0.14324065228488306
14979,5,0.12965967017100177
15983,5,0.30009437148837054
17006,5,0.31106906888318536
18042,5,0.3664551502511851
18882,5,0.38196338494705434
22080,5,0.40887688410801426
23337,5,0.4921032459955012
8392,5,0.12432858329461847
9264,5,0.0504346202991192
10334,5,0.04471109404114791
11583,5,0.1145275089600828
12408,5,0.04620580363386879
13200,5,0.07706978028759774
14984,5,0.08319163130066957
15988,5,0.17660675565146108
17011,5,0.23181304337009484
18047,5,0.25304366243034915
24133,5,0.35573536701071157
25002,5,0.39246079884037205
25826,5,2.7276901417528685
7097,5,0.12423430173408499
8179,5,0.041628724451612635
11381,5,0.15536654688101795
12413,5,0.10512216616256445
14989,5,0.13049294628618321
15791,5,0.07935155798091563
23138,5,0.4586975076236897
25831,5,2.8095947139938913
1962,5,0.3205269571864021
2426,5,0.35719369932568507
4181,5,0.14331154957310488
6244,5,0.12179849409469289
7318,5,0.10879998157473315
10344,5,0.22749441236860088
11385,5,0.22657285017090947
12417,5,0.1254925335720865
14993,5,0.12258304223171446
17020,5,0.11787326624155019
21036,5,0.2554571768170158
23143,5,0.6681133162704215
2431,5,0.34205162477757706
4186,5,0.21949602441963806
8189,5,0.3339360771316267
9279,5,0.266177284779596
11391,5,0.1884142138230259
12423,5,0.10994400554736405
14453,5,0.3632501491126688
14998,5,0.09298818702552118
21041,5,0.1971574379062433
25841,5,2.599033697737287
1845,5,2.7880108486437893
2436,5,0.367647559196971
4190,5,0.1273848356159072
4985,5,0.09108379010346895
10354,5,0.07701402967172424
11396,5,0.06321008125298853
12428,5,0.06929965889788366
14299,5,0.29649424704855887
15003,5,0.11895800713056665
19973,5,0.20751601063768607
21046,5,0.38452331085601765
25021,5,0.43798045050525247
25846,5,1.5420116863190791
2441,5,0.4156172961574116
4010,5,0.2511632141890434
7117,5,0.23326074432614483
8199,5,0.14070194248448176
9289,5,0.11320884507051217
10359,5,0.07605008525772004
12433,5,0.03943661145047921
28001,5,0.19553503237959063
18072,5,0.1872048803927943
18912,5,0.1995625851712397
23158,5,0.2879763380302685
25026,5,0.5136277992766726
25851,5,1.9589982333785714
1741,5,3.0959363605776824
3298,5,0.2933951046211045
4200,5,0.28302424251074654
5203,5,0.2527837775015557
11406,5,0.06272615058048057
13393,5,0.10025270664899626
15013,5,0.34933047922924276
15815,5,0.2420273385929578
17040,5,0.6323415818862012
18917,5,0.7784878119261979
19983,5,0.3459417968267763
22115,5,0.483986175171752
23163,5,0.3789628716296528
24163,5,0.4412381809727924
25031,5,0.5040394554467931
27857,5,2.9769823334198318
2288,5,0.3854288096468691
3303,5,0.3243035807189037
5208,5,0.17117272763957578
7126,5,0.15691517445868552
8209,5,0.3319259424050476
9298,5,0.17066168989561875
27967,5,2.652534276966764
27981,5,0.10839578291891673
28051,5,1.3888233646815102
16225,5,1.3001651670003478
17045,5,0.8420162505879036
18290,5,1.0012904522474542
18921,5,0.9067187005247852
21060,5,0.30106130244423746
22118,5,0.3140685732896115
24166,5,0.9830091975798603
25035,5,3.18717594982255
25860,5,3.1851661882299815
27918,6,0.02908416066045134
8211,6,0.031028123515955162
9083,6,0.030130179541447477
28125,6,0.02341719293225281
20418,6,0.033060439296439176
5210,6,0.09036901765663113
6057,6,0.04342486240003707
7130,6,0.0256646353018212
7997,6,0.025075795312539548
9087,6,0.021660189918445635
9948,6,0.020888491265207136
18291,6,0.03542575743258597
18922,6,0.03082026325722277
19776,6,0.0314331677499102
20849,6,0.040099737262034744
21908,6,0.04072904545320406
22958,6,0.03959173750088739
3482,6,0.4793974510719696
4019,6,0.25915561239659374
4798,6,0.20340467751092825
5849,6,0.04704016596962475
7136,6,0.026543916127027698
8002,6,0.025764592192144394
9092,6,0.019241234465170454
10161,6,0.01883533891447187
11204,6,0.025190538548618684
12238,6,0.023186995520290424
16840,6,0.0243320179120093
17874,6,0.026163662039189343
18716,6,0.028294555598701226
19565,6,0.033215051148818356
20854,6,0.03273736422210639
21913,6,0.0340040152674423
22961,6,0.04101198330678629
23977,6,0.02512949323414594
2451,6,0.5897855996091926
3131,6,0.5812505557734347
4023,6,0.5884621689431274
5007,6,0.2938948422387044
5853,6,0.05764927442578103
6925,6,0.03184890287914773
8225,6,0.026240482065475104
9097,6,0.025591074039944237
10167,6,0.02405574205438834
11209,6,0.023898280158118543
12241,6,0.025560794409750263
13218,6,0.02604149223271204
14012,6,0.026427457714473735
15017,6,0.03627932031530876
15821,6,0.03434358343228669
16843,6,0.03587638127737507
17880,6,0.0366369813497077
18932,6,0.03718724212846189
19571,6,0.03592275782596593
20860,6,0.03571447303219882
21918,6,0.03709125706770609
22966,6,0.04090182460533319
23982,6,0.03543961593824135
24699,6,0.022508897644583595
1745,6,0.17070899620890553
2293,6,0.6347727642054917
4028,6,0.5636526214842018
27900,6,0.042611793247626664
8012,6,0.08810784221337561
9102,6,0.04669336939468874
10171,6,0.035235796924238644
12246,6,0.033173235684364935
14017,6,0.03373306436318971
14821,6,0.04039537916225875
15826,6,0.2786338266194283
17677,6,0.054920353814073314
20005,6,0.053492990801140436
21923,6,0.034032630910129764
22971,6,0.039921947919222475
25551,6,0.04995787869988979
1645,6,0.4119097968400256
2298,6,0.665486982815784
3141,6,0.7450522129216831
5018,6,0.6195749537221197
7150,6,0.16700078139541014
13227,6,0.20122907395042325
14021,6,0.26235493377271574
17890,6,0.23975012108402016
18941,6,0.22461851383596942
21928,6,0.12694803554872147
22976,6,0.3644140915107108
24709,6,0.07611262602809606
2971,6,0.6429631804567509
9111,6,0.41264301230810324
10181,6,0.20997288834579383
12255,6,0.4457837452327046
13232,6,0.6372371609762921
17895,6,0.4953191881880003
18734,6,0.43843251721442866
21932,6,0.3138913233383522
23996,6,0.24954763662218715
24880,6,0.0659409882540349
1279,6,0.5136909823017752
4042,6,0.601084044512656
5027,6,0.645529401116503
12260,6,0.5729684594387531
21937,6,0.38755809328739815
28240,6,0.2506500025937229
3155,6,0.593817903491752
5032,6,0.6421158949317707
6949,6,0.3733423055730636
9340,6,0.7419673660049226
28017,6,0.5160244466332647
13243,6,0.36787373424596354
15845,6,0.5044675742203517
19810,6,0.5538781241918794
20883,6,0.07964377955844351
21942,6,0.33649682372809003
24889,6,0.12968043574268706
25731,6,0.22245325644671768
1196,6,0.3692476145176356
4833,6,0.6386491709529508
6096,6,0.7034330257776099
8037,6,0.15847372603173202
9126,6,0.394237894722499
10197,6,0.31876554165418924
14846,6,0.4530208581168598
20888,6,0.19221499874012152
6959,6,0.21710282536999423
10202,6,0.6332710165824857
13253,6,0.3337368275068401
14851,6,0.42500813142008537
15855,6,0.36914830146001615
20893,6,0.3632584839936778
23000,6,0.4805787626739409
26709,6,0.5710386164238606
788,6,0.6200353590078271
1206,6,0.36984326982211274
4062,6,0.4090565333666663
8046,6,0.9052799205392007
14856,6,0.38628829381448054
15860,6,0.3796043405392132
16883,6,0.2964316660093832
17919,6,0.27232791931026706
21957,6,0.30725068034014924
24021,6,0.2694231153864796
25073,6,0.27316040971016053
6111,6,0.5647032100444241
12284,6,0.6098015465295361
14055,6,0.3491905433992826
18764,6,0.3030863634163851
23010,6,0.2155276807409009
24026,6,0.22658865685777807
25078,6,0.2785854624230386
25750,6,0.325939927249315
520,6,1.2651298796116062
4072,6,0.8972758920823957
6974,6,0.5667421229324924
8274,6,0.6616634663233493
13083,6,0.4387512123943108
14061,6,0.35677775963412683
16893,6,0.3835742566023568
17929,6,0.3126339969597131
20907,6,0.30728609197167706
24031,6,0.1599521542751282
24914,6,0.2799089297463093
25754,6,0.5147596242137931
26724,6,0.749018148874355
27093,6,1.7646421929426388
464,6,1.133273074956062
1221,6,0.7763136997221571
1689,6,0.6665546425031559
8061,6,0.5988915242350793
14066,6,0.4127418528627095
15875,6,0.35979204938035925
16898,6,0.411489986577485
17934,6,0.28002475776364555
19840,6,0.16993799401564938
20913,6,0.18401727311450627
21972,6,0.170990317759772
23020,6,0.10780167578541139
24036,6,0.07474214821595924
305,6,1.2286184045090656
808,6,0.7527587109155502
1317,6,0.7762633162268948
2347,6,1.1250647138099932
3016,6,1.4093795385334449
7200,6,0.48081738397415696
8065,6,0.48890590697879105
14071,6,0.511474876514203
15880,6,0.27211382582784427
18779,6,0.35262441461235566
19845,6,0.3013635942544274
20918,6,0.12431040973544569
21977,6,0.050500626869556524
24924,6,0.6857823322897134
26733,6,1.3200438173842794
259,6,1.0547592865141624
812,6,0.7237220327137466
1231,6,0.7497511284568101
2352,6,1.0701977161016965
5072,6,1.3266360123693983
6131,6,0.5301824478725506
8289,6,0.45092728926016745
9161,6,0.5578736656843628
10231,6,0.541752769619117
15884,6,0.27643215224140383
18784,6,0.365079233651895
19850,6,0.30008622709448685
21982,6,0.12372625837957059
25098,6,0.9359734500950361
25769,6,1.0569709534366785
26321,6,1.180510274782483
26739,6,1.3857686855881644
27108,6,0.33814946247010585
266,6,1.087651905283682
1236,6,0.6422818428800613
1704,6,0.6510373251331731
3200,6,0.8820261135738326
5076,6,1.268541973355293
6994,6,0.4659026974198089
8075,6,0.4923444545967826
9166,6,0.5132559360522153
14886,6,0.19519899682344236
16913,6,0.326890382166533
21987,6,0.3224164446059664
23035,6,0.27146277742493025
24050,6,0.2910449214441769
25103,6,1.1833340829335464
25775,6,1.1910454899644116
270,6,0.9896101898416935
823,6,0.4650465736885503
3204,6,0.7802274426120595
4476,6,0.8801413828297107
8080,6,0.4915766481507964
11283,6,0.6909865185793655
16918,6,0.20503977733735917
18794,6,0.05009689897717403
23040,6,0.2733532861030199
23661,6,0.15130789601919334
25278,6,1.2508941601742016
25780,6,1.293523811246875
27402,6,2.11741759280258
27532,6,2.4206018475985425
113,6,1.1597430971451335
229,6,0.8587692341155726
616,6,0.3622793745551411
827,6,0.39505750161155284
1245,6,0.4474386578476847
5086,6,0.8912898678113172
8302,6,0.5712538519380329
11287,6,1.9999442265743277
15899,6,0.18720215375803326
17958,6,0.028122571765815712
18799,6,0.09035258905983205
26753,6,1.3534385255125039
27122,6,1.476166658819096
63,6,0.4489505142460422
2371,6,0.4716149379202342
4477,6,1.5996682521330476
4881,6,1.5838406681933694
6150,6,1.6562593702351511
12324,6,1.9492424037984788
13301,6,2.285038342377111
15904,6,0.06935697748032336
16721,6,0.21461783907513332
17963,6,0.19532829572293392
19654,6,0.24178646335562218
22002,6,0.46852896918877396
23050,6,0.40283761647470095
25789,6,1.324020229592092
26758,6,1.43655449043935
27127,6,1.446355993479264
44,6,0.4353533603458556
238,6,0.23831942989327823
838,6,0.319140868549576
1255,6,0.3678185112098813
4093,6,1.5201964840736653
6155,6,1.7112365504014533
13307,6,2.1588794584745696
15909,6,0.23947859169742533
16521,6,0.3075752070054614
17968,6,0.3563858048929567
18808,6,0.15905369626354468
21160,6,0.5638447596782259
23055,6,0.5363549362671328
25794,6,1.6848089107474862
26346,6,1.4747349472438067
26763,6,1.3631315921764944
27313,6,1.4638214368348736
27723,6,3.0897969757879253
16,6,0.3444085512784483
503,6,0.11883580591814445
768,6,0.2209986509087245
1728,6,0.25357476081990704
6160,6,1.629018268404673
9190,6,1.8378545200641316
10260,6,1.8458986099101002
12334,6,1.6404080333724185
15914,6,0.34426753377436653
18813,6,0.39594975211302974
21165,6,0.47455904092844
23059,6,0.7617701929780811
24059,6,0.38345589536478814
24759,6,0.29252183332688386
25943,6,1.5725252279684587
27623,6,1.4815239302221688
27727,6,3.2531694403187688
27795,6,3.3591046859617077
7,6,0.5231169140976855
508,6,0.5347176918782448
1266,6,0.28244628168328245
1733,6,0.26136413683247234
2081,6,0.4695446305348204
3377,6,1.4323601221963
6377,6,1.5805428866081555
10265,6,1.8610989682543195
14731,6,0.1689422651391512
15919,6,0.5033830534604774
17355,6,0.5012021901426431
17978,6,0.427288694576159
19884,6,0.39383511015539197
24932,6,0.338744234629651
26356,6,1.556537433354861
26773,6,1.402609361003525
27732,6,0.6572514225632936
27809,6,3.341589215276221
2,6,0.4505457336491315
108,6,0.782534958182195
852,6,0.5081498558140104
1738,6,0.9684617949153281
3208,6,1.2841883722086975
4107,6,1.4395877035658908
10269,6,1.8508442738717341
12344,6,1.239324300142714
13322,6,1.2867710770269527
14115,6,1.0682305635604106
17983,6,0.5515316875098848
18823,6,0.3856495936694713
20104,6,0.3597212885975422
22231,6,1.2183481077068405
24069,6,0.2727695559030211
24936,6,0.4786603344749262
25631,6,0.960928864110568
26360,6,1.6555750409480061
27147,6,1.1077667636832673
27633,6,0.8489034721941272
6,6,0.19970589367460895
112,6,0.5989364556040306
258,6,3.9220045745149434
518,6,2.3514315860247046
1275,6,0.6764107697696053
1550,6,0.9101053260400943
2541,6,1.237285057881587
3213,6,1.1916189046626406
4113,6,1.2097785507300134
4907,6,1.2210953077203566
6176,6,1.0318819599129243
8115,6,1.110498196727058
8987,6,1.3399809065822246
10275,6,1.5591317984957398
11316,6,1.339757143833605
13326,6,0.7364798313051912
14120,6,1.0952420687518607
14925,6,1.2826995126112621
17157,6,0.7405044233395248
18828,6,0.48314540573371884
23074,6,1.026827614447583
24074,6,0.3534290721431937
24942,6,0.11474158427233923
25799,6,1.2142650672285578
27818,6,0.5017999279523797
860,6,3.03767146291316
27846,6,3.4957829787861483
3218,6,0.977310732722562
4309,6,0.9762786025987812
9428,6,1.0764786260264254
10279,6,1.0792112891018595
12354,6,1.1678164322029168
13331,6,1.1604225922585976
14930,6,0.8360379886441976
16957,6,0.5244239899620458
18834,6,0.5280391223845236
19899,6,0.5071287492973834
22031,6,0.29297908036352716
23079,6,0.2772903983866858
25804,6,0.5670757765261902
26176,6,1.0699767337510002
26787,6,1.4477187513082173
27156,6,1.2232758163336424
27440,6,0.7648564942511321
1841,6,1.2236603871265332
13336,6,1.155598911652926
14130,6,1.0979560147460867
17998,6,0.3528192316161805
18838,6,0.6023246561501404
19904,6,1.0152710195281547
28131,6,1.0431484114687481
23084,6,0.3437566754720321
24952,6,0.3832721855686994
26361,6,3.1530223037148306
27869,6,3.6603781856030904
2394,6,0.5865992472087078
3228,6,0.6096471379428913
6190,6,1.034896754990976
7048,6,1.019191318710999
11331,6,1.001589861343129
14135,6,0.2781681114550601
15944,6,0.5204554309834457
18003,6,1.6045645899569385
18843,6,1.8065247249280976
24089,6,0.10516813431560348
26274,6,2.877132714052461
4132,6,0.7166460361206058
5134,6,0.7347973053424324
6195,6,0.5091525786088101
12369,6,0.5655651574629491
13346,6,0.3848406152342281
24094,6,0.5356542023020964
28189,6,0.757711717180113
3235,6,0.432042461861225
12374,6,0.5925025353692935
13351,6,0.4966700082256108
15954,6,0.3101645942789018
16977,6,0.2125364566697421
18013,6,0.15090799629538051
22051,6,0.2774572598626727
23099,6,0.6389919685766805
24099,6,0.8752771116516329
24967,6,1.3350534706340136
25483,6,3.4810381713885565
2721,6,0.3775555576621262
4141,6,0.4166220434155958
11346,6,0.5906947639983392
12378,6,0.5916413039765789
13355,6,0.5335082632008442
14954,6,0.2871665955547504
15958,6,0.27480084497726204
16981,6,0.17302946715614045
18017,6,0.13544012623717624
23103,6,0.6490982627254758
24103,6,0.7974953042761752
24971,6,0.8548171039644988
2557,6,0.3990481989013034
3244,6,0.591860836261558
4146,6,0.41232721963479785
12383,6,0.5459636244233654
13360,6,0.7271642522928516
14443,6,0.4313808295419004
14959,6,0.24768497487351548
15963,6,0.18809194693751063
21002,6,0.3565372168950466
22060,6,0.5252154218418369
24108,6,0.745563170450898
24976,6,0.7732685821696599
25654,6,3.373268602610366
3250,6,0.5690450679689116
12388,6,0.5374490940090572
13365,6,0.6529360197885691
14964,6,0.11609415966717114
15968,6,0.12002902569245791
16991,6,0.13525929168050363
24113,6,0.7051343994816235
24981,6,0.7320949271662185
2401,6,0.3525480178304672
3254,6,0.41702137088458674
4156,6,0.3328491454443587
10319,6,0.39383295200193
12393,6,0.44737102560468905
13370,6,0.3906299360082203
14969,6,0.11043641572184192
15973,6,0.11986468133926631
18872,6,0.21141176436903392
21011,6,0.5703968334811533
23118,6,0.6177838600465033
24118,6,0.6643931685622348
25819,6,3.244194417997002
2406,6,0.323956518328014
3259,6,0.3005347777258157
4161,6,0.19651321267894414
8164,6,0.2657900434082545
9472,6,0.33817682042674396
10324,6,0.3688533327291531
11366,6,0.3599455467366118
12398,6,0.2713262780996242
13375,6,0.12558709366841064
14974,6,0.12022422644974581
15978,6,0.07876627911539776
18877,6,0.3618059115706946
19944,6,0.4961732458899458
24123,6,0.6121420165784652
24991,6,0.7235343599800778
2411,6,0.3774071119885678
3089,6,0.22725470067135886
6229,6,0.16034677337417796
7087,6,0.17241058712245572
9259,6,0.26115548348092277
12403,6,0.09355169131666989
14979,6,0.19053409221194523
15983,6,0.15129185363494815
17006,6,0.28367370573264944
18042,6,0.3947793811789332
18882,6,0.4661236969881871
22080,6,0.6009088025391953
23337,6,0.6366113659684224
24128,6,0.6384666289306148
8392,6,0.1155174052123225
9264,6,0.06518688992959466
10334,6,0.01788558881910464
11583,6,0.18724089476097405
12408,6,0.2120207839968077
13200,6,0.16665157129311722
14984,6,0.11429446966986191
15988,6,0.24791479977810116
17011,6,0.3548590857437654
18047,6,0.46342189161001696
24133,6,0.6906915746351111
25002,6,0.7190719184840736
25826,6,3.0569143892645827
7097,6,0.10152989824594705
8179,6,0.09659138971142239
10340,6,0.24326701657501
11381,6,0.2672124967108155
12413,6,0.20521239905656546
14989,6,0.08240947084798558
18892,6,0.4748025847854355
23138,6,0.6127801849948599
25831,6,2.8055590604997938
1962,6,0.5842492618618333
2426,6,0.32384083795828084
4181,6,0.07897332814288027
7318,6,0.03365491441483605
8401,6,0.19499993048313016
11385,6,0.29545722704281097
12417,6,0.18491455729409928
14993,6,0.18825340879439773
17020,6,0.36653568224633964
18897,6,0.4773579751092524
24143,6,0.7619607216817317
25836,6,2.8118698476233974
2431,6,0.28970438548920374
8189,6,0.33317143704920577
11391,6,0.2446605194813406
12423,6,0.139295228758039
14453,6,0.16847930405571637
14998,6,0.23810499270372157
16003,6,0.28338790796802965
23148,6,0.7504997360973157
25841,6,2.3342814253772723
1845,6,1.4327763477329973
2436,6,0.25164701614303886
4985,6,0.10541686602431868
10354,6,0.3378039600795836
11396,6,0.2567483878354099
12428,6,0.2514538566319955
14299,6,0.2039651691324409
15003,6,0.16820564281864891
19119,6,0.43070646974191623
19973,6,0.4239298418764744
21046,6,0.5215410670450689
25021,6,0.5867253753259184
25846,6,1.6697246950942741
2441,6,0.1779819210150791
4010,6,0.16258564258327798
7117,6,0.23425619693043723
8199,6,0.3258761252165076
9289,6,0.38941258120477457
10359,6,0.291633933172871
12433,6,0.2944038139564199
28001,6,0.09461761490846536
18072,6,0.37649121932133073
18912,6,0.4344842622561421
23158,6,1.172193231962299
25026,6,0.4580165457259564
25851,6,2.8843313041497676
1741,6,2.397037413200454
3298,6,0.21627283886388737
5203,6,0.18633563799876016
11406,6,0.3061429843545255
13393,6,0.2371312988371641
15013,6,0.12570243266282605
15815,6,0.28490633180412595
17040,6,0.32168945001942223
18917,6,0.5258166809168167
22115,6,1.2016358535299028
23163,6,1.065768046667431
24163,6,0.6517085929667314
25031,6,0.9549337710004032
25856,6,3.4479457960828275
27857,6,3.077837402727084
2288,6,0.24615455474187217
3303,6,0.07208094788344646
7126,6,0.12482118831920587
8209,6,0.32809502811665525
9298,6,0.18214158034837824
27967,6,2.004387287047487
27981,6,0.28175372530416504
28051,6,3.392681717690295
16225,6,3.1098169380974707
17045,6,1.7198430869978283
18290,6,0.6933155437480684
21060,6,0.8896922582879556
22118,6,0.9282921586503007
23166,6,1.0339627075059787
24166,6,2.5329558559344716
25035,6,3.378111133701694
25860,6,3.4736447588066786
27918,7,0.030700202226557102
8211,7,0.02946392460815339
9083,7,0.027247004883525765
28125,7,0.026772207212668164
20418,7,0.04113375705130044
5210,7,0.12567822647485868
6057,7,0.10089173955804055
7130,7,0.07400898473690613
7997,7,0.07527750729664642
9087,7,0.05702852582964178
9948,7,0.04069760689215347
18291,7,0.036794747990007835
18922,7,0.03857985278137336
19776,7,0.044709780361322504
20849,7,0.051054384558279736
21908,7,0.04156167384371306
22958,7,0.03488456834817154
3482,7,0.33076061326521916
4019,7,0.2207054919938712
4798,7,0.1747848025158596
5849,7,0.10859993655448723
7136,7,0.09057092078219475
8002,7,0.08631989024903047
9092,7,0.06999701835347116
10161,7,0.0484401033191143
11204,7,0.03775906295988076
12238,7,0.04308427157263287
16840,7,0.027748250048891906
17874,7,0.02838557814130089
18716,7,0.0351124806773492
19565,7,0.04255501379607757
20854,7,0.043929278176733595
21913,7,0.04417876712474026
22961,7,0.043419543824311124
23977,7,0.015315643687188407
2451,7,0.38643016175411676
3131,7,0.38407184184972276
4023,7,0.37940183776929765
5007,7,0.2513756092478944
5853,7,0.1338369087889642
6925,7,0.09740889058637188
8225,7,0.10047668027768271
9097,7,0.09429187347553929
10167,7,0.0850323675646174
11209,7,0.05825065609803196
12241,7,0.04847288194716846
13218,7,0.0434734462241507
14012,7,0.04241133344318943
15017,7,0.037717457289595815
15821,7,0.032829405091578515
16843,7,0.03341358593864443
17880,7,0.03419425152263225
18932,7,0.026171817431006765
19571,7,0.027051563272954236
20860,7,0.026450593836282774
21918,7,0.03172609397358398
22966,7,0.03724819996778785
23982,7,0.20323073321913004
24699,7,0.06541605725571255
1745,7,0.0517571358856947
2293,7,0.40097978455565136
4028,7,0.38176426484803117
27900,7,0.1451030977737464
7146,7,0.2651496858497914
8012,7,0.3252095740538577
9102,7,0.10640477339643716
10171,7,0.06757954819863557
12246,7,0.06556120043018604
14017,7,0.045326729074342854
14821,7,0.04179513140563566
15826,7,0.11507984696788566
17677,7,0.10483388262657599
20005,7,0.02183834637199926
21923,7,0.02047101556645254
22971,7,0.061398559705335295
25551,7,0.22222774332407066
1645,7,0.1484474137775167
2298,7,0.4757514198217936
3141,7,0.4955017901804509
5018,7,0.3846781547011255
7150,7,0.2818966513345548
8016,7,0.5244666170092582
10177,7,0.21371828536655035
13227,7,0.13422317982095533
14021,7,0.12489103373397871
16854,7,0.22351935109858515
17890,7,0.17362242815479673
18941,7,0.1669912744794485
21928,7,0.06166919651282392
22976,7,0.04467571064032803
9111,7,0.508998363571394
12255,7,0.08047103958553876
13232,7,0.17094680929170378
17895,7,0.3947042205626845
18734,7,0.4330552559582789
23996,7,0.045175216288898944
24880,7,0.20325817453035613
1279,7,0.9546861914406352
4042,7,0.5053096903401609
5027,7,0.568400005946884
12260,7,0.25983515004953844
21937,7,0.3329984588535646
3155,7,0.572226781872945
5032,7,0.5257212506955911
6949,7,0.06356243118531951
9340,7,0.3424825119166723
28017,7,0.3954084361092474
13243,7,0.059865595838827716
15845,7,0.38365943387714885
19810,7,0.6258264223825898
20883,7,0.41581080784379904
24889,7,0.2499709612371976
25731,7,0.3402339653765258
1196,7,0.6189602335795523
4833,7,0.5526679231746261
6096,7,0.6017591193374286
9126,7,0.4400604799360966
10197,7,0.3096255699101306
14846,7,0.3840914481932093
20888,7,0.3498043067605073
13253,7,0.2159497822183712
14851,7,0.37233064085804
20893,7,0.28393306688848324
23000,7,0.11948960123989093
26709,7,0.5427858799223833
788,7,0.8643125387462643
4062,7,0.4899242988411202
11248,7,0.6828192153856546
14052,7,0.3683861522832233
14856,7,0.39253198421774094
15860,7,0.33219454693946393
16883,7,0.27617913859781273
17919,7,0.26757930144343645
21957,7,0.1737520946452272
24021,7,0.07679494972165896
25073,7,0.13781520045734555
6111,7,0.43798512139469653
7185,7,0.4474128358711807
12284,7,0.6388563026604034
13261,7,0.3650380123135146
14055,7,0.377773307145167
18764,7,0.22294240329389164
23010,7,0.03591156966136236
24026,7,0.12844449876210356
25078,7,0.1743137134341048
25750,7,0.16569460991472798
520,7,0.3712722543865137
4072,7,0.6077870760042491
6116,7,0.44204130714801076
6974,7,0.429595944307352
8274,7,1.0262729354205857
11258,7,0.5778369717245164
13083,7,0.28097092837544896
16893,7,0.3788091501942982
17929,7,0.294024587404336
20907,7,0.15375128307376495
24031,7,0.16283749703718148
24914,7,0.22359889246546538
25754,7,0.2242136163283871
26724,7,0.4387764273844589
27093,7,0.9871183521512075
464,7,0.224645386800537
1221,7,0.5914182880667467
1689,7,0.4099226455340011
8061,7,0.6410654669057242
17934,7,0.3844917253900169
19840,7,0.2180472251557962
21972,7,0.16994493338367844
24036,7,0.19194913186974444
808,7,0.47711636485166387
1317,7,0.6213973724601513
2347,7,0.6791707075715214
3016,7,0.9547996700975993
8065,7,0.8158928712024655
13453,7,0.48312491665959745
14876,7,0.37527786526695367
15880,7,0.3026928351096874
18779,7,0.4251335880102253
19845,7,0.3112232218670199
20918,7,0.27741238734541107
21977,7,0.29418665317786535
24924,7,0.24322198119095995
26316,7,0.3937801356558169
26733,7,0.3412093023224642
259,7,0.5137892178182237
1231,7,0.669818891246765
1698,7,0.6809453850548164
2352,7,0.8417192584116542
5072,7,1.068807071860174
6131,7,0.8151709114468312
8289,7,0.8865032566100862
9161,7,0.9659665300008342
10231,7,0.9562268508891685
15884,7,0.3296732468940803
18784,7,0.48561327913942853
19850,7,0.4110472983081777
21982,7,0.2688094838579099
25098,7,0.36981822541899906
25769,7,0.33846093287837786
27108,7,0.42190173872395503
266,7,0.6465072628368232
1236,7,0.639969237777648
1704,7,0.6994300940554026
2357,7,0.8834416399168519
3200,7,0.8748247715274764
4281,7,0.8626149460791784
5076,7,1.1090953903382945
6994,7,0.8864063497674192
8075,7,0.8502313995008945
9166,7,0.9195958009073096
11277,7,0.8880548628870314
14886,7,0.3708112384646489
16913,7,0.38242076428915783
21987,7,0.5430928265026757
23035,7,0.48104808386482756
25103,7,0.4653791157471148
25775,7,0.5075979170557517
270,7,0.5808626008720682
823,7,0.4841484846628254
4476,7,0.9021617860137356
8080,7,0.9572939730899708
11283,7,0.9781262278732868
16918,7,0.40437381236052794
18794,7,0.20047671766073896
23040,7,0.5332664569702932
25278,7,0.5834470927987256
27532,7,1.5203453049802778
113,7,0.3585272538435935
616,7,0.423575455115399
827,7,0.4650211978101104
1245,7,0.5486856902668446
5086,7,1.035230160221011
8302,7,0.9595865815822059
11287,7,1.0516541572729903
15899,7,0.24300093288872487
17958,7,0.19072609861345663
18799,7,0.06404950707626501
26753,7,0.7139005937453025
63,7,0.4378033462641275
832,7,0.4453352560308482
2371,7,0.6973020756264035
4477,7,0.9282400618053334
4881,7,1.0912669534473867
6150,7,1.1917334957229109
9180,7,1.0876559436924833
12324,7,1.0779140328678256
13301,7,1.1171749817449237
15904,7,0.38843542529329045
16721,7,0.08545036969919982
17963,7,0.2848161178712877
19654,7,0.10133327171347337
20942,7,0.09047086298182472
22002,7,0.1440563991740108
23050,7,0.2988168441184417
25789,7,0.8281480986492032
26341,7,0.7543842111907701
26758,7,0.6852375369686146
27127,7,0.7207793411327733
44,7,0.5786582373114936
238,7,0.4841324624256542
838,7,0.513716169063064
1255,7,0.5644365160183651
4093,7,0.9586057261142538
6155,7,1.2784311506808153
11711,7,1.0871279824565272
13307,7,1.0868301215710254
15909,7,0.18717155898354487
16521,7,0.11874894617691557
23055,7,0.2401304062967158
25794,7,0.7108930395160902
26346,7,0.7411826434812748
27313,7,0.7490181242837928
27723,7,2.25792077672461
16,7,0.6196822220665162
768,7,0.555164761156907
1728,7,0.5341339696525088
2381,7,0.6191868864020058
6160,7,1.289456570867073
9190,7,1.2861931150835393
10260,7,1.3953829411685539
15914,7,0.07999186754678768
21165,7,0.1327978947436706
23059,7,0.14578054155591197
24059,7,0.2860347368774164
24759,7,0.004586468165558124
25943,7,0.7749018234390352
26352,7,0.8520849739484427
27623,7,0.8907291847726058
27727,7,1.7542223716831047
27795,7,2.5406911063868463
7,7,1.2791754819463388
248,7,0.851986752437019
508,7,0.5938560340342568
1266,7,0.44437646284102134
1733,7,0.4811684304168057
2081,7,0.5553577232366601
3377,7,0.9608460915553901
6377,7,1.2629032776853686
10265,7,1.4322489268334535
12339,7,1.2313016627947662
14731,7,0.6007497984553269
15919,7,0.06540980400121006
17355,7,0.07112003879391966
17978,7,0.20158606014782113
18818,7,0.2620597869837395
20957,7,0.21221163601267465
24932,7,0.034887030270622975
26356,7,0.8896733364848448
26773,7,0.8470601018745844
27732,7,0.7999932400531619
27809,7,2.5868965452150166
2,7,2.491430874928359
852,7,0.3998775671691962
1738,7,0.703491476012123
3208,7,0.9465694854159682
4107,7,1.2265594673384883
10269,7,1.5040138330809378
11312,7,1.47900794083169
12344,7,1.1412690615926395
13322,7,1.380766564550247
14115,7,1.2148796809456595
17983,7,0.16193245686374164
18823,7,0.25736475472905257
20104,7,0.14786322319480488
24069,7,0.24088737750463804
24936,7,0.05060184411701896
25631,7,0.642061150166008
26360,7,0.8397250702889756
27147,7,0.8932333141798806
27633,7,0.8619632301716397
27814,7,0.6493770967327279
6,7,1.157935270418773
112,7,2.209781131725921
258,7,3.7367251624846785
518,7,1.817353290614383
1275,7,0.14933515381273885
1550,7,0.6666140302974195
2541,7,1.0020869312161422
3213,7,1.002843671797191
4113,7,1.0277293903001132
4907,7,1.1162826137386972
6176,7,1.0149890062860103
8987,7,1.1569798260447728
10275,7,1.3918557049548368
11316,7,1.2827680495054046
13326,7,0.8218307956316121
14120,7,0.6022245334527755
17157,7,0.04150557402704893
24074,7,0.2837071969251022
24942,7,0.09675207464791195
25799,7,0.8571020949518459
27818,7,0.5803965247296498
27846,7,3.2596807582663034
3218,7,1.0138491649959511
4309,7,1.0169697146359802
9428,7,1.1383165246432223
10279,7,1.1460337510070624
14930,7,0.6696908141700455
16957,7,0.4465794385656608
17993,7,0.2077513599284446
18834,7,0.16207084569427374
22031,7,0.3529443666940111
23079,7,0.5587310988096943
25804,7,0.25230890766762526
26176,7,0.47075594044096747
26787,7,0.5784947951261911
27156,7,0.7232379495932172
27440,7,0.7022416673243465
1841,7,0.7514941226256222
6399,7,1.2013346855082103
13336,7,0.8169137748936747
17998,7,0.26378263519060025
18838,7,0.1830935982185882
28131,7,0.35031147067143226
23084,7,0.16708561697933164
24084,7,0.3494713936641383
24952,7,0.5086680943496926
26361,7,2.2440056361402805
27869,7,0.7522620534799391
2394,7,0.8768621619648478
3228,7,0.8864105681016752
7048,7,1.2553934117573327
10290,7,0.8060674558654785
11331,7,0.8191574686793365
14135,7,0.39271625430518226
16967,7,0.2223882033080787
18003,7,0.36113731309787117
18843,7,0.6764129686278706
24089,7,0.5423278262026198
26274,7,2.8024907511543207
4132,7,0.9839635586600978
6195,7,0.761885236992611
8134,7,0.7644764041594647
11336,7,0.49647716895540117
12369,7,0.40429771805321113
13346,7,0.38677972544811295
23094,7,0.5677300742338622
24094,7,0.7658537196255553
24962,7,0.9555538506650256
28189,7,0.11476348994928862
3235,7,0.3417891449021402
4137,7,0.20558377593936253
8141,7,0.26916133388760805
12374,7,0.45274204858612294
13351,7,0.37992986770106185
15954,7,0.8013955499639048
16977,7,0.6983421003773048
18013,7,0.5160842581580496
23099,7,0.8724249332801911
24099,7,1.0982099462044823
24967,7,1.0991362814864079
25483,7,3.1009740086171385
2721,7,0.3677905793336438
4141,7,0.23504033065999047
5992,7,0.19047345832288623
11346,7,0.47236826594919507
12378,7,0.4463352758450884
13355,7,0.38062737477049335
15958,7,0.7530267100785124
16981,7,0.6740234849179423
22055,7,0.7015934003479352
23103,7,0.9817098829493139
24103,7,1.0692498467999427
25487,7,2.8186320895525423
2557,7,0.15484311999883502
3244,7,0.12511356673306678
4146,7,0.22548781535677204
4941,7,0.2151982129723226
9239,7,0.3542602403386457
11351,7,0.41545501395815915
13360,7,0.5677059778240565
14959,7,0.4006318977523108
15963,7,0.5410507677362919
18022,7,0.5240538595070285
18862,7,0.4775408208723793
21002,7,0.8020195998649273
22060,7,0.8941298606708535
24108,7,1.0197853076335752
24976,7,1.0815444126755924
25654,7,3.216755982487911
3250,7,0.11077720364838275
5154,7,0.2436483302653578
6214,7,0.2262877181077974
12388,7,0.5082190239390849
13365,7,0.8217701005805943
21006,7,0.8029729627300479
24113,7,1.0364515242880985
24981,7,1.0569813345439025
2401,7,0.1261418042659269
3254,7,0.1762954640722187
4156,7,0.2209524131689968
5159,7,0.2771378006123005
11361,7,0.46209304813313734
12393,7,0.37044751011029464
13370,7,0.2825049320459082
14452,7,0.3720917426992053
14969,7,0.48615141459225913
15973,7,0.5550454591123329
18872,7,0.7009969231582127
19938,7,0.7584651574398166
23118,7,0.9444027087629681
24118,7,1.0103901763715675
24986,7,1.0250384378628756
25819,7,3.3194064178057894
2406,7,0.13938018470539182
3259,7,0.23921508996862503
4161,7,0.31393724506092213
7082,7,0.4579659450446997
8164,7,0.41428236036905003
10324,7,0.42939002383860264
11366,7,0.4005818601343703
12398,7,0.27558586557291614
14974,7,0.4579976812981044
15978,7,0.4958628330569951
18877,7,0.6817785589643663
19944,7,0.7500848930262775
23123,7,0.9141169537364228
24123,7,0.9498026976879366
24991,7,1.0107023346804482
3089,7,0.22643945402923982
6229,7,0.5177088468499093
7087,7,0.5629541043190208
9259,7,0.4137361757427665
12403,7,0.42555567078916257
14979,7,0.3732343662439517
15983,7,0.45215328726131737
17006,7,0.5471869679595155
18042,7,0.5800161002909068
18882,7,0.6855957453931895
22080,7,0.8349246761647717
23337,7,0.867335069912401
24128,7,0.8918383210317804
25673,7,2.5275936307776297
2416,7,0.18571642676685354
3269,7,0.26283455800608196
4171,7,0.35283258566170417
8392,7,0.39670911874247533
9264,7,0.39378194595622973
10334,7,0.3920300780728325
11583,7,0.46472023553275305
12408,7,0.4772498834076078
13200,7,0.3077509043279344
14984,7,0.06257154138302752
17011,7,0.4509717608261982
18047,7,0.5256397239811422
25002,7,0.9393955248765761
25826,7,3.6090536939025117
8179,7,0.3620650252626955
10340,7,0.4460841087242253
11381,7,0.46037446447316943
12413,7,0.41352042852938165
14989,7,0.08190934491827219
17016,7,0.4267992298391545
23138,7,0.9062052318659302
25831,7,3.742597835548528
1962,7,0.21799959182633188
2426,7,0.22968464990114693
4181,7,0.355082197150359
5184,7,0.3960518569382885
7318,7,0.33381271993787265
11385,7,0.4882352025542245
12417,7,0.3337012236591689
14993,7,0.20907648745362065
17020,7,0.38233604157897116
18897,7,0.4962959666348305
25011,7,0.9277808281074366
25836,7,3.6948648308669636
2431,7,0.23239699808510406
7107,7,0.34610807342396616
12423,7,0.2620245279685817
14453,7,0.2100183744668672
14998,7,0.10502853138123974
23148,7,1.1471149653207313
25016,7,0.9261847876595052
25841,7,2.5029178884901455
1845,7,0.11117668405049104
2436,7,0.1335735410824074
10354,7,0.25139138467622196
11396,7,0.14576486984916748
12428,7,0.14055889923949216
14299,7,0.2044524387942023
15003,7,0.09300337151515828
15806,7,0.1693666923779255
19119,7,0.425558893474166
19973,7,0.48741822038032623
21046,7,0.6949361586479941
25021,7,0.8761173767808753
25846,7,1.4882007818587184
2441,7,0.10418429449498576
4010,7,0.2041955805955647
4990,7,0.1836666146794535
7117,7,0.28735278672236725
9289,7,0.2024237464444177
12433,7,0.06748563050117522
28001,7,0.3994790730629274
18072,7,0.3691731008828204
18912,7,0.3690221570744068
23158,7,1.050695995583501
24158,7,1.0059898467756268
25026,7,0.9143828856790052
25851,7,2.393117532588448
1741,7,1.764602971315361
9294,7,0.20515706872721823
11406,7,0.1609153208433981
12438,7,0.07025857781018396
13393,7,0.15030838718619055
15013,7,1.599173152810747
17040,7,0.062356584099706555
18077,7,0.41953880574790525
18917,7,0.07529722011572079
22115,7,0.8328771565337073
24163,7,0.9352326044281296
25031,7,1.0733773658142096
25856,7,3.916736463253715
27857,7,3.2261738705819685
2288,7,0.12143272378215372
3303,7,0.04276521235326579
7126,7,0.11879032576885686
8209,7,0.9012033069586218
9298,7,0.10461992108603001
27967,7,2.5711392244953415
27981,7,0.15170514675403643
28051,7,3.7111417329778202
16225,7,2.543105888685359
17045,7,2.5077506911151004
18290,7,0.6486962080973292
21060,7,0.5188183208489834
22118,7,0.773314388285489
23166,7,0.8892155221615611
24166,7,2.2344126208285213
25035,7,3.8143293418750126
25860,7,3.881542144562978
27918,8,0.05332078027834593
8211,8,0.05612293330445986
9083,8,0.046964111287281035
28125,8,0.036340816729946684
20418,8,0.05224347900104285
5210,8,0.21060804701486013
6057,8,0.17658958132877162
7130,8,0.12035442007377403
7997,8,0.11699204839683927
9087,8,0.09092586917678708
9948,8,0.06163633747951113
18291,8,0.05140160885896714
18922,8,0.05513577485659904
19776,8,0.06514745084196345
20849,8,0.07433958434627436
21908,8,0.06187448713128625
22958,8,0.057431287951113894
3482,8,0.5368813702756866
4019,8,0.3424255525961471
4798,8,0.2766398444822034
5849,8,0.1862790610249799
7136,8,0.1433428695386023
8002,8,0.1320939179722699
9092,8,0.11177155155384985
10161,8,0.07091600927070424
11204,8,0.04887842710910456
12238,8,0.055916159058848024
16840,8,0.040498696264533667
17874,8,0.03889866362377737
18716,8,0.059751667564139695
19565,8,0.06780529220519248
20854,8,0.07572032147237368
21913,8,0.07470697220213185
22961,8,0.07283882887326362
23977,8,0.020271112343619693
2451,8,0.7158439665495909
3131,8,0.608582014233386
4023,8,0.5581974220706037
5007,8,0.37099081711609966
5853,8,0.21669217957979534
6925,8,0.177754366439001
8225,8,0.16262706042843442
9097,8,0.14900834160300608
10167,8,0.1309809169656886
11209,8,0.08136596106431222
12241,8,0.06387756245734254
13218,8,0.055008455545694626
14012,8,0.05413187234407619
15017,8,0.046217769342990024
15821,8,0.041839930265390554
16843,8,0.04826720625212783
17880,8,0.04743090606998798
18932,8,0.03848037798282176
19571,8,0.04088101764084352
20860,8,0.04325671279139248
21918,8,0.04963743111903491
22966,8,0.05556452734141644
23982,8,0.157550943374437
24699,8,0.042410645775505726
1745,8,0.09415096181132492
2293,8,0.7267046320368536
3135,8,0.6723049182007081
4028,8,0.5767067259862713
27900,8,0.21273261315243486
7146,8,0.3569063150042895
8012,8,0.47343360669008605
10171,8,0.16631284980478808
12246,8,0.09705468707904452
14017,8,0.12314609967160325
14821,8,0.04988405399227161
15826,8,0.03366455059246925
17677,8,0.04209661908521571
20005,8,0.03244475282468065
21923,8,0.024337321961331693
22971,8,0.04141376517689657
25551,8,0.18096442190378995
1645,8,0.45580495260182646
2298,8,0.6536788170648987
3141,8,0.7821973097819481
5018,8,0.514569983903684
7150,8,0.27706751253440864
8016,8,0.3797567291714875
9325,8,0.5124355555672538
10177,8,0.38861519727424804
13227,8,0.08749323724933056
14021,8,0.013403024501249455
16854,8,0.11976436093681642
17890,8,0.11419848869919041
18941,8,0.10661742594903244
21928,8,0.0281753596782463
22976,8,0.11880405017730739
23991,8,0.11842602045514244
9111,8,0.5155448968506745
12255,8,0.18649166697162867
13232,8,0.12323707969393048
17895,8,0.1685458530960081
18734,8,0.10962062887922872
23996,8,0.07810800714647152
24880,8,0.07169070885579225
1279,8,0.3627611998952837
4042,8,0.6761929797260928
5027,8,0.6913563122543257
11228,8,0.5440359488299951
12260,8,0.25695870776512575
13237,8,0.3040197465679948
21937,8,0.10522172261010754
26278,8,0.13622258065605883
3155,8,0.6741390933912386
5032,8,0.739920796396842
6949,8,0.14293502135302666
9340,8,0.03242978667743206
11233,8,0.17618935342619982
28017,8,0.48637863179365115
13243,8,0.3720598416818092
15845,8,0.4630865993585648
19810,8,0.2857877976172812
24889,8,0.06839446741929478
25731,8,0.10089743673173843
1196,8,0.39558371778680135
4833,8,0.7501316082730698
6096,8,0.7563752811027545
9126,8,0.8134531828628868
10197,8,0.7556785612945229
14846,8,0.45834841351737937
16667,8,0.35859234383952404
20888,8,0.1131690881489145
25735,8,0.11451867371945729
13253,8,0.30883625660510455
14047,8,0.3387482590310359
14851,8,0.48031995621762325
20893,8,0.17950250937453066
23000,8,0.19935660063339772
26293,8,0.13127502922949758
26709,8,0.19572272596430343
788,8,0.5007427071528776
4062,8,0.7298108062283378
14856,8,0.3861892038272686
15860,8,0.38479492298504003
16883,8,0.3930258540366401
17919,8,0.37181510656104644
21957,8,0.15909029696613755
24021,8,0.17994159273563118
25073,8,0.14073503051307432
1121,8,0.4331307070824489
6111,8,0.7723351539817027
12284,8,0.8798790263447985
13261,8,0.3214375214985268
14055,8,0.39264533631985293
18764,8,0.34552512256968776
23010,8,0.15517411303941978
24026,8,0.17736835224765063
25078,8,0.17838693268360706
25750,8,0.14224547232545903
520,8,0.8749936024774357
4072,8,0.8398416773633077
6974,8,0.7710216478222391
8274,8,1.1558196827662501
11258,8,0.9625130499986359
13083,8,0.4759206799293825
16893,8,0.2459790047458649
17929,8,0.27026694269112955
24031,8,0.14988506484203185
24914,8,0.16080336893287026
25754,8,0.1422500878462408
26724,8,0.21375310911767748
27093,8,0.8534713630849283
464,8,0.9187782487005914
1221,8,0.5289981835588371
2342,8,0.6298726951817267
8061,8,0.8741095394905725
14871,8,0.43616798818381597
17934,8,0.1964315900159802
19840,8,0.2605470271309295
21972,8,0.1639675810202838
24036,8,0.1085878339342633
25760,8,0.09259314062140557
808,8,0.6044299722924295
1317,8,0.569733690617268
2347,8,0.6963107636735533
3016,8,0.9953640674214779
12300,8,1.051544362122504
13453,8,0.5770978293088291
14876,8,0.48134373989958823
15880,8,0.4905413286552062
18779,8,0.1392685789041435
19845,8,0.18479985304878832
20918,8,0.23742958073650344
21977,8,0.14206479878698855
24924,8,0.13579805613991633
26316,8,0.13265825210962714
26733,8,0.19951358687017287
259,8,0.21606630700683632
1231,8,0.6022577775175383
1698,8,0.6151106826762937
2352,8,0.7461710225507513
3195,8,1.122915372097247
5072,8,1.1768243062853792
6131,8,0.6020794637868104
8289,8,0.8167325018162193
9161,8,0.9525125586110251
12305,8,0.8673593857587457
15884,8,0.5741064713749239
18784,8,0.223771289025563
19850,8,0.26319885366128243
21982,8,0.11921720165954834
23030,8,0.070610214594688
24046,8,0.057724737527530746
25098,8,0.10537778753318994
25769,8,0.10316879235348282
27108,8,0.2629469372211986
1236,8,0.6719444786752564
1704,8,0.7848910364081033
5076,8,1.3098573144497478
6994,8,0.6254263563867988
8075,8,0.6914764268259876
9166,8,0.7249400531586605
14886,8,0.5261783306666651
16913,8,0.6492739970952438
20069,8,0.3985727715851913
21987,8,0.2366055550367714
23035,8,0.11660701345844597
25103,8,0.1095630509845551
25775,8,0.0844808200542773
27397,8,0.2892944548771059
270,8,0.10248120147633354
823,8,0.7020106247099973
4476,8,0.8840784799568339
8080,8,0.6054642570362395
10449,8,0.7308493241634325
11283,8,0.7052285257360877
14086,8,0.44758527215496086
16918,8,0.6907718422782657
25278,8,0.09557978769413578
27532,8,0.43554077859798174
616,8,0.8639182192109138
827,8,0.6729104528325316
1245,8,0.6927976716070545
5086,8,0.7932346857025145
8302,8,0.603731067013953
11287,8,0.911500182351672
13113,8,2.470319263046393
15899,8,0.6292977374064893
17958,8,0.9039549873908387
18799,8,0.9650153121253096
20937,8,0.6121676169986735
26753,8,0.13475309343378117
63,8,0.6230481627072979
1250,8,0.7556741563646673
1718,8,0.8303305104524469
4477,8,1.2086037795937492
4881,8,1.3059740558208954
6150,8,1.2358665378615763
9180,8,1.3468113750306092
13301,8,2.4176679708370266
15904,8,0.6142683794470906
16721,8,1.01669348572363
19654,8,1.0155030980768713
22002,8,0.915331470597127
25789,8,0.13890062401279957
26758,8,0.2043365374901583
27127,8,0.17306250742121274
27411,8,0.24189684619848742
44,8,0.7372432505887665
238,8,0.8462333310263939
838,8,0.8215442499949737
4093,8,1.1674341538720403
4886,8,1.3279534794574912
11711,8,1.26124544761069
15909,8,0.6679359022144987
16521,8,0.7108592390192319
23055,8,0.856900661335109
25794,8,0.32095465149240027
26346,8,0.143194461560351
27313,8,0.2177877454392317
27723,8,1.8828672496714456
16,8,0.6803343168638443
768,8,0.8292960502953598
1728,8,0.4471560245471549
6160,8,1.297452598095574
7451,8,1.083613392212681
9190,8,1.3260275957325538
10260,8,1.2719653597041694
15914,8,0.6458277822980585
21165,8,1.0979337665126894
23059,8,1.0830921538292821
24059,8,0.7901693410416804
24759,8,0.8380218138890002
25943,8,0.5370243320510922
26352,8,0.28272689996949085
27468,8,0.16232646259116218
27623,8,0.3354253833129259
27727,8,0.6318670694265689
27795,8,1.9660592464949616
7,8,2.0888950262750803
508,8,1.0215735636797745
1266,8,0.8025622399551284
1733,8,0.4888731221815841
2081,8,0.5043811347833647
3377,8,0.9364160802847092
6377,8,1.255226123172124
10265,8,1.2927901579867431
12339,8,1.1658107230013706
15919,8,0.5952391236751277
17355,8,0.7600483805828341
17978,8,0.6605042336243512
24064,8,1.0364546477558891
24932,8,0.9556056662106106
26356,8,0.5367149152948391
26773,8,0.19563034833876491
27628,8,0.10922346476442546
27732,8,0.39392167357706215
27809,8,1.913117942044105
2,8,3.9247114325379764
852,8,0.8409327902088353
1738,8,1.1392325358836903
3208,8,0.7907363729589691
4107,8,1.2036857091180084
5744,8,1.3380277430493752
10269,8,1.2680765913826408
11312,8,1.2719490779430271
13322,8,0.9777592719311013
14115,8,1.1501579122598653
17153,8,0.8848355322848188
20104,8,1.05491954252769
24069,8,1.1404731717712153
24936,8,0.9339893712842737
26360,8,0.3959375240663265
27147,8,0.30007190073744977
27633,8,0.0635878944322802
27814,8,0.3081252167173231
6,8,2.7592172403224766
112,8,0.6048492580014702
258,8,3.824863481327491
518,8,2.541603852945405
1275,8,0.4900002809812626
2541,8,0.6898561192878725
3213,8,0.7019784209197409
4113,8,0.827756478893776
6176,8,0.7651587988311983
7033,8,0.670481688926227
8987,8,0.8543696093178247
10275,8,1.1090118422264204
11316,8,1.0260592260068628
13326,8,0.44225934170567427
14120,8,0.5563885490933782
17157,8,1.085882834296539
24074,8,1.182062901262814
24942,8,0.8261548406068467
25799,8,0.8603544030402249
26534,8,0.11874693587622738
27818,8,0.19600693503402508
27846,8,4.189005659190569
3218,8,0.45019495936303455
9428,8,0.6503011204785728
10279,8,0.6874622788528736
14930,8,0.47676289788384746
16957,8,1.352162656576725
17993,8,0.9997934541553575
18834,8,0.993663502999339
22031,8,0.9116493650900499
23079,8,0.8001891909673586
25804,8,0.7891420882826472
26176,8,0.8074381004332649
26787,8,1.1920798498541523
27156,8,0.08118974790430283
27440,8,0.11780388734867803
1841,8,2.377559707672969
3223,8,0.24276734771199018
12359,8,0.6108834046617919
13336,8,0.6485305825543606
18838,8,1.1061866476929985
22036,8,0.9734342239137587
23084,8,0.7098459330295263
24084,8,0.803139619391535
24952,8,0.9466059478324381
26361,8,0.4522492265163132
27869,8,3.4795546412875082
2394,8,0.5997131046502977
4127,8,0.22815261208054446
7048,8,0.9447346611824675
10290,8,0.5460354973574668
11331,8,0.5537821039366321
14135,8,0.5117978668955159
18843,8,1.3330676181453056
24089,8,0.8069492257720036
26274,8,2.6786460035321684
6195,8,0.4263068193887035
8134,8,0.5070164788102518
11336,8,0.41212996561936954
13346,8,0.4553759143018849
14945,8,0.4326775219357055
19913,8,1.068329626311134
24094,8,1.1221176879198222
28189,8,0.46107404049848366
3235,8,0.16402146055309694
5140,8,0.19000813105544304
8141,8,0.358220511447105
12374,8,0.384525016654885
13351,8,0.32727824250103843
15954,8,0.9760886304755063
16977,8,0.9022245913785228
18013,8,0.8086372767201975
23099,8,1.2854272311452284
24099,8,1.430560914863991
24967,8,1.4119455901846645
25483,8,2.9181684201574147
2721,8,0.2827697962757424
4141,8,0.1675889045705008
5992,8,0.19953649197581794
10305,8,0.4819126152959681
12378,8,0.4471722612918016
15958,8,0.9120291292874217
20996,8,0.9258914624508636
22055,8,1.258077699051389
23103,8,1.3714844566191464
24103,8,1.4182481297271674
25487,8,2.151823429909237
2557,8,0.2666216219961994
3244,8,0.19317313685929427
4146,8,0.13390256974895304
4941,8,0.15077310236226657
9239,8,0.40682281808698545
11351,8,0.44625915956458034
13360,8,0.26493635349680955
14959,8,0.5926607266375442
15963,8,0.7818793263360323
18022,8,0.8367451679154058
18862,8,0.8735067684498486
21002,8,1.2230343823088397
22060,8,1.314800131992686
24108,8,1.4096159964082502
24976,8,1.3726025085759923
25654,8,3.0784220490564485
2396,8,0.2526878991171682
3250,8,0.1649798426359836
6214,8,0.20948367766929946
8154,8,0.2995098273673412
11356,8,0.3976686078654872
12388,8,0.3668888532217876
13365,8,0.1508782948724298
21006,8,1.2367763288205262
24981,8,1.3547117622932967
2401,8,0.19011304868092296
3254,8,0.1681881689859027
4156,8,0.1431711592511619
5159,8,0.18062882694919566
12393,8,0.31357772552701746
13370,8,0.18938868727221048
14969,8,0.6585953421684615
15973,8,0.7017132375563103
23118,8,1.3134383593422774
24118,8,1.2622422536573799
24986,8,1.2883051641999181
25819,8,3.3185339723592664
2406,8,0.17052791734409284
4161,8,0.23598460874357646
7082,8,0.4144271050673992
8164,8,0.39471684332426016
10324,8,0.4116482230064572
11366,8,0.41138703498084034
12398,8,0.25066516331448124
14974,8,0.6240937797070834
15978,8,0.7198617939059367
18877,8,0.9352661721080335
19944,8,1.083041972260361
23123,8,1.1685513049463492
24123,8,1.282022169465864
24991,8,1.1873804003989814
3089,8,0.20871498332193272
4166,8,0.3469240214842771
6229,8,0.47773107298314693
7087,8,0.44149467628508404
9259,8,0.3631578285834019
11371,8,0.26746990273920324
13380,8,0.3381634658625423
14979,8,0.55821125557575
15983,8,0.7275407124953203
18042,8,0.77317570030115
18882,8,0.9886212320712615
22080,8,1.0605729217891
23337,8,1.0998341218461423
24128,8,1.169889901457079
2416,8,0.14842115560524322
3269,8,0.26416159920418364
8392,8,0.3539440803358722
10334,8,0.27887316952280916
11583,8,0.39310663531580026
12408,8,0.3949714304305957
13200,8,0.2861491848760084
14984,8,0.4053373305331889
18047,8,0.8063524866032946
23133,8,1.091902405290417
25002,8,1.0600608002079153
25826,8,3.6755186351875193
2421,8,0.2176845700356405
8179,8,0.3143294964056491
10340,8,0.3934911083954358
11381,8,0.4286532072148865
12413,8,0.35181315793843665
14989,8,0.26010650095828214
21031,8,0.9131392835369185
25006,8,1.0969183160943696
25831,8,3.7685672309862874
1962,8,0.2517686445134208
2426,8,0.20042833726093554
4181,8,0.39523051460830066
5184,8,0.36126716492453315
7318,8,0.3105524051792421
10344,8,0.4388158602323769
11385,8,0.4299850932781757
12417,8,0.2556505813335394
14993,8,0.4063057385669175
18897,8,0.7403355004824311
21036,8,0.891386765702174
23143,8,1.214336792263123
25011,8,1.1909113826052915
25836,8,3.81621812394612
2431,8,0.21601646956218312
5189,8,0.3142653287655685
7107,8,0.29661133824083047
9279,8,0.40596196466799905
12423,8,0.21326509041711728
14453,8,0.03474283525893295
14998,8,0.34356884531454013
21041,8,0.8366912597329894
25016,8,1.1234278059532605
25841,8,3.8885350693172533
1845,8,0.14339238421760786
2436,8,0.2128783961352757
9502,8,0.35358860975467665
10354,8,0.35836188106830325
11396,8,0.32381107472176207
12428,8,0.1923928138707542
14299,8,0.2500792740096157
15003,8,0.3225287616807624
19119,8,0.6492300134833103
19973,8,0.6974306242985585
21046,8,0.9479443795962
25021,8,1.0537247880532348
25846,8,3.9304501784934214
2441,8,0.1886993796399804
4010,8,0.2783971721349512
4990,8,0.26998066980596275
7117,8,0.2758234130931398
11401,8,0.3253113089469058
12433,8,0.2263293241775998
28001,8,0.08636271251824858
15008,8,0.19598173900534946
18072,8,0.5024085809430241
18912,8,0.5714272579763185
24158,8,0.9701559332906086
25026,8,1.0395868788225981
25851,8,4.011260324266586
1741,8,0.5854052719842863
11406,8,0.11765260366955195
12438,8,0.1152094031443945
13393,8,0.03291666694439431
15013,8,1.4902620492647796
17040,8,0.3099052406824017
18077,8,0.30217633907749736
18917,8,0.5357307396955489
22115,8,0.8392514721106602
24163,8,1.0087170719644392
25031,8,0.9957811921777275
27857,8,2.327608787329163
2288,8,0.147137304737208
3303,8,0.48882942919065003
4205,8,0.30161678864852093
5208,8,0.323828453971817
7126,8,0.24675151169773588
8209,8,0.14315912984717347
9298,8,0.16349448899480243
27967,8,1.8419313576283078
27981,8,0.056491444777799764
28051,8,3.414835511605083
16225,8,1.5879604092598743
18290,8,0.6741595712579198
18921,8,0.5011075789771385
21060,8,0.7380412287487453
22118,8,0.7535445635372577
23166,8,0.7436933828541612
24166,8,0.9787099495732101
25035,8,4.122916642397519
25860,8,4.131075327616261
27918,9,0.037819373769765054
8211,9,0.03791895223079828
9083,9,0.03299391503280379
28125,9,0.027098401749744386
20418,9,0.03744882085579931
5210,9,0.15172953333889433
6057,9,0.12617719480172132
7130,9,0.07638696854979636
7997,9,0.07215678699220943
9087,9,0.05720316424956679
9948,9,0.0416544273233837
18291,9,0.045285449648423945
18922,9,0.04306258246826892
19776,9,0.04726353929829376
20849,9,0.044316886775933956
21908,9,0.03561324337411985
22958,9,0.036676099001577915
3482,9,0.3142174140076681
4019,9,0.22808030586305894
4798,9,0.1981139395674713
5849,9,0.13259480000171245
7136,9,0.08766710626692115
8002,9,0.07861161442341945
9092,9,0.06843571185095938
10161,9,0.04778270526917834
11204,9,0.03336856087388841
12238,9,0.041714962826778425
16840,9,0.03583411737502706
17874,9,0.03529215949868207
18716,9,0.0436235263619845
19565,9,0.0478825731964677
20854,9,0.04240167143743599
21913,9,0.04200350738287338
22961,9,0.04030001595751403
23977,9,0.01989825478150347
2451,9,0.30961871810597746
3131,9,0.3436610693035681
4023,9,0.338419993038722
5007,9,0.239735469427813
5853,9,0.14558593199605546
6925,9,0.16318438383705583
8225,9,0.09362348657425694
9097,9,0.08311090374926891
10167,9,0.06990418812817106
11209,9,0.04995826527205051
12241,9,0.04505438781795564
13218,9,0.03701684404741048
14012,9,0.036309122280548285
15017,9,0.037522272170008
15821,9,0.03736086906530636
16843,9,0.03986381203248062
17880,9,0.038702426788405235
18932,9,0.03217564242048804
19571,9,0.03183158796097699
20860,9,0.022999543877160643
21918,9,0.028252650346062967
22966,9,0.03899015469470045
23982,9,0.06659307935998286
24699,9,0.03418696433635539
1745,9,0.06251909776420618
2293,9,0.3698156744124402
3135,9,0.3154993154202646
4028,9,0.37700274945382517
27900,9,0.1476775740168822
7146,9,0.12851395630622586
8012,9,0.06756677095630047
10171,9,0.14230326815096728
12246,9,0.05289105078999683
14821,9,0.03759894321278331
17677,9,0.10055377896057294
20005,9,0.009425479654866925
21923,9,0.017529946803884013
22971,9,0.061217483391524
25551,9,0.08133945437157489
1645,9,0.15668184934603038
3141,9,0.4334737649851706
5018,9,0.4089090042944419
7150,9,0.31761964056567143
9325,9,0.06170664771281607
10177,9,0.05388322415181446
13227,9,0.10850995145429962
14021,9,0.16981452985434206
16854,9,0.29051047831741605
17890,9,0.3138116981790543
21928,9,0.10418045654799653
22976,9,0.11899932640619777
9111,9,0.05297622924279651
10181,9,0.04959219830530814
12255,9,0.1366369272483386
13232,9,0.19594756931228838
17895,9,0.394174470593477
18734,9,0.3904287560472919
23996,9,0.10555043169174556
24880,9,0.12662266344916442
1279,9,0.6173237480978709
4042,9,0.5735551108665738
5027,9,0.42822489113637685
11228,9,0.04924854594747789
12260,9,0.0707849162239861
13237,9,0.18785744469948215
21937,9,0.09574867414486107
26278,9,0.2885053369499183
3155,9,0.5615217495024482
5032,9,0.602709987407298
6949,9,0.2884158702088826
28017,9,0.1947082399682105
13243,9,0.17972023588408612
15845,9,0.34472890545321366
18744,9,0.24170029975849397
19810,9,0.22328428229900468
24889,9,0.2079323365202523
25731,9,0.3200189830492936
4833,9,0.7511122308406921
6096,9,0.41155094306384354
9126,9,0.2375716208928917
20888,9,0.10834570568127176
26287,9,0.34288195212310163
13253,9,0.17187221154101448
14851,9,0.18734234101447428
15855,9,0.18655226287651083
20893,9,0.17941644099652018
23000,9,0.25493270791130157
26293,9,0.2909020698369285
26709,9,0.24946572879278134
788,9,0.3764680862471682
1206,9,0.4999756291965757
4062,9,0.7328128631285729
13257,9,0.29712460592084977
14856,9,0.1776621263987593
15860,9,0.25631598721629234
16883,9,0.33788048374068125
17919,9,0.3190759392962199
21957,9,0.22172633990477872
24021,9,0.20811077644552428
25073,9,0.23626723371980143
1121,9,0.6370425157416965
6111,9,1.2053691971650473
12284,9,0.6953805056545639
14055,9,0.35872023390361873
14861,9,0.2948273771394324
18764,9,0.4001577175255567
23010,9,0.20881580127055377
24026,9,0.19119239635921434
25078,9,0.18411177645961935
25750,9,0.23609563720678542
520,9,0.16432888292788655
1215,9,0.7363215434666143
4072,9,1.0877944803059958
8274,9,1.6310340443828772
13083,9,0.5452741524159153
14061,9,0.5857813988901073
16893,9,0.2863930675317332
17929,9,0.3650271085501952
24031,9,0.20694613085120694
24914,9,0.20044657217745981
25754,9,0.2032559619672785
26724,9,0.2777934200751174
27093,9,0.8330276213558668
464,9,0.28954853058613167
1221,9,0.805673323314077
7194,9,1.0557197394688398
14871,9,0.4742287018005438
15875,9,0.41218718115493447
17934,9,0.457096400568538
19840,9,0.42528380421953543
21972,9,0.33036558029443003
24036,9,0.2673909550970642
25760,9,0.2124616561402437
808,9,0.743896229020635
1317,9,0.8408073134630029
2347,9,1.2909821055084967
3016,9,1.5907744793969492
12300,9,0.16169699518906352
14071,9,0.2521684291935525
14876,9,0.4525026542962002
15880,9,0.43552804303317144
18779,9,0.4657569511046414
19845,9,0.4380571580687065
20918,9,0.4056265737173071
24924,9,0.2914652224705406
26733,9,0.3336976484980262
259,9,0.8289534501592207
1698,9,1.0003262856839261
2352,9,1.151592271959276
3195,9,2.0501540514806886
5072,9,2.325898849951409
6988,9,1.3032573821773745
8289,9,1.8113231602464066
18784,9,0.5025829195471779
19850,9,0.5186076731623342
21982,9,0.44390514321011754
23030,9,0.2881392725517293
25098,9,0.27029324724090953
25769,9,0.2110902208924984
27108,9,0.1996160908492228
1236,9,0.7649173100308108
5076,9,2.8950591724838683
6994,9,1.6516263167705498
8075,9,1.6870285107387433
9166,9,1.7498130262428064
13464,9,0.14349926860505705
16913,9,0.2145548605693346
20069,9,0.2993471835845395
21987,9,0.3658865267152613
23035,9,0.3467132534993827
24050,9,0.38437614885226634
25103,9,0.25709685844190244
25775,9,0.20261639063408443
27113,9,0.21470115189099098
270,9,0.8814565978513679
823,9,0.6815784096466174
3204,9,1.0133986018389307
4476,9,1.9658739905277665
8080,9,1.0575028535331215
10449,9,1.4295982451273082
14086,9,0.2007402037503459
16918,9,0.19192216853884916
23661,9,0.40179152688835795
25278,9,0.2521995973707906
25780,9,0.348833268836341
229,9,0.8506316691662651
616,9,0.554789794346335
827,9,0.6104183548101528
1245,9,0.6346258981559352
5086,9,1.587399952281551
8302,9,1.1718182768065968
11287,9,1.3212985251218006
15899,9,0.31286045820510644
17958,9,0.20678241123178964
18799,9,0.23692459549927375
20937,9,0.23096808793337573
27122,9,0.22482699957777103
63,9,0.7162151158163892
494,9,0.424413421355376
4477,9,0.9126501713074823
4881,9,1.053190375027988
6150,9,1.1475686362244422
15904,9,0.3256664933255312
16721,9,0.29068927040563375
19654,9,0.30080734518031194
25789,9,0.3521215013400842
26758,9,0.28212718937224585
27127,9,0.3282789388793419
27411,9,0.21802474279189735
44,9,0.6265750443886162
238,9,0.3792080216694811
838,9,0.5533359996008949
4093,9,0.8470878794254456
4886,9,1.055943889533202
11711,9,1.040662310967405
16521,9,0.33547127980847763
21160,9,0.17494865034127507
25794,9,0.3622827921384862
26346,9,0.27179401304815426
27723,9,1.7393201292938727
16,9,1.294740046278414
768,9,0.48736610863703905
1728,9,0.7529405824085267
4097,9,0.9448054902943296
6160,9,1.222806062374563
7451,9,0.9490989010584125
9190,9,0.9389203071870588
10260,9,1.1801890706807192
21165,9,0.18415331282027134
23059,9,0.22665702257205905
24759,9,0.4113892683089087
25943,9,0.35264124432445065
27468,9,0.25616783009668437
27623,9,0.30092474894737775
27727,9,0.262494616550078
27795,9,1.6306678205847154
7,9,1.6827626191471685
508,9,0.5257339656281257
1266,9,0.7036771836566409
1733,9,0.8571076934891823
3377,9,0.7822286473371551
6377,9,1.214536469795476
7889,9,0.8360963405252794
9195,9,1.0688890124273305
12339,9,1.1235079866550808
17355,9,0.41003430870403246
24064,9,0.3421165867259613
24932,9,0.36062363119889984
26356,9,0.3695418414869139
26773,9,0.2570093081584365
27628,9,0.3577057830342366
27809,9,0.1896094486968875
2,9,3.5047639781226487
108,9,0.45940075432296734
852,9,0.8385194963216467
1738,9,0.7656136910857697
3208,9,0.8870007002598909
4107,9,1.079836740269486
5744,9,1.1902687152616986
10269,9,1.2576608695955613
11312,9,1.2899220581188078
13322,9,1.2109565474970119
14115,9,1.1146452534017173
20104,9,0.1963289424928691
24069,9,0.3108265252892911
24936,9,0.380389372086213
26360,9,0.36897492830995554
27147,9,0.4187783673217958
27633,9,0.3775974345556612
6,9,3.97259097129005
112,9,0.8871536444527651
258,9,4.27129601914635
1275,9,2.7694352456277413
2541,9,0.9791078435717996
3213,9,1.0455078433553013
4113,9,1.1316565293981866
8987,9,0.9574193718482708
10275,9,1.2094491389500697
11316,9,1.1836318892407576
13326,9,0.8999043070400397
14120,9,0.517971108961334
17157,9,0.3948668450712799
24074,9,0.4246047902958343
24942,9,0.33212294798470493
25799,9,0.3860405866393879
26534,9,0.345270653537525
27436,9,0.5168113635877379
27846,9,4.385447316438934
9428,9,1.04001893359478
10279,9,1.0985761121362982
12354,9,0.6334820691562714
13331,9,0.4913206268853985
14930,9,0.539602877417713
16957,9,0.6545009181858148
17993,9,0.5549285464956208
18834,9,0.7110923757771362
20972,9,0.33112178633884326
22031,9,0.4011346406461478
25804,9,0.35216262007869886
26176,9,0.6166579240358917
26787,9,1.610893001029435
27156,9,0.5098766567684091
27440,9,0.450902613435634
1841,9,4.1705557952716985
10285,9,0.9752466731402845
13336,9,0.5692224313951246
16962,9,0.4336774462770221
18838,9,0.6368316981191555
19904,9,0.7928131256431673
22036,9,0.47442312790420815
23084,9,0.16643249933865306
24952,9,0.3840794124710184
26361,9,0.638549630477736
27869,9,4.106059387950513
2394,9,3.614566161565043
4127,9,1.0337263936059047
7048,9,1.3753288967133126
10290,9,0.9067253992701162
11331,9,0.911611882660866
14135,9,0.08870609163958093
18843,9,0.8005539372429887
24089,9,0.04769185934700302
26274,9,2.1071447333924818
3230,9,0.4422241634549773
5134,9,0.9011009847380431
6195,9,0.9642168330297626
11336,9,0.5653168159127937
13346,9,0.18797706884756776
14945,9,0.2512711337746289
18008,9,0.1448379291061936
24094,9,0.45464106020795414
28189,9,0.38189624575680764
3235,9,0.37199281891554337
8141,9,0.7521618219095059
12374,9,0.6095662308743844
13351,9,0.4602165066175327
15954,9,0.5182306990814678
18013,9,0.3015481554487054
24099,9,0.7872675588206858
24967,9,0.913027467195744
25483,9,2.673800215954125
2721,9,0.2539738057274662
4141,9,0.6490641270415322
8145,9,0.7643686743274944
10305,9,0.7196402446636841
12378,9,0.6801137032723463
20996,9,0.35213319268428905
22055,9,0.4543506214972419
23103,9,0.6823525703648062
24103,9,0.8655032381984553
24971,9,0.9535666922979278
25487,9,1.1570672628113317
2557,9,0.288620699863401
3244,9,0.3151393462059869
6209,9,0.7186163188501896
9239,9,0.7260516417555558
13360,9,0.310049946964693
14959,9,0.5870430829949275
15963,9,0.40860291699562007
18022,9,0.38626522753590303
18862,9,0.3203877328768319
21002,9,0.4481056880131264
22060,9,0.5835537057534005
24108,9,0.8360929806754622
24976,9,0.9660381579009164
25654,9,2.926478039860455
2396,9,0.41099902053966236
3250,9,0.45701767787191205
8154,9,0.7285218386379785
10313,9,0.7524719306453563
11356,9,0.7175660289967101
12388,9,0.4371173734254587
13365,9,0.4299071941738525
21006,9,0.46248735660647977
22065,9,0.6556429039632696
24981,9,0.9262399259740909
2401,9,0.5480276825991138
3254,9,0.6048213776345618
4156,9,0.62592171102619
12393,9,0.3044229834680255
13370,9,0.35010219965665085
15973,9,0.3242998710401741
24118,9,0.8124354677416972
24986,9,0.9483550116711196
25819,9,2.7831239320385683
7082,9,0.6774915728617912
8164,9,0.7287622754190333
10324,9,0.703654767730284
12398,9,0.2864453048997958
13375,9,0.2416815478986463
14974,9,0.263921698801462
15978,9,0.3183174658119691
18877,9,0.271612046979863
19944,9,0.42483723971386383
23123,9,0.7357548017743264
24123,9,0.7860075224520535
24991,9,0.9714483121210041
2411,9,0.6734545290302651
3089,9,0.6741246733162457
4166,9,0.6600693113676014
6229,9,0.6887138077057938
8169,9,0.7522150770034957
13380,9,0.2428627749014865
14979,9,0.23693953137847387
15983,9,0.25148117547452464
18042,9,0.26510536150335695
22080,9,0.6681292829412838
23337,9,0.7605358121064287
24128,9,0.8116977062784966
2416,9,0.6787340978054344
3269,9,0.700510276515863
6234,9,0.7310530140898279
8392,9,0.7091847659855549
10334,9,0.6739965496775613
11583,9,0.4961490535368349
12408,9,0.43345518112154574
13200,9,0.3135639851976371
14984,9,0.20438639637357267
15988,9,0.2645073057507881
18047,9,0.33286913140011376
23133,9,0.7320420923830684
25002,9,1.0129788742244046
25826,9,3.7276196797714487
5179,9,0.6954918986930524
8179,9,0.6978110747240255
10340,9,0.581744673122191
11381,9,0.5385902842745581
12413,9,0.5045455131497232
14989,9,0.37873357217212816
24138,9,0.9705595538838541
25006,9,0.9914688776923908
25831,9,3.821020214455911
1962,9,0.6456397192917656
2426,9,0.7558686420267013
4181,9,0.6959256904478381
5184,9,0.7336882009603086
7318,9,0.6428089536199618
9274,9,0.5501234063112412
10344,9,0.5011249358157593
11385,9,0.5193338836625414
12417,9,0.49953215303967813
14993,9,0.4312523497430666
18897,9,0.5051817784544776
21036,9,0.6743547383543396
23143,9,1.015051669291265
25011,9,1.037404806210005
25836,9,3.8127255780957445
2431,9,0.7487440847694785
5189,9,0.7220966781658608
7107,9,0.5991748058655649
9279,9,0.5126591401078701
11391,9,0.5218024061703069
12423,9,0.5048536529030839
14453,9,0.5682105196520614
14998,9,0.4655685833267914
16003,9,0.4534432575266712
21041,9,0.6825624349584368
25016,9,1.0551883286210266
25841,9,3.8760719751724424
1845,9,0.5931687906424746
2436,9,0.7319577034714478
4190,9,0.7410843459481451
11396,9,0.6465061962379737
12428,9,0.6001679854637311
14299,9,0.6035756269557115
15003,9,0.578659819870136
18067,9,0.5601822384477028
19119,9,0.6023028900290005
19973,9,0.6476715122010791
21046,9,0.7193235406208044
25021,9,1.0575924531505794
25846,9,3.75490632343207
4010,9,0.6872238965746768
4990,9,0.6929675600542986
7117,9,0.6166697291562306
11401,9,0.6925144762510604
12433,9,0.623846124103948
28001,9,0.7172328172203193
15008,9,0.7108084651246328
18072,9,0.6381759948473862
18912,9,0.6662696925158548
24158,9,1.0059807502795588
25026,9,1.044492275098732
25851,9,3.7480273873305108
1741,9,0.7065645374524081
12438,9,0.7856534406732946
13393,9,0.7191419922413657
15013,9,1.5995428587599272
15815,9,0.7179966023193648
17040,9,0.7168300692523771
18077,9,0.7610785324223109
18917,9,0.7415878814980987
19983,9,0.8969298892267258
22115,9,0.8679953555810656
24163,9,1.0715173466560495
25031,9,1.1522305169097562
27857,9,1.7844167753727498
2288,9,0.7355588769869009
4205,9,0.8066999607248404
7126,9,1.5674827578596295
8209,9,1.6689296914592031
9298,9,0.8402746641202409
27967,9,1.337060863049668
27981,9,0.7801916448015308
28051,9,3.3876971699123337
16225,9,1.6692836710132124
21060,9,0.9210900426590892
22118,9,0.8999837189423159
23166,9,0.9991048686359875
24166,9,1.1088057004327139
25035,9,3.7306231714135
25860,9,4.052438729095329
27918,10,0.030595419319705656
8211,10,0.03309219523297066
9083,10,0.029531607363595377
28125,10,0.023928550731220598
20418,10,0.027283095988573543
5210,10,0.15118029318033493
6057,10,0.12152150681405512
7130,10,0.07398710491118857
7997,10,0.06933195133464062
9087,10,0.052925947215506475
9948,10,0.03194033759926813
18291,10,0.022686707804095606
18922,10,0.02408761881030194
19776,10,0.027565837332726707
20849,10,0.02729280156811792
21908,10,0.02600992951518099
22958,10,0.029584651624423204
3482,10,0.3166389087994462
4019,10,0.24199971174900173
4798,10,0.21170285999409974
5849,10,0.13794211734937956
7136,10,0.08610264627765223
8002,10,0.07656941670319933
9092,10,0.06568865251937503
10161,10,0.03842754293401104
11204,10,0.028670577852739645
12238,10,0.034392967191699785
16840,10,0.019283847377687444
17874,10,0.018118819517484
18716,10,0.0227944519184002
19565,10,0.026507200799816073
20854,10,0.025182078403444025
21913,10,0.02598341449348644
22961,10,0.02884865342907983
23977,10,0.018296894439670402
2451,10,0.3037752641088205
3131,10,0.35877842931157533
4023,10,0.3368497941355106
5007,10,0.25031783354276277
5853,10,0.14808678343444343
6925,10,0.11219526837650104
8225,10,0.09988566405596111
9097,10,0.08633360994588812
10167,10,0.07155030203525843
11209,10,0.04186213257801013
12241,10,0.03572108779210581
13218,10,0.03036711520100733
14012,10,0.030737492508326133
15017,10,0.02986409613316001
15821,10,0.027028043855662532
16843,10,0.021049496953709185
17880,10,0.01821889701657177
18932,10,0.01314088219339087
19571,10,0.01274617752946625
20860,10,0.007848495367205352
21918,10,0.013554116832742052
22966,10,0.023219066256067976
23982,10,0.050395166693564045
24699,10,0.024649561228909614
1745,10,0.06007237559771536
2293,10,0.3221647111736076
3135,10,0.3346059763151214
4028,10,0.3298529006503754
27900,10,0.13001337927584908
7146,10,0.11703962070462168
8012,10,0.15961247608172965
10171,10,0.08105791628072868
12246,10,0.04726598655457636
14821,10,0.030555349124375606
17677,10,0.018410447337507223
20005,10,0.009289944253716986
21923,10,0.0036826451086093693
22971,10,0.016484483072766655
25551,10,0.06070294986749725
1645,10,0.13416087397661114
3141,10,0.42308961264130857
5018,10,0.37168843137493474
7150,10,0.13235441620903537
9325,10,0.0951924343214782
10177,10,0.18223081279496292
14021,10,0.10433257443055984
16854,10,0.04129778196995625
17890,10,0.09332918758851856
21928,10,0.06924337434883543
22976,10,0.10650447801994237
9111,10,0.11286503733640608
10181,10,0.11196743966693819
12255,10,0.062272399862634185
13232,10,0.08006550861974264
17895,10,0.20722066544366857
18734,10,0.20169288761894716
23996,10,0.2999160537820236
24880,10,0.4589205642045968
1279,10,0.7474433794885784
4042,10,0.47787297464518336
5027,10,0.4977257599293321
11228,10,0.03523291692636724
12260,10,0.06286145927961181
21937,10,0.4734863023521279
3155,10,0.513701552824099
5032,10,0.45964061395050365
6949,10,0.3111924744715506
28017,10,0.16235087273784
13243,10,0.21644071954658625
15845,10,0.3844566971810202
18744,10,0.4967296452827662
19810,10,0.48612827175889806
21942,10,0.45869067931810076
24889,10,0.4892537600658895
25731,10,0.521721516715481
4833,10,0.7118120764955301
6096,10,0.7936771092126531
9126,10,0.23445595429491978
15850,10,0.28586517662612826
20888,10,0.5367918174609617
13253,10,0.28637935025372746
14851,10,0.028537590021058174
20893,10,0.6164505280944775
23000,10,0.43902272814505783
26709,10,0.40826209576345884
788,10,0.4338704169328002
1206,10,0.23517322419575384
4062,10,0.9849082962655582
13257,10,0.3902992508476421
14052,10,0.26285250351232287
14856,10,0.16566898336932406
15860,10,0.09366395556249654
16883,10,0.26799894421494924
17919,10,0.41351765003140484
24021,10,0.41328738704636553
25073,10,0.4274589496780761
1121,10,0.21762435672066957
6111,10,0.5594717865689662
12284,10,0.41293757906208894
14055,10,0.3150699177408726
14861,10,0.3325023392125132
18764,10,0.5064684061932536
19830,10,0.6056945939993662
23010,10,0.563867480362381
24026,10,0.4044412057725474
25078,10,0.4011360473235612
520,10,0.6635972384885549
797,10,0.2974910767971394
1215,10,0.23874085421442717
8274,10,1.1494864320658313
13083,10,0.4651142833184377
14061,10,0.456324594793381
16893,10,0.2819089963409721
17929,10,0.4273363976518374
24031,10,0.43208485554384557
24914,10,0.3684156140142389
25754,10,0.24495844898209707
26724,10,0.20022615277820624
27093,10,0.8736420109791809
464,10,0.6235889209021234
1221,10,0.269754714433695
1689,10,0.3792856028376053
7194,10,0.5883004863681245
13087,10,0.4195616991487378
14871,10,0.47749456098468207
15875,10,0.4287022827512107
16898,10,0.3561950977804009
17934,10,0.44275932415813923
19840,10,0.568469879852838
20913,10,0.6535724842042113
21972,10,0.5752395858160656
23020,10,0.5811212601620629
24036,10,0.435535434737888
25760,10,0.14132063117218813
26312,10,0.12101567508215848
808,10,0.1518707395729433
3016,10,0.5934293948182509
8065,10,0.8430218662006547
12300,10,0.27127539581705956
14876,10,0.41902597436369166
15880,10,0.45481655167934437
18779,10,0.5056988895060658
19845,10,0.5881085626620501
20918,10,0.6566265522609755
24924,10,0.26406360607854085
26733,10,0.209604252588617
259,10,0.2013249307325595
812,10,0.22863060746597108
1698,10,0.4159751547702525
2352,10,0.5405164481784879
6988,10,0.7186425196972069
8289,10,0.7034983716287541
18784,10,0.4871940755441626
21982,10,0.6382103563579399
23030,10,0.469831495075195
25098,10,0.1411812714318427
25769,10,0.17072225196652716
266,10,0.44080182480449404
5076,10,0.9169783185255943
6994,10,0.7306950167221188
8075,10,0.6285269458295732
9166,10,0.6418054889737945
11277,10,0.4285013137266236
13464,10,0.5881993421708979
15890,10,0.4985016660209708
16913,10,0.2504398270720672
21987,10,0.22231752891717668
23035,10,0.2902944287622532
25103,10,0.1316273387879309
25775,10,0.3055923661456973
26326,10,0.26515232784173376
27113,10,0.25624912009843687
270,10,0.5738421891833813
823,10,0.29641881052588526
3204,10,0.5016339855039866
4476,10,0.5044475409059719
4877,10,0.5396157340674401
8080,10,1.0033805946283207
10449,10,1.1723329706328196
14086,10,0.6098361545009482
16918,10,0.23614665510216448
19860,10,0.16656825732793648
23661,10,0.015924047726010707
25278,10,0.33258911254422496
25780,10,0.3649563192208184
26748,10,0.32134765211282373
616,10,0.18467329303456986
1245,10,0.36816680717718486
5086,10,0.6234442651236204
8302,10,0.908891076876891
11287,10,0.6240821505159065
15899,10,0.4238023034594334
17958,10,0.2915830380280615
18799,10,0.35486321414006183
63,10,0.4293493282002478
2371,10,0.6255584884778481
4477,10,0.5817086041199678
4881,10,0.7643508097346274
6150,10,0.8639080462511842
11706,10,1.348959790204965
15904,10,0.4572449132000898
16721,10,0.5423951320869858
19654,10,0.46294675614095454
23050,10,0.38953111782433936
23860,10,0.36795945345307807
25789,10,0.448466254900491
26758,10,0.3032472107181112
44,10,0.30878928337025585
838,10,0.30170528705066757
4093,10,0.560514370758547
4886,10,0.8161884683129268
6155,10,0.942293570011875
11711,10,1.0588662343527329
16521,10,0.6188874722859974
25794,10,0.4452730823679235
26346,10,0.38200110544180826
27132,10,0.23711045068105532
27723,10,1.3439014102097122
16,10,2.0552623722290337
768,10,0.303693256580236
1261,10,0.5014282847227878
1728,10,0.5137146153990005
6160,10,0.9829994319549001
7451,10,0.6387119145109156
9190,10,1.022502167166867
10260,10,1.0078116868099776
21165,10,0.6125946717582841
24759,10,0.49655765904743593
25943,10,0.5062851507550737
27623,10,0.11075560403328419
27727,10,0.1677451398281986
27795,10,0.40159899612160077
7,10,3.7227190008362285
508,10,0.15257666468593334
1266,10,0.5056761691663209
1733,10,0.5616090362054345
3377,10,0.5318481128359399
5105,10,0.9779712159664928
6377,10,0.9621730613605431
7889,10,0.3803999111081603
9195,10,0.9338252304736674
12339,10,1.0668508044232599
13317,10,1.1457972829490382
17355,10,0.760690533017933
20957,10,0.8214629118176422
23064,10,0.46047708950288657
24064,10,0.5614128286830462
24932,10,0.5640130042907237
26356,10,0.5081337701329756
26773,10,0.4365584640779592
27628,10,0.4026635328610616
27809,10,0.19784859488064974
2,10,3.8681741602644983
852,10,0.4123304134930544
1738,10,0.5374711008771307
3208,10,0.5861791828125077
4107,10,0.8882409745849875
5744,10,1.0241684758212564
10269,10,0.9534330076818496
11312,10,0.9667608708370945
13322,10,1.0411542210974678
14115,10,1.124117883402478
20104,10,0.9325003977716024
24069,10,0.5664577822474062
24936,10,0.6600322720706057
25631,10,0.6388265687188448
26360,10,0.4942194150740471
27147,10,0.374757195536144
6,10,4.108064045002704
112,10,2.2548001450257256
258,10,3.0446484003736978
1275,10,0.8235481465820377
2541,10,0.5409781952790121
3213,10,0.6244893854762344
4113,10,0.7247568209367333
8987,10,0.43048616577440746
10275,10,0.7546438870195987
11316,10,0.7389352906618909
12349,10,0.5079373515784031
13326,10,0.6472456845044696
24074,10,0.5750436059272835
24942,10,0.5655753705434893
25799,10,0.5029728484010361
27152,10,0.33044381555033564
27436,10,0.6062018863514517
27846,10,3.555949354442905
9428,10,0.27641932491844323
10279,10,0.4037624495296379
13331,10,1.1257234025009049
14930,10,0.9595316302916345
16957,10,1.025984576572689
18834,10,0.8235294007074794
20972,10,0.8436809724730084
22031,10,0.7426542047440742
25804,10,0.4933224223665866
26176,10,0.4052588012129713
26787,10,1.9598822811993555
27156,10,0.3403968193166725
27440,10,0.25285094950755305
1841,10,2.6231628841341714
6399,10,0.602677927302225
10285,10,0.38502520264968093
13336,10,0.9422004933448649
16962,10,0.555591429461316
18838,10,0.871651010482955
19904,10,1.2757916190697693
28131,10,1.311115997399008
22036,10,0.9411665432308667
23084,10,0.19600118588627466
25809,10,0.37981867500067085
26361,10,0.40452252948793294
27869,10,3.3025884873081903
2394,10,0.47430774573746953
3228,10,0.24711643966077276
4127,10,0.24331267353432176
7048,10,0.6386096424227677
9220,10,0.403398126458736
11331,10,0.36928701076909104
14940,10,0.2944654674835374
18843,10,1.5461861946015296
24089,10,0.9313327664195912
24957,10,0.2717598830860204
3230,10,0.38969141907003324
5134,10,0.5674478532070979
6195,10,0.5500766323072613
11336,10,0.3557814620445433
13346,10,0.22337140273749148
18008,10,0.37574019117920315
24962,10,1.406411067836723
28189,10,0.542827439837875
3235,10,0.07474418211653507
4137,10,0.24996226819227058
8141,10,0.33154605972204465
10300,10,0.31071378267303656
12374,10,0.2963949793627809
13351,10,0.29138324767717094
13858,10,0.2721308769523676
18013,10,0.15800403258710918
22051,10,0.3316694170941764
24967,10,0.3447908793601186
25483,10,2.759841441446684
2721,10,0.2083626616006019
4141,10,0.20634296836500216
10305,10,0.3029906857097243
12378,10,0.24870153363210587
13355,10,0.20947766195772763
22055,10,0.47138518357833104
23103,10,0.48029471613821983
24103,10,0.5396307360617162
24971,10,0.495333212985606
25487,10,1.3553475520904397
2557,10,0.1717881762676662
3244,10,0.10253233236814874
9239,10,0.36703705571238165
12383,10,0.04957091175022424
13360,10,0.34289093196630255
14959,10,0.530689316419429
18022,10,0.3871816437543605
18862,10,0.4103275646416508
21002,10,0.4619276326639047
22060,10,0.4762514976457862
24976,10,0.5053220856999168
25654,10,2.3604834810812503
2396,10,0.20261386955322225
3250,10,0.07989722343117366
8154,10,0.353814302691541
10313,10,0.30911163878992143
11356,10,0.06121911283557218
21006,10,0.47285152600339947
22065,10,0.5251468397181014
24981,10,0.4610916437227603
2401,10,0.20408279023294795
3254,10,0.13934474208274844
4156,10,0.1773997329155118
6219,10,0.26221161196809184
8159,10,0.3573741113678315
11361,10,0.05658422624528585
12393,10,0.4027041870520475
13370,10,0.4468123174661633
15973,10,0.34572942072876556
18872,10,0.4255750954209727
22071,10,0.5174947581825011
24118,10,0.516692837116999
24986,10,0.4785923105556899
25819,10,2.52134349987723
3259,10,0.20894887951716315
7082,10,0.28845816364911514
8164,10,0.3081800242588356
9472,10,0.36809757513273117
10324,10,0.18075620387313449
12398,10,0.4051090287773396
13375,10,0.29175204380029246
14974,10,0.35272965402737044
15978,10,0.38796601203219744
18877,10,0.4194315515037765
19944,10,0.49390699345325323
23123,10,0.4084295272369002
24123,10,0.4053193315616648
24991,10,0.5158547153180696
2411,10,0.19933238869600295
3089,10,0.19350820549615244
4166,10,0.18971645727334122
6229,10,0.2602941108164372
8169,10,0.32114155273938333
12403,10,0.159926873157449
13380,10,0.26361996496880824
14979,10,0.31254943061037166
15983,10,0.44202497360281773
18042,10,0.40595359772806705
22080,10,0.4052681307727434
23337,10,0.4031707365062814
24128,10,0.3640557489440261
2416,10,0.17105823591672192
3269,10,0.19961202539770165
4171,10,0.22509643635568036
8392,10,0.3219926217930334
9264,10,0.23958928744760602
10334,10,0.1554700166142612
11583,10,0.1308154203705992
12408,10,0.13121986769255561
13200,10,0.24594770760928542
14984,10,0.3202054490495745
15988,10,0.3844108749335846
17011,10,0.38423015011045875
18047,10,0.3538725202158006
23133,10,0.3305666616804686
25002,10,0.44020472409314637
25826,10,2.9820124332355706
5179,10,0.27894151708860326
6239,10,0.2927039270449979
8179,10,0.3275530947649217
10340,10,0.19843848373583706
11381,10,0.18295217936201483
12413,10,0.11195291717805661
14989,10,0.354665109199609
22090,10,0.32607928179248463
23138,10,0.6259201129190617
24138,10,0.5473656616977911
25006,10,0.43824887031044774
25831,10,3.7085872791055867
1962,10,0.2431239642333443
2426,10,0.253365328784463
4181,10,0.2671337821029723
5184,10,0.28157366766695713
7318,10,0.3903379079942594
9274,10,0.250183944609604
10344,10,0.206044499268982
11385,10,0.15524047446021144
12417,10,0.10027370022008637
18897,10,0.282139838288648
23143,10,0.9126661142354738
25011,10,0.46984478422632364
25836,10,3.84482064225744
2431,10,0.2821141323834
5189,10,0.3296987880095768
8189,10,0.2761049341783699
9279,10,0.23368566313303193
11391,10,0.16382738251482618
12423,10,0.11900501155080907
14453,10,0.15796885488521445
14998,10,0.18353554394586774
16003,10,0.2414496180773771
21041,10,0.2195705770950453
23148,10,0.46398913093832106
25016,10,0.35892505182962675
1845,10,0.2859638817536717
2436,10,0.29144645756082765
4190,10,0.3008937376694876
6039,10,0.310890492910616
7113,10,0.27195945104075814
11396,10,0.19099221744613049
12428,10,0.11658265837167403
14299,10,0.2612865029025119
15003,10,0.23304997089135854
15806,10,0.2388482663141124
19973,10,0.2013890620961861
21046,10,0.10887832906408317
25021,10,0.44864507608513016
25846,10,3.761560028646568
3119,10,0.2785273083123958
4010,10,0.30900198645291893
4990,10,0.3288925317287205
6259,10,0.32496968102213747
7117,10,0.2167435868166365
11401,10,0.13426536654860946
12433,10,0.13575557758198561
28001,10,0.17414018715889604
15008,10,0.14419434912891602
17036,10,0.2044385656642969
18072,10,0.22230433447445597
18912,10,0.188297274738519
23158,10,0.3718598217597995
24158,10,0.33546942037184535
25026,10,0.3434832545621299
25851,10,3.448178562407735
1741,10,0.1716267056113843
4200,10,0.2749690186397536
10364,10,0.20634399980069676
12438,10,0.1277364254569936
13393,10,0.17683170354460503
15013,10,0.11727078907643278
15815,10,0.19172669386620295
17040,10,0.2209742281199699
18077,10,0.26455992176190196
18917,10,0.2512989386290339
19983,10,0.20734628492408086
22115,10,0.3882045124008028
24163,10,0.3017049623461967
25031,10,0.33729553516888305
27857,10,1.205009729629473
2288,10,2.4503913917273175
4205,10,0.29895365106698424
7126,10,0.30893196502880205
8209,10,0.34539112640207326
9298,10,0.1649694058265232
27967,10,1.81648164174938
27981,10,0.20102846004810146
28051,10,1.695514964778013
16225,10,1.4144577631646267
17045,10,1.9613910612880499
21060,10,0.35287471870779097
22118,10,0.38711901615842054
23166,10,0.3553446825941099
24166,10,0.29199852932376774
25035,10,2.3323546328233467
25860,10,4.075781954612891
27918,11,0.009238121386875069
8211,11,0.011712252225867739
9083,11,0.006120504376775994
28125,11,0.015346717929033108
20418,11,0.014371560407013895
5210,11,0.032584618441939016
6057,11,0.02443925436326262
7130,11,0.018233875874228898
7997,11,0.01776292686966211
9087,11,0.01662994772335895
9948,11,0.014159380704982795
18291,11,0.02278817343758902
18922,11,0.022438986604532925
19776,11,0.022689422451643564
20849,11,0.0194095975788658
21908,11,0.01759079330324438
22958,11,0.0194205757973951
3482,11,0.06438005247033352
4019,11,0.054143549172498744
4798,11,0.04355497538546988
5849,11,0.031440360617601595
7136,11,0.02237835825085644
8002,11,0.02082993210964111
9092,11,0.02117531619876455
10161,11,0.020114560910441417
11204,11,0.006024703191152822
12238,11,0.006347182844384141
16840,11,0.022084519408496994
17874,11,0.020592322975780456
18716,11,0.022313908767501393
19565,11,0.02152833727190771
20854,11,0.01963882456673899
21913,11,0.021059834630939973
22961,11,0.02459266140946663
23977,11,0.003765331185433504
2451,11,0.06213813438607502
3131,11,0.07113531189074984
4023,11,0.07135039495957289
5007,11,0.04796640872598848
5853,11,0.03699231693124077
6925,11,0.03277601947036358
8225,11,0.03175057783335442
9097,11,0.02881378596045906
10167,11,0.02637179368641407
11209,11,0.016929622663913076
12241,11,0.011399991526747328
13218,11,0.01702490123887951
14012,11,0.0164145200436982
15017,11,0.016086740871650046
15821,11,0.01777138437688138
16843,11,0.025083644356069246
17880,11,0.02676237319454429
18932,11,0.032056105941362115
19571,11,0.032263541675919064
20860,11,0.035546827209409985
21918,11,0.03400412238740262
22966,11,0.030001428074066284
23982,11,0.09725035389644585
24699,11,0.037237819497923284
1745,11,0.03536134777095677
2293,11,0.07849949319060384
3135,11,0.0770999725561766
4028,11,0.052733624275605746
27900,11,0.040037473573330276
7146,11,0.04071543936929881
8012,11,0.03943026465796808
10171,11,0.03211312069711594
12246,11,0.020334385586732836
14821,11,0.01811101593036813
15826,11,0.035234734490119775
17677,11,0.04498162812747877
20005,11,0.03734405583345151
21923,11,0.041842729197683504
22971,11,0.0205641545528198
24870,11,0.10239683847122397
25551,11,0.103369182485784
1645,11,0.08679345442877376
2298,11,0.09039524359859895
3141,11,0.029185025332928168
5018,11,0.09440604376053015
7150,11,0.037476973848536016
9325,11,0.07501623613078137
10177,11,0.02929741246611823
11219,11,0.032494184888545864
14021,11,0.04552305072837261
16854,11,0.06239198603585114
21928,11,0.05563666715159914
22976,11,0.3874358564503074
9111,11,0.026248157467832028
10181,11,0.0645365736135767
12255,11,0.09334436263632366
13232,11,0.111820745413951
17895,11,0.07533584042323864
18734,11,0.08967883211759559
24880,11,0.6304357833708361
1279,11,0.503998167507418
4042,11,0.3071932409304375
5027,11,0.1719321586523847
11228,11,0.015921021821744503
12260,11,0.08466463293202312
21937,11,0.2840708769316357
1191,11,0.5951707353517213
3155,11,0.25727643632851865
4048,11,0.3269504937068618
5032,11,0.29737019106900403
6949,11,0.21567100115273455
9340,11,0.13376976400371873
11233,11,0.06214170883376934
28017,11,0.028179253649327368
13243,11,0.26881179064035793
15845,11,0.26194979257654744
19810,11,0.06131848289922966
20883,11,0.29916677749684034
21942,11,0.31392029046310027
24889,11,1.1543969064269928
25731,11,0.9111696200477969
4833,11,0.3172646538564548
6096,11,0.21732797529264214
15850,11,0.273406552528743
4246,11,0.3450224372364094
14851,11,0.2571264093200196
23000,11,0.6126886447752914
788,11,0.8037623052644387
4062,11,0.28428500308702304
6106,11,1.0784318845963885
13257,11,0.3391645012798568
14052,11,0.33324073502254387
14856,11,0.28951227661879353
15860,11,0.2994991482642903
16883,11,0.4258739659525281
17919,11,0.4721963365369846
24021,11,0.6231179809418581
25073,11,0.6141943239560477
794,11,0.44143313506986054
1121,11,0.637967442913421
6111,11,0.8491157340882934
12284,11,0.34310220360503724
14861,11,0.3990641813074469
16888,11,0.3727110375795181
18764,11,0.5498361163131248
19830,11,0.6536385262294667
23010,11,0.6584654661160043
24026,11,0.600402057146961
25078,11,0.5887439686372602
520,11,0.38308308548502734
797,11,0.3983742392331124
8274,11,0.8462220542203195
9146,11,0.7329033123590192
13083,11,0.32416097850057396
14061,11,0.43042932047426374
16893,11,0.4253299746632527
17929,11,0.4350315889870733
24031,11,0.6053041827317738
24914,11,0.5726728529836478
25754,11,0.496143556793775
27093,11,0.8503574012194052
464,11,0.4897618867569094
1689,11,0.1778172999071788
7194,11,1.2065915784063292
14066,11,0.4130972098283241
14871,11,0.4728810598459756
15875,11,0.4669115268056521
19840,11,0.6174205005649261
21972,11,0.7001740284279001
23020,11,0.6727757770289521
24036,11,0.553118500593899
26312,11,0.36298105382274365
808,11,0.4080064808022992
3016,11,0.6089561702977955
7200,11,1.1273032333388424
12300,11,0.368127716616069
15880,11,0.5471213971044404
19845,11,0.539716936446751
20918,11,0.6339093115374148
24924,11,0.2726040039141159
26733,11,0.46473699312487243
259,11,0.6866622170860699
812,11,0.43755236910328155
1698,11,0.10720043650685267
2352,11,0.2829186173051135
6131,11,0.13901387068256862
6988,11,0.46619559204203875
8289,11,1.394364648469876
9161,11,1.4128252590896715
17944,11,0.5844508320133073
18784,11,0.5586419358237054
21982,11,0.7047040345285305
23030,11,0.36655117085051886
25098,11,0.11261184848094848
25769,11,0.23140255637913448
26321,11,0.23236989908432146
26739,11,0.2900651442690071
266,11,0.7649481636454368
6994,11,0.27618182244478423
8075,11,0.7698224635092521
13464,11,0.42870492259548204
14886,11,0.504095305965882
16913,11,0.6292106526564779
21987,11,0.17486566251222035
23035,11,0.06270586341517612
25103,11,0.010051960281986124
25775,11,0.10737026726822677
26326,11,0.16076642985192324
26744,11,0.21561469349488446
27113,11,0.3035105556234122
823,11,0.3050832831868983
3204,11,0.1835469808612524
4476,11,0.48197761479970996
4877,11,0.5314663736229984
8080,11,0.5333009061146077
10449,11,0.6073644598397494
16918,11,0.5900629150683339
19860,11,0.48234535252677235
23040,11,0.2755560764199723
23661,11,0.23231103459418792
25278,11,0.10873972745551119
25780,11,0.0888136376590119
26748,11,0.2228102203907462
27532,11,0.40021596243141877
113,11,1.0740458185661355
616,11,0.4155543412649457
1245,11,0.20487087820406286
5086,11,0.707477094774342
8302,11,0.44737333497120135
10246,11,0.6013833277577915
11287,11,0.7322201882661552
15899,11,0.5781065781346477
17958,11,0.5758012161387677
18799,11,0.7262597324429729
19863,11,0.5015731814841284
26753,11,0.18894772941330037
63,11,0.5455224639678965
1718,11,0.29842148208279884
4477,11,0.3143639823993694
4881,11,0.5341769987464611
11706,11,0.9303452182159487
15904,11,0.7511520485772594
16721,11,0.882990561482128
19654,11,0.8739413602507476
20942,11,0.7828452440988253
22002,11,0.5612590929466971
23050,11,0.500120480328379
25789,11,0.08698314815828488
26758,11,0.19044531151435296
44,11,0.47524325051607225
560,11,0.3317055215663979
838,11,0.20222541161410507
2376,11,0.21495825397177
4093,11,0.34396348638864094
6155,11,0.7194499671584287
11711,11,0.6496182903689314
23055,11,0.40734924026352554
25794,11,0.22848109938184877
26346,11,0.17057508771594299
26763,11,0.16144962209585112
27132,11,0.221475950503194
27313,11,0.2268974621910726
27723,11,1.94190076723138
16,11,3.3285177395533125
131,11,0.6568552780271855
1728,11,0.24944104861274885
6160,11,0.7684153748235864
7451,11,0.5147049252499303
9190,11,0.8292660632488111
10260,11,0.6827148511232323
21165,11,0.8346307230949848
24059,11,0.41909593695823233
24759,11,0.4166215808375648
25943,11,0.3124762999378464
26352,11,0.22888973461200235
27623,11,0.2831514177640829
27727,11,0.3322373559777516
27795,11,1.1340471249493573
7,11,3.7239500282724425
508,11,0.4523526428181111
847,11,0.38850713885928645
1266,11,0.26460380652958143
3377,11,0.4312643300408691
5105,11,0.7391610181670208
9195,11,0.7286579418732689
10265,11,0.7494610200466707
12339,11,0.7297587318197917
13317,11,0.767420646299732
17978,11,0.8086031513240995
24064,11,0.31331230614802746
24932,11,0.4702553983593788
26773,11,0.18465038979101914
27628,11,0.09633059802815958
2,11,3.8830095360501535
852,11,0.36022587527775335
1738,11,0.26566157607247426
3208,11,0.5728246416169012
4107,11,0.6332392308229996
5110,11,0.7330048386030772
10269,11,0.717020468543284
11312,11,0.69480593593912
13322,11,0.6997895953593863
20104,11,0.9003281157421058
24069,11,0.26367168182672673
24936,11,0.42340056965264933
26360,11,0.2437055926383933
27147,11,0.04126250853424918
27814,11,0.17524282859036633
6,11,4.111760986874041
258,11,3.2557796770440164
518,11,3.16522128606163
1275,11,2.3544581596237064
1550,11,0.2810375426203875
2541,11,0.21918240979308215
3213,11,0.6616844829397021
4113,11,0.5803637175368361
8987,11,0.31618136041668843
10275,11,0.5274669135906005
11316,11,0.4728451411366287
12349,11,0.38562411681350617
13326,11,0.4164004413755341
24074,11,0.16199371588428924
24942,11,0.3533376994672552
25799,11,0.30634306032748526
27436,11,0.05140783051198272
27818,11,0.322650250024761
27846,11,3.6648584952028003
2385,11,0.3054984619489793
8120,11,0.26235122866222044
9428,11,0.12031068010217212
10279,11,0.18372786764954976
11322,11,0.43261041781229115
14930,11,0.4857658442064781
16957,11,1.1042063752655227
18834,11,0.6944809559481121
22031,11,0.6555757279580289
25804,11,0.29702331727545567
26176,11,0.21435972085253177
26787,11,0.4460100483524512
27156,11,0.13726788495233877
27440,11,0.23549648157603345
1841,11,3.562040836068745
2390,11,1.1977509005142961
5125,11,0.6369932112810242
6399,11,0.5841389611381436
10285,11,0.6646793261111181
13336,11,0.30013841632946975
16962,11,0.6865246608667093
17998,11,0.7991746361740018
18838,11,0.708164088865034
28131,11,0.7485678386560763
22036,11,0.710392901344271
23084,11,0.4656746232762794
25809,11,0.3290302741222145
26361,11,0.11841120440648423
27869,11,3.5952955364117534
2394,11,1.9481754605439618
4127,11,0.5428692812502565
7048,11,0.609649678643392
8348,11,0.46992804010324385
9220,11,0.41250376426906166
11331,11,0.3606057406951193
18843,11,0.3155849406962208
24089,11,0.29083275545557163
24957,11,0.29081727916813477
3230,11,0.1801413132770757
5134,11,0.3245935454707859
6195,11,0.288773187007129
8134,11,0.28899639203154054
11336,11,0.5259111016546213
13346,11,0.36153714965310485
18008,11,0.08066909313152643
19913,11,0.47698844738792473
20987,11,0.6846490741308899
28189,11,0.26220746394009536
3235,11,0.315114949740392
4137,11,0.3244634187781077
5140,11,0.2667843397243409
7058,11,0.1858457812837602
8141,11,0.10689816870109466
12374,11,0.3382705880242479
13351,11,0.325416736164267
13858,11,0.1849526315835253
18013,11,0.17978047565387714
24967,11,0.2144178764217215
25483,11,1.1143781001394832
2721,11,0.36939200787524884
4141,11,0.32282185447216916
10305,11,0.13592785977099894
12378,11,0.28934229436165376
13355,11,0.2109113931004742
22055,11,0.4160792970814112
23103,11,0.24012242557183583
24103,11,0.22322155159493096
25487,11,0.019280576536299898
2557,11,0.36674300260014164
3244,11,0.30624725870897473
4146,11,0.30297774359756685
9239,11,0.10633605559880764
13360,11,0.3196872793695195
14959,11,0.3923600740500759
18022,11,0.14981539280395395
18862,11,0.2500428668544908
2396,11,0.36721276624450544
3250,11,0.2884286010883947
8154,11,0.31641328721426537
10313,11,0.07374318271530732
21006,11,0.3092871497711849
22065,11,0.2269717266029429
24981,11,0.12269620005311797
25659,11,1.3834123988860907
2401,11,0.4158419131284887
3254,11,0.3017018895976908
6219,11,0.35602276399309607
8159,11,0.33651838079277957
11361,11,0.18198558003049953
12393,11,0.24373680007848816
13370,11,0.32371152340234893
14969,11,0.09048548709855171
23118,11,0.25682571992868863
24118,11,0.24159878937701126
25819,11,2.1277881489687775
2406,11,0.44679283505522294
3259,11,0.29630742493215795
7082,11,0.39871853561025594
8164,11,0.3418596926457665
9472,11,0.1118737573211143
10324,11,0.03337177837739186
12398,11,0.18198311224231484
13375,11,0.1973090686503188
14974,11,0.07457244923997784
15978,11,0.15765353697614112
18877,11,0.2981393977925748
23123,11,0.25474256440228443
24123,11,0.29385948402257317
24991,11,0.15956791673793358
25669,11,0.0748845432953291
2411,11,0.46777104233285977
3089,11,0.35848513750062583
4166,11,0.3016685171370155
6229,11,0.3830729990938245
12403,11,0.0371123752643241
14979,11,0.12079167776802291
15983,11,0.2394654638355116
18042,11,0.3351269224106087
22080,11,0.3612819526622779
23337,11,0.3243626983303276
24128,11,0.3216394956489218
2416,11,0.46781930404071864
3269,11,0.39030776087936897
4171,11,0.3699325199120415
8392,11,0.20260389772845933
10334,11,0.12532042112673442
12408,11,0.07547663887532602
13200,11,0.1580254827890202
15988,11,0.29884723255974943
17011,11,0.32072204417092176
23133,11,0.35513862699635446
24133,11,0.39311632847430544
25002,11,0.3053339123326546
25826,11,0.8420966180692727
2421,11,0.5373560180143117
5179,11,0.3790641500197185
6239,11,0.3482310696434108
10340,11,0.22638555549778933
11381,11,0.16972967500600347
12413,11,0.07220754956773066
14989,11,0.1457888534396652
23138,11,0.41246849207182273
24138,11,0.4896371729850383
25006,11,0.40453971661761506
25831,11,1.7277400130605323
1962,11,0.6936677743905856
2426,11,0.5560352742021949
4181,11,0.40970511669312026
5184,11,0.35048798349488103
7318,11,0.35576125104113937
8401,11,0.27474901565440535
10344,11,0.26695680894314594
11385,11,0.16907130175688803
12417,11,0.054229604302563864
18897,11,0.3952966454824115
22095,11,0.4013614472677341
23143,11,0.4547912045567057
25011,11,0.40523603598876234
25836,11,1.8224501812559453
2431,11,0.6006318095758566
5189,11,0.3862312459833607
9279,11,0.3033399190517641
11391,11,0.14980041905366073
12423,11,0.07173705018135185
14453,11,0.2007446185492493
14998,11,0.3126455538774339
16003,11,0.28492524007996967
21041,11,0.43273971157287383
23148,11,0.43358907181947903
25016,11,0.3563408595761832
1845,11,0.6196086494125366
2436,11,0.5585659793225376
7113,11,0.29816503986606935
11396,11,0.2214444687643797
12428,11,0.25338793758882244
14299,11,0.23025954323046866
15003,11,0.2915231738222672
15806,11,0.3217169422645695
19973,11,0.46917336079946315
21046,11,0.4287265709208441
25021,11,0.5201168734220344
25846,11,1.0981218621334012
3119,11,0.46165959614636104
4010,11,0.4319556290702982
4990,11,0.3738214054970019
7117,11,0.3067041502340993
8199,11,0.291614852296548
11401,11,0.35315512514002795
12433,11,0.27623116387635066
28001,11,0.2289876490792608
18072,11,0.5177612673120758
18912,11,0.5820620974316616
23158,11,0.7483148594812675
24158,11,0.8626846233696636
25026,11,0.9143287072065125
25851,11,0.8652140589082501
1741,11,0.5953651776264346
10364,11,0.4108641010076852
11406,11,0.3497494776838657
12438,11,0.3896756579462136
13393,11,0.3592072465701542
15013,11,0.2871656011078119
15815,11,0.3789543335687792
17040,11,0.5229005318780323
18077,11,0.47731510853996495
18917,11,0.5344632347392367
22115,11,0.6982825326011997
24163,11,0.89838349459434
25031,11,1.0348303154721403
25856,11,2.656874301180114
27857,11,1.977352800395936
2288,11,2.4245224802079663
3303,11,3.4105036345137383
7126,11,1.940041891941698
8209,11,1.6468953779335505
9298,11,0.5422066209154727
27967,11,2.981160274462904
27981,11,0.46970891180255214
28051,11,1.7006668675768524
16225,11,1.7819943836676544
17045,11,2.1411823257511866
19987,11,0.6062099207470548
21060,11,0.709282607876811
22118,11,0.77974100467409
23166,11,0.8873737455170625
24166,11,0.8352795118651493
25035,11,0.429693232453401
25860,11,3.8479376199819733
27918,12,0.004928628014201289
8211,12,0.004950279929744932
9083,12,0.00946727626766255
28125,12,0.03289243416994762
20418,12,0.046028447010868605
5210,12,0.20320630777461796
6057,12,0.05380206405851653
7130,12,0.030640633600491417
7997,12,0.029251479247045818
9087,12,0.022873115149464263
9948,12,0.012942893721350256
18291,12,0.06528198470718163
18922,12,0.06770097165021517
19776,12,0.06931961838344072
20849,12,0.07133442164965072
21908,12,0.06398722885717252
22958,12,0.05822402952226992
3482,12,0.5724932785685702
4019,12,0.5327036418267159
4798,12,0.4897523887468641
5849,12,0.0668010454884965
7136,12,0.033213788515294246
8002,12,0.03077165025006673
9092,12,0.02881738842365536
10161,12,0.019245271530513735
11204,12,0.00976795098991137
12238,12,0.007131220255972408
16840,12,0.03872018015922681
17874,12,0.04584179286084885
18716,12,0.07044495432682414
19565,12,0.07057317651734903
20854,12,0.07541006038723234
21913,12,0.07447747675555287
22961,12,0.07376562229716072
23977,12,0.00572718282891516
2451,12,0.49374893010361215
3131,12,0.5983394537857307
4023,12,0.619437548269053
5007,12,0.48691003927225057
5853,12,0.07295009323027647
6925,12,0.051936942154835165
8225,12,0.04923677642483547
9097,12,0.039753724665906764
10167,12,0.03302177020890419
11209,12,0.021001811460052047
12241,12,0.014666205122605165
13218,12,0.016734847444821562
14012,12,0.017711268083039078
15017,12,0.03170588830451986
15821,12,0.03486074110382912
16843,12,0.04478247527940502
17880,12,0.05473584570845491
18932,12,0.07639943060021692
19571,12,0.0783464776369569
20860,12,0.09168478754901037
21918,12,0.0905056559774585
22966,12,0.08224406378713525
23982,12,0.23958770081761943
24699,12,0.08765316758656656
1745,12,0.18548822622251576
2293,12,0.548377359965238
3135,12,0.6053106904571744
4028,12,0.5774079556983084
27900,12,0.048673719008342296
7146,12,0.03182598617847069
8012,12,0.0757521360708446
10171,12,0.035005381202857795
12246,12,0.027999710597102795
14821,12,0.03574089236644761
15826,12,0.044920002702950344
17677,12,0.06268833095083891
20005,12,0.08545776033389679
21923,12,0.10195881044634535
22971,12,0.10098001546008847
25551,12,0.2441481111096082
1645,12,0.26400528169679355
2298,12,0.45373168220420157
3141,12,0.5370938133412146
7150,12,0.051181783275911163
9325,12,0.018604387572603985
10177,12,0.026847753699827406
11219,12,0.0389017701771958
13227,12,0.1054862248058693
14021,12,0.03950930723229478
16854,12,0.072417991611813
21928,12,0.12387722760264795
22976,12,0.12012256573077348
9111,12,0.026633803165783367
10181,12,0.05047132581043521
12255,12,0.13188365809018276
13232,12,0.20934087132982818
17895,12,0.025724980726177148
18734,12,0.032121310069162926
1279,12,0.4585307727906836
4042,12,0.4395338036439115
5027,12,0.3156517557755349
12260,12,0.13688185915296444
18951,12,0.1055661209126233
21937,12,0.1716638581882878
1191,12,0.6051784143294694
3155,12,0.41709612271086066
4048,12,0.4386750070900527
5032,12,0.4073782111321134
6949,12,0.3574862005538829
11233,12,0.18150407366712584
28017,12,0.18171999011816134
13243,12,0.3051771495432009
15845,12,0.08986616531952989
19810,12,0.1590996358699217
21942,12,0.16003948650701114
24889,12,0.5864180755248571
4833,12,0.4924005148891528
6096,12,0.40005344021600947
15850,12,0.08318479460125705
4246,12,0.45764175037405735
14851,12,0.12775779137203144
19820,12,0.06545631682140414
788,12,0.5546087392509296
4062,12,0.408554616702888
6106,12,0.27949465838311854
13257,12,0.1905835177325943
14052,12,0.17700299914277431
14856,12,0.13621647739630627
15860,12,0.09956314753985823
16883,12,0.08408147934758113
17919,12,0.10033754407725175
24021,12,0.1988254533531321
25073,12,0.2638014786502778
794,12,0.4217754246998268
1121,12,0.27291141125000073
6111,12,0.45856521139024187
12284,12,0.23435789314857194
14861,12,0.13154737416623105
16888,12,0.0739352467811246
18764,12,0.1326917802820043
23010,12,0.2784252808266054
24026,12,0.24872804036026805
520,12,1.0499289406594585
8274,12,0.3692902269552317
13083,12,0.20158458207958616
14061,12,0.16212377857345767
16893,12,0.045672272874508514
20907,12,0.1877053885132671
24914,12,0.3040202988098997
25754,12,0.2720867792931705
27093,12,0.9090040813550119
464,12,0.920795750495386
7194,12,0.03781288149735506
14871,12,0.16105052549678417
15875,12,0.06434215059027705
19840,12,0.09109591363419968
21972,12,0.19070033187727048
23020,12,0.2020522004964589
24036,12,0.26839315660317214
26312,12,0.2897177142447902
26646,12,0.4339804951837701
808,12,0.2981318992081938
1317,12,0.08100625373362808
3016,12,0.3557537442734009
7200,12,0.11722552440334646
12300,12,0.34129312046504556
15880,12,0.07115248554869684
19845,12,0.03739810009278133
20918,12,0.11305781794189829
21977,12,0.2119944377895351
24924,12,0.2943978705359437
26733,12,0.395123770912137
259,12,0.8318576617097205
812,12,0.19950450600650194
1698,12,0.1849792829399971
2352,12,0.24444974781000886
6988,12,0.1745121619814084
8289,12,0.18276960495502464
18784,12,0.06219518797896766
21982,12,0.19922369500529954
23030,12,0.19013297945199575
25098,12,0.22714943947894667
25769,12,0.2629747689908899
26739,12,0.3386400292313399
27108,12,0.3814090368403463
266,12,0.598007655201043
6994,12,0.13612904952282848
8075,12,0.13204149309293128
13464,12,0.1644908970343406
16913,12,0.2599141699258907
21987,12,0.03804525975308154
23035,12,0.08546680960711274
25103,12,0.15649725905245965
25775,12,0.25025998938161537
26326,12,0.27856774371486553
823,12,0.08164712936977613
3204,12,0.14988571612928547
4476,12,0.7941731889267908
4877,12,0.8654977751985975
8080,12,0.03950047256211385
10449,12,0.13086987559096058
16918,12,0.30266440338362943
19860,12,0.2303130196507467
23040,12,0.07256879028710185
23661,12,0.12270973082434664
25278,12,0.1920717329716294
25780,12,0.1264886063987973
26331,12,0.23604799494875153
27118,12,0.31100883189713235
27402,12,0.3543411067212653
27532,12,0.4245465146101665
616,12,0.2530741049424888
827,12,0.15247399867771871
1245,12,0.17061469495739434
5086,12,1.0536881827580284
8302,12,0.31911812299414954
10246,12,0.30498374472192374
11287,12,0.6275600429577234
15899,12,0.28275215169720697
17958,12,0.25750478503199475
20937,12,0.13437167580002907
26753,12,0.2343677382993876
27122,12,0.32609523061008056
27406,12,0.37832546207994433
63,12,2.4435398962251385
494,12,0.3934638491972929
832,12,0.26017523294208456
4477,12,0.3748426947744825
4881,12,0.5525729571708198
11706,12,0.8219581120618333
16721,12,0.44097595146071356
19654,12,0.551885184379133
23050,12,0.2719185189677482
25789,12,0.12076873947802359
26758,12,0.25000905361255
44,12,2.946180465641249
838,12,0.3942162230093029
2376,12,0.44125694122387327
4093,12,0.400069490410422
11711,12,0.7875706200267846
25794,12,0.15198270332639494
26346,12,0.1425001404504111
26763,12,0.25037535664272603
27132,12,0.3244995404842789
27313,12,0.3357684478778053
27723,12,1.58472378754139
16,12,3.5963694666094885
242,12,1.0046176706706271
503,12,0.62721737629563
1728,12,0.5144110294157501
6160,12,0.6451921407219859
7451,12,0.4564235271602562
9190,12,0.8509851113144461
10260,12,1.0060001922793436
23059,12,0.1792826507486717
24059,12,0.11020156979108317
24759,12,0.10908840739801273
25943,12,0.05481960418431109
26352,12,0.07055047370430102
27623,12,0.4648136972936187
27727,12,0.5037489781964248
27795,12,0.8510407039474294
7,12,3.6165884001325153
103,12,3.3125179901714383
508,12,0.8058534299701665
1266,12,0.6336746047626
3377,12,0.5280387401478923
5105,12,0.6315015177140937
9195,12,1.0391420221769359
12339,12,0.9769525360968762
24064,12,0.062796334140996
24932,12,0.13932724212792438
26773,12,0.23269007597498853
27628,12,0.3428525507598777
2,12,3.7584170344310253
108,12,3.66228826042925
852,12,1.0029336789308374
1738,12,0.6533594252755123
3208,12,0.6112420967539728
4107,12,0.6088694168262097
11312,12,1.0402855416827304
13322,12,0.9671369972765866
20104,12,0.6011945133443125
22231,12,0.3156467871131537
24069,12,0.14211271583701165
24936,12,0.11627135700457647
26360,12,0.09798619716343343
27147,12,0.22384041647649616
27633,12,0.37457960070111485
27814,12,0.3621355883155522
6,12,4.041102242636603
258,12,4.004593283859554
518,12,4.161833623159537
1275,12,3.586096401521177
1550,12,0.7827885108106364
2541,12,0.641541102188337
3213,12,0.6465919023068828
4113,12,0.6331217973709747
6176,12,0.6120803848588713
8987,12,0.6232906170568591
10275,12,0.8724446068675981
11316,12,0.7491236692982035
12349,12,0.4778825804938364
13326,12,0.6047042037101054
24074,12,0.06518321293710858
24942,12,0.3464895777017067
25799,12,0.19505826085985886
27436,12,0.39685666934506814
27818,12,0.36011773715679013
27846,12,4.275860708034523
2385,12,0.6522307301842121
8120,12,0.207284520987877
9428,12,0.20027240966065044
10279,12,0.2705395083844484
11322,12,0.43047487909395893
14930,12,0.4150796935486246
16957,12,0.5591432686380511
18834,12,0.6147929330822698
26176,12,0.26570463857513577
26787,12,1.6545175920379667
27156,12,0.39925258424996657
27440,12,0.4602983125461837
27607,12,0.6525528352784029
1841,12,3.734856732971864
2390,12,0.6932074910233151
5125,12,0.658420565941
6399,12,0.5447427814168162
10285,12,0.376260434329494
13336,12,0.2791060667735897
16962,12,0.41589395431009885
17998,12,0.6030225514095451
18838,12,0.6875444470292981
28131,12,0.6255956109877654
22036,12,0.6873432244369092
24084,12,0.4459403299316887
25809,12,0.37873599045741924
26361,12,0.312267638464915
27869,12,3.826435396028242
2394,12,2.844578191620086
4127,12,0.7018547723882931
7048,12,0.48945295456806104
8348,12,0.3332124328514411
9220,12,0.3619143340289037
10290,12,0.3765064704873458
11331,12,0.32193707696924323
14135,12,0.7193879193565754
18843,12,0.20416025201016644
24089,12,0.5253171391978624
24957,12,0.06971614079600982
26274,12,2.607749666950664
3230,12,0.18597997562190574
6195,12,0.05021831031550797
8134,12,0.16090923641352528
11336,12,0.2274378165739567
14945,12,0.7107537119109407
24094,12,0.33934013741503993
28189,12,0.5489877858528255
3235,12,0.2537851337186265
8141,12,0.10056653512779697
12374,12,0.10883184192784365
13351,12,0.35820848273633793
18013,12,0.36991960624999215
24099,12,0.4145403961262971
24967,12,0.38785830361415286
25483,12,0.9072629545127711
2721,12,0.26489051331665653
4141,12,0.3325255080199018
8145,12,0.11749908315300973
10305,12,0.08074866097003026
11346,12,0.10195908999013567
12378,12,0.07885871545332353
13355,12,0.2717423542386613
22055,12,0.3090425309188752
23103,12,0.3582549003425708
24103,12,0.4368974180242945
25487,12,0.4147846090479808
2557,12,0.1729726376487557
3244,12,0.26579815485733144
4146,12,0.278235371892078
9239,12,0.12267276470416334
13360,12,0.13911129829846178
14959,12,0.5061821102054581
18022,12,0.3778189795682623
18862,12,0.40890982092255845
23108,12,0.35675832757992304
2396,12,0.1224851804867177
3250,12,0.2015886659220745
5154,12,0.23329037024059737
8154,12,0.1581028364069458
10313,12,0.08745407162459755
19933,12,0.3241909153574597
21006,12,0.3527265604170927
24981,12,0.36042288920661086
25659,12,0.9878152711633355
2401,12,0.21029043259149124
3254,12,0.18518114351580725
6219,12,0.2431842531561502
8159,12,0.17922503393657366
9249,12,0.11319889313132553
10319,12,0.14266857447239653
12393,12,0.27380833521441
13370,12,0.20993774006206928
14969,12,0.32606797802943327
19938,12,0.3739308838746593
23118,12,0.3571628137191751
24118,12,0.3505843106396164
25819,12,1.745721600491812
3259,12,0.12200781905320805
7082,12,0.23107893810537827
8164,12,0.16652824260482316
9472,12,0.1519716336033316
10324,12,0.20242848201581978
12398,12,0.27315347377821375
14974,12,0.2359078910640855
15978,12,0.36829648707354967
18037,12,0.32664177030714503
18877,12,0.35372254238182116
23123,12,0.3250695075522157
24123,12,0.2869233714845189
24991,12,0.2260615687427846
2411,12,0.13231265969745576
3089,12,0.09974888119483052
4166,12,0.12279108215839232
6229,12,0.2310704408084259
11371,12,0.12708117184625192
12403,12,0.1631847469316419
14979,12,0.13612458293293506
15983,12,0.35598104158813043
17006,12,0.2871885644430925
18042,12,0.30283874912785136
22080,12,0.26620427430672167
23337,12,0.2898552322006558
24128,12,0.28880085171912995
25673,12,0.21337554360267483
2416,12,0.1273221076538539
3269,12,0.09597095811928878
4171,12,0.150819110363496
7092,12,0.1910395386867697
8392,12,0.14920508740055202
10334,12,0.11428249555861725
12408,12,0.2061537734996904
13200,12,0.22453151838410315
15988,12,0.2575272208939487
17011,12,0.25468535023510197
23133,12,0.2632513083349589
24133,12,0.25614329484757753
25002,12,0.21246538057494982
25826,12,0.09154213617309583
5179,12,0.18250781214128403
10340,12,0.24160257191758383
11381,12,0.2300205587769112
12413,12,0.22974858558311317
14989,12,0.18291337667836402
17016,12,0.2945888052961223
23138,12,0.21999747367197806
24138,12,0.19219851631333448
25831,12,0.11982426406493445
1962,12,0.19189072198483612
2426,12,0.10633656192634715
5184,12,0.1628443213305551
6244,12,0.15957156085860574
7318,12,0.13124368098054448
8401,12,0.16271023141692334
10344,12,0.280464285751656
11385,12,0.2519602148893728
12417,12,0.038154967847517235
14993,12,0.18360933739465704
17020,12,0.2791730301096694
22095,12,0.21974327468622573
23143,12,0.17673213066296173
25011,12,0.0814948597872745
25836,12,0.15720245518447654
2431,12,0.13606595430443744
5189,12,0.13675828520713684
7107,12,0.15160025129330784
9279,12,0.3018385585034793
11391,12,0.18683132249254927
14453,12,1.1264729561266407
14998,12,0.09133683382312836
16003,12,0.19424593182971547
21041,12,0.23734966404875799
23148,12,0.21326579540314805
25016,12,0.12413498849801105
25841,12,0.052423550274400287
1845,12,0.16307962227130657
2436,12,0.10744182961933157
7113,12,0.19606687551344903
10354,12,0.35091977993535106
11396,12,0.17392212267811735
12428,12,0.11288358539595127
14299,12,1.1327463285291826
15003,12,0.11285615585476673
15806,12,0.24443938880651822
19119,12,0.2370063324077745
19973,12,0.24252654372555604
21046,12,0.2494539165403223
25021,12,0.12317949282881524
25846,12,0.01294209166218887
3119,12,0.14186710456632065
4010,12,0.12004513061755172
7117,12,0.26241207317781295
8199,12,0.2621184917231714
10359,12,0.3994910444664416
11401,12,0.26353848021575416
12433,12,0.14957111763075864
28001,12,0.5817574025083787
18072,12,0.23405567542558664
18912,12,0.21013272289257773
23158,12,0.18597941527991585
24158,12,0.13869422606177362
25026,12,0.023430811212748832
25851,12,0.1340153016001348
1741,12,0.09412817845377171
10364,12,0.35319839114445184
11406,12,0.2848058868770018
12438,12,0.13168667838407933
13393,12,0.970378602852016
15013,12,0.7885250899296464
15815,12,0.2253586053502204
17040,12,0.05003692141734316
18077,12,0.1911556934090015
18917,12,0.1822572365634369
22115,12,0.30208949127139917
24163,12,0.06521959524714727
25031,12,0.11720229234914206
25856,12,0.07900374221382926
27857,12,2.904127720625436
2288,12,2.438943406576887
3303,12,2.197471658511741
7126,12,2.1073294324988483
8209,12,2.1757423057066463
9298,12,0.33536262437331266
27967,12,3.093639216913873
27981,12,0.9763334792574139
28051,12,1.0237340620917792
16225,12,0.6254085430357904
17045,12,1.2548240475904742
18290,12,0.18347772623803435
19987,12,0.26016032796932215
21060,12,0.26905771617123553
22118,12,0.30628789609501533
23166,12,0.156541136194687
24166,12,0.1562352005777904
25035,12,0.2273205250566055
25860,12,2.718601585901508
27918,13,0.00945699272680059
8211,13,0.008376653899129675
9083,13,0.008367764372727354
28125,13,0.04019248054193586
20418,13,0.051622610483494986
5210,13,0.24030403969045774
6057,13,0.09708303886521674
7130,13,0.0482474651665551
7997,13,0.04422715542655668
9087,13,0.03813657284350683
9948,13,0.03338794076748441
18291,13,0.06948817786963057
18922,13,0.07452379942152298
19776,13,0.07768242336883804
20849,13,0.0789127918549853
21908,13,0.07100202829586581
22958,13,0.06449861389449225
3482,13,0.5677107487711952
4019,13,0.5176605290189328
4798,13,0.4574757339708019
5849,13,0.11330944609816415
7136,13,0.05127950743397664
8002,13,0.04650082041352591
9092,13,0.046424572433547334
10161,13,0.04105106287338896
11204,13,0.02899293463386624
12238,13,0.02880822286295407
16840,13,0.046345839212733546
17874,13,0.05110165307260053
18716,13,0.07801791051320765
19565,13,0.07808885426894205
20854,13,0.0851619974443663
21913,13,0.08526724883717635
22961,13,0.08306322203159032
23977,13,0.01862536826594883
2451,13,0.48385780389524213
3131,13,0.6182702353647868
4023,13,0.6083760649062278
5007,13,0.46765764393488823
5853,13,0.11321510733142723
6925,13,0.07477200919805514
9097,13,0.06411202698387118
10167,13,0.05794613126121818
11209,13,0.0469849376215922
12241,13,0.039452182887453585
13218,13,0.04156597228672347
14012,13,0.04041975016589659
15017,13,0.04926679784858069
15821,13,0.050899903180235205
16843,13,0.056089724780984875
17880,13,0.06439359876079166
18932,13,0.09688629828802042
19571,13,0.10052110816684627
20860,13,0.12249933348920602
21918,13,0.11802324961079681
22966,13,0.10708740543646157
23982,13,0.44169882839238944
24699,13,0.15075745458807485
1745,13,0.13352719730084261
2293,13,0.5603499237038543
3135,13,0.6230587765213859
4028,13,0.6000674974203456
27900,13,0.08118530865307788
7146,13,0.12504363761218948
8012,13,0.08871357772654155
10171,13,0.06391828162476679
12246,13,0.0578496429629216
14821,13,0.05566360884310542
15826,13,0.05970789089076275
17677,13,0.051097169773051294
20005,13,0.1164304636337868
21923,13,0.1406663690659168
22971,13,0.14145425471907314
25551,13,0.44681753700594673
1645,13,0.19651250878509283
3141,13,0.4902199680711215
7150,13,0.0857619100140192
9325,13,0.06587513162591356
14021,13,0.0768531502798108
16854,13,0.055246663275875886
22976,13,0.3864286900309557
9111,13,0.1584295520246193
12255,13,0.08635697253387623
13232,13,0.12139539065975899
17895,13,0.036341637301745694
18734,13,0.0912777844967918
21932,13,0.025116074389752274
1279,13,0.25587706532402676
4042,13,0.45359421863905514
5027,13,0.3164023917422487
12260,13,0.1258508926956459
21937,13,0.12717296123489058
28240,13,0.2031227097716472
1191,13,0.5121667861722292
3155,13,0.3960577859535927
4048,13,0.42248074195879615
5032,13,0.4767985308765038
6949,13,0.32622040312607037
28017,13,0.10656421809330066
13243,13,0.12110470411752483
15845,13,0.14997460868044457
19810,13,0.17945537186563637
21942,13,0.23420951492359027
24889,13,0.1801692221638265
4833,13,0.6353285268514715
6096,13,0.5011271069455302
11238,13,0.22315740040046408
15850,13,0.24847286615965875
20888,13,0.24984127620928054
21947,13,0.3541969192701818
4246,13,0.6330023138222147
13253,13,0.09588504160258096
14851,13,0.054973214079616514
19820,13,0.20036851723943452
788,13,0.3371492597189352
4062,13,0.5941306231216135
6106,13,0.29427960415896115
13257,13,0.033831961553488894
14052,13,0.046243394853477796
14856,13,0.06769281051792199
15860,13,0.34325790725223815
16883,13,0.28827465082083664
17919,13,0.2758504920963191
24021,13,0.2340365457770983
25073,13,0.16440718014324665
582,13,0.6140964287126497
794,13,0.515086118786229
1121,13,0.3378614200291374
6111,13,0.6094743949820204
12284,13,0.17234526666587643
14055,13,0.06005684556328347
14861,13,0.053474821500281405
16888,13,0.28203418836918354
18764,13,0.2115194256024857
23010,13,0.017434707234230188
520,13,0.5803839286829228
6116,13,0.6141853718575816
13083,13,0.24518410345883718
16893,13,0.28521893991372366
25754,13,0.09805218364044704
26724,13,0.12876272890648346
27093,13,0.609727816317423
464,13,0.25375697751383014
2342,13,0.3183875244292563
7194,13,0.37934703251460405
13087,13,0.160515466071924
14871,13,0.08915061836887449
15875,13,0.2837114411828037
16898,13,0.3162733916916778
17934,13,0.26566496819840835
19840,13,0.17632018590908358
21972,13,0.15160569969394555
23020,13,0.09774659670360165
24036,13,0.03806774223860587
26312,13,0.1514209798636224
26646,13,0.21652346693165145
808,13,0.4547916622674325
1317,13,0.41941683668212315
3016,13,0.3493442883098655
7200,13,0.3601855315188617
8065,13,0.24976907826280037
14876,13,0.08195329728462765
15880,13,0.19711516620406605
19845,13,0.26763502140688333
20918,13,0.2507233877410001
21977,13,0.21324915345279882
24041,13,0.14472408071839596
24924,13,0.14489834033603716
26733,13,0.35462553560042276
259,13,1.1678002342772866
812,13,0.40808917138571577
1698,13,0.3414468831725792
2352,13,0.3085391172541564
6988,13,0.4437219998250256
8289,13,0.2823871711189783
18784,13,0.26526348276328304
19850,13,0.25813915147883276
21136,13,0.26948070916144024
21982,13,0.29610044210356756
23030,13,0.26833034802478867
25098,13,0.17834974501591797
25769,13,0.2837662194949941
26739,13,0.28561075054961443
27108,13,0.4370127161930957
266,13,0.7628743601579008
6994,13,0.4934095192048694
8075,13,0.3318462368303452
9166,13,0.17959254059972615
13464,13,0.23524339255847518
16913,13,0.1521401156811032
20069,13,0.05428126246573996
21987,13,0.20295232092685142
23035,13,0.2305331219932934
25103,13,0.20305009490588002
25775,13,0.21247480740106844
26326,13,0.28326422868205625
823,13,0.3197191252625406
4476,13,0.24627461438680498
4877,13,0.1867578350616677
8080,13,0.7479916549468797
9389,13,0.7209516910238711
10449,13,1.0335063456476687
16918,13,0.06504907566770832
23040,13,0.19252262329360142
23661,13,0.1734719314174618
25278,13,0.21708262350988383
25780,13,0.32533255049531834
26331,13,0.2896486145710848
27118,13,0.373036873966635
27402,13,0.449623518644519
827,13,0.1903604807795887
1245,13,0.22091990017741023
5086,13,0.3439968643777362
8302,13,0.651589434337149
10246,13,0.9642516961631222
11287,13,0.09576596994489665
15899,13,0.15972807711358644
17958,13,0.060384266067670424
20937,13,0.0934253153667773
27122,13,0.4199654967592444
27406,13,0.4799102389568807
63,13,2.215562033418781
494,13,0.16724001791351792
4477,13,0.27495529823662024
11706,13,0.869757798368339
16721,13,0.21213897801958495
23050,13,0.12627621902965294
25789,13,0.36204959173560447
27411,13,0.5725368136281125
44,13,3.6078396238909116
238,13,0.6601980071089512
838,13,0.20855951510424411
2376,13,0.47368524519897903
4093,13,0.37746110463171
11711,13,0.7863528306227069
16521,13,0.04214557500039141
25794,13,0.22215047351558265
26346,13,0.37329430172808997
26763,13,0.44366671688495934
27723,13,1.5022498135622315
16,13,3.7837400609770637
503,13,0.43599751735578357
1728,13,0.4687190755481911
7451,13,0.2997024961254806
9190,13,0.8730651539681872
10260,13,1.0092735754821962
23059,13,0.13172125476779134
24759,13,0.31232178432410357
25943,13,0.2901972628976274
26352,13,0.4068238914747238
27623,13,0.6893216338733812
27727,13,0.6985212786599923
27795,13,1.077420962809735
7,13,3.612408717695958
103,13,3.3390344919588975
508,13,1.2487170304152142
1266,13,0.769910561735269
3377,13,0.6463912591432259
5105,13,0.6153814657941963
12339,13,0.6955060410664842
23064,13,0.09385641886765032
24064,13,0.18877734831742368
24932,13,0.355427664029435
26356,13,0.3175828991524181
26773,13,0.5314148886357795
27628,13,0.6230373507887975
27809,13,0.7579053120029793
2,13,3.5442902384701394
108,13,3.5329025789102633
852,13,1.531312681846977
1738,13,0.810591883661007
3208,13,0.7274581727604931
4107,13,0.6776275083996844
11312,13,0.9606076051361364
13322,13,0.6597270536205928
20104,13,0.3086490336444226
22231,13,0.10563333956838271
24069,13,0.213414119001363
24936,13,0.3728815592016845
25631,13,0.41679920919673574
26360,13,0.4528810634054888
27147,13,0.5947411717307934
27633,13,0.736403237852191
27814,13,0.7724800342761249
6,13,3.785744913330366
258,13,4.000646559277673
518,13,3.854975965752483
1275,13,1.9063475448833869
1550,13,0.8642001217478386
2541,13,0.9068479538591901
3213,13,0.7962059554909843
4113,13,0.7572471665185464
8987,13,0.5012130584970556
10275,13,0.8244973603948168
11316,13,0.6867627405611717
12349,13,0.623511696308855
13326,13,0.735507244754568
14120,13,0.5198099505424153
23074,13,0.11962040290311665
24074,13,0.2343549908521059
24942,13,0.46783525153834504
25799,13,0.5776718598766865
27436,13,0.798704819569412
27818,13,0.9398428895098939
27846,13,3.787852311490077
2385,13,0.8951990011865781
3218,13,0.7618434872596047
8120,13,0.13854791883972678
9428,13,0.20687318073657418
10279,13,0.20632170730506252
11322,13,0.6104123482835406
14125,13,0.5386501814407523
14930,13,0.5685488421917236
16957,13,0.949837253624593
18834,13,0.524292497013601
26176,13,0.6799569420772704
26787,13,1.0089009474568285
27156,13,0.8139345185174979
27440,13,0.9221096117307787
27607,13,0.935492092039661
1841,13,3.6448789548208413
2390,13,2.1329593320050795
4122,13,0.8784187621334336
5125,13,0.9038659729944035
6399,13,0.8522035665085721
9433,13,0.2798710292614844
10285,13,0.5009562294638457
13336,13,0.4839190281011162
16962,13,0.7271777758064898
17998,13,0.7529441642139963
18838,13,0.6852464185575378
28131,13,0.34942980732588297
22036,13,0.3047116766006896
24084,13,0.2725351144934091
26361,13,0.744409534231601
27869,13,3.5870950853453847
2394,13,2.8739066815282333
4127,13,0.8076689569211564
7048,13,0.8562727217750838
8348,13,0.5156268096107405
9220,13,0.5076569555563454
10290,13,0.5297004273325028
11331,13,0.5385488454932237
14135,13,0.5529230238918887
18843,13,0.2968129610313005
24089,13,0.3137985251721139
24957,13,0.5790801255687419
3230,13,0.3316473073702617
6195,13,0.32461541314234027
8134,13,0.451604771223033
14945,13,0.45405680581008034
28189,13,1.1571693788996156
3235,13,0.2992079838753402
8141,13,0.20051880967002156
12374,13,0.38377192415948713
13351,13,0.28333427552351786
18013,13,0.38106520092375606
24099,13,0.6328183037862903
24967,13,0.7051558167213854
25483,13,0.9889454593332822
2721,13,0.28882473556733457
4141,13,0.37672144912819916
8145,13,0.19714258631844178
9234,13,0.2825245038369353
10305,13,0.3425589178281275
11346,13,0.4381204010224841
12378,13,0.41097513864494667
20996,13,0.30241429899444194
22055,13,0.3277310222118795
23103,13,0.5181330639820819
24103,13,0.5306118634987111
25487,13,0.5026939815778239
2557,13,0.29239881889215846
3244,13,0.3275072996503767
4146,13,0.3820037830332802
6209,13,0.2620694179001205
9239,13,0.23787326611102
10100,13,0.30580138834954146
13360,13,0.2758418896665256
14959,13,0.263611798472665
18022,13,0.3416116064773623
21002,13,0.3711494016105253
22060,13,0.4284339171137257
23108,13,0.5257949680943287
24976,13,0.5163477756222404
25654,13,0.5134263934454518
2396,13,0.2725229417248385
3250,13,0.34921083588400376
8154,13,0.17459089588305024
10313,13,0.2937344581539615
13365,13,0.25378816649684355
24981,13,0.5483088648958614
25659,13,0.855552588163795
2401,13,0.28586954414361315
3254,13,0.3551722929554709
6219,13,0.2697483401044969
8159,13,0.17398517080955356
9249,13,0.1571793483102249
10319,13,0.22227736410722082
12393,13,0.302642954267543
13370,13,0.29982505420626704
14969,13,0.07783494498553233
18872,13,0.2733742985495877
19938,13,0.37871549703901114
22071,13,0.38417749700046805
23118,13,0.4188945936940726
24118,13,0.45306541297248554
24986,13,0.4940787458258872
25819,13,1.7158846619844463
3259,13,0.3335543957526306
7082,13,0.21479422767956113
8164,13,0.14892251576317073
9472,13,0.12808144472851243
10324,13,0.17048093526532387
12398,13,0.16174869001635026
14974,13,0.06962969542145958
15978,13,0.11334323730009924
18037,13,0.24829358268918128
18877,13,0.3834730574113944
19944,13,0.37003590173896833
21016,13,0.3654924958722884
23123,13,0.4211625514979271
24123,13,0.46885394071724806
24991,13,0.4729131504317878
2411,13,0.26191678100952326
3089,13,0.32493668415124205
6229,13,0.23465827285956728
7087,13,0.19004587414075835
8169,13,0.14823925940733898
11371,13,0.24517223342296574
12403,13,0.2554026257790171
14979,13,0.14465331986387234
15983,13,0.0666805778604394
17006,13,0.18966251243755722
18042,13,0.35234014890837084
22080,13,0.39005273082842334
23337,13,0.4393531345853262
24128,13,0.5069859201465189
2416,13,0.29045639464626144
3269,13,0.3138579010609647
7092,13,0.19048100111386548
8392,13,0.08005152808105834
10334,13,0.16254263450358117
11583,13,0.22546429745639457
13200,13,0.07276928255709864
15988,13,0.1619117820462689
17011,13,0.2546084774117483
18047,13,0.2868751624482169
18887,13,0.25120999974741365
23133,13,0.4867997858446407
24133,13,0.5065500386268333
25002,13,0.6060514421647327
25826,13,0.5202350698265192
5179,13,0.28522026999271166
7097,13,0.25358549448282297
8179,13,0.14536782690023578
10340,13,0.20862682465407664
11381,13,0.2195699584662533
12413,13,0.11258362787997206
14989,13,0.05262166676362879
15791,13,0.10467243950687738
17016,13,0.18720045912031144
18052,13,0.17664934696132883
22090,13,0.3745632132849484
24138,13,0.5335820610164667
25831,13,0.5166055675580816
1962,13,0.4016845456413593
2426,13,0.26969698032905987
5184,13,0.2889856238853216
6244,13,0.25515380307930424
7318,13,0.18389730104189006
8401,13,0.05922674631690048
11385,13,0.21079979008936453
12417,13,0.1745128584671952
14993,13,0.2262484577035864
17020,13,0.16617122094333436
21036,13,0.31663866379675326
23143,13,0.5002116485352714
25011,13,0.6030726136918915
2431,13,0.29530508636744734
8189,13,0.23266453628920766
9279,13,0.347077849602185
11391,13,0.20027915414813713
14453,13,0.4542865218862436
14998,13,0.13230246432945264
16003,13,0.15059652120529343
21041,13,0.34204700554843404
23148,13,0.49224338543069723
25016,13,0.5985324704343618
1845,13,0.3850579933983459
2436,13,0.32111464456515
4190,13,0.3379330774120196
10354,13,0.35385278098220024
11396,13,0.1551421249181876
14299,13,0.4611953191295513
15003,13,0.1598925128493607
15806,13,0.1456543050382035
19119,13,0.20187546617808375
19973,13,0.25471152647212986
21046,13,0.32997498014271504
25021,13,0.6696786538344104
25846,13,0.7650836235425029
2441,13,0.2556966106140041
4010,13,0.29820788711700497
6259,13,0.06380913491810197
7117,13,0.08017443670783368
8199,13,0.2288545095473691
10359,13,0.36411817960674275
12433,13,0.11558184189228923
28001,13,0.19002220537169573
15008,13,0.13498055916172771
17036,13,0.20158842427702411
18072,13,0.14420509603129536
18912,13,0.15815787038890236
23158,13,0.5105435751214532
24158,13,0.5565336137837531
25026,13,0.7098236317430795
25851,13,0.7881205963000126
1741,13,0.24428298209945976
3298,13,0.28434366078537926
4200,13,0.2738973344896149
11406,13,0.1676103147099355
13393,13,2.0327711022036197
15013,13,0.39684782899661314
15815,13,0.17578112870421067
17040,13,0.28922751114008366
18077,13,0.3773134596749077
18917,13,0.25229293269195424
22115,13,0.3951493013814977
24163,13,0.42590328141997325
25031,13,0.7598200712837004
25856,13,0.7836334940846758
27857,13,3.1433248442199297
2288,13,3.252128991113697
3303,13,2.517549468417716
7126,13,0.6227491059171112
8209,13,2.490370347564593
9298,13,0.3481580179647328
27967,13,3.3326382953908933
27981,13,3.0618240887428376
28051,13,2.837294708533399
16225,13,1.4662099620337867
17045,13,1.420499010420147
18290,13,0.35447885832801
21060,13,0.40881186733089403
22118,13,0.40946086357688877
23166,13,0.5148067343213392
24166,13,0.4824002929714684
25035,13,0.4076778603268836
25860,13,0.7985366624558462
27918,14,0.011048850398368362
8211,14,0.014924272676748163
9083,14,0.011865602333234826
28125,14,0.05901895298171159
20418,14,0.08650236900033416
5210,14,0.10898199053698289
6057,14,0.09293514468342559
7130,14,0.07044978462627043
7997,14,0.07125809293676443
9087,14,0.06802318682757227
9948,14,0.0482716059097382
18291,14,0.10589036926758821
18922,14,0.12315748297000438
19776,14,0.1294798098211008
20849,14,0.13365522773872618
21908,14,0.11964232554468436
22958,14,0.10529185029770204
3482,14,0.22203869109388327
4019,14,0.1494636388575738
4798,14,0.14073229593357997
5849,14,0.10388570041345555
7136,14,0.08417926274336517
8002,14,0.08129545320079197
9092,14,0.08050242502580601
10161,14,0.059431113015675587
11204,14,0.029331664908672284
12238,14,0.03174765058990169
16840,14,0.05461309723384547
17874,14,0.06619528098835921
18716,14,0.1252448434067118
19565,14,0.12848744335478324
20854,14,0.14219878211761036
21913,14,0.14338081477297743
22961,14,0.14566533354400737
23977,14,0.007504863193227103
2451,14,0.1973742209473125
3131,14,0.2930946065423529
4023,14,0.24913734254876574
5007,14,0.19096622950016326
5853,14,0.12285178943648338
6925,14,0.10666771935333452
9097,14,0.10572785474104525
10167,14,0.09520391192633339
11209,14,0.058500782439361645
12241,14,0.04318468629910582
13218,14,0.03571364967016514
14012,14,0.030642893936780193
15017,14,0.04769283312018377
15821,14,0.05131948902094452
16843,14,0.05789881879918014
17880,14,0.07438101522945581
18932,14,0.14670831890176134
19571,14,0.1530757153707633
20860,14,0.18259691941396022
21918,14,0.17923646199670215
22966,14,0.1701764207168331
23982,14,0.40755657713955806
24699,14,0.1302457678338722
1745,14,0.070095386077746
2293,14,0.2301222956294328
3135,14,0.28031043725618954
27900,14,0.1124578739705678
7146,14,0.111916791441888
8012,14,0.11826415839800423
10171,14,0.1179575629043325
12246,14,0.08319657572603878
14821,14,0.05783004151301048
15826,14,0.052638803098344004
17677,14,0.0979774967318405
20005,14,0.17159869566745492
21923,14,0.20455276328070077
22971,14,0.19254660210879057
25551,14,0.4143622911210063
1645,14,0.07901100833686567
3141,14,0.2715476148581509
7150,14,0.12471022673893932
9325,14,0.1363284030857006
14021,14,0.0925528276556231
22976,14,0.35937693780206764
9111,14,0.12154782679087701
12255,14,0.0716004386321511
13232,14,0.02565708954169776
17895,14,0.09827518118509367
18734,14,0.14271934209220058
21932,14,0.2820807833190353
1279,14,0.3822988920589761
4042,14,0.2245977176308249
5027,14,0.2015611094647009
12260,14,0.08203039223595524
21937,14,0.22675656075471817
28240,14,0.27612069210541873
1191,14,0.508911507162596
3155,14,0.2438756448109847
4048,14,0.22996286965724044
5032,14,0.2405544914909847
6949,14,0.20645378760805336
9340,14,0.023177728832765396
10193,14,0.0841838245334191
28017,14,0.08138741464171781
13243,14,0.05622828376834909
15845,14,0.18448967895033783
19810,14,0.14351914640641122
20883,14,0.21017698404343302
21942,14,0.2248053283582895
24889,14,0.1829812788355662
4833,14,0.28066899384599037
6096,14,0.18360387867602004
11238,14,0.2422141822328692
16667,14,0.16479571264704446
20888,14,0.20480310205872418
4246,14,0.37242585778302983
13253,14,0.06978619635986065
14047,14,0.06709992020698177
14851,14,0.14314303326789546
19820,14,0.18191388119584617
20893,14,0.14299607615741575
24016,14,0.16962090274968183
788,14,0.3846148835041314
4062,14,0.3836150308050056
6106,14,0.06534394034625096
13257,14,0.06436881831271528
14052,14,0.08654863810143751
14856,14,0.10020008306385368
15860,14,0.1189916466263918
16883,14,0.1721566589202287
17919,14,0.1546071974776898
21957,14,0.14567678698126946
24021,14,0.1696493443768025
25073,14,0.18412557453834083
582,14,0.19765686226266016
794,14,0.062211730229994794
1121,14,0.20769435979848055
6111,14,0.26147138815263793
12284,14,0.14058692988128912
14055,14,0.06459267712425662
14861,14,0.10282168328621483
16888,14,0.22910753629182937
18764,14,0.23645476455123499
23010,14,0.16194594006552449
25750,14,0.27324071004508516
520,14,0.1121553025393009
6116,14,0.26625084364015794
16893,14,0.23457784341068008
24031,14,0.20626364004994283
25754,14,0.24852986679315772
26724,14,0.37391072248345647
27093,14,0.6439315908714461
464,14,0.21802916431250574
803,14,0.09233264624876208
7194,14,0.5954107731140472
13087,14,0.1020878227758812
14871,14,0.14311608592246988
15875,14,0.19912997685953507
19840,14,0.3911174469698016
21972,14,0.27740673762972307
23020,14,0.35118959557433377
24036,14,0.3349117400242741
25760,14,0.3445864135961365
808,14,0.09726246164665693
1317,14,0.07929957084600849
1694,14,0.15298481442708461
2347,14,0.21960365276926092
3016,14,0.32924578470623145
8065,14,0.6607665038456625
14876,14,0.16191795442463539
15880,14,0.2812661566890876
19845,14,0.45506788653782926
20918,14,0.4270636705174293
24924,14,0.532869816007853
26733,14,0.5883225350829188
259,14,0.4136223906785409
1698,14,0.21786082583694755
2352,14,0.25774242805529757
17944,14,0.4019244220905831
18784,14,0.40040056415628195
19850,14,0.443690726465332
21136,14,0.4781107194544881
21982,14,0.5549940734626618
25098,14,0.5487833274565477
25769,14,0.5688651343751139
26321,14,0.5749503168374586
26739,14,0.6816404540018859
27108,14,0.7257774135053373
266,14,0.45220257593816343
1236,14,0.13709855694424572
6994,14,0.2429070451852201
8075,14,0.404786138838394
9166,14,0.5253310354715587
13464,14,0.3880884262196043
16913,14,0.36306146129400646
21987,14,0.5951579598445026
23035,14,0.616030828131415
25103,14,0.6048331955573492
25775,14,0.5943871620903697
26326,14,0.6730757029916162
823,14,0.06855520593248937
4476,14,0.2881081361062175
4877,14,0.30070782002112934
9389,14,0.7004780454425613
10449,14,0.8572444943439289
16918,14,0.41345542307984373
18794,14,0.39424749720014884
23040,14,0.6828102989287628
23661,14,0.6484755391170427
25278,14,0.624055652271904
26331,14,0.659521808308944
26748,14,0.734828143550794
27118,14,0.8343745896393624
27402,14,0.9418763610965076
827,14,0.03806385596359484
1245,14,0.1113232230988089
8302,14,0.636851293786958
11287,14,0.3332760907936598
15899,14,0.47158151234431855
17958,14,0.4842473741099103
20937,14,0.6107668778761571
21996,14,0.679303757007477
63,14,1.0095162837064313
494,14,0.16515838691905893
1718,14,0.3490342261198399
4477,14,0.3033864721723705
11706,14,0.8242597151574799
16721,14,0.4848154069259527
22002,14,0.7859527357693749
25789,14,0.7174526726051093
27411,14,0.9855909398588331
44,14,3.083179911430516
838,14,0.06844284784868039
4093,14,0.31716886020996354
11711,14,0.5378795556249825
16521,14,0.6481704367805821
19874,14,0.4665505368666948
25794,14,0.7100485089359921
26346,14,0.8153924384071696
26763,14,0.8620760146255131
27723,14,1.917923512954061
16,14,3.858391388745801
503,14,0.30293305213476046
1728,14,0.3164124535240317
7451,14,0.2910360139439808
9190,14,0.7682668661206306
10260,14,0.7335856582036161
24759,14,1.0016345435997083
25943,14,0.8586619872197634
26352,14,0.9579426545342564
27623,14,1.1227036498169523
27727,14,1.1836799267339702
27795,14,1.7883113033387121
103,14,3.2579449631703663
248,14,2.7898704317151544
508,14,1.8931970916335354
1266,14,0.4569079586518577
3377,14,0.5026768645512869
4102,14,0.5136335321327674
5105,14,0.7052056940239142
12339,14,0.5275819522205656
24932,14,0.980840679565903
26356,14,0.956685527410286
26773,14,1.0136077801752204
27628,14,1.087705157447737
27732,14,1.2263130289157578
27809,14,1.3724403441068016
2,14,3.46519783824181
108,14,3.3314364148656046
852,14,0.9579047107690509
1738,14,0.6029475826012252
3208,14,0.7517842683130864
10269,14,0.7066351605921047
11312,14,0.660189008644056
13322,14,0.38199602600512805
20104,14,0.5569105612311873
22231,14,0.7213410140224771
23069,14,1.0102790479556538
24069,14,1.0373206006389797
24936,14,1.0767233189467236
25631,14,1.0660530683068754
26360,14,1.0960522299613524
27147,14,1.1349449095066853
27633,14,1.1926259827720138
6,14,3.6569377711942903
258,14,3.681564172547541
518,14,3.7433730194329486
1275,14,2.1878775087406592
1550,14,0.6144321574157157
2541,14,0.8964933712287101
3213,14,0.9005765678601152
4113,14,0.8743819366588013
8987,14,0.24669349284636907
10275,14,0.4808625931478815
11316,14,0.34394869716160265
12349,14,0.6329924894982089
13326,14,0.7508064186449513
14120,14,0.6236505536929308
23074,14,0.8011555996129561
24074,14,0.9750750879180543
24942,14,1.1499296293876877
25799,14,1.3288978694861007
27436,14,1.1649439809762028
27818,14,1.2980930075221928
27846,14,3.707350499730812
2385,14,0.8698930541096032
8120,14,0.35396695973351067
9428,14,0.5658040803095906
10279,14,0.3668759374373957
11322,14,0.9896234070575755
14930,14,0.6504832650619224
18834,14,1.3615930760009365
22031,14,0.7526761271434037
25804,14,1.384758899637323
26176,14,1.3058829334436597
26787,14,1.5497393074168242
27156,14,1.425616699813962
27440,14,1.3821614394808652
27607,14,1.3736762371206388
1841,14,3.1704728501947383
2390,14,1.5645254787158027
8125,14,1.1102875514741193
9433,14,0.7668410228348771
10285,14,1.0375937923868463
13336,14,0.7016924419392275
16962,14,1.3002185490700204
28131,14,1.1971451927447578
22036,14,0.8289217631938152
24952,14,0.9758260069915522
26361,14,1.316080202062855
27869,14,3.487779364357695
2394,14,2.965396495131054
4127,14,1.5802952026390877
7048,14,1.5467754727765959
9220,14,1.232999711600075
10290,14,1.186787279166304
11331,14,1.1378558654181343
18843,14,0.8714364724457453
24089,14,0.8962634336530915
24957,14,1.1251719790646777
3230,14,1.0563763986606074
5134,14,1.2575323741585052
8134,14,1.2510682917158957
14945,14,0.5488964431395752
19913,14,0.3695892893201636
20987,14,0.2904236448127549
24962,14,1.1586410808527456
28189,14,1.5679854832517863
3235,14,0.99231576839968
8141,14,0.8380859650214698
11341,14,0.8771719808581903
12374,14,0.8309471949296228
13351,14,0.6434214713705725
18013,14,0.4889244022698921
24967,14,0.5929261581041488
25483,14,1.6551619800404629
2721,14,1.419498580547512
3239,14,0.9236019372635145
5145,14,0.7770920445373916
8145,14,0.825628568659422
9234,14,0.8120364517750163
11346,14,0.8519656062402904
12378,14,0.8292428814488041
20996,14,0.5097952799615257
22055,14,0.6003223916011895
23103,14,0.7699644555912495
24103,14,0.6081978737082736
25487,14,0.8162225376195277
2557,14,1.4534024437036193
3244,14,0.8921013380776756
4146,14,0.7754295053926
6209,14,0.7661968800624037
9239,14,0.8449450505509825
13360,14,0.6584864008840928
14959,14,0.5072976216943037
18022,14,0.5097585899031946
21002,14,0.6542155290703535
22060,14,0.8319362449027902
23108,14,0.7640950124395797
24108,14,0.6459019280517299
24976,14,0.6981580827930389
25654,14,1.4495348959971288
2396,14,1.1423089820549615
3250,14,0.8448222126443125
8154,14,0.8250706047910681
10313,14,0.8280595009393227
13365,14,0.5850974368181069
24113,14,0.6554649790960748
24981,14,0.7147429150373455
25659,14,1.347539786751183
2401,14,0.868220193357972
3254,14,0.7974222607843432
6219,14,0.7479710253168422
8159,14,0.7909003046475249
10319,14,0.8131832713031185
11361,14,0.8067297984980246
12393,14,0.7184608696306265
13370,14,0.8419957496357341
18872,14,0.539973073132676
19938,14,0.6577009990371556
22071,14,0.6964304757081166
23118,14,0.6275208399157682
24118,14,0.6725041146614499
24986,14,0.8358282079124789
25819,14,1.306016179339176
2406,14,0.7734774356369053
3259,14,0.7392180308983862
7082,14,0.7878017822077645
8164,14,0.8204480295619011
9472,14,0.7873986296154908
10324,14,0.7862250559462874
11366,14,0.7586419852197167
12398,14,0.6982382028971867
14974,14,0.46453991191095173
15978,14,0.5223159515682393
17001,14,0.5141134454652968
18037,14,0.5182567528713142
18877,14,0.5577537258954878
19944,14,0.6907908539784148
21016,14,0.7176179067308691
23123,14,0.6701758113236315
24123,14,0.7366079922594195
24991,14,0.8860783978344123
2411,14,0.7853230196056219
3089,14,0.7124900510781694
6229,14,0.8484028540044632
8169,14,0.8126008355569312
12403,14,0.6924364587454974
14979,14,0.4486181558621513
15983,14,0.4932653391503254
17006,14,0.5317141129588423
18042,14,0.6095043992005041
22080,14,0.6624063620155426
23337,14,0.6604752994363468
24128,14,0.7521352602362821
24996,14,0.840348926094945
2416,14,0.7505038289127094
3269,14,0.7095632164258763
7092,14,0.8161139157410392
8392,14,0.7924897312514856
9264,14,0.7819964665463257
10334,14,0.8085395650377109
11583,14,0.7922184551498898
13200,14,0.518985563677449
14984,14,0.5713496715250078
15988,14,0.5597506606638575
17011,14,0.5525739978975558
18047,14,0.6345423910169854
23133,14,0.7560824703684434
24133,14,0.8328304506938836
25002,14,0.8637605816307801
25826,14,0.9728619906554351
5179,14,0.8248003815174452
7097,14,0.8036432795631271
8179,14,0.7541554960601068
10340,14,0.8122850951320252
11381,14,0.7472007372412437
12413,14,0.5273103820781573
14989,14,0.5532013627356039
15791,14,0.6255229842548456
22090,14,0.655696470936385
24138,14,0.9228591150467477
25006,14,0.9501434029722534
25831,14,1.0586214768002293
1962,14,0.6431524248555579
2426,14,0.6885963397345455
5184,14,0.8077153182664705
6244,14,0.786847636313501
7318,14,0.7463922681094571
8401,14,0.7489848595918099
11385,14,0.6956469590498499
12417,14,0.4896090920902361
14993,14,0.5947384744691433
15796,14,0.6427645262032098
17020,14,0.6453970043863898
21036,14,0.6648788199663618
23143,14,0.88848362172971
24143,14,0.9588072234983392
25011,14,0.9938176353807943
2431,14,0.6695900431791422
9279,14,0.7915555287652999
11391,14,0.5568934671981051
12423,14,0.5087292811386244
14453,14,1.3563507504594907
14998,14,0.5596056114511362
16003,14,0.6566919220295124
21041,14,0.7110773522195598
23148,14,0.9834525562535402
25016,14,0.9839871794927542
1845,14,0.6661691629255471
2436,14,0.6731979338496735
4190,14,0.76439816784196
6039,14,0.738591616149937
10354,14,0.8195185955097163
13383,14,0.7498074400604434
14299,14,1.3392899323075336
15003,14,0.7260059213218854
15806,14,0.7495405858836758
19119,14,0.7697357846349624
19973,14,0.7019540380395739
21046,14,0.9310132528540324
25021,14,1.0051816310303456
25846,14,0.9790241215168565
2441,14,0.7586080309404453
4010,14,0.7748881550484266
7117,14,0.7636912089250935
8199,14,0.7651558239458589
10359,14,0.8371462418571216
12433,14,0.7222590623466639
13388,14,0.811449125243603
28001,14,1.6231832248458045
18072,14,0.8182369987929804
18912,14,0.8057330081000735
23158,14,1.0332205957776124
25026,14,1.0418838163804853
25851,14,1.0439153615427976
1741,14,0.6796298543397126
4200,14,0.793574820525949
9294,14,0.8016543860709204
11406,14,0.8634269407842445
13393,14,2.19179311858193
15013,14,1.2523220616370088
15815,14,0.9421112689556715
17040,14,1.0252327594965829
18077,14,1.2050750684935816
18917,14,1.0835076430043529
19983,14,1.044363170605671
22115,14,1.103084631022469
25031,14,1.008794646796882
25856,14,1.0371054126990469
27857,14,2.8317843407063266
2288,14,2.669489884087033
3303,14,2.1710703855160083
7126,14,1.3656019381837805
8209,14,2.293598604280308
9298,14,0.9893037380864862
11410,14,0.8877240363678428
27967,14,3.4673498026330876
27981,14,3.049279390641946
28051,14,2.607513486433318
16225,14,2.4622085894770684
17045,14,2.9691499016294904
18290,14,1.2738330284763837
21060,14,1.0638355518197915
22118,14,1.0799641491912912
23166,14,1.1480813604422908
24166,14,1.0950120864812602
25035,14,1.4573471116554702
25860,14,0.9995155008238646
27918,15,0.033145588486576526
8211,15,0.03615133512805428
9083,15,0.025123343950908903
28125,15,0.1022089002544961
20418,15,0.1543177325851342
5210,15,0.21162940440954695
6057,15,0.1481680281779775
7130,15,0.11733694077333144
7997,15,0.12009709181015563
9087,15,0.11540540049668574
9948,15,0.07490366522293301
18291,15,0.17760768205460278
18922,15,0.21556338506710615
19776,15,0.22826314146287036
20849,15,0.23572526169636598
21908,15,0.21758017273768385
22958,15,0.1932611136639017
3482,15,0.4362568252491511
4019,15,0.35849294381683755
4798,15,0.32030622184429347
5849,15,0.16437042481051822
7136,15,0.13746237984887621
8002,15,0.13425730543355602
9092,15,0.13158967155833906
10161,15,0.0906770576910879
11204,15,0.05325143832984309
12238,15,0.061057439171751285
16840,15,0.0871986810207535
17874,15,0.10420824221363713
18716,15,0.21458811751406692
19565,15,0.22469420532604623
20854,15,0.248865900200354
21913,15,0.25616026969482303
22961,15,0.26769958651289816
23977,15,0.01647565175729921
2451,15,0.3885204050044129
3131,15,0.44070500556637776
4023,15,0.46773743910225574
5007,15,0.3765258635879165
5853,15,0.19376108084377186
6925,15,0.17528875518033898
9097,15,0.16716783582412395
10167,15,0.15421453452370837
11209,15,0.09757262352406662
12241,15,0.07724937657965111
13218,15,0.06521560698917711
14012,15,0.06156811968092936
15017,15,0.08999638206660253
15821,15,0.09377128869677331
16843,15,0.09733129366181807
17880,15,0.11909346061797756
18932,15,0.2416048686020302
19571,15,0.2551261268210811
20860,15,0.3130662605606746
21918,15,0.3105124044318635
22966,15,0.3117291462689252
23982,15,0.514025171170981
24699,15,0.1817715960458291
1745,15,0.11797343335764614
2293,15,0.457070107288698
3135,15,0.439988770218561
27900,15,0.20308189043148003
7146,15,0.18739895865752726
8012,15,0.1936854348073668
10171,15,0.1905094257221926
12246,15,0.1419893538255409
14821,15,0.10265845221617469
15826,15,0.06829060217946055
17677,15,0.16559485958591927
20005,15,0.2918451287632457
21923,15,0.34775517972488396
22971,15,0.33062355026994245
25551,15,0.5273874717507336
1645,15,0.23365238875680616
3141,15,0.5478141758608256
5018,15,0.4716743749526663
7150,15,0.2417720627684652
9325,15,0.20162722507409828
14021,15,0.13283003588847464
17890,15,0.20262466440496096
22976,15,0.4140361356037501
10181,15,0.20251926884257634
12255,15,0.1625096145129333
13232,15,0.11196064144062999
17895,15,0.11405179062638582
18734,15,0.12309733014169158
21932,15,0.3146406458252476
1279,15,0.049151811517657545
4042,15,0.4964676330566149
5027,15,0.4417648021831545
12260,15,0.14959908111425727
20019,15,0.13134179319926637
21937,15,0.264524155481772
28240,15,0.2491794048670048
1191,15,0.053011780814967206
3155,15,0.4902190326439433
4048,15,0.49384522374189344
5032,15,0.5634687232676802
6949,15,0.06625400483411788
9340,15,0.11825996408943283
10193,15,0.3084379937000876
28017,15,0.30550950619128703
13243,15,0.29979689490899936
15845,15,0.319606005637919
18744,15,0.07986439739937973
19810,15,0.06931787941871269
21942,15,0.3388746010238072
24889,15,0.1408935966635097
4833,15,0.5139332416855884
6096,15,0.4683322617024837
11238,15,0.46392185941311487
16667,15,0.320535302535115
20888,15,0.3159456890220156
4246,15,0.6200283999046421
13253,15,0.35835184407277526
14851,15,0.41667569149145745
19820,15,0.1657018340648797
788,15,0.12178903219569982
4062,15,0.6423370395399739
6106,15,0.20997983185830113
14052,15,0.4077128467848755
14856,15,0.4420330595108733
15860,15,0.3019270610473982
16883,15,0.2734325300421193
17919,15,0.2472021068458799
21957,15,0.08295454658330204
24021,15,0.1890183410743657
25073,15,0.17008563002134178
794,15,0.3143923464733391
1121,15,0.23284827319489915
6111,15,0.3451812466878995
12284,15,0.40873499600127616
14861,15,0.4656658050049275
16888,15,0.2633575129842009
18764,15,0.19150708554263896
23010,15,0.10670312981246523
24026,15,0.10805500099075757
25750,15,0.12238485390978639
520,15,0.4560888630224844
6116,15,0.52467649307761
16893,15,0.3004011560423178
17929,15,0.16422168127535358
24031,15,0.00957311225305842
24914,15,0.09663749659655435
25754,15,0.08347736953141992
26724,15,0.07642677356133622
27093,15,0.47226313577241147
464,15,0.5063549430964207
803,15,0.38237088731540375
7194,15,0.21382596453108452
13087,15,0.3474804287946664
14871,15,0.4909498898684712
15875,15,0.3381690018196878
18774,15,0.11617560408517567
19840,15,0.09349182333343578
21972,15,0.003817322259893083
23020,15,0.05707185729674727
24036,15,0.04698531234546172
808,15,0.4096306008458438
1317,15,0.3799714750166271
8065,15,0.2906389954754646
14876,15,0.5843775177053318
15880,15,0.2427376201216801
19845,15,0.12762449112685764
20918,15,0.07162212573570001
24924,15,0.20575817915336325
26733,15,0.22182369570216487
259,15,0.6250662023664797
1698,15,0.4725591499642015
2352,15,0.3682835548034455
6131,15,0.3912030766492056
17944,15,0.17382441969207274
18784,15,0.16977227558410052
19850,15,0.1604654306997498
21136,15,0.14652978326302932
21982,15,0.12932609471984619
25098,15,0.169731526852049
25769,15,0.21545424385035244
26321,15,0.18234773858286177
27108,15,0.26122943002461696
266,15,0.6293839046959109
1236,15,0.4236453645932836
6994,15,0.6041626838533729
8075,15,0.18911710982745858
13464,15,0.9819489817625131
16913,15,0.2844852715405973
21987,15,0.18905925483897884
23035,15,0.2209482311601122
25103,15,0.14071391282158882
25775,15,0.18330876133043608
26326,15,0.2414291273447464
26744,15,0.2318754471567422
3204,15,0.40507373700054483
9389,15,0.7048665085342881
10449,15,0.8059663771425033
16918,15,0.33615278307147567
18794,15,0.3052055478849778
19860,15,0.2850645075321662
23040,15,0.2306758511482393
23661,15,0.2756030692598374
25278,15,0.2447363602595957
27118,15,0.2585448781023301
27402,15,0.26959093384891775
616,15,0.4539533737130611
827,15,0.3784532124494479
1245,15,0.3711737797862756
8302,15,0.6492741624433075
11287,15,0.6486070187801243
15899,15,0.2275283848474823
17958,15,0.34312479111292143
20937,15,0.30371526500939344
63,15,0.6761040428554055
494,15,0.3714819829963461
1718,15,0.4169224714257691
4477,15,0.543245380181763
11706,15,1.2196961493326468
22002,15,0.36253271929249126
25789,15,0.42510784525944945
44,15,2.3767027877123272
838,15,0.1898139386861327
4093,15,0.48076584196874766
11711,15,0.9364371325509662
16521,15,0.6947257983082908
25794,15,0.44558598314933395
26346,15,0.3737632274394531
27132,15,0.3798469880238437
27313,15,0.4059076532276573
27723,15,2.1248135798023178
503,15,0.09077316899421213
1261,15,0.26578489802853017
1728,15,0.28518268621048243
4097,15,0.45318824006193587
9190,15,1.0822989234699107
10260,15,1.1893985798755202
24759,15,0.4766740749199736
25943,15,0.4775257689420379
26352,15,0.475588804460738
27623,15,0.5201996293240053
27727,15,0.7302047084457655
27795,15,2.2417563683645407
248,15,0.9907091003988026
508,15,0.22232949932666263
1266,15,0.22080119503713164
3377,15,0.3789642918532384
4102,15,0.4426402856181975
5105,15,0.5588251952146321
12339,15,1.0450723454456894
22016,15,0.4184863762792776
24932,15,0.5685086872142817
26356,15,0.5287372782541986
26773,15,0.6049346061958076
27628,15,0.5232877248097675
27809,15,1.8264370252085858
2,15,3.2535052114346774
108,15,3.155138653240811
852,15,0.2503437844269605
1738,15,0.342543830401957
3208,15,0.40604574762694373
11312,15,1.157683089606978
13322,15,0.9261648561096927
20104,15,0.6074586465267429
22231,15,0.6126755309989659
24069,15,0.5593639348062726
26360,15,0.6162170218589248
27147,15,0.6537921170275873
27633,15,0.5699437493000667
112,15,3.3813279308220308
258,15,3.3121049701952576
518,15,3.477949944570374
1275,15,0.9267450582456598
2541,15,0.4747205381545897
3213,15,0.4678491329171978
4113,15,0.47268108871175535
8987,15,0.7334043440196606
10275,15,0.9351520499567058
11316,15,0.8729234772454195
12349,15,0.7051823276217484
13326,15,0.5614924194838474
23074,15,0.594500458321188
24074,15,0.6066029330537979
24942,15,0.8282676855401603
25799,15,0.7445587503207889
27436,15,0.5929195977338401
27818,15,0.6769134908097105
27846,15,3.1747439679187304
2385,15,0.45287974028449657
8120,15,0.3564004978884134
9428,15,0.26054910486705835
10279,15,0.3601200551124541
14930,15,0.44332353390078644
22031,15,0.6922419381270006
23079,15,0.48178278171234534
25804,15,0.9427664974012447
26176,15,0.8057567361643333
26787,15,0.9934499882680842
27156,15,0.7792682441283133
27440,15,0.7674572169184032
27607,15,0.8045849359104436
1841,15,3.333360347243576
2390,15,1.0858366163077025
9433,15,0.25307002771395704
10285,15,0.3764511953625233
13336,15,0.30612460068007435
16962,15,0.8442002244756347
19904,15,0.8441977297550485
22036,15,0.5739277382240937
24952,15,0.45374596206208795
26361,15,0.8302174735368218
27869,15,3.4693761935013656
2394,15,3.2406003458450803
4127,15,0.8224417814440035
9220,15,0.5493119210958247
10290,15,0.46288272921992984
11331,15,0.4299074328652301
14940,15,0.4752555159774589
18843,15,0.7322902174551927
24089,15,0.4796247684140049
24957,15,0.5810237622766489
3230,15,0.43852317636521654
4132,15,0.2980501950200686
5134,15,0.5279108185178774
8134,15,0.5356816987496723
11336,15,0.28855549815972487
14945,15,0.545577172209671
19913,15,0.4693910728888706
23094,15,0.3314800765864994
24094,15,0.8058229554381675
24962,15,1.656167195760005
28189,15,1.133992891660221
3235,15,0.4407348366001208
8141,15,0.23915640226219
13351,15,0.2693881163801871
18013,15,0.4449115500143586
24967,15,0.7069524931485004
25483,15,2.310644068301381
2721,15,0.3937629955277385
3239,15,0.48161983076894543
8145,15,0.22521851322460248
9234,15,0.2346818721494215
12378,15,0.15969837488514527
20996,15,0.6184831046621454
23103,15,0.5406520306677312
24103,15,0.7380790199258649
25487,15,0.46762111075571294
2557,15,0.7072352652512314
3244,15,0.6097099879663985
4146,15,0.4986627895205719
9239,15,0.18551586443708323
12383,15,0.10002800782140431
13360,15,0.17327958812693092
14959,15,0.17718655098413877
18022,15,0.40479382076583015
19928,15,0.3828055390740466
21002,15,0.43704120295220394
22060,15,0.5059353491282786
24976,15,0.6403275995419614
25654,15,2.662173804031047
2396,15,0.43776876123126685
3250,15,0.48085927107666415
5154,15,0.3888660148324785
8154,15,0.23318516950093568
9244,15,0.18253763251219485
10313,15,0.1444830937323592
11356,15,0.11675379447491857
13365,15,0.21031641446600333
21006,15,0.5161166150680938
24113,15,0.5743739975335327
24981,15,0.6479076883370464
25659,15,2.145332771852256
2401,15,0.3961631644995075
3254,15,0.45931390375140363
6219,15,0.3344516933650587
8159,15,0.23180795829522657
10319,15,0.10207477527839805
11361,15,0.07967564217896997
12393,15,0.06699844305213709
13370,15,0.09603388756713116
18872,15,0.4030978989381157
19938,15,0.4385809717546703
22071,15,0.5051355179549786
23118,15,0.4782673157607423
24118,15,0.5356647721404335
24986,15,0.5487615710306704
25819,15,2.2090456731088306
3259,15,0.47974016395453356
7082,15,0.28417391040259454
8164,15,0.19192342942531362
9472,15,0.14469302399392422
10324,15,0.07677041784287353
12398,15,0.12823578531088645
14974,15,0.3004876400802481
15978,15,0.3176794001770594
17001,15,0.3468181363643743
18037,15,0.35174857135291415
18877,15,0.39689704151143884
19944,15,0.4807840351917331
22075,15,0.5039337534955797
23123,15,0.49937919107879675
24123,15,0.5632956869125755
24991,15,0.4414593424369238
25669,15,0.3399762002519619
2411,15,0.4276092998059437
3089,15,0.45545989915082025
6229,15,0.26450841727182955
8169,15,0.17095054820234135
9259,15,0.09074810586220347
12403,15,0.14263003479087646
14979,15,0.26151186086951533
15983,15,0.2751723223929924
17006,15,0.31690616847762965
18042,15,0.37359343421518426
22080,15,0.4415403106459508
23337,15,0.4975791112120301
24128,15,0.537224777425366
24996,15,0.43231609624674366
25673,15,0.34146040277238604
2416,15,0.36951850371220823
3269,15,0.3995588673890694
4171,15,0.3245587533988597
7092,15,0.23439098615907958
8392,15,0.0969973352187428
9264,15,0.09492622633337192
10334,15,0.1629800392940906
11583,15,0.18776678756993642
13200,15,0.13607749143316053
14984,15,0.2001872540349925
15988,15,0.30869606620815615
17011,15,0.3540629556395445
18047,15,0.3776761918643883
19953,15,0.41242485836367265
23133,15,0.505255101151717
24133,15,0.45591065738971387
25002,15,0.4440542061778353
25826,15,0.33086854108632413
5179,15,0.28727062691634225
7097,15,0.18170423081376255
8179,15,0.10964767780770526
10340,15,0.30202931222466806
12413,15,0.2695913636397478
14989,15,0.2892609217548124
15791,15,0.2886141258387754
24138,15,0.4336429217001985
25006,15,0.4024867922422232
25831,15,0.3808528766613429
1962,15,0.3877254364307185
2426,15,0.4580619754314471
5184,15,0.32071092693436093
7318,15,0.13462405497977775
8401,15,0.24886497700890625
11385,15,0.22281088729905638
12417,15,0.24802088028317984
14993,15,0.3354756553769827
17020,15,0.3580180476450166
21036,15,0.3557433361894643
23143,15,0.39398043338282523
25011,15,0.36366955602311213
25836,15,0.256945047579296
1967,15,0.4147669802285428
2431,15,0.43708153438619046
4186,15,0.29917891566027743
9279,15,0.33817420567324075
11391,15,0.22082672077649085
12423,15,0.20943611519479022
14453,15,0.21641140146154947
14998,15,0.29479455370603425
16003,15,0.278813265529956
21041,15,0.35721403654506617
23148,15,0.41494591021904276
25016,15,0.31012028316074935
25841,15,0.25532010835227203
1845,15,0.41376431086498244
2436,15,0.39737584423776356
4190,15,0.31009038469550576
6039,15,0.18513430679791973
10354,15,0.24457039408843848
14299,15,0.5381046694146674
15003,15,0.27977098927045163
15806,15,0.26400759402044904
18067,15,0.24178134745493962
19119,15,0.2711404762447582
19973,15,0.22902733624173272
21046,15,0.32864106379188607
25021,15,0.31530285061754715
25846,15,0.2583587582178572
2441,15,0.33275986444842004
4010,15,0.2753252342084992
7117,15,0.16862236314099374
8199,15,0.27123780096436484
10359,15,0.2163093758494284
11401,15,0.22213266923470162
12433,15,0.2250507171554215
13388,15,0.10989305650071711
28001,15,0.7219161012329849
18072,15,0.19326165880862817
18912,15,0.24454082455297463
23158,15,0.429944802519231
25026,15,0.2599766428855586
25851,15,0.27381313220843767
1741,15,0.37569619531107257
5203,15,0.22920706524093007
9294,15,0.2062724972769005
13393,15,1.5921661094549635
15013,15,0.2622523426872138
17040,15,0.3354857758725816
18077,15,0.45895321534938727
18917,15,0.37454848633142157
19983,15,0.45769054101600454
22115,15,0.4520927691308483
25031,15,0.2979264472516212
25856,15,0.30524641581788065
27857,15,1.5119282220092225
2288,15,1.0628526402018086
3303,15,0.8565798059232812
7126,15,0.08076839683879952
8209,15,0.2919407177897183
9298,15,0.04776135489490267
11410,15,0.2590939824116727
27967,15,1.9486413508569458
27981,15,2.374151323903333
28051,15,1.1415531349731305
16225,15,0.9770565011781686
17045,15,1.330495941766462
18290,15,0.5467126466255329
21060,15,0.5392706438771139
22118,15,0.5027111104391603
23166,15,0.4412963874141386
24166,15,0.381747524967839
25035,15,0.36341814205235784
25860,15,0.431739293653879
27918,16,0.030458976456261392
8211,16,0.029486802384974285
9083,16,0.03149293614594939
28125,16,0.029421875776619734
20418,16,0.047741562297459475
5210,16,0.19930867830993318
6057,16,0.09585921301756713
7130,16,0.07139470604774074
7997,16,0.07235021376591722
9087,16,0.062193293582364376
9948,16,0.061098297246348916
18291,16,0.05868773755809495
18922,16,0.06615959188452765
19776,16,0.07020383848883083
20849,16,0.07728257580174167
21908,16,0.08475386693644811
22958,16,0.0816404175247052
3482,16,0.7021219548006606
4019,16,0.5106071584511409
4798,16,0.43523066276411015
5849,16,0.0992632143346903
7136,16,0.07951873463999704
8002,16,0.07860857275391382
9092,16,0.07188467590285617
10161,16,0.0700497824802151
11204,16,0.04798535410453312
12238,16,0.05025496535154359
16840,16,0.03134504611710513
17874,16,0.03380325752347795
18716,16,0.06533963461276061
19565,16,0.0654886193840886
20854,16,0.0798840428080231
21913,16,0.08407370572400918
22961,16,0.10727533799358728
23977,16,0.01607981038483358
2451,16,0.5426644661282958
3131,16,0.8336997387217949
4023,16,0.8018627846921047
5007,16,0.5465183127857108
5853,16,0.127944078920511
6925,16,0.10358781125048397
9097,16,0.10336181672432622
10167,16,0.10059041889448561
11209,16,0.07159274853750815
12241,16,0.05939880455461242
13218,16,0.04735567946389874
14012,16,0.04048369408491884
15017,16,0.04367031538783269
15821,16,0.04767886196309807
16843,16,0.04193393181852586
17880,16,0.053471453649913764
18932,16,0.10126972257496615
19571,16,0.1073528333383255
20860,16,0.14658457156471336
21918,16,0.13672614862622184
22966,16,0.13481429610809556
23982,16,0.5292890056970255
24699,16,0.21801274820520494
1745,16,0.24300180482972583
2293,16,0.7447223215633896
3135,16,0.8824900952245249
27900,16,0.11933067760659959
7146,16,0.106400378435903
8012,16,0.10044586597208492
10171,16,0.10734286978737204
12246,16,0.08158105673784062
14821,16,0.051697605947610456
15826,16,0.05279827107228188
17677,16,0.07923528160483577
20005,16,0.1384331620198021
21923,16,0.17798677805287752
22971,16,0.15468809629033925
25551,16,0.5481897486336105
1645,16,0.40933595500816283
2298,16,0.8105376678896288
3141,16,0.8429444655593799
5018,16,0.7419924995235182
7150,16,0.14406847560208674
8016,16,0.15372022695910917
10177,16,0.07648683745424717
14021,16,0.08936527320027757
17890,16,0.12704678068529035
22976,16,0.5260923413136938
12255,16,0.09957209073050088
13232,16,0.07868499729918897
17895,16,0.05792079497463811
18734,16,0.06670070922953734
21932,16,0.11288065792710694
1279,16,0.4236613318914836
3150,16,0.7701451687036878
4042,16,0.7571130558657794
12260,16,0.1049152439685781
20019,16,0.10863652535948784
21937,16,0.15617727850870172
28240,16,0.3294645892468274
1191,16,0.34408477895770456
3155,16,0.7316613841079447
4048,16,0.7139100787548068
5032,16,0.7721129873366804
6949,16,0.05268904808153375
9340,16,0.040012092884238924
10193,16,0.7142955013065707
28017,16,0.2299446568042407
13243,16,0.4742144410413378
15845,16,0.39568518514779455
19810,16,0.20909488297684903
21942,16,0.2382676322871703
24889,16,0.17593873518780198
4833,16,0.6828224115299669
6096,16,0.7456033674812832
12270,16,0.7000761933199103
21947,16,0.3029957719107285
861,16,0.36077346246705405
4246,16,0.7937451504426785
13253,16,0.5740409913095575
14851,16,0.38596503889811207
19820,16,0.2719755046442504
23000,16,0.2752651787479724
24899,16,0.24841891458294213
788,16,0.44001207270396653
4062,16,0.7713045679885989
5047,16,0.9008228230907507
6106,16,0.4068587752966072
14052,16,0.43349011772520313
14856,16,0.37131276576747657
15860,16,0.3549865864642363
16883,16,0.2652123392868529
17919,16,0.305622058424286
21957,16,0.23365668779559934
24021,16,0.3300535156558642
25073,16,0.2970552910686204
1121,16,0.4495259973976421
6111,16,0.40454668256035253
12284,16,0.4228923871848677
14861,16,0.3782544082954395
16888,16,0.24111177620891444
23010,16,0.21106073646244722
24026,16,0.29723455160437234
520,16,0.6337832717121838
1215,16,0.4724786350080036
13083,16,0.417051215312848
16893,16,0.28982392394264705
17929,16,0.2489771843972793
24031,16,0.23897617808761454
24914,16,0.2757453268609646
25754,16,0.3111173511866178
26724,16,0.265035379670813
27093,16,0.3925205907340471
464,16,0.7178700380711545
2342,16,0.5824374118325572
7194,16,0.4730494292008788
13087,16,0.3592256361430051
14871,16,0.39589184382146286
15875,16,0.3016807193107676
17934,16,0.2681723104444004
18774,16,0.2892075106567956
19840,16,0.26818735085875584
21972,16,0.24680653137802921
23020,16,0.23125765025010758
24036,16,0.18663328833603102
24919,16,0.23209229571633277
26312,16,0.2727581185010497
26646,16,0.19264258023025063
808,16,0.828158060154614
1317,16,0.7715944053331386
7200,16,0.4414456509082323
8065,16,0.40604873910982814
15880,16,0.32886416548671366
19845,16,0.2879828747537305
20918,16,0.3110936565870352
24041,16,0.2769454064651583
24924,16,0.20907254423529043
26733,16,0.29453668468373384
259,16,1.0115091678429147
1698,16,0.75007414183753
2352,16,0.5927057987882193
17944,16,0.315175500404598
18784,16,0.31274610651068
19850,16,0.2998792794857835
21982,16,0.3278559689286874
23030,16,0.2881208830799838
25098,16,0.2610313078871572
25769,16,0.23917324889229966
26321,16,0.25794292959532283
27108,16,0.1690317447388429
266,16,1.5344771039791076
6994,16,0.4965414888083165
8075,16,0.4904446815042881
13464,16,0.3778380434325664
14886,16,0.34929057730093876
16913,16,0.34592191364314057
21987,16,0.3076812582735262
23035,16,0.28698955299159207
25103,16,0.2824186795283846
25775,16,0.20502846498605137
26326,16,0.18640849847670346
3204,16,0.7331391912561035
8080,16,0.4193604081585527
9389,16,0.3940354115373703
16918,16,0.4044204987730413
18794,16,0.3540569834771256
19860,16,0.3217407368247158
23040,16,0.2579448453416602
25278,16,0.3164300822793435
25780,16,0.23540276357212317
27118,16,0.25042638782795057
27402,16,0.2828416041188567
616,16,1.0934414451699255
827,16,1.012747016886675
1245,16,1.0454825685641902
8302,16,0.4539897864354205
10246,16,0.33168968937245685
11287,16,0.3790714693282204
17958,16,0.38867893003953446
19863,16,0.3447946714471016
27122,16,0.2630725246295436
63,16,0.6550130317049296
494,16,0.943090368070375
4477,16,0.7010747143048882
11706,16,0.4228145400425877
22002,16,0.30939961052024373
23050,16,0.3005503066773002
25789,16,0.2937998852381196
44,16,2.427849491558061
838,16,0.7963848434229192
2376,16,0.9749670134444605
4093,16,0.7580589109567666
11711,16,0.15715031539399013
23055,16,0.3036019463814314
25794,16,0.3845218507596985
26346,16,0.3587715759296138
27723,16,2.066156465365001
1728,16,0.8408571041153704
4097,16,0.8406202353610085
9190,16,0.151202611462386
10260,16,0.1372323983905336
23059,16,0.4377466589668921
24759,16,0.43601985272740684
25943,16,0.4744612990787423
26352,16,0.4638813169494894
27623,16,0.3468436312215902
27727,16,0.7047466516102647
27795,16,2.1993608493507044
7,16,3.4337460368538046
508,16,0.4238596782200906
847,16,0.2147913401919997
1266,16,0.42365391507690614
3377,16,0.8432235832889488
4102,16,0.9118923819403343
5105,16,1.0654665807014487
12339,16,0.12220246846497691
24064,16,0.42124536580189165
24932,16,0.34424412403117327
26356,16,0.49427198674150125
26773,16,0.3420709054000974
27809,16,1.5558610271136748
2,16,3.193693563270065
108,16,3.0211677431603845
1738,16,0.34792899875200856
3208,16,1.024203015181758
4107,16,1.0633203055965044
11312,16,0.1510574009158592
13322,16,0.08181526190851125
20104,16,0.6379528624486446
22231,16,0.6717616064248415
24069,16,0.4826879341539863
26360,16,0.5119730451591259
27147,16,0.39930205360236154
27814,16,0.6037411241202809
112,16,3.1913379182939243
258,16,3.285236374052508
518,16,3.2569737204253766
1275,16,2.4133962926698005
2541,16,0.9578111565531853
3213,16,1.0573680554231704
4113,16,1.134340639901452
4907,16,1.1425757085868655
8987,16,0.4589640864028523
10275,16,0.2998889386682675
11316,16,0.29104266864932987
12349,16,0.4285469399403822
13326,16,0.19922403651111734
23074,16,0.7306987112080342
24074,16,0.6003319896188177
24942,16,0.43731087448107925
27436,16,0.47348784947142775
27818,16,0.7948735409300383
27846,16,3.1998134902782582
2385,16,0.6913232491462084
8120,16,0.6575042792823833
9428,16,0.11601296447449214
10279,16,0.16832174262891708
14930,16,0.33546549655343805
22031,16,0.6702474978409014
23079,16,0.11750332054719759
24947,16,0.6584094968065355
25804,16,0.621810252608136
26176,16,0.4730611950979323
26787,16,0.947490519030561
27156,16,0.5685905057611829
27440,16,0.6127190179644251
1841,16,2.340901152716052
2390,16,0.6348781988671335
10285,16,0.31228749766147934
13336,16,0.16682635869090381
16962,16,0.28109141384960173
18838,16,0.21650368107594276
19904,16,0.2835000052005568
24952,16,0.19677362141600307
25809,16,0.31252302277047506
26361,16,0.6741301942753791
27869,16,3.249113107199783
2394,16,1.033626468674088
4127,16,0.6493670457881234
9220,16,0.5399282781693134
10290,16,0.3878781901000988
11331,16,0.32640903850472697
18843,16,0.46251068499676035
24089,16,0.2234598969783691
24957,16,0.24828392842387836
3230,16,0.6093714062191669
4132,16,0.41373143985029437
5134,16,0.5453154805507463
11336,16,0.6909799625716435
14945,16,0.9021100665609103
19913,16,0.629909104912077
24094,16,0.3797450895200147
24962,16,0.620103632403485
28189,16,1.7117292642266444
3235,16,0.7099956894883195
8141,16,0.46747760004289124
13351,16,0.513559292583598
24967,16,0.29492947626954724
25483,16,1.8789970331215262
2721,16,2.2533851302166665
4141,16,0.6812465663335294
8145,16,0.4475649694486065
9234,16,0.45043345607856
10305,16,0.5146282397398622
12378,16,0.45921883448905426
20996,16,0.40169975192116375
23103,16,0.17712471007747743
24103,16,0.3426781221691004
24971,16,0.33435820639165265
25487,16,0.6824967728048639
2557,16,2.6903395111452095
3244,16,0.7135899142523257
4146,16,0.6816534818012872
9239,16,0.4820601870172213
12383,16,0.4157454875277808
13360,16,0.501089871646495
14959,16,0.5545237757979312
18022,16,0.6626167776980093
19928,16,0.5833288108137805
21002,16,0.23470073700702349
22060,16,0.04649280167706353
24976,16,0.23898961476007874
25654,16,1.9767230273806244
2396,16,1.7240569593477657
3250,16,0.6816876637655644
5154,16,0.5942316444219895
8154,16,0.45196177839855617
9244,16,0.43693148652315156
10313,16,0.41976733980995873
11356,16,0.28508486750260936
18867,16,0.6046930827210588
21006,16,0.1264550447626889
24113,16,0.2670401224727759
24981,16,0.1503267738246165
25659,16,1.1648563032291808
3254,16,0.6617317293848157
6219,16,0.5074800029001159
7077,16,0.4677875278566115
11361,16,0.24445237531285915
12393,16,0.3376010838081085
13370,16,0.44773153884459105
14969,16,0.5674146846896851
18872,16,0.31295105471903617
19938,16,0.18155096291184863
23118,16,0.2922356808629862
24118,16,0.2280639674598772
24986,16,0.12184766805451148
25819,16,1.594544753621182
3259,16,0.6306963602775307
7082,16,0.4655591111331796
8164,16,0.4623284780724002
9472,16,0.3986648629523037
10324,16,0.31046525063744307
12398,16,0.3610264538821888
14974,16,0.5062124396553138
15978,16,0.5207197295247137
17001,16,0.47411641706599245
18037,16,0.35449058516002113
18877,16,0.27581214551329997
19944,16,0.2069716707201054
23123,16,0.2644906788438003
24123,16,0.19562234390750435
24991,16,0.038616908157971225
25669,16,0.1257488526355089
2411,16,0.6668266573204977
3089,16,0.6222944367582339
4166,16,0.6003920875197187
6229,16,0.5022325572821081
8169,16,0.4285705719079937
9259,16,0.36648287792963613
12403,16,0.3374004017794636
14979,16,0.44828641610968056
15983,16,0.5002168484703978
17006,16,0.4057783103105794
18042,16,0.3333799000824864
21021,16,0.2838901371699798
23337,16,0.22687054671994436
24128,16,0.11504834805204858
25673,16,0.10648740414426547
2416,16,0.594046942831109
3269,16,0.6056181038848052
4171,16,0.5426992441782856
8392,16,0.3529298629368818
9264,16,0.279464960110702
10334,16,0.23639391676371058
11583,16,0.23282296948619924
13200,16,0.5050299891730649
15988,16,0.3447057612843252
17011,16,0.3321728668321037
18047,16,0.2727867975238337
18887,16,0.26245948269817404
19953,16,0.2453927394181429
25002,16,0.04401561230185201
5179,16,0.4893883121305373
8179,16,0.3661537166043138
10340,16,0.2765942990902307
14989,16,0.3252649364677148
17016,16,0.3406414812214404
18052,16,0.27675609980383814
24138,16,0.12155014210811341
25006,16,0.0841011986817271
25831,16,0.35116061731880577
1962,16,0.559237506973253
2426,16,0.6425090960496295
4181,16,0.5174410906406165
5184,16,0.48302145212342584
7318,16,0.3910402754165545
8401,16,0.2913005831743304
11385,16,0.3401025294768471
12417,16,0.3839078662293029
14993,16,0.33201044622682696
17020,16,0.3175637147140823
18057,16,0.26216010226469794
25011,16,0.15659921939747626
25836,16,0.3818602026491887
2431,16,0.6017018429156537
6248,16,0.4785593419009625
7107,16,0.4129251498926567
8189,16,0.322582069939083
9279,16,0.30764104480938037
11391,16,0.3957378485586345
14453,16,0.20714249347571803
14998,16,0.29124272742564866
17026,16,0.3179894756004742
21041,16,0.1657919605902344
23148,16,0.0792807316820562
25016,16,0.21632868864180832
25841,16,0.43071612515653784
1845,16,0.5871648142233232
2436,16,0.6141261076514124
4190,16,0.5469465401092422
4985,16,0.5387591756969533
6039,16,0.44001198897205474
11396,16,0.3745503145254916
14299,16,0.12714972289954077
15003,16,0.2568154308037012
15806,16,0.22149905685970353
17031,16,0.24810847357658727
18067,16,0.17788891445334265
19119,16,0.1539394641034886
19973,16,0.1511895494355461
21046,16,0.13187771248037242
25021,16,0.2442263598338439
25846,16,0.4951928679825827
1849,16,0.5085026262582506
2441,16,0.49492923318672544
4010,16,0.5257484377911265
7117,16,0.3407744343608329
9289,16,0.30433367684107043
10359,16,0.262745213643634
11401,16,0.3555118111015521
13388,16,0.3543958260021212
28001,16,0.2485867930855797
18072,16,0.17686163054596227
18912,16,0.07982425910508514
23158,16,0.364885578958718
24158,16,0.3736362157218834
25026,16,0.3734598597427614
25851,16,0.6000034785652296
1741,16,0.4800697382039417
7122,16,0.372364540187215
9294,16,0.24349156972135008
13393,16,1.7333857916568172
15013,16,0.1325100419029069
17040,16,0.14602091602645145
18077,16,0.41641926309680466
18917,16,0.31125869148011887
19983,16,0.2625417773962421
22115,16,0.40233804239573506
23163,16,0.4903976408018568
24163,16,0.46007152015279573
25031,16,0.5831375459471136
25856,16,0.7055993421444133
27857,16,1.442796477157802
2288,16,1.136465292207574
3303,16,0.3428189716960609
7126,16,0.32536131853099376
8209,16,0.249641914603146
11410,16,0.28396369347691136
27967,16,1.8028913175268768
27981,16,2.547871603117832
28051,16,0.19907811890767133
16225,16,0.9223582760750136
21060,16,0.47842610006967323
22118,16,0.41421526898023625
23166,16,0.4379979007425164
24166,16,0.48651784939695925
25035,16,0.7148478835085026
25860,16,1.2890402146152398
27918,17,0.022661989784570197
8211,17,0.03238140340315717
9083,17,0.03063683514543964
28125,17,0.04883057364427144
20418,17,0.07212410775376138
5210,17,0.06288691865067181
6057,17,0.05733687195990271
7130,17,0.0449844885878427
7997,17,0.04813025619943297
9087,17,0.05509218738553007
9948,17,0.05295196569803215
18291,17,0.08980019904647307
18922,17,0.10132739346074013
19776,17,0.10525363142693371
20849,17,0.11015408144017752
21908,17,0.10696418974776518
22958,17,0.0976652652060873
3482,17,0.14893331071246604
4019,17,0.07563579723109655
4798,17,0.07316378165030635
5849,17,0.05429711839581137
7136,17,0.050182219792256344
8002,17,0.0528405389517999
9092,17,0.0623129303693078
10161,17,0.061328485883858294
11204,17,0.043519417284417584
12238,17,0.04885883023521423
16840,17,0.05328099172004933
17874,17,0.05837453169726084
18716,17,0.0995026484481848
19565,17,0.1003516558319228
20854,17,0.11668536964449353
21913,17,0.12091800395330217
22961,17,0.12977548275652556
23977,17,0.01812361801245399
2451,17,0.19732532246545303
3131,17,0.22536249542000586
4023,17,0.145519995563341
5007,17,0.10138270891545664
5853,17,0.06409244280033993
6925,17,0.05115984480071544
9097,17,0.07623607562026276
10167,17,0.0754154051581045
11209,17,0.06761036917761143
12241,17,0.06121562317535544
13218,17,0.05598436652379624
14012,17,0.04971668934981122
15017,17,0.0608545576359282
15821,17,0.062499585252424814
16843,17,0.06788588314424994
17880,17,0.08073458375369362
18932,17,0.14099346078998523
19571,17,0.14954209591242235
20860,17,0.18946195352329354
21918,17,0.1823217557031159
22966,17,0.17670413656656847
23982,17,0.5432463315377501
24699,17,0.2173292360776549
1745,17,0.06092127142500796
2293,17,0.2802852772666477
3135,17,0.28345162795682716
27900,17,0.07506757491188927
7146,17,0.09816131812481338
8012,17,0.0719858870211717
10171,17,0.0841938535902142
12246,17,0.08434990161853387
14821,17,0.0763223920643466
15826,17,0.0791012186840564
17677,17,0.1204630870124195
20005,17,0.18173062687783206
21923,17,0.22319146720340804
22971,17,0.20617515971504827
25551,17,0.5464138268643177
1645,17,0.09890444139876056
2298,17,0.35478408659200583
3141,17,0.3562080005079866
5018,17,0.268746258040978
7150,17,0.11057159843991379
8016,17,0.09268576446440906
10177,17,0.096783429877208
14021,17,0.06498500053968823
17890,17,0.17879490117665384
22976,17,0.4098038060515597
23991,17,0.6165194908447968
9111,17,0.0505154177884829
12255,17,0.07091667142562064
13232,17,0.03685252102673407
17895,17,0.07473425503560277
18734,17,0.13746620009851107
21932,17,0.3086910319876517
1279,17,0.06408486229680228
4042,17,0.41927691931947286
12260,17,0.06091047984979293
20019,17,0.08712115757832369
21937,17,0.2879640556151172
1191,17,0.2499154518467864
3155,17,0.5274434224252695
4048,17,0.5637698883050765
6949,17,0.1903264554743523
10193,17,0.54969526417035
28017,17,0.29223831787916044
13243,17,0.38216128954471146
19810,17,0.018121403260445035
21942,17,0.2754184407176767
24889,17,0.0723608529119575
4833,17,0.6076082968755381
14846,17,0.2250027593257754
15850,17,0.34324297665562037
861,17,0.4625734071820815
13253,17,0.3723554979912495
14851,17,0.25458809915018993
24016,17,0.07838501690505636
788,17,0.5035099888245733
4062,17,0.5521324802132562
5047,17,0.5928131759623153
6106,17,0.22613118340689145
13257,17,0.35430495730867867
14052,17,0.3218658813992194
14856,17,0.28304911679967715
15860,17,0.2668958927854152
17919,17,0.27503845719787917
21957,17,0.17193622588766316
24021,17,0.17853365177997663
25073,17,0.13820434157761632
582,17,0.6222272912095355
1121,17,0.521142196775071
6111,17,0.1952878811263738
12284,17,0.2816074759776252
14861,17,0.3093824162245638
16888,17,0.2629932170464426
23010,17,0.13201820599389968
520,17,0.6326238618040915
13083,17,0.30760251973434083
16893,17,0.2919107508574832
17929,17,0.22374893133212478
24031,17,0.14546185957440302
24914,17,0.13404440541432458
25754,17,0.10018702657046787
26724,17,0.1523312178618591
27093,17,0.1614535523895198
464,17,0.777909279117865
7194,17,0.48570385096440927
14871,17,0.2774020972895723
15875,17,0.2550812960030946
19840,17,0.19713581798721344
20913,17,0.21578240243010247
21972,17,0.18845308835087018
23020,17,0.18787637960435066
24036,17,0.14196172152246475
26312,17,0.11690827797426268
305,17,0.6429265248816995
808,17,0.7007785113607614
1317,17,0.5456361319958082
1694,17,0.47818084630828905
2347,17,0.14789365960090903
8065,17,0.48518294460501005
15880,17,0.2477926575249951
19845,17,0.20351015718866738
20918,17,0.1831329373651467
21977,17,0.24390742018276218
24924,17,0.22773526505215017
26733,17,0.14145585465528918
259,17,0.3756914700425165
1698,17,0.4440539184376543
2352,17,0.23280269994608332
6988,17,0.5550016333296176
18784,17,0.2551721131708164
19850,17,0.22924375528768054
21982,17,0.26733525177431006
23030,17,0.3672157597396063
25098,17,0.12781850031756686
25769,17,0.14752258260362555
26321,17,0.1267469719467933
26739,17,0.12173674840138182
27108,17,0.1560902811810238
266,17,0.7886964952315425
6994,17,0.6602239034432642
8075,17,0.5749378336972757
14886,17,0.23005878756644202
15890,17,0.2145366515807553
16913,17,0.23911947616550475
21987,17,0.18596950994400457
23035,17,0.2635418101518758
25103,17,0.19638237747088605
26326,17,0.08965878391064648
823,17,0.6148772833924362
3204,17,0.37121500869932045
8080,17,0.7129061534829051
9389,17,0.7107985208325517
18794,17,0.23169907497283027
19860,17,0.20818626671744692
23040,17,0.13357399659390376
25278,17,0.1693526495078737
25780,17,0.20379743078198453
26748,17,0.21509834663611324
27118,17,0.14102650873533498
27402,17,0.1268357817385382
27532,17,0.46781845615089995
616,17,0.546098725898398
827,17,0.5299852278164315
1245,17,0.47226194332870725
8302,17,0.7170427266544845
11287,17,0.266293187502182
17958,17,0.22399884378283058
19863,17,0.21403513391580817
27122,17,0.11665208045698748
63,17,1.5739684167999393
494,17,0.5220686372409391
4477,17,0.03456293085029648
11706,17,0.775352148531469
22002,17,0.050637340243582886
23050,17,0.10089179208787545
25789,17,0.22191678020409578
44,17,2.3381531903434505
838,17,0.22128825013332032
4093,17,0.02571158203153427
11711,17,0.45995161284375247
21160,17,0.04149000096812837
23055,17,0.04659625524981225
25794,17,0.19316700914733065
26346,17,0.19103747492776368
27723,17,1.9774640022996728
4097,17,0.11642021159592175
9190,17,0.467468690328762
10260,17,0.48388096804260256
21165,17,0.07863787653302587
23059,17,0.07644121627357635
24759,17,0.2314855561920318
25943,17,0.13831310906853989
26352,17,0.1940766340409436
27623,17,0.24078756873164822
27727,17,0.40997678277207167
27795,17,2.0407158943166457
508,17,0.7519609484732892
847,17,0.7331482705720214
1266,17,0.5114088192751768
3377,17,0.3195508777291475
5105,17,0.3314519197320367
19884,17,0.22582441113502047
23064,17,0.1989329299981564
24064,17,0.2608447208668804
24932,17,0.27176777899664445
26356,17,0.1534777206725328
26773,17,0.19930263377790583
2,17,3.069353501742872
108,17,2.8839695697441465
1738,17,0.6004498325879017
3208,17,0.4699555161877911
9200,17,0.19209373392351023
11312,17,0.4368059769001365
13322,17,0.5780662188399898
20104,17,0.31144352729921465
22231,17,0.3067723560513526
23069,17,0.24601810810128388
24069,17,0.2693302707333489
25631,17,0.30934899929188564
26360,17,0.24783147075074607
27147,17,0.2014675169985552
112,17,2.931570599461347
258,17,2.944288191160406
518,17,2.8706481729180964
1275,17,2.8899074001375573
2541,17,0.6306123846088606
3213,17,0.5524531772283784
4113,17,0.5555182578948112
4907,17,0.5279527673321445
8987,17,0.13649103896277423
10275,17,0.18298208865363016
11316,17,0.09183842062571884
12349,17,0.13858700704610635
13326,17,0.22248462025812699
14120,17,0.26147886193034203
17988,17,0.4571957463601562
23074,17,0.3161801660370198
24074,17,0.3727098740138746
24942,17,0.49080008441969336
27436,17,0.25307788162337413
27818,17,0.1393088066276009
27846,17,2.9245240588737436
2385,17,0.7081732813106595
8120,17,0.43813566996142694
9428,17,0.2612140446270374
10279,17,0.15136988225040712
22031,17,0.3553624712509227
23079,17,0.3673139800289228
26176,17,0.40623494596194787
27156,17,0.23346273698072298
27440,17,0.24731239678588737
1841,17,2.9720559036235428
2390,17,1.465706054359843
8125,17,0.4664677608439558
10285,17,0.4865942128915358
16962,17,0.4300660959290614
18838,17,0.13736636212694828
19904,17,0.24734301099683742
28131,17,0.3421481372175764
26361,17,0.6655846805055462
27869,17,2.989909050889375
2394,17,2.749006170391708
4127,17,0.9142079528946828
9220,17,0.7612697302612793
10290,17,0.5740926142949945
11331,17,0.45769810399611666
18843,17,0.3076557128854915
24089,17,0.4135433621505198
24957,17,0.5957619824280865
3230,17,0.507489454596472
4132,17,0.6409105010564478
5134,17,0.8307065397971752
11336,17,0.15094480797459453
19913,17,0.7286071911566397
24094,17,0.42457788297040033
24962,17,0.48001820704852805
28189,17,1.3823132300863799
3235,17,0.3752859088993876
8141,17,0.30217545038035093
13351,17,0.22974944203291783
23099,17,0.8231896297826807
25483,17,2.063389672584013
2721,17,2.2250763005599765
4141,17,0.3494051880583889
5992,17,0.288383146458362
8145,17,0.27990751724168206
9234,17,0.24325779063992278
10305,17,0.15526120395091084
12378,17,0.060288617058592314
20996,17,0.6871840231914451
23103,17,0.4796579385916778
24103,17,0.4957444042828068
24971,17,0.5134646533095062
25487,17,0.5899747112854113
2557,17,2.724206574698952
3244,17,0.2445526698087497
4146,17,0.2499974785198606
9239,17,0.24086577806413162
12383,17,0.042136194860244294
13360,17,0.44298115956597706
18022,17,0.5533295516243149
19928,17,0.5634972935440378
21002,17,0.44483067095087453
22060,17,0.4688383504448108
23108,17,0.48483187052890336
24108,17,0.5005644854628795
24976,17,0.4948448791290135
25654,17,2.140448670213256
3250,17,0.21883667833977588
8154,17,0.27068923752364243
9244,17,0.2493330196333535
10313,17,0.1250458322236185
18867,17,0.5525991573930773
21006,17,0.47495432531636167
24113,17,0.6029607530781992
24981,17,0.5726583026561486
3254,17,0.19786215935728763
6219,17,0.23075157563078597
11361,17,0.09952360472078103
12393,17,0.02624556291978129
13370,17,0.2301125167910331
14969,17,0.5058234614658417
15973,17,0.47049746234285494
18032,17,0.5034874943416011
18872,17,0.4859821810076199
19938,17,0.5236890129811441
24118,17,0.5410680442681531
24986,17,0.49091967545571313
25819,17,1.6159176826572004
2406,17,0.21994517538815322
3259,17,0.16889395777226537
8164,17,0.20213836864675186
9472,17,0.14434306691695362
10324,17,0.09378024331261814
12398,17,0.019704493545004868
14974,17,0.45979044628791693
15978,17,0.49720675697480704
17001,17,0.44083160907368807
18877,17,0.5495617638840979
19944,17,0.5495653209671433
23123,17,0.6225549119212721
24123,17,0.6028312676662726
24991,17,0.48156330352779764
25669,17,0.4210410318931729
3089,17,0.1447061000534182
4166,17,0.16762891555563386
6229,17,0.23366535353108958
8169,17,0.15984122508290086
9259,17,0.07603854131542798
14979,17,0.38929390393818875
15983,17,0.46373280193096317
18042,17,0.5544510186593288
21021,17,0.5663666789791283
23337,17,0.5797714276432944
24128,17,0.5764726840876403
25673,17,0.5927195737471397
2416,17,0.17171388220524192
3269,17,0.14656204947891266
9264,17,0.06919597057124036
10334,17,0.12955646019062583
11583,17,0.17838254076965865
13200,17,0.16890259749387385
15988,17,0.4906866124643862
17011,17,0.5086736738676658
18047,17,0.5520098016843236
18887,17,0.5319786432754725
19953,17,0.5800278390007226
25002,17,0.3970534252847004
5179,17,0.19344034251048167
8179,17,0.019540188513557665
10340,17,0.09179152518372122
11381,17,0.12110432584945215
14989,17,0.31402388190881014
17016,17,0.4927098677241486
18052,17,0.5149206579808201
24138,17,0.46198472862984197
25006,17,0.3656033536068097
25831,17,0.30036789827361976
1962,17,0.20225116990245914
2426,17,0.1953011177847376
5184,17,0.1958725306489475
6244,17,0.135038535336146
7318,17,0.0735883271592351
8401,17,0.03921718104987533
11385,17,0.11417795843174652
14993,17,0.4725460894429134
17020,17,0.48497569811642144
18057,17,0.5255187581457028
18897,17,0.49938495043529085
25011,17,0.3362377882943137
25836,17,0.3054087540780397
2431,17,0.41084530917027
6248,17,0.136567525701428
7107,17,0.0125204626118832
8189,17,0.07567553466033748
9279,17,0.06993818824729443
11391,17,0.17535136322001765
14453,17,0.36124148432307374
14998,17,0.47976901324673077
17026,17,0.49081397747847516
21041,17,0.5516386823742508
23148,17,0.46025990248400933
25016,17,0.2914757931096903
25841,17,0.24023749449312995
1845,17,0.5393575225547457
2436,17,0.5182480290140398
4190,17,0.5545246517243848
6039,17,0.19885615615313773
12428,17,0.6857452765495126
14299,17,0.4144556015021357
15806,17,0.5460698561141353
17031,17,0.4795214045340617
18067,17,0.5036177595869789
19119,17,0.503959228154024
19973,17,0.49128716588669663
21046,17,0.44536434237751943
25021,17,0.3338857767450472
25846,17,0.4508246170432576
1849,17,0.7033268934057226
2441,17,0.6843045271768186
4010,17,0.6086012057791971
7117,17,0.6028057058273094
9289,17,0.5765921897338163
10359,17,0.5881880252478784
11401,17,0.6287691651553851
13388,17,0.6975097489293524
28001,17,0.7309584640511856
16013,17,0.5259221605154389
18072,17,0.5285303002555567
23158,17,0.3580638691721785
24158,17,0.3324679355023079
25026,17,0.32987821655319205
25851,17,0.37861338563722996
1741,17,0.7021413015242828
7122,17,0.5877841680172765
11406,17,0.6291327513304381
13393,17,0.5488606890463112
15013,17,0.45989700404982026
17040,17,0.455532724611876
18077,17,0.370025862096601
18917,17,0.3614922166194938
19983,17,0.42144224860758484
22115,17,0.4083684851519796
23163,17,0.3758191943950958
24163,17,0.25351543406002597
25031,17,0.23731309987062238
27857,17,0.9570120852134499
2288,17,2.466100581215123
5208,17,0.650472965960969
7126,17,0.5330879613836936
8209,17,0.5004741613597745
10368,17,0.5907318440163875
27967,17,0.209042496157513
27981,17,0.4227622578032919
28051,17,0.3709337814797905
16225,17,0.2820826041754773
22118,17,0.4113476063086144
23166,17,0.3112122829152349
24166,17,0.18738107660729925
25035,17,1.2381621091942552
25860,17,1.0549502414749952
27918,18,0.019992190416097982
8211,18,0.024281686660816246
9083,18,0.02119651117401954
28125,18,0.03603625902905928
20418,18,0.060185463404163524
5210,18,0.06632575929177463
6057,18,0.05908309885671213
7130,18,0.040449727159386044
7997,18,0.04328264799374558
9087,18,0.04612999869913441
9948,18,0.04145460843943089
18291,18,0.08247024878573737
18922,18,0.09473755092726292
19776,18,0.09958318402759407
20849,18,0.10853377334189135
21908,18,0.1053884314712619
22958,18,0.08896987951227636
3482,18,0.17457550518741888
4019,18,0.08186841548369587
4798,18,0.07851554841535345
5849,18,0.0522294209133947
7136,18,0.046865042492522005
8002,18,0.04968440591399925
9092,18,0.05463372398474852
10161,18,0.0487776472006685
11204,18,0.029448210296842837
12238,18,0.02799901095434333
16840,18,0.04999791094661119
17874,18,0.05641465282053243
18716,18,0.09914301383589957
19565,18,0.10040286135391961
20854,18,0.11554483817573376
21913,18,0.11326600057264123
22961,18,0.11470652310602404
23977,18,0.02719717334133905
2451,18,0.2248571749761531
3131,18,0.24998837234836366
4023,18,0.17724648880079413
5007,18,0.11202319288714803
5853,18,0.07019978030315627
6925,18,0.07093737332350951
9097,18,0.07880001766183407
10167,18,0.07320444312869467
11209,18,0.05317019454052438
12241,18,0.04233093289757501
13218,18,0.04160008260739896
14012,18,0.03744050334501988
15017,18,0.04974183925143117
15821,18,0.051287827091783436
16843,18,0.06460566912943667
17880,18,0.07439384287396883
18932,18,0.13067373305425867
19571,18,0.14389034739965276
20860,18,0.1894154589419849
21918,18,0.18262320345674182
22966,18,0.17371846514815342
23982,18,0.4837761891514741
24699,18,0.21423044668052785
1745,18,0.019151012093564
2293,18,0.28959007028903566
3135,18,0.32243455780328334
27900,18,0.08924381030566644
7146,18,0.0370310325642788
8012,18,0.06778320503468428
10171,18,0.09413870049646494
12246,18,0.08818508421204922
14821,18,0.06780953413676569
15826,18,0.14936589775438897
17677,18,0.11961591183875837
20005,18,0.18102118239441015
21923,18,0.22393872340029292
22971,18,0.2072101760688334
25551,18,0.4440714151709888
1645,18,0.03416497282931215
3141,18,0.3163813570716796
7150,18,0.06865560001436863
8016,18,0.06478843061318665
10177,18,0.06442754525928744
14021,18,0.13840625844521925
17890,18,0.17421540909634387
22976,18,0.43084079402689474
23991,18,0.5903695689172944
9111,18,0.04025216404539705
12255,18,0.04250345428341368
13232,18,0.04785699908505434
17895,18,0.1359028482304581
18734,18,0.13338142917981255
21932,18,0.27267136047178575
1279,18,0.16522112016791246
4042,18,0.5617886321067823
12260,18,0.04106149455151483
20019,18,0.20902746058107238
21937,18,0.21248636999998116
3155,18,0.6596510465837723
4048,18,0.7420335864936909
6949,18,0.13781788637038628
10193,18,0.34160561619030577
28017,18,0.08605630843630789
13243,18,0.258647904938491
17904,18,0.22607782738565158
19810,18,0.25634947150112386
20883,18,0.22515722605955887
21942,18,0.13798014454488516
24889,18,0.061079247745103836
4833,18,0.8567283820274368
15850,18,0.18608254543239192
20888,18,0.24286817286149506
861,18,0.6619473777034208
13253,18,0.3004261881840136
14851,18,0.13070841793709484
24016,18,0.14321747627862313
788,18,0.6829524850429954
4062,18,0.827418778569427
5047,18,0.8114289885502022
6106,18,0.12274871461158675
14052,18,0.199260009069206
15860,18,0.16120289047533015
17919,18,0.20843958636346835
21957,18,0.17317966582981367
24021,18,0.16695035792963578
25073,18,0.11790544337843353
582,18,0.6438200685915915
794,18,0.6948431691398457
1121,18,0.7589257029226426
6111,18,0.6113608319979779
12284,18,0.22124740087401779
14861,18,0.19534233668403822
16888,18,0.1421336883164499
23010,18,0.1297988014157056
25750,18,0.12243028480139578
520,18,0.7002644395262487
797,18,0.8056982242517733
16893,18,0.19046768559684288
17929,18,0.15202068053035908
24031,18,0.11450101743780389
24914,18,0.1300747619358555
25754,18,0.1245099441059183
464,18,0.5725881717502236
803,18,0.828404684635233
1689,18,0.7375628359136862
7194,18,0.5617957387074058
14871,18,0.1309720954450929
15875,18,0.1208278120218567
19840,18,0.17741391744418772
20913,18,0.1842040245986271
21972,18,0.1712690972616867
23020,18,0.1338758155913989
24036,18,0.07215630024476945
26312,18,0.1023369079448824
808,18,0.8162194883190718
1317,18,0.722502808682567
8065,18,0.6125585522979371
15880,18,0.08736429760928754
19845,18,0.20329323019601542
20918,18,0.1716250737299847
24924,18,0.13045143564513062
26733,18,0.25720686782456614
259,18,0.6247501983102003
812,18,0.8090523322276328
1698,18,0.6838272448604381
2352,18,0.6003657746935329
6988,18,0.6132991679011063
18784,18,0.1660985735175078
19850,18,0.198450877463093
21982,18,0.2117043625067869
23030,18,0.18635495122898912
25098,18,0.16269360515353035
25769,18,0.18749168331171853
26739,18,0.17980343562174503
27108,18,0.27792625488288075
266,18,0.8901030678430095
6994,18,0.3184761830367794
8075,18,0.5308439666159415
9166,18,0.5675811898887217
16913,18,0.2450222430898144
20069,18,0.1643818670723816
21987,18,0.1550520323170594
23035,18,0.1488048667962916
25103,18,0.14492948796208996
26326,18,0.21560632892405238
26744,18,0.1711139639514489
270,18,0.8575005213181455
823,18,0.7062267273384205
3204,18,0.49822196808594643
9389,18,0.547060402290295
10449,18,0.5547980527422394
18794,18,0.1442017498161727
19860,18,0.12482440292656213
23040,18,0.18282757385533474
23661,18,0.14285496448071675
25278,18,0.20575379028162813
25780,18,0.21880688500740084
26331,18,0.18330274874728356
26748,18,0.1420932421989706
27118,18,0.14953245064316628
27402,18,0.1473143132789241
616,18,0.6511543293768874
827,18,0.684914263941671
1245,18,0.6594219804142233
8302,18,0.5677682413742403
11287,18,0.23794470445303526
17958,18,0.06225913786358945
19863,18,0.11701697413349742
20937,18,0.07896975835503535
26753,18,0.16708190650554322
63,18,1.8444507113977255
494,18,0.5871160516479845
4477,18,0.16674862669314203
10251,18,0.4619583036267706
11706,18,0.46030753782655703
22002,18,0.17517171855473107
23050,18,0.2438712870187268
25789,18,0.35118677824729616
44,18,2.259798886185186
838,18,0.42977903982955085
4093,18,0.08486437202828698
11711,18,0.26912304450169194
19874,18,0.25426017972424186
21160,18,0.22511253001820478
23055,18,0.17145658026968738
25794,18,0.17999355508810688
26346,18,0.3031610470400151
27723,18,1.7719695715225345
503,18,0.475395035325381
1261,18,0.24064283650461707
4097,18,0.056157475310592626
9190,18,0.48095918341451943
10260,18,0.3526133282748208
23059,18,0.1683442402863119
24759,18,0.22451546401876127
26352,18,0.3597745722944348
27137,18,0.28579199854798665
27623,18,0.29581987743411897
27727,18,0.39912959392226405
27795,18,1.4146573504995508
248,18,2.4107956283848955
508,18,0.6551622273829025
847,18,0.5935197642297192
1266,18,0.3681103001538973
2081,18,0.09856737578041076
19884,18,0.2522009571845899
24064,18,0.22515055710337412
24932,18,0.32772422898459874
26356,18,0.29625573930728366
26773,18,0.3441757340100842
27628,18,0.49448980747091187
2,18,2.84826275275602
108,18,2.6607150101545805
852,18,0.6932569194300129
1738,18,0.4015490581781904
3208,18,0.3296874513027853
9200,18,0.26292678719874907
11312,18,0.31777075035224656
12344,18,0.23301159966352913
20104,18,0.2543045536899175
22231,18,0.19589976471938916
25631,18,0.2790554995318843
26360,18,0.26277569090121733
27147,18,0.3650987664021717
112,18,2.7097373841622514
258,18,2.75079203758368
1275,18,2.4647980396596374
2541,18,0.41176643736986773
3213,18,0.3796245526180809
4113,18,0.4559484392185263
8987,18,0.12312004254355456
10275,18,0.26269268158868003
11316,18,0.24221244248799229
12349,18,0.09120382132754631
13326,18,0.32250330447239534
14120,18,0.23101665638224164
21180,18,0.2593219739857725
23074,18,0.23256023603059064
24074,18,0.2414606985300191
24942,18,0.33093441518950023
27436,18,0.3298083430095713
27818,18,0.4673206459724831
27846,18,2.592380772788497
2385,18,0.4861953112828991
8120,18,0.16597477510064207
9428,18,0.154874588145311
10279,18,0.12593657248895812
14125,18,0.27845545083682977
23079,18,0.22509470125556155
26176,18,0.1921291601073504
27156,18,0.25021147495544116
27440,18,0.17716812510802718
1841,18,2.7426926323070138
2390,18,0.6645057374132203
10285,18,0.49796555978150814
16962,18,0.23294577338745368
18838,18,0.34441705156013636
19904,18,0.23480046701677854
28131,18,0.3248807564949834
22036,18,0.3801574314917558
26361,18,0.31258725574015434
27869,18,2.8929050644667202
2394,18,0.940675269892401
4127,18,0.7615092257685762
9220,18,0.7754991723968337
10290,18,0.6128471725581647
11331,18,0.5320234888616069
18843,18,0.11988483756985731
24089,18,0.21554255549537082
24957,18,0.3823513058004999
3230,18,0.23842691470527003
5134,18,0.6853341651508937
8134,18,0.6666595578547351
11336,18,0.31264143378425874
19913,18,0.49839783982056984
23094,18,0.5657663252533545
24094,18,0.3476371996317892
28189,18,0.5614519863804646
3235,18,0.2723612374339945
5140,18,0.2629177849698506
8141,18,0.29352059752321513
13351,18,0.3562400236602606
16977,18,0.45603409276810547
18013,18,0.483330066431093
23099,18,0.6577269204206709
24099,18,0.47003921407306326
25483,18,2.664406321500186
2721,18,1.5629458853423301
4141,18,0.23496444174011835
5145,18,0.25594277559157436
5992,18,0.26572209218750903
8145,18,0.2509492044814051
9234,18,0.2189136850796203
12378,18,0.18572197397761545
20996,18,0.5478661357196398
23103,18,0.3613715585938663
24103,18,0.44665713511521377
25487,18,1.5467634613730685
2557,18,1.869601292361482
3244,18,0.3703739678676017
4146,18,0.3038719681160259
9239,18,0.24253322937684382
13360,18,0.4985595623215851
19928,18,0.6320299415923416
21002,18,0.5175737413751607
23108,18,0.2781849669285193
24108,18,0.36262907039536835
24976,18,0.4523757731177685
25654,18,2.647420907358718
3250,18,0.4284106127662947
8154,18,0.29786499587488213
9244,18,0.2923763463293204
10313,18,0.28604384798691473
18867,18,0.6969922492491868
21006,18,0.48280533618892485
23113,18,0.34735339450729513
24113,18,0.45698749244477227
2401,18,0.736634507785118
3254,18,0.4527812798216308
4156,18,0.3824640500316675
6219,18,0.3211653337822552
11361,18,0.2279888523898535
12393,18,0.21675313688092862
13370,18,0.47111626583804
14969,18,0.6932601208699675
15973,18,0.6982876737834701
18872,18,0.7098058204548209
19938,18,0.6161670761271465
24118,18,0.4386967757936868
24986,18,0.4069958943745085
25819,18,1.8403698723173425
2406,18,0.3757578234288537
3259,18,0.44438874340125273
9472,18,0.4801878188888417
10324,18,0.41438064207540115
12398,18,0.3921613302319296
14974,18,0.6962756806689163
15978,18,0.7515371838975099
18877,18,0.688767061855976
19944,18,0.5863694002006035
22075,18,0.6307104440751745
23123,18,0.5235235233638529
24991,18,0.42890335002025054
25669,18,0.372116508310376
3089,18,0.5341031132733645
4166,18,0.532508197422919
6229,18,0.4621138890879133
9259,18,0.4744750240061041
10538,18,0.417026774859888
14979,18,0.7364805448723879
15983,18,0.8023661517492249
18042,18,0.7878310303168264
21021,18,0.5894886780498013
23337,18,0.6436761912841661
24128,18,0.578742175138034
2416,18,0.552518456739809
3269,18,0.5695240035388156
7092,18,0.5235363576035156
9264,18,0.5078852181939147
10334,18,0.46835558583874637
11583,18,0.46637667348401357
13200,18,0.6700611518528021
15988,18,0.7995657054545309
17011,18,0.7932057669022117
18047,18,0.806382865112541
18887,18,0.6855127564977194
23133,18,0.6510667550152082
25002,18,0.34763672433026443
25826,18,0.3764484489874537
4176,18,0.5868130128226087
5179,18,0.5679774621690744
8179,18,0.5828211331357269
10340,18,0.6136682813908578
11381,18,0.5484442536170705
12413,18,0.6659939097866153
18052,18,0.8712218503622421
19958,18,0.7825652036061239
22090,18,0.7727783825131093
24138,18,0.5874464812416929
25006,18,0.3715272012600081
25831,18,0.41111740371009897
1962,18,0.6848661064309921
2426,18,0.6612118295523687
5184,18,0.6290338410497508
7318,18,0.7149122006722906
8401,18,0.6582728753267748
9274,18,0.7000363700312552
11385,18,0.674209903235003
14993,18,0.9889909962215323
17020,18,0.949369454170316
18057,18,0.8925415878062876
18897,18,0.8464043438352404
21036,18,0.7707122394400211
23143,18,0.6351354889225542
25011,18,0.38469342104295595
1967,18,0.8651303623699738
2431,18,0.7526494430824683
6248,18,0.7123879065970414
7107,18,0.6903855481641122
8189,18,0.6908668530460695
9279,18,0.7303631099903749
11391,18,0.7595110173876266
12423,18,0.8571939508291554
13013,18,0.8757769616432541
14453,18,0.9440385661065149
14998,18,1.0028287167640013
16003,18,0.9627494925060761
17026,18,0.8870963453604787
21041,18,0.7943942934718169
23148,18,0.5849845000113616
24148,18,0.4316596581823413
25016,18,0.3981982677276799
25841,18,0.46149520900568747
1845,18,0.8556487903544375
2436,18,0.8311289184844545
4190,18,0.8057074039525647
10354,18,0.7652712368065452
13383,18,1.0180238723395663
14299,18,0.9947911352002798
15806,18,0.9018711689472287
17031,18,0.9095492685774096
18067,18,0.8654888504857788
19119,18,0.8030767967465929
19973,18,0.777674938250925
21046,18,0.7161094449339165
25021,18,0.38284584645483677
25846,18,0.22282698374416637
1849,18,0.8636665612088839
2441,18,0.786707309540787
4010,18,0.7727395846760542
9289,18,0.7467010456968927
10359,18,0.7485268768404422
11401,18,0.8555661360049565
12433,18,0.9088618774875336
13388,18,0.8557556543990216
28001,18,0.8718384420384403
18072,18,0.7842242730438421
23158,18,0.5058782814893215
24158,18,0.38359567923452365
25026,18,0.47788637999307154
25851,18,0.2739600338662977
1741,18,0.7833439281130171
5203,18,0.7201465705861576
7122,18,0.694182772290586
8203,18,0.7308107871925223
11406,18,0.7092320774860933
13393,18,0.4874763983060138
15013,18,0.5920061964305372
17040,18,0.6217577488366929
18917,18,0.626783332304153
22115,18,0.46472560339959385
23163,18,0.4650552629484599
24163,18,0.3126791586308949
25031,18,0.2706113983053005
27857,18,2.014398577033963
2288,18,0.9378800208736008
5208,18,0.7422677841148733
7126,18,0.5777227209641179
8209,18,0.5602154852066159
9298,18,0.6831577521593453
10368,18,0.6539554328715297
27967,18,0.6192988705493316
27981,18,0.13439303610887277
28051,18,0.42014567094424476
16225,18,1.5788090357020985
17045,18,2.7092593814366053
18921,18,0.3368813017632989
22118,18,0.3750313622681043
23166,18,0.24850208078239933
24166,18,0.8310904815373302
25035,18,2.302235212165865
25860,18,2.0699630024101285
27918,19,0.034376880101421606
8211,19,0.04264478621198857
9083,19,0.03251536816091909
28125,19,0.07351336431984784
20418,19,0.11362757030847581
5210,19,0.04659932942278232
6057,19,0.042793018316215035
7130,19,0.043030982826162995
7997,19,0.047754814986901824
9087,19,0.05631179763799368
9948,19,0.058008460604731464
18291,19,0.13507717856892368
18922,19,0.15906220491839687
19776,19,0.168571939093517
20849,19,0.18121253105543778
21908,19,0.16946096096019217
22958,19,0.13279868937025854
3482,19,0.12132958650830092
4019,19,0.06466649026346892
4798,19,0.055410564355756045
5849,19,0.034429605970576704
7136,19,0.04720672188184885
8002,19,0.0519116643678189
9092,19,0.06389634935107902
10161,19,0.06880552025036356
11204,19,0.05104706605794793
12238,19,0.05431054057485889
16840,19,0.08366100626640591
17874,19,0.10263453268636064
18716,19,0.1571417313415556
19565,19,0.1624601761019615
20854,19,0.18923177050737944
21913,19,0.18791920235158144
22961,19,0.18719803392346662
23977,19,0.015569254597992377
2451,19,0.20696663021592776
3131,19,0.16122988394338214
4023,19,0.11760484649149025
5007,19,0.08094569780065387
5853,19,0.04768519392081911
6925,19,0.0624608671867815
9097,19,0.07850811727638526
10167,19,0.08319232740556959
11209,19,0.07749344350723146
12241,19,0.06586813584165963
13218,19,0.0664780265422625
14012,19,0.06248597242702639
15017,19,0.06993245048605236
15821,19,0.07122094179705814
16843,19,0.09637524332110727
17880,19,0.11116842127161135
18932,19,0.1755461107094899
19571,19,0.1876622563036993
20860,19,0.23465489068208376
21918,19,0.2316390388157351
22966,19,0.22601404798115912
23982,19,0.3815304893635137
24699,19,0.16791116590373542
1745,19,0.044735003332611774
2293,19,0.203955151084491
4028,19,0.15302878371490053
27900,19,0.05913167385798979
7146,19,0.06885035736740183
8012,19,0.07504286091140383
10171,19,0.09532001774465787
12246,19,0.10336186707256453
14821,19,0.08901258471944326
15826,19,0.08379312577245669
17677,19,0.14767030549050408
20005,19,0.21329643486424057
21923,19,0.21468565297868408
22971,19,0.24911201219660364
25551,19,0.338429731776944
1645,19,0.023237201856070675
3141,19,0.24566000451451928
7150,19,0.08863896683310037
9325,19,0.04406748701906428
10177,19,0.03134800197857439
14021,19,0.223765252180002
17890,19,0.2123728367195475
23991,19,0.3649015715784141
9111,19,0.03657836840000285
12255,19,0.04340628070874732
13232,19,0.04955206669795572
17895,19,0.16730467068866547
18734,19,0.1435633121705936
21932,19,0.3702285505800648
1279,19,0.4335637169501346
4042,19,0.26083629240271455
12260,19,0.03581536868311152
13237,19,0.10489821416629659
20019,19,0.14918207097513428
21937,19,0.30981791927486335
3155,19,0.28775888967798485
4048,19,0.29124790215239305
5032,19,0.35530976143844384
6949,19,0.07302742054530482
10193,19,0.21934187651618953
28017,19,0.22473056551838708
13243,19,0.0736084031122747
19810,19,0.1435294395416379
20883,19,0.18661636018645428
21942,19,0.19790126393113577
24889,19,0.1483059456632184
4833,19,0.25813508326151224
15850,19,0.07225727683854517
21947,19,0.20752993588666435
861,19,0.459696563464844
1292,19,0.18375825001515286
13253,19,0.06006357327371976
14851,19,0.05411076514289603
19820,19,0.13219397322276516
24016,19,0.19741143980246456
26293,19,0.21100514770573786
788,19,0.2124632349173268
4062,19,0.3326360163667252
5047,19,0.31007354756875477
6106,19,0.31517460879683434
14052,19,0.010927068616926416
15860,19,0.0706158637836849
16883,19,0.10515094105976204
17919,19,0.08452705020721431
21957,19,0.1571657077560505
24021,19,0.2173722135145184
25073,19,0.18498742845260202
794,19,0.24145610914674737
1121,19,0.23851164298501304
6111,19,0.0966487703986397
14861,19,0.07877873826507789
16888,19,0.0948548177524531
19830,19,0.12826110401663776
23010,19,0.19170333058141614
25750,19,0.13178294322418313
520,19,0.17268601212227713
797,19,0.2915544287210749
16893,19,0.10175767342386129
17929,19,0.14181257907342154
18769,19,0.1406599811558024
20907,19,0.17229749668736072
25754,19,0.15024016770663673
464,19,0.46083064105472443
803,19,0.27777208173903334
7194,19,0.4407409894835112
14871,19,0.1268929172405458
15875,19,0.11504633236894926
19840,19,0.23307860854945528
20913,19,0.1934045325945373
21972,19,0.18992743745395727
23020,19,0.17819127904369633
24036,19,0.21431348928570032
24919,19,0.2560239181668668
26312,19,0.16598038403615886
26646,19,0.20802720170993422
808,19,0.27274753787464806
1317,19,0.3286675033989298
15880,19,0.12138061647140556
18779,19,0.1806930877832368
19845,19,0.2089647462668832
20918,19,0.2722032318929522
24924,19,0.2985096225101218
26733,19,0.257595870675284
259,19,0.5958243914683954
812,19,0.369415082791056
1698,19,0.44596801876949477
2352,19,0.5129649620547383
6988,19,0.41063831127365374
9161,19,0.6029751927979585
18784,19,0.20772132747497674
19850,19,0.2276245932861795
21982,19,0.29677063765437817
23030,19,0.26623630932588654
25098,19,0.3229809195920772
25769,19,0.30027808694828423
26739,19,0.29671935719810905
27108,19,0.294149119470028
266,19,0.38936994265475655
6994,19,0.193733361830924
8075,19,0.4383388266871659
9166,19,0.4279769349997533
16913,19,0.13722090768914205
20069,19,0.2095523255199211
21987,19,0.32961937233076355
23035,19,0.2933970455072272
24050,19,0.2533696208041161
25103,19,0.3333044007039494
26744,19,0.3522039120804283
270,19,0.4078751174480243
823,19,0.45223831028194583
3204,19,0.4929750250748216
9389,19,0.4138727570623989
10449,19,0.5549426281087295
16918,19,0.2186663007119058
18794,19,0.2579374377724365
23040,19,0.27152399000571414
23661,19,0.2940188911368711
25278,19,0.31875236390862116
25780,19,0.23194126132392762
26748,19,0.29582597212304035
27118,19,0.31744041151671015
27402,19,0.3885737406675211
616,19,0.2955286643627836
827,19,0.37407216166674917
1245,19,0.42776304909140966
8302,19,0.4123154993970449
10246,19,0.5205405634112537
11287,19,0.6024826100219045
17958,19,0.24678375365291813
19863,19,0.2874711918131806
26753,19,0.2824406992070271
63,19,0.5500297652236361
494,19,0.22145151796659254
4477,19,0.3941730901275603
22002,19,0.43216810608655704
23050,19,0.47490818544960434
25789,19,0.3081118111427313
44,19,1.6623192223878607
838,19,0.22742182059437355
4093,19,0.5881591160893175
11711,19,0.5272261049368148
19874,19,0.3443681714590662
21160,19,0.45293761367109986
23055,19,0.5273941485253634
25794,19,0.3941403898134711
26346,19,0.18327017068614138
27132,19,0.33851494872741295
27723,19,1.2580223617613955
503,19,0.22668193247359514
4097,19,0.6851940846308254
9190,19,0.40362224589931167
10260,19,0.7528803149922204
11509,19,0.7210980712369948
23059,19,0.5991705138831217
24059,19,0.6066839853889732
24759,19,0.6597156353865583
26352,19,0.23819103945150855
27137,19,0.28888290102293096
27623,19,0.43851787129443237
27795,19,0.43500308309944663
248,19,2.192837859185409
508,19,0.6099572968940866
847,19,0.5765866615478757
1733,19,0.41032079679078126
2081,19,0.4142460002481848
4102,19,0.850347473899227
19884,19,0.5904107349775652
24064,19,0.6910652861933542
24932,19,0.7217177543964939
26356,19,0.3006172169634294
26773,19,0.23867401179421907
2,19,2.7069614879606596
108,19,2.4682057563214492
1738,19,0.5689854312753461
3208,19,1.1357368804329804
4107,19,0.97288703196498
20104,19,0.7453090602854884
22231,19,0.7614074287340996
24936,19,0.8244037554885013
25631,19,0.7134037027403275
26360,19,0.3556008291233988
27147,19,0.20485254213549983
27633,19,0.3167951112898541
27814,19,0.3810460059289554
112,19,2.5153983998113336
258,19,2.4871709393069366
1275,19,2.3069691294757457
2541,19,1.0912638838976534
3213,19,1.2313819875463639
4113,19,1.2636929989076877
8987,19,0.9046474706633599
10275,19,0.8732186363418557
11316,19,0.8406396097882438
12349,19,0.923277738204536
13326,19,0.8084581809198752
14120,19,0.5287672694929174
21180,19,0.8201587199041265
23074,19,0.822672266961322
24074,19,0.8661407761511517
24942,19,0.9456842791382892
25799,19,0.8161689119565193
27436,19,0.275882151920845
27818,19,0.2554856414087647
27846,19,2.4082663041662276
2385,19,0.9525650267098641
4309,19,1.4005047364385044
8120,19,0.9066628460524493
9428,19,0.785549923940363
10279,19,0.753755311621292
14125,19,0.5406901908684788
23079,19,1.0516572987454522
24947,19,1.082566168814225
26176,19,1.0310842488245968
26787,19,1.792207665441243
27156,19,0.13283914980421535
27440,19,0.14231960031942775
1841,19,2.287458030566713
2390,19,1.1533853002342926
9433,19,0.8870647156817296
16962,19,0.6645397010213805
18838,19,1.0611807213500708
19904,19,1.1249903520761861
28131,19,1.2217437235060171
24084,19,1.065345445100351
25809,19,1.2127813854468437
26361,19,1.8290837370118802
27869,19,2.603697297881334
2394,19,1.3881030389807258
4127,19,1.2805892860920813
9220,19,1.265812748390521
10290,19,1.1694932799187157
11331,19,1.0371139126614424
14940,19,0.33226219004091406
18843,19,0.6411250687442607
24089,19,1.1418250556034317
24957,19,1.2662869195518058
3230,19,0.8590396985891429
5134,19,1.0760365883248846
8134,19,1.066427737969352
11336,19,0.328502823391471
14945,19,0.4081056073078526
19913,19,0.13601669305170888
24094,19,0.5330594703571618
28189,19,1.4486519192503768
3235,19,0.6202655195815261
5140,19,0.6149861288543822
7058,19,0.5130332779036182
12374,19,0.5333248873053191
13351,19,0.34268667577711487
16977,19,0.036877278359873936
18013,19,0.0880293681523592
23099,19,0.20548853158495073
25483,19,0.4678323574824898
2721,19,1.2630400620862852
4141,19,0.5747775086595003
5145,19,0.5725789746054598
5992,19,0.5736566700247913
8145,19,0.5022047497517699
11346,19,0.4879244330567747
12378,19,0.48238615142228713
20996,19,0.21794689909306422
23103,19,0.0897577565330853
24103,19,0.12924537169444741
25487,19,0.25327971125892695
2557,19,1.9607899520127958
3244,19,0.4988344315370315
9239,19,0.5368854287493334
11351,19,0.5113285653998716
13360,19,0.35048486463090245
14959,19,0.2628433352769457
19928,19,0.07008340382786714
21002,19,0.05359773376198645
23108,19,0.0067732367769191715
24108,19,0.07751189274904223
24976,19,0.16893857769057835
25654,19,2.0926793336152776
3250,19,0.43863091572003526
8154,19,0.5041913729937793
9244,19,0.5390573404598706
10313,19,0.4858851547558594
18867,19,0.08704736775371004
21006,19,0.05404305573884801
23113,19,0.0858429147537779
24113,19,0.06954199174303323
2401,19,1.1164689025841625
3254,19,0.46234347469669185
4156,19,0.45862135735739473
6219,19,0.4844187203638346
7077,19,0.48622572587317886
10319,19,0.47694322168614656
11361,19,0.4579481062394441
12393,19,0.5200320172010463
13370,19,0.4411417528650549
18872,19,0.06998289494690864
19938,19,0.07906136558552207
24986,19,0.23638920457633772
25819,19,0.9774740598883696
2406,19,0.5726631517227944
3259,19,0.42739201530587195
9472,19,0.4426681453196915
10324,19,0.4028460952482528
12398,19,0.4911505777030378
14974,19,0.17369303064419706
15978,19,0.26102271677229505
18877,19,0.09266506467687649
19944,19,0.16783689091536957
22075,19,0.11594226969573555
24991,19,0.20869929139126153
25669,19,0.22794145659151202
2411,19,0.384971906680019
3089,19,0.3629047952361735
6229,19,0.45398412242245145
9259,19,0.38825132862973566
10538,19,0.4031482530036979
14979,19,0.3309786007924279
15983,19,0.32813901141241747
18882,19,0.1804279057158883
23337,19,0.11175365428616155
2416,19,0.2968132000157375
3269,19,0.31772556882782355
4171,19,0.3657478407435626
8392,19,0.37341121146645906
9264,19,0.3646181646415075
10334,19,0.3474137521922633
11583,19,0.45930231484632156
13200,19,0.3868443395957655
15988,19,0.2249369100725164
17011,19,0.16666928969888323
18047,19,0.21049602823308797
25002,19,0.24477286287674324
25826,19,0.23618240647565342
2421,19,0.300109334567667
4176,19,0.29516981822425564
8179,19,0.32574875183752994
10340,19,0.3284625776639515
11381,19,0.35062224610071857
12413,19,0.38495716081138204
18052,19,0.3339027451113757
19958,19,0.23892860295408214
24138,19,0.11353552111705548
1962,19,0.32998489317846563
2426,19,0.22434682667838615
5184,19,0.2902698338815336
7318,19,0.29432947342157817
8401,19,0.29044273694597494
9274,19,0.2940481366588034
11385,19,0.28630795471763
14993,19,0.2517026726851149
17020,19,0.20399993621825802
18057,19,0.20203385727197476
19963,19,0.12190830390931176
21036,19,0.1032013024399338
23143,19,0.11268578024965638
25011,19,0.1877971956728186
1967,19,0.12699619389400163
2431,19,0.16472153357699848
4186,19,0.29528324979249926
5189,19,0.29771065346260867
6248,19,0.30485875846796445
7107,19,0.24671409992711615
8189,19,0.2706187129094149
9279,19,0.27749295130878
11391,19,0.17511746986075227
12423,19,0.09198792884320105
14453,19,0.1709760791479337
14998,19,0.1247958135499874
16003,19,0.12685205848182982
21041,19,0.05157369274030085
24148,19,0.10153691143591606
25016,19,0.20693606637223802
25841,19,0.3441448769843652
1845,19,0.27572402819826514
2436,19,0.12649829810019061
4190,19,0.16757239069134272
10354,19,0.08453196961200726
13383,19,0.08054461879618051
14299,19,0.1967885363510423
17031,19,0.21564579054240401
18067,19,0.16596402799038484
19973,19,0.06445506569280805
21046,19,0.3378528426607456
25021,19,0.2644144335671614
1849,19,0.2991050399576993
2441,19,0.12862697170578383
4010,19,0.1385454959052208
9289,19,0.09732865856069767
10359,19,0.09616677217408304
11401,19,0.11548634466486143
12433,19,0.1464399311776623
13388,19,0.1526411965253509
28001,19,0.16146716971307068
17036,19,0.12581741035166713
18072,19,0.08652537497663504
23158,19,0.1366413981617865
24158,19,0.16478922696785245
25026,19,0.30067919304376733
25851,19,0.3421111858211412
1741,19,2.184405095134608
4200,19,0.15380582493972586
5203,19,0.12226531313374168
8203,19,0.14203381014834107
11406,19,0.17682460273270173
12438,19,0.1688211686179819
13393,19,0.24440497176562012
15013,19,0.20224604508536145
17040,19,0.21712220443810729
18917,19,0.24842083846817273
22115,19,0.17665848076789953
23163,19,0.16472233195767605
25031,19,0.32408221318761526
25856,19,0.47995174074135566
27857,19,3.4205762258491252
2288,19,0.47601397353071
3303,19,0.0646144737327526
5208,19,0.09365293520470166
7126,19,0.11382913914006378
8209,19,0.43629221214734365
9298,19,0.18600861630036422
10368,19,0.1768110590176726
27967,19,1.5454394113754335
27981,19,0.2828387677602582
28051,19,0.2955462830106205
16225,19,0.9551235842471948
18921,19,0.3573890473600539
22118,19,0.1576502239386331
23166,19,0.3107172197897071
24166,19,1.1468386952545215
25035,19,3.245762019529814
25860,19,2.871314544488041
27918,20,0.022113379060175922
8211,20,0.027335010212600097
9083,20,0.021326362774897183
28125,20,0.02354988408750664
20418,20,0.032850008775841225
5210,20,0.03635518408285308
6057,20,0.029009752362462508
7130,20,0.00788429563073628
7997,20,0.008793858717903691
9087,20,0.018540577334756485
9948,20,0.025051504632002296
18291,20,0.046384776351168326
18922,20,0.0455588630078366
19776,20,0.0511739049112808
20849,20,0.06154493861440832
21908,20,0.058059559109127246
22958,20,0.04991269887836265
3482,20,0.09510732691215901
4019,20,0.051470350920378154
4798,20,0.04299464888289229
5849,20,0.01572186457461292
7136,20,0.008218560936620541
8002,20,0.011337969393801566
9092,20,0.023878265911492322
10161,20,0.030919469022193266
11204,20,0.025208327264090415
12238,20,0.03392631167513742
16840,20,0.028389105503309194
17874,20,0.030887761454186747
18716,20,0.052971730474450085
19565,20,0.05407492220747934
20854,20,0.06787675670149233
21913,20,0.06664690422466629
22961,20,0.07680063865149485
23977,20,0.01776157185702106
2451,20,0.17633613557541372
3131,20,0.14352745000809272
4023,20,0.08551043011589705
5007,20,0.07346788031139045
5853,20,0.04262395135413727
6925,20,0.02338674312578666
9097,20,0.035414975543618395
10167,20,0.03374112799349309
11209,20,0.037093702922790024
12241,20,0.037623970357600456
13218,20,0.036576270399144205
14012,20,0.03164646477888392
15017,20,0.030941003105258505
15821,20,0.032293045225352215
16843,20,0.03813086728641284
17880,20,0.04444738795312981
18932,20,0.07108181110948587
19571,20,0.07363226712086036
20860,20,0.09781973278870311
21918,20,0.0958672250268086
22966,20,0.09844391268276098
23982,20,0.2507280075284915
24699,20,0.11370271792924742
1745,20,0.08580541590510886
2293,20,0.1881624605394687
4028,20,0.1826018635942253
27900,20,0.020989441075424806
7146,20,0.03395586730960176
8012,20,0.03161227584850574
9102,20,0.04164365538592901
10171,20,0.039634550445008784
12246,20,0.0469974076744525
14821,20,0.03533381435824099
15826,20,0.12420871831361119
20005,20,0.023409320776020644
21923,20,0.12246921033876934
22971,20,0.048396334592668455
1645,20,0.07625195576039709
3141,20,0.2676353088979802
7150,20,0.08830061731661411
9325,20,0.0673390419437097
10177,20,0.05612379568170162
14021,20,0.06964638179754601
2971,20,0.3928519820524797
9111,20,0.07258598569518751
12255,20,0.0779020125395308
13232,20,0.10364952998747368
17895,20,0.14711506262290588
18734,20,0.15798436222983508
21932,20,0.7573075963404368
1279,20,0.4645186130221258
4042,20,0.4356619760294472
12260,20,0.05423264354117014
20019,20,0.22393826636125613
21937,20,0.6353632533127667
1191,20,0.5063141615391961
3155,20,0.49757257881127925
4048,20,0.5372644461630561
6949,20,0.17731561171671004
9340,20,0.09015394885979579
10193,20,0.17078257380709283
28017,20,0.23323828080602407
13243,20,0.12890463893690918
15845,20,0.2593812052079167
19810,20,0.22506957194233518
20883,20,0.47981943405155797
21942,20,0.48877501356700553
24889,20,0.4714459107432433
4833,20,0.5570073532798872
6096,20,0.554427306763275
12270,20,0.18219088900845384
14846,20,0.19944211073197862
15850,20,0.2131561072419761
16667,20,0.21290982665372946
21947,20,0.42962782907841535
861,20,0.5152901539352651
13253,20,0.12336374452046993
14851,20,0.220538408889607
24016,20,0.2911613803433189
26293,20,0.2187730130504371
788,20,0.360548723880599
4062,20,0.650923338835308
5047,20,0.6173367680136921
6106,20,0.23667049330818501
14052,20,0.13699728026130806
14856,20,0.15455266082095873
15860,20,0.19661523184713972
16883,20,0.18926631341980665
17919,20,0.1657203765331103
21957,20,0.297549386626984
24021,20,0.3266430570380246
25073,20,0.2719537708892429
1121,20,0.43453630327680703
6111,20,0.15327039253567662
14861,20,0.17275718485508773
18764,20,0.18228472040117397
19830,20,0.27877343070710053
23010,20,0.30682557718912634
25750,20,0.22001444001755693
520,20,0.19736120677235802
6116,20,0.17237400716016948
8274,20,0.2540133769241153
16893,20,0.17657771734320568
17929,20,0.23847985582752929
18769,20,0.17867458549585435
25754,20,0.2924617097201957
26724,20,0.29189287755822696
27093,20,0.33245425757061264
464,20,0.7890714253064964
7194,20,0.3207553079709456
14871,20,0.24716298085334423
15875,20,0.21002272208753855
19840,20,0.17935937620427875
21972,20,0.2281839620868791
23020,20,0.2236225056723649
24036,20,0.26324257800786377
26312,20,0.2695943512783405
26646,20,0.3493358338809735
808,20,0.4609412541219566
1317,20,0.5220056640678425
1694,20,0.5223110923954145
15880,20,0.21812532442681104
18779,20,0.19972665365221862
19845,20,0.21201965704528497
20918,20,0.15505500074316622
26733,20,0.16099399795731198
259,20,0.35782535641225355
812,20,0.6600850916138721
1698,20,0.5382021340260338
2352,20,0.5667584573417604
6988,20,0.38357332005416817
18784,20,0.17089186600289508
19850,20,0.22203576504358108
21982,20,0.17307531401399642
23030,20,0.18285457402179012
25098,20,0.21681205843613263
26739,20,0.12793173975767053
27108,20,0.2182896421312983
266,20,0.8332098449670723
6994,20,0.10750476834496044
8075,20,0.3910862754493928
9166,20,0.2713132578493419
16913,20,0.21728822656846428
21987,20,0.1881156409903682
23035,20,0.19890221891246745
25103,20,0.3138102744057625
26744,20,0.2065396452144732
270,20,1.0772045379698985
823,20,0.9402284348300889
3204,20,0.419120140346282
8080,20,0.1896240073135715
9389,20,0.17410094143341168
10449,20,0.13663699451692568
23661,20,0.20456463368380265
25278,20,0.26599732109465496
25780,20,0.21448390436270737
26748,20,0.2249717310060934
27118,20,0.25831895987967646
27402,20,0.28065101724854835
616,20,0.9483516533682954
827,20,1.0607903502628053
1245,20,1.069963586971371
8302,20,0.11818725922673318
11287,20,0.21253354041765077
17958,20,0.25558930576769223
19863,20,0.2419078937805198
26336,20,0.24249943689634645
27122,20,0.23631616474235692
63,20,0.40219332886697345
494,20,0.9931961928386694
1718,20,1.112391628703654
4477,20,0.059233793762882105
22002,20,0.15868535653353927
23050,20,0.1906487027434324
25789,20,0.21054965793081895
27127,20,0.2341945731040677
27411,20,0.29076250597398695
44,20,0.8857636823862602
560,20,0.9185285982126672
838,20,0.9820953218806016
4093,20,0.23840640547421918
11711,20,0.24503906645938336
19874,20,0.19625057554218506
23055,20,0.16921773514410818
25794,20,0.37834493954253967
26346,20,0.12402761289205032
27132,20,0.32416968158790227
27723,20,0.8603942453195683
503,20,0.758129609431472
4097,20,0.5427701489424974
9190,20,0.041823269141847794
10260,20,0.39153834869267945
21165,20,0.16729997635442975
23059,20,0.1743733866321305
24059,20,0.14004649832089658
24759,20,0.29081937361679877
25943,20,0.4066276008296655
26352,20,0.14593043234718042
27623,20,0.35580763802382637
27795,20,0.4046731696268342
248,20,2.0150489534546883
508,20,0.6190349502459531
847,20,0.6583257778394294
2081,20,1.0500674398798686
3377,20,0.5912855261339041
4102,20,0.6600858381293215
19884,20,0.36562369522881644
23064,20,0.4600397426381386
24064,20,0.20461216984088473
24932,20,0.2663443518527037
26356,20,0.25410057311854245
26773,20,0.19928462304713335
2,20,2.5961811078062476
108,20,2.4188000743038978
1738,20,0.8176883884655959
3208,20,0.7389229466089031
4107,20,0.7717259363793381
22231,20,0.46037593667621934
25631,20,0.2915077924123588
26360,20,0.3107538534593077
27147,20,0.290231523510993
27633,20,0.4196189550327702
27814,20,0.3980426978658136
112,20,2.3095543848960287
258,20,2.335331175673469
1275,20,2.198351968135369
2541,20,0.7638798879835311
3213,20,0.8180583035755639
4113,20,0.7877975240202215
8987,20,0.5541941111382821
10275,20,0.5205464130518345
11316,20,0.4932623505214041
12349,20,0.6265549230230864
13326,20,0.6238710498760598
14120,20,0.3864279447005201
21180,20,0.4355412005815687
23074,20,0.4287137853970007
24074,20,0.44121175556145437
24942,20,0.3118191015113
25799,20,0.36011460287000263
27436,20,0.34766402742463415
27818,20,0.4927333961965897
27846,20,2.2953536809824926
2385,20,0.7327646496053846
8120,20,0.557902681424688
9428,20,0.31206155610944636
10279,20,0.4142077370581461
14125,20,0.5141082969622744
23079,20,0.5680169664488215
24947,20,0.5116699116399795
26176,20,1.245508065108736
27156,20,0.5319362950787175
27440,20,0.5989683190704082
1841,20,1.876967933557691
2390,20,0.37101858499262824
9433,20,0.39184154186594566
16962,20,0.10571782744977476
19904,20,0.13574181054963927
28131,20,0.11505137431760877
24084,20,0.3131333202393867
25809,20,0.4700948716558264
26361,20,1.8796135895639887
27869,20,2.457759061299242
2394,20,0.4817477355851977
4127,20,0.6883171588599978
10290,20,0.5206176627186891
11331,20,0.5079586438580153
18843,20,0.20806408857483488
24089,20,0.20423817423326945
24957,20,0.34742619784181367
3230,20,0.3402931823195064
5134,20,0.281047922837524
7053,20,0.3142740587377588
8134,20,0.3913623760127459
11336,20,0.3469855029875903
19913,20,0.2911286476052738
24094,20,0.15788044305296658
24962,20,0.18146722148655942
28189,20,0.4750548580190673
3235,20,0.3682665559876985
5140,20,0.3125555437180888
6199,20,0.30495960201813643
7058,20,0.3320525154930645
16977,20,0.35564122853344465
18013,20,0.3123290090431861
23099,20,0.3931558618611397
25483,20,0.32402823384512885
2721,20,0.732517664743494
3239,20,0.3355506731523224
4141,20,0.2938274603135934
5145,20,0.28975216419698596
5992,20,0.3044982949619672
7062,20,0.3379388706396741
8145,20,0.3529297078608182
10305,20,0.34728554364573444
12378,20,0.26767225496728053
20996,20,0.3639053898355112
24103,20,0.2872109737193369
25487,20,0.28867397650827337
2557,20,1.7093249263728532
3244,20,0.29028241457868353
9239,20,0.40311100366241426
11351,20,0.2715898481291747
12383,20,0.21529650024282376
13360,20,0.16936417649459046
14959,20,0.7264468555244076
18022,20,0.27406545888795486
19928,20,0.2750697410410109
21002,20,0.215012797828382
23108,20,0.16166409713128269
24976,20,0.24996199308491102
3250,20,0.29702024794588155
6214,20,0.3105803859954664
10313,20,0.3722881641233264
18867,20,0.29812474611328993
23113,20,0.17524254229654904
24113,20,0.32387684805516215
24981,20,0.347661089770894
2401,20,1.496670281101637
3254,20,0.2902360691349007
4156,20,0.25932860234290084
6219,20,0.2923200726520107
7077,20,0.33674349737592674
10319,20,0.38888430342400077
11361,20,0.2353192936220992
12393,20,0.2005823416006691
13370,20,0.05804954487252531
18872,20,0.24665474544681945
19938,20,0.3108661603230081
24986,20,0.35600865176948604
25819,20,0.8648256547766856
2406,20,0.7571680718014295
3259,20,0.28897895933961754
10324,20,0.41806761466659853
12398,20,0.09754519240238138
14974,20,0.16969202043446327
17001,20,0.3021187976400013
18037,20,0.1861288718480407
18877,20,0.3198132461462617
19944,20,0.29258512717796553
21016,20,0.2538358365969531
24991,20,0.2744376554008508
25669,20,0.19961680724520964
2411,20,0.20646468153669068
3089,20,0.28016119198710354
6229,20,0.32627059026373656
10538,20,0.22036150247459563
14979,20,0.16033759775620396
15983,20,0.48394218443690784
18882,20,0.3179750452174058
2416,20,0.25532476739028404
3269,20,0.340085383949017
4171,20,0.31753091564984065
8392,20,0.3148314305481711
9264,20,0.29935515735074797
10334,20,0.2580983951772583
11583,20,0.07273507359512771
15988,20,0.0608344977879589
17011,20,0.03812487823825179
18047,20,0.1871983972149665
21026,20,0.34525880220597577
25002,20,0.1867751132665052
2421,20,0.25874694320706115
4176,20,0.3382435635134761
8179,20,0.34362032988224467
10340,20,0.226607490556164
11381,20,0.12218266606623288
12413,20,0.12335762568997158
18052,20,0.379247501043579
19958,20,0.3537668529605775
24138,20,0.30401919549641726
1962,20,1.7306261485694112
2426,20,0.3046535809445824
5184,20,0.33373597384295495
6244,20,0.33727736683435705
7318,20,0.3221009315333529
8401,20,0.2973380033312496
10344,20,0.2379558729036262
11385,20,0.19458469751641422
14993,20,0.24080010475548555
17020,20,0.3159631118964766
18057,20,0.3534906451072122
19963,20,0.2913414956142617
23143,20,0.2893650597784789
25011,20,0.1663945122244711
25836,20,0.2161651652992726
2431,20,0.29428901464374163
4186,20,0.3583262237105825
5189,20,0.3312235929359925
6248,20,0.37302631063960556
7107,20,0.33159952204446436
8189,20,0.32752705138727917
9279,20,0.33843888114963977
11391,20,0.21572715939986942
12423,20,0.2737304934334587
14453,20,0.22955931952628553
14998,20,0.23965342926049102
24148,20,0.12160481945132731
25016,20,0.17626073006604323
25841,20,0.21834571420198443
1845,20,0.25518845504979226
2436,20,0.3716151852639052
10354,20,0.2644269687114053
12428,20,0.44417800478349717
14299,20,0.31762023633937925
18067,20,0.24950830289927928
19973,20,0.2377628650772941
21046,20,0.23750505635079203
25021,20,0.22506982760464425
2441,20,0.3426805101293394
4010,20,0.4238657096482308
7117,20,0.408546125976263
8199,20,0.36271162126400097
9289,20,0.2903501046752057
10359,20,0.2995686233704399
11401,20,0.47881016255576647
12433,20,0.4732852267033976
13388,20,0.38734049490965416
28001,20,0.4254489187790978
18072,20,0.2157639179367164
18912,20,0.20052432272087575
23158,20,0.09952804477581012
25026,20,0.1653753381135741
25851,20,0.17657470512431267
1741,20,2.5850038968850737
3298,20,0.3878642696006184
4200,20,0.38401073320345785
5203,20,0.4397251375273086
8203,20,0.350011217554096
11406,20,0.2617504286559411
12438,20,0.334078584599674
13393,20,0.36070946428396256
15013,20,0.18012156832224838
17040,20,0.06637804320603086
18077,20,0.44099213603239124
18917,20,0.3139976689018038
19983,20,0.18870358771931567
22115,20,0.1430831317909496
23163,20,0.1504812606840164
27857,20,3.5687824078317334
2288,20,0.1818550207930927
3303,20,0.3526297725645949
5208,20,0.3995896902133077
7126,20,0.31020392094705945
8209,20,0.2911954666866562
9298,20,0.15831261205719083
10368,20,0.1904506789359968
27967,20,2.6084132999795737
27981,20,0.17803860696819263
28051,20,0.44975249471445816
16225,20,2.8811698529570937
18921,20,0.7851772127233606
22118,20,0.23427712139832105
23166,20,0.384990986651772
24166,20,0.743105660290399
25035,20,2.983227831824933
25860,20,2.6922390552753157
27918,21,0.016103073559218223
8211,21,0.021348241600376582
9083,21,0.02019278113612418
28125,21,0.043264842162045784
20418,21,0.05266561932495616
5210,21,0.061789122507740324
6057,21,0.04794853688811151
7130,21,0.03521779798803813
7997,21,0.03676603295468179
9087,21,0.04378282705163658
9948,21,0.03457245385185322
18291,21,0.0771971939016964
18922,21,0.07512161611518807
19776,21,0.08007155758677366
20849,21,0.09221835780820328
21908,21,0.08711781844351811
22958,21,0.07678961426432955
3482,21,0.16802430932853277
4019,21,0.10276540487065625
4798,21,0.07687935825066611
5849,21,0.03637416681287397
7136,21,0.03701010390961094
8002,21,0.04083358285274841
9092,21,0.051526406178121875
10161,21,0.04178685069823381
11204,21,0.03285935083794766
12238,21,0.042015624731760244
16840,21,0.05993778140190005
17874,21,0.0623934206250392
18716,21,0.0881419607678235
19565,21,0.08655879546011931
20854,21,0.10585060770798521
21913,21,0.10371658085159076
22961,21,0.11090901656299815
23977,21,0.030843233736433197
2451,21,0.21894149752466102
3131,21,0.262902669167231
4023,21,0.15996505399694683
5007,21,0.10711259575689525
5853,21,0.06373420724827432
6925,21,0.05809876772869078
9097,21,0.06765786363102479
10167,21,0.06108659163785144
11209,21,0.056017363144036214
12241,21,0.054599377340488385
13218,21,0.05303853648712318
14012,21,0.053297951371522365
15017,21,0.06633708379307306
15821,21,0.06653961520234017
16843,21,0.07729527445545431
17880,21,0.08796394004268891
18932,21,0.11777314657987696
19571,21,0.12157838094132334
20860,21,0.16809621867966046
21918,21,0.1642247222994599
22966,21,0.15752400033974262
24699,21,0.2707018089821276
1745,21,0.021540586216646788
2293,21,0.3714589757821556
3135,21,0.3931947953420315
4028,21,0.28124131295826116
27900,21,0.07435695019987576
7146,21,0.08249454821356624
8012,21,0.0810987252849606
12246,21,0.08057981863238824
14821,21,0.08023467043847261
15826,21,0.1033405440069083
20005,21,0.15222996669999306
21923,21,0.2096554440663095
1645,21,0.07228275201991984
2298,21,0.5783069089303009
3141,21,0.5710069230306505
7150,21,0.10360020698232483
8016,21,0.12416222317976355
9325,21,0.16560045642952514
10177,21,0.14161112310038318
14021,21,0.12479334804272801
9111,21,0.2222455565813298
12255,21,0.1695969232796573
13232,21,0.10025295672539036
17895,21,0.0741218814877365
18734,21,0.0613030824944028
21932,21,0.15617083034756069
1279,21,0.45048483279727153
4042,21,0.5534655575904838
12260,21,0.2580812519978333
20019,21,0.1261441049017629
21937,21,0.6130896140930748
1191,21,0.4970826004506871
3155,21,0.5789297038071163
4048,21,0.5906468706389197
6949,21,0.19245381445554652
8031,21,0.22051842103962038
9340,21,0.2744730413470467
10193,21,0.6012653375129084
28017,21,0.3152038778564671
13243,21,0.14622004905247596
15845,21,0.15452439791158998
19810,21,0.2648885704626419
20883,21,0.6142465897839607
21942,21,0.5644718506444952
24889,21,0.5386990088276155
4833,21,0.5766463319568271
6096,21,0.5340820757751997
14846,21,0.2197478717126525
16667,21,0.14982869224683
861,21,0.6663291859809513
4246,21,0.6401667643867679
13253,21,0.18714303413949498
14851,21,0.12974697613520098
24016,21,0.316422338316707
26293,21,0.2639983723798272
788,21,0.6987395986478732
4062,21,0.6713483907908014
6106,21,0.2555326961201346
14052,21,0.09302010586702818
14856,21,0.11324982130268901
15860,21,0.1438333885713301
17919,21,0.1544390281496693
21957,21,0.24062507268568464
24021,21,0.31692726247867603
25073,21,0.22061941951186992
582,21,0.16673178034399333
1121,21,0.3804322315352039
6111,21,0.4709946945812273
14861,21,0.07941937067851239
18764,21,0.16333235206403518
23010,21,0.26427584707985347
25750,21,0.17168332201382316
520,21,0.45293880076831866
6116,21,0.5319309531779616
16893,21,0.1271047229219658
17929,21,0.19472657206412683
24914,21,0.18398072386613865
25754,21,0.15681847472173152
27093,21,0.5424546400423894
464,21,0.9582254676202235
7194,21,0.06750878347910645
14871,21,0.10875707917277722
15875,21,0.11322343458505872
19840,21,0.15941884416553387
21972,21,0.16413224992327344
23020,21,0.18865443822656863
24036,21,0.17071944492441074
26646,21,0.13971161783709862
808,21,0.3736494882360442
1694,21,0.4397173509846018
8065,21,0.15991391669751978
15880,21,0.14606660630777993
18779,21,0.21690085182188265
19845,21,0.235090228876507
20918,21,0.2065181904233877
26733,21,0.0465409397032986
259,21,1.0929609723544005
812,21,0.428986342571034
1698,21,0.4458157416958692
2352,21,0.48996104378971644
6131,21,0.04676172940712906
6988,21,0.12421325064709027
18784,21,0.22562004236191174
19850,21,0.24388865204421104
21982,21,0.1660967928689419
23030,21,0.21140044466321184
25098,21,0.1369517386967128
26739,21,0.051698715715382364
27108,21,0.07349671233911836
266,21,0.11029100675742429
6994,21,0.12714786627465918
8075,21,0.20189437940080063
9166,21,0.2912474939927897
16913,21,0.221151418234036
21987,21,0.2687287343638967
23035,21,0.12499957247208524
25103,21,0.16880438165916237
26326,21,0.10070246943582652
26744,21,0.031779013604876526
270,21,0.5665774471035697
823,21,0.48698244364987747
3204,21,0.5274999155314681
8080,21,0.08688473522094127
9389,21,0.18864375771818945
10449,21,0.3378351600738748
17953,21,0.34554705016135356
25278,21,0.09529924590139698
25780,21,0.0366013557808772
26331,21,0.03769112263336182
26748,21,0.07991769143966473
27118,21,0.009906157055100895
27402,21,0.10222228390359092
27532,21,0.10975857404069003
616,21,0.45575236397640295
827,21,0.5346753979205701
1245,21,0.5498998968676703
8302,21,0.10973306977634857
11287,21,0.3135869364220767
17958,21,0.4682535185126667
26336,21,0.02978919579504369
27122,21,0.06943452353563202
63,21,1.8318169303537315
494,21,0.37638907050956083
1718,21,0.5340867010618258
4477,21,0.1958176303820002
23050,21,0.11949734927237357
25789,21,0.07265972298835842
26758,21,0.013165030955181331
27411,21,0.06953361815341397
44,21,2.1969154805467133
560,21,0.5318861577043784
838,21,0.5785433878336058
2376,21,0.6323302648944545
4093,21,0.26512074831131105
11711,21,0.1809676250371319
19874,21,0.12480750827678475
25794,21,0.23029066679008323
26346,21,0.11098541109521169
27723,21,0.2572736374440052
503,21,0.2701953514712342
4097,21,0.44186839243411313
9190,21,0.10093547227190103
10260,21,0.13005687113737308
21165,21,0.1817614565187261
23059,21,0.21118211539423828
24759,21,0.10483854287963659
26352,21,0.13740027068552224
27623,21,0.1944136583098937
27727,21,0.2345590361148147
27795,21,0.06552998904352829
248,21,2.130424404620994
508,21,0.5826867596691251
847,21,0.4961157921422546
1266,21,0.14060770004381723
2081,21,0.6212645932292562
3377,21,0.47581821466813656
4102,21,0.5079617802309523
11514,21,0.18780474812866374
19884,21,0.37003902579503417
24932,21,0.10208317370346642
26356,21,0.07868186522306574
26773,21,0.13729914160013837
27628,21,0.1386328703614821
27809,21,0.20855000675626859
2,21,2.445426302179714
108,21,2.3120175274075
852,21,0.3087268051564283
1738,21,0.2517857073377544
4107,21,0.6188152526291044
22231,21,0.2692187085906092
24069,21,0.24787838231450698
26360,21,0.12362040714499507
27147,21,0.20641433458971054
27633,21,0.11347682223422129
112,21,1.9507827647346312
258,21,1.9782730888961026
518,21,1.9712153367724432
1275,21,1.8098711602561577
2541,21,0.766389646855413
3213,21,0.7373330174428764
4113,21,0.7182360231442161
8987,21,0.41544966669276334
10275,21,0.3363588643077624
11316,21,0.35820476784515054
12349,21,0.5511112321725646
13326,21,0.5959925545245283
14120,21,0.5421454469634325
17988,21,0.21473756281900405
21180,21,0.3721038960550988
23074,21,0.3512270367499052
24074,21,0.362053066376619
24942,21,0.23119372177029965
27436,21,0.28769580292443353
27818,21,0.18242815798929746
27846,21,1.7463272739535776
2385,21,0.833561450406956
3218,21,0.8513715447394039
8120,21,0.5563360989620811
9428,21,0.5591971873584265
10279,21,0.48923889629933426
23079,21,0.3109240650447316
24947,21,0.4135039323500596
26176,21,0.43609175612386875
27156,21,0.36246240453645545
27440,21,0.3357466813538431
27607,21,0.5032851575035652
1841,21,1.5840428239632467
2390,21,0.8759711376857806
9433,21,0.5845404980609169
16962,21,0.2654890461553813
19904,21,0.8459138588828647
28131,21,0.8490323706165499
22036,21,0.9338332782475603
24084,21,0.573638766534404
25809,21,0.4421344572628803
26361,21,1.1027245263550736
27869,21,2.0351071050959204
2394,21,1.3429988875163688
4127,21,0.9805134011701877
10290,21,0.9958413299970088
11331,21,1.001410492109076
18843,21,0.13024659554973533
24089,21,0.6971953444100119
24957,21,0.7587233982463188
3230,21,0.7235974925924191
5134,21,0.34529335152132823
7053,21,0.3229891453563213
8134,21,0.8543145218257825
9225,21,0.7062003703076954
19913,21,0.8157470145207233
24962,21,0.8253076839995109
28189,21,0.7271538630677251
3235,21,0.8811664318773706
5140,21,0.7113368851364621
6199,21,0.733491733396525
7058,21,0.7013785394425119
16977,21,0.7709322894452858
18013,21,0.7219437017860222
23099,21,0.75756534314126
24967,21,0.6952978530337123
25483,21,0.6963717793975753
2721,21,0.6366613713771374
4141,21,0.7764282970394113
5145,21,0.7135328792671357
5992,21,0.6869368400435967
7062,21,0.6665020414604043
9234,21,0.6731641959039155
10305,21,0.6090221934301081
12378,21,0.7368793305929009
20996,21,0.5490203101603949
24103,21,0.47946548815459794
25487,21,0.6041855976202669
2557,21,1.4679091635010835
3244,21,0.8323462308701332
9239,21,0.6032570166395341
11351,21,0.5502443864489566
12383,21,0.5468114881462784
18022,21,0.5762965406120748
19928,21,0.5190083532352288
21002,21,0.4243946063368745
23108,21,0.39728476933450996
24976,21,0.5340527967984792
2396,21,1.5915157246183125
3250,21,0.7628752997192575
6214,21,0.6329576694763446
7072,21,0.5567509679607041
10313,21,0.5525939350350568
18867,21,0.46840949423638917
22065,21,0.2553628484731517
23113,21,0.315314690955947
24113,21,0.49028117283018324
25659,21,1.41866263176304
2401,21,0.13262691837317334
3254,21,0.6428799516663479
4156,21,0.5728484279250935
6219,21,0.5284429438983319
7077,21,0.494041393078501
10319,21,0.480608693268807
11361,21,0.3962740321689074
12393,21,0.06853492658923925
13370,21,0.08834495082879047
18872,21,0.35333414635629695
19938,21,0.27031878683553306
24986,21,0.36874227335630905
25819,21,1.626312865508656
2406,21,0.6554401916115421
3259,21,0.6156443322828707
5164,21,0.5154371153289877
10324,21,0.4242272940166491
12398,21,0.0858813220138869
18037,21,0.30146324418212184
18877,21,0.269387134693892
19944,21,0.23186691969237466
21016,21,0.18674617845644492
24123,21,0.4337424309903565
24991,21,0.3726862213052435
25669,21,0.3961317441648768
2411,21,0.6960118825549781
3089,21,0.5331193456531792
4166,21,0.526259031625716
10538,21,0.207142129513386
11371,21,0.08048639287853654
12403,21,0.13052783936654233
14979,21,0.30585393934774197
18882,21,0.22286645981709152
24128,21,0.38708725485095397
25673,21,0.3873280357077664
2416,21,0.7452659902322796
3269,21,0.6369828052227139
5174,21,0.43599644365579765
7092,21,0.3341347530646589
9264,21,0.22448846074725573
10334,21,0.1948290128326396
11583,21,0.14576885134491394
15988,21,0.26155758502479165
18047,21,0.10779931534171752
19953,21,0.3233966522247612
21026,21,0.3426048135939179
25002,21,0.2832919700210853
4176,21,0.5175682480332391
5179,21,0.4148523117321306
8179,21,0.2838176160120604
10340,21,0.20513401365466227
11381,21,0.2193039436541203
18052,21,0.19063051630699082
19958,21,0.4659626863599992
22090,21,0.26599006488086757
25831,21,0.5469278070772586
1962,21,2.810766490777174
2426,21,0.7160761557704285
4181,21,0.4599450736733282
6244,21,0.37022681628258197
7318,21,0.34287521680265826
8401,21,0.2702745857018319
11385,21,0.2307145220698684
14993,21,0.27755586524297493
17020,21,0.16363604885928942
19963,21,0.455180015422261
23143,21,0.16172366168311367
25011,21,0.27657871348773205
25836,21,0.4851952785117553
2431,21,0.6814810401087433
4186,21,0.48058513381164697
5189,21,0.42636863385254437
6248,21,0.37665855595761405
7107,21,0.3187906220139535
8189,21,0.2967318686893914
9279,21,0.2811325185446187
11391,21,0.2696837763925432
12423,21,0.2698262246486782
14453,21,0.2842125200573838
14998,21,0.22181449561228286
19968,21,0.4223220441498008
23148,21,0.05947047349796389
25016,21,0.34889866289769944
1845,21,2.015430165728013
2436,21,0.778146512922585
6039,21,0.39558753328574203
10354,21,0.2781413737384373
12428,21,0.3135332299536547
14299,21,0.32787895877337636
18067,21,0.39781412015146833
19119,21,0.40561284438190076
19973,21,0.2831345789621715
21046,21,0.3904087010034007
25021,21,0.31705281190978574
2441,21,0.682021762625232
3119,21,0.5628711708760293
4010,21,0.5329141560788383
8199,21,0.36243618041824405
9289,21,0.30434578975512994
10359,21,0.29070820907051903
11401,21,0.2787692002134584
12433,21,0.3128138147267985
13388,21,0.2705929533168509
28001,21,0.3518311854569314
16013,21,0.31218492970156897
18072,21,0.3215802259556731
18912,21,0.38906277118415056
23158,21,0.2387359930573946
25851,21,0.6469424272655308
1741,21,2.4697159473924413
3298,21,0.6258251937794804
5203,21,0.5288035248342094
7122,21,0.4737414736111221
8203,21,0.4521901372366061
11406,21,0.375644069354709
13393,21,0.3222812781179532
15013,21,0.35286533287880334
17040,21,0.3341183053289256
18917,21,0.5156622213609076
19983,21,0.2630083689616211
22115,21,0.30682967410694506
27857,21,1.9423558178993963
2288,21,0.5680403059200054
3303,21,0.5871845157802092
5208,21,0.5029155443183306
7126,21,0.4300021595276193
8209,21,0.5119713590455438
27967,21,3.162646116410264
27981,21,0.303314147502987
28051,21,0.8510236821900018
16225,21,1.9709726085170118
17045,21,2.8261821189744567
21060,21,0.4748293721359108
22118,21,0.3761710932943152
23166,21,0.5225570663829827
24166,21,0.7788593696175401
25035,21,2.682022765354727
25860,21,1.947228457089313
27918,22,0.047206168576291736
8211,22,0.05913286788483896
9083,22,0.0455139313264211
28125,22,0.053936289815787485
20418,22,0.06396535792154237
5210,22,0.10480517068373983
6057,22,0.10207878281731993
7130,22,0.08550752201752326
7997,22,0.08902615978989789
9087,22,0.09141699922277416
9948,22,0.07232981323216733
18291,22,0.08078119020314141
18922,22,0.08310768220164515
19776,22,0.09344810980044693
20849,22,0.10358493094280606
21908,22,0.10063218182063632
22958,22,0.11172238949019864
3482,22,0.14894254771335513
4019,22,0.10982213527570472
4798,22,0.1083360566674287
5849,22,0.09371230084077851
7136,22,0.09340889605696298
8002,22,0.09734465285738779
9092,22,0.10186391971051906
10161,22,0.08371862768122953
11204,22,0.053245740603952374
12238,22,0.06703546724642558
16840,22,0.062278801178631216
17874,22,0.06303100887688086
18716,22,0.0930608095774529
19565,22,0.09523318796974649
20854,22,0.11700937220321037
21913,22,0.12381928938118905
22961,22,0.15069083872156833
23977,22,0.04603132301442924
2451,22,0.16186329554728182
3131,22,0.1815380391800338
4023,22,0.16650751459211877
5007,22,0.14096875467395437
5853,22,0.11644304275269929
6925,22,0.10926310490725687
9097,22,0.1255882290180891
10167,22,0.12276554964393714
11209,22,0.09611249613999485
12241,22,0.08380086280358405
13218,22,0.07902017514485349
14012,22,0.07756441575786319
15017,22,0.08400881451323171
15821,22,0.07954212723786978
16843,22,0.08874140226534814
17880,22,0.09732297837274237
18932,22,0.12720060697650518
19571,22,0.12809393638541608
20860,22,0.1743392518806449
21918,22,0.16254481536556115
22966,22,0.16483870821606156
24699,22,0.22170263662198045
1745,22,0.021269207915222875
2293,22,0.17094100348592486
3135,22,0.18416827261660598
4028,22,0.13020302306295495
27900,22,0.12516641322541205
7146,22,0.07971060751457183
8012,22,0.10515345064434287
12246,22,0.1324878969683806
15826,22,0.3615934368270709
20005,22,0.22700971888976432
21923,22,0.20438219173189598
1645,22,0.0989942827555485
2298,22,0.20761994917860863
3141,22,0.18931040634664992
7150,22,0.1410137834414823
9325,22,0.14016277198958177
14021,22,0.2107300064352909
9111,22,0.09378792718378273
12255,22,0.08563233079969858
13232,22,0.0261313615651416
17895,22,0.3763429811730173
18734,22,0.255093950773321
21932,22,0.28221396516357683
1279,22,0.4104744063405983
4042,22,0.39156190615216013
12260,22,0.10051938468790103
21937,22,0.05500623077948983
1191,22,0.41535971687792267
3155,22,0.5397799967367403
4048,22,0.5786015585703418
6949,22,0.022981812387104988
10193,22,0.80763990430847
28017,22,0.34768581506427076
19810,22,0.12771792916183136
20883,22,0.08793584908955347
21942,22,0.07653547415220197
24889,22,0.13123127634904103
4833,22,0.5815535142524572
6096,22,0.578444834938067
14846,22,0.1214528305535905
16667,22,0.042336040751789934
22995,22,0.14591036959062786
861,22,0.5944381330845173
4246,22,0.624537941441132
13253,22,0.3362818949339509
14851,22,0.11227307207258887
24016,22,0.22868403890468522
24899,22,0.17602601217278407
26293,22,0.24553491297478294
788,22,0.65465865637058
1206,22,0.49084933294578337
4062,22,0.6120923102032254
6106,22,0.39866660198242804
14856,22,0.13283424265717
17919,22,0.15930808661697152
21957,22,0.2876101877249383
24021,22,0.14695354279602335
25073,22,0.1886814419769847
582,22,0.46578764531967487
794,22,0.48994273541897326
1121,22,0.4607237490290751
6111,22,0.4653259117608822
14861,22,0.0862776417086202
18764,22,0.2594205856158772
24026,22,0.24172884640733336
25750,22,0.1686219944159303
520,22,0.6440967968345651
16893,22,0.21836539131406513
17929,22,0.3264289041811222
20907,22,0.26092760791191993
24914,22,0.29505889713087374
25754,22,0.20002428492095778
464,22,0.8487624404618135
803,22,0.46882772714663323
7194,22,0.32418574092836255
14871,22,0.11185039367617587
18774,22,0.33086263575658975
19840,22,0.29312213828983075
23020,22,0.3259396033790783
24036,22,0.3317175732433608
26646,22,0.24110120763269316
808,22,0.4118721991060666
1694,22,0.3502003605794944
8065,22,0.19451574010100733
14876,22,0.2260478046290662
15880,22,0.22337791234489388
19845,22,0.33901139102674827
20918,22,0.23769319501648153
24924,22,0.4099822195805665
26733,22,0.27358458889652365
259,22,0.9753179418746156
812,22,0.33287977304829164
1698,22,0.33865247134319626
2352,22,0.3377422069025668
6131,22,0.2367339372202168
6988,22,0.1973205036014999
18784,22,0.3302068856795776
21982,22,0.29160003634626425
23030,22,0.29749083285036837
25098,22,0.35473435807397086
25769,22,0.3183790452700977
26739,22,0.25649369361567
27108,22,0.28588190358794957
266,22,0.26914335045537763
6994,22,0.25223059162703587
8075,22,0.14285951635193606
9166,22,0.11547681799146033
16913,22,0.30076034754969794
21987,22,0.2568293828660204
23035,22,0.28388195296207785
25103,22,0.3334687303115726
26326,22,0.38770508283386834
26744,22,0.3523569296544602
27113,22,0.32407738564358024
823,22,0.2633114717444506
1709,22,0.25365534961922054
9389,22,0.05364726323994288
10449,22,0.04109797342757551
17953,22,0.40646317083947625
25278,22,0.3060051860421781
25780,22,0.29920437747524037
26331,22,0.30687380682766174
27402,22,0.3841244735542594
616,22,0.21013873351287585
827,22,0.28716394362648917
1245,22,0.21741085962030543
8302,22,0.08917012713144062
11287,22,0.12222935192756859
17958,22,0.7353742825829315
27122,22,0.410629805090861
494,22,0.08897443583333722
4477,22,0.14705653668144897
23050,22,0.3156683691732525
25789,22,0.35955508258514535
26758,22,0.4599933638325262
27411,22,0.5621359903580627
44,22,1.7562103206736515
560,22,0.11216429798996871
838,22,0.052172005178362166
4093,22,0.2580142589704967
11711,22,0.41097429741046915
25794,22,0.5057304040601478
26346,22,0.5262887860799126
27313,22,0.5248585091665299
27723,22,0.5288896072091898
503,22,0.3283579769996304
9190,22,0.12666500927229177
10260,22,0.15694780300623415
23059,22,0.42481736921676966
24759,22,0.32099741738022003
26352,22,0.5611023355106284
27137,22,0.5498921386099377
27623,22,0.5841647135156199
27727,22,0.547968521061703
27795,22,0.5960040413366573
248,22,1.9509103437164275
508,22,0.2559643746641446
847,22,0.30575050322320874
1266,22,0.3004605237012326
2081,22,0.20977673984921094
3377,22,0.299958552752538
4102,22,0.15662449345728263
11514,22,0.20392858129379587
19884,22,0.2815309162505532
22016,22,0.4154767949169418
24932,22,0.16682997002771732
26356,22,0.6107567273343424
26773,22,0.679556024105009
27628,22,0.651065986349217
27809,22,0.6167415011544181
2,22,2.1184231314478814
108,22,2.0742568989523993
852,22,0.3002755063360137
1738,22,0.3757121333027132
4107,22,0.24884028244469697
20104,22,0.4291085353917376
22231,22,0.45798974719875335
24069,22,0.4014181139804775
24936,22,0.1646166872241187
26360,22,0.6779500985054058
27147,22,0.7303360787184724
112,22,1.7937968404101134
258,22,1.8144771447227022
518,22,1.7929455215232453
1275,22,1.7615706027072509
1550,22,0.3098878477831089
2541,22,0.3383341149955159
3213,22,0.32828480938959037
4113,22,0.4195453170824753
8987,22,0.15155413153343988
10275,22,0.2698305256904079
11316,22,0.1779222056594826
13326,22,0.15952590083970067
21180,22,0.2881702547830968
23074,22,0.2617983645166642
24074,22,0.28884505197323096
24942,22,0.28784993886092336
27436,22,0.801544517879862
27818,22,0.7628673045490076
27846,22,1.6877504792554707
2385,22,0.44784239320008645
3218,22,0.6071370040319339
8120,22,0.07184295186580882
10279,22,0.310287954404772
23079,22,0.349239079609003
24947,22,0.3509361964203136
26176,22,0.5327966863452007
27156,22,1.0678005938986719
27440,22,1.0906489771032783
27607,22,1.363347722921469
1841,22,2.0530237819700665
19904,22,0.03681480303467379
28131,22,0.037433311136488505
22036,22,0.0138699747217734
24084,22,0.19097704774892993
25809,22,0.29552272336319035
26361,22,0.7003462333626296
27869,22,2.2390492156319883
2394,22,1.6753840914849696
4127,22,0.25681746094719365
10290,22,0.4233272791533149
11331,22,0.40341781610727717
14940,22,0.6606446031068062
18843,22,0.33833362474909184
24089,22,0.11712023597856433
24957,22,0.26960353537897885
3230,22,0.4383777510142941
5134,22,0.20989042771589586
7053,22,0.8462778596058024
8134,22,0.26161705422957376
14945,22,0.7280591098931086
18008,22,0.7800934472748574
19913,22,0.6986472816895765
24962,22,0.1219480270090492
28189,22,0.3469667697354225
3235,22,0.6806930004958657
5140,22,0.45864139790232883
7058,22,0.546298254356734
16977,22,0.6230113188714993
23099,22,0.518605652774512
25483,22,0.45761608374542534
2721,22,0.39293538657279625
4141,22,0.4435266092459403
5145,22,0.46037236036188955
5992,22,0.46648642813600616
7062,22,0.48505689728086093
9234,22,0.6266075951619495
10305,22,0.6054305910785789
12378,22,0.5751902680915159
20996,22,0.3846780981183611
25487,22,0.482982082081292
2557,22,0.1559286183169814
3244,22,0.5484800073180754
7283,22,0.4233963834755185
9239,22,0.5601387412926608
10100,22,0.5044931269787984
11351,22,0.5338654834665104
12383,22,0.48979986883471915
18022,22,0.44330726734649306
19928,22,0.2631482838191068
21002,22,0.28776923481588895
23108,22,0.16781246400396121
24976,22,0.4166017542961738
2396,22,0.45697857497410427
3250,22,0.5046754822034671
6214,22,0.40497159677285394
7072,22,0.3771890424742213
10313,22,0.45882609763748683
18867,22,0.32258739746780823
23113,22,0.1035049087573036
24113,22,0.2782899739270326
25659,22,1.4236067443377316
2401,22,0.4769826851125809
3254,22,0.46255601007789154
4156,22,0.4590612600480098
7077,22,0.29992603862131717
10319,22,0.31080567940574033
11361,22,0.357346051177819
12393,22,0.3277639416936108
13370,22,0.14139106373881977
15973,22,0.14369572685820098
18872,22,0.11504235739781728
19938,22,0.14713039887797805
25819,22,2.091670396076589
2406,22,0.5924783524935884
3259,22,0.46146817338348606
5164,22,0.33957117997355846
10324,22,0.3473798841391922
12398,22,0.2737051802392806
18037,22,0.13773306574708608
18877,22,0.02030688351013699
19944,22,0.015966722370459062
21016,22,0.19130172918537455
22075,22,0.2462987757847032
24123,22,0.3409970363444249
24991,22,0.390740433850027
25669,22,0.43853726990145897
2411,22,0.5530259725188387
3089,22,0.40614213067457827
4166,22,0.36856613688991824
10538,22,0.21534031040473212
12403,22,0.10901118183992718
14979,22,0.1788846910430654
24128,22,0.353436429940814
2416,22,0.5688386077173828
3269,22,0.4346475037436852
5174,22,0.27696429363666375
9264,22,0.06098732108112644
10334,22,0.09292408685185527
11583,22,0.09783369115284371
15988,22,0.3573425719602746
18047,22,0.20295543236656688
19953,22,0.2612230808696104
22085,22,0.2712716934461421
25002,22,0.34882113227033174
25826,22,0.513572214311109
4176,22,0.38973738343411835
5179,22,0.3457146821779039
7097,22,0.18254792600011832
8179,22,0.14559241883530655
10340,22,0.029771559028058135
11381,22,0.04549662388101553
14989,22,0.10252769497898476
18052,22,0.2299030793519681
25831,22,0.5826147798851605
1962,22,3.111478868862395
2426,22,0.6925277385348548
6244,22,0.2541417540792298
7318,22,0.19945440946599902
8401,22,0.11097182554242854
11385,22,0.12271301931769345
12417,22,0.1831148588099248
14993,22,0.11094656305397609
17020,22,0.3843146749475588
19963,22,0.5194987524442087
23143,22,0.2732655777246286
25011,22,0.467433347660805
1967,22,2.3625045215582885
2431,22,0.6790784449180219
5189,22,0.3468681620150387
6248,22,0.26510797325129487
7107,22,0.23999532844268937
8189,22,0.1137946039853464
9279,22,0.06060924548833412
11391,22,0.21317898093514356
14453,22,0.15681639783273396
14998,22,0.25204052198731514
19114,22,0.4499841776776661
19968,22,0.4968123622700174
21041,22,0.364262943242818
25016,22,0.5608822035753184
1845,22,3.316980607117429
2436,22,0.6861265565218577
10354,22,0.1321221520254852
12428,22,0.1202824832529126
14299,22,0.10559127792855778
18067,22,0.4534587533096066
19119,22,0.451748037029521
19973,22,0.5184576904094141
21046,22,0.5959422085527495
25021,22,0.6071157351962262
25846,22,0.6760718752556784
2441,22,0.6170449269163494
3119,22,0.5742209903614895
4010,22,0.5547000665701493
8199,22,0.2583993817969641
9289,22,0.1847398069685973
10359,22,0.10980005314813247
11401,22,0.11778183911623566
12433,22,0.1163887620076548
13388,22,0.14652916015410972
16013,22,0.36073631307819826
18072,22,0.42901511743015636
18912,22,0.46671805906715436
23158,22,0.39922552559081204
24158,22,0.5480262971185427
25851,22,0.7894752112186922
1741,22,3.5377808131026267
5203,22,0.482111939017318
7122,22,0.3814815442401514
8203,22,0.21131998793359086
11406,22,0.14421625444261224
13393,22,0.14497724057454572
15013,22,0.43234204513605395
15815,22,0.41910424823265235
17040,22,0.48710799081260603
18917,22,0.6463918736791759
19983,22,0.390988641779936
21056,22,0.36935125577962585
22115,22,0.3968321207170829
25031,22,0.9212712498587217
25856,22,0.9022390634100264
27857,22,3.6188657019921324
2288,22,0.7186757256818339
4205,22,0.5822738221143468
5208,22,0.45542369804130794
7126,22,0.33528499691164443
8209,22,1.568992520533892
27967,22,2.254268857117605
27981,22,0.11710371249207709
28051,22,0.5514049498112082
16225,22,1.270451222788197
17045,22,1.0725495306260104
19987,22,0.778664391987568
21060,22,0.39726885780599264
22118,22,0.47439857769368554
23166,22,0.6181463250265219
24166,22,1.0147828490401902
25035,22,2.0286313194110965
25860,22,1.075322232371255
27918,23,0.02152648696717838
8211,23,0.024390389087371848
9083,23,0.022530818150228088
28125,23,0.026773251770493774
20418,23,0.02850101222712554
5210,23,0.040164668549621585
6057,23,0.03590229758424131
7130,23,0.03321049153176334
7997,23,0.03508384837089716
9087,23,0.039026289462601844
9948,23,0.035831985594097567
18291,23,0.03613851388238595
18922,23,0.035788619773593426
19776,23,0.03820990681367799
20849,23,0.04480563521141199
21908,23,0.038735067457771416
22958,23,0.04167795863760501
3482,23,0.06265291623910604
4019,23,0.04919457145515471
4798,23,0.040770431873762746
5849,23,0.03199299570509139
7136,23,0.034517459134535
8002,23,0.03773162180042536
9092,23,0.043085275813507976
10161,23,0.039896506017332856
11204,23,0.03389837139056459
12238,23,0.037498424000100165
16840,23,0.03070888496206044
17874,23,0.030682050944638727
18716,23,0.04222077785085341
19565,23,0.04072770865285484
20854,23,0.05109626035665312
21913,23,0.05025338109047842
22961,23,0.052244515265333136
23977,23,0.027646984102707998
2451,23,0.09639119949880767
3131,23,0.07606457263280961
4023,23,0.0737837545001458
5007,23,0.059378526118218644
5853,23,0.050791089856020204
6925,23,0.04714252633886177
9097,23,0.055275311671029656
10167,23,0.0530153902342622
11209,23,0.048733368345254525
12241,23,0.046608118323046205
13218,23,0.03924222034456359
14012,23,0.03792815870650491
15017,23,0.0422740941733243
15821,23,0.03971241738210992
16843,23,0.04306522319593025
17880,23,0.05037062945780572
18932,23,0.055003568130447954
19571,23,0.05451573827446195
20860,23,0.07172709031037197
21918,23,0.06802599116268648
22966,23,0.0710240108938681
24699,23,0.3105342087132922
1745,23,0.009516482140685576
2293,23,0.05646054549997642
3135,23,0.08786464524217968
4028,23,0.047874613668457786
27900,23,0.043729343569049235
7146,23,0.04023432048262701
8012,23,0.049021440533023306
12246,23,0.06322892536001083
15826,23,0.10783090629395925
20005,23,0.009433362169677698
21923,23,0.08601804068515398
1645,23,0.11403677089016
2298,23,0.03722760303327786
3141,23,0.042705840247509924
7150,23,0.07416128048747761
9325,23,0.04289369660583227
13227,23,0.08352194749324185
14021,23,0.09004359056389259
9111,23,0.14618456463524584
12255,23,0.1950752050882587
17895,23,0.1773697672985842
18734,23,0.137590587574341
21932,23,0.049288063456802006
1279,23,0.3775944148161951
4042,23,0.07022208418814636
12260,23,0.18391412332514895
21937,23,0.37781614736117675
3155,23,0.20339604936282768
4048,23,0.26911736204362513
10193,23,0.5413264681086982
28017,23,0.15902739855990006
19810,23,0.17094229066592834
20883,23,0.2426160833138375
21942,23,0.21901783651006942
24889,23,0.3695572027054484
4833,23,0.25459525528716265
6096,23,0.21474974087739784
21947,23,0.17474966714788187
22995,23,0.23641749075150897
861,23,0.5720670344388931
4246,23,0.3311339774627701
13253,23,0.1692885472051893
14851,23,0.16293352719566553
24016,23,0.24352089805265234
24899,23,0.31706483995030493
788,23,0.6517066268851921
4062,23,0.3027004158262792
5047,23,0.27150803467776763
6106,23,0.19648110512826847
14856,23,0.08221475365584238
16883,23,0.1215201466357949
21957,23,0.10369383726917765
24021,23,0.19684687857921407
25073,23,0.13363540284098407
1121,23,0.16253806671916005
6111,23,0.19300414354705678
14055,23,0.018265369795934187
14861,23,0.04519555694243161
18764,23,0.15337658012879718
19830,23,0.1874079625704885
25750,23,0.10820194863944373
520,23,0.7540204382220682
1215,23,0.1563246079287781
16893,23,0.19511187091669963
17929,23,0.24125934978326144
20907,23,0.15286116580720918
24914,23,0.11611075293764109
25754,23,0.13100041684422997
464,23,0.8468370918313299
14871,23,0.1138412819020709
16898,23,0.10645748710751035
17934,23,0.3268556725089135
18774,23,0.33223643506626926
19840,23,0.20026110446552153
23020,23,0.1992724138470881
24036,23,0.1618320920245077
26312,23,0.07385132436487657
26646,23,0.21398364118958127
808,23,0.1007526322452326
1317,23,0.11371148811176343
1694,23,0.12154212796894269
14876,23,0.2727183905481261
15880,23,0.1588069842871737
19845,23,0.2912911378629497
20918,23,0.22223941379114853
24924,23,0.2280811988631711
26733,23,0.15054332089357916
259,23,0.9172769695803619
1698,23,0.10602641921026867
2352,23,0.10434414154579447
6131,23,0.04412299616482593
6988,23,0.016663648894285548
18784,23,0.2402894161287064
21982,23,0.18884986356943367
23030,23,0.23512115573442724
25098,23,0.2347595222798081
25769,23,0.24997873440627646
26739,23,0.2438899893289851
27108,23,0.1978330960155072
266,23,0.40751525036298786
6994,23,0.09531928183615386
8075,23,0.012766087666918972
16913,23,0.15594311394425828
20069,23,0.2991055776705216
21987,23,0.2502788604305981
23035,23,0.16808739055220218
25103,23,0.22380351804464388
25775,23,0.2800826854880718
26326,23,0.26614412642344965
26744,23,0.28122465603675656
823,23,0.09231082774239609
9389,23,0.020810870422631304
10449,23,0.1213584752962064
17953,23,0.1944857827386252
23040,23,0.18985135953399507
23661,23,0.18848110935406728
25278,23,0.250547290173406
25780,23,0.219313051928898
26331,23,0.2895194108965543
27402,23,0.4241941483490898
616,23,0.20550654951772365
827,23,0.05472179116691896
1245,23,0.0590275762710658
8302,23,0.0824803953670067
11287,23,0.21443693689357063
17958,23,0.25547076854305417
27122,23,0.37531248081401564
494,23,0.795774679939125
4477,23,0.07691116743810715
22002,23,0.15175678121954486
23050,23,0.17075384195084586
25789,23,0.2884007219613003
26758,23,0.3639725211380754
27411,23,0.4818846489495563
44,23,1.506514109508756
838,23,0.18528466226793522
4093,23,0.09077805681167901
11711,23,0.1794368260467193
23055,23,0.16763557737308662
25794,23,0.28688072319421226
26346,23,0.3371121894651862
27132,23,0.4488299547807359
27723,23,0.5777197178064489
503,23,1.003129172774393
1261,23,0.23047665890837687
9190,23,0.4859041172958349
10260,23,0.03512747712434572
23059,23,0.042784671349358094
24059,23,0.1530644956985471
24759,23,0.04323754292989969
26352,23,0.4691245486053654
27137,23,0.48265032178871115
27623,23,0.6404821694603307
27727,23,0.6214624448234265
27795,23,0.27723535091862217
248,23,1.7550197691419096
508,23,0.7566092400897012
847,23,0.7342338196885732
1733,23,0.29479899587657066
3377,23,0.15580033005261892
11514,23,0.0389303402405892
19884,23,0.20985207971163347
22016,23,0.0964432822322764
23064,23,0.13044083042919036
24932,23,0.11329611540704508
26356,23,0.38563644723790086
26773,23,0.48851636796529957
27628,23,0.42288881482498675
27809,23,0.3662227192307685
2,23,1.7246361950931368
108,23,1.7955989624065363
852,23,0.8946591780517815
1738,23,0.4553414098127966
4107,23,0.19515579219576296
11312,23,0.020186982838622237
24069,23,0.0696897995112516
24936,23,0.0801316092213747
26360,23,0.5104904687432823
27147,23,0.4735639621500458
112,23,1.7338494022124498
258,23,1.7414913611361673
518,23,1.77052958628936
1275,23,1.7736598953759977
2541,23,0.30520201037340716
3213,23,0.43398629333660943
4113,23,0.5024875245737489
8987,23,0.253936493898491
10275,23,0.09220804537693385
11316,23,0.18603864889261149
13326,23,0.07644725585879811
21180,23,0.12062323616672378
23074,23,0.06870299423896341
24074,23,0.09487809000826096
24942,23,0.11300607883274784
27436,23,0.4531685077743108
27818,23,0.4392085596870926
27846,23,1.764572788102894
2385,23,0.427642018390471
8120,23,0.26522939237701
10279,23,0.41182421002745423
18834,23,0.23218089347305546
23079,23,0.1103219742930818
26176,23,0.30561806681475706
27156,23,0.6078980502847549
27440,23,0.5086411258303697
1841,23,1.7086610763434558
19904,23,0.4032497944617618
28131,23,0.3128782279556411
22036,23,0.21797734802240473
24084,23,0.06334052592057747
24952,23,0.05662602056453796
26361,23,0.30641424847431786
27869,23,2.352027587540503
2394,23,0.918291404848497
4127,23,0.354893405178575
10290,23,0.3576424713483338
11331,23,0.5281439229914335
14940,23,0.20255329528415014
18843,23,0.5730537795095412
24089,23,0.09927153191547135
24957,23,0.10066284666492509
3230,23,0.20621069895703756
4132,23,0.21250927909661735
5134,23,0.7835541535903117
7053,23,0.442419397138504
8134,23,0.09809537316882096
11336,23,0.92593273538719
19913,23,0.5954291153001026
24094,23,0.1636802122015295
24962,23,0.22573672231238226
28189,23,0.22101333378263646
3235,23,0.49173408739918945
5140,23,0.4493819885088788
16977,23,0.45659439978321775
19919,23,0.6732172529473243
23099,23,0.3487525076818865
24099,23,0.3561547755030653
25483,23,0.34397617952989135
2721,23,0.2995654202223769
4141,23,0.49534272102535937
5145,23,0.500817295291731
5992,23,0.49785450918583907
7062,23,0.6773827780866769
10305,23,0.7178078574067207
11346,23,0.6351766367560373
12378,23,0.5904556199758758
20996,23,0.40311677535479734
23103,23,0.3417468121737716
25487,23,0.27261986077302747
2557,23,1.4453140336538222
3244,23,0.47030452969708453
4146,23,0.5168511094730247
7283,23,0.6038284326798211
10100,23,0.6542802874266511
11351,23,0.5772163926459204
12383,23,0.4142857598398528
19928,23,0.579763790968347
21002,23,0.3038688729848333
23108,23,0.31222596424486143
24976,23,0.2505360100646082
2396,23,1.6468080228937807
3250,23,0.4791744727192001
5154,23,0.43742846855228334
6214,23,0.3860789932355118
7072,23,0.4018465422739914
10313,23,0.6186372145264992
18867,23,0.2463535830623899
23113,23,0.011930974984925414
24113,23,0.19339023508813097
2401,23,1.363200085076968
3254,23,0.4335343134557442
7077,23,0.3262633997651923
11361,23,0.5075487230153507
12393,23,0.13102127358876975
13370,23,0.0468574209595366
14969,23,0.15007175801741365
18872,23,0.23181629737442594
19938,23,0.18387118322535928
24118,23,0.27619362342185577
25819,23,0.8809936177717508
2406,23,0.6614277025422222
3259,23,0.4009035557610661
12398,23,0.0739086004555654
14974,23,0.23403043664742865
18037,23,0.2854200867836024
18877,23,0.2626358969978709
19944,23,0.18438120511589215
22075,23,0.27985024285868443
24123,23,0.16800121581701943
24991,23,0.33813582664258435
2411,23,0.20137874846908127
3089,23,0.39436469025812954
4166,23,0.3208090594717092
10538,23,0.20009292506623153
14979,23,0.23240587283538786
15983,23,0.20961442976642453
21021,23,0.2326137798243488
24128,23,0.30790811999026396
2416,23,0.28155827111409987
3269,23,0.3775116454943688
4171,23,0.309247724974836
5174,23,0.30522516249844794
9264,23,0.13647195723364375
10334,23,0.10076280316722117
11583,23,0.07362476297801894
14984,23,0.14736460237024068
15988,23,0.15455308938043166
17011,23,0.1956142850289504
18047,23,0.21229613608450523
22085,23,0.29467216027510745
25002,23,0.32837499398976183
25826,23,0.7987705603179923
4176,23,0.36289485720017106
7097,23,0.24673482033217198
8179,23,0.1879920167178789
10340,23,0.08786896106601272
11381,23,0.022335092248686777
12413,23,0.11716282332646694
14989,23,0.20313318685525097
18052,23,0.2005892996945801
18892,23,0.18489982352501858
21031,23,0.29100299408516533
25831,23,0.7624167745136791
1962,23,3.287897941717158
2426,23,0.6191974562075774
5184,23,0.3433021719124966
6244,23,0.24934268528666684
7318,23,0.2365545205329329
8401,23,0.17851440333067178
11385,23,0.037171986622060574
12417,23,0.05013124469468087
14993,23,0.19825622919459882
17020,23,0.222545379181705
18897,23,0.1745203502514159
19963,23,0.2671641282279947
25011,23,0.29450394280280084
2431,23,0.5927414940024763
5189,23,0.35573685315872283
6248,23,0.324145263106678
8189,23,0.19174713608118904
9279,23,0.11458749527403897
11391,23,0.0853856450071084
14453,23,0.21349798675844556
14998,23,0.2057409175892895
19114,23,0.24337994276254032
19968,23,0.28862783529436364
21041,23,0.2675507139086776
25016,23,0.27701718154043975
1845,23,3.2743246628952933
2436,23,0.6881553851940413
10354,23,0.18465140453428203
12428,23,0.10488560350237099
14299,23,0.25474616976274145
18067,23,0.23171940676628572
19973,23,0.2974359546236733
21046,23,0.5181979353048006
2441,23,0.6680261822674507
3119,23,0.5752029804744727
4010,23,0.5142722259433288
8199,23,0.31982218247074945
9289,23,0.24458296965334936
10359,23,0.2369203434466139
11401,23,0.15675499276328073
12433,23,0.20039053080147148
13388,23,0.12169481626973289
16013,23,0.18643164783343086
17036,23,0.2094791655424615
18072,23,0.32393829036133226
18912,23,0.2754767300299556
23158,23,0.10448311112004062
24158,23,0.2073278102289266
25026,23,0.27150652843745937
25851,23,0.32500178668623947
1741,23,3.7556617247484056
4200,23,0.6282610443693126
6051,23,0.5456302914606119
10364,23,0.35426091194179377
11406,23,0.3241939999445764
12438,23,0.292836399179883
13393,23,0.2158630585022428
15013,23,0.38393451781559745
15815,23,0.24797821573816803
17040,23,0.4162506201913064
18077,23,0.5952027726782335
18917,23,0.5441792058086338
19983,23,0.3117605831021787
22115,23,0.17554433660095223
23163,23,0.25952855671076624
24163,23,0.30302019501358757
25856,23,0.4163244553328747
27857,23,3.825788263007961
2288,23,2.0275665570332033
4205,23,0.651951157151619
6269,23,0.6142045919660216
7126,23,0.5261075073335113
8209,23,1.0638785903655803
11410,23,0.43999343668202906
27967,23,3.354997742496912
27981,23,0.3587827923531469
28051,23,0.5754288102461151
17045,23,2.373703599796374
18290,23,0.7541289063818915
19987,23,0.8319528829234749
22118,23,0.2305503784454346
23166,23,0.3865808297082141
24166,23,0.5118529045670984
25035,23,1.453668303045384
25860,23,1.3179186134165366
27918,24,0.011568694038143678
8211,24,0.011202240029572255
9083,24,0.010618514089251418
28125,24,0.02338490966899876
20418,24,0.03305961664398886
5210,24,0.015676721044791748
6057,24,0.016402070088723554
7130,24,0.012155995057928267
7997,24,0.011836511083874722
9087,24,0.017230419199622017
9948,24,0.01917105481779624
18291,24,0.030124996350701795
18922,24,0.03191448236263175
19776,24,0.03502809858643115
20849,24,0.049640366773140404
21908,24,0.0426676129254646
22958,24,0.04973611493698804
3482,24,0.01523171517360958
4019,24,0.007498459803961536
4798,24,0.013027140542381322
5849,24,0.013292947259507864
7136,24,0.01128675048491417
8002,24,0.011689729582517806
9092,24,0.01907851019846835
10161,24,0.02118474323778778
11204,24,0.0196000446606539
12238,24,0.015286473763605452
16840,24,0.017540026394127117
17874,24,0.019647989632739025
18716,24,0.03317301805075314
19565,24,0.03612002384511427
20854,24,0.050709125168923154
21913,24,0.048799759645214075
22961,24,0.06565748068820672
23977,24,0.030257063341351583
2451,24,0.044003138144569715
3131,24,0.021055461985415334
4023,24,0.018996289079969537
5007,24,0.022030040218605548
5853,24,0.023072186157133245
6925,24,0.017961793541475743
9097,24,0.022693695192410046
10167,24,0.02039976552745968
11209,24,0.01833253238907479
12241,24,0.017422876770942987
13218,24,0.01595312368952439
14012,24,0.014326823880711175
15017,24,0.0182563137034058
15821,24,0.017663372148733522
16843,24,0.022390185667477084
17880,24,0.02837347539393227
18932,24,0.03992358882903242
19571,24,0.04143012528392519
20860,24,0.06606285318092825
21918,24,0.06618851672369958
22966,24,0.07648882755129327
24699,24,0.3031930217650717
1745,24,0.03231156958605252
2293,24,0.03182696539501721
3135,24,0.08169661122451813
4028,24,0.06499652868066927
27900,24,0.06644513661918454
7146,24,0.08563852870755155
8012,24,0.059126157496123294
11214,24,0.02155174366430546
12246,24,0.020211412584958878
15826,24,0.18615106484577496
17677,24,0.10788603528689684
20005,24,0.12092831246064095
21923,24,0.10427137364179762
1645,24,0.10212577859209962
3141,24,0.1080418194061844
7150,24,0.15041280225915948
9325,24,0.23557952810459248
14021,24,0.10288365461258271
9111,24,0.3031872046822571
12255,24,0.22053478651154865
17895,24,0.22723948607849326
18734,24,0.233783585390965
21932,24,0.08114856301782901
1279,24,0.3525159060882583
4042,24,0.35528660743528406
11228,24,0.29258571434782893
12260,24,0.22373217851410918
13237,24,0.2601397153457442
21937,24,0.47076292565841743
3155,24,0.3507198065209264
4048,24,0.34388696690295745
10193,24,0.2875306326815863
28017,24,0.052485523839778316
13243,24,0.3829388345238481
19810,24,0.126304239330933
21942,24,0.27072823332994056
24889,24,0.1495207799212587
4833,24,0.32397226985471284
12270,24,0.4235606684402664
21947,24,0.2022885188189578
22995,24,0.15495973122667972
24011,24,0.41115191879274676
861,24,0.5813897350660855
4246,24,0.37018908377034615
13253,24,0.37371251886228
14851,24,0.17410842476717722
19820,24,0.09335903089252709
24016,24,0.20588590007934862
24899,24,0.11640015873669741
788,24,0.6380571056974705
4062,24,0.2743739132522526
5047,24,0.24174183989414208
6106,24,0.41883301274087287
14052,24,0.2385420794157408
14856,24,0.220827189053346
15860,24,0.07895088091608422
16883,24,0.1670266461570735
21957,24,0.2725468694022655
24021,24,0.20834857537057033
25073,24,0.16991809348018905
1121,24,0.36818165485591614
6111,24,0.2401253578359511
14861,24,0.1950746359906267
18764,24,0.07911966160802694
19830,24,0.04965777161847965
520,24,0.7821319831278727
16893,24,0.16519173304092222
17929,24,0.05776547504743076
20907,24,0.09656923266457784
24914,24,0.2204622497058342
25754,24,0.22608087609842625
464,24,0.8202389710591317
14871,24,0.2366215263964407
15875,24,0.2015047140919937
16898,24,0.22859204362306468
17934,24,0.2829558169640609
18774,24,0.1641350062442568
19840,24,0.02923498318089508
23020,24,0.11954290270852333
24036,24,0.11857055228222682
808,24,0.4103402139985195
1317,24,0.2803857676906184
1694,24,0.3501026228358881
18779,24,0.3491893916863038
19845,24,0.1999340510033981
20918,24,0.003247306238761985
24924,24,0.16076213871966274
26733,24,0.25030260194714776
259,24,0.9280854535199639
1698,24,0.3623780901262809
2352,24,0.24392609775751026
6131,24,0.15411910991161562
6988,24,0.17266317664578812
18784,24,0.37667899645587416
21982,24,0.11537367808135598
23030,24,0.16427808819003833
25098,24,0.1673952699697015
25769,24,0.15083871891747686
26739,24,0.15653674720810526
27108,24,0.2873400041606803
266,24,0.8017115274311998
6994,24,0.09168739830605477
8075,24,0.10744189896931791
16913,24,0.25546183828775776
20069,24,0.31161660367519683
21987,24,0.15030507650498875
23035,24,0.1068555357391886
25103,24,0.19727768392467618
26326,24,0.14922660498306126
26744,24,0.1576468343826922
270,24,0.6791541357435077
823,24,0.39307108445618033
9389,24,0.13812498703652057
10449,24,0.09693525168678992
17953,24,0.20673373634633216
18794,24,0.23986660834000623
23661,24,0.14893217777942125
25278,24,0.19347598886305015
25780,24,0.18009691872090283
26331,24,0.22264621483923192
27118,24,0.22980981119623245
27402,24,0.33102764055278755
616,24,0.44379016237156155
827,24,0.36041629269503633
1245,24,0.4091985824020894
8302,24,0.1107753309119211
10246,24,0.13738490920769228
11287,24,0.1348463360972489
17958,24,0.2501924992562312
25784,24,0.13080114131282283
27122,24,0.29552041358211883
63,24,1.0716916984185183
234,24,1.1590076599454284
494,24,1.0617040347187636
4477,24,0.1348476499986494
22002,24,0.1648678666343331
23050,24,0.14433055474681836
25789,24,0.19678338200084353
26758,24,0.251339927992332
27411,24,0.34336361425168815
44,24,1.1550944730844057
838,24,0.47863498082990524
2376,24,0.43180009992468554
4093,24,0.18354079054077913
11711,24,0.24620451331072155
19874,24,0.3773169753019056
23055,24,0.1588843975301676
25794,24,0.12933242552459392
26346,24,0.1847317639424423
27723,24,0.5129283205821505
503,24,1.1723818541435231
1261,24,0.527258612329456
9190,24,0.20920176591668346
10260,24,0.1711681534184551
21165,24,0.29845895183888266
23059,24,0.21833715688995387
24059,24,0.1870226974303917
24759,24,0.030932973675038406
26352,24,0.21724669251897205
27468,24,0.3289840587808317
27623,24,0.42799084814725863
27727,24,0.516131190008527
27795,24,0.5660635185735643
248,24,1.6108860195011898
508,24,1.4362295670047007
847,24,1.4262003752418773
1733,24,0.48342508787598776
3377,24,0.29293359751457604
11514,24,0.22761078570262
19884,24,0.3499343990805288
22016,24,0.22798024449867946
23064,24,0.22350923343780998
24932,24,0.06152820544269305
26356,24,0.19373091994356267
26773,24,0.31103313007554434
27628,24,0.28704568278552134
27809,24,0.5005777668951343
2,24,1.5455035104043546
108,24,1.6717013933168645
852,24,1.4588128373556033
1738,24,0.6600708704134031
4107,24,0.1867318494553838
11312,24,0.20975468325949678
24069,24,0.2446732792739973
26360,24,0.2662131822941313
27147,24,0.39589851205746796
27633,24,0.3732541842417491
6,24,1.779184554641425
112,24,1.7048923525502147
258,24,1.7432787134288854
518,24,1.7214801352041553
1275,24,1.4205836789925717
2541,24,0.4674996429423316
3213,24,0.4235490977876496
4113,24,0.3556238451532392
10275,24,0.25214710285334396
11316,24,0.32485058648231374
12349,24,0.33169694464135574
13326,24,0.25683421197216266
17988,24,0.46916359453993917
21180,24,0.4817470709996775
23074,24,0.33511786063239246
24074,24,0.25328442107363813
24942,24,0.28563489301399575
25799,24,0.19632764118294194
27436,24,0.3960187584332491
27818,24,0.4183222145421067
860,24,1.5757495572006441
27846,24,1.5051640398715653
2385,24,0.5026355591205176
8120,24,0.11270480959124063
10279,24,0.12655414930809641
11322,24,0.13099324197128265
18834,24,0.47588070870555144
23079,24,0.45349106251266924
26176,24,0.3924462084990265
27156,24,0.5617616364890894
1841,24,0.8005836888440171
2390,24,0.6188669074166153
28131,24,0.7994525672590771
24952,24,0.9083123005358744
26361,24,1.2184345798703993
27869,24,1.3055966511818802
2394,24,0.903761148538606
4127,24,0.8791468849959833
11331,24,0.3584910652985873
14940,24,0.18135567237105366
24089,24,0.903786731257632
24957,24,1.0166298135670206
3230,24,0.7201149324752858
4132,24,0.5575185406469799
5134,24,0.7710720160220371
7053,24,0.46867034879889957
8134,24,0.715436205603722
11336,24,0.5629359674251043
19913,24,0.12111312141327495
24094,24,1.0027733953478322
28189,24,1.0810715028772937
3235,24,0.33571992308916343
5140,24,0.4188357788282945
6199,24,0.42075755954639
15954,24,0.2528804216768997
16977,24,0.20589127008082211
18013,24,0.17972922951021583
23099,24,0.29954997452570625
25483,24,0.6224466799356755
2721,24,1.5229705514631022
4141,24,0.4872609572242753
5145,24,0.5366948083969716
5992,24,0.6718236813495486
7062,24,0.5697448044085758
10305,24,0.2841477609018528
11346,24,0.3385131923888415
12378,24,0.2438389985429511
15958,24,0.2100887334055573
18017,24,0.20627151396808643
20996,24,0.23231371391781633
25487,24,0.7201673822991833
2557,24,1.550196638515784
3244,24,0.6575953373343983
4146,24,0.5866172748199717
7283,24,0.5660390854943615
10100,24,0.2593247727244737
11351,24,0.2586139423770588
12383,24,0.22124581921968367
19928,24,0.36438462558089124
21002,24,0.39173375254921033
24976,24,0.6361008593443223
25654,24,1.476692553409052
2396,24,1.359887455297416
3250,24,0.7759306488459662
5154,24,0.6259085980366793
6214,24,0.6512767582677821
7072,24,0.6086929262948695
11356,24,0.26536102596360023
18867,24,0.5319402403435237
23113,24,0.5351702430017979
2401,24,1.0425862304947164
3254,24,0.7527669400408209
7077,24,0.6508667844344959
12393,24,0.5760418425126925
13370,24,0.7171601570339646
14969,24,0.9058161695288963
18872,24,0.5833036640323048
19938,24,0.6210190313715309
24118,24,0.7084889542282775
25819,24,2.299684592584919
2406,24,0.7911396541759798
3259,24,0.8578374191186573
4161,24,0.8465367050939492
7082,24,0.8315537590008607
8164,24,0.661914068630885
11366,24,0.49005870660765805
12398,24,0.7774441196808309
14974,24,1.0233683290279343
18037,24,0.5621435680364131
18877,24,0.6586834229805723
19944,24,0.7083783328245081
22075,24,0.7386055950335638
24123,24,0.6979091076347528
24991,24,0.8350817885972498
2411,24,0.66771241117423
3089,24,0.9239710689260868
4166,24,0.9051280405456563
11371,24,0.8330458385738481
14979,24,1.1633808417493707
15983,24,0.871852333632701
18882,24,0.7101464832942915
20163,24,0.7507724427994429
21021,24,0.7852944975332667
24128,24,0.8133742056007301
25673,24,1.0023627026065458
2416,24,0.7727411091056923
3269,24,0.9653340620548958
4171,24,0.9758076642709629
8392,24,0.9421635342722243
9264,24,0.9347542761527675
11583,24,0.892056625129288
13200,24,1.1003724396957688
14984,24,0.925772161452954
15988,24,0.8805581287787778
18047,24,0.7629999704693641
22085,24,0.8931339676793127
25002,24,0.9202328634276467
25826,24,1.3766179151890412
4176,24,1.0100055980241043
7097,24,1.005076529341279
8179,24,1.048571317061363
9487,24,0.9764556273833497
10340,24,0.940082863637908
11381,24,0.8867115496805827
12413,24,1.005847568481035
14989,24,0.9200288122643078
18052,24,0.8192758763328138
18892,24,0.8406360574391012
1962,24,3.0112930489685112
2426,24,1.0587565908634418
3279,24,1.1412256540275358
5184,24,1.0740126241823325
6244,24,1.062657925989951
7318,24,1.06143908551065
8401,24,1.0843382905776424
11385,24,0.9570423843135225
12417,24,1.0406122736731602
14993,24,1.0748213433239258
17020,24,0.9282355366479085
18897,24,1.0232316489837994
19963,24,0.9938850979672815
24143,24,0.9528641287325912
25011,24,1.0680137922572508
25836,24,2.0994698010905135
2431,24,1.1635703690445796
5189,24,1.1642321498181345
8189,24,1.1648008085703019
11391,24,1.0148136439608235
14453,24,1.1546456436347563
14998,24,1.031590657258952
19968,24,1.1102562798256885
21041,24,1.0605835367796912
23148,24,1.0671167435537718
25016,24,1.2475963195161046
1845,24,2.7822500920213016
2436,24,1.2029487942728017
13383,24,1.1226725866040148
14299,24,1.2072570795242878
18067,24,1.1201692281345956
19973,24,1.1347059521989773
21046,24,1.3244746676792292
2441,24,1.3473978012425623
7117,24,1.3018358691956669
9289,24,1.3065345658083727
10359,24,1.3306009066668194
11401,24,1.103843326345169
13388,24,1.2989631905383452
28001,24,1.088576227883003
16013,24,1.2421970157764375
18072,24,1.2883482337102135
18912,24,1.2372163140300816
23158,24,1.3173813625753055
24158,24,1.3648317547064397
25026,24,1.485984938294799
25851,24,1.8389561760452966
1741,24,3.7597536776077636
3298,24,1.4216053365733698
4200,24,1.4407597229483238
9294,24,1.440765947955572
11406,24,1.396912357156003
12438,24,1.3170843872229911
13393,24,1.2663353796966161
15013,24,1.2512834300977473
15815,24,1.3046308485750475
17040,24,1.4330732324730497
18077,24,1.6550088861275465
18917,24,1.6017530589154698
19983,24,1.4667338947205701
22115,24,1.3822553743275978
24163,24,1.5175329000273161
25856,24,2.6152115898823594
27857,24,3.8183364395177
2288,24,2.9411590384426662
3303,24,1.9210515761628708
4205,24,1.4508287748993
7126,24,1.5332318906701006
8209,24,2.739305330568164
11410,24,1.455580513230764
27967,24,3.802835609860077
27981,24,1.6972743663104222
28051,24,1.8586038449151416
17045,24,1.9480129311861372
19987,24,2.112711062238915
22118,24,1.4682820820347988
23166,24,1.6243016514701198
24166,24,2.062121793028844
25035,24,3.2733268788333665
25860,24,2.541862560620704
27918,25,0.011093693942898384
8211,25,0.010765626835920415
9083,25,0.01359637084129291
28125,25,0.019530000550785718
20418,25,0.027547595493040568
5210,25,0.012532053379756505
6057,25,0.012859704920222535
7130,25,0.00598709629805754
7997,25,0.004996538276896519
9087,25,0.009406514229683425
9948,25,0.010674962855652762
18291,25,0.025498063632463087
18922,25,0.025978312845878246
19776,25,0.02765411393486391
20849,25,0.03972267007880519
21908,25,0.034520594076641334
22958,25,0.036088925288107504
3482,25,0.007209983085047695
4019,25,0.014016078841601292
4798,25,0.011936078450326881
5849,25,0.011414289866737896
7136,25,0.0050992224813144705
8002,25,0.00471176462752672
9092,25,0.007766180094003777
10161,25,0.009946307608603117
11204,25,0.009539459696341967
12238,25,0.007221973056923592
16840,25,0.018502980615768532
17874,25,0.018967481720916692
18716,25,0.027111011196162736
19565,25,0.02861184560258841
20854,25,0.037395226077328585
21913,25,0.03628981773043933
22961,25,0.05379025001335347
23977,25,0.020796250797128647
2451,25,0.0018199731386149818
3131,25,0.004399725717959546
4023,25,0.004450319716088906
5007,25,0.006293169776155642
5853,25,0.006251780133615372
6925,25,0.06553871285763957
9097,25,0.009325113007161106
10167,25,0.010356175298530775
11209,25,0.008378888385310016
12241,25,0.008651066648102754
13218,25,0.013536795481532736
14012,25,0.013442209739844054
15017,25,0.01745343841773068
15821,25,0.018006279543016007
16843,25,0.02346649820102244
17880,25,0.027195650207157505
18932,25,0.03950459079598619
19571,25,0.038183254904953
20860,25,0.058215686113149104
21918,25,0.058385567378341094
22966,25,0.08384626392805256
24699,25,0.40794949416069565
1745,25,0.03839830076814759
2293,25,0.037777547589085074
3135,25,0.03626711058816639
27900,25,0.006411003914541993
7146,25,0.11864416482764438
8012,25,0.11648242735692767
10171,25,0.017375347149303857
12246,25,0.013076778258780092
13223,25,0.017571161771859103
15826,25,0.1972549020514728
17677,25,0.11472623935243781
20005,25,0.051718446828688765
21923,25,0.10381236124440955
1645,25,0.11232233784072246
3141,25,0.12576358428453271
7150,25,0.0701997528201131
9325,25,0.3245609502256664
14021,25,0.040538949692012646
9111,25,0.2520393609869502
12255,25,0.19382345879718055
17895,25,0.2877415868327815
18734,25,0.23004284698809016
21932,25,0.02956322801407581
1279,25,0.36602088435750174
4042,25,0.24573607414223886
12260,25,0.31374528588801587
21937,25,0.1601928020206012
1191,25,0.39528431299596956
3155,25,0.2827840034442287
4048,25,0.2690230918200643
9340,25,0.21975262464745055
10193,25,0.07379893702322243
28017,25,0.11139921287312288
13243,25,0.24484976209214385
19810,25,0.14595815745509955
21942,25,0.10525131977299527
24889,25,0.0687144887847812
3869,25,0.33810330818331835
4833,25,0.3797621194856749
11238,25,0.12776754147697097
14846,25,0.12881675606525342
22995,25,0.15922877204034722
24011,25,0.15682739279042754
861,25,0.549581037928465
4246,25,0.392726581690853
13253,25,0.25902921142876817
14851,25,0.1069963586139696
19820,25,0.13104968336970102
24016,25,0.13501430145492277
24899,25,0.21921994127045247
4062,25,0.42152196877183007
5047,25,0.4386801124679724
6106,25,0.17183086649189794
14052,25,0.2072143314843316
14856,25,0.15906542297754864
17919,25,0.1447048268832458
21957,25,0.19797492395927005
24021,25,0.2066704634127707
25073,25,0.16358151269426724
794,25,0.7473975693730307
1121,25,0.718180103639432
6111,25,0.3540196848398912
14861,25,0.18573904298666566
18764,25,0.2002975359931896
19830,25,0.16048853085857637
23010,25,0.1986019534747112
520,25,0.7484850256147766
16893,25,0.06893154100043652
17929,25,0.07473653344961106
18769,25,0.11346218399999192
20907,25,0.1218312529718929
24914,25,0.09114194780563076
25754,25,0.12354860025951488
464,25,0.823325288997042
803,25,0.8315463391717045
7194,25,0.19856587357292738
14871,25,0.24133128522607405
15875,25,0.21427909128977993
17934,25,0.21799815208893839
18774,25,0.12688398983193874
19840,25,0.08677236662521834
23020,25,0.11201932130573092
24036,25,0.10024267988832898
24919,25,0.035926403668379535
25760,25,0.05954779410822743
305,25,0.8164304352889049
808,25,0.9398789258475742
1317,25,0.8414815282941009
1694,25,0.8038330596426628
19845,25,0.1383885813100208
20918,25,0.06733937699832532
24924,25,0.2995648587027337
26733,25,0.38254234333388176
259,25,0.8589355529289067
1698,25,0.8292696249464312
2352,25,0.6298980235800246
6131,25,0.18570435907526955
6988,25,0.2016995747497982
9161,25,0.14915530095322957
18784,25,0.35975215201122906
21982,25,0.07486061258204961
25098,25,0.23310542489824984
26739,25,0.36778385047661954
27108,25,0.40795454223479044
266,25,0.8452767020037185
6994,25,0.1645776313715668
8075,25,0.1749455337787788
17949,25,0.2361430997230225
21987,25,0.11191999206333994
23035,25,0.0712437593533947
25103,25,0.2554978952011462
26326,25,0.37289333243984296
26744,25,0.4100404584318262
270,25,0.7751663008385595
823,25,0.9590766614640083
9389,25,0.2163544223463793
10449,25,0.17340387870402402
17953,25,0.27509212912919845
18794,25,0.24079705132164328
23661,25,0.08212028666317636
25278,25,0.3103193598221654
25780,25,0.3733285834928456
26331,25,0.412174418836838
27118,25,0.5848024245018084
27402,25,0.5916661288872519
113,25,0.8176216877422631
616,25,0.9385085518397207
827,25,0.9343945823520912
1245,25,0.944180469320127
8302,25,0.1625719193548379
11287,25,0.18980369988980245
17958,25,0.3067234475846141
20937,25,0.3472798012059594
25784,25,0.32928257457999843
26753,25,0.4894925930727014
27122,25,0.5863157042912561
63,25,0.9480806154045345
234,25,1.128027788843153
494,25,1.097988135256629
22002,25,0.33798804637605395
23050,25,0.2772173941273391
25789,25,0.3184763555150352
27127,25,0.6066669812374949
27411,25,0.67829342568211
44,25,1.1047809995566737
560,25,1.0272525736359985
838,25,1.0324053807499405
2376,25,0.9024947409413745
4093,25,0.04931998733595086
11711,25,0.016428393372145227
19874,25,0.3558437167518643
23055,25,0.281016632042332
25794,25,0.11336545988592742
26346,25,0.5599908755588171
27723,25,0.8407724650505316
9190,25,0.25154732474859165
10260,25,0.18255860726847092
21165,25,0.3447410913894913
23059,25,0.326371932176793
24059,25,0.3862402857951793
24759,25,0.28346200116876635
26352,25,0.34021730101967385
27623,25,0.8819478590283465
27795,25,0.8220610243541343
248,25,1.6264444224502255
508,25,1.4975766214029713
847,25,1.4285212963873941
1733,25,0.9130985697928554
3377,25,0.4014226086122278
9195,25,0.16399733937336097
19884,25,0.02624339456952506
23064,25,0.29927079744193535
24932,25,0.425198977809273
26356,25,0.07712620645394354
26773,25,0.6244499258333693
27628,25,0.7526229292842058
27809,25,0.9205841862758136
2,25,1.4944556896834973
108,25,1.658831784144432
852,25,1.5048324533896447
1738,25,1.3233897129294179
11312,25,0.2456112940476198
24069,25,0.326184876850245
25631,25,0.47192947289115444
26360,25,0.057065155680909224
27147,25,0.802980771609163
27633,25,0.8438525396658211
6,25,1.780085382004744
112,25,1.6277519939839378
258,25,1.6410512002298931
518,25,1.3714524322008717
1275,25,1.1219269924973496
2541,25,0.1935868002996194
3213,25,0.14926361364787505
4113,25,0.10648326322212806
10275,25,0.219678661372631
11316,25,0.2785452322832303
12349,25,0.29749765328985484
13326,25,0.14519288563751395
17988,25,0.19494257928556036
21180,25,0.06790730908137228
23074,25,0.19237389430350474
24074,25,0.218358807753513
24942,25,0.286121917099734
27436,25,0.894285609077812
27846,25,0.7221413513778739
2385,25,0.2602687947400505
3218,25,0.15072815843968082
8120,25,0.3993415428372057
9428,25,0.4161410957264901
10279,25,0.4855913653774504
11322,25,0.5252151428197384
18834,25,0.13189265782427986
23079,25,0.047050684515465624
24947,25,0.2382982408143271
26176,25,0.2738526543524105
27156,25,0.9822288291906138
27607,25,1.8774778366172242
1841,25,0.26545711688840495
2390,25,0.0561748245607964
4122,25,0.21349435303514525
28131,25,0.32049500548054277
26361,25,0.5092141835081768
27869,25,0.3874434633668591
2394,25,0.2525262865179547
4127,25,0.2009613660353657
11331,25,0.44417437571702734
14940,25,0.051412624034084066
24089,25,0.3465320429778734
24957,25,0.23052296219750565
3230,25,0.0887870015355113
4132,25,0.13180465625619395
5134,25,0.28070515386707945
7053,25,0.35573331794664864
11336,25,0.7824912961737083
19913,25,0.5857472651949323
24094,25,0.34279477473297526
28189,25,0.17968755336216435
3235,25,0.1660888768737738
5140,25,0.10069555854265594
6199,25,0.21439672747013835
15954,25,0.4064105825805738
16977,25,0.41480555337449954
18013,25,0.5677239626763966
23099,25,0.48210447960630465
2721,25,0.20519129011734438
4141,25,0.10287412053312346
5145,25,0.08003506689840217
5992,25,0.11815867407269619
10305,25,0.879023430983254
11346,25,0.8408770899765885
12378,25,0.6628621876953513
15958,25,0.3692051545803317
20996,25,0.41704063445207457
25487,25,0.446772028536646
2557,25,0.2995336081205641
3244,25,0.16594221324963043
4146,25,0.20036089225070605
7283,25,0.13443946135691265
11351,25,0.9220286154221055
12383,25,0.6677220332530612
13360,25,0.13026589667525074
18022,25,0.39782304693132164
21002,25,0.2614765189569555
24976,25,0.3170315597448166
25654,25,1.2280179752381057
2396,25,0.4975297055746442
3250,25,0.23666847945781105
5154,25,0.2258496942595716
6214,25,0.1856377455657368
7072,25,0.21744324364590956
13365,25,0.10274628258053763
18867,25,0.29583415437706545
23113,25,0.2716743194891125
25659,25,1.167897085549314
2401,25,0.4559943279403568
3254,25,0.2711713118818816
6219,25,0.1940309259124567
7077,25,0.12847040246508118
9249,25,0.6166741425952267
10319,25,1.0152817111967531
12393,25,0.4140437490541308
13370,25,0.14835193782852615
14969,25,0.21097322124863374
15973,25,0.3111169472010192
18872,25,0.17993995724763065
19938,25,0.17593930373512046
24118,25,0.28622690481505836
24986,25,0.31286813162616606
25819,25,2.4453248656694506
2406,25,0.4209161961882468
3259,25,0.31372046551239696
5164,25,0.3665590098544176
7082,25,0.1871613013957758
12398,25,0.23610710244080974
14974,25,0.3262159641965558
17001,25,0.6117191069526979
18037,25,0.2783509460495675
18877,25,0.21485162423981038
19944,25,0.19535860975145664
21016,25,0.2183671727164193
22075,25,0.1751428612087142
24123,25,0.24106041991021282
24991,25,0.3558955067761872
25669,25,0.36111180776941976
2411,25,0.19786887374064585
3089,25,0.2652763703017647
4166,25,0.2784947150787172
11371,25,0.365894885952328
14979,25,0.4278413976936867
18882,25,0.22415482558026828
20163,25,0.1593576144772525
21021,25,0.2155470639767824
2416,25,0.2399872460182513
3269,25,0.2601381249586963
8392,25,0.13352832126388128
9264,25,0.008469223941750408
11583,25,0.21362042040355708
13200,25,0.5772139996496103
14984,25,0.18834762513865846
15988,25,0.22388838341149103
18047,25,0.3056918714829455
19953,25,0.17876449114910364
22085,25,0.21090295005210044
23133,25,0.2009785651830952
25002,25,0.2337061541507715
25826,25,3.0052362546938114
4176,25,0.2146829832746733
5179,25,0.21372065026785503
8179,25,0.2059979219077977
9487,25,0.0519826426181668
10340,25,0.17900314373159965
11381,25,0.22583633811790427
14989,25,0.22413696720563517
18052,25,0.22738887208618735
18892,25,0.1996940834515855
25006,25,0.22171290156787302
1962,25,2.5368876848417248
2426,25,0.24822255654997652
3279,25,0.24372831071866183
4181,25,0.25736372858635925
5184,25,0.21800838972315417
6244,25,0.23294043455939947
7318,25,0.25123305255407496
9274,25,0.1644981902337624
11385,25,0.07005948185199741
12417,25,0.2343959186560796
14993,25,0.28780633549919515
17020,25,0.17244970701139184
18897,25,0.17833374736583923
25011,25,0.19436288863491166
2431,25,0.2418182536893155
3284,25,0.20105826801589127
5189,25,0.18274453645593167
7107,25,0.23048886574565686
11391,25,0.08611362731408734
12423,25,0.103057242298413
14453,25,0.45433823794996997
14998,25,0.21414102751346706
21041,25,0.09027239854278463
25016,25,0.18248789380782587
1845,25,0.7904304341036442
2436,25,0.35192611191227313
3289,25,0.2275844331446913
6039,25,0.1935379424626925
13383,25,0.06428936286393291
14299,25,0.3484712274357042
18067,25,0.23510221237010964
19973,25,0.1840971295945572
21046,25,0.060790981442259744
25021,25,0.24740790441986085
2441,25,0.3502412125049791
7117,25,0.1565523504692136
9289,25,0.15382909708583722
10359,25,0.08189724760943504
11401,25,0.2021457687286715
13388,25,0.0375163070291412
18072,25,0.1469759805189702
18912,25,0.2659592094262021
23158,25,0.08136831703353102
24158,25,0.20687872569412052
25026,25,0.2558166506434915
1741,25,3.0523126881362153
5203,25,0.21856654438077733
7122,25,0.2712362383733255
9294,25,0.24325373314391696
11406,25,0.1321861306386032
12438,25,0.09338491654986657
13393,25,0.06379078343581583
15013,25,0.29257983733724385
15815,25,0.19459808103486215
17040,25,0.22001031666642182
18077,25,0.27852277671088194
18917,25,0.3135324681969595
22115,25,0.13915717041162112
25031,25,0.31054117445093266
25856,25,4.300422978536262
27857,25,3.7378018416702066
2288,25,0.7807191664027378
3303,25,0.42879646965381807
5208,25,0.30203845151823483
7126,25,0.3639966583179932
8209,25,1.6324861192706432
9298,25,0.3814834177015183
27967,25,3.181040308611582
27981,25,0.33870862487213804
28051,25,0.26323152942143074
16225,25,1.2216654694862015
17045,25,0.34648758660580176
22118,25,0.19000116219539934
23166,25,0.3654927012815858
24166,25,0.9559163072464527
25035,25,1.069634035633954
25860,25,4.393604384104408
27918,26,0.006924929986849979
8211,26,0.006546193928337235
9083,26,0.010723693493818461
28125,26,0.009702754529181998
20418,26,0.019404990611814048
5210,26,0.008230144582420051
6057,26,0.009165492621078743
7130,26,0.0009397736019722892
7997,26,0.0020327716193949
9087,26,0.004386066789857457
9948,26,0.00567729719170636
18291,26,0.019757789040286994
18922,26,0.01927090189687793
19776,26,0.0197150911287281
20849,26,0.031013202988004945
21908,26,0.02809114922686035
22958,26,0.035269593806099106
3482,26,0.00444472271688524
4019,26,0.0062131729787283105
4798,26,0.00602033762744866
5849,26,0.005878793251111237
7136,26,0.002857544809429211
8002,26,0.0036772041663480884
9092,26,0.004387814876277924
10161,26,0.0059978677366307066
11204,26,0.005080895249610265
12238,26,0.005438472850149928
16840,26,0.014345474912565279
17874,26,0.014365135427618601
18716,26,0.02241129630943899
19565,26,0.02257314301668966
20854,26,0.03275410758227538
21913,26,0.03043354767020574
22961,26,0.05823511872279741
23977,26,0.02088042289817424
2451,26,0.001499000939938846
3131,26,0.0034651468141520376
4023,26,0.003182741311297767
5007,26,0.0034682681372439467
5853,26,0.0042021516220618685
6925,26,0.007895417035617911
9097,26,0.010794845682164322
10167,26,0.010451984440436018
11209,26,0.009002996765770441
12241,26,0.007004526385902807
13218,26,0.007995597667560616
14012,26,0.007526151702274146
15017,26,0.011983706141720469
15821,26,0.014024069293792352
16843,26,0.02047651493588268
17880,26,0.02543742166718291
18932,26,0.03410208225823847
19571,26,0.03380185250918667
20860,26,0.048810860880404545
21918,26,0.05141507902775952
22966,26,0.05477211350769611
24699,26,0.5385356233103035
1745,26,0.08434841301097643
2293,26,0.03860606913314043
3135,26,0.002699017206797339
27900,26,0.008748978339481161
7146,26,0.023668834569135697
8012,26,0.0744784119813675
10171,26,0.006578621095043209
12246,26,0.013087181748129534
13223,26,0.01279102270607832
15826,26,0.1224032195599727
17677,26,0.18190555725709734
20005,26,0.041473352080901006
1645,26,0.10657071100820333
2298,26,0.0882640027832794
3141,26,0.07018063321569715
7150,26,0.023724093912348775
9325,26,0.11925189992122112
14021,26,0.05275070831335452
9111,26,0.14922985221225463
10181,26,0.14957635198134273
12255,26,0.2563517843595005
18734,26,0.0890899308664445
21932,26,0.2034148353176025
1279,26,0.27245185026727986
4042,26,0.22913192314799152
12260,26,0.22503626850619243
21937,26,0.23491457453440576
1191,26,0.29948749864638624
3155,26,0.21333527054288257
4048,26,0.23881205758765475
10193,26,0.15195866018657045
28017,26,0.06970006161359267
13243,26,0.2764395940755551
19810,26,0.14978588031094442
20883,26,0.4982096453661887
21942,26,0.2864698341357733
24889,26,0.288640445928345
4833,26,0.26137624248822094
6096,26,0.2513082164330737
24011,26,0.1765166964493017
861,26,0.43958962305777155
4246,26,0.281391140720865
14851,26,0.20825064032839702
24016,26,0.17474660429318567
24899,26,0.27972810900595396
4062,26,0.32026566216206687
5047,26,0.3154901460892656
6106,26,0.12751004021778625
14052,26,0.3853190425066569
14856,26,0.37649917412527384
21957,26,0.3813521654569118
24021,26,0.16890925990679126
25073,26,0.2085818450721156
582,26,0.581121576185052
794,26,0.6029660673917265
1121,26,0.5952232169650163
6111,26,0.16318739278446528
14861,26,0.4247345987648215
18764,26,0.760512767811596
21962,26,0.18844820314094946
23010,26,0.221201990372191
520,26,0.621567086682791
797,26,0.6453206207890931
17929,26,0.5907991307428925
24914,26,0.0961388826810067
25754,26,0.046854920808217924
464,26,0.6900023485076482
7194,26,0.1610454043710583
15875,26,0.48650175265338524
17934,26,0.2937198830046272
18774,26,0.4699390945376903
19840,26,0.6608796010268538
23020,26,0.023987835305911514
24036,26,0.038215426944304534
24919,26,0.07241408355430798
25760,26,0.08366931149547882
26312,26,0.1748382427657316
305,26,0.7013106419994226
1317,26,0.7805757294657335
1694,26,0.7310045398020523
8065,26,0.14840000901072886
15880,26,0.4550355555709843
19845,26,0.35717767915169063
20918,26,0.39039017780006957
24924,26,0.30891242972287053
26733,26,0.4137642586793718
259,26,0.7273740612361692
1698,26,0.7600013422787266
2352,26,0.530461416716764
14216,26,0.32076134863186606
15884,26,0.3382567116472432
18784,26,0.36501055641909896
21982,26,0.1364674992461605
25098,26,0.3044889262785841
26739,26,0.47433268638233245
27108,26,0.5128340218828639
266,26,0.8678402733283038
6994,26,0.2004224609457984
8075,26,0.18112443384630045
17949,26,0.48357725769561755
20928,26,0.19878946121745047
21987,26,0.13035420620384242
23035,26,0.08393955254325773
24050,26,0.07058552643585062
25103,26,0.03962273642975861
25775,26,0.4436533682359353
26326,26,0.5260289470645624
26744,26,0.5619823341669269
270,26,0.8871846872203353
823,26,1.0361898330137078
1709,26,0.9749325031963723
8080,26,0.20924350778185147
9389,26,0.1724496029563441
10449,26,0.182259988874048
17953,26,0.4370304966737657
18794,26,0.45392175967755655
23661,26,0.325986604025682
25278,26,0.23122594926110496
25780,26,0.5283817171470157
26331,26,0.5116955950928462
27118,26,0.6085978824320967
27402,26,0.6355270264961196
113,26,0.8474345175455572
616,26,1.1114297940800852
827,26,1.116304321647766
1245,26,1.1099338490499628
8302,26,0.17905834075059604
11287,26,0.22867618509650822
17958,26,0.4080230487882325
20937,26,0.3411472827632597
21996,26,0.2995840523713031
25784,26,0.5963342403057225
26753,26,0.6094167085729757
27122,26,0.6514993136171374
63,26,0.9460401216302179
234,26,1.095041094440044
494,26,1.2008622296451879
1718,26,1.1456607443368148
22002,26,0.42876725732696996
23050,26,0.39715639480352527
25789,26,0.23949980228095782
44,26,1.0353284906863407
560,26,1.2953003394620561
838,26,1.2564875735296528
2376,26,1.093929389955505
4093,26,0.13493018753225955
11711,26,0.2056654422498876
19874,26,0.45719614912115913
23055,26,0.3935265699552273
25794,26,0.46843097727060895
26346,26,0.5831589372863343
27132,26,0.6823338662957802
27313,26,0.800214897292105
27723,26,0.8589731864503835
9190,26,0.15443601304221838
10260,26,0.11013960586703364
21165,26,0.4588466352439082
23059,26,0.39963477889625343
24059,26,0.37846722398785315
24759,26,0.4236840056001876
25943,26,0.5349172135722107
26352,26,0.25411711050031616
27623,26,0.9923732175290529
27795,26,0.2164620828919325
248,26,1.377130971585674
508,26,0.9695994431787459
847,26,1.0307452642770065
1266,26,1.212618123450979
3377,26,0.45061126057521683
19884,26,0.24788620359757998
23064,26,0.37865220580470516
24932,26,0.35316854657527935
26356,26,0.5233599857350985
26773,26,0.4452366909145312
27628,26,0.3327646868356095
2,26,1.4986866057554737
108,26,1.635409165589239
1738,26,0.9722620981387443
3208,26,0.25558978909654034
11312,26,0.10711953622420418
24069,26,0.33952517384520964
25631,26,0.361267034110727
26360,26,0.39471005758337735
27147,26,0.3924659673116734
27633,26,0.4447992150513489
6,26,1.7021869989531813
112,26,1.5884626155372406
258,26,1.606785480831748
518,26,0.7841490906840456
1275,26,0.7800304920192727
2541,26,0.45680031909145463
3213,26,0.19797298861592544
4113,26,0.08315281281787187
10275,26,0.15439133412611816
11316,26,0.1312292494870062
12349,26,0.23542873586762075
13326,26,0.16759552276672263
17988,26,0.5262868714893592
21180,26,0.2929235196660541
23074,26,0.3941892341226713
24074,26,0.3402017607574765
24942,26,0.2527853774440623
27436,26,0.3924794354086432
27846,26,0.5466561981384691
2385,26,0.49572325459129296
3218,26,0.3442592073686134
8120,26,0.13389975041995217
9428,26,0.26377557461523615
10279,26,0.2659248799699984
11322,26,0.28664711850247876
18834,26,0.41173821178733516
23079,26,0.2778402849535936
26176,26,0.3036771758025529
27156,26,0.6722923621840993
27440,26,0.78766774273439
27607,26,1.508725977740336
1841,26,0.408811748289053
2390,26,0.2644414924978202
22036,26,0.2862975363941089
24084,26,0.37197405508393655
25809,26,0.2240264851347461
26361,26,0.061656612653172876
27869,26,0.8620861697064741
2394,26,0.5423543312486292
4127,26,0.3204134698368129
11331,26,0.3404464101568068
18843,26,0.5828189846268229
24089,26,0.3459003874309906
24957,26,0.2699319161382435
3230,26,0.19508617646672924
4132,26,0.2574196270380967
5134,26,0.5747726651190007
6195,26,0.4448626019633598
7053,26,0.3061447204463798
11336,26,1.0560132573063166
19913,26,0.5147812436127719
24094,26,0.1513169693084104
28189,26,0.17489253501263605
3235,26,0.2822133674960222
5140,26,0.10557491196078814
6199,26,0.03929011564623134
15954,26,0.29196622419748636
16977,26,0.4275813834024509
18013,26,0.5123257946369997
23099,26,0.5646923289493853
24099,26,0.43495697609132367
2721,26,0.6154977333999698
4141,26,0.17122441627952445
5145,26,0.12214783899445561
5992,26,0.13126104030235647
10305,26,0.9553069577157844
11346,26,1.0317789001305644
12378,26,1.0220941767209446
20996,26,0.4643707060270362
2557,26,0.6616741833912329
3244,26,0.29958916452649664
4146,26,0.22504926007660753
7283,26,0.05031187007538567
11351,26,1.0802424852935213
12383,26,1.068195086826662
13360,26,0.46425887026985874
18022,26,0.35303387639300926
21002,26,0.37274763162493246
24976,26,0.2554292484422927
25654,26,0.751697901267198
2396,26,0.5003011784211042
3250,26,0.3337539914902807
5154,26,0.19269598229484156
6214,26,0.1393827476341968
7072,26,0.07541683521999176
12388,26,1.04149773799807
13365,26,0.19801395181680143
14964,26,0.12972832074754692
18867,26,0.3015810661730539
23113,26,0.2798964335635071
3254,26,0.3414128822065268
6219,26,0.21028681994738224
7077,26,0.08199250242146561
9249,26,0.7156897419762712
10319,26,1.1491668248829814
12393,26,0.8782070209843228
13370,26,0.3759988657858776
14969,26,0.09690930779175644
15973,26,0.259394545262925
18872,26,0.2045641957045427
19938,26,0.2981177806425746
21011,26,0.24885639906507412
24118,26,0.23177043031596586
24986,26,0.3013411997524064
25819,26,1.662091933777995
2406,26,0.26632229488915926
3259,26,0.44459163028425264
12398,26,0.5623107301570381
14974,26,0.21533718603294102
17001,26,0.3486513840568937
18037,26,0.2978551200984926
18877,26,0.28854189611341335
19944,26,0.3276291721041851
21016,26,0.2465611366665755
22075,26,0.2015392307545055
24123,26,0.23704599876271437
24991,26,0.1529786599726881
25669,26,0.15301973439550234
2411,26,0.15550866258557863
3089,26,0.3743072797767638
4166,26,0.42451631561634345
7087,26,0.2757089431705041
11371,26,0.8113159312012589
12403,26,0.37606918507572595
14979,26,0.1913713987904475
18882,26,0.2734727583836754
21021,26,0.2574602255982512
2416,26,0.19726592573072255
7092,26,0.31566899293825024
8392,26,0.002609383572541815
9264,26,0.2582765905079754
11583,26,0.7069344556809207
13200,26,0.28868522366604665
14984,26,0.2275404459776979
15988,26,0.22553634509399587
17011,26,0.29780300841691737
18047,26,0.32609919365772777
19953,26,0.2041156098949377
22085,26,0.2454287200194543
23133,26,0.16141240950255828
25002,26,0.08849304435711648
25826,26,2.649081462656883
4176,26,0.3673331110219985
5179,26,0.41532881519258197
10340,26,0.48479521817699506
11381,26,0.5415408122097595
14989,26,0.247965854443612
18052,26,0.31415832908784885
18892,26,0.21793927076242348
19958,26,0.1854675927816233
21031,26,0.15347325114446855
25006,26,0.1587510967724179
25831,26,3.614457168637659
1962,26,2.4980274237341225
2426,26,0.34961617078376045
3279,26,0.368348792088804
4181,26,0.3579642868151885
5184,26,0.3868139628528518
6244,26,0.45543229582118755
7318,26,0.38607160588550204
12417,26,0.11383583484612088
14993,26,0.19174673537642517
17020,26,0.24362720552238898
18897,26,0.21380609642123477
25011,26,0.18987235816009093
2431,26,0.35935826287613637
5189,26,0.3454063095509552
6248,26,0.40490696519539465
7107,26,0.38315919813329996
11391,26,0.06252925039249554
12423,26,0.08225369735236683
13013,26,0.22095663059950713
14453,26,0.30024778193012774
14998,26,0.1207623700031213
25016,26,0.23805627855804348
1845,26,0.36346096203653816
2436,26,0.3686423703878152
4190,26,0.2621057164315463
6039,26,0.30405987663628975
10354,26,0.04935707128490641
12428,26,0.17759543374536668
13383,26,0.0871898657491782
14299,26,0.23139665913766955
18067,26,0.1962652183512315
19973,26,0.15094288620320107
21046,26,0.006853315984350744
2441,26,0.37651920640086517
3119,26,0.35126755003711857
4010,26,0.31454599671407496
8199,26,0.26984318591062445
9289,26,0.19540236278573445
10359,26,0.07488793572434296
11401,26,0.13211388269206362
13388,26,0.06803950206939217
18072,26,0.162538966749951
18912,26,0.10591138665884056
23158,26,0.08069949585938867
24158,26,0.08346200122923754
25026,26,0.13189159236165687
1741,26,1.823656266747569
5203,26,0.31109848019386493
6051,26,0.3581720887135237
7122,26,0.3622409551419165
9294,26,0.31447395635560726
10364,26,0.29267081937068595
11406,26,0.10609395238232353
13393,26,0.26539619829118416
15013,26,0.1755471239710518
15815,26,0.19478348532679013
17040,26,0.1183041215487175
18077,26,0.19777770019420562
18917,26,0.09504280677480899
22115,26,0.11941477879421682
25031,26,0.31101601531365003
25856,26,3.938318324337084
27857,26,3.7609917722381097
2288,26,1.7466942067378275
3303,26,1.947401730358091
5208,26,0.44552487980550715
7126,26,0.4254075781584959
8209,26,0.8591518581963135
9298,26,0.39044083710626953
10368,26,0.20203662126655972
27967,26,3.1109921555196394
27981,26,1.3291230502113214
28051,26,0.3291896910527504
16225,26,0.9349772918462445
22118,26,0.1602309075226318
23166,26,0.32005436752027133
24166,26,0.4007540279428346
25035,26,0.546853115139218
25860,26,4.116265820778496
27918,27,0.00197487741149313
8211,27,0.0016790811533112387
9083,27,0.004141839126161858
28125,27,0.02498421357509906
20418,27,0.021878037261551228
5210,27,0.030719438440034188
6057,27,0.020769425652406977
7130,27,0.016470176744530628
7997,27,0.016924109267914586
9087,27,0.02296075796844211
9948,27,0.022528370184734307
18291,27,0.033937477550975106
18922,27,0.03623256273868066
19776,27,0.04017377294434448
20849,27,0.04432680828511079
21908,27,0.04966112933047692
22958,27,0.0733995225744965
3482,27,0.06361774502928462
4019,27,0.05191448524341295
4798,27,0.03261350469370952
5849,27,0.022340225349063082
7136,27,0.020698519887447166
8002,27,0.019938172011071686
9092,27,0.029347884166052704
10161,27,0.02851487255935424
11204,27,0.02303267599770068
12238,27,0.024511283611231713
16840,27,0.02433358550693227
17874,27,0.02399450793579714
18716,27,0.04343846659070494
19565,27,0.0439177264359159
20854,27,0.052870334377015375
21913,27,0.06139150606449836
22961,27,0.08996677597217899
23977,27,0.04727164441274817
2451,27,0.11605889665396048
4023,27,0.06929190439927485
5007,27,0.05195852300984267
5853,27,0.04770800774138997
6925,27,0.03610745438202171
9097,27,0.03897321953617733
10167,27,0.03736814185856071
11209,27,0.03442649649578207
12241,27,0.03029729140758092
13218,27,0.029524738767996963
14012,27,0.02707327098096764
15017,27,0.03183747523033411
15821,27,0.0320742356704377
16843,27,0.03334002515232293
17880,27,0.042790296540069814
18932,27,0.05902463839097093
19571,27,0.06074270138447381
20860,27,0.08707455712682378
21918,27,0.09238233038551862
22966,27,0.1079560756590673
24699,27,0.31128277000042553
1745,27,0.02115491519225547
2293,27,0.13966231330804138
3135,27,0.0580631345034335
27900,27,0.05433359198258784
7146,27,0.09672422710030536
8012,27,0.039994235925541806
10171,27,0.04667874073385301
12246,27,0.0553338269845978
13223,27,0.04455316078340147
15826,27,0.062311283388731716
17677,27,0.0759091065855508
20005,27,0.08234603974838675
1645,27,0.05246726659229824
2298,27,0.12463750874799387
3141,27,0.1309882167805935
7150,27,0.11686629547054057
9325,27,0.06456148951998891
9111,27,0.06859203551484257
10181,27,0.08628384964679688
12255,27,0.06526142598517118
18734,27,0.07022872665747422
21932,27,0.20112863245401547
1279,27,0.1595575670558238
4042,27,0.20494970221521172
12260,27,0.08488911742141272
21937,27,0.34096081640062503
1191,27,0.2421601857022418
3155,27,0.23018250608785948
4048,27,0.2190019342114783
10193,27,0.18173494558288852
28017,27,0.12002895636746583
13243,27,0.10528495678130852
19810,27,0.13401348635081642
20883,27,0.2154894848463993
21942,27,0.3383984498236978
24889,27,0.5744958102602498
4833,27,0.3123598884890063
6096,27,0.25483425690503264
24011,27,0.5286799186286127
861,27,0.3822541579309812
4246,27,0.2852664114998917
23000,27,0.489411525397179
24016,27,0.43305674683248446
24899,27,0.5230514489148751
788,27,0.397414174016836
4062,27,0.31155667558655953
6106,27,0.38067073555617337
14856,27,0.4077326779059401
21957,27,0.2689219217005561
24021,27,0.43807641892150684
25073,27,0.3169019355237628
582,27,0.3367395515867399
794,27,0.36899233605505044
1121,27,0.35486877980479076
6111,27,0.36194623175639684
14861,27,0.32878807824567813
520,27,0.3981803536505025
797,27,0.3569789504281432
17929,27,0.04017066824483957
24914,27,0.19251864430876095
25754,27,0.19895651677705242
464,27,0.45163213469733543
7194,27,0.37710952468201575
15875,27,0.3293590837078811
16898,27,0.10108033634972688
17934,27,0.23452715025384077
18774,27,0.16139268300583898
19840,27,0.05391144198545974
23020,27,0.22154054661390096
24036,27,0.07666342885166906
25760,27,0.08111076889263909
26646,27,0.44684220320983337
305,27,0.48375973511506454
1317,27,0.4872686967939165
1694,27,0.4324080200607808
18779,27,0.2652605768166532
19845,27,0.1548270633311947
20918,27,0.07422872668998359
24924,27,0.39799412736352147
26733,27,0.4552833034926473
259,27,0.604107443849423
1698,27,0.4493474116412437
2352,27,0.363843582961312
15884,27,0.2403059845016679
18784,27,0.3568201857212655
25098,27,0.45704293498528803
26739,27,0.4009076969392435
27108,27,0.4157702539946162
266,27,0.640741107268311
6994,27,0.3172908444477308
8075,27,0.32025278686827807
16913,27,0.20481386656911546
17949,27,0.2243326639004784
20069,27,0.08278372083867175
20928,27,0.13923670446636022
21987,27,0.21645295601671455
24050,27,0.29017951336940384
25103,27,0.27022264641806076
26326,27,0.4047653324111568
26744,27,0.42265469050930027
270,27,0.5719743106280879
823,27,0.6281991231772753
1709,27,0.6532546923386379
9389,27,0.2211649680923088
10449,27,0.23225556728748503
17953,27,0.19814757315213655
23661,27,0.2502775530824554
25278,27,0.22359299466039617
25780,27,0.5678102708893041
26331,27,0.6166274309349907
27118,27,0.6381629330843046
27402,27,0.7412322016238134
113,27,0.7424915866734851
616,27,0.7451501150664217
827,27,0.6974767357694701
1245,27,0.6563922315451168
8302,27,0.29726036513686027
11287,27,0.05023159054318677
17958,27,0.1290286496310385
19863,27,0.08176622586552278
20937,27,0.04198073919651356
21996,27,0.057508922427923694
25784,27,0.5007379602232759
26753,27,0.6909085995654237
63,27,1.0004967575350419
234,27,1.0327781213107528
1718,27,0.7623154803184937
18804,27,0.20970367422582142
22002,27,0.09885668199011804
23050,27,0.10871588158895157
25789,27,0.2323887860172438
26758,27,0.7483554389134432
44,27,1.0701266985275888
238,27,1.0405214513179033
560,27,0.9534012977565249
838,27,0.9160923612620139
4093,27,0.07740517066172305
11711,27,0.07184418480785293
19874,27,0.14325562727296634
25794,27,0.4249031392869699
26346,27,0.7076069210728102
27132,27,0.8846093647874662
27723,27,1.0347114032635916
503,27,1.0079336858603838
9190,27,0.051267583698019585
10260,27,0.150393775721145
21165,27,0.09214299256821597
23059,27,0.08153265465050966
24059,27,0.05279868176019954
24759,27,0.11725692311904146
25943,27,0.36174052017365976
26352,27,0.4164630381002072
26685,27,0.897819316284176
27468,27,1.0870976553420113
27623,27,1.093729357349459
27727,27,1.0214377745368874
27795,27,0.2509417375444648
248,27,1.4134176843183999
508,27,1.1760506087800389
847,27,1.0819670234513186
1266,27,0.7948177397691154
3377,27,0.07231953430648905
19884,27,0.17341480810643825
22016,27,0.16359133467455833
24932,27,0.0846437634728658
26356,27,0.3682876621922346
26773,27,0.9249144599285681
27628,27,0.36396723550063925
2,27,1.4670524943330665
108,27,1.616461646556757
3208,27,0.2772933452023935
11312,27,0.20429058737142558
24069,27,0.28299062545496767
26360,27,0.2666437144656363
27147,27,0.4152972227724349
27633,27,0.403910453999828
6,27,1.7145726784002215
112,27,1.6239568642568851
258,27,1.4974111725065575
518,27,1.1653717570668196
1275,27,1.1984743590042877
2541,27,0.5613173422968305
3213,27,0.3923840573184888
4113,27,0.21796606938136584
10275,27,0.17109189128039012
11316,27,0.0841315276511529
12349,27,0.23635853792227315
13326,27,0.35980826083282164
17988,27,0.21829482990116217
21180,27,0.281146807853872
23074,27,0.3363232503830265
24074,27,0.44168454733824813
24942,27,0.35673440007768464
27436,27,0.5001602618006259
27846,27,0.915153963600334
2385,27,0.542700172695605
3218,27,0.5510851982098036
8120,27,0.19121125087973243
9428,27,0.18097953635778716
10279,27,0.10759703346911786
11322,27,0.09149196050248369
18834,27,0.3132881462733757
23079,27,0.5088385582025978
26176,27,0.4077862871675873
27156,27,0.8925325574235038
27440,27,1.008376358027618
27607,27,1.8411718502960577
1841,27,0.7171168376804858
2390,27,0.5394435268672042
22036,27,0.33223461397259585
24084,27,0.3891555969912059
24952,27,0.5059184263624982
25809,27,0.5270910955758769
26361,27,0.5412127026628729
27869,27,1.1868608274097359
2394,27,0.7941606420493281
4127,27,0.7718160628895232
11331,27,0.11118138717169758
18843,27,0.4988788198579124
24089,27,0.46445138011838644
24957,27,0.5784613409978399
25814,27,0.6484809981352058
3230,27,0.2554955957735451
4132,27,0.17933227255348624
5134,27,0.9035942204955295
6195,27,0.7030381427594001
7053,27,0.46755562019380215
8134,27,0.6624389971873087
11336,27,1.2600880189077717
19913,27,0.4542570385216308
28189,27,0.7154055994478197
3235,27,0.3052426094958577
5140,27,0.2749503087165815
9229,27,1.0342980396009156
14950,27,0.318722476583347
15954,27,0.27412831691597467
16977,27,0.3232751958048598
18013,27,0.33978090367031594
23099,27,0.2970481800743888
24099,27,0.16696818589893606
24967,27,0.21100381757351808
2721,27,2.3536187496584167
4141,27,0.3586097757525798
5145,27,0.2393374155915767
5992,27,0.20914552852917986
10305,27,1.0590945715235174
11346,27,1.1467248117461126
12378,27,1.1229936539522256
18017,27,0.21733975790321403
20996,27,0.33600563718995496
2557,27,2.5764296210478275
3244,27,0.39135908485703624
4146,27,0.29128246141295683
7283,27,0.2603352419196505
11351,27,1.1656334087968812
12383,27,1.1002236822806117
13360,27,0.6479597257687806
18022,27,0.16183244434786678
19928,27,0.25959337391690696
21002,27,0.10523652575032656
24976,27,0.26417832095099125
2396,27,2.6628531207865653
5154,27,0.1680583267504408
6214,27,0.13577869642470733
7072,27,0.26430292377860143
11356,27,1.147832021912559
12388,27,1.1969147308776595
13365,27,0.3289613515425381
14964,27,0.051013952505940666
18867,27,0.05361134914313199
22065,27,0.1661651857101627
23113,27,0.16120155964924274
24113,27,0.23793332769104902
3254,27,0.32417480030528245
9249,27,0.5292810126304243
10319,27,1.000961640236471
13370,27,0.594647541297525
15973,27,0.15034507095416194
18872,27,0.0714381858792877
19938,27,0.06389388734783044
21011,27,0.10592722303660741
24118,27,0.23404064991766252
24986,27,0.30296275276723983
25819,27,1.6664781112124765
2406,27,1.7692330835062906
3259,27,0.3399457115120606
8164,27,0.20808605896046167
10324,27,0.9629299823481938
12398,27,0.8339731477214636
14974,27,0.09193857416226857
17001,27,0.167058451995254
18037,27,0.042303596726267205
18877,27,0.08353868352893246
19944,27,0.055552678221332606
21016,27,0.05667075203165899
22075,27,0.13115476102505866
24123,27,0.2151317124248557
24991,27,0.34375763378878926
2411,27,0.33726138393014493
3089,27,0.349533091638636
4166,27,0.2765589633937552
7087,27,0.13143109012414886
11371,27,1.1416875629808971
14979,27,0.1557652391770539
18882,27,0.04299879877690679
21021,27,0.08960736314640656
24128,27,0.24271528788224164
2416,27,0.2735849508486097
4171,27,0.294747634889615
7092,27,0.16130685806080414
8392,27,0.048501772636091955
9264,27,0.06433527181883959
12408,27,0.6366722926970929
13200,27,0.17461660622318817
14984,27,0.12198225643101207
15988,27,0.06197136241194959
17011,27,0.08489822958553928
19953,27,0.05821825466138637
22085,27,0.13197532610444818
23133,27,0.17837557706983065
25002,27,0.3919559327943996
25826,27,2.598183154339513
4176,27,0.3448513856155784
5179,27,0.2996868269970029
7097,27,0.17865041965470774
14989,27,0.1394997841728495
18052,27,0.030860623028477054
18892,27,0.03514277704834735
21031,27,0.11397685886119578
25006,27,0.38326666888148675
25831,27,2.952594053810281
2426,27,0.35867262499478847
5184,27,0.3203487995859472
6244,27,0.27254385963408284
7318,27,0.23579320814976396
12417,27,0.08543070950632152
14993,27,0.11266206298642568
17020,27,0.0715810976514902
18897,27,0.03714850890734155
24143,27,0.2708145927844253
25011,27,0.3789542959377031
5189,27,0.3305823324572471
6248,27,0.3025443539966684
7107,27,0.28687539273684215
8189,27,0.20039191650049756
11391,27,0.05628294923702739
12423,27,0.12499191137825609
13013,27,0.3142284331802479
14453,27,0.4352928632703735
14998,27,0.08839483065511144
19968,27,0.11059863888733305
24148,27,0.36342368060482977
25016,27,0.43840987167799017
1845,27,0.40578653496977724
2436,27,0.4204525529730113
4190,27,0.3081232958589367
6039,27,0.2927049990090504
10354,27,0.2869621413074411
12428,27,0.25820967473683004
13383,27,0.043163856945273985
14299,27,0.294302239220194
18067,27,0.0074655152714898036
19973,27,0.15370602292406965
21046,27,0.12356354893743678
25846,27,3.3783925712775646
2441,27,0.4759675804887378
3119,27,0.393223420292274
8199,27,0.22298848035748803
9289,27,0.18005928005167435
10359,27,0.16627834060883265
11401,27,0.19701571508798377
13388,27,0.2165431475418763
16013,27,0.1712270282413239
18072,27,0.16937622563230573
18912,27,0.09760536734659664
23158,27,0.25076357633123014
24158,27,0.2904507464662017
25026,27,0.46836891138648695
1741,27,0.5071262961433958
2446,27,0.4279407234146317
4200,27,0.28242149115758236
7122,27,0.21132613167678554
10364,27,0.07746041620208924
11406,27,0.06808158309638032
13393,27,0.19078155749667294
15013,27,0.2070340146492329
17040,27,0.15606609409356292
18917,27,0.15964116931105843
22115,27,0.09869900871499385
23163,27,0.26482567892354647
25031,27,0.553775905161254
25856,27,3.417883868439252
27857,27,3.3761312940098978
2288,27,0.5348885002475211
7126,27,0.23070867364533984
8209,27,2.1991646364848734
9298,27,0.4322279869611048
10368,27,0.32940591766476224
11410,27,0.08425437714661332
27967,27,3.420841441596867
27981,27,0.5381481051473997
28051,27,0.2345765245545803
16225,27,2.0590200047424214
18921,27,0.31395380028201003
19987,27,0.9576564914582636
22118,27,0.1486169972546107
23166,27,0.5094510628720265
24166,27,0.6762928365217737
25035,27,0.7816581311818507
25860,27,4.018909108775036
27918,28,0.010405820720923668
8211,28,0.010050269067430196
9083,28,0.008437226737748604
28125,28,0.007443115159730072
20418,28,0.004521894544103148
5210,28,0.010870535186929788
6057,28,0.011888669809942621
7130,28,0.005354798912527051
7997,28,0.0044713983203443115
9087,28,0.009380025400528437
9948,28,0.008648001449328185
18291,28,0.005027016671668552
18922,28,0.0056967858882856215
19776,28,0.005672836312678215
20849,28,0.006538834871546817
21908,28,0.007391682344866451
22958,28,0.011680742958167376
3482,28,0.0032524558353511993
4019,28,0.008689268048344847
4798,28,0.008272406919647514
5849,28,0.009058234504795405
7136,28,0.003546384187622736
8002,28,0.003209304108620199
9092,28,0.009516688572997091
10161,28,0.008852183001458716
11204,28,0.005535005123096699
12238,28,0.00614956293097624
16840,28,0.007675230967078064
17874,28,0.007362803842755796
18716,28,0.004709868323395214
19565,28,0.00492488667372918
20854,28,0.0092690560501311
21913,28,0.008088493952463438
22961,28,0.011999249872377448
23977,28,0.006873500961401847
2451,28,0.00886090932452781
4023,28,0.0021445696042387535
5007,28,0.008960812967925202
5853,28,0.010432345024849915
6925,28,0.011405805675040773
9097,28,0.012137431307340489
10167,28,0.010555992232719136
11209,28,0.008566761694303874
12241,28,0.007814280444648006
13218,28,0.00815554108611519
14012,28,0.008080234200208179
15017,28,0.009903693850231751
15821,28,0.010888612302784366
16843,28,0.007216739323013984
17880,28,0.0063441164517350395
18932,28,0.007477651998948411
19571,28,0.007533030883363828
20860,28,0.012711379716705405
21918,28,0.014381754339940362
22966,28,0.016609999394103136
24699,28,0.05380525597965813
1745,28,0.0395600637104809
2293,28,0.03222658393253244
3135,28,0.002585369253811512
7146,28,0.01408403774947893
8012,28,0.014616565670641277
11214,28,0.011973933069064661
12246,28,0.012723180812531208
13223,28,0.011083735256144329
15826,28,0.06677976301745407
17677,28,0.02501977587543353
20005,28,0.00932605945558314
1645,28,0.12086956600518811
2298,28,0.10808744055491369
3141,28,0.10767263692308499
7150,28,0.06812895732799815
9111,28,0.18247324685534855
12255,28,0.13755523391356153
17895,28,0.13004095297256724
18734,28,0.058324227708968356
21932,28,0.20211181646661344
1279,28,0.25677441347312385
4042,28,0.23973509578511906
12260,28,0.13734261958109992
21937,28,0.21863449724064302
1191,28,0.2817357754809047
3155,28,0.2623865107663333
4048,28,0.2836224903943588
10193,28,0.3256190734678357
11233,28,0.18244441488884117
28017,28,0.26033674462265666
13243,28,0.36839944934273566
17904,28,0.10168909605558785
19810,28,0.15788499734578768
20883,28,0.09626773437055369
21942,28,0.21060761226413538
24889,28,0.16112211080132882
4833,28,0.36975998197691384
6096,28,0.31783409659665146
24011,28,0.29619859326624026
861,28,0.3719202250078786
4246,28,0.39389370912957566
13253,28,0.42763854714142424
19820,28,0.05132564027169924
23000,28,0.22392005834382375
1206,28,0.4293287482242256
4062,28,0.45283136920338873
6106,28,0.4638302201722875
14856,28,0.25377405926474833
21957,28,0.0807048885361199
24021,28,0.2507119364048186
25073,28,0.3084637513391683
582,28,0.4171490835561082
794,28,0.5062253243160004
1121,28,0.5362700491323793
6111,28,0.583493798072926
14861,28,0.2178401595951042
520,28,0.4659767255835065
797,28,0.5271921517853798
6116,28,0.6402181142748561
17929,28,0.26322264885052926
24031,28,0.2238355853046246
24914,28,0.2949255927481641
25754,28,0.5415038547752157
464,28,0.5555500998286758
803,28,0.6394278895835046
15875,28,0.09425658464022463
16898,28,0.20793991024618508
17934,28,0.43455566524460937
18774,28,0.3141325847416143
19840,28,0.21476378209295052
24036,28,0.35038613972170934
25760,28,0.5326678467176352
305,28,0.5026434107168375
1317,28,0.6770874726587642
1694,28,0.705763965576465
13453,28,0.36669511515462133
18779,28,0.35702946391293505
19845,28,0.39510693156466037
20918,28,0.38651725211752397
24924,28,0.7871663639301776
26733,28,0.8102435035908557
259,28,0.5546667918302595
1698,28,0.7547228531528619
2352,28,0.558949196659158
6131,28,0.79058441371048
6988,28,0.809779065232127
9161,28,0.8578475762491422
15884,28,0.1515244328396933
18784,28,0.38996520060563417
25098,28,0.830188479499539
26739,28,0.7717831970730668
27108,28,0.709726750262366
266,28,0.7460515238698422
1236,28,0.9247673993279246
6994,28,0.8545170827838571
8075,28,0.9114405912558575
16913,28,0.0912654105960021
17949,28,0.1361161326446379
20069,28,0.12834811791974793
20928,28,0.2203079749689902
21987,28,0.4434054645491009
24050,28,0.7304344208545653
25103,28,0.524673339652245
26326,28,0.7393125184323442
26744,28,0.7701293482032436
270,28,0.8434096706487656
823,28,0.9851994507622484
9389,28,0.9135119506912196
10449,28,0.9557537195844451
17953,28,0.17698221043128887
23040,28,0.19788144936916743
23661,28,0.15971517491335427
25278,28,0.22587929643038987
25780,28,1.04249947376828
26331,28,0.9318431417680335
27118,28,0.9049861879125597
27402,28,0.8610080617362731
113,28,0.7322873971314895
616,28,1.068678666304562
827,28,1.0206060086209827
1245,28,1.1182796364201282
8302,28,0.9285768199146965
11287,28,0.30816104854401466
17958,28,0.21427070488626057
20937,28,0.18724523911334573
21996,28,0.19101629634285502
25784,28,0.9212305124333189
26753,28,1.0379138689122536
63,28,0.848572375537681
234,28,1.0311679666718905
11706,28,0.1769650794614499
18804,28,0.26431531715385737
22002,28,0.4104096559358559
23050,28,0.44001617721940695
25789,28,0.1333426227133615
26758,28,1.1111841410126435
27127,28,1.0297614235534307
44,28,0.9201204107892451
238,28,1.1218643828893438
560,28,1.2282917080837887
4093,28,0.7619239485956361
11711,28,0.0610789694345023
25794,28,0.46964450986133355
26346,28,1.0294579029159037
27132,28,1.1038475034586395
27723,28,1.2213374344420136
9190,28,0.03402015859224585
10260,28,0.11431589172712514
21165,28,0.3427296123215387
23059,28,0.3941465193073868
24059,28,0.46874885919881093
24759,28,0.5236220786190954
26352,28,0.2269403512849859
26685,28,1.0749802930922085
27623,28,1.344256394115778
27727,28,1.199791753227219
27795,28,0.31481058366860326
248,28,1.4044774259263297
508,28,1.3425727431339034
847,28,1.363021400024952
1733,28,1.3680831966131166
3377,28,0.6574752712473109
19884,28,0.31730377368062684
22016,28,0.35760924217585094
24932,28,0.500533184197089
26356,28,0.31000996547433957
26773,28,1.1991440526282702
27628,28,0.35069043749939943
2,28,1.452723215646027
108,28,1.5865466275319968
852,28,1.4486226679511245
3208,28,0.28694424107315436
11312,28,0.08782529512773067
24069,28,0.39702915744833683
26360,28,0.23556776047623723
27147,28,0.5290419513543262
27633,28,0.49231712407502404
6,28,1.6726169769331514
112,28,1.4433031851069644
258,28,1.4454983962932768
1275,28,1.438841377213581
2541,28,0.628754532330833
3213,28,0.3536417324409098
4113,28,0.2890622302899921
8987,28,0.11940055582789677
10275,28,0.13283467580804453
11316,28,0.16665805077378076
12349,28,0.17582120008917257
13326,28,0.10397862323259892
17988,28,0.3511467539703007
21180,28,0.3896212508615786
24074,28,0.3869794774143389
24942,28,0.33149362647864533
27436,28,0.5074773516076054
27846,28,1.402938510508721
2385,28,0.5886377369210626
3218,28,0.48226217232892904
8120,28,0.20897884346927226
10279,28,0.3193372466347127
11322,28,0.33452536741067673
18834,28,0.38869368613242916
23079,28,0.3899103773729633
24947,28,0.37665764614189895
26176,28,0.4548327797312448
26787,28,1.991691390010087
27156,28,1.2077529365179167
27607,28,1.8275897113690776
1841,28,0.38360622008243545
2390,28,0.3166072933486455
17998,28,0.3891222317343699
22036,28,0.40126742957454
25809,28,0.30676047258523714
26361,28,0.2638570695236103
27869,28,1.4407517668936645
2394,28,0.5037544540586331
4127,28,0.3503398561109339
11331,28,0.7542814298655128
14940,28,0.22131780416488978
18843,28,0.5282377688991551
24089,28,0.36594594932030655
24957,28,0.2821387238045106
25814,28,0.24728859045386012
3230,28,0.18885955022384932
4132,28,0.29336917476887453
5134,28,0.22467955399515993
6195,28,0.31190346354815784
7053,28,0.2906184127199915
9225,28,0.5806199332583728
11336,28,1.0134188210809223
19913,28,0.547909401814313
28189,28,0.22995450970034867
3235,28,0.07569622802093215
5140,28,0.23063051066440443
13351,28,0.8691864136099495
14950,28,0.2947101090706103
15954,28,0.26029825195880824
18013,28,0.4159085388365465
23099,28,0.28471060282588095
24967,28,0.267552570127372
2721,28,2.6612133948789625
3239,28,0.13665844742863706
4141,28,0.210242567318088
5145,28,0.21809194336356238
5992,28,0.232450563065875
10305,28,0.9082709598298647
11346,28,0.9682569107327951
12378,28,0.9957152153434664
14437,28,0.21560894649009493
15958,28,0.2916350625742271
20996,28,0.2822582944597521
24103,28,0.2072922633024426
25487,28,0.07835193615772426
2557,28,2.7291831856176403
3244,28,0.17796385662571176
4146,28,0.16860206424928276
7283,28,0.262812022096392
11351,28,0.923753803963482
12383,28,1.0354106372755436
13360,28,0.6276821836370227
21002,28,0.22560778028367273
24976,28,0.18881697638831912
2396,28,2.7459921236183655
5154,28,0.1941424332322363
6214,28,0.22834639569273732
7072,28,0.23458621810035338
13365,28,0.3350058019067797
14964,28,0.1744436946764074
18867,28,0.2047229676316493
22065,28,0.11971854276835424
23113,28,0.0693325485526247
2401,28,2.6021421716424804
3254,28,0.20724165435486838
9249,28,0.22540397929105863
13370,28,0.6997926135568219
15973,28,0.27029351560207504
18872,28,0.12939185100071032
19938,28,0.13480219713022054
21011,28,0.0904098584744517
25819,28,2.4485318982781665
2406,28,2.132827590361377
3259,28,0.2472127243438173
6224,28,0.1909503802285662
12398,28,1.089379082318121
14974,28,0.10647154202284001
17001,28,0.25476828838490345
18037,28,0.16632818751535375
18877,28,0.15016204677628725
19944,28,0.10889826444365809
22075,28,0.08909862645275238
24123,28,0.01113541829193073
24991,28,0.09365266735460162
2411,28,0.9952925923804692
3089,28,0.21441665384871492
4166,28,0.1792450367666239
6229,28,0.20549485603965828
7087,28,0.18504993623879876
11371,28,0.9932799745343299
13380,28,0.35479230727827293
14979,28,0.2590522668520993
18882,28,0.1263402269517968
21021,28,0.04291931488010662
24128,28,0.11613618553289176
2416,28,0.2862983389630883
3269,28,0.3098877940751004
4171,28,0.1736399238229759
7092,28,0.2541038097653675
9264,28,0.19938645758963802
13200,28,0.14540744168520287
14984,28,0.21642894857200443
15988,28,0.15459308198178978
17011,28,0.18871719519769642
19953,28,0.10382043313040025
21026,28,0.058744030787100075
22085,28,0.09785270228588798
23133,28,0.12023644455886852
25002,28,0.16054893801096032
25826,28,2.8238172097471557
2421,28,0.19565478526696894
4176,28,0.2263046828062597
5179,28,0.20817877985881
7097,28,0.2113207668634169
8179,28,0.20733649994256442
14989,28,0.16788379640782775
18052,28,0.099441387954618
18892,28,0.08550655951461002
21031,28,0.07780939877580963
25831,28,3.4597340503836373
2426,28,0.33677363301318797
5184,28,0.25714153522588307
6244,28,0.22584911841052072
7318,28,0.3142651668501977
9274,28,0.27716202771875936
14993,28,0.07135451315943066
17020,28,0.1752534432960532
18897,28,0.05526072884119212
19963,28,0.018855699687445087
24143,28,0.14412609608253008
25011,28,0.1582057698239605
1967,28,0.19656406599970844
4186,28,0.2375848570737418
5189,28,0.24160718492400846
6248,28,0.27139828923933795
7107,28,0.2061727203458001
8189,28,0.2276935667269274
9279,28,0.3111032598392161
11391,28,0.3603478000263768
12423,28,0.2591172289673866
14453,28,0.17846939116530064
14998,28,0.12778217032950107
16003,28,0.03141417280804015
19968,28,0.02136012502739128
21041,28,0.12909380390189723
24148,28,0.22203443856182345
25016,28,0.26943095390465127
1845,28,0.30390508272349803
2436,28,0.2333743762061437
3289,28,0.33308398619474117
4190,28,0.26181151636538813
6039,28,0.2810858332309673
13383,28,0.2340773065844629
14299,28,0.10001276886847804
18067,28,0.051651873939214804
19119,28,0.007853215605640364
19973,28,0.07019383639577839
21046,28,0.12624841573393933
25021,28,0.3225677375341517
25846,28,3.0134674774523424
3119,28,0.26288719893460866
7117,28,0.27722282483686844
8199,28,0.18335577951277782
9289,28,0.21873984060791704
10359,28,0.2744225478715799
12433,28,0.2175881441228858
13388,28,0.24553969944214363
28001,28,0.14329538269112357
16013,28,0.08671575258201403
18072,28,0.0200545922924675
18912,28,0.11008521122738361
23158,28,0.32932069891530674
24158,28,0.29113595895965605
25026,28,0.3949975507762377
1741,28,0.728097867879701
4200,28,0.2114831052551942
7122,28,0.1363634611335541
10364,28,0.16946250574070104
11406,28,0.12239089724483765
13393,28,0.08534177717234702
15013,28,0.20369304719031567
17040,28,0.06927344582807224
18917,28,0.06684292882458812
22115,28,0.29717850016171776
23163,28,0.3184483835058473
25031,28,0.4263525797049204
25856,28,3.5021471827962243
27857,28,3.559681758105058
2288,28,1.8216265904895177
6269,28,0.4693313672412675
7126,28,0.2947102438909547
8209,28,2.396320899364866
9298,28,0.1508300660142326
10368,28,0.07541786743268811
11410,28,0.1781145395363291
27967,28,3.7705623517292426
27981,28,0.9896236867622995
28051,28,0.30300244855675335
16225,28,1.5444031617930023
17045,28,0.782787130089359
19987,28,1.2963508743156642
21060,28,0.33996465710853296
22118,28,0.32248150725750735
23166,28,0.4991757544639586
24166,28,0.5746152627211039
25035,28,1.1811667809387487
25860,28,2.491460734108916
27918,29,0.018390086404218145
8211,29,0.018474729181314244
9083,29,0.017561506437502417
28125,29,0.01492803797938048
20418,29,0.015581542419549128
5210,29,0.020815446643513563
6057,29,0.022872779452645802
7130,29,0.017007311453179713
7997,29,0.01662588018140434
9087,29,0.019982160218218296
9948,29,0.01841574525597829
18291,29,0.017161687863581982
18922,29,0.017653380289812448
19776,29,0.018300528314038857
20849,29,0.021349794635990633
21908,29,0.02205436299176509
22958,29,0.027701988530919052
3482,29,0.019300635217755907
4019,29,0.0073808814696336295
4798,29,0.0159729114528518
5849,29,0.01828258639877569
7136,29,0.015684957830238166
8002,29,0.016336532051186885
9092,29,0.02068385314442899
10161,29,0.018588182092321704
11204,29,0.0173777886555934
12238,29,0.016478079929753968
16840,29,0.016828744647356043
17874,29,0.015584575342406377
18716,29,0.018423741760742535
19565,29,0.0205204158629589
20854,29,0.023393362179131922
21913,29,0.02354109351751219
22961,29,0.026655492598858087
23977,29,0.02056742462622131
2451,29,0.0581806207490657
4023,29,0.024472281287908678
5007,29,0.027311739021341208
5853,29,0.02795291073285231
6925,29,0.023517207301435326
9097,29,0.02616580081183531
10167,29,0.023967876246816733
11209,29,0.01948895300719629
12241,29,0.018953323694524293
13218,29,0.02079242315902879
14012,29,0.020338882423497635
15017,29,0.02202643579002578
15821,29,0.022431534550732813
16843,29,0.02019537295343527
17880,29,0.021512025230348644
18932,29,0.023669550256439877
19571,29,0.024236037408697453
20860,29,0.027163563563249223
21918,29,0.028508192092963
22966,29,0.028650214195973387
24699,29,0.05737163267811393
1745,29,0.010434956975594694
2293,29,0.03197336595525407
3135,29,0.06478888476048518
7146,29,0.05680214467543505
8012,29,0.060004469055862486
12246,29,0.029501051384888573
13223,29,0.024306156885794933
15826,29,0.027649440492705044
17677,29,0.028474358829150993
20005,29,0.027430585366948368
1645,29,0.06731736283047948
2298,29,0.0487477688034342
3141,29,0.04731963421182719
7150,29,0.06058415354717462
13227,29,0.0948009581603662
14021,29,0.029164364073765936
9111,29,0.037910825650010194
12255,29,0.6668547443208565
17895,29,0.07332970844184565
18734,29,0.10722861146696988
1279,29,0.2153019837165286
4042,29,0.21745640858585508
11228,29,0.10443765271822227
12260,29,0.5744457309412778
18951,29,0.17479550955151674
21937,29,0.38797464210044186
1191,29,0.27911187331980963
3155,29,0.20567113132202539
4048,29,0.2304018824095212
10193,29,0.5440645874198601
28017,29,0.1447708781024109
13243,29,0.3095151100775549
15845,29,0.1109256817494256
17904,29,0.2263747689232104
19810,29,0.3518503996885651
20883,29,0.2988999019982542
24889,29,0.28238187649375623
4833,29,0.2680904094896282
18749,29,0.25845428437535956
21947,29,0.36928322115577267
24011,29,0.43410975702045024
861,29,0.3284638998478906
13253,29,0.14518928452698515
23000,29,0.375522590408545
4062,29,0.33008853766537416
5047,29,0.31474037516060643
14052,29,0.2535701496599017
14856,29,0.25160686662034343
21957,29,0.34087265033979947
24021,29,0.4974763701983067
25073,29,0.6330374768651986
582,29,0.3588779248309235
794,29,0.4157498372029772
1121,29,0.40848089517118225
6111,29,0.3686324748746701
14861,29,0.3187348612029276
18764,29,0.38939337488873854
23010,29,0.3655359919212637
520,29,0.389943292577111
6116,29,0.4063148155822022
17929,29,0.4976563328542783
24031,29,0.4690194600508423
25754,29,0.7869005271112356
464,29,0.45366469264342973
803,29,0.5241212464613931
14871,29,0.5435546022274894
15875,29,0.5282537493590334
17934,29,0.7385721246471834
24036,29,0.6054807501306338
24919,29,0.6281907719065296
25760,29,0.7388398948754044
305,29,0.24259306573781275
1317,29,0.5870084883755652
1694,29,0.590012528304387
18779,29,0.8135957142295819
19845,29,0.5927251772744518
20918,29,0.5320116671352845
21977,29,0.7172383414414583
24924,29,0.8164964598299764
26733,29,0.9557204818555496
259,29,0.3298550065893897
1698,29,0.6151216647021676
2352,29,0.4460912229626153
18784,29,0.8413508988379069
21982,29,0.6833613050319395
25098,29,0.8612925399565505
26321,29,0.8930043437030113
26739,29,0.9813004274300666
27108,29,0.9083579495542168
266,29,0.43365696104062595
6994,29,0.5104295397799579
8075,29,0.5395563991533966
16913,29,0.4488193030749397
17949,29,0.28097574283932836
20069,29,0.3295497300819294
21987,29,0.6576496581402523
25103,29,0.6637856746381159
26326,29,0.923156343518443
26744,29,1.0410751892295855
270,29,0.46932504998744734
823,29,0.694638235379825
6998,29,0.5065374180537452
9389,29,0.5377985456188762
10449,29,0.5699027367830035
17953,29,0.31576849574780175
18794,29,0.32476358408566447
23040,29,0.0731351219322245
23661,29,0.3994042496520683
25278,29,0.5663220488062412
27118,29,1.1332646849682497
27402,29,1.0977917082813324
113,29,0.23904572963435608
616,29,0.7696138656222864
827,29,0.7540346895120779
1245,29,0.759593095446553
8302,29,0.549922506205975
11287,29,0.4826048287614309
17958,29,0.3882235815545155
20937,29,0.2864696258685303
21996,29,0.21755207519081737
25784,29,0.8581077432712528
26753,29,1.0371904881510146
63,29,0.49697921666509887
234,29,0.6820869837556941
494,29,0.8034847764399321
11706,29,0.3118689707222269
22002,29,0.23341422462092634
23050,29,0.19197685241964357
25789,29,0.06916978378876133
27127,29,1.3041534295368573
44,29,0.5667704934413785
560,29,0.9044516639746405
4093,29,0.49895594386955927
11711,29,0.31630781724448764
25794,29,0.11869573772585036
26346,29,0.7630248778578724
27723,29,1.2267181665540192
16,29,0.5479377946159484
9190,29,0.37200826027710676
10260,29,0.3256138224300869
21165,29,0.31042289753453217
23059,29,0.2718438699700105
24759,29,0.30766153540334007
26352,29,0.2708462037827228
26685,29,1.573055242659821
27623,29,1.4775123937343542
27727,29,1.3489114569155516
27795,29,1.2175596279953083
7,29,0.6661397545326838
248,29,0.9911205395340819
508,29,0.8882415905457003
847,29,0.8518278701752008
1733,29,0.8804592307452157
2081,29,0.836941429300548
3377,29,0.6132744046803342
22016,29,0.3970930309922696
26356,29,0.2886677916951746
26773,29,1.5351231998378174
27075,29,1.5972465003564837
27628,29,1.4428194779660923
2,29,1.1939139199435627
108,29,0.9694346065545025
1738,29,0.9555727649022926
3208,29,0.6606314180383509
11312,29,0.2500432022151673
24069,29,0.3443036452380303
24936,29,0.3390839874812866
26360,29,0.35328583767554345
27147,29,1.4698175661145085
27381,29,1.3193184150177928
27633,29,1.5126271212072495
6,29,1.5010948575606198
112,29,1.2827338324020978
258,29,0.9353511153717315
1275,29,0.8938329882694424
2541,29,0.7723095120156285
3213,29,0.7297285086088209
10275,29,0.3321605913273294
11316,29,0.3049703593074618
12349,29,0.3751753230384802
13326,29,0.49951313939370756
17988,29,0.5558335614593195
21180,29,0.4169788742174147
24074,29,0.45822672674958526
24942,29,0.36705983090190986
27436,29,1.3717671035044647
27846,29,0.7334149574641675
2385,29,0.8269539431148173
3218,29,0.8017436416031627
4309,29,0.7085159299910746
8120,29,0.6667912781877381
10279,29,0.2810091742794388
11322,29,0.19344974105583854
18834,29,0.5465984668477749
23079,29,0.5605031310654075
24947,29,0.49445544161275007
26176,29,0.5278941845487174
27156,29,1.592916450366802
27607,29,1.917252043273
1841,29,0.8512938988768943
2390,29,0.7950910570676685
13336,29,0.6370473014955097
28131,29,0.23727449410001814
25809,29,0.6304023520596528
26361,29,0.6580534047008644
27869,29,0.9450896550547565
2394,29,0.9825231094914435
4127,29,0.8231666952102599
11331,29,0.23770941737224327
14940,29,0.13110949297200708
18843,29,0.30393640877999767
24089,29,0.16223755901235062
24957,29,0.5926553410578553
3230,29,0.23115321030738836
5134,29,0.6539067176250344
7053,29,0.4571883249059162
11336,29,0.45348657641421375
19913,29,0.2551622443526808
28189,29,0.7867414134439751
3235,29,0.34131146988822975
5140,29,0.2257923854970115
13351,29,0.16698200777808084
14950,29,0.16329736365432365
15954,29,0.10109018570953807
18013,29,0.11909266390036076
19919,29,0.15066986852832168
23099,29,0.2807130106457226
24967,29,0.21178656578198962
2721,29,0.9012865889966409
4141,29,0.30787929988696766
5992,29,0.28370140263342225
9234,29,0.23718716324833308
11346,29,0.3844184889036325
14437,29,0.31856512272352105
15958,29,0.16072990053047875
20996,29,0.15414159479036502
23103,29,0.1999686246203876
24103,29,0.22418718511305294
25487,29,0.3675404662530617
2557,29,1.5553488814444962
3244,29,0.4421726382331989
4146,29,0.3908314625176215
7283,29,0.26940260707316294
11351,29,0.4350529883427035
13360,29,0.24469933903187202
21002,29,0.10009276176902479
24976,29,0.3324847263869605
2396,29,1.8996458795566027
3250,29,0.36736142577416364
5154,29,0.4414039588636997
6214,29,0.35762361478870985
13365,29,0.07047956482907433
14964,29,0.18487534193076371
18867,29,0.08562679857211539
22065,29,0.22599963975524778
23113,29,0.2644956299443341
2401,29,1.5133053336135742
3254,29,0.48068275196078175
6219,29,0.4481430201677635
9249,29,0.11263442745817216
13370,29,0.2760382436355164
14969,29,0.17466000283727504
15973,29,0.16567691827712222
16996,29,0.16880176657149823
18872,29,0.24172137050203066
19938,29,0.14971063747345825
21011,29,0.236877190236721
25819,29,2.00833680049273
2406,29,0.592243384766031
3259,29,0.45807037540798595
12398,29,0.4302111434357463
13375,29,0.23329261294229064
14974,29,0.24960598274476573
17001,29,0.223662727082066
18037,29,0.24978935001607408
18877,29,0.242044792227748
19944,29,0.21033528583471134
22075,29,0.34192653810200246
24123,29,0.3876453539466086
24991,29,0.5411223764535625
25669,29,0.6775309789280637
2411,29,0.4277069483451387
3089,29,0.47991863155139314
4166,29,0.5606112067029623
11371,29,0.21454124223451768
12403,29,0.33786564167831945
13380,29,0.3917634966052019
14979,29,0.39658898406784854
18882,29,0.246750238977806
21021,29,0.3293825434150667
23337,29,0.47284741779638617
24128,29,0.4710296320415388
3269,29,0.6110793661246221
9264,29,0.5342535008283251
11583,29,0.20783687368224407
13200,29,0.4458898082592844
14984,29,0.757070951517912
15988,29,0.4086051744546333
17011,29,0.3960216558200834
19953,29,0.3702864596053434
21026,29,0.3998483789269459
22085,29,0.38772289953889744
25002,29,0.6081180755717381
25826,29,1.7786291515534578
2421,29,0.4148810148048142
4176,29,0.6071966760851952
5179,29,0.631193593894443
7097,29,0.6518845937542884
14989,29,0.7019787560232928
18052,29,0.43366823663341153
18892,29,0.4387621474887653
21031,29,0.499746336542118
25831,29,3.085911314483213
1962,29,2.6772365857452405
2426,29,0.46877333578619557
5184,29,0.6614200920293432
6244,29,0.6669630151656407
7318,29,0.680610660433379
14993,29,0.6092361153863329
17020,29,0.5424439768799578
18897,29,0.4319037898447075
19963,29,0.4929798231842656
25836,29,2.430437238274754
2431,29,0.4733510974622971
3284,29,0.6045095641931177
5189,29,0.7689418987320864
6248,29,0.7633315383680488
7107,29,0.7331827722086721
8189,29,0.7537252424418894
9279,29,0.8657671638929637
11391,29,1.139151737393117
12423,29,1.243244955776652
14453,29,0.6564463512684174
14998,29,0.6233481755491682
19968,29,0.5996877509148885
24148,29,0.6572280846956116
25016,29,0.7730100346198768
1845,29,0.4089096347629025
6039,29,0.5895561078627432
13383,29,0.2604944448482089
14299,29,0.47548544931510855
18067,29,0.6213026498536679
19973,29,0.6092353662438469
21046,29,0.6593147701459781
25021,29,0.8895557918587634
25846,29,1.7511922218779026
3119,29,0.6054780304579848
4010,29,0.5259880321951927
7117,29,0.25980503530856575
8199,29,0.07855724642327969
9289,29,0.10871416848705456
13388,29,0.09179951007778364
16013,29,0.555291478314392
17036,29,0.6112085809440649
18072,29,0.5610706764808662
18912,29,0.5919922953892933
22110,29,0.7434288665357015
23158,29,0.8287865876237238
24158,29,0.7952351279241593
25026,29,0.978566815941094
1741,29,2.0159978834473034
3298,29,0.6396843678998781
7122,29,0.251853065103239
8203,29,0.16792661022971447
10364,29,0.134046696338455
11406,29,0.14110068128761172
12438,29,0.23036706510554217
13393,29,0.28433195240084164
15013,29,0.4660705841869114
15815,29,0.5200323990870082
17040,29,0.6793619591073613
18917,29,0.6558105636571947
22115,29,0.7581935264084202
24163,29,0.9247079806710704
25031,29,1.0632136334411577
25856,29,2.802895233202635
27857,29,3.507248554281244
2288,29,2.1518050169052607
4205,29,0.5045345976491249
6269,29,0.6166269265013083
7126,29,0.2944438190143178
8209,29,1.8286719501724347
9298,29,0.3932038033261187
10368,29,0.2625875693700709
27967,29,3.685588336429119
27981,29,2.548473076087055
28051,29,0.9456809202435138
16225,29,2.470979150635943
17045,29,1.967216857826787
19987,29,1.1013821966569457
21060,29,0.6996687165629778
22118,29,0.8229176961539281
23166,29,0.9242836596066925
24166,29,1.1086380654741281
25035,29,1.3596816701934717
25860,29,4.158009260908043
27918,30,0.011034159939402224
8211,30,0.010565477599842374
9083,30,0.012853113850341335
28125,30,0.015354367173547927
20418,30,0.0191931848408877
5210,30,0.006535630146840235
6057,30,0.0045672662501546335
7130,30,0.007907694878182134
7997,30,0.008564731481963107
9087,30,0.010588052276623338
9948,30,0.012110759479098093
18291,30,0.020222108193927477
18922,30,0.019547149285993597
19776,30,0.01934040517701703
20849,30,0.024342531095326497
21908,30,0.023793377590365143
22958,30,0.02012754106928972
3482,30,0.03284228500571647
4019,30,0.016092064493271864
4798,30,0.0044042825747518215
5849,30,0.002475918330000775
7136,30,0.006635383316305451
8002,30,0.008323094516317636
9092,30,0.01159711190688798
10161,30,0.012716355527286484
11204,30,0.012192591837588548
12238,30,0.007853960531470855
16840,30,0.013828470547822271
17874,30,0.015442395482005829
18716,30,0.020566705240130066
19565,30,0.021784150401593646
20854,30,0.026390184591057644
21913,30,0.022036233009563314
22961,30,0.017865628222918407
23977,30,0.015765583918078033
2451,30,0.08762068859166867
4023,30,0.0401324897069209
5007,30,0.028916583710502004
5853,30,0.02440522539437324
6925,30,0.010790079481252286
9097,30,0.01504828426091063
10167,30,0.013341413060821808
11209,30,0.010429380105339631
12241,30,0.00921996725833283
13218,30,0.011249915652989988
14012,30,0.011937046321759775
15017,30,0.012937900844008397
16843,30,0.01896357313315703
17880,30,0.02129610983479309
18932,30,0.022736798828151793
19571,30,0.023448316555737397
20860,30,0.03030384428803747
21918,30,0.03080148929259465
22966,30,0.018677690220079816
24699,30,0.007053971796299603
1745,30,0.034840235322259785
2293,30,0.018661544339828598
3135,30,0.017478881139917607
7146,30,0.006900148786318631
8012,30,0.07981098591034393
10171,30,0.015671467720371018
12246,30,0.015310964470417977
13223,30,0.016242737271971806
15826,30,0.2672663251332532
17677,30,0.050020835688252545
20005,30,0.023546734099219743
1645,30,0.06583580875891959
3141,30,0.07354903076902268
7150,30,0.028300248174440587
9325,30,0.08728515277994661
13227,30,0.029367155165090364
2971,30,0.0753111170700442
9111,30,0.01726047905039234
12255,30,0.08148652195417991
18734,30,0.22033414462847867
1279,30,0.1397432275912011
12260,30,0.12304008493097979
13237,30,0.18207629446381632
18951,30,0.6948408795612017
21937,30,0.4959851134399485
3155,30,0.11692430900344453
4048,30,0.1665003892354598
9340,30,0.15304256029824306
10193,30,0.0969846336123462
28017,30,0.23256257959423313
17904,30,0.42679548656469657
19810,30,0.5788424774447974
4833,30,0.20472196664072395
18749,30,0.3978562333941025
21947,30,0.6255345980523611
24011,30,0.49241741952695406
861,30,0.1586578798907987
23000,30,0.6680204842561895
24016,30,0.6299509378625734
24899,30,0.49778894914887056
4062,30,0.22560103793566683
5047,30,0.2476554983125916
14856,30,0.27109122111791223
17919,30,0.22125996594903852
21957,30,0.46342839587154355
24021,30,0.5494435546731538
25073,30,0.568368266981818
582,30,0.14084404245766405
794,30,0.23226448115894172
1121,30,0.23627546899306567
6111,30,0.2657502633821232
14861,30,0.1583834322044756
18764,30,0.21024905765332913
23010,30,0.5674479218415514
520,30,0.19231080933671768
6116,30,0.286170269188935
24031,30,0.5644202001340167
25754,30,0.738314899471319
464,30,0.1857800095325931
803,30,0.18246626132782276
7194,30,0.2913815375064675
14871,30,0.4517200648563241
15875,30,0.30283594779748113
17934,30,0.622151696669007
24036,30,0.517269700684653
25760,30,0.7055374995364598
305,30,0.29171679933359695
1317,30,0.24287799789930908
1694,30,0.24926885655052297
18779,30,0.7190983114220655
19845,30,0.37958268551726687
20918,30,0.39157656661736434
21977,30,0.641711454693094
24924,30,0.6423560799730462
26733,30,0.8316470768633067
259,30,0.18514215661463876
812,30,0.23723524978997665
1698,30,0.26456210623022947
18784,30,0.8517042165273941
25098,30,0.7764404199840501
26321,30,0.7359564758515748
26739,30,0.8459414254583731
27108,30,0.7477462013282171
266,30,0.1988529875761305
6994,30,0.11209211595739885
16913,30,0.26679014447960747
17949,30,0.15280419541568363
20069,30,0.22501408689164284
21987,30,0.7424166111981819
25103,30,0.8822115575658971
270,30,0.18585846928381397
823,30,0.21901708538488868
1709,30,0.2965217657862447
9389,30,0.13584028506628226
10449,30,0.18159739126309005
17953,30,0.2198036930174396
18794,30,0.22463561084308276
23661,30,0.7541017763473445
25278,30,0.7360136809250911
26748,30,0.8624912080574221
113,30,0.3078905214144864
616,30,0.24786970761556418
827,30,0.2382272932450678
1245,30,0.24796482883424079
8302,30,0.09749652033967106
11287,30,0.18868852064838595
17958,30,0.32383559743131846
20937,30,0.06943764141929595
21996,30,0.03532251426914309
25784,30,1.007308498062894
26753,30,0.9916280862009988
63,30,0.24201165183744067
234,30,0.1549889726066799
1718,30,0.3298939082196205
11706,30,0.0982581758607544
22002,30,0.18702313222645195
23050,30,0.2819192785084337
25789,30,0.4055931276906335
27127,30,1.136282453696837
27411,30,1.1868422689324956
44,30,0.27684509218147246
560,30,0.28883553849407423
838,30,0.29120319920085375
4093,30,0.10763560962918044
11711,30,0.0873976334036978
22007,30,0.16920655931607365
26346,30,1.2194423801357763
27723,30,1.1286480168194957
16,30,0.12206177302270195
9190,30,0.08076915984502338
10260,30,0.04652370968567436
21165,30,0.1123976306590772
23059,30,0.21138524778375156
24759,30,0.11752755202094665
26352,30,0.40353318983070324
26685,30,1.5496301257775154
27137,30,1.3925621734583808
27468,30,1.4049260575323206
27623,30,1.3444368471946966
27727,30,1.2515741958180546
27795,30,1.4492117850924608
7,30,0.6547879480454825
248,30,0.4273630218707704
508,30,0.31999993011022004
847,30,0.4863797626654896
1733,30,0.30209672680879446
3377,30,0.0751546319570004
22016,30,0.08111050987041436
23064,30,0.10202994705119495
26356,30,0.539923767097058
26773,30,1.691983517451991
27075,30,1.6068754197166457
2,30,1.2328867937978931
108,30,0.29446334464943824
1738,30,0.30828477359366074
3208,30,0.09144253658844217
11312,30,0.06709440794196489
24069,30,0.12479131488996761
6,30,1.6052221391488768
112,30,0.35288346458037606
258,30,0.30989425487619693
518,30,0.2775012285791636
1275,30,0.47239667932081086
2541,30,0.15567725432372073
3213,30,0.13757357079231208
10275,30,0.03394248592068619
11316,30,0.14681986074694076
12349,30,0.1872391546741743
13326,30,0.13203587225609678
21180,30,0.2663629399280473
23074,30,0.1556417882943693
24074,30,0.08269081736542737
24942,30,0.09588836816079696
27436,30,1.729448196360088
27638,30,1.701590786573516
27846,30,0.1429919605512705
2385,30,0.21378675479909515
4309,30,0.022893085501033576
8120,30,0.21126148277386886
10279,30,0.26363364901998937
11322,30,0.4329691579168542
18834,30,0.3394029737715243
23079,30,0.33961266891228825
24947,30,0.1073472636110092
26176,30,0.24773910142876174
27156,30,1.8195849184868842
27440,30,1.842608550434891
1841,30,0.19082829584820166
2390,30,0.1655192978120334
13336,30,0.23806594887533628
28131,30,0.1577517415080566
24952,30,0.41987457694943653
25809,30,0.22541196458108487
26361,30,0.6758325147399711
27869,30,0.38137039311475984
2394,30,0.27449077431534613
4127,30,0.13211221696515668
14940,30,0.3051745413743826
18843,30,0.4946766199149947
24089,30,0.363888099945864
24957,30,0.5024188458873599
3230,30,0.31693719204387283
11336,30,0.7459138068920845
28189,30,0.7835747030273302
3235,30,0.30448919635349264
13351,30,0.521310547815021
14950,30,0.30813097478687895
15954,30,0.2870173584676115
18013,30,0.3645821441185105
23099,30,0.32741167487649986
24099,30,0.22849151199952786
2721,30,0.7129024055451292
4141,30,0.24353310858552746
9234,30,0.6600096665902921
11346,30,0.6060022877111048
14437,30,0.14916137018627063
15958,30,0.356051318087388
18017,30,0.2922599607950813
20996,30,0.28314253815764195
22055,30,0.27783616476650996
24103,30,0.28179052426206935
25487,30,0.34569365684491093
2557,30,1.135855830665356
3244,30,0.2695776753201647
4146,30,0.2206842577150391
4941,30,0.19528701952054986
6209,30,0.20772229754871066
7283,30,0.20934034359617282
11351,30,0.5797257212037353
13360,30,0.5587755553147905
21002,30,0.3000907451579707
24108,30,0.1963621426994212
24976,30,0.32940367006447
2396,30,1.3978056640215961
3250,30,0.2845127733207575
5154,30,0.16630245128594548
6214,30,0.1822179336222229
13365,30,0.41254897427276715
18867,30,0.1316879722771126
22065,30,0.144467873953909
23113,30,0.11398981316772568
24113,30,0.16190301325840303
25659,30,1.4176344270437
3254,30,0.27247006497657206
6219,30,0.08954544862464234
9249,30,0.2607754220962729
13370,30,0.40623091800415995
15973,30,0.36020599231616907
18872,30,0.12754831297556724
19938,30,0.056483622457997235
24118,30,0.08448971515441231
24986,30,0.23560141820761668
25819,30,2.4874690778700477
2406,30,0.8247574367581879
3259,30,0.3295932510551301
7082,30,0.06523804135051367
13375,30,0.4365282578609295
14974,30,0.11902529089964767
18037,30,0.1461285930301863
18877,30,0.14412554877822423
19944,30,0.12731667994214274
21016,30,0.06474865979769043
22075,30,0.06161018949896961
24123,30,0.13161505566305268
24991,30,0.26306555936424686
25669,30,0.3652830376371431
3089,30,0.296354855468193
4166,30,0.22910579901789715
11371,30,0.3188052515227877
12403,30,0.3692989738482846
14979,30,0.12692464333856276
18882,30,0.13119204533257586
21021,30,0.06752953868160774
23337,30,0.22629539865905882
24128,30,0.26394483545597425
25673,30,0.37005414805112796
3269,30,0.2827358811943673
8392,30,0.08818207215621675
9264,30,0.022877247812114816
11583,30,0.278661271400616
13200,30,0.2034734972762873
14984,30,0.08694993061982711
15988,30,0.1124344403952686
17011,30,0.16181190858843475
19953,30,0.05258790957047809
21026,30,0.010537996890064792
22085,30,0.031051440512132336
25002,30,0.23109128634515194
25826,30,2.8279209844509277
2421,30,0.365472632277937
4176,30,0.21945193424073114
5179,30,0.1873400511213176
7097,30,0.06723034412363374
14989,30,0.08934869278904194
18052,30,0.07180811626428604
18892,30,0.047581768938267946
21031,30,0.013152812092631787
25831,30,3.4154193784767957
1962,30,0.9628474479316522
2426,30,0.3240861294716615
5184,30,0.22317983969409672
6244,30,0.11254429302309345
7318,30,0.04079159507647689
14993,30,0.061908139373037095
17020,30,0.11449406714018062
18897,30,0.025501168541686742
25836,30,2.7484158644252976
2431,30,0.2968942582440354
5189,30,0.20079148036423738
6248,30,0.13164109486851727
7107,30,0.09304363376464117
8189,30,0.10950464013228464
11391,30,0.1914611990594944
12423,30,0.17859060696373352
13013,30,0.12846711809810474
14453,30,0.10438570916707404
14998,30,0.12624936257046754
24148,30,0.22465443751500974
1845,30,0.34522997825944785
4985,30,0.1515057794844747
6039,30,0.10434144236786791
11396,30,0.29294751254540796
13383,30,0.32546176255452325
14299,30,0.12416418149192197
18067,30,0.18800811188979644
19973,30,0.17164766928525563
25021,30,0.3512008577863732
25846,30,2.1895185873755953
2441,30,0.37606200304415127
3119,30,0.28038696433142335
4010,30,0.21487459377924634
7117,30,0.09344107530868195
9289,30,0.17209026506180117
11401,30,0.32080031267097886
13388,30,0.37009639593004595
16013,30,0.19543495343028483
17036,30,0.27992730420306516
18072,30,0.25546712317190834
18912,30,0.1060114653599048
23158,30,0.17853196273132013
24158,30,0.2974410009339438
25026,30,0.14024825583576755
1741,30,0.5757660024748004
2446,30,0.3377283228681753
5203,30,0.16974740483922676
7122,30,0.22272228478095193
8203,30,0.13656415290540572
10364,30,0.3103821617665688
11406,30,0.32879897679901915
12438,30,0.20972091430324372
13393,30,0.4052828814840869
15013,30,0.18166342342146974
15815,30,0.1536178398620869
17040,30,0.21476320195110735
18917,30,0.18386301759310764
22115,30,0.33342919913191704
24163,30,0.37091550955658065
25031,30,0.28309392517889387
25856,30,3.3369504162917485
27857,30,3.427841213380359
2288,30,1.3950604510204914
4205,30,0.17725876356983952
6269,30,0.1786603609822498
7126,30,0.32272983126495575
8209,30,1.1642018266075704
10368,30,0.32566204425233386
27967,30,3.8221191380093873
27981,30,1.0079430232835995
28051,30,0.25228455965228425
16225,30,0.6691625301809265
17045,30,0.536065806644725
18290,30,0.236976682110925
19987,30,0.7667984685696527
21060,30,0.25731686068861015
22118,30,0.286257894705097
23166,30,0.5844468947337554
24166,30,0.8225935748312928
25035,30,2.623103625700057
25860,30,4.133707765035792
27918,31,0.019228574937541862
8211,31,0.020545969953512263
9083,31,0.020383865981324523
28125,31,0.017913999829896297
20418,31,0.02069618190712098
5210,31,0.02047353513181075
6057,31,0.017608453363674306
7130,31,0.018596530223096513
7997,31,0.019027163718432282
9087,31,0.0207864711726063
9948,31,0.019041763668984708
18291,31,0.023947360674567743
18922,31,0.02361853630271917
19776,31,0.02351579633478164
20849,31,0.026181813748216376
21908,31,0.02556469384935141
22958,31,0.02324959555172051
3482,31,0.05738461823539368
4019,31,0.030334401149613714
4798,31,0.01777412491142266
5849,31,0.015305567211737876
7136,31,0.017305375131149305
8002,31,0.01868663168061964
9092,31,0.021636429693550785
10161,31,0.01949259303820479
11204,31,0.017826731559282084
12238,31,0.015388361373659601
16840,31,0.02063408272950516
17874,31,0.021209816724845846
18716,31,0.025442757357124958
19565,31,0.02646944856644239
20854,31,0.0285551532144628
21913,31,0.024858872138391816
22961,31,0.020714776712328156
23977,31,0.018363631998649318
2451,31,0.14042441737137795
4023,31,0.065960562662373
5007,31,0.05031717713429769
5853,31,0.034780532247406196
6925,31,0.02160219509075461
9097,31,0.0275359757012503
10167,31,0.02490045974761173
11209,31,0.02016463238579567
12241,31,0.018689061716193296
13218,31,0.02047145584845439
14012,31,0.02113124181541525
15017,31,0.023376607619904205
16843,31,0.025472120680658066
17880,31,0.027922876196848377
18932,31,0.030448063004554844
19571,31,0.03131910078667328
20860,31,0.03549181000756993
21918,31,0.03441957154036609
22966,31,0.02576782570399674
24699,31,0.04862831174575672
1745,31,0.026681695274073797
2293,31,0.07903948940861273
3135,31,0.08193736807907939
27900,31,0.034291375202013634
7146,31,0.06350789528917783
8012,31,0.12490718586632428
10171,31,0.03550637997936549
12246,31,0.029548679273783032
13223,31,0.028076100481491867
16848,31,0.05118499794992716
17677,31,0.042222819613389403
20005,31,0.03304259097628246
1645,31,0.015840948019181258
3141,31,0.10759596157702361
7150,31,0.07249934630690483
9325,31,0.4529861947821397
10177,31,0.6403563721067127
13227,31,0.0586891124161352
2971,31,0.10500464383810143
9111,31,0.353546997735413
12255,31,0.5165585323872087
18734,31,0.1831375652761683
1279,31,0.030891860944964482
12260,31,0.44669487940432273
13237,31,0.1936791333622453
21937,31,0.3766060722839687
3155,31,0.25709234726822977
4048,31,0.2982789970100283
9340,31,0.10497386606193401
10193,31,0.41029504681643514
28017,31,0.24306761793964402
17904,31,0.6034387359280812
19810,31,0.6888761906578148
4833,31,0.23105047877470467
6096,31,0.06237704755828964
12270,31,0.22146304037745024
18749,31,0.4911597313904728
24011,31,0.1929106740761724
861,31,0.128246958766008
24016,31,0.3722762506546721
1206,31,0.20400264965510975
4062,31,0.33613870659018313
5047,31,0.26298062983992226
6106,31,0.19527719431152654
14856,31,0.3438002837586224
21957,31,0.2808519988750352
24021,31,0.32393310327821767
25073,31,0.31530480538227645
582,31,0.25009979389180526
794,31,0.21190091129922448
1121,31,0.21884287385031542
6111,31,0.1943327437862734
23010,31,0.2110407181941844
25078,31,0.31304794539682107
520,31,0.2900038096624979
6116,31,0.10251000971772713
21967,31,0.5710734946593332
24031,31,0.18924135262278716
25754,31,0.434282316724984
464,31,0.2407665730068287
803,31,0.215318881414827
14871,31,0.4826864626330358
15875,31,0.5440363348943021
16898,31,0.6683593165870959
17934,31,0.6288775094187046
19840,31,0.4145307231539081
24036,31,0.3033099136618972
25760,31,0.38090937147759635
1317,31,0.2460736200996938
1694,31,0.254237332265944
15880,31,0.5917568140046917
17939,31,0.9063306504944034
18779,31,0.636584224174521
19845,31,0.42030832560135273
20918,31,0.4623019384173093
26733,31,0.6049051073731878
259,31,0.11462005274575104
812,31,0.22390254587218641
1698,31,0.2818362478399671
17944,31,1.0082103964556555
25098,31,0.4443624910994898
26321,31,0.4338296195247493
26739,31,0.5900162810274665
27108,31,0.6407308058324201
266,31,0.2063888098809289
6994,31,0.221217051744403
16913,31,0.6180015956929836
17949,31,0.4726842095707762
20069,31,0.48888835985779333
20928,31,0.480955760998604
21987,31,0.7038046898970856
23035,31,0.8080802369886889
24050,31,0.8774651421295412
25103,31,0.6420490910542811
270,31,0.2087544883085493
823,31,0.2303769671656029
1709,31,0.25172724224986753
8080,31,0.2546127110070167
9389,31,0.2906327111095055
10449,31,0.3986789310650157
17953,31,0.5028159618778194
23661,31,0.574880242091866
25278,31,0.7382649592779931
26748,31,0.5470953706366847
113,31,0.33835910495542165
616,31,0.2248366452176148
827,31,0.22481535674401265
1245,31,0.282750665267458
8302,31,0.2302398848026863
11287,31,0.4327565645634551
17958,31,0.5488145122289284
20937,31,0.4768370924945595
25784,31,0.899485730347172
63,31,0.19993463490254562
234,31,0.1169926263533742
11706,31,0.16271770060347973
22002,31,0.2026323605096555
23050,31,0.32412679316429904
27127,31,0.8449496647717835
27411,31,0.8983634174438435
44,31,0.17977105194809082
560,31,0.2490330448713081
838,31,0.2563063292992528
2376,31,0.24761911255237282
4093,31,0.2152910580143719
11711,31,0.15876129043881557
19874,31,0.04761189069658161
22007,31,0.07430946493381092
23055,31,0.1740331924827827
26346,31,0.805719427378995
27723,31,0.9393586318034417
16,31,0.07779855202171672
9190,31,0.14273631490448302
10260,31,0.2186873981124473
21165,31,0.04024019204296958
23059,31,0.07786717658557027
24759,31,0.188114525123419
26352,31,0.05154844863078349
26685,31,1.324162410712127
27137,31,1.1580838451727453
27468,31,1.1824458429625186
27727,31,1.0313169767270278
27795,31,1.3225101724918131
7,31,0.4087657237978672
248,31,0.46478080275713113
847,31,0.33140084764988986
1733,31,0.2958495419606944
3377,31,0.10281631931589365
19884,31,0.06915106303592423
22016,31,0.05906468547811931
23064,31,0.13693384674922357
26356,31,0.12611878553677158
26773,31,1.5209975320021778
27075,31,1.3567066662033473
2,31,1.1210352374804613
108,31,0.6637161720955619
1738,31,0.2946549340961862
3208,31,0.04344577216145261
11312,31,0.07281345556261211
22231,31,0.17807402806860415
24069,31,0.08489431629392928
6,31,1.5956156974279665
112,31,0.8598044005423267
258,31,0.7170172093225591
1275,31,0.45456393894321556
2541,31,0.10447837101926152
3213,31,0.0696660599857223
10275,31,0.08747249640044528
11316,31,0.22158723829155072
12349,31,0.277216920155804
13326,31,0.21313991672453558
21180,31,0.18069719609697615
23074,31,0.2769495716647812
24074,31,0.09160905225725485
24942,31,0.16339940483595577
25799,31,0.29533266866871366
27436,31,1.4844215654378898
2385,31,0.10842442178319295
4309,31,0.05379889557568433
10279,31,0.3448651898670338
11322,31,0.5242778794873268
18834,31,0.18719433511578054
23079,31,0.15956997758115196
24947,31,0.10566501859456887
26176,31,0.2657073063920006
27156,31,1.731700554935498
1841,31,0.2716125414438633
2390,31,0.05212877481137691
13336,31,0.16426473881875592
15737,31,0.0699648884171045
28131,31,0.3350769819397519
24952,31,0.25005110104496864
25809,31,0.21332661695506067
26361,31,0.3592639167497009
27869,31,0.7738792893415704
2394,31,0.09597188294235699
4127,31,0.19465171259823325
14940,31,0.12293325258211112
18843,31,0.29269518863407484
24089,31,0.25781163198098195
24957,31,0.11963676105085283
25814,31,0.18357271113850576
3230,31,0.1036059747936598
12369,31,0.5416052564154783
13346,31,0.224692735925622
28189,31,0.02782016532280014
3235,31,0.09492712582912807
11341,31,0.33852833572363167
12374,31,0.5003570180051156
13351,31,0.36805087854092544
14950,31,0.04113851713542061
15954,31,0.11680251045922879
23099,31,0.33502865893473355
2721,31,1.7263313400862002
5145,31,0.13175611768872794
9234,31,0.23980552417642156
11346,31,0.37244962913609925
15958,31,0.04360374403669362
16981,31,0.040487026331937265
20996,31,0.2805311592235093
22055,31,0.27054740732422766
24103,31,0.2976250958073495
25487,31,0.5600744493008845
2557,31,1.8880952793704824
3244,31,0.1591120002092291
6209,31,0.19355085315091183
7283,31,0.25456668685141454
11351,31,0.35887753959288254
13360,31,0.35339399204726074
18022,31,0.05941017143519464
21002,31,0.21668428265282105
24108,31,0.2715575110052824
24976,31,0.2954050058158618
2396,31,1.9503972504612637
3250,31,0.052541408758824876
6214,31,0.18074662985734288
7072,31,0.17328459023994075
13365,31,0.23684616456745503
18867,31,0.07919210392762208
22065,31,0.16760143833325156
23113,31,0.1874376043561098
25659,31,0.843376581324667
3254,31,0.0969906022058474
6219,31,0.1903490714039928
9249,31,0.18335908794079175
13370,31,0.28329353350759945
15973,31,0.0789105694451213
18872,31,0.11112563303494263
19938,31,0.17861287909004966
24118,31,0.17057196759654494
25819,31,1.6957679176362386
2406,31,0.9051636511917348
7082,31,0.23336718159326225
14974,31,0.12060743445288968
18037,31,0.05881138366019558
18877,31,0.09320515018499505
19944,31,0.16429073275987133
21016,31,0.19929375943211527
22075,31,0.13693865708369551
24991,31,0.28319096451834563
25669,31,0.1539773071771572
3089,31,0.19546370087850934
4166,31,0.13178818273065485
7087,31,0.21884416243375246
11371,31,0.23331561045578816
12403,31,0.27769402460513704
14979,31,0.07844470308906176
18882,31,0.11424751425779585
21021,31,0.12682717335640664
24128,31,0.29527020298892653
2416,31,0.220732350092967
3269,31,0.20540413638751606
6234,31,0.16433017055702046
7092,31,0.15870879486090073
9264,31,0.23058632379439897
13200,31,0.2583818759183371
14984,31,0.08902700162087868
15988,31,0.09312835500851499
17011,31,0.05148234778921816
18047,31,0.08954252679310064
19953,31,0.17366918831988923
21026,31,0.1157025391970763
22085,31,0.23320547415602388
23133,31,0.39094953087381307
25002,31,0.060383075249341285
25826,31,2.6547708749271774
2421,31,0.253682875758056
4176,31,0.17781106586583287
5179,31,0.11864191563482994
6239,31,0.18654913083620042
7097,31,0.1622561298991958
8179,31,0.14734337251240684
12413,31,0.30937682851257525
14989,31,0.07445540801490737
18052,31,0.04604875784659594
18892,31,0.07321895373312094
21031,31,0.1305031143849359
25831,31,3.0429713170841928
1962,31,1.3400872736155915
2426,31,0.32769156937164096
4181,31,0.233256276488918
5184,31,0.20235754883732515
6244,31,0.17856641120862327
7318,31,0.14269123326556638
9274,31,0.18429652963156323
14993,31,0.14855466398586617
17020,31,0.1013007169301803
18897,31,0.048027707069137435
24143,31,0.06755191959312776
2431,31,0.5164807966399633
5189,31,0.26865839976252937
7107,31,0.2207596040349597
8189,31,0.17761459710631394
10349,31,0.12813221727214558
11391,31,0.16377654101749767
13013,31,0.13593003515363547
14998,31,0.06832820669317984
24148,31,0.07838494543102174
1845,31,0.3814115424614818
3289,31,0.5251567075442828
4985,31,0.4956706087093784
6039,31,0.041846750821368024
13383,31,0.34998134762857186
14299,31,0.26705622136675256
18067,31,0.0853883526550182
19973,31,0.16321839367282426
25846,31,2.2734559695023697
2441,31,0.46405724871933945
3119,31,0.424281406167047
4010,31,0.4555296422274345
7117,31,0.4678233980778845
9289,31,0.42933818191323525
10359,31,0.41872755657075394
12433,31,0.5729941468129555
13388,31,0.45131163916966033
17036,31,0.2609283203086386
18072,31,0.33924631127246135
18912,31,0.320108616852488
23158,31,0.14400687896317937
24158,31,0.22619006968594832
25026,31,0.11936583453251651
25851,31,0.17949846719916268
1741,31,1.4633395509919116
2446,31,0.44483605019885253
4200,31,0.4433598911948501
5203,31,0.5028996103016548
7122,31,0.42312207960298476
8203,31,0.5255668971160645
9294,31,0.4693335638030486
10364,31,0.5093994978576889
11406,31,0.5206688020020376
12438,31,0.5635825248815375
13393,31,0.4201260535147106
15013,31,0.3096693723809608
15815,31,0.3496429200550971
17040,31,0.2514155960806102
18077,31,0.2962651960502464
18917,31,0.3011685367954435
22115,31,0.24175478561936797
23163,31,0.21208099648029133
24163,31,0.16009870551103347
25031,31,0.1595909338768437
25856,31,3.3383442453433894
27857,31,3.4755203141510345
2288,31,0.2508769157886456
3303,31,0.3486856130452012
4205,31,0.4691336723119735
5208,31,0.48552783779825887
6269,31,0.3548306565683682
7126,31,0.4724939702176093
8209,31,1.7452624183950896
10368,31,0.526207929189034
11410,31,0.5800083406034557
27967,31,3.0128868614203497
27981,31,0.3520199782167769
28051,31,0.3291359080501722
16225,31,0.5960373636396553
17045,31,0.252073937483333
19987,31,0.9101225269779523
21060,31,0.2997441329721324
22118,31,0.1958415406332682
23166,31,0.3226232649611722
24166,31,0.9466338594874345
25035,31,1.561982787781219
25860,31,3.2573225399891195
27918,32,0.023400910423275016
8211,32,0.025196480818994768
9083,32,0.027442406243584527
28125,32,0.02169041228506732
20418,32,0.028016968188977205
5210,32,0.02309242558103574
6057,32,0.01590549174408402
7130,32,0.018603903113212684
7997,32,0.01867894918216345
9087,32,0.019732144372024512
9948,32,0.021138827338364974
18291,32,0.02696814464982416
18922,32,0.03012188997990643
19776,32,0.033220812801817885
20849,32,0.03816549990808083
21908,32,0.03736280041945302
22958,32,0.040700960983939605
3482,32,0.07737224807721457
4019,32,0.037072483106720934
4798,32,0.021225223135186214
5849,32,0.012998132577808132
7136,32,0.017872575980922442
8002,32,0.018692950058764046
9092,32,0.019910922226857555
10161,32,0.020981730533750353
11204,32,0.02077607956795143
12238,32,0.022269421084136105
16840,32,0.016555694276175138
17874,32,0.01736871327083829
18716,32,0.031184721236036227
19565,32,0.03586011330696891
20854,32,0.04043261155860852
21913,32,0.04070748231815011
22961,32,0.041749005808514685
23977,32,0.0318295549197144
2451,32,0.16251084698238896
4023,32,0.08840427314027957
5007,32,0.06686430275722041
5853,32,0.03488925527307923
6925,32,0.021405656970477926
9097,32,0.02242491127346204
10167,32,0.021295930320578835
11209,32,0.023732531471022313
12241,32,0.025195034022985455
13218,32,0.02232815250436152
14012,32,0.02281284589454977
15017,32,0.026433285880638008
16843,32,0.024561636383210843
17880,32,0.02878904692189917
18932,32,0.04073772138963215
19571,32,0.04404438420269647
20860,32,0.05032778951644068
21918,32,0.05011922111575547
22966,32,0.04581993655909953
24699,32,0.06425991353978477
1745,32,0.018012898320110965
2293,32,0.07127001871329806
3135,32,0.08233703934569296
27900,32,0.026079994551057004
7146,32,0.09564118528071758
8012,32,0.028151990378937664
10171,32,0.022244552655046112
12246,32,0.03096423422565408
13223,32,0.028659412978246333
16848,32,0.0344635035952326
1645,32,0.07688363295605434
3141,32,0.13461918879685647
7150,32,0.051342353717398995
8016,32,0.03903534247557672
10177,32,0.2955576433956031
13227,32,0.041666481725197727
2971,32,0.1472749689642438
9111,32,0.08431632238567682
12255,32,0.18079900507950578
18734,32,0.5019006029270707
1279,32,0.08800234873095697
4042,32,0.15411343323565246
11228,32,0.03987401240276344
12260,32,0.10838086631625801
13237,32,0.0673752215428168
21937,32,0.38172340709793656
1191,32,0.03276447453298635
3155,32,0.2561030714834229
4048,32,0.28130528573256436
10193,32,0.2916286883390463
11233,32,0.18785950023511397
28017,32,0.09966766326893328
13243,32,0.11348424589614826
15845,32,0.2475307940441231
17904,32,0.16665438078154216
18744,32,0.1507081270231544
20883,32,0.42646159937865635
4833,32,0.2917420748915028
6096,32,0.17757696828308173
12270,32,0.31034125598727935
16667,32,0.17783823382681607
18749,32,0.09142636078850472
20888,32,0.34919093047103317
24011,32,0.26154109081345867
861,32,0.21378637587872554
13253,32,0.09796013625695252
14047,32,0.28662252131998045
4062,32,0.2988245837104243
5047,32,0.2935144699369365
6106,32,0.3445229020278665
14052,32,0.23209319265019931
14856,32,0.22014691282098214
21957,32,0.055754036261292675
24021,32,0.33965194318153363
25073,32,0.3795853613477508
582,32,0.2993343270355152
794,32,0.2426155792475563
1121,32,0.21824013664856282
6111,32,0.27832866646300897
23010,32,0.14614226717814993
25078,32,0.20750133778718105
520,32,0.2955547497277035
797,32,0.23665127372288353
6116,32,0.26338349895864466
17929,32,0.30287294868357717
21967,32,0.04054430128292747
24031,32,0.3167234997340435
24914,32,0.19347718050392804
25754,32,0.25730362998256123
464,32,0.27126455832145174
803,32,0.19803595438655133
15875,32,0.4265576466565608
17934,32,0.6431646982089677
19840,32,0.2720366883170413
24036,32,0.35584755459645745
24919,32,0.4096395324476337
25760,32,0.1827648662560925
808,32,0.20408324277998824
1317,32,0.1968728290083305
1694,32,0.23097468881789832
15880,32,0.4809404712000913
17939,32,0.7632853946513847
18779,32,0.7190182754222775
19845,32,0.47966352483701136
20918,32,0.32276049102117715
26316,32,0.19221487915438681
26733,32,0.4237656207277416
259,32,0.2970205936217262
812,32,0.17578466461270706
1698,32,0.23586203521663146
17944,32,0.7422391452907865
21982,32,0.5552008245137543
25098,32,0.014239510549361241
26321,32,0.20183835801120223
27108,32,0.4796408026064463
266,32,0.4610929172389352
6994,32,0.23090778257670638
17949,32,0.10612809977106516
20069,32,0.4393757612492101
20928,32,0.3619112638004889
21987,32,0.5536255243038757
23035,32,0.6484337811950924
24050,32,0.48701517463852945
25103,32,0.4568287848391404
270,32,0.45874378754605244
823,32,0.16451889140161266
1709,32,0.23105503742548072
8080,32,0.2070092274321393
9389,32,0.19378251484064746
10449,32,0.16617611382072975
17953,32,0.22136281954815965
23040,32,0.24589023103790197
25278,32,0.5674017243238739
26748,32,0.24478518518754494
113,32,0.5172640197773473
616,32,0.12574599658007599
827,32,0.15942490345397772
1245,32,0.1561747035628496
8302,32,0.21141444526998768
11287,32,0.1626080388292951
17958,32,0.3175742983769637
25784,32,0.38822629590286567
63,32,0.37472606758719634
234,32,0.26558067106715333
494,32,0.09697374048585843
22002,32,0.2890543143661716
23050,32,0.318682733227008
27127,32,0.5473289199581214
44,32,0.6704075068383432
238,32,0.26462005314215997
838,32,0.10763060671614394
4093,32,0.14742848372140363
11711,32,0.315265912571862
19874,32,0.03157821562536902
23055,32,0.22955443164515033
25794,32,0.17676538081240814
26346,32,0.585404684880406
27723,32,0.7161819938836347
16,32,0.6877255320837379
768,32,0.06614423475621457
9190,32,0.19982849135949457
10260,32,0.16341638316310542
21165,32,0.06795987038457448
23059,32,0.06367809375206077
24759,32,0.06581099561489274
26352,32,0.15841079103454261
26685,32,1.0271843857769143
27137,32,0.7896678651814357
27468,32,0.8364962084833538
27727,32,0.7068464190836319
27795,32,0.9652773637832802
7,32,0.08278430014944442
248,32,0.11229304805250027
847,32,0.2830879581115355
1733,32,0.06845739930426721
3377,32,0.10240770285554021
19884,32,0.23785008185473655
22016,32,0.12175409309030734
26356,32,0.12073213616965471
26773,32,1.1792363880217995
27075,32,1.0434190539936261
2,32,0.6388045534543043
1738,32,0.07906368140708173
3208,32,0.05716019701763324
11312,32,0.13157858278409124
22231,32,0.18754809959110158
24069,32,0.1461616288262385
27147,32,1.302889383030193
27381,32,1.008042244771934
27633,32,1.27985356160733
6,32,1.5584148997496017
112,32,1.0252771521129551
258,32,0.32898515388945976
1275,32,0.23880435461309485
2541,32,0.07761696429541158
3213,32,0.08302911558628344
10275,32,0.08404276187137183
11316,32,0.24688210940006325
12349,32,0.23851945508080052
13326,32,0.19131006500728165
21180,32,0.29824857434956037
23074,32,0.1594487452351711
24074,32,0.2959274846503283
24942,32,0.36910035798967594
27436,32,1.196633259179245
2385,32,0.05681612465749702
4309,32,0.05657896922178971
10279,32,0.47277098067594797
11322,32,0.5936352307957722
18834,32,0.14560786567827827
24947,32,0.40539707229997823
26176,32,0.24080496720770428
26787,32,1.5507255029962521
27156,32,1.4464156310072556
27607,32,1.756437942194105
2390,32,0.33540528127492963
13336,32,0.2422829296595688
15737,32,0.18937927369134752
28131,32,0.4192290959255047
26361,32,0.2989913443995759
27869,32,0.26082073504866454
2394,32,0.21839585988706864
4127,32,0.3923327975121868
14940,32,0.06742089552251657
18843,32,0.2640015532931984
24089,32,0.32084383088899043
24957,32,0.24944065489794934
3230,32,0.4516566303838992
13346,32,0.19080324189363174
19913,32,0.3063291057751649
24962,32,0.4598142266846258
28189,32,0.21373891337410042
3235,32,0.408827238463002
5140,32,0.29108741758298484
6199,32,0.34840650382603966
12374,32,0.44793589502735764
13351,32,0.3478654458363668
15954,32,0.12557175375846663
16977,32,0.10167726503514508
23099,32,0.28890051651835624
2721,32,0.9060179819320785
9234,32,0.44192904564214996
11346,32,0.41358521651962293
15958,32,0.18651154534001632
16981,32,0.18353424466424834
20996,32,0.3134638751261294
22055,32,0.2758859556908695
24103,32,0.338397797215401
25487,32,0.4306264832375143
2557,32,1.737685930421278
3244,32,0.22405602626427665
7283,32,0.27334901236298925
11351,32,0.4200345166110385
13360,32,0.36352654028636827
21002,32,0.21315464282969024
24108,32,0.34857770182445313
24976,32,0.3535634168986194
3250,32,0.2847833975098635
7072,32,0.32737568993908117
12388,32,0.44735886169496036
13365,32,0.2830289148104077
14964,32,0.24076421917889038
18867,32,0.099686379610191
22065,32,0.16119383858050818
23113,32,0.09365956829491366
25659,32,0.38305115380598126
3254,32,0.31744000387391524
6219,32,0.23240037131808544
9249,32,0.22692689745944664
10319,32,0.23335475840520903
13370,32,0.3239290643065774
15973,32,0.15761112019861262
16996,32,0.11484165122543992
18872,32,0.0740713793640129
19938,32,0.10275813882854996
21011,32,0.07407746014654143
24118,32,0.17117183190714455
25819,32,0.6721131571657449
2406,32,2.1833511688104212
4161,32,0.29925575960100675
6224,32,0.19339231295797102
7082,32,0.18088359209713611
12398,32,0.27317205679271145
14974,32,0.15329728711454219
18037,32,0.04344049794980691
18877,32,0.08372710275798838
19944,32,0.09262274930853844
21016,32,0.07351936066513487
22075,32,0.11813590134709205
24991,32,0.32637615869951475
25669,32,0.37328433690544527
2411,32,2.114994501514904
3089,32,0.264591692223345
4166,32,0.28867169044227997
7087,32,0.11623185778678294
11371,32,0.2235836915453663
12403,32,0.2740952409972207
14979,32,0.155569113076444
18882,32,0.07592038245051708
21021,32,0.04759507022667017
24128,32,0.05211805734275587
2416,32,1.5330469812678902
3269,32,0.3038609337011649
7092,32,0.12027318379136033
9264,32,0.07189915578183781
13200,32,0.1996840066792433
14984,32,0.08888337659032115
15988,32,0.11295568790776837
17011,32,0.1496092684813034
19953,32,0.0551031101829789
21026,32,0.0597817759994627
23133,32,0.12014771337823908
25002,32,0.1333477135848849
25826,32,1.9157982855664648
2421,32,0.9786580513877097
4176,32,0.235259680964571
6239,32,0.18966724341151395
7097,32,0.13397429774204855
8179,32,0.044821237937870594
12413,32,0.17414144872369858
14989,32,0.06957987917781469
18052,32,0.15933529794304513
18892,32,0.13267813559892977
19958,32,0.11885160263368928
21031,32,0.03621267171018382
25006,32,0.11455758805937886
25831,32,1.9213631129682665
1962,32,2.787640134038784
2426,32,0.1327325899726224
4181,32,0.2397258297473764
5184,32,0.15798643521686023
7318,32,0.10533342342202223
14993,32,0.1641278068373008
17020,32,0.12674258280903156
18897,32,0.13096701592043491
19963,32,0.12256951663272439
22095,32,0.054037317399878215
24143,32,0.22267686101859294
5189,32,0.15476053063079856
7107,32,0.10471176368698802
8189,32,0.06240199984552133
9279,32,0.040596605796809106
11391,32,0.19020022017492622
14998,32,0.10291509804248841
23148,32,0.06847580861854818
24148,32,0.10064871820882265
1845,32,0.7133139051092399
4190,32,0.04819254135079428
12428,32,0.2873725117878688
14299,32,0.08662507395516446
18067,32,0.15364408850739106
19973,32,0.07745405104562841
25846,32,0.2144259798661589
2441,32,0.41530144536821034
3119,32,0.3136636948975041
4010,32,0.225194659024196
7117,32,0.08859363665828006
8199,32,0.1485615110863508
9289,32,0.13553527817293606
10359,32,0.1667346128701805
13388,32,0.20467696508449765
17036,32,0.15526271159521574
18072,32,0.14598850538992
18912,32,0.1662329760078152
23158,32,0.1845847379754271
25026,32,0.28590597974382687
25851,32,0.2826394911118861
1741,32,2.7552539571520316
2446,32,0.4808978232454139
3298,32,0.3467554312391864
4200,32,0.3057686327901487
5203,32,0.2362965138023607
7122,32,0.1875358240536236
8203,32,0.14353642219786752
10364,32,0.21166511754942413
11406,32,0.24581533288296087
13393,32,0.16754075105473867
15013,32,0.11997270022499061
15815,32,0.0782936432864897
17040,32,0.1757211399313472
18077,32,0.20867506807187688
18917,32,0.1835825775806558
23163,32,0.16845793614269067
24163,32,0.22410515381176668
25031,32,0.2995304728756568
25856,32,0.7300969433345704
27857,32,3.437172715625674
3303,32,1.2227110334848086
4205,32,0.412571284325702
6269,32,0.3356214889872856
7126,32,0.25779911434610175
8209,32,2.347461018253408
10368,32,0.2810315546134043
11410,32,0.2556477595821663
27967,32,1.6423056687249131
27981,32,0.2582039273657417
28051,32,0.09027933260452123
16225,32,0.9211285036091541
17045,32,0.48970535536485715
19987,32,1.042687008852989
21060,32,0.38067049552287435
22118,32,0.2243454434095324
23166,32,0.3089701327206617
24166,32,0.4711947104714072
25035,32,0.4966851518227517
25860,32,2.3414678106755287
27918,33,0.013632745129861033
8211,33,0.014230251887654543
9083,33,0.0164708442308609
28125,33,0.01139201913898373
20418,33,0.015040160736519226
5210,33,0.0020524298803051228
6057,33,0.00431140497050595
7130,33,0.008467312002243464
7997,33,0.008285532170986681
9087,33,0.00925851723172032
9948,33,0.010738262911386453
18291,33,0.013450053575282082
18922,33,0.015694340396865403
19776,33,0.018787069979314855
20849,33,0.02422028468892242
21908,33,0.021883937703384822
22958,33,0.027078702730310555
3482,33,0.04657741267081845
4019,33,0.01344437635098453
4798,33,0.0032614672085658626
5849,33,0.0031749556514651706
7136,33,0.008261717796721755
8002,33,0.007945848394696453
9092,33,0.008536454237752157
10161,33,0.010182753759926206
11204,33,0.01192582522080265
12238,33,0.012684745895319666
16840,33,0.008482803894668335
17874,33,0.007851146409553072
18716,33,0.015783705843675385
19565,33,0.01986035901041196
20854,33,0.025260343254976624
21913,33,0.027322092354671746
22961,33,0.03447419430513492
23977,33,0.01737673401235548
2451,33,0.12414282046693653
4023,33,0.06103878512901548
5007,33,0.04205253096840065
5853,33,0.021063897046240402
6925,33,0.017816779987287958
9097,33,0.005527129281179028
10167,33,0.006236458989043663
11209,33,0.0127884610906795
12241,33,0.014972652694595225
13218,33,0.014525414602895104
14012,33,0.015141830084247226
15017,33,0.015616748304098323
16843,33,0.01213714999126792
17880,33,0.012822542647986343
18932,33,0.020337730047493913
19571,33,0.023220920666715935
20860,33,0.08497427789521132
21918,33,0.02872293565676848
22966,33,0.031226223577286653
24699,33,0.033964426539457034
1745,33,0.03706319016765163
2293,33,0.06824212535573755
3135,33,0.07978329103107473
27900,33,0.03317080989677158
7146,33,0.08796202836832913
8012,33,0.0222473935977572
10171,33,0.004491496768242514
12246,33,0.018327202199810325
13223,33,0.02273384015971115
15826,33,0.2219021892329479
16848,33,0.13163581929699944
1645,33,0.06927932033560893
3141,33,0.10917739602007948
7150,33,0.10740530505022658
10177,33,0.17474993452557577
13227,33,0.08841961752607413
9111,33,0.11553101725656498
12255,33,0.17279114760091124
1279,33,0.1038380651843872
11228,33,0.126640441150002
12260,33,0.1739829793253481
13237,33,0.09763068552922591
18951,33,0.5387652903955036
21937,33,0.2914415094702709
1191,33,0.17016086591977203
3155,33,0.23411691874883428
4048,33,0.2838162897781249
10193,33,0.3730871287114822
11233,33,0.07328702928983875
28017,33,0.21939535212571412
15845,33,0.15641127330408267
18744,33,0.3890572373366037
4833,33,0.2745836986711295
6096,33,0.16074747614395393
12270,33,0.3415644792224337
18749,33,0.27665751654288917
24011,33,0.262972536198877
861,33,0.17227944783749596
13253,33,0.11726908251971689
23000,33,0.3773623665968511
4062,33,0.30967956970478616
5047,33,0.3028539388634058
14052,33,0.14411643586172804
14856,33,0.1062455273305267
21957,33,0.2228367961275906
24021,33,0.4407648633900158
25073,33,0.3469978946257564
794,33,0.280774417409861
1121,33,0.24791846335108414
6111,33,0.28297686869725075
23010,33,0.2117322062083307
25078,33,0.4044188795555587
520,33,0.2751355175911718
797,33,0.2814136095199759
15870,33,0.2953974628194698
17929,33,0.15772466947618696
18769,33,0.18789992027905372
24031,33,0.2342444777068155
24914,33,0.31508969334536224
464,33,0.17947652906694694
803,33,0.2597093141298144
7194,33,0.18092423976142097
15875,33,0.2943748603030088
17934,33,0.41680522692564737
19840,33,0.20409362119865873
24036,33,0.1579141599255317
24919,33,0.1728316737560753
25760,33,0.33679637495561904
808,33,0.26319217479454315
1317,33,0.26945272316334357
1694,33,0.29693489609296697
15880,33,0.3892732765753279
17939,33,0.695230087120631
20918,33,0.3487943557068963
21977,33,0.5608277841170399
26733,33,0.3493402537097148
259,33,0.3851922352404067
812,33,0.2525876941264387
1698,33,0.3130865602726354
6131,33,0.2698386221383148
6988,33,0.22373855865543468
17944,33,0.8367076398202413
18784,33,0.7980063507051064
25098,33,0.11130697073756599
26321,33,0.13997713129016962
27108,33,0.44557793294001463
266,33,0.502912082620368
1236,33,0.26777160988534493
6994,33,0.2353610202847542
17949,33,0.16710967131149504
20069,33,0.2465611263680864
20928,33,0.21135743026758358
21987,33,0.6678703107376549
24050,33,0.6032693908353887
25103,33,0.21570763113229627
26326,33,0.13057693092066383
270,33,0.5596446545674484
823,33,0.23184914495770576
1709,33,0.2943893160818237
9389,33,0.23187356523232758
10449,33,0.22197334595415524
17953,33,0.02398180224457046
23040,33,0.2900608262760537
113,33,0.5277719914909583
229,33,0.58657722712292
616,33,0.1962657884155786
827,33,0.20615313808219218
1245,33,0.23570739738676652
8302,33,0.22149509891343921
11287,33,0.23161627522395628
17958,33,0.03924049308252467
21996,33,0.19490195049711465
25784,33,0.45497500217019154
63,33,0.3572079882808623
234,33,0.3994825331332497
18804,33,0.15009268313334978
22002,33,0.31704132633760707
23050,33,0.5086117529472061
25789,33,0.22392195239260446
44,33,0.5363006834033507
838,33,0.19229247182022013
4093,33,0.2114798964755434
11711,33,0.20257662369409168
25794,33,0.06964237516521418
26346,33,0.6593334239325378
27313,33,0.7107471087549283
27723,33,0.8391184858430865
16,33,0.4111167538874007
9190,33,0.1977994892195962
10260,33,0.16911862876530098
21165,33,0.10437658368930505
23059,33,0.2183587520662198
24059,33,0.33452050180859
24759,33,0.1481746648551004
26352,33,0.20957959729583564
26685,33,1.193409606291838
27137,33,0.8797165146350028
27468,33,0.9125512308971929
27727,33,0.8273940212977985
27795,33,1.1122009146986307
7,33,0.22200451828124695
248,33,0.1255793973133102
508,33,0.1421861825668129
847,33,0.1320885683889558
1733,33,0.20640836155925382
3377,33,0.12631386886059778
19884,33,0.047381306309308834
26356,33,0.12354856575915596
26773,33,1.345610839695009
27075,33,1.2262517306708762
27628,33,1.0453091855841166
2,33,0.7817879616598166
1270,33,0.1792594455446724
1738,33,0.1842933192723798
3208,33,0.07510448173342167
11312,33,0.172104030974371
22231,33,0.29299158073500814
26360,33,0.253159689984539
27381,33,1.1381240948129296
27633,33,1.3136772096513545
6,33,1.3091781456563578
112,33,1.1402840983035185
258,33,0.9879012771891043
518,33,1.1305203219336406
1275,33,0.5539729339950573
2541,33,0.04719437139722474
3213,33,0.03612003801751385
10275,33,0.1478118929671044
11316,33,0.13121037122258758
12349,33,0.02563786250830089
13326,33,0.13798865857869416
18828,33,0.2198832797763781
21180,33,0.2007479963499387
23074,33,0.35484117307071755
24074,33,0.2993911948402945
24942,33,0.2556894774278419
27436,33,1.3219457731104653
27638,33,1.3245775812674518
2385,33,0.028542934292288474
8120,33,0.09634377571023245
10279,33,0.06014895671391181
11322,33,0.05816138798424435
18834,33,0.22589946640257091
24947,33,0.4074832080683178
26176,33,0.2406093078986446
26787,33,1.6369379547107017
27156,33,1.5649325393415845
27607,33,1.538840101072619
2390,33,0.18887298869685032
15737,33,0.19985074617069826
28131,33,0.3536012329815598
26361,33,0.28206028123892113
27869,33,0.7430198631181923
2394,33,0.15802644521114778
4127,33,0.04891999981494361
14940,33,0.22441743339574596
18843,33,0.36803756790137826
24089,33,0.43153225914569415
24957,33,0.5241222206266026
3230,33,0.4078888797911409
4132,33,0.32362692767222856
11336,33,0.29434811288013824
13346,33,0.20990133825729632
14945,33,0.25168546280184734
19913,33,0.32947575314306654
24962,33,0.3629460661245631
28189,33,0.5177258761464928
3235,33,0.28338461327455283
12374,33,0.405571082014262
13351,33,0.1738651903329145
15954,33,0.12151181899473974
16977,33,0.08804451014654249
23099,33,0.26851622104300166
24099,33,0.32478527784869105
2721,33,1.0406111011440606
9234,33,0.3463883963519772
11346,33,0.4589323311040262
15958,33,0.14277431535047833
16981,33,0.15795106977162698
18017,33,0.0687946580041594
20996,33,0.1112728242720031
25487,33,0.34189740164165144
2557,33,1.336068601913927
3244,33,0.1794911656895718
4941,33,0.11462499731566889
7283,33,0.29433349240458034
11351,33,0.4337116129630379
13360,33,0.3754466301307545
21002,33,0.06754230984857328
24976,33,0.36865922934853923
3250,33,0.12067930578610118
4151,33,0.13328843929746387
7072,33,0.2960056153137107
13365,33,0.39016875200404594
18867,33,0.16662232011766506
22065,33,0.1165535678866125
23113,33,0.15966536751724184
25659,33,0.317056492257418
3254,33,0.1382906390775372
6219,33,0.1422114504628843
9249,33,0.19115088647256054
13370,33,0.44837859890698395
15973,33,0.12182543375432832
18872,33,0.1824106777432565
22071,33,0.20915865682140924
24118,33,0.2183926088064973
25819,33,0.3252377477994813
2406,33,0.49932521476072744
6224,33,0.11517712106255405
14974,33,0.14508761243785379
18037,33,0.24494202689334382
18877,33,0.1554049229682318
19944,33,0.14850704550068922
21016,33,0.1762643605051105
22075,33,0.26105105072505613
24991,33,0.308638801177096
2411,33,0.41195069031040216
3089,33,0.1993078668918671
4166,33,0.16501025022784926
11371,33,0.2980969068286536
12403,33,0.3071393866973691
14979,33,0.20430705795193552
18882,33,0.18163117451694838
21021,33,0.19972749701346476
2416,33,0.40455474739447855
3269,33,0.2255283505206511
7092,33,0.18612444708809023
9264,33,0.2784343207558592
13200,33,0.2931485936285559
15988,33,0.24971629587652586
17011,33,0.331545707948544
19953,33,0.1989940019631533
21026,33,0.21336459814566658
23133,33,0.24585310137451943
25002,33,0.29701419326663636
25826,33,1.288119902734434
4176,33,0.23332309680107433
6239,33,0.2719291679675226
7097,33,0.3140088992364409
8179,33,0.2730341416974421
12413,33,0.36826241872316534
14989,33,0.20885218139824996
18052,33,0.3402973792712834
18892,33,0.29954280104498343
21031,33,0.2865950216766513
22090,33,0.2675076509131803
25006,33,0.3231811187279053
25831,33,0.8557917947246161
1962,33,0.9663384738418733
2426,33,0.5281754263672849
4181,33,0.3004350358030001
5184,33,0.34358450441382843
7318,33,0.29782440957655626
10344,33,0.3045265546029874
14993,33,0.2295538437059567
17020,33,0.3735687279682716
18897,33,0.33934163094524283
19963,33,0.24781817867118883
22095,33,0.4024134502313962
5189,33,0.353337115695806
7107,33,0.37145859204806725
9279,33,0.4255509493992246
14453,33,0.2549425179267158
14998,33,0.30756310367448386
23148,33,0.42737142479191464
24148,33,0.42749282844436987
1845,33,0.7285214520143739
4190,33,0.3521807410594499
12428,33,0.22059165482613097
14299,33,0.2042714669796177
18067,33,0.3841758915992745
25846,33,0.6735272667237053
2441,33,0.6275535153148937
3119,33,0.47999608355258805
4010,33,0.5070182904011267
7117,33,0.3057718455596006
8199,33,0.26719736721512494
9289,33,0.3103376859056864
10359,33,0.3304770055444187
13388,33,0.37183101068542423
17036,33,0.40143428072990356
18072,33,0.4450525443214393
18912,33,0.36856209972943293
23158,33,0.42689081925081207
25026,33,0.3212528277082937
25851,33,0.2738349209383176
1741,33,1.751589993932824
2446,33,0.6486110135090895
3298,33,0.5805459294506347
4200,33,0.5644829558045726
5203,33,0.5191992179039275
7122,33,0.531756406702183
10364,33,0.4004008129296409
13393,33,0.3312259995432213
15013,33,0.28231805272035976
17040,33,0.40680294890910784
18917,33,0.39533228858047353
19983,33,0.4730781952915672
23163,33,0.39561840212284527
24163,33,0.4307575322701097
25031,33,0.34527289127464933
25856,33,1.6374969165842308
27857,33,3.246112876729537
3303,33,1.4164686419865382
6269,33,0.8892019533966037
7126,33,0.6971730288568835
8209,33,2.040199857393404
9298,33,0.6094331643397078
27967,33,3.605273621043009
27981,33,0.839795663001288
28051,33,0.25159408848441217
17045,33,0.8134146006824124
18290,33,0.47091233942801736
21060,33,0.5285413627392082
22118,33,0.43785093220191573
23166,33,0.8157351798778789
24166,33,1.7342590614611633
25035,33,1.1071438398157947
25860,33,2.00349392228333
27918,34,0.008896572087818902
8211,34,0.010268282321164753
9083,34,0.010474541140180928
28125,34,0.005191275218201639
20418,34,0.004866797424851339
5210,34,0.01006100103671017
6057,34,0.01439710827155368
7130,34,0.0053958975110628
7997,34,0.004793616524937577
9087,34,0.011164905579706457
9948,34,0.006856471139823528
18291,34,0.008824269924359914
18922,34,0.005721235987331039
19776,34,0.0032743028630340546
20849,34,0.008792872372501658
21908,34,0.007402881930942152
22958,34,0.00717340769807928
3482,34,0.019407048678853754
4019,34,0.011189520539829485
4798,34,0.004756836151487157
5849,34,0.01144958124857491
7136,34,0.004906126545343688
8002,34,0.00504770035984447
9092,34,0.013800334871015502
10161,34,0.008241183723024733
11204,34,0.0009749245248169643
12238,34,0.0044245897953939265
16840,34,0.0072125468698680745
17874,34,0.006578523494757714
18716,34,0.007829686952416296
19565,34,0.005868457021446514
20854,34,0.007255401591886692
21913,34,0.007072436411463845
22961,34,0.005380548101113018
23977,34,0.004168336491584649
2451,34,0.05630766856765857
4023,34,0.02816448643073436
5007,34,0.026876572903921193
5853,34,0.026582492512625816
6925,34,0.014121704638420104
9097,34,0.01598413630763068
10167,34,0.012367672384193725
11209,34,0.005753491018578724
12241,34,0.004700500182673547
13218,34,0.005620078244145816
14012,34,0.005307956084247129
15017,34,0.00976505408888405
16843,34,0.010590234564763818
17880,34,0.009363298996598976
18932,34,0.008645960660406344
19571,34,0.008684465991259232
20860,34,0.0609166699482694
21918,34,0.009722354655865564
22966,34,0.008819013108440344
24699,34,0.014839927716003204
1745,34,0.00328201989772153
2293,34,0.006605333262610036
3135,34,0.0034656595100356754
7146,34,0.01814833923482588
8012,34,0.008917202384362676
10171,34,0.0149581770830406
12246,34,0.0108921279753815
15826,34,0.029825333864344303
16848,34,0.08159952288113469
1645,34,0.11096884821540941
3141,34,0.0055849301727710285
7150,34,0.0376240898948425
10177,34,0.06537827608188537
13227,34,0.007879318280112877
14021,34,0.06277337424052663
9111,34,0.06713985239384025
12255,34,0.13677078593361103
1279,34,0.20638186532738334
11228,34,0.10579133939506483
12260,34,0.13797826560395132
13237,34,0.233082029641666
16863,34,0.4394644664354252
18951,34,0.20851843824588331
21937,34,0.13192929479048537
1191,34,0.1977740425655763
3155,34,0.0868491510633965
4048,34,0.051093207610195805
10193,34,0.08087997522000086
11233,34,0.16623020852028722
28017,34,0.2082327093118918
15845,34,0.4511190880655274
18744,34,0.22017003738404375
19810,34,0.3247567103884021
4833,34,0.053175007357634516
6096,34,0.09042577743872139
18749,34,0.35476667450838334
24011,34,0.20605757079259376
861,34,0.2746654471776748
13253,34,0.19181046775278873
23000,34,0.1930632442352937
24016,34,0.26231465006353444
24899,34,0.18412210807093066
4062,34,0.0995429765054023
14052,34,0.2116965276090375
14856,34,0.31966620503064225
21957,34,0.21832159737172355
24021,34,0.21013149650958632
25073,34,0.16365938207384687
794,34,0.15749662785588872
1121,34,0.23711582851840785
6111,34,0.09071985641749929
23010,34,0.14510525129163945
24026,34,0.12577673643580511
25078,34,0.11808465562840408
520,34,0.17663496469346573
797,34,0.18463713767808027
15870,34,0.3978264315226018
18769,34,0.5524591905861164
24031,34,0.09339827612073065
24914,34,0.07105358507964614
464,34,0.1806681467269299
803,34,0.17357811848384258
7194,34,0.17282106551001983
15875,34,0.3138993610201218
17934,34,0.737945907766076
19840,34,0.5906718629650642
24036,34,0.0965533447186936
25760,34,0.05598830792846409
1317,34,0.1599589670166645
1694,34,0.1410365311903107
15880,34,0.2790359242379625
17939,34,0.6896247418822654
20918,34,0.5965149336373581
26733,34,0.28053904861682033
259,34,0.3759126448450723
1698,34,0.1279943143738172
6131,34,0.15362582528579544
6988,34,0.23752005259356224
17944,34,0.6897278394256692
25098,34,0.23713917880460042
26321,34,0.13453593512693818
27108,34,0.3372456548977701
266,34,0.1172992569932428
6994,34,0.18088544685047342
8075,34,0.20510737500180445
17949,34,0.10804604173438498
20069,34,0.4815520922622106
20928,34,0.4423063101063518
21987,34,0.5722272635997308
24050,34,0.5827766913500757
25103,34,0.409234534557185
270,34,0.11882354897326225
823,34,0.14563679001396876
1709,34,0.16430494878093171
6998,34,0.2235242929340132
9389,34,0.20413944075533644
10449,34,0.2299869190427983
17953,34,0.2406314185575039
27402,34,0.4348883046380987
113,34,0.0323654134138376
616,34,0.14519637428697224
827,34,0.16423407480308802
1245,34,0.15780403820363506
8302,34,0.20658803584127175
11287,34,0.2598154454892867
17958,34,0.27126049044996337
21996,34,0.23363692532620833
63,34,0.16463119850471622
234,34,0.18695179819652083
10251,34,0.18071509221813645
18804,34,0.08112858283005833
19654,34,0.11956465724688717
22002,34,0.07593540078913047
23050,34,0.1910001839320216
25789,34,0.280635895173041
44,34,0.06338698047266196
560,34,0.18291349174216803
4093,34,0.18253321553961532
11711,34,0.11395848463977257
25794,34,0.28230690189444374
27723,34,0.7097961047069631
16,34,0.15371547641080568
9190,34,0.28359958416709075
10260,34,0.3300020296351624
21165,34,0.29900782630525913
23059,34,0.2073032968874063
24059,34,0.06282918663874888
24759,34,0.20639352005941664
26685,34,0.8188423120238036
27137,34,0.6957466450621677
27468,34,0.7693272285922983
27795,34,1.0254218011788518
7,34,0.6072771912490833
248,34,0.2420781438721273
508,34,0.33272233579890154
847,34,0.3841306707291298
1733,34,0.3119969018818593
3377,34,0.2540127760830167
19884,34,0.353541443987844
26356,34,0.46835954572107497
26773,34,1.0529261136097994
27075,34,0.8644579934424229
27628,34,0.9120040722359668
2,34,1.0693983745606568
108,34,0.8537794160008035
852,34,0.68181544798062
1270,34,0.3877442489393595
1738,34,0.3778504186362235
3208,34,0.21912060563242994
11312,34,0.26999869690961037
22231,34,0.49628020492808606
26360,34,0.604352655204706
27381,34,0.9700651907546758
27633,34,1.144202528447287
6,34,1.2316728245743678
112,34,1.0871888940098253
258,34,1.0182630427652755
518,34,1.0239961557961783
1275,34,1.0113378593122475
2541,34,0.2148151152702247
3213,34,0.18905842622847
10275,34,0.33457779996577947
11316,34,0.16795893921027794
12349,34,0.2667016767060988
13326,34,0.3053045083486263
21180,34,0.46403894046195243
23074,34,0.5230312318322707
24074,34,0.5538245385035145
24942,34,0.42335477945356437
27436,34,1.1462918583708999
27638,34,1.1433543585155745
2385,34,0.2222885542158577
10279,34,0.14884693764366652
11322,34,0.05571452350645886
18834,34,0.21915497297610528
23079,34,0.5320346066037036
24947,34,0.6193973267759192
25804,34,0.39808335757315183
26176,34,0.36887051772096574
27156,34,1.3859703919337498
27607,34,1.4712020253772826
2390,34,0.12210793359825281
4122,34,0.21246218098839048
15737,34,0.3451835539238794
28131,34,0.2055799953501052
24084,34,0.5117943044090066
25809,34,0.5957421119633447
26361,34,0.5964420374505947
27869,34,1.1660837366883008
2394,34,0.30606436694404643
4127,34,0.2342892939431164
14940,34,0.20792438036490477
18843,34,0.07541081032963864
24089,34,0.4970997371389542
24957,34,0.6476782480318936
25814,34,0.6386029830991968
3230,34,0.17644389549134387
4132,34,0.06300538347267068
13346,34,0.14433812849723593
24962,34,0.4534734315909539
28189,34,0.6799778174845087
3235,34,0.23102882315602957
7058,34,0.1823470052828306
12374,34,0.12365939430718263
13351,34,0.16687768430219668
15954,34,0.29439108301701994
23099,34,0.39016396261154945
2721,34,1.6584108789585468
4141,34,0.18149648921213984
5145,34,0.166916845678578
9234,34,0.19541144511725558
11346,34,0.3158131576318617
15958,34,0.22545607985044272
16981,34,0.29450268104172567
18017,34,0.2650681576016212
20996,34,0.32160046931235076
25487,34,0.5994264068147325
2557,34,1.7914040094548123
3244,34,0.6024366955154642
4941,34,0.24262827413657007
7283,34,0.20441997878108617
11351,34,0.3720216083647494
13360,34,0.08316386691861105
19928,34,0.41005685741796283
21002,34,0.43800012001102595
24976,34,0.5300010621940682
3250,34,0.444984617696725
6214,34,0.2744014359249505
7072,34,0.24818364326480244
13365,34,0.16504286379328187
18867,34,0.4940364080207828
22065,34,0.5011847271807668
23113,34,0.5128936409078444
25659,34,0.6012687039003938
3254,34,0.39303831111339876
6219,34,0.35908326302374055
9249,34,0.3151478125545625
13370,34,0.3830508045288427
15973,34,0.22162407511987808
18872,34,0.5731981339261134
22071,34,0.5727106907888488
25819,34,0.7609226913928174
2406,34,1.9363609541702467
6224,34,0.4111179470432249
14974,34,0.3227275691811751
18037,34,0.5914022982891959
18877,34,0.5664498643004096
19944,34,0.5487993498694929
21016,34,0.6037968025497108
22075,34,0.6013594572604153
24991,34,0.719814617716073
2411,34,1.6486935099591142
3089,34,0.38736814787988716
4166,34,0.33624194678204955
5169,34,0.3583899378254008
11371,34,0.5015302596161256
12403,34,0.439812581175405
14979,34,0.5600763985458227
18882,34,0.6020279734263688
21021,34,0.6731284527460899
2416,34,1.3016396215193329
3269,34,0.4960201134810665
6234,34,0.4397865471508999
8392,34,0.4454232250343107
9264,34,0.4525815717523555
13200,34,0.5386800014017143
15988,34,0.5547303448981802
17011,34,0.5716157669813916
18047,34,0.5980137749646428
19953,34,0.6358813351825806
21026,34,0.6352371300370699
22085,34,0.6666516734653404
25002,34,0.8125580076064014
25826,34,1.0221948019625768
4176,34,0.467622523572397
5179,34,0.5049922026577544
6239,34,0.4232157001246242
7097,34,0.45419932565601057
8179,34,0.44815782790507214
12413,34,0.6048664450324801
14989,34,0.5507674995511247
18052,34,0.7143630911372568
18892,34,0.630874672645961
21031,34,0.6359268019432515
25831,34,1.197917351793122
1962,34,1.9785479236920742
2426,34,0.49281585188623434
4181,34,0.5967770515648926
6244,34,0.5379639242757632
7318,34,0.4658712080857701
8401,34,0.5250979575462986
10344,34,0.5423481862212673
14993,34,0.50313076518616
17020,34,0.6845942950047245
18897,34,0.6995117747766524
19963,34,0.7121283523366908
5189,34,0.535207163314756
7107,34,0.5545585385634988
9279,34,0.5207834019045157
10349,34,0.5907779516925646
12423,34,0.5937099306305977
13013,34,0.6068473558142093
14453,34,0.5829749863658867
14998,34,0.6314195890846556
23148,34,0.8975794083276423
24148,34,0.8581230341224758
1845,34,0.5843000192998173
10354,34,0.49889645975719354
12428,34,0.47147760491853713
13383,34,0.5800115299438305
14299,34,0.5598734059692885
18067,34,0.7916262356834172
2441,34,0.5929615253395296
3119,34,0.6017864202560943
4010,34,0.5272781209708068
7117,34,0.49969042235857447
9289,34,0.5630743857012469
13388,34,0.5793450272731471
16013,34,0.7493277072379234
17036,34,0.8184201678340849
18072,34,0.7700997554617778
18912,34,0.7692769526611635
24158,34,0.8298660119401904
1741,34,1.9606793351966836
2446,34,0.6133921402573658
3298,34,0.6685700865829657
4200,34,0.656863354293053
9294,34,0.6506436020118992
10364,34,0.6377167506860277
13393,34,0.628179180193404
15013,34,0.6587635985884521
17040,34,0.7661224971299025
18917,34,0.7265218248411118
21056,34,0.8480553340183815
22115,34,0.8055063968041416
23163,34,0.8366346058954557
24163,34,0.9127692743825879
25031,34,0.8444450303267317
25856,34,1.965589120961252
27857,34,3.211209642854008
3303,34,1.4415772658506905
6269,34,0.8936846044828982
7126,34,0.6089256513809351
8209,34,2.218055590252471
9298,34,0.7442395452874065
27967,34,3.1617091510889406
27981,34,0.7915130670589855
28051,34,0.7256716435660624
17045,34,0.7915217942245005
18290,34,0.7679179452054933
18921,34,0.7780515295880466
21060,34,0.8421193482382657
22118,34,0.8297457445489438
23166,34,1.099037613889944
24166,34,1.002870806560739
25035,34,0.8725685795772928
25860,34,3.154339706663491
27918,35,0.016326935715186446
8211,35,0.018730323644738853
9083,35,0.01690592661401657
28125,35,0.017492711356970198
20418,35,0.015759468819632895
5210,35,0.012215142172686752
6057,35,0.01282340665074775
7130,35,0.01702195465445194
7997,35,0.017346449405894564
9087,35,0.0192998049657276
9948,35,0.019633909783882374
18291,35,0.021573418617294466
18922,35,0.019988128562379637
19776,35,0.018893871932351744
20849,35,0.018249637981466706
21908,35,0.01904820343343846
22958,35,0.021105690913331806
3482,35,0.011339169212150188
4019,35,0.008238296603728353
4798,35,0.010557503971143833
5849,35,0.01201409802280379
7136,35,0.017067561616337552
8002,35,0.018313678902107673
9092,35,0.020977140714272133
10161,35,0.021593544824287304
11204,35,0.015995252012244273
12238,35,0.016456627712998998
16840,35,0.016098384930921254
17874,35,0.016769090540401703
18716,35,0.02043166842491734
19565,35,0.019445049692038203
20854,35,0.018081805175989375
21913,35,0.016822242881234396
23977,35,0.015855258164441045
2451,35,0.06269175999199482
4023,35,0.015170789962021739
5007,35,0.01855365302678183
5853,35,0.0172559411253139
6925,35,0.017343363624763356
9097,35,0.020899702832794815
10167,35,0.019822086811758607
11209,35,0.018959470794034487
12241,35,0.01720923162357447
13218,35,0.013657800893263627
14012,35,0.012677281576584017
15017,35,0.01635968339663339
16843,35,0.016864400912114934
17880,35,0.01703042154897597
18932,35,0.020472858153860667
19571,35,0.02067752702464216
20860,35,0.0903881707202577
21918,35,0.02152415434054036
22966,35,0.019214481604232385
24699,35,0.029322429577651694
1745,35,0.029386529500101344
2293,35,0.01050062408444272
3135,35,0.06771819890196808
7146,35,0.10131010281079642
8012,35,0.09853602919153344
12246,35,0.018312851397525812
15826,35,0.03172236699744247
16848,35,0.062253627799998504
1645,35,0.050719565119612404
3141,35,0.062388576058776984
7150,35,0.09886795889447444
9325,35,0.1287351754175327
13227,35,0.029199694972821256
9111,35,0.2453546972549472
12255,35,0.2478914291514914
1279,35,0.09911136524559487
11228,35,0.38659093485690377
12260,35,0.3204308786032428
13237,35,0.3021841328092689
16863,35,0.10198919819542215
21937,35,0.1333459484517241
1191,35,0.14632338667783748
3155,35,0.09159873304511702
4048,35,0.13202693794865655
10193,35,0.22393158948128894
11233,35,0.4051006120853594
28017,35,0.3574742376074331
13243,35,0.33082050110776795
15845,35,0.126477977774918
17904,35,0.12701417995478176
18744,35,0.2674098800943142
19810,35,0.27149845640373593
20883,35,0.24864391394945864
4833,35,0.1600651896892604
6096,35,0.12380146746093483
16667,35,0.10750117770593322
18749,35,0.15610838849098058
24011,35,0.17805500828134319
861,35,0.21870775328783199
13253,35,0.4391782708903132
14047,35,0.44693139720559855
18754,35,0.11957167449823164
23000,35,0.21400347498996744
24016,35,0.20727574099970608
4062,35,0.13402524275737365
14856,35,0.4761657779150215
21957,35,0.16265357349327325
24021,35,0.21244938951242276
25073,35,0.2067407718591095
582,35,0.14306004382417217
794,35,0.19295514729971922
1121,35,0.12493137758501964
6111,35,0.19906841023356864
23010,35,0.20847775058699475
25078,35,0.2598171487506714
520,35,0.14033007172301565
15870,35,0.6265264867973636
18769,35,0.12440259449543516
24914,35,0.2432953387642923
464,35,0.19010411021417686
803,35,0.16197151682867417
7194,35,0.2408155579195556
15875,35,0.6405376641438602
17934,35,0.6998870573970424
24036,35,0.2876264904707322
25760,35,0.2732066921013193
1317,35,0.1726872004473661
8065,35,0.22692747759185314
15880,35,0.7260882941917663
17939,35,0.8643152286996606
20918,35,0.24645065285126627
26733,35,0.365082514643795
259,35,0.4213144959997216
1698,35,0.18815321453078168
2352,35,0.1744789776906607
6131,35,0.1713897463547414
17944,35,0.950792724844243
25098,35,0.4619739522341502
26321,35,0.3356131702140942
27108,35,0.3632030550601802
266,35,0.15686316902466926
6994,35,0.09549577555002468
8075,35,0.141006223708217
16913,35,0.4826717519504796
17949,35,0.6082709849873215
20069,35,0.7273584369676999
20928,35,0.5161621222758697
21987,35,0.576055304988287
24050,35,0.5956331120082626
25103,35,0.5595580965952388
270,35,0.25846523456693105
823,35,0.16058366637826402
1709,35,0.1977003512441268
8080,35,0.06830316194276011
9389,35,0.10871387371024809
10449,35,0.24129794635426738
17953,35,0.5242883214319463
113,35,0.2101693248021283
616,35,0.1161816765131273
827,35,0.14867209389627106
1245,35,0.16808829930759328
8302,35,0.0638556051815891
10246,35,0.21887599675117458
11287,35,0.29240697327445503
17958,35,0.09134941690096933
26753,35,0.48434186010750424
63,35,0.23081402557578792
19654,35,0.22781773533398497
22002,35,0.2546003037080818
23050,35,0.5216168158385833
25789,35,0.5521533075771077
44,35,0.10736909732925998
560,35,0.07899458091919384
4093,35,0.20253050692248947
11711,35,0.14318168893323802
19874,35,0.10322992798841303
22007,35,0.09799999911083725
23055,35,0.2962414927998941
25794,35,0.4987282053736824
27723,35,0.834051780062274
16,35,0.13551427550209177
9190,35,0.07965578248278016
10260,35,0.09699763398857325
12334,35,0.09974191034091999
21165,35,0.09762261425955936
23059,35,0.14022336852580614
24059,35,0.38039371836370606
24759,35,0.12911095778251191
26685,35,0.7467299752542467
27137,35,0.6754104196131681
27468,35,0.7160427393679283
27623,35,0.7455759907618723
27795,35,1.1031992121434753
7,35,0.7275729522104115
248,35,0.16552196275657968
508,35,0.18082551862683485
847,35,0.13375429467055555
1733,35,0.15032084083060296
3377,35,0.1098677877942279
12339,35,0.17079340347767985
26356,35,0.5838666352575569
26773,35,0.8022495307282392
27628,35,0.8015984148802826
2,35,1.0859400883020334
108,35,0.649522027243893
852,35,0.30333363217779274
1738,35,0.2009780946226236
3208,35,0.08857535976209688
11312,35,0.12586692185688542
22231,35,0.386249879268853
24069,35,0.08204034034457065
26360,35,0.6992588012507074
27381,35,0.7422800990329295
27633,35,0.9602251391700348
6,35,1.281307739453491
112,35,1.0332186996105162
258,35,0.5615385326801549
1275,35,0.8677169613541181
2541,35,0.11566880473190931
3213,35,0.09113336968648432
10275,35,0.14796142600853998
11316,35,0.08027479920121511
12349,35,0.2191718160532991
13326,35,0.28468603539974763
21180,35,0.3037797064432076
23074,35,0.39856095444804424
24074,35,0.22172549082628687
27436,35,0.9604727319810206
27638,35,0.9687608216487615
2385,35,0.10504907079333889
10279,35,0.18463182842898967
11322,35,0.266125464698969
12354,35,0.06486495518420572
18834,35,0.08707461957817145
23079,35,0.34758149374997976
24947,35,0.4854213089238637
26176,35,0.3753488340217217
27156,35,1.1919085073798508
27607,35,1.2899011821895678
2390,35,0.11515803607623165
13336,35,0.1125719051462421
15737,35,0.06416671326672706
28131,35,0.3075624292564569
24952,35,0.1530391199522926
25809,35,0.07217509948588821
26361,35,0.5389468794824964
27869,35,1.0360595737378613
2394,35,0.2351887278025552
4127,35,0.12245602096107198
14940,35,0.13106208686589937
18843,35,0.36735005321995207
24089,35,0.19557239384895622
24957,35,0.2519908121554448
25814,35,0.17893942577322064
3230,35,0.08952715504942982
4132,35,0.07567212346613399
13346,35,0.25095873549343145
24962,35,0.2459373604447425
28189,35,0.30982477451325235
3235,35,0.11503436522396246
5140,35,0.1419234428711144
7058,35,0.174332918927036
12374,35,0.4269334895302838
13351,35,0.4070064038385284
15954,35,0.09444221055317888
18013,35,0.12892961125735614
23099,35,0.2811858104717717
2721,35,1.5380204999865847
5145,35,0.13262805262296698
9234,35,0.17588230379906186
11346,35,0.33837298427556806
16981,35,0.1314246033889914
18017,35,0.12221371094978631
20996,35,0.1892431109124997
22055,35,0.1561081469481056
24103,35,0.24165997891427204
25487,35,0.4219139601928917
2557,35,1.632257344190923
3244,35,0.1347964344039337
4146,35,0.14140302186989784
4941,35,0.1535961095114402
7283,35,0.19291315859798452
11351,35,0.38845881991637476
21002,35,0.17598729676255404
24976,35,0.2919399637323203
2396,35,1.6502707703372672
3250,35,0.11170019622133183
6214,35,0.21101996169042003
7072,35,0.1990294046616007
9244,35,0.23965977030133234
12388,35,0.4408806874725995
13365,35,0.2023039098165767
14964,35,0.19241631717116287
18867,35,0.032889958192328775
22065,35,0.1329647120256726
23113,35,0.17852600459106716
25659,35,0.6008731420283571
3254,35,0.203363765230657
6219,35,0.2372239833562581
9249,35,0.25599801424290747
10319,35,0.2551611821967814
13370,35,0.38300745982573003
14969,35,0.22503640467670574
15973,35,0.14358496239615934
16996,35,0.13171414901866163
18872,35,0.028237006447987566
19938,35,0.11015048313086054
25819,35,1.9441170793610882
2406,35,1.1192224794643701
6224,35,0.23592522104008087
14974,35,0.0612482390314307
18037,35,0.04702908028459475
18877,35,0.04756824554744678
19944,35,0.13914702510502452
21016,35,0.11937394422444755
22075,35,0.03813913199512316
24991,35,0.33584801269524367
2411,35,0.44834996195873605
3089,35,0.25981577736926714
4166,35,0.21970965473993276
5169,35,0.2392758612114067
11371,35,0.34726841431952
12403,35,0.3355366793562724
14979,35,0.07823701357082775
18882,35,0.0729733768525819
21021,35,0.11992198403123688
24128,35,0.3167260872212161
2416,35,0.290505229083489
3269,35,0.31695094744226787
4171,35,0.2553377788477189
6234,35,0.29838218206698786
9264,35,0.33820770479785395
13200,35,0.3257456040679301
15988,35,0.08617885093884475
17011,35,0.050227370658349056
18047,35,0.0400620402925843
19953,35,0.09216702214731332
22085,35,0.15063580584048925
24133,35,0.1421031195015342
25002,35,0.22491552908814783
25826,35,0.6096457563554678
4176,35,0.26026075739695065
5179,35,0.2838071993553397
6239,35,0.3207921024475705
7097,35,0.33215819621184367
8179,35,0.3469666867469081
14989,35,0.1068135999924547
15791,35,0.06602140749910199
18052,35,0.12009397148397508
19958,35,0.10968122878193297
25831,35,1.1264477513011566
1962,35,0.2539543096605573
2426,35,0.243686070605055
4181,35,0.400880618648781
6244,35,0.34085791585491093
7318,35,0.3571281534079177
8401,35,0.372393820797112
14993,35,0.10013433799408603
17020,35,0.14925976950163383
18897,35,0.1118599580974368
19963,35,0.09949336591784963
24143,35,0.16097020264913914
25011,35,0.16959874956166537
4186,35,0.45752243612413823
5189,35,0.4512646323042638
6248,35,0.4241263644033526
7107,35,0.4249215006542809
9279,35,0.4388502479193715
10349,35,0.48958289805734295
13013,35,0.4191646169135717
14453,35,0.042327716958176
14998,35,0.10896306853098962
21041,35,0.14526836764678897
23148,35,0.2323069431636835
24148,35,0.0985451910986971
1845,35,0.3976049769142029
2436,35,0.3885548982462067
10354,35,0.22399486506493194
12428,35,0.2476927450999726
13383,35,0.30885781374329857
18067,35,0.21496836504194108
19973,35,0.13919863490348702
2441,35,0.42891410746320163
3119,35,0.44670031539249244
4010,35,0.3686507590168576
7117,35,0.22079226884628583
9289,35,0.18099795058292206
13388,35,0.2640179259043724
15008,35,0.09209643539553926
16013,35,0.13262358008518868
18072,35,0.17766408448146656
18912,35,0.180590331668153
24158,35,0.22110339591802078
1741,35,0.810257834065083
2446,35,0.5767737538677605
3298,35,0.43912287234561576
4200,35,0.44634026607627586
8203,35,0.2581841059461832
10364,35,0.16828227678661484
11406,35,0.2320078722712011
13393,35,0.28162225863771595
15013,35,0.1356468688779545
15815,35,0.18158481355577483
17040,35,0.17309958227037947
18917,35,0.16397173104608226
21056,35,0.0655748611879873
22115,35,0.13095057422627107
23163,35,0.16303925526356486
24163,35,0.2760691793145761
25031,35,0.35514435808347455
25856,35,1.4369321021313426
27857,35,3.184861038107634
3303,35,2.319440333177333
4205,35,0.5429408775773266
6269,35,0.5547652741923932
7126,35,0.44936425182692713
8209,35,1.0935239121922937
9298,35,0.39455825282730067
11410,35,0.23480774819599975
27967,35,2.8161916675794973
27981,35,0.3802032588288433
28051,35,0.19981812408804414
16225,35,0.279026042830564
17045,35,0.20402690272818974
18290,35,0.17517703953001929
18921,35,0.17792964253238197
19987,35,0.30929759682709723
21060,35,0.12707949313787115
22118,35,0.21249705678215364
23166,35,0.23325235257511628
24166,35,0.3333168999768504
25035,35,0.45369777725347843
25860,35,3.5968611749267283
27918,36,0.0069519276581412
8211,36,0.009552423152671628
9083,36,0.012076595645936555
28125,36,0.017309630553142247
20418,36,0.014916662540140447
5210,36,0.0006414839270343977
6057,36,0.00232467698338271
7130,36,0.0030363473508906278
7997,36,0.0033058024960804016
9087,36,0.011222629087671182
9948,36,0.012861779620658001
18291,36,0.02119644645218023
18922,36,0.01950034062688388
19776,36,0.0186495522582056
20849,36,0.016951564849445187
21908,36,0.016197852263635275
22958,36,0.01868723750033917
3482,36,0.0054704035748513475
4019,36,0.008440546070467358
4798,36,0.0016298173638528565
5849,36,0.0020987868723312732
7136,36,0.0015534768165940697
8002,36,0.0027942803616565425
9092,36,0.011824278818105136
10161,36,0.013920591571775864
11204,36,0.011634068793651904
12238,36,0.01175744200318511
16840,36,0.018544474482668452
17874,36,0.018463965915906617
18716,36,0.021149231710966238
19565,36,0.019479425747682938
20854,36,0.016473490297919342
21913,36,0.01572795052854845
23977,36,0.014138886624407291
2451,36,0.03857697075280079
3131,36,0.011568483791464355
4023,36,0.012220288933388012
5007,36,0.014459185474981262
5853,36,0.01402717852013922
6925,36,0.007458451647426702
9097,36,0.012683884746118248
10167,36,0.01047288041737605
11209,36,0.011361760668223694
12241,36,0.012218967623749417
13218,36,0.01015171470859963
14012,36,0.009680710570411675
15017,36,0.016613682133891174
16843,36,0.017258247737468663
17880,36,0.0177812594533506
18932,36,0.022433935278472462
19571,36,0.021442628027038807
20860,36,0.016317765612843756
21918,36,0.017994513907297376
22966,36,0.02193202697100436
1745,36,0.07051548890156867
2293,36,0.1135566497004591
3135,36,0.05717138448706706
4028,36,0.019752621984534903
27900,36,0.01193638711247488
7146,36,0.010914009322463648
8012,36,0.06158937023646355
12246,36,0.01599530639956826
15826,36,0.03316241394798026
16848,36,0.02021477944129983
1645,36,0.09030418258839773
2298,36,0.0934567064457396
3141,36,0.04163559257239283
7150,36,0.05576409144680537
13227,36,0.033741241419320424
9111,36,0.13545348398535254
12255,36,0.20332962343859437
1279,36,0.1955103342980361
11228,36,0.20848436792759284
12260,36,0.2480550467698595
13237,36,0.23203688957989435
16863,36,0.11896167039696376
21937,36,0.17412735329346832
1191,36,0.22766043831313723
3155,36,0.03370339837878048
4048,36,0.08722646733775577
10193,36,0.05412075435704821
11233,36,0.2256762825353696
28017,36,0.23643532983353346
17904,36,0.12156916554172251
19810,36,0.11200860620263774
20883,36,0.1672383720271892
4833,36,0.0537622389070004
18749,36,0.1189532121531721
22995,36,0.20658228492088232
24011,36,0.2910176679080114
861,36,0.24096416251535815
14047,36,0.34007983104306905
23000,36,0.2248617697290064
24016,36,0.23024077667618137
4062,36,0.06473351449697172
5047,36,0.13645256764333272
14856,36,0.4009901554649578
21957,36,0.1622930250547517
24021,36,0.2595373537321828
25073,36,0.2533992254189784
582,36,0.14442851988709077
794,36,0.13956989284315938
1121,36,0.04698571197772021
6111,36,0.016089612995497517
14861,36,0.3428100621651189
15865,36,0.3867955867419242
25078,36,0.2957734815931895
520,36,0.13941974397821277
15870,36,0.43886268872286355
24914,36,0.3224069740262514
464,36,0.16588919353138035
803,36,0.19257197538206097
7194,36,0.047954391153917614
15875,36,0.36872897706449864
17934,36,0.4496724258339108
24036,36,0.22107546508558093
25760,36,0.353345061307117
305,36,0.2510697848701304
808,36,0.24446758214012182
1317,36,0.1829545755553897
8065,36,0.05859374397370976
15880,36,0.3616882005581479
17939,36,0.5192520217141051
20918,36,0.1508210855146164
26733,36,0.65344277143497
259,36,0.14157198855098055
1698,36,0.17496373682839036
6131,36,0.13347637464211606
17944,36,0.516538685846609
18784,36,0.5200262019963047
25098,36,0.34991372913655433
26321,36,0.5247575088246721
266,36,0.20340244621414222
6994,36,0.24628137124247462
8075,36,0.15944144941486474
16913,36,0.18159443225897343
17949,36,0.21013184855405412
20069,36,0.44564799154025
20928,36,0.35687523268338994
21987,36,0.3692133680225272
24050,36,0.3839401845295823
25103,36,0.3950927812462726
26326,36,0.5602066975448071
270,36,0.4683213884641417
823,36,0.4065561769731759
1709,36,0.25747921232949245
8080,36,0.2162629129775257
9389,36,0.15045144802234303
10449,36,0.10910850752006622
17953,36,0.4219538539700605
18794,36,0.3881532208629903
23661,36,0.3805488446339152
113,36,0.19525938989779998
616,36,0.3984210289857925
827,36,0.40907582121222125
1245,36,0.3405049348248106
8302,36,0.13012760144070062
10246,36,0.1411504723472273
11287,36,0.215232738969805
17958,36,0.31752506947592785
20937,36,0.29722854188734205
26753,36,0.6172292536865696
63,36,0.3077527025893422
11706,36,0.2853781505786317
19654,36,0.1334039523347248
22002,36,0.39988555091015
25789,36,0.4587197440045009
44,36,0.4256957793337391
560,36,0.37949234072324917
838,36,0.35187085774216237
4093,36,0.13311298514996103
11711,36,0.4379806765640689
19874,36,0.2289698131572278
21160,36,0.27037099552665905
23055,36,0.24530536407241524
25794,36,0.38965959005385215
27723,36,0.9453317303321298
16,36,0.7024488255915786
131,36,0.5321233236380397
9190,36,0.24479729277052184
10260,36,0.11068716498003495
12334,36,0.2282017566959094
21165,36,0.14811908131957777
23059,36,0.24998735376915465
24759,36,0.2684449828654599
26685,36,0.7991025265729248
27137,36,0.7731258549751624
27727,36,0.935934368563486
27795,36,1.1578769582349913
7,36,0.8895302072781534
248,36,0.2093749350107481
508,36,0.24231042633534602
847,36,0.30273255878356065
1733,36,0.2483564259130636
3377,36,0.17160428708397613
12339,36,0.3107446013077599
26356,36,0.6126891229746549
26773,36,0.8818464825047404
2,36,1.1030207003755006
1738,36,0.05101440302862213
3208,36,0.20244830684541226
11312,36,0.15651701034608417
17983,36,0.5559061540021238
22231,36,0.4594422792009612
24069,36,0.40436176695289233
26360,36,0.5991715812397013
27381,36,0.9541052231588615
27633,36,1.0928562731397014
6,36,1.23085166136882
112,36,1.0640702797820742
258,36,0.37203179160468214
1275,36,0.3785000712807681
2541,36,0.12789274809169324
3213,36,0.24289259215258652
10275,36,0.13877556936927823
11316,36,0.368884677580274
12349,36,0.2819281936531369
13326,36,0.11048649259778988
17988,36,0.3015009079873158
21180,36,0.39794968816380444
23074,36,0.46570010803035855
24074,36,0.562376633537552
27436,36,1.0545789659550324
27638,36,1.13768832788183
2385,36,0.2658639498550643
8120,36,0.18660439005929189
10279,36,0.46232733387483754
11322,36,0.7556931775178485
12354,36,0.27629338575106255
18834,36,0.28367816614401165
23079,36,0.47031751214671147
24947,36,0.49130260505356066
26176,36,0.4220213941649325
27156,36,1.0916227849525957
27607,36,1.3186605859064262
2390,36,0.4360829085637601
13336,36,0.29561106628812256
15737,36,0.19162071535379635
28131,36,0.30194606222941167
24952,36,0.23472684582126235
25809,36,0.38698476804765025
26361,36,0.4129351898006693
27869,36,0.9928788906989358
2394,36,0.26190022060832774
4127,36,0.3512784123350642
14940,36,0.34701510648404404
18843,36,0.4066528416179733
24089,36,0.08130425810053318
24957,36,0.2557487682134366
3230,36,0.3835790546416488
4132,36,0.2558431116529883
5134,36,0.22197410292720945
13346,36,0.5255722989665419
24962,36,0.304477422890306
28189,36,0.3070261312973972
3235,36,0.33105579484107117
7058,36,0.26809383238910717
12374,36,0.6873260432497801
13351,36,0.7170212375438775
14950,36,0.4554579451322453
15954,36,0.25375183483772884
16977,36,0.23654874792372962
18013,36,0.2002014508147618
23099,36,0.331314548324458
24099,36,0.30995891779143425
2721,36,1.633804080156817
5145,36,0.1417172055420743
5992,36,0.10710203570754524
9234,36,0.20133479676716268
11346,36,0.3995679062492837
13355,36,0.6746210753495298
14437,36,0.5593416213760909
16981,36,0.2752268975641078
18017,36,0.21718613942650522
20996,36,0.22938658499763045
22055,36,0.2137518647580595
25487,36,0.4277331915122633
2557,36,1.7784545276728971
4146,36,0.1157675044698774
4941,36,0.09609303990037049
7283,36,0.10903804703620407
11351,36,0.37901639182005753
21002,36,0.170449336322144
24976,36,0.3944738477446802
2396,36,1.7624867054711757
3250,36,0.3401811453975746
6214,36,0.07106632341836232
7072,36,0.017274530992173968
12388,36,0.5172928369107324
13365,36,0.32344570652293025
18867,36,0.1503364876097563
22065,36,0.11606759217276104
23113,36,0.10141526941001773
25659,36,0.15913580474847613
3254,36,0.34803990498124937
6219,36,0.08352590344177963
9249,36,0.08586423168893129
10319,36,0.04561129968128572
11361,36,0.09434110762559894
13370,36,0.3529889936069197
14969,36,0.3890822610042461
15973,36,0.311508304460759
16996,36,0.2311710808378707
18872,36,0.21746914665462208
19938,36,0.2316541773513259
24118,36,0.13847104305630326
25819,36,1.766453518105313
2406,36,1.4216339025615865
4161,36,0.3661736538089387
6224,36,0.08874296210683734
14974,36,0.21129632053163336
18037,36,0.20000128197731196
18877,36,0.15209744497296604
19944,36,0.14053502399930254
21016,36,0.09377106318653745
22075,36,0.033753495586493695
24991,36,0.19203500785127706
25669,36,0.27033294882774467
2411,36,0.6186712146361809
3089,36,0.42678721898685307
4166,36,0.31407320603571165
11371,36,0.223315382607085
12403,36,0.18394041278177437
14979,36,0.05132189996575139
18882,36,0.1317956174873313
21021,36,0.07444431738592303
23337,36,0.052934515348111444
2416,36,0.548388920776733
3269,36,0.37765912842616556
6234,36,0.17712020866757255
9264,36,0.12573340048593373
13200,36,0.17713912563287942
14984,36,0.05440181761382543
15988,36,0.11607984349342446
17011,36,0.11248794646958495
18047,36,0.18222302910870786
19953,36,0.1276164678611866
22085,36,0.08095913413810524
24133,36,0.04976334305423694
25002,36,0.21646828038268415
25826,36,0.39418886548430476
4176,36,0.43837603629952493
5179,36,0.32205737629881764
6239,36,0.24753734552704368
7097,36,0.26712171156149017
14989,36,0.03338927438004856
18052,36,0.11965643766530337
25831,36,0.3756891267965464
1962,36,0.7451058103344276
2426,36,0.5800928272492324
6244,36,0.3566169023761667
7318,36,0.26912618364576757
8401,36,0.28108698883247807
17020,36,0.08714837923168721
19963,36,0.14261560649821955
23143,36,0.14613347361678414
5189,36,0.4809257462514619
6248,36,0.3714453632648208
10349,36,0.2891399000359889
13013,36,0.13040136252404058
14453,36,0.05141483397542714
14998,36,0.15035485414048624
23148,36,0.24349675986725072
24148,36,0.09217625406953203
1845,36,0.888283494344998
4190,36,0.422575098977296
4985,36,0.3710472775741095
10354,36,0.2783161927992741
13383,36,0.1448983578369089
18067,36,0.24296675648385943
19973,36,0.16155205733357592
21046,36,0.16089908659195554
25021,36,0.10134312498378271
25846,36,0.8504981640531432
2441,36,0.6650674458528061
3119,36,0.6328502143676221
4010,36,0.5966091450544565
9289,36,0.28915709925098554
10359,36,0.2565543406673025
13388,36,0.2642215637881693
15008,36,0.2061073813515202
16013,36,0.15589250424604958
18072,36,0.2451620942940934
18912,36,0.1540313273208332
23158,36,0.042900113341913106
24158,36,0.07855501447288109
1741,36,2.087771289987426
2446,36,0.7191250719165966
3298,36,0.6313385132578669
4200,36,0.6364025361942829
8203,36,0.3928211036057997
10364,36,0.33408912680886016
11406,36,0.31237299918673467
15013,36,0.22001779678680874
15815,36,0.1842291049395677
17040,36,0.1606499766860309
18917,36,0.137457611164355
19983,36,0.15338356506902107
22115,36,0.17831362910920132
23163,36,0.17754097746470768
24163,36,0.09798737501015346
25031,36,0.123848749266841
25856,36,2.0008471745823035
27857,36,3.161472080491023
2288,36,2.3277389470724303
3303,36,1.1382653821101298
4205,36,0.7681904072590349
6269,36,0.7185629184336934
7126,36,0.5438106824315686
8209,36,0.9923572007865764
9298,36,0.5304639767449261
11410,36,0.3508991520102058
27967,36,0.9664209334281538
27981,36,0.4125076500632207
28051,36,0.15376081818238624
17045,36,0.26762818331540095
18290,36,0.20609826239711032
21060,36,0.2822037564217326
22118,36,0.18229413429245575
23166,36,0.556579534040659
25035,36,1.4335146384914739
25860,36,2.901650664145077
27918,37,0.037028224464764156
8211,37,0.042868345683739865
9083,37,0.0377797619487992
28125,37,0.02317088909136095
20418,37,0.021973214876366946
5210,37,0.025120676552571254
6057,37,0.02608581517468081
7130,37,0.031219323592669
7997,37,0.03201661735799498
9087,37,0.03594536818522397
9948,37,0.037346447509611164
18291,37,0.024780513135593686
18922,37,0.023697896608231635
19776,37,0.022743656700039597
20849,37,0.025045250484036465
21908,37,0.023803615893310197
22958,37,0.02417975252910125
3482,37,0.013424465800211694
4019,37,0.028353557139310023
4798,37,0.02340408411413425
5849,37,0.0233848564358815
7136,37,0.03140804712761956
8002,37,0.03368990392689432
9092,37,0.03681298339292639
10161,37,0.03884016111849823
11204,37,0.03017060184353705
12238,37,0.030413379511207587
16840,37,0.02482088052293564
17874,37,0.02398058236897118
18716,37,0.02345537234618124
19565,37,0.023245351628931828
20854,37,0.023633351524029487
21913,37,0.021560814353879937
23977,37,0.021513862688301622
2451,37,0.016988130494659633
4023,37,0.012613906707109223
5007,37,0.021217866807169247
5853,37,0.02222744330135234
6925,37,0.03238932349211856
9097,37,0.03394371892045576
10167,37,0.0320801184908659
11209,37,0.03006339949540071
12241,37,0.02755712281683302
13218,37,0.023381801949526545
14012,37,0.023296399654779767
15017,37,0.023671332270564314
16843,37,0.02500031896707165
17880,37,0.024474152541526066
18932,37,0.025090835687736845
19571,37,0.024439756287740748
20860,37,0.02382161194119873
21918,37,0.02506041057430027
22966,37,0.027348384661405895
1745,37,0.004771201484195097
2293,37,0.012811418213794848
3135,37,0.030928639776723624
4028,37,0.034556762049359896
27900,37,0.025489590189767104
7146,37,0.03762762260664898
8012,37,0.03504762637462358
12246,37,0.020817231266499113
15826,37,0.0531813235276824
16848,37,0.03201329115786604
1645,37,0.08213055177629786
2298,37,0.033573682174173995
3141,37,0.07246616553967143
7150,37,0.03105783811895975
8016,37,0.10302846730764549
13227,37,0.022506132853912817
9111,37,0.026548651304799522
12255,37,0.020247610310906213
1279,37,0.14257041595219663
4042,37,0.06383268370860636
11228,37,0.023576956025093496
12260,37,0.01762733616515351
13237,37,0.0830546195121029
21937,37,0.0832393761584505
1191,37,0.16312557167449634
3155,37,0.05109413323294895
4048,37,0.02510752953087654
10193,37,0.09357651751051575
11233,37,0.053459185741391
28017,37,0.022469608729039716
17904,37,0.13604473783428161
19810,37,0.13670437599634963
20883,37,0.09829348749076151
4833,37,0.06368437317664181
18749,37,0.06337490936733643
20888,37,0.09385235348047295
861,37,0.1835561511090846
4246,37,0.007187290316096328
14047,37,0.11377957815776106
23000,37,0.1383007024566764
24016,37,0.1708288191866841
4062,37,0.00954629002553695
14052,37,0.19372569449535237
14856,37,0.10380615028150383
21957,37,0.07263383664157479
24021,37,0.16644526795716347
25073,37,0.19722157404498403
582,37,0.16954541672838297
794,37,0.1792131229220361
1121,37,0.13624097973492308
6111,37,0.05537980599874664
15865,37,0.3042257145275915
25078,37,0.15835498292301978
520,37,0.22372020777298798
15870,37,0.308093701989632
24031,37,0.18281874624170913
24914,37,0.20399631449496478
464,37,0.21982579226643575
803,37,0.3014728674562442
7194,37,0.1167311282124292
15875,37,0.32820434460779596
17934,37,0.3379129037052228
24036,37,0.17524562776748354
24919,37,0.20729356936327106
25760,37,0.25988754799998903
305,37,0.39507530733789914
808,37,0.3240931678859647
1317,37,0.2859423563390861
17939,37,0.5487813114543164
20918,37,0.08047775864589853
26733,37,0.3982061027297064
259,37,0.19959799285617175
1698,37,0.15708889702414636
6131,37,0.19271249390123138
17944,37,0.6212659926429207
18784,37,0.5321816226386835
25098,37,0.28073315637555485
26321,37,0.31014142193764455
26739,37,0.442549784031612
266,37,0.24180786449864275
479,37,0.6205712824118534
6994,37,0.08318182432195796
8075,37,0.030192818533790515
16913,37,0.5119647188595111
17949,37,0.5241406749255875
20069,37,0.5644624942883818
21987,37,0.24455098990968827
24050,37,0.35776057118842336
25103,37,0.3489770882980862
270,37,0.4859791694187288
823,37,0.48600889082939847
1709,37,0.21190889538021423
8080,37,0.04681070615110536
9389,37,0.0643826894478893
17953,37,0.4690238942569891
18794,37,0.5131092033006753
113,37,0.3867746677773042
616,37,0.5119074973518613
827,37,0.5372546109944799
8302,37,0.04433858644119621
10246,37,0.04909671387172376
17958,37,0.46106636259557526
21996,37,0.3498786662344381
26753,37,0.46998910782336084
63,37,0.6317390686440143
22002,37,0.12327790712867938
25789,37,0.36574339411424434
44,37,0.6930545080813382
560,37,0.4381136113117105
838,37,0.4409171722254288
4093,37,0.06900128444686482
11711,37,0.3656294429514494
19874,37,0.21977155816305352
23055,37,0.1681490527962467
25794,37,0.35236100550948435
27723,37,0.9024222242283818
16,37,0.8052779043660587
131,37,0.7707816863589562
9190,37,0.23566998572093345
10260,37,0.013938426143372633
12334,37,0.227984746587366
21165,37,0.2913742331870296
24759,37,0.08301997748989824
27137,37,0.6763021671922723
27795,37,1.188184064488848
7,37,0.9621947518881676
103,37,0.6025279372616875
248,37,0.16278789213756495
847,37,0.36067706135672983
1733,37,0.2109842858024463
3377,37,0.07502161275843214
12339,37,0.338930201542686
26356,37,0.49576862574004665
26773,37,0.8020356069913183
27075,37,0.7434668418807212
2,37,1.069072371829791
1270,37,0.3340138231713416
1738,37,0.1323464460480817
3208,37,0.09721847440725831
11312,37,0.00743897143640802
17983,37,0.5837705837332471
22231,37,0.71170475933301
24069,37,0.40678103384697994
27381,37,0.7988354829750417
27633,37,0.9247981041010579
6,37,1.135111360604789
112,37,0.7456074915989457
1275,37,0.28748921493239243
2541,37,0.15674884892368912
3213,37,0.12691865080935444
10275,37,0.05539318313943844
11316,37,0.14530513382366264
17988,37,0.49186448341778816
21180,37,0.6262987318164434
23074,37,0.6821728123588651
24074,37,0.6543072028847607
27436,37,0.9328878262153036
27638,37,1.0524927762536649
2385,37,0.11464681547391106
8120,37,0.20537489512671497
11322,37,0.6884004703210769
23079,37,0.7321883206706473
24947,37,0.7524526735705567
27156,37,0.9288180361644051
27440,37,1.0093611368967874
27607,37,1.2685015446085415
1841,37,0.22073488457174625
2390,37,0.21238552876136868
13336,37,0.2512288087665268
15737,37,0.19233461149441392
28131,37,0.43057727172074534
25809,37,0.7993373695702028
26361,37,0.6952593433686386
27869,37,0.24137401368139594
2394,37,0.14554788488905188
4127,37,0.3142978882730417
14940,37,0.18289644668353056
18843,37,0.20826549534273886
24089,37,0.7000928409920498
24957,37,0.8864638492322643
3230,37,0.2558047655458339
4132,37,0.2039778075945526
5134,37,0.15306688336214952
19913,37,0.1771307053448699
24962,37,0.6942196839797611
28189,37,0.9655068821481038
3235,37,0.31588935344971375
7058,37,0.22464538379415577
12374,37,0.41923616648219436
13351,37,0.5646744224719896
15954,37,0.20640561128846727
16977,37,0.060108453922606164
18013,37,0.04597683289335251
23099,37,0.16109224924862378
2721,37,1.4444926902687691
4141,37,0.13147360587259882
9234,37,0.07361888569633812
11346,37,0.386410014276004
13355,37,0.5704773006192816
15958,37,0.20054570939103103
16981,37,0.16455922406626738
18017,37,0.08387644583091812
20996,37,0.014914611694870433
25487,37,0.3879399574966103
2557,37,1.5815160258935603
4146,37,0.16083454238413344
4941,37,0.09526391652508213
7283,37,0.12271280502390225
21002,37,0.104071632443361
24976,37,0.3267305460956366
2396,37,1.6318834956694017
7072,37,0.143271406791402
13365,37,0.2543609243152696
18867,37,0.22665918117242317
22065,37,0.1428590787887196
25659,37,0.47955797213319135
3254,37,0.3934849709753373
9249,37,0.09888631527058947
10319,37,0.2957619412675752
11361,37,0.35688035275993907
13370,37,0.36382237021340663
14969,37,0.34503691552498067
15973,37,0.2314746099860803
16996,37,0.209446162827783
18872,37,0.3321423875964481
19938,37,0.19912283009542775
22071,37,0.2151683204038031
24118,37,0.26541325230521806
25819,37,0.6882979873426318
2406,37,0.6465154057589151
4161,37,0.2920647662980122
6224,37,0.2086977114298994
7082,37,0.09398853330403775
8164,37,0.10675773582905881
14974,37,0.05490789659796388
18037,37,0.3353829678666925
18877,37,0.27609797905388017
19944,37,0.3284452127881667
21016,37,0.22668369075071915
22075,37,0.28626621452778234
24991,37,0.38783221719840305
2411,37,0.6793784413359114
3089,37,0.41476439084776545
4166,37,0.31172182990268454
7087,37,0.23019550339703948
11371,37,0.4490614246576759
12403,37,0.40864183923025954
14979,37,0.3325615040257127
18882,37,0.3306397828474708
21021,37,0.3150172297015411
23337,37,0.30421750945076287
2416,37,0.5706784235865625
3269,37,0.48139904524806154
6234,37,0.3147102460305737
7092,37,0.259022226438871
9264,37,0.2805220687044354
13200,37,0.47673750143189264
15988,37,0.3421545116214478
17011,37,0.40811221428257227
19953,37,0.3003355411037371
22085,37,0.27890467618197246
24133,37,0.25777471546954844
25002,37,0.2546176034634491
25826,37,0.6632519107143686
4176,37,0.42252138551910007
5179,37,0.4051694593868082
6239,37,0.3973174338490013
7097,37,0.34819008631390336
14989,37,0.2870398568625226
18052,37,0.4400356926010224
18892,37,0.3666486401954146
21031,37,0.43764693239280084
25831,37,1.2545236233135362
1962,37,0.36388610109479524
2426,37,0.33520027766471155
7318,37,0.46114858491663635
8401,37,0.3411522569232414
9274,37,0.41947838204316024
17020,37,0.5528715175575158
19963,37,0.39446443606403453
23143,37,0.47556745485153396
2431,37,0.3782889326309985
5189,37,0.5037865235913688
8189,37,0.5155855031854873
10349,37,0.5067204838320701
11391,37,0.5325807464604395
13013,37,0.5736206633344609
14998,37,0.535741722677272
24148,37,0.30514408135971693
1845,37,0.37653299449813654
4190,37,0.14937346202614743
4985,37,0.1373472275780547
10354,37,0.3457420898387156
13383,37,0.45307664551843013
18067,37,0.5754359074298678
19973,37,0.49088729426939987
21046,37,0.46063786717111166
25846,37,0.3095375349526907
2441,37,0.32082943954565607
3119,37,0.45549670074029414
4010,37,0.3815554200739356
9289,37,0.3071486672373422
10359,37,0.38354553742995096
13388,37,0.4647326790066997
16013,37,0.4745564198830933
18072,37,0.4804431694690822
18912,37,0.41982161092765125
25026,37,0.18626146988521866
2446,37,0.2601255522209734
3298,37,0.36591536549549425
4200,37,0.3808469367905684
8203,37,0.36504806628691777
9294,37,0.4145723235367729
10364,37,0.38115364956504677
11406,37,0.41177349208885156
15013,37,0.28976630413447624
17040,37,0.49671585892894665
18917,37,0.3797648235806141
19983,37,0.4398852546270486
22115,37,0.13810912297990566
23163,37,0.15750449236787875
24163,37,0.16185651536432105
25031,37,0.21641095970580618
25856,37,1.9194830118570247
27857,37,2.7043573582118476
2288,37,2.3167540771082846
3303,37,1.668605466263598
6269,37,0.4937801396290794
7126,37,0.4279963949519588
8209,37,0.8131952892297853
9298,37,0.5336587677094856
11410,37,0.4446460009759864
27967,37,3.056412365146626
27981,37,1.7219562712399845
28051,37,0.390350662639555
17045,37,0.36347289345216466
21060,37,0.30630206510074476
22118,37,0.19310577384751434
23166,37,0.4758683667193776
25035,37,0.25374062457740865
25860,37,2.9471805909030175
27918,38,0.03588193690921392
8211,38,0.0421599261873214
9083,38,0.03319128039190515
28125,38,0.022018591799802697
20418,38,0.01743343598018103
5210,38,0.02040850546196945
6057,38,0.022752840067419764
7130,38,0.029523159577219387
7997,38,0.030735017734855263
9087,38,0.03563081196361303
9948,38,0.035344613433691545
18291,38,0.021229822662608408
18922,38,0.02101063425446881
19776,38,0.020382840267365577
20849,38,0.016716715760019537
21908,38,0.01714734946993071
22958,38,0.024012583824665916
3482,38,0.019250272500186596
4019,38,0.012705685520170129
4798,38,0.017252342466478214
5849,38,0.020533367995035304
7136,38,0.029370429804044546
8002,38,0.03201413994958893
9092,38,0.03657249925997393
10161,38,0.036993304047613536
11204,38,0.02866642767984537
12238,38,0.028146202252726415
16840,38,0.02047268427429798
17874,38,0.019588207123031234
18716,38,0.02017901867037403
19565,38,0.019697984068240977
20854,38,0.01687537599238001
21913,38,0.01667036936585239
23977,38,0.022118466576057608
2451,38,0.03310054503705647
4023,38,0.024547707490820192
5007,38,0.027721492419804532
5853,38,0.027258794182839028
6925,38,0.03280064759460614
9097,38,0.033041439000093625
10167,38,0.02940062171526097
11209,38,0.027050598500139213
12241,38,0.024838038372460885
13218,38,0.018840453090985105
14012,38,0.019020305255649305
15017,38,0.021923127556348607
16843,38,0.020154295992573942
17880,38,0.019176837177064268
18932,38,0.021913174426126694
19571,38,0.021517958959996097
20860,38,0.02092711202257299
21918,38,0.022234754534928496
22966,38,0.029005977219928612
1745,38,0.030937898182659598
2293,38,0.08714824446053747
3135,38,0.028639808903616476
4028,38,0.04494157054067749
27900,38,0.03220276928625619
7146,38,0.041243278301882944
8012,38,0.03567895713201162
12246,38,0.016737703498701285
15826,38,0.0966862914830037
16848,38,0.024289995233887158
1645,38,0.04799604260996623
2298,38,0.04838285058374549
3141,38,0.041300776134300665
7150,38,0.043826535614683
8016,38,0.0449898435532112
9111,38,0.058729794049711036
1279,38,0.08465118705026517
4042,38,0.21726039142678147
11228,38,0.1358094606822449
12260,38,0.21377687184875296
13237,38,0.14637855121540072
21937,38,0.07363423463490464
1191,38,0.1445569741271056
3155,38,0.2336949112233713
4048,38,0.4178855423942108
10193,38,0.2120598384199799
11233,38,0.18581097348872477
28017,38,0.08347176343829825
17904,38,0.1968294918099362
18744,38,0.19778014449684753
19810,38,0.16354322202607827
20883,38,0.13413423101346864
4833,38,0.4333955310050485
6096,38,0.17707709289090376
12270,38,0.23190642442206916
18749,38,0.30252038620413646
861,38,0.05175004549996007
4246,38,0.38746781723305035
13253,38,0.2890543218694669
23000,38,0.24042955510449454
24016,38,0.2706552529674409
788,38,0.09992955227237053
4062,38,0.3326939912661413
14856,38,0.20152324596601806
21957,38,0.21066361590445395
24021,38,0.2297789224527567
25073,38,0.25796546654081076
582,38,0.14087300341078182
794,38,0.32844300633322626
1121,38,0.2567067032841276
6111,38,0.4616175891073131
15865,38,0.21880023065107415
24026,38,0.21568666943985648
25078,38,0.22944299131235138
520,38,0.13407320611713128
15870,38,0.20527717447586363
24031,38,0.2001536627526992
24914,38,0.1880251634687458
27093,38,0.6186743247834248
464,38,0.09967954392878106
803,38,0.36907428928269187
7194,38,0.4406703350086439
15875,38,0.23359316341209035
17934,38,0.40272291323302545
24036,38,0.14921088254911882
25760,38,0.199260134449008
305,38,0.19607766809449126
1317,38,0.34530271319141104
7200,38,0.4874766898154842
17939,38,0.3638376652355205
26316,38,0.24201415464344542
26733,38,0.3498176237101816
259,38,0.2821977348502306
1698,38,0.24783252240597375
9161,38,0.039959977828943775
17944,38,0.40792449975393047
25098,38,0.13335170442810163
26321,38,0.3005707059045284
27108,38,0.40087528993594573
266,38,0.3352657760240981
479,38,0.21633081453933234
6994,38,0.2974895249305637
8075,38,0.5426166024893597
17949,38,0.21692110539779605
21987,38,0.38160778067739476
24050,38,0.2936349029406796
25103,38,0.17459749483860718
270,38,0.21200824129603998
823,38,0.3563670526644665
1709,38,0.2638555546658693
8080,38,0.4600288938803663
9389,38,0.45440894099704227
17953,38,0.3704408038067657
18794,38,0.35758064622442715
113,38,0.5253457732381177
616,38,0.39041182780359884
827,38,0.3837123782508591
8302,38,0.3840071854535975
17958,38,0.36142742251059506
21996,38,0.384256505694776
26753,38,0.30286491169711205
63,38,0.6592665028332062
22002,38,0.2374617992926228
25789,38,0.360734081464994
27674,38,1.1356673153628771
44,38,0.7080357547841591
560,38,0.3457188906685743
4093,38,0.28171403724046035
11711,38,0.7465711393419318
19874,38,0.16268544664656384
25794,38,0.33566989689697063
27313,38,0.5417116171090943
27723,38,1.0495521102040055
16,38,0.841931940065896
9190,38,0.15680922755804202
12334,38,0.42783195603243185
21165,38,0.1332295366419363
24759,38,0.14594587751525223
27137,38,0.46060597746701043
27468,38,0.6237497307682713
27795,38,1.2248693561012987
7,38,0.9034238802960588
103,38,0.6076209542695498
847,38,0.5021603698232565
1733,38,0.257589204368347
3377,38,0.22845866965225242
12339,38,0.46418490321538125
26356,38,0.2905922980625395
26773,38,0.6424759137795735
27075,38,0.6058060413511933
27628,38,0.6472162621766038
2,38,0.962487715677913
852,38,0.5807078788562158
1270,38,0.5228371623231284
1738,38,0.1510570924148551
3208,38,0.21669679871146585
11312,38,0.17509477129354842
13322,38,0.3884102227331392
17983,38,0.24023851669648572
22231,38,0.3240986532747654
24069,38,0.23713704568784835
27381,38,0.5906841508942936
27633,38,0.7002490866863526
6,38,0.9611236354938979
112,38,0.9508460591504199
1275,38,0.648294796496148
2541,38,0.15532158876521465
3213,38,0.1652617750981697
10275,38,0.12892176545033648
11316,38,0.28183121254449833
21180,38,0.5368410712928586
23074,38,0.38863578273804517
24074,38,0.4206109122907741
27436,38,0.8309691494508867
27638,38,0.8841538861072945
2385,38,0.1475801531108373
8120,38,0.0228356431993565
11322,38,0.5683657102925549
23079,38,0.564872436114427
27156,38,0.7864057453278149
27440,38,0.7818562645269498
27607,38,1.1410690783041189
1841,38,0.28246393464413144
2390,38,0.3114433940806899
15737,38,0.3189194587849925
28131,38,0.5297309974227287
24084,38,0.5834390941026861
26361,38,0.019396803599762716
27869,38,0.5616799396151436
2394,38,0.20902906279199082
4127,38,0.18983958010278937
14940,38,0.4415823217970736
18843,38,0.11586869829800203
24089,38,0.6414879654717938
24957,38,0.7237861241841271
3230,38,0.3201196129563138
19913,38,0.13405827447806967
24962,38,0.8030771013939052
28189,38,1.2825234411249145
3235,38,0.23232086378889355
7058,38,0.2354258667718522
12374,38,0.2993781572939006
13351,38,0.4233940922815058
15954,38,0.13489027247425855
18013,38,0.23588866507232048
23099,38,0.1665895921839666
2721,38,1.0507986113405885
3239,38,0.18438067331775862
4141,38,0.07332236866166816
9234,38,0.14878822273796266
11346,38,0.2891330157245667
13355,38,0.32823485079426007
16981,38,0.16126971832003262
20996,38,0.11112982756365462
25487,38,0.2824858986320212
2557,38,1.522668711783315
3244,38,0.23015821508783188
4146,38,0.05277329088760395
4941,38,0.0291004733182062
7283,38,0.18910319438717352
21002,38,0.25719546844466007
24976,38,0.16296901221610768
2396,38,1.4630482166492562
11356,38,0.322404137554998
13365,38,0.17696890701921508
18867,38,0.2705668014519196
22065,38,0.26293545802797635
25659,38,0.3009690703628635
3254,38,0.15031129404432603
9249,38,0.19322594321261718
10319,38,0.37327184451531054
11361,38,0.29290952554446714
13370,38,0.28989771035284395
15973,38,0.25196535295430145
16996,38,0.06662841875712289
18872,38,0.2384731625738307
19938,38,0.26530871302874626
21011,38,0.18755995370428682
22071,38,0.3139079045074069
24118,38,0.30146060213357473
25819,38,0.6654398585355511
2406,38,0.577466747914449
3259,38,0.2936746088792081
4161,38,0.25951155985692725
6224,38,0.13168656310267962
7082,38,0.15249692374840793
14974,38,0.19232668212395948
18037,38,0.1921858089718865
18877,38,0.1662398868222803
19944,38,0.12073717250779013
22075,38,0.23346481778855538
23123,38,0.35917177613165063
24991,38,0.2858961634053836
2411,38,0.40156501559998437
3089,38,0.35886554344657323
4166,38,0.27713276123836644
5169,38,0.2754992069764924
7087,38,0.19453353337589496
11371,38,0.37887656916531565
12403,38,0.37905657336018433
14979,38,0.14032658104765455
18882,38,0.14098977475596391
21021,38,0.1699460021853948
23337,38,0.1991847937683848
2416,38,0.4370292004946256
4171,38,0.3716560627227864
6234,38,0.2975918153214196
9264,38,0.33282657324842446
13200,38,0.4154609922241896
15988,38,0.06605758637176155
17011,38,0.10849231905313238
19953,38,0.07155379468647649
22085,38,0.15544519598878465
25002,38,0.16415605356521315
25826,38,0.3367496456052247
4176,38,0.39486007938109313
5179,38,0.3194587833204342
6239,38,0.36313423951619894
7097,38,0.31202329450429944
14989,38,0.20719638976293567
18052,38,0.1409198158984632
21031,38,0.06400846483042115
25006,38,0.1736554883148522
25831,38,0.44354906042210657
1962,38,0.9272791380649438
2426,38,0.6259871942276916
5184,38,0.46437415699496015
7318,38,0.34025585775863704
17020,38,0.16498937473082734
19963,38,0.11607171826784843
23143,38,0.6314528890088745
2431,38,0.7135456139989169
5189,38,0.5194366062107704
7107,38,0.48651656409827937
8189,38,0.43103197288243267
10349,38,0.43123973954441613
11391,38,0.5303870040163573
13013,38,0.36578420990537563
14998,38,0.10165849820188526
24148,38,0.25882654913676073
1845,38,0.8880060368622539
4190,38,0.5898348602448826
4985,38,0.5351479889425074
10354,38,0.21015083257860545
13383,38,0.4615885173141595
14299,38,0.19441476901856417
18067,38,0.23583176779485784
19973,38,0.17160059291815707
21046,38,0.25117522910098283
25846,38,0.3455940850723485
2441,38,0.9340281911545926
3119,38,0.852881536993448
7117,38,0.48426439788958897
8199,38,0.42095219096856484
9289,38,0.3340931898522063
10359,38,0.3577955666170631
13388,38,0.05090416684950199
16013,38,0.19954256949417476
18072,38,0.2757010337484485
18912,38,0.22886379697404935
2446,38,1.027390928545498
4200,38,0.844769023188751
7122,38,0.6573730749283199
8203,38,0.4667111678197429
9294,38,0.5156792262451694
10364,38,0.4648295521946628
11406,38,0.3737727455732414
15013,38,0.3347961368860301
17040,38,0.11030448201891044
18077,38,0.11154076445555035
18917,38,0.24014443152874848
19983,38,0.09308644093115497
22115,38,0.10814235279672409
23163,38,0.17911561268572102
24163,38,0.24349259352752842
25031,38,0.3336857364088662
25856,38,0.5146897051745339
27857,38,2.987253545801012
2288,38,2.801968149548367
3303,38,2.2894802444024025
6269,38,1.1593276846051188
7126,38,0.7843054565442443
8209,38,0.9768394594466707
9298,38,0.7798920875689966
10368,38,0.5607287223917824
11410,38,0.5352022188169665
27967,38,3.4320446275269116
27981,38,0.4332214731738067
28051,38,0.24932189314534614
17045,38,0.23107243860876098
18921,38,0.17027358516544758
19987,38,0.08593126333622
21060,38,0.03422810879849582
22118,38,0.12470197762155014
23166,38,0.4745024615036587
24166,38,0.4924505914786457
25035,38,0.5209062557130169
25860,38,0.4873111509978193
27918,39,0.02658807928956528
8211,39,0.028974834214766567
9083,39,0.017204697692470277
28125,39,0.021369166235157736
20418,39,0.018130907730229927
5210,39,0.0277754462930579
6057,39,0.03330165459861008
7130,39,0.022166288503355613
7997,39,0.020498353212144993
9087,39,0.024855229785241406
9948,39,0.018058347335232462
18291,39,0.02572544401540544
18922,39,0.02516943505541337
19776,39,0.024915687082753414
20849,39,0.02021799547512017
21908,39,0.02288068795905224
22958,39,0.03324246932591924
3482,39,0.019056549438413804
4019,39,0.012707384487018374
4798,39,0.023280279827995205
5849,39,0.03207823626329561
7136,39,0.020809193018973472
8002,39,0.020199483432986703
9092,39,0.025761185490729036
10161,39,0.01733678481989694
11204,39,0.017471948396447005
12238,39,0.021667347876944264
16840,39,0.026376136358842193
17874,39,0.02514692222719761
18716,39,0.027155042961963475
19565,39,0.025464802237780235
20854,39,0.02163104273805108
21913,39,0.02552355548698097
23977,39,0.03134095741585477
2451,39,0.031134280062813567
3131,39,0.022844266585746252
4023,39,0.024030839945027985
5007,39,0.03488857949137134
5853,39,0.036935105160036626
6925,39,0.027715968849542735
9097,39,0.02634538524424594
10167,39,0.020580833262441145
11209,39,0.020491535834295405
12241,39,0.02554020652085206
13218,39,0.02581637738492614
14012,39,0.02668633958770561
15017,39,0.03612959882754522
16843,39,0.028939126393455313
17880,39,0.026412220568837762
18932,39,0.026867290542934127
19571,39,0.026346146349505366
20860,39,0.047678875155695945
21918,39,0.02973166745706943
22966,39,0.04361170006869202
1745,39,0.013171603212624304
2293,39,0.021092806960622695
3135,39,0.026854765278414076
4028,39,0.05371047176414196
27900,39,0.05725043329862741
7146,39,0.031093282219172146
8012,39,0.05386878410881428
12246,39,0.028397283998472817
15826,39,0.031035089034514966
16848,39,0.09377491126585577
1645,39,0.07545273173342916
2298,39,0.03874733431965948
3141,39,0.10305687714825536
7150,39,0.06049517731019843
8016,39,0.050533031185437616
9111,39,0.12258736443201841
13232,39,0.03371532069116679
18734,39,0.10106462316955901
1279,39,0.22242305529032766
11228,39,0.1611080685132987
12260,39,0.09595030434669852
13237,39,0.01991622083931457
18951,39,0.1010965281275551
21937,39,0.14766461305014517
1191,39,0.2532154726971637
3155,39,0.07296421364972745
4048,39,0.16198700987084036
10193,39,0.29924540560862856
28017,39,0.1350483367419761
17904,39,0.07974333829380252
18744,39,0.07842968007851724
19810,39,0.10921620332069923
20883,39,0.17233408694448357
4833,39,0.21943386674216686
11238,39,0.2728175102675005
12270,39,0.28487122790870356
18749,39,0.06517589991687812
22995,39,0.3048502109963119
861,39,0.35567653665697607
4246,39,0.20270620713243062
23000,39,0.32698526598850775
24016,39,0.34188788432742934
788,39,0.386258955492243
1206,39,0.06803980157815778
4062,39,0.18114563633770203
14856,39,0.267474878989786
21957,39,0.23817944739614463
24021,39,0.32666683420714665
25073,39,0.2802626324049042
582,39,0.4630854640396899
794,39,0.06240846357961237
1121,39,0.09646628813945794
6111,39,0.2575656359449241
15865,39,0.5044949702836661
25078,39,0.2515415660475799
520,39,0.45569642055994547
797,39,0.08268090625467613
6116,39,0.34975701960094624
15870,39,0.5802906590909446
24031,39,0.19513989606858043
24914,39,0.2351129432032403
27093,39,0.5472740761543133
464,39,0.5515009920174879
803,39,0.08117433963684187
6121,39,0.330384703005456
7194,39,0.32179692014319805
15875,39,0.5889327054607643
17934,39,0.5613402810912577
24036,39,0.14791903518937866
305,39,0.7426157688252129
1317,39,0.03832729287761691
15880,39,0.6269824357874823
17939,39,0.7949321618772945
26316,39,0.2362809081732517
26733,39,0.34763076127480036
259,39,0.7602612867666979
6988,39,0.29693397838084395
8289,39,0.32221661688061715
9161,39,0.1931988921837959
17944,39,0.8337513539675652
25098,39,0.0831282200763128
26321,39,0.17034008472151904
27108,39,0.35280768682574143
266,39,0.7829411969509846
6994,39,0.3481861876076071
8075,39,0.3537971446941646
9166,39,0.30107593466049204
17949,39,0.6705008556239564
21987,39,0.3977024914874672
24050,39,0.3193674450177693
25103,39,0.2090452538896752
270,39,0.6199353962206368
823,39,0.05115534713152424
1709,39,0.029696222254310012
8080,39,0.37400056176343904
17953,39,0.7347909254507313
18794,39,0.7943098162333339
113,39,0.8545942228353122
616,39,0.11118672155787414
827,39,0.043931813971195284
1245,39,0.04263117542758677
8302,39,0.3218905996859044
17958,39,0.6958556523356411
21996,39,0.6029995562184808
26753,39,0.1287192629986947
27608,39,0.9644188096268677
63,39,0.9306974103905687
1718,39,0.05363484522141183
10251,39,0.48823523497590626
11706,39,0.46659202544870937
22002,39,0.2811590148341917
23050,39,0.23816675344883484
27674,39,1.254420225039492
44,39,0.9479628836250986
560,39,0.14694465740235993
4093,39,0.07192837638841783
11711,39,0.5847378814257137
19874,39,0.29874445006490696
22007,39,0.3720930553092351
25794,39,0.4140578331402122
27313,39,0.42936197748201355
27723,39,1.2034806085754266
16,39,0.9982507111346235
9190,39,0.21548176410505865
12334,39,0.41695028204746887
21165,39,0.3555445566778493
24759,39,0.3288118951671083
26352,39,0.6129648433559485
27727,39,1.1042139714963808
27795,39,1.477787597136389
7,39,0.9916680281952918
103,39,0.9600228781026241
508,39,0.35797220297176535
847,39,0.4461029446594732
1733,39,0.08770453367024464
3377,39,0.4067322031526555
12339,39,0.41200512134819706
26356,39,0.2935441690603525
26773,39,0.6198819012821664
2,39,0.9982165367290745
108,39,0.6236945707406376
852,39,0.45462165494203927
1270,39,0.5086826662016896
1738,39,0.12930122364061736
3208,39,0.17234298390181318
13322,39,0.21444412114416292
17983,39,0.1321023108236115
22231,39,0.4755080914876303
24069,39,0.387103977579227
26360,39,0.4538743217756993
27147,39,0.2978567099091831
27381,39,0.5605510694358182
27633,39,0.75938688103371
6,39,1.0536031090476294
112,39,0.8390307925968371
258,39,0.7623535251193541
1275,39,0.9620446308057119
2541,39,0.09444811565523432
3213,39,0.06148781854288675
10275,39,0.08671722542832862
12349,39,0.1713696115855939
13326,39,0.16783509793277127
21180,39,0.17682866874244965
23074,39,0.4831401678045657
24074,39,0.45862168701411543
27436,39,0.8115141778223935
27638,39,0.9461748363527106
2385,39,0.15350594716575452
3218,39,0.12537992523541597
8120,39,0.19588616698020803
11322,39,0.057173503000284294
18834,39,0.29224564705860706
23079,39,0.57512564604856
27156,39,0.8269855455223502
2390,39,0.4668609476409994
15737,39,0.4142559149611706
28131,39,0.6084530400401793
24084,39,0.563087385483504
24952,39,0.5796773247341371
27869,39,1.3032206147793661
2394,39,0.47200840325940363
4127,39,0.42690787011380377
18843,39,0.4183929798812413
24089,39,0.6603691103365112
24957,39,0.761562520740052
3230,39,0.2709576591347823
13346,39,0.09963492007628781
19913,39,0.4005382339701142
28189,39,1.0163707332477758
3235,39,0.38026825338779213
7058,39,0.6020545683991356
13351,39,0.27466648405188143
14950,39,0.21802766138803792
15954,39,0.5033199507990082
18013,39,0.648694974855485
23099,39,0.4255561653373089
2721,39,0.9643947054888145
3239,39,0.4938944541553039
9234,39,0.7782935112571986
11346,39,0.9689125871337689
13355,39,0.5131192167673486
20996,39,0.4562351334849066
25487,39,0.7347883844300948
2557,39,1.3246887718062743
3244,39,0.6377661058377084
4146,39,0.6936392758496417
7283,39,0.6532514680131558
11351,39,0.9699040624642754
18022,39,0.5551858017445587
19928,39,0.6621322012488566
21002,39,0.5420970299365219
24976,39,0.5499499264152181
2396,39,1.1188806874034882
3250,39,0.6774878662351645
13365,39,1.0272473353555827
18867,39,0.5994078395766552
22065,39,0.5591835052950528
25659,39,0.5363564636502922
3254,39,0.8165195210560542
7077,39,0.7462772233131981
10319,39,0.8528604987713438
11361,39,0.9391623854838048
13370,39,0.9231055840468946
15973,39,0.5170983085766547
16996,39,0.6462499902055593
18872,39,0.6475280594455346
19938,39,0.6262328021681157
21011,39,0.6194281039764846
22071,39,0.641746213412718
25819,39,0.739815803849953
2406,39,0.6982706475194436
3259,39,0.8265710418961426
6224,39,0.8359201011355415
7082,39,0.8242374428873355
14974,39,0.40779825041837664
18037,39,0.7478336729186446
18877,39,0.7052313505941072
19944,39,0.6443659072628302
22075,39,0.6821299791966707
23123,39,0.6200472192855538
2411,39,0.7698606446280999
3089,39,0.8439070801950769
4166,39,0.8988703915162854
9259,39,0.8344513153735279
11371,39,1.0309560562022224
18882,39,0.7059950346665524
21021,39,0.6554321112477202
23337,39,0.646532905714969
24128,39,0.6306995557117455
2416,39,0.8412990416278654
6234,39,0.8848949160363907
8392,39,0.8870627730948246
9264,39,0.9000439121741474
13200,39,0.969314970284326
15988,39,0.7428608788101879
17011,39,0.7766107454053021
19953,39,0.7331827481507406
21026,39,0.6568542294982743
22085,39,0.7101606900348685
25002,39,0.4871121199264446
25826,39,0.7072014899687811
4176,39,1.010767798302808
5179,39,0.9654307132469884
6239,39,0.9217872918336038
7097,39,0.9516873479977557
14989,39,0.7915048673337595
18052,39,0.8137060917803429
21031,39,0.7348188635373203
25831,39,0.49314765374828806
1962,39,1.158209972736041
2426,39,1.0772568157523434
3279,39,1.0883775613883946
7318,39,1.0055468443787619
17020,39,0.8328495523138034
19963,39,0.7197994805893253
23143,39,0.6967763558080102
25011,39,0.4676449532593129
2431,39,1.0415731617090604
3284,39,1.0554484320375142
5189,39,1.081321102760623
7107,39,1.0642780635538887
8189,39,1.1185169264470922
10349,39,1.0822380984569702
12423,39,1.264905293730037
14998,39,0.9057845095732967
23148,39,0.7949039533854675
24148,39,0.6432882125177111
1845,39,1.123884138805609
3289,39,0.8851770105676947
4190,39,0.6576201713213707
4985,39,0.7180493789789772
10354,39,0.3517695543561281
13383,39,0.6439744567378267
18067,39,0.98079120056019
21046,39,0.5634600479848415
25846,39,0.23800925218977417
2441,39,1.0800668506893787
3119,39,1.0770665587001897
7117,39,0.5732941371847244
8199,39,0.505750506147627
9289,39,0.3924127390383843
11401,39,0.2641065760110416
13388,39,0.3173829563416206
16013,39,0.26646951155169984
18072,39,0.38181174118115413
18912,39,0.3192504268623119
23158,39,0.4532006847183049
1741,39,1.5171481021318611
2446,39,1.3429706655502955
4200,39,0.9816113456388753
7122,39,0.6881643443991025
8203,39,0.4951863470655897
9294,39,0.46372609656413066
10364,39,0.48795011857018283
11406,39,0.4030098734733437
13393,39,0.30563517959987513
15013,39,0.2999468389065323
15815,39,0.3597035495051132
17040,39,0.29807097302112473
18077,39,0.23111537039896404
18917,39,0.38892797474343355
19983,39,0.47316571922638656
22115,39,0.5370901846835947
23163,39,0.482918747505165
24163,39,0.46415093701418125
25031,39,0.42412250394283474
25856,39,0.3547444922124967
27857,39,2.906801772961429
2288,39,2.8231746942500258
3303,39,2.7292327616995538
4205,39,1.0978853296515763
5208,39,0.9645990912491672
6269,39,1.1142349523984554
7126,39,0.7654488583809167
8209,39,1.4215417759179405
9298,39,0.7372935190099318
11410,39,0.45439111863738607
27967,39,1.7707772413474234
27981,39,0.323524396566181
28051,39,0.31908837925944616
17045,39,0.48520418043221397
18921,39,0.3549276160318816
21060,39,0.3584105138943679
22118,39,0.5110016808947161
23166,39,0.7455307338290028
25035,39,0.5878123687519843
25860,39,0.3002003990787247
27918,40,0.04819666732828657
8211,40,0.0559136058621483
9083,40,0.038545399895678116
28125,40,0.013924479636117907
20418,40,0.01835591896921882
5210,40,0.0323317414290081
6057,40,0.03420258879318162
7130,40,0.040418490060126454
7997,40,0.04096632409418586
9087,40,0.04316959601377724
9948,40,0.04245537186983854
18291,40,0.02248624540601123
18922,40,0.021326483158431057
19776,40,0.020519906037583715
20849,40,0.02373585140756845
21908,40,0.02362714309111125
22958,40,0.027099944268524006
3482,40,0.03795622976224882
4019,40,0.029341313905911038
4798,40,0.029107332134223802
5849,40,0.030111966305188868
7136,40,0.04256053703540023
8002,40,0.045238407456169895
9092,40,0.04663784814679162
10161,40,0.046322631412082094
11204,40,0.03768103213133034
12238,40,0.043941431312776225
16840,40,0.017279989955687775
17874,40,0.01733674716770844
18716,40,0.024994901870262973
19565,40,0.023277846957545607
20854,40,0.025928994866695722
21913,40,0.02391057105198281
23977,40,0.024290193670437284
2451,40,0.04448008899554313
3131,40,0.04255805773802082
4023,40,0.043051461956794566
5007,40,0.03809739138168015
5853,40,0.03668817514692436
6925,40,0.05021505541485542
9097,40,0.05227473922451761
10167,40,0.05062051187393559
11209,40,0.04376734088614178
12241,40,0.03957034149896025
13218,40,0.025531121870350303
14012,40,0.024357081306705282
15017,40,0.020756262777731436
16843,40,0.024107364410618188
17880,40,0.027639744059051483
18932,40,0.0307845375725855
19571,40,0.03052840312276872
20860,40,0.0399479499896973
21918,40,0.04221236073767721
22966,40,0.04948810263174947
1745,40,0.031203014282589744
2293,40,0.04861199137386546
3135,40,0.04822659760215208
4028,40,0.05237434126709656
27900,40,0.04914225605791028
7146,40,0.03320178137138776
8012,40,0.05257939845771133
15826,40,0.018184112140666134
16848,40,0.025778019426718524
1645,40,0.06813092216838493
3141,40,0.11046331631490762
7150,40,0.04881157925182359
8016,40,0.04028125201405409
9111,40,0.04849399162140723
12255,40,0.13789913773033743
18734,40,0.03554617560492282
21932,40,0.16240669919160083
1279,40,0.18530501290018658
12260,40,0.20790181742530942
13237,40,0.10998339012686202
18951,40,0.11339771106086205
1191,40,0.2729632953867931
3155,40,0.41359940425626
4048,40,0.5356411619009797
9340,40,0.12618905529733135
10193,40,0.6421570521037105
28017,40,0.11206975244061561
13243,40,0.05765179513736601
17904,40,0.03271026031847079
18744,40,0.13960911231620995
19810,40,0.2093386728058776
20883,40,0.24804212589327002
4833,40,0.5453082139841625
12270,40,0.6213464732083062
18749,40,0.16421379020140925
861,40,0.43311555767226334
4246,40,0.5455343100698994
23000,40,0.352382817201833
24016,40,0.36098671586628595
788,40,0.4517137354540053
4062,40,0.6085069855034576
14856,40,0.26804246819482397
21957,40,0.24543699522982046
24021,40,0.41496558232360387
25073,40,0.48350603365446665
582,40,0.5178639968048604
794,40,0.24978147821742397
1121,40,0.23124864537122908
6111,40,0.6993124113933028
25078,40,0.40461454874282776
520,40,0.5253917296497995
797,40,0.19882418585349096
1215,40,0.2578280586709092
15870,40,0.44364668535917673
24031,40,0.3009069760283049
24914,40,0.38867399745752984
25754,40,0.3675276258078521
27093,40,0.3900239691895709
464,40,0.6229070374749396
803,40,0.2388817346555301
6121,40,0.7793059723230553
7194,40,0.7495613385186395
15875,40,0.4026501205930201
17934,40,0.40482157613121217
24036,40,0.21432744845012022
24919,40,0.28580734169453187
305,40,0.6842584900937467
1317,40,0.27555675344370134
15880,40,0.4732860970345044
17939,40,0.5076126985850843
26316,40,0.2541247914485845
26733,40,0.2564494375565936
259,40,0.7763605180813999
6988,40,0.7448890931630588
8289,40,0.74494379220752
9161,40,0.6053307496631839
17944,40,0.538949896548981
18784,40,0.5859688518965493
25098,40,0.1974449523858637
26321,40,0.24261676625447307
266,40,0.7237570371651124
6994,40,0.6815005014599066
8075,40,0.7908567118189498
9166,40,0.7090365186816646
17949,40,0.310139835326908
20069,40,0.5492691933675721
21987,40,0.20327737349837596
24050,40,0.1554759662651062
25103,40,0.06419699283905567
270,40,0.2731954610738753
823,40,0.17757601135506315
1709,40,0.3872920000105195
8080,40,0.6592407846728237
11283,40,0.5047477072980519
17953,40,0.45281035516338475
18794,40,0.48354094052455293
113,40,0.9607434985195032
616,40,0.252106490012877
827,40,0.166651665036155
1245,40,0.16101791743016924
8302,40,0.5961340768317955
10246,40,0.7764776441719902
17958,40,0.48734522102542993
18799,40,0.09573498896166369
21996,40,0.3707577090952534
26753,40,0.15445994840752972
27608,40,0.6927578302317102
63,40,1.0201700965903422
10251,40,0.6988535730520739
11706,40,0.8460112724250431
22002,40,0.22246832832270222
27674,40,0.6689228984386106
44,40,1.0694132003128654
560,40,0.18793204600366642
838,40,0.2051533199163457
4093,40,0.5304868224302131
11711,40,1.0465826781317176
19874,40,0.1544645220784726
27313,40,0.5160934485960362
27723,40,0.8012576354997927
16,40,1.1137989224354556
131,40,1.116821621120575
9190,40,0.11672756257990363
12334,40,0.8876132708877938
21165,40,0.13507217779605338
24759,40,0.5724210070654381
27727,40,0.9218293914220085
27795,40,0.9152697304922818
7,40,1.171048297323413
103,40,1.1267840568894052
508,40,0.21363376956570854
847,40,0.2815827967929197
1733,40,0.33221392738848693
3377,40,0.6375252494727524
12339,40,0.8470917764172897
19884,40,0.20321963881255115
26773,40,0.671006164766512
2,40,1.2032763324556308
108,40,0.4915605199530375
852,40,0.17903929321074233
1270,40,0.29703938143960135
1738,40,0.3880007547532287
3208,40,0.5038944088226618
13322,40,0.8608794181481642
17983,40,0.150224788408948
22231,40,0.25987693144235624
24069,40,0.2318023163234975
26360,40,0.4276580561391454
27147,40,0.9231900935935724
27381,40,0.8127896050722758
27633,40,0.9171563663439162
6,40,1.2409892673792386
112,40,0.9699026385454411
258,40,0.9466998764795719
1275,40,1.0087680778597583
2541,40,0.43801967289597876
3213,40,0.3692804301844794
10275,40,0.44974602391409557
12349,40,0.7240115167762886
13326,40,0.7272453504669275
21180,40,0.10665075229158334
23074,40,0.22524254379337136
24074,40,0.29046187299068105
27436,40,0.8850575243032389
27638,40,0.9244506788908676
2385,40,0.3956806247133171
3218,40,0.3208357214922397
8120,40,0.23371589267230194
11322,40,0.7531118831253574
17993,40,0.43274019224880084
18834,40,0.32042515628298157
23079,40,0.10660454332593441
24947,40,0.29593792377478334
27156,40,0.9479585679053908
2390,40,0.5907390211160938
15737,40,0.655338283829684
28131,40,0.3419089504891154
24952,40,0.13619535920310197
25809,40,0.28470466497336633
27869,40,0.7078070579073834
2394,40,0.4738458336291898
4127,40,0.5721361313180316
18843,40,0.5532135716313463
24089,40,0.03842326187863304
24957,40,0.1770599964775581
3230,40,0.5769365223970376
4132,40,0.41739348932591913
5134,40,0.3418505708811317
13346,40,1.5218587822900516
19913,40,0.4929324991024145
24094,40,0.09047124794636482
28189,40,0.8888797133402667
3235,40,0.4549378309279986
7058,40,0.39396300290043257
14950,40,0.7772277296959066
15954,40,0.5696859607583122
23099,40,0.12527676129507057
2721,40,0.10914433809702419
9234,40,0.21723745556441154
11346,40,0.44465273460569715
13355,40,0.0673493521597843
20996,40,0.2063462343026811
25487,40,0.6171441598598739
2557,40,0.7640619430233342
3244,40,0.2958052543003001
4146,40,0.21458069890700235
7283,40,0.33090549353411275
18022,40,0.2907560359884275
21002,40,0.12155124969496638
24976,40,0.1568368495390694
2396,40,0.507608006131107
3250,40,0.18022667191275835
7072,40,0.24363549235758802
9244,40,0.19553029816507553
14964,40,0.5456716900997689
18867,40,0.10528113006679851
22065,40,0.14294345550042842
25659,40,1.2465808478786056
3254,40,0.1431302002396207
10319,40,0.14132274437962547
11361,40,0.23739190050043807
13370,40,0.20683205855082687
15973,40,0.47574875973095193
16996,40,0.34982310753463497
18872,40,0.21192253592024768
19938,40,0.18381462554320135
21011,40,0.23844862744725187
22071,40,0.09147774005990864
25819,40,1.5919687531437519
2406,40,0.32255741776363483
6224,40,0.18150579095402208
7082,40,0.17975308748833646
8164,40,0.16523688129449807
18037,40,0.21250227756640883
18877,40,0.22465224186431773
19944,40,0.1733150039712698
21016,40,0.2384241998302766
22075,40,0.1571182559698315
23123,40,0.2137300734098437
2411,40,0.3075577928477172
3089,40,0.12764428717826168
4166,40,0.07983717317929485
8169,40,0.1440806902173162
10538,40,0.10442556811620195
11371,40,0.19802698669088722
15983,40,0.2533775109325944
18042,40,0.29196954730904207
18882,40,0.2268951548892932
21021,40,0.24491001718764047
23337,40,0.274412312461047
24128,40,0.1983643331105631
2416,40,0.2881379708103367
6234,40,0.06632477188970368
9264,40,0.13557364709497416
13200,40,0.22841189651232172
15988,40,0.17649946210246908
17011,40,0.27504512449091023
19953,40,0.2262686148463641
21026,40,0.3260425470855573
22085,40,0.23845476687755454
25002,40,0.3232770976561813
25826,40,1.2020861029019128
4176,40,0.07975604673025388
6239,40,0.04422099817634737
7097,40,0.09405847647512883
18052,40,0.3326715824611027
25831,40,1.2806883629936014
1962,40,0.6790222014163158
2426,40,0.267594327946645
7318,40,0.07664851232389178
9274,40,0.11808713787327194
14993,40,0.19139378180462957
17020,40,0.3388880447983258
23143,40,0.36611396080828684
25011,40,0.3196945565719124
2431,40,0.34936857641544194
5189,40,0.21875410574047013
7107,40,0.13158383364502582
8189,40,0.13181644771499043
10349,40,0.18183496960584083
14998,40,0.36137821515155627
17026,40,0.3827932491869592
23148,40,0.23996503044670178
24148,40,0.3567583460032978
1845,40,0.4199343879842424
3289,40,0.3525668229267728
4985,40,0.1737023405195831
8413,40,0.2674677883515171
9502,40,0.20695170556421225
10354,40,0.21979312522501512
18067,40,0.44696322133758254
21046,40,0.3272222075618543
25021,40,0.338156481860018
25846,40,0.5397564981833387
2441,40,0.4362789972622352
3119,40,0.4683826381027732
4010,40,0.40113494844378345
9289,40,0.2267610131707974
12433,40,0.34446508494473416
13388,40,0.3664801382637128
16013,40,0.4312070337996414
18072,40,0.3972628428347677
18912,40,0.4973655795741588
1741,40,0.5485498240599114
2446,40,0.532912983168827
3298,40,0.5410188147030974
4200,40,0.45373231076352555
7122,40,0.4274744156614523
8203,40,0.3845147432288797
9294,40,0.35075338916187265
10364,40,0.35058276401897814
15013,40,0.5106060183099687
17040,40,0.47598382824006896
18917,40,0.44451174398393134
19983,40,0.6095135096559146
24163,40,0.5734402082825674
25031,40,0.5548499180596299
25856,40,0.5728645418699878
27857,40,2.381338954114779
2288,40,2.309832596585955
3303,40,2.3877344349912
4205,40,0.5619396843391272
5208,40,0.483135158915473
6269,40,1.4887358030839841
7126,40,0.47839562171701866
8209,40,1.7449856230018883
9298,40,0.5677427995439067
11410,40,0.38670205992260787
27967,40,1.0088042033718891
27981,40,0.457629502586484
28051,40,0.5382463289312657
16225,40,0.7202466196228452
17045,40,0.6907220541065796
18290,40,0.5313604059184299
18921,40,0.6468168740370983
21060,40,0.6117467079697415
22118,40,0.6159946777005889
23166,40,0.6143442725784259
25035,40,0.9381030244846759
25860,40,0.519762056979587
27918,41,0.045260732787092604
8211,41,0.05058638714730364
9083,41,0.04479345412123861
28125,41,0.030701387441210145
20418,41,0.03707548526927693
5210,41,0.03810290401583571
6057,41,0.045051059643051436
7130,41,0.046256741380121334
7997,41,0.04695714342191757
9087,41,0.051875681177624165
9948,41,0.05274303365451535
18291,41,0.03563546492092281
18922,41,0.039199539123438
19776,41,0.040629526970904925
20849,41,0.04825431493229781
21908,41,0.050809061671263755
22958,41,0.06393455512807235
3482,41,0.021528454251427354
4019,41,0.015378256895955742
4798,41,0.02806224850596115
5849,41,0.04078425190722656
7136,41,0.048712968552034254
8002,41,0.050488254783568325
9092,41,0.05648983525853984
10161,41,0.05686819265452014
11204,41,0.034846606791962026
12238,41,0.033304102461400316
16840,41,0.026152907874131614
17874,41,0.026620177138135286
18716,41,0.037863310595468616
19565,41,0.040690145559251226
20854,41,0.04878026101751138
21913,41,0.051162290068896325
23977,41,0.04967082973320154
2451,41,0.02190356707526054
3131,41,0.02643244413167564
4023,41,0.028676770193290246
5007,41,0.030704890456632515
5853,41,0.03906500074249829
6925,41,0.052033947047990435
9097,41,0.055901458713504194
10167,41,0.056228920483504544
11209,41,0.04185757110992606
12241,41,0.03449321454964881
13218,41,0.02802654824379804
14012,41,0.02662596735287172
15017,41,0.023719975811269042
16843,41,0.032132797884814136
17880,41,0.03886979244503071
18932,41,0.043409377685934995
19571,41,0.045105990045321884
20860,41,0.05897503155792861
21918,41,0.06469588845899978
22966,41,0.0762003912381178
24699,41,0.10712575747537406
1745,41,0.0070123878609362235
2293,41,0.02925924844772435
3135,41,0.09121780021782372
4028,41,0.021982039261940124
27900,41,0.04106039575289837
7146,41,0.04886354212333199
8012,41,0.03196172181144311
15826,41,0.09039914411903281
16848,41,0.04310390325247062
1645,41,0.08808406386986473
3141,41,0.03196394006910278
7150,41,0.07909700428113571
8016,41,0.05669912172890496
9111,41,0.1499071425201603
12255,41,0.11223167837128714
18734,41,0.11380180957363291
21932,41,0.11570887318511074
1279,41,0.19825647651011552
12260,41,0.051065544116241646
13237,41,0.03910621888244764
18951,41,0.18074192383105694
1191,41,0.24054989016230208
3155,41,0.25469368786999985
9340,41,0.187815172279755
10193,41,0.295217575491134
11233,41,0.17015155151898056
28017,41,0.11443772055441716
13243,41,0.11011275039439318
17904,41,0.32748829404311186
18744,41,0.2679631238776566
19810,41,0.23086712340111562
4833,41,0.48535015157529937
18749,41,0.3038731796662359
20888,41,0.3510548205493254
24011,41,0.43096568126817525
861,41,0.3828707252936175
4246,41,0.3289993849722035
13253,41,0.13198743333317012
23000,41,0.48421224283351255
24016,41,0.4910573821054065
788,41,0.49338536973806657
4062,41,0.24045351625694816
14856,41,0.23987664396863695
21957,41,0.338587098677398
24021,41,0.4947761493353785
25073,41,0.4737914883708021
582,41,0.5085779803713882
794,41,0.1763317336154531
1121,41,0.15683526855063618
6111,41,0.569249319098194
23010,41,0.38219956471121164
25078,41,0.3234422548411309
520,41,0.5739173896380236
797,41,0.15437827887967986
1215,41,0.16400511093767658
15870,41,0.33845725398101956
24914,41,0.25800883298712446
25754,41,0.23567192021044261
27093,41,0.37605862682338687
464,41,0.653540448970323
803,41,0.15654657108564168
7194,41,0.5473546901949404
15875,41,0.26143787705547694
17934,41,0.2533691478886175
24036,41,0.1989590543050263
24919,41,0.1362339280046604
305,41,0.6343989193138906
1317,41,0.1764417660691202
7200,41,0.5100469870502645
15880,41,0.3492076247403177
17939,41,0.3939457686312479
26316,41,0.0471320223736003
26733,41,0.1450361028215792
259,41,0.6758034695180597
6988,41,0.3329398754318471
8289,41,0.5615304820922973
9161,41,0.45885621193724996
17944,41,0.5310593908639752
18784,41,0.37562132323176745
25098,41,0.16152037848347822
26321,41,0.06305355578629003
266,41,0.8428886547254487
479,41,0.6854148377673075
6994,41,0.18698271966921248
8075,41,0.596888924576331
9166,41,0.5872524219479336
17949,41,0.11896345141980849
21987,41,0.1081504365371502
24050,41,0.20242858826104773
25103,41,0.19554306713001995
270,41,0.7964702512636557
823,41,0.1524139457908761
8080,41,0.3380601953053107
11283,41,0.34764587788599494
17953,41,0.061945586446771526
18794,41,0.17494143621555272
113,41,0.8724522276591328
616,41,0.0876687269089738
827,41,0.13391710494443085
1245,41,0.1447041877111838
8302,41,0.33245697344912745
10246,41,0.5946125976360018
17958,41,0.10472788173232674
18799,41,0.4672600833004672
27608,41,0.3636798340981016
63,41,1.0474840301623702
11706,41,0.6395671481322753
19654,41,0.44490033465716244
22002,41,0.7126536782479308
27127,41,0.33501370347212844
27613,41,0.5702315286796924
27674,41,0.4224697630329137
44,41,1.1423480533703227
560,41,0.07762783560873907
838,41,0.0879947955616067
4093,41,0.42566620241308806
11711,41,0.820969995260126
19874,41,0.3773460342156404
26346,41,0.5514421001216339
27313,41,0.41951613464370696
27723,41,0.629413946320985
16,41,1.2101571363093266
9190,41,0.4495904208230767
12334,41,0.6964730775451001
21165,41,0.46805043031330296
24759,41,0.8545291193131035
27468,41,0.48830696890106784
27795,41,0.8565218646213739
7,41,1.2825558965554547
103,41,1.284593397643803
248,41,0.09154888044635094
847,41,0.16589532121416703
1733,41,0.29903135895833216
3377,41,0.2062332711285013
12339,41,0.765037969179134
19884,41,0.22465257931730134
26773,41,0.6494263402021226
2,41,1.3798830536741813
852,41,0.09750007344165117
1270,41,0.20605693137388725
1738,41,0.2773326520070502
3208,41,0.23273530916607688
13322,41,0.8277080233158391
17983,41,0.4490651556263763
22231,41,0.3188466181303862
27147,41,0.6763839391505938
27381,41,0.748628920018022
27633,41,0.6745673475720112
6,41,1.4330153814531217
112,41,1.060472436628645
258,41,1.0592982188372486
518,41,0.9988570217927236
1275,41,1.0408928810294982
2541,41,0.27198263638222353
3213,41,0.27473844741656395
10275,41,0.4215548576059559
12349,41,1.075466451148842
13326,41,1.0913525098495818
17988,41,0.5542172907776497
21180,41,0.14440324951688896
23074,41,0.3470401764079389
27436,41,0.7645603352072049
27638,41,0.7587855964841972
2385,41,0.26984841836882195
3218,41,0.3008665346551735
8120,41,0.13078120347203892
11322,41,0.9021201109239254
17993,41,0.5888934847226587
18834,41,0.5835918333431143
23079,41,0.22007136464773555
24947,41,0.44478975821128125
27156,41,0.8232815916983974
27607,41,0.8896056146068347
2390,41,0.3233722220395436
15737,41,0.6861308778660202
25809,41,0.5835946259307702
27869,41,0.9348394469416553
2394,41,0.29238745430599195
4127,41,0.3869556277094003
18843,41,0.595029416094582
24089,41,0.14120352872856115
24957,41,0.1375436461768914
25814,41,0.48735422940760736
3230,41,0.4930857624646802
5134,41,0.44797967532066396
14945,41,0.5565915072736933
24094,41,0.09004167653576674
28189,41,1.3991811827480432
3235,41,0.34239516239744944
7058,41,0.3815584621677414
14950,41,0.4003904455722441
15954,41,0.35000997484091434
16977,41,0.3748289322616264
23099,41,0.17641204455915446
2721,41,0.2013095174054466
9234,41,0.22887940373478916
11346,41,0.37763597783966746
13355,41,0.05936242959332977
16981,41,0.3526193735627172
20996,41,0.21330381572792378
25487,41,0.8347459975824592
2557,41,0.2032201904969073
4146,41,0.2675537892799417
7283,41,0.3736548023287826
21002,41,0.2334928832049754
24976,41,0.14987432288993546
2396,41,0.23351401064161056
3250,41,0.2348224913948376
7072,41,0.3520611066251902
9244,41,0.19263579511670625
14964,41,0.22143221483789824
18867,41,0.23900326435166536
22065,41,0.22848994457778438
25659,41,1.1360508612555862
3254,41,0.1940043788765004
9249,41,0.07618256663172146
10319,41,0.27527231023363985
13370,41,0.4164793723943906
15973,41,0.3134595216447352
16996,41,0.32752375240805665
18872,41,0.22291268795420496
19938,41,0.17904625753259057
25819,41,0.930996920032957
2406,41,0.37618741798715827
6224,41,0.12023222286470543
7082,41,0.222369244159162
18037,41,0.307101794302122
18877,41,0.2546440677509714
19944,41,0.09300245910852672
21016,41,0.1407999494366221
22075,41,0.17382578651947017
23123,41,0.2628485744089528
24991,41,0.25281435877478553
2411,41,0.39307195102226616
3089,41,0.20149259106108214
4166,41,0.13707078106899326
8169,41,0.12217605256750026
11371,41,0.3254915940136831
15983,41,0.3120115447069028
18042,41,0.3587795702180447
21021,41,0.17731248085888682
24128,41,0.22302750811765035
2416,41,0.3581160326119237
6234,41,0.07337079482719794
9264,41,0.041233837416115075
13200,41,0.3844006450591102
15988,41,0.31624766237471635
17011,41,0.2897446364234325
18047,41,0.28167430114030584
21026,41,0.2436517091160439
22085,41,0.21420436567430173
4176,41,0.16372785038059698
6239,41,0.09352956933905228
8179,41,0.031214228415215296
18052,41,0.23168786523703244
25831,41,0.7885088803984287
1962,41,0.4920023506180804
2426,41,0.40339705347253507
9274,41,0.0920656424922386
10344,41,0.09890533402801173
23143,41,0.14052196174832007
25011,41,0.1863179886214682
7107,41,0.18183422206273803
8189,41,0.17639314621290278
10349,41,0.2105111059000851
11391,41,0.2308303642492715
14998,41,0.34560826266160694
17026,41,0.3087497452307754
23148,41,0.2791969198830328
24148,41,0.13968983244216
1845,41,0.627463624605307
3289,41,0.383640827083966
14299,41,0.24395406056130017
18067,41,0.34314641175650973
21046,41,0.33534020505166934
25021,41,0.22352333582655412
25846,41,0.07633615018431253
2441,41,0.6119789581480357
3119,41,0.5795046091084233
4010,41,0.5134824726962155
9289,41,0.32190155210595667
12433,41,0.34888809552952454
13388,41,0.4626876668890866
16013,41,0.441507575760561
18072,41,0.3413280408679381
18912,41,0.3577315427128679
25851,41,0.1647421876309005
1741,41,0.7310229327227836
2446,41,0.6490998370314496
3298,41,0.5679790844805291
4200,41,0.5683210158491209
8203,41,0.2697300667325607
9294,41,0.31575202802235636
10364,41,0.45740449018439666
12438,41,0.4213177198815437
15013,41,0.2699312708136749
17040,41,0.33802357068663125
18917,41,0.26862856321212875
19983,41,0.3798376962638993
25031,41,0.19131532248933153
25856,41,0.7976003466808472
27857,41,2.6346163716316857
3303,41,2.576667161664599
4205,41,0.7166862676561482
5208,41,0.6296573711459517
6269,41,1.5524037992086404
7126,41,0.5649774992078761
8209,41,1.7841004139673973
9298,41,0.6806083901460044
10368,41,0.5180906846737142
11410,41,0.5104370465715155
27967,41,2.5359896964048017
27981,41,0.7983570619953358
28051,41,0.2961068641272278
17045,41,0.35212634389010583
18290,41,0.266487460930262
19987,41,0.27922995878485224
21060,41,0.3685879875719939
22118,41,0.3264264427510357
23166,41,0.5544096459682575
24166,41,0.9328551231475146
25035,41,0.552518704001441
25860,41,0.40350947578255353
27918,42,0.03371673252116909
8211,42,0.0376448478429769
9083,42,0.0337140704882667
28125,42,0.02703052164714794
20418,42,0.029285779762884875
5210,42,0.02774581549556784
6057,42,0.030661942867144538
7130,42,0.03215682436752396
7997,42,0.03248755632889846
9087,42,0.039685032270249436
9948,42,0.0407116511037199
18291,42,0.029082375897206747
18922,42,0.03008385054675555
19776,42,0.030570165422777563
20849,42,0.03459059367983292
21908,42,0.034800379903558186
22958,42,0.04301982832332574
3482,42,0.01940409636577381
4019,42,0.02258678788681122
4798,42,0.023591447884778773
5849,42,0.02796725329468575
7136,42,0.032599740203645027
8002,42,0.03398560607076463
9092,42,0.042870873517969796
10161,42,0.04407211646677877
11204,42,0.03965953395603027
12238,42,0.042971883114588307
16840,42,0.025704320220231083
17874,42,0.02503840000769103
18716,42,0.030802768167570337
19565,42,0.031118955112171304
20854,42,0.035646404469033874
21913,42,0.03783569724729919
23977,42,0.036008245699625345
2451,42,0.041568918981561474
3131,42,0.019462147997640556
4023,42,0.019737738017088984
5007,42,0.02808980637559679
5853,42,0.031817419082670786
6925,42,0.03915509264444169
9097,42,0.04528073191846679
10167,42,0.04491414059812127
11209,42,0.042873457019966595
12241,42,0.0417942841511129
13218,42,0.0348988301803352
14012,42,0.032485149353274845
15017,42,0.028825845528964215
16843,42,0.029566952720589693
17880,42,0.0312988390654184
18932,42,0.03413283484909284
19571,42,0.03463998695235894
20860,42,0.04034727464145681
21918,42,0.04226043696033248
22966,42,0.04550721551465195
24699,42,0.048971801887637355
1745,42,0.07893728998817502
2293,42,0.04033516797492606
3135,42,0.050099809925644355
4028,42,0.025994831676421967
27900,42,0.046338042686419216
7146,42,0.029298830112926624
8012,42,0.02596387361592959
15826,42,0.02790297853345372
16848,42,0.042844043221295786
1645,42,0.10248520193063258
3141,42,0.03126459252498588
7150,42,0.11600975210661293
8016,42,0.14482270305632894
9111,42,0.1774407251577249
12255,42,0.17150534806523285
18734,42,0.17577339360883382
21932,42,0.1275930393756177
1279,42,0.30834709731510745
4042,42,0.18730909788617991
11228,42,0.3788616013203638
12260,42,0.3149651583224556
13237,42,0.24733335326590986
18951,42,0.036115657598102015
21937,42,0.2765162197328426
1191,42,0.35059519369557124
3155,42,0.04124224449955944
10193,42,0.3054728560664949
28017,42,0.4161759212644074
13243,42,0.2684747974415597
17904,42,0.08935743471818192
18744,42,0.08903992314643285
19810,42,0.132965173893011
24889,42,0.22998313891151104
4833,42,0.37635131184964615
18749,42,0.14653676431626217
20888,42,0.23465014034053525
22995,42,0.27828774124308675
861,42,0.4680574147214112
4246,42,0.22171119929060298
23000,42,0.3499831217622981
24016,42,0.36820686156408916
788,42,0.5504990307676992
4062,42,0.14663750230942346
14856,42,0.44845524904174544
21957,42,0.294908437139283
24021,42,0.33976246039089725
25073,42,0.5402069365056682
582,42,0.5168979988302752
794,42,0.06856990672768074
1121,42,0.10609102871815022
6111,42,0.5191077970781534
14861,42,0.47432929237678134
15865,42,0.5382061626178372
23010,42,0.23225446612572764
24026,42,0.30806532220024685
25078,42,0.4507686146486335
520,42,0.5364581781373609
797,42,0.07034627403547591
1215,42,0.04180477578142577
6116,42,0.48005066534271695
15870,42,0.6133179476707525
27093,42,0.4695065736099363
464,42,0.6755272892066688
803,42,0.020386046049880625
7194,42,0.49121527261829667
15875,42,0.61079460578875
17934,42,0.36484363325226
24036,42,0.06093620873679239
24919,42,0.12251245565714833
305,42,0.6599011584660665
1317,42,0.049788561154036806
8065,42,0.5374902448939541
15880,42,0.609869560427845
17939,42,0.5870033351762098
26316,42,0.26996386765135255
26733,42,0.5014871569896127
259,42,0.6912800066482492
6988,42,0.3639294074835261
8289,42,0.6392994118499082
9161,42,0.5774924882457361
17944,42,0.6716960422088631
26321,42,0.3570443372882891
266,42,0.863648035980038
8075,42,0.5978657425014805
17949,42,0.2007765586726436
21987,42,0.10816738122541861
25103,42,0.44888414607906785
270,42,0.6521812466213832
823,42,0.1222101358766911
1241,42,0.13453504048448642
8080,42,0.3848462258798004
11283,42,0.46026122101751965
17953,42,0.27471394574179187
113,42,0.9555273620617418
616,42,0.1476651755584835
827,42,0.16417759692015405
1245,42,0.1539816189057594
8302,42,0.2687659350925475
10246,42,0.7686001041641741
11287,42,0.6363757825083112
17958,42,0.3355495828853013
18799,42,0.1660856582233631
27608,42,0.4317605621939639
63,42,1.172319435027367
11706,42,0.869053569004607
19654,42,0.20432496122733654
22002,42,0.4923701226756666
26758,42,0.4962505503502455
27127,42,0.4970588598918609
27674,42,0.645793908177438
44,42,1.2801996020757442
560,42,0.054452710802552734
4093,42,0.3507767501764292
11711,42,1.0318745735421313
19874,42,0.28712001176483787
27313,42,0.5542250210289057
27723,42,0.7393597047321224
16,42,1.445233349805252
9190,42,0.14323325928964292
12334,42,1.0126922327405867
21165,42,0.25960143033548194
26352,42,0.5644288211117271
27468,42,0.5786989803981976
27623,42,0.6599848789523812
27795,42,0.8208381601113387
7,42,1.5623346463798824
103,42,1.4753760191032912
248,42,0.1854451532693296
847,42,0.13779224070429752
1733,42,0.23298397110099223
3377,42,0.17431184060941124
12339,42,1.1609113048739725
26773,42,0.5139083346060475
2,42,1.6725899825695727
1270,42,0.23695827653266557
1738,42,0.1790106947937087
3208,42,0.22536595727524075
13322,42,1.1394168774767959
14115,42,0.7820640624461371
17983,42,0.48460594797315065
22231,42,0.42032388332558107
27147,42,0.5233832060535322
27381,42,0.5371986570156417
27633,42,0.7207444367118825
6,42,1.6560691042116547
112,42,1.2541278961654145
258,42,1.1681775301483224
1275,42,1.2418952453949506
2541,42,0.2372938095724935
3213,42,0.26949422361775766
10275,42,0.3308845235781293
12349,42,1.0242531433470021
13326,42,0.946758312809925
17988,42,0.31935231884772786
23074,42,0.3927859375094945
27436,42,0.7185445249536199
27638,42,0.7557705231963537
2385,42,0.2020629083798352
8120,42,0.09452554597242678
11322,42,0.6530904083405634
17993,42,0.2624144128036647
18834,42,0.2791287693838454
23079,42,0.5612902831096024
24947,42,0.3516477581547431
27156,42,0.7895894900427551
27607,42,0.9459827829374317
2390,42,0.19092310877278268
4122,42,0.30449133795033506
15737,42,0.39902507105511914
27869,42,1.3324133847534834
2394,42,0.1500435423787952
4127,42,0.15648352730198684
24089,42,0.708088086813018
24957,42,0.7302984046354968
25814,42,0.7934812867383787
3230,42,0.2649325741118529
14945,42,0.7428955119068166
24094,42,0.6711027931916111
28189,42,1.7805388690121007
3235,42,0.2005131196754662
7058,42,0.15540490576231453
14950,42,0.555211489119319
15954,42,0.5561284156741255
18013,42,0.32977503857272034
23099,42,0.30219526810302666
2721,42,0.11907680279441334
4141,42,0.21236666512253297
5992,42,0.2973542817154523
9234,42,0.16216808458253668
13355,42,0.02198332842555714
16981,42,0.5412022799422392
20996,42,0.22931382239977474
25487,42,0.6883279830821604
2557,42,0.32998597013296904
4941,42,0.2245247717676616
7283,42,0.21497572575589646
11351,42,0.25661770282693785
21002,42,0.15428906558782263
24976,42,0.3523766405760468
2396,42,0.19765077970802108
3250,42,0.1820462754108725
5154,42,0.20237456874733054
9244,42,0.0891154671272394
14964,42,0.16275969132539594
18027,42,0.38435518313258926
18867,42,0.30666056691696636
22065,42,0.16574822851401935
25659,42,0.1693431592410123
2401,42,0.31933440958720744
6219,42,0.19343395460278442
9249,42,0.05200070754562127
10319,42,0.20488861682552537
13370,42,0.2860406546727444
15973,42,0.2743946464459151
16996,42,0.31986691932979416
18872,42,0.22943009539794365
19938,42,0.23061526109577524
25819,42,0.8031849527667548
2406,42,0.3254707089674061
6224,42,0.15229174987057545
7082,42,0.13940246586731103
18037,42,0.21515475813674736
18877,42,0.24499293617848186
19944,42,0.21224146665306173
21016,42,0.23200855569649012
22075,42,0.1943594989666303
23123,42,0.23119192184604692
24991,42,0.19354744814615962
2411,42,0.33044388518497464
3089,42,0.17290903151953624
4166,42,0.14340763206713836
8169,42,0.11424388464982499
11371,42,0.27587374034828566
15983,42,0.1176208637302095
21021,42,0.1977500077926453
2416,42,0.3294350631852886
3269,42,0.21790142765215562
6234,42,0.19811642134633922
9264,42,0.07332252642811779
13200,42,0.21771651269530262
14984,42,0.1010149289494209
15988,42,0.1725377549927204
17011,42,0.19218166173797743
18047,42,0.25817459870235093
22085,42,0.15473946022747134
2421,42,0.3320067978196524
4176,42,0.13525905671006047
5179,42,0.15319037083646092
6239,42,0.16634742205618214
8179,42,0.22835756209392716
14989,42,0.08466965543421584
15791,42,0.2137165847495389
18052,42,0.2465359671807368
25831,42,1.143518221104009
1962,42,0.4285132608925123
2426,42,0.286485929829051
6244,42,0.14051001436449329
8401,42,0.1614805688937192
23143,42,0.12054610026788569
25011,42,0.1323412275748544
4186,42,0.12670859370193796
7107,42,0.05145779649219695
8189,42,0.08081030482239059
14998,42,0.11813056080068139
17026,42,0.24973830311073045
23148,42,0.12338640727980744
24148,42,0.1797791287381928
1845,42,0.4310731431598184
4190,42,0.1458725839109232
14299,42,0.24173556192647455
18067,42,0.08704971131577818
21046,42,0.286897543333477
25021,42,0.29076167503815803
25846,42,0.3062558685923209
2441,42,0.30267366881683977
3119,42,0.2523731605689327
4010,42,0.18121836364319438
7117,42,0.06577278903432066
8199,42,0.16729609800680523
9289,42,0.1558664414184704
13388,42,0.12463051155040959
16013,42,0.49663162987473475
18072,42,0.3819677977485431
18912,42,0.37792192900018784
23158,42,0.3014162182421178
25851,42,0.5106462589676821
1741,42,0.42030971826184255
2446,42,0.304656234837023
3298,42,0.28600058484442414
4200,42,0.21729439135393427
8203,42,0.012362871586574776
9294,42,0.05551700751829444
10364,42,0.09834619059690493
11406,42,0.09418865785881571
15013,42,0.4215333956322798
15815,42,0.38222457262505466
18917,42,0.49209246669676937
22115,42,0.3831694675269502
23163,42,0.44259148148769945
25856,42,0.3525482833839394
27857,42,2.8679605212626953
3303,42,2.655265860538876
4205,42,0.2915732499313988
5208,42,0.3104689155054231
6269,42,1.313814270160398
7126,42,0.1837941164735487
8209,42,1.3200419803018795
9298,42,0.2924552737624207
10368,42,0.11226845257379342
11410,42,0.1316961138230038
27967,42,2.161409094150006
27981,42,0.0904279182500845
28051,42,0.39345137792412266
17045,42,0.10842276714024068
18290,42,0.6096659603731357
19987,42,0.4170947828453941
21060,42,0.3526473847807639
22118,42,0.37448241315539965
23166,42,0.12477536722729794
25035,42,0.4341379114299152
25860,42,0.3106021758570092
27918,43,0.014393275835892535
8211,43,0.01656390370043429
9083,43,0.019707944350135054
28125,43,0.021261853812485028
20418,43,0.016303934537006574
5210,43,0.007673904217147106
6057,43,0.011365817659110215
7130,43,0.013231185592142852
7997,43,0.013629133869018858
9087,43,0.024603321990571032
9948,43,0.029505048140574572
18291,43,0.026431237871291917
18922,43,0.025332769240193568
19776,43,0.02386788762193972
20849,43,0.019224770059767044
21908,43,0.023595672692725844
22958,43,0.03624389371367777
3482,43,0.014304348836086118
4019,43,0.006978890141631288
4798,43,0.006066297071125131
5849,43,0.010713669928101324
7136,43,0.013575301448836912
8002,43,0.014300455707525792
9092,43,0.02674747865846144
10161,43,0.033465259526699195
11204,43,0.03047948242811456
12238,43,0.032556709735077426
16840,43,0.022702981078272132
17874,43,0.02228923688689969
18716,43,0.026956265952263442
19565,43,0.024624502926446686
20854,43,0.018494374661907474
21913,43,0.025008090735737187
23977,43,0.0322028484684022
2451,43,0.03460018830743245
3131,43,0.017759024694328374
4023,43,0.018247227197721493
5007,43,0.01694390800919189
5853,43,0.01478440858828477
6925,43,0.05526796053865616
9097,43,0.027427486114311138
10167,43,0.030438492560790363
11209,43,0.030120886645303737
12241,43,0.03105128170265054
13218,43,0.02727950633892861
14012,43,0.02358491292662283
15017,43,0.022773169692199884
16843,43,0.02405387886932178
17880,43,0.023728532788147128
18932,43,0.024831495918070778
19571,43,0.0251163224263538
20860,43,0.02646613454134818
21918,43,0.029100929325128765
22966,43,0.04036997522049286
24699,43,0.051862889921056324
1745,43,0.0037439552495725846
2293,43,0.021462648790141987
4028,43,0.03692425247694432
27900,43,0.010158354926423776
7146,43,0.17125484710663674
8012,43,0.1705251639576067
16848,43,0.039731079299852694
1645,43,0.03774708104104398
3141,43,0.07967459851318828
7150,43,0.13833736497734167
8016,43,0.1946361802951094
9111,43,0.38250391314615634
12255,43,0.3442239186862795
18734,43,0.05114546563301946
21932,43,0.11445252622126761
1279,43,0.22503442491423203
4042,43,0.23514186116915525
11228,43,0.4703290378426624
12260,43,0.47064387990763984
13237,43,0.3609576927908746
18951,43,0.02737455855900255
21937,43,0.19809209462133084
1191,43,0.26073305495857285
3155,43,0.07814993849467705
10193,43,0.1587720059908064
28017,43,0.5646898291657356
13243,43,0.3087997671237322
17904,43,0.059780443267753294
18744,43,0.06621830981522152
19810,43,0.052108487724235576
20883,43,0.1244705780854006
6096,43,0.20314996696584553
18749,43,0.08199372822784888
20888,43,0.2038857849049219
861,43,0.4500996883398538
4246,43,0.22257321207010686
23000,43,0.2787517080657013
24016,43,0.215034189494402
788,43,0.47280718318574655
4062,43,0.1486746117633039
5047,43,0.4033202282711942
14052,43,0.4666478117134511
14856,43,0.49322458714774187
21957,43,0.26580765577448456
24021,43,0.23303295626555376
25073,43,0.2889633409203672
582,43,0.4936269882326411
794,43,0.1471707085270043
1121,43,0.14737637016573946
6111,43,0.5838410761557369
15865,43,0.5101877110713066
23010,43,0.21637158641575419
25078,43,0.14010087335837912
520,43,0.5149881340601866
797,43,0.1198515504951641
6116,43,0.529389419952868
15870,43,0.5019810885835246
27093,43,0.5524850759689879
464,43,0.5936621431923296
803,43,0.15159760069480344
7194,43,0.5772732649238173
8061,43,0.5540670111217626
15875,43,0.539161965911106
17934,43,0.2390820891857521
24036,43,0.10394666551460024
25760,43,0.1754910065677126
305,43,0.7014063246678464
1317,43,0.07896131787268054
8065,43,0.6545769695502771
15880,43,0.5762263806449823
17939,43,0.42030032508032583
26316,43,0.41473691793774264
26733,43,0.6603253710145736
259,43,0.7423134163505439
8289,43,0.6507708848925172
17944,43,0.5995317178161903
26321,43,0.4176476138385216
266,43,0.8572596148984652
8075,43,0.63623701415966
17949,43,0.3825578452751506
25103,43,0.18730391152252057
270,43,0.6360563403878249
823,43,0.07199543649701785
8080,43,0.4833281511780407
11283,43,0.45733472625002153
17953,43,0.3601604647861866
113,43,0.916692891403007
616,43,0.13367993489415467
827,43,0.14562326040629958
1245,43,0.08752133136610434
8302,43,0.5248888481129221
11287,43,0.6325127849877894
17958,43,0.346925485071336
18799,43,0.1140104796347592
27608,43,0.7489370549552766
63,43,1.1136736028647025
11706,43,0.8068307134839838
19654,43,0.23878676820319628
27674,43,0.8372695833363704
44,43,1.1404012660281244
560,43,0.20867407843014807
4093,43,0.08638226704923083
11711,43,0.9164218013238332
22007,43,0.30959547807329335
26763,43,0.42233777231771585
27313,43,0.5785353277707999
27723,43,0.742417881339691
16,43,1.3773991622628503
9190,43,0.42190385870280783
12334,43,0.8672764827243997
21165,43,0.3161126117005843
27468,43,0.6403207654981855
27795,43,0.9691090727473867
7,43,1.5270221158041108
103,43,1.4119458430765919
248,43,0.5214019950392517
508,43,0.4332361007422893
847,43,0.3429214582178799
1733,43,0.18513863869380556
3377,43,0.11112402481819822
17978,43,0.2359026694419822
26773,43,0.523456643686102
2,43,1.644411040756989
1270,43,0.3667305974809303
1738,43,0.2556356076614878
3208,43,0.1611733388873397
12344,43,1.061573482603695
13322,43,1.0473307512525134
14115,43,0.5789854789543696
17983,43,0.10880073348383157
22231,43,0.525163566641675
24069,43,0.3846858825411381
27147,43,0.6697456859015295
27381,43,0.6701780789068091
27633,43,0.7902458623493426
6,43,1.7871970742765797
112,43,1.3954462187103978
258,43,1.3341037840469718
1275,43,1.3832158126113776
2541,43,0.1909532329294424
10275,43,0.1109685608739865
12349,43,0.7275554173035389
13326,43,0.7311905624652736
17988,43,0.02723927487807054
23074,43,0.5300684210508997
27436,43,0.7258493299243414
27638,43,0.8401696178979833
2385,43,0.4277127985885477
8120,43,0.19988590823896388
11322,43,0.25767058740180204
17993,43,0.1377168452533069
18834,43,0.1486715057483971
22031,43,0.3182945608229301
23079,43,0.48532368033412104
24947,43,0.5956432390135241
27156,43,0.8975023219589436
2390,43,0.39702674145699335
11119,43,0.47983855041467016
15737,43,0.13457403845654556
24084,43,0.579022311384381
27869,43,1.5124029350508503
2394,43,0.34820806272045124
4127,43,0.3094699529585157
24957,43,0.7109836058445757
25814,43,0.818607482623036
3230,43,0.2527547950846082
4132,43,0.3076639027696607
19913,43,0.4740221430957038
24094,43,0.49482444735077413
28189,43,1.6166938381189029
3235,43,0.22745796046282848
5140,43,0.32637230071448065
7058,43,0.3655272333639788
14950,43,0.2617360969341092
18013,43,0.16624070425987852
23099,43,0.31407393663858985
2721,43,0.6354633051267518
5992,43,0.3610217502240967
9234,43,0.38902882091562446
13355,43,0.6563106190698175
16981,43,0.3069986252766443
20996,43,0.2952044157688225
25487,43,1.1853984667836017
2557,43,1.0313709274730405
3244,43,0.23680583940603522
7283,43,0.37670724823846685
11351,43,0.4830493320911595
18022,43,0.13837431885925344
21002,43,0.2685015547837211
24976,43,0.2358925913965767
2396,43,0.2332028321369179
3250,43,0.27588674896268334
5154,43,0.36251496888585105
9244,43,0.4009635092768649
18027,43,0.21510318351543883
18867,43,0.057188085050536235
22065,43,0.21072904543824206
25659,43,0.6106135839702574
2401,43,0.125943528203919
6219,43,0.3793277870846811
9249,43,0.3915321763092944
10319,43,0.39508830269155853
13370,43,0.45609852304046794
15973,43,0.11950982038310584
16996,43,0.11107332104279839
18872,43,0.1196042861628426
19938,43,0.11052623241285034
21011,43,0.13815659752274456
22071,43,0.1905904573826232
25819,43,1.1963324550214043
2406,43,0.10742644052424775
6224,43,0.3701119194441187
7082,43,0.36573835693795226
18037,43,0.053765666723795735
18877,43,0.11313332533190502
19944,43,0.16856408928407401
22075,43,0.16391003792790093
23123,43,0.12869068907057898
24123,43,0.29411784462596113
24991,43,0.35043411674026165
2411,43,0.12451862336337209
3089,43,0.2691140101803055
4166,43,0.3000842878344847
5169,43,0.3215924591012239
7087,43,0.3306712307572101
11371,43,0.44361332318516433
15983,43,0.20737860547727915
18882,43,0.039399407758968975
21021,43,0.08289070367628265
23337,43,0.25808861475480527
2416,43,0.07143706643131426
3269,43,0.26425142569375104
6234,43,0.3246576250879374
9264,43,0.35421050351872374
13200,43,0.392243870282691
15988,43,0.22355415516981805
17011,43,0.1545619655438846
18047,43,0.03326585473026287
19953,43,0.06897744821802687
22085,43,0.15411735098152304
25826,43,1.095888597904558
2421,43,0.10459121973084248
5179,43,0.2719470836320004
6239,43,0.2978490615556428
8179,43,0.3498967260472761
14989,43,0.15744962932945925
18052,43,0.10550752329913748
21031,43,0.09077944887577219
23138,43,0.19392194087555967
25831,43,0.8910509696151153
1962,43,0.04440087560158302
2426,43,0.18520214361238221
4181,43,0.3116556933315503
5184,43,0.28899995227822217
8401,43,0.36492057643773407
14993,43,0.2336404830474995
17020,43,0.2518733459072465
18897,43,0.14720021713163126
19963,43,0.14689243593902768
23143,43,0.1911683405652988
25011,43,0.2273756576336362
2431,43,0.18336499984646684
4186,43,0.2893421100546957
8189,43,0.38182222680777295
12423,43,0.58720486134464
14998,43,0.31172737846900345
17026,43,0.3405313755421201
17854,43,0.27452753119823775
23148,43,0.20074627285313631
24148,43,0.20623524539313995
1845,43,0.16282121047984338
4190,43,0.29375182812935874
10354,43,0.4070922740952131
12428,43,0.5106688209579783
13383,43,0.34896227043126316
18067,43,0.2985014922418937
19973,43,0.2376859083141156
21046,43,0.180255981497046
25846,43,0.2874379385121202
2441,43,0.3417877950787585
3119,43,0.2936824303135397
8199,43,0.41809594757774654
13388,43,0.45288195931253855
15008,43,0.36838620919055
16013,43,0.3965510036200973
18072,43,0.3550532667257683
18912,43,0.22414834448983997
23158,43,0.25020862678255457
1741,43,0.25287846663763797
2446,43,0.3133203555650969
3298,43,0.15184845930673505
4200,43,0.32247769151135736
8203,43,0.41362323620621105
9294,43,0.43440460417973187
10364,43,0.43631834560253935
11406,43,0.44348960461649983
15013,43,0.26428281634943857
15815,43,0.521013360024363
18077,43,0.36982440851261517
18917,43,0.28242536929006173
22115,43,0.2249168269369617
23163,43,0.30610112716867055
25856,43,0.34704978525735924
27857,43,2.742582437845987
3303,43,2.7967029930415874
4205,43,0.5052579802955357
6269,43,1.6283715020199683
7126,43,0.38238583083047295
8209,43,1.725257150615744
9298,43,0.6875356629325063
11410,43,0.39364316331733595
27967,43,1.8001309894890845
27981,43,0.4936714710265295
28051,43,0.41632067206136525
17045,43,0.40431936727283285
18290,43,0.4395974279599308
18921,43,0.4698534525362093
21060,43,0.2294345069433914
22118,43,0.243244518393837
23166,43,0.4959261267729101
25035,43,0.31063398884581966
25860,43,0.30683371870932735
27918,44,0.020082489462292196
8211,44,0.02204098851612023
9083,44,0.023984878181529435
28125,44,0.016028172857522175
20418,44,0.009859658916033584
5210,44,0.0033861625292736625
6057,44,0.010206060410783053
7130,44,0.01172755931701721
7997,44,0.012539802914346816
9087,44,0.023276961248729383
9948,44,0.02906740924220086
18291,44,0.01950423639969923
18922,44,0.019251398365483487
19776,44,0.01887685434135423
20849,44,0.01639323797772265
21908,44,0.022030911830247444
22958,44,0.03813494600877587
3482,44,0.016162582405087212
4019,44,0.01216977304325082
4798,44,0.0007647542269831347
5849,44,0.009132639650769119
7136,44,0.012513552327790037
8002,44,0.013231205760600077
9092,44,0.024899774656814096
10161,44,0.0333421284261521
11204,44,0.027073829929597358
12238,44,0.028419477394639726
16840,44,0.017097338277688945
17874,44,0.01550278722741667
18716,44,0.020349471363970157
19565,44,0.01957437838151637
20854,44,0.01693382655671684
21913,44,0.023092947840146504
23977,44,0.032245760541282864
2451,44,0.03860255243676268
3131,44,0.017974109685126402
4023,44,0.018230315854631418
5007,44,0.020603004319226372
5853,44,0.01492341059447057
6925,44,0.013457078374924946
9097,44,0.027765237727779887
10167,44,0.030995147453204492
11209,44,0.028559414138332937
12241,44,0.027438018754340394
13218,44,0.02324613323462451
14012,44,0.018893254494381395
15017,44,0.013199063512863487
16843,44,0.01724881255944875
17880,44,0.01674251814112381
18932,44,0.020175021832813746
19571,44,0.020435726493893528
20860,44,0.02248993974385588
21918,44,0.02625304300438536
22966,44,0.036662940240137956
24699,44,0.044239742273840046
1745,44,0.04440260842780852
2293,44,0.023314041009694912
4028,44,0.02099701173234572
27900,44,0.01575559317856905
7146,44,0.01595737909700167
8012,44,0.018054322853264856
16848,44,0.16768934087136772
1645,44,0.11108925784881803
3141,44,0.007259735967539748
7150,44,0.022484302052474148
9111,44,0.12559354871662645
18734,44,0.0516575051575064
21932,44,0.04703804744903973
1279,44,0.3091998054131274
4042,44,0.1256897078166138
11228,44,0.27500986203496464
12260,44,0.2745833510321031
13237,44,0.34262698677867354
14836,44,0.1541107741396209
18951,44,0.19378427476813304
21937,44,0.09692763311223514
1191,44,0.35441890636500106
3155,44,0.1275361416530876
10193,44,0.23918344046104695
11233,44,0.4005767304527174
28017,44,0.425894682406041
13243,44,0.3930482626313013
17904,44,0.08982400477041518
18744,44,0.12932584186343388
20883,44,0.18387390229659026
6096,44,0.11278491653966806
18749,44,0.10435642554504718
20888,44,0.13907946805638544
24011,44,0.1923805089154252
861,44,0.4720603731226621
23000,44,0.1927383479241881
24016,44,0.19376075237837406
788,44,0.5297694513022524
4062,44,0.04416816262631524
21957,44,0.1301241714170714
24021,44,0.16005954779565132
25073,44,0.19589375967418926
582,44,0.5491107226898981
794,44,0.2513950879553621
1121,44,0.2513003791682222
6111,44,0.5598187719685299
15865,44,0.5286386095623011
23010,44,0.1569894077101837
25078,44,0.179493962956435
520,44,0.5646587103827062
6116,44,0.5135003507291543
6974,44,0.5944252845432308
15870,44,0.588286653555856
25754,44,0.23838630072052733
27093,44,0.2812946472496198
464,44,0.5949043157449155
803,44,0.2731837327969157
6121,44,0.3426396503593087
7194,44,0.5651732564788621
8061,44,0.5850122835465672
15875,44,0.536958525638128
17934,44,0.5931565014986183
24036,44,0.12268305724948958
25760,44,0.17050266194824623
305,44,0.7220572869979995
808,44,0.2739661812596779
1317,44,0.30271596225899
8065,44,0.6546329459187146
15880,44,0.6035799081823997
17939,44,0.6325552416038506
26316,44,0.24080307353974068
26733,44,0.3313475119560485
259,44,0.7595197203633036
8289,44,0.731381742837312
17944,44,0.6002067899131835
25098,44,0.13745088204620684
26321,44,0.2296502541714792
266,44,0.8389705698504246
8075,44,0.6584579192087759
17949,44,0.49916558882604506
24050,44,0.1947958008366588
25103,44,0.18709473130606516
270,44,0.5415790926518776
823,44,0.31488199465168
8080,44,0.41902486485976415
11283,44,0.2655123027427477
17953,44,0.4593757371418815
113,44,1.005219371443436
616,44,0.35970203422760016
827,44,0.2666047436347941
1245,44,0.32369542525479894
8302,44,0.3846505297972689
11287,44,0.585508850204198
13113,44,0.21624932969565633
17958,44,0.468967458491533
18799,44,0.2244823634676135
27608,44,0.8082262828390802
63,44,1.0725645488522393
11706,44,0.6776457517714295
19654,44,0.24791554103365906
27613,44,0.7007735362831026
27674,44,0.8717207595127663
44,44,0.8636016668799572
560,44,0.45620925523443384
838,44,0.3688559791083173
11711,44,0.6583765849113975
27583,44,0.6186216459561761
27723,44,0.7493752493270663
16,44,1.313905726431893
131,44,0.7893190980790024
768,44,0.42579428927394986
9190,44,0.26108483392138954
12334,44,0.6313624731625266
21165,44,0.3058204288208243
27795,44,0.830543971301578
7,44,1.5086290202277048
103,44,0.8450381209077149
248,44,0.7337136402730737
508,44,0.6152262034995929
847,44,0.5166346246222918
1733,44,0.3780977397335585
3377,44,0.19665142764501525
13317,44,0.43825955846559
17978,44,0.2519619390728993
19884,44,0.339089692914871
26773,44,0.5409119135665255
27075,44,0.5121616973759149
27628,44,0.6489444778771452
2,44,1.6489098221404666
1270,44,0.45733101190866904
1738,44,0.3322689755156951
3208,44,0.2857077908951908
12344,44,0.6370492716667003
13322,44,0.7309761761295234
14115,44,0.3083749849750298
17983,44,0.20258842620445738
22231,44,0.48558988332835656
24069,44,0.32102876848505973
27147,44,0.6690929880021291
27381,44,0.6660050829841341
27633,44,0.7620204673802021
6,44,1.7464088873854902
112,44,1.3482360758511551
258,44,1.252917836195806
1275,44,1.2861218875323535
2541,44,0.3347064540049835
12349,44,0.375752823280032
13326,44,0.5145181608151053
17988,44,0.2610645955466957
23074,44,0.5054930515952322
27436,44,0.8380262467777112
27638,44,0.824033183441565
2385,44,0.29964764720025944
3218,44,0.28817815993075596
4309,44,0.36012035183596536
8120,44,0.43640332779599056
11322,44,0.07274048924930124
17993,44,0.18142630067182675
18834,44,0.1770699781701286
23079,44,0.499389779043939
24947,44,0.4653898072981693
27156,44,0.8844823432467385
2390,44,0.4116181488975643
14130,44,0.351530988326217
15737,44,0.1900420142316717
24952,44,0.6538366656412873
27869,44,1.4676651149526492
2394,44,0.4225441653267241
4127,44,0.4327881796563963
24957,44,0.5215374748073679
25814,44,0.8899317440410537
3230,44,0.36816086380385227
4132,44,0.4518067061224789
8134,44,0.6598965089296761
24094,44,0.8112321915109608
3235,44,0.37228168824537694
7058,44,0.5924677858275912
16977,44,0.30066202780489953
18013,44,0.3846752830403332
23099,44,0.4899221331103413
2721,44,0.6979608767223091
3239,44,0.3921206508368828
5992,44,0.5634282774497128
9234,44,0.7310436474612317
11346,44,0.8004788616301285
13355,44,0.9066697230585379
16981,44,0.3113196906929347
20996,44,0.6400607475678878
25487,44,0.9450624120250972
2557,44,1.376283263654334
4146,44,0.5597316540821995
7283,44,0.6097845620677981
18022,44,0.3849025162790036
19928,44,0.7573081797669935
21002,44,0.9352744649224138
24976,44,0.5266995145068646
2396,44,0.5325654796871194
3250,44,0.5537074343818906
5154,44,0.6082867574180802
9244,44,0.6937864625498384
18027,44,0.4213974414429148
18867,44,0.5013472320094361
22065,44,0.7884216769326992
25659,44,1.0071938161176834
2401,44,0.5652273110233491
3254,44,0.6087174782282804
6219,44,0.6742534764073791
9249,44,0.6401514272857292
10319,44,0.722098320143259
13370,44,0.8134865555023392
15973,44,0.655681674449366
16996,44,0.5667169046721017
18872,44,0.6241463499573965
19938,44,0.5770408090451314
22071,44,0.5803579142696185
25819,44,1.1082795269614742
2406,44,0.5209247182989512
3259,44,0.6536493696386642
6224,44,0.6999326779321399
7082,44,0.6823419023273612
8164,44,0.6722299252891952
18037,44,0.614440004312189
18877,44,0.569921979216243
19944,44,0.5788631085299384
22075,44,0.5964245168102816
23123,44,0.6088113628382777
24991,44,0.6823354339128904
2411,44,0.5802925866554784
3089,44,0.6967275625740821
4166,44,0.6941982927404595
7087,44,0.7437554752539043
9259,44,0.6711826694022178
11371,44,0.8255088510597428
15983,44,0.7284349221110462
21021,44,0.5938328947410992
23337,44,0.7067302120881801
24128,44,0.6817120583371455
2416,44,0.5771524157086173
3269,44,0.6703290715419904
9264,44,0.7084944328196842
13200,44,0.8714938199442239
15988,44,0.7950546622377773
17011,44,0.678673814274058
19953,44,0.5946547172531679
21026,44,0.6184276239814158
22085,44,0.6609776990332163
25826,44,1.2587649724192604
2421,44,0.7061902468729188
6239,44,0.7223009532879889
8179,44,0.7398875179623612
14989,44,0.6284546619104886
18052,44,0.576561668444041
21031,44,0.6627812625316183
22090,44,0.6464900414553308
23138,44,0.7349408382384185
25831,44,1.5178957941454805
1962,44,0.6535621187771016
2426,44,0.6671675793311975
14993,44,0.7760781667332639
17020,44,0.76216780424682
19963,44,0.5960865542879035
22095,44,0.6896058412495287
23143,44,0.7188316958507046
2431,44,0.6317568675874043
4186,44,0.7492967364262101
8189,44,0.7608000522319647
12423,44,1.0199758323085801
14998,44,0.9551209027310225
17026,44,0.9291818226355859
23148,44,0.7755123266982322
24148,44,0.7722332037582914
1845,44,0.7227197244848029
2436,44,0.6838381767501118
4190,44,0.5929344169850473
10354,44,0.6684854664591713
12428,44,0.8776298013428704
18067,44,0.821368367284006
21046,44,0.6718475247750312
25846,44,0.8458666843031084
2441,44,0.6645176366073842
3119,44,0.6775906356123257
6259,44,0.7291514473111522
8199,44,0.7123102536113753
10359,44,0.6942122847900299
13388,44,0.8312859573825335
15008,44,0.8972000962932711
16013,44,0.9912688552187278
18072,44,0.8503908540047016
18912,44,0.6164228372536057
22110,44,0.714728930880456
1741,44,0.8889890569178337
2446,44,0.8995228221223502
3298,44,0.7635520064095984
4200,44,0.700518870206426
8203,44,0.670639356089406
9294,44,0.760282107078356
10364,44,0.7489705734971648
11406,44,0.697964652380882
13393,44,0.706689959268153
15013,44,0.806895393282651
15815,44,0.9573976028936517
18917,44,0.7454678134699777
19983,44,0.6607647885434068
22115,44,0.6743108716721428
25031,44,0.8312409516100168
25856,44,0.8254993771533661
27857,44,2.7169674613716346
3303,44,2.7748452216537975
4205,44,1.129979659400247
6269,44,1.4072666011889496
7126,44,0.7574864015651958
8209,44,1.911434494359201
9298,44,0.884881357200842
11410,44,0.7099130516541593
27967,44,1.462731354181105
27981,44,0.7141971533747012
28051,44,0.8324505764199281
16225,44,0.8143266451796295
17045,44,0.7446726971883008
18290,44,0.5848885453672991
18921,44,0.622425076218621
23166,44,1.032582497281527
24166,44,1.0407417923766191
25860,44,0.5979381172459269
27918,45,0.02026300790844072
8211,45,0.02290096015851182
9083,45,0.01698419847141388
28125,45,0.013496141601547657
20418,45,0.01010026356667563
5210,45,0.014965216955458265
6057,45,0.02008153377991859
7130,45,0.010701828329682384
7997,45,0.00986896561262927
9087,45,0.009823247144648422
9948,45,0.004168017234824584
18291,45,0.012700721396044296
18922,45,0.013266909894534724
19776,45,0.013132582519514071
20849,45,0.01044625553196899
21908,45,0.013791069145380268
22958,45,0.025130681594865985
3482,45,0.0072910966272701164
4019,45,0.0077065769402027825
4798,45,0.01245402869437026
5849,45,0.02011362589587353
7136,45,0.009524846382609623
8002,45,0.009535557076016499
9092,45,0.0061858033504334315
10161,45,0.002345470464979057
11204,45,0.0038035856644914275
12238,45,0.003423010040501906
16840,45,0.010816234687784367
17874,45,0.010134398092755414
18716,45,0.012557414884188335
19565,45,0.012372079989064642
20854,45,0.009517947080048814
21913,45,0.013128631622331069
23977,45,0.024539176325408925
2451,45,0.008066606930042712
3131,45,0.008229136667154259
4023,45,0.008441989172321494
5007,45,0.013571067632495366
5853,45,0.016297241052927118
6925,45,0.01646361200713028
9097,45,0.010376503821731338
10167,45,0.0049736600328863425
11209,45,0.0022532901061825426
12241,45,0.006298289521473193
13218,45,0.010195355694606143
14012,45,0.010073767265975876
15017,45,0.017104542932014907
16843,45,0.010655636401713912
17880,45,0.0105235636005626
18932,45,0.012639659319753022
19571,45,0.012813337223001087
20860,45,0.013870526660622821
21918,45,0.01614605443326474
22966,45,0.02615005207634365
24699,45,0.03408402886125925
1745,45,0.0070291482611047635
2293,45,0.04074686747629442
3135,45,0.039676589237767915
4028,45,0.025297555389064308
27900,45,0.07346984869037672
7146,45,0.0667298331170011
8012,45,0.0688092508362573
16848,45,0.06611521933399479
1645,45,0.04444875805548403
3141,45,0.008416274359122752
7150,45,0.11663767723235978
9111,45,0.13967563130636312
21932,45,0.048973375052189315
1279,45,0.25493962268875026
4042,45,0.10419568068939176
11228,45,0.17579694989659292
12260,45,0.174812975964321
13237,45,0.047528536045574325
14836,45,0.11802612370590444
18951,45,0.20167887291708017
21937,45,0.19944471037939654
1191,45,0.2724125224112887
3155,45,0.05882684875825162
10193,45,0.14039228082235156
11233,45,0.10449253765272175
28017,45,0.1722225761633627
17904,45,0.1362943328987448
18744,45,0.19722134077384637
20883,45,0.14088945021306623
24889,45,0.09359535749489617
4833,45,0.17462929679294356
18749,45,0.17104927950844262
20888,45,0.20226641187830904
861,45,0.4585410044941422
14047,45,0.26125333106327336
23000,45,0.20378135875029835
24016,45,0.20399069844454848
788,45,0.518668984003887
4062,45,0.05699414059067608
24021,45,0.14009117115684774
25073,45,0.13383375265846753
582,45,0.6096149123166935
794,45,0.28625795650871166
1121,45,0.2594118681468675
6111,45,0.2785956703311249
14861,45,0.3611136337631303
15865,45,0.39364830742545653
23010,45,0.14830005891515824
24026,45,0.1459834948907403
25078,45,0.18006060003055127
520,45,0.6197062360711814
6116,45,0.22051166290565732
6974,45,0.27336251141953033
15870,45,0.45526358618771945
24031,45,0.13161400628374345
24914,45,0.17047243232452347
25754,45,0.13757834635418953
27093,45,0.3334989120265183
464,45,0.6334752686898522
803,45,0.2677788860522754
6121,45,0.08553031335863436
8061,45,0.20493947956857586
15875,45,0.4327405572116836
25760,45,0.13598339486788086
305,45,0.7775387199543865
808,45,0.22772944680113125
8065,45,0.19737056921888765
15880,45,0.5525361200295715
17939,45,0.4709044343004575
26316,45,0.14123171438963597
26733,45,0.19043734237738266
259,45,0.7985245660154756
6988,45,0.0680057652528174
8289,45,0.18577904363969763
17944,45,0.5822191232303353
25098,45,0.26354212387592607
26321,45,0.23264472636556882
27108,45,0.24277606040239885
266,45,0.8863608621419761
8075,45,0.14101733658237206
25103,45,0.2369822140945919
270,45,0.5888931064524889
823,45,0.2083418919848279
11283,45,0.20701153613578133
17953,45,0.5176690091503973
113,45,1.0370452527799985
616,45,0.21601314562015833
827,45,0.24306959285286284
1245,45,0.19722968632085014
8302,45,0.1382640909697512
10246,45,0.39464379647647274
11287,45,0.3677092893225004
13113,45,0.31600403606861116
17958,45,0.5566573357999082
18799,45,0.12824310517420445
27608,45,0.9030098262821685
63,45,1.1690454452692751
11706,45,0.45213466770628596
19654,45,0.2189970608457251
22002,45,0.4017714321491243
27674,45,0.7382674084866028
44,45,1.2743038227536279
560,45,0.3055583126110249
838,45,0.19497936990261328
11711,45,0.45783174055345954
19874,45,0.2682704735178196
27132,45,0.4211461562075442
27723,45,0.7157350461319145
16,45,1.4023194278650506
131,45,1.231732996799627
503,45,0.33544292108723445
9190,45,0.09493578989172405
12334,45,0.4632303262245663
27795,45,0.8932551132734113
7,45,1.5308609026716613
103,45,1.1762258974298194
248,45,0.6111134800245678
508,45,0.372525099229609
847,45,0.4705510349637151
1733,45,0.10072709650279738
3377,45,0.11162881757714403
12339,45,0.5563086809257759
19884,45,0.15814679910348792
26773,45,0.5222776680790677
2,45,1.6509425850313564
108,45,1.0741284191734652
1738,45,0.1470046054962851
3208,45,0.15598091461779168
12344,45,0.5718131135155679
13322,45,0.5622701716353516
14115,45,0.34916526850483653
17983,45,0.07505755791398674
22231,45,0.3010967356543174
27147,45,0.6029623306095736
27381,45,0.5949103415950207
27633,45,0.7087864967092626
6,45,1.7734085459061024
112,45,1.3220021226262464
258,45,1.2733168218604272
1275,45,1.392941967881539
2541,45,0.18148170986091822
3213,45,0.18670349256959415
12349,45,0.48471164557475793
13326,45,0.4620350753626162
17988,45,0.09140341074855353
23074,45,0.31040645205677136
27436,45,0.691762137447996
27638,45,0.7603638832039359
2385,45,0.2650850424215076
3218,45,0.15814195362062283
4309,45,0.2714765421371982
11322,45,0.22529742279493048
17993,45,0.040566227070608175
18834,45,0.07772840724052596
23079,45,0.24797904948984734
27156,45,0.850716940533729
2390,45,0.2339758370180273
4122,45,0.17379160845256844
14130,45,0.21609214773633406
15737,45,0.3059856117680084
19904,45,0.3471221596466088
24952,45,0.3189800924005808
27869,45,1.3856665798395886
2394,45,0.2506472357949835
4127,45,0.2138423878481609
13341,45,0.3808473249147373
14940,45,0.4138945165927564
24089,45,0.2594498699543354
24957,45,0.3274048313431632
3230,45,0.23760141882362598
4132,45,0.42089417960398673
23094,45,0.10519568161935793
24094,45,0.5430669559338106
3235,45,0.29826947209082405
7058,45,0.40269813524884795
18013,45,0.159950786919897
23099,45,0.33608258601444313
2721,45,0.2470895876824519
4141,45,0.2960117030176091
9234,45,0.42444175025036934
13355,45,0.29951356776881416
15958,45,0.3040928728946912
16981,45,0.4067648628036898
20996,45,0.1550579895705489
25487,45,0.8866307821725992
2557,45,0.26835592836775224
4146,45,0.3092792111250448
4941,45,0.38588311647812606
7283,45,0.4305528985603246
16986,45,0.4368413895438075
18022,45,0.4418819119910017
19928,45,0.0397866144880265
21002,45,0.23657176556366666
24976,45,0.6380596773291238
2396,45,0.21719117262192575
3250,45,0.2973055458563022
5154,45,0.4384728184005897
9244,45,0.3862269312667289
18027,45,0.44855777107040706
18867,45,0.4350929141569363
22065,45,0.2169363269650537
25659,45,0.8416238839102029
2401,45,0.3299802784987925
3254,45,0.2929718951520252
6219,45,0.4326707240632042
9249,45,0.3547078874545402
10319,45,0.3641858637954979
13370,45,0.3195994822677384
15973,45,0.21721351257165672
16996,45,0.3824031266503294
18872,45,0.4377804093604664
19938,45,0.43213570830376824
25819,45,1.313135936646791
2406,45,0.35097618189028446
3259,45,0.28095712135612116
6224,45,0.36538907777616514
7082,45,0.3601306722311915
8164,45,0.3977605215441489
18037,45,0.44295749365735243
18877,45,0.44803293028333063
19944,45,0.4669448898203194
21016,45,0.4839539474950595
22075,45,0.47976951308994115
23123,45,0.3832428266635913
24991,45,0.29881987812558597
2411,45,0.3588296671031918
3089,45,0.31691627957040386
4166,45,0.3780600659289217
7087,45,0.446105586233878
11371,45,0.3353208054722032
15983,45,0.18966158886237824
21021,45,0.442267293615875
23337,45,0.3455731809370622
2416,45,0.3828925142007092
9264,45,0.3660744049454154
13200,45,0.3065682647750425
15988,45,0.19797102675476214
17011,45,0.2780192974590819
19953,45,0.4464710326892762
21026,45,0.4353657344340684
22085,45,0.4343418668519172
25002,45,0.3744978505897891
25826,45,1.1648318793934376
2421,45,0.32068040396231295
6239,45,0.5098329162401575
7097,45,0.4244704172906926
8179,45,0.3960160020330777
14989,45,0.32545692121833153
15791,45,0.27257474139382415
18052,45,0.37549559622851314
25831,45,1.672104872351011
1962,45,0.30477163763522197
2426,45,0.35112398186539284
9274,45,0.37597635233736826
14993,45,0.27334632661000574
19963,45,0.4657033118014977
22095,45,0.39645907116094764
23143,45,0.3031421939067196
2431,45,0.33283111240932833
5189,45,0.3729761555829659
7107,45,0.42989047899445276
12423,45,0.1918801942925618
14998,45,0.23758100641527588
17026,45,0.22295271176449444
19968,45,0.48505130246971384
23148,45,0.39687921016852845
24148,45,0.29784032219510026
1845,45,0.34872627609377665
4190,45,0.3806529243505695
8413,45,0.4734820824579777
9502,45,0.45260095810000206
10354,45,0.4802682580114101
12428,45,0.17343818674519312
18067,45,0.21883317794880267
21046,45,0.40988817583313575
25846,45,0.272475290653103
2441,45,0.29813991823155095
3119,45,0.2733421187156001
4010,45,0.2718604433027553
7117,45,0.3604976424263201
8199,45,0.470126916482684
13388,45,0.1532110823088038
15008,45,0.1472145668906255
16013,45,0.3126583065236645
18072,45,0.2562448549797438
18912,45,0.22252468861436728
22110,45,0.4526407751831057
1741,45,0.14999851795346938
2446,45,0.22664658995212503
3298,45,0.22527327659420043
4200,45,0.22728316258823505
8203,45,0.3368663626418062
9294,45,0.3336849914183489
10364,45,0.2662459702526853
13393,45,0.18170566491832038
15013,45,0.08152880637110345
18917,45,0.36060389547198946
19983,45,0.42989291825093967
22115,45,0.48972043735833676
25031,45,0.21634878408341027
25856,45,0.29018583170529777
27857,45,2.605514557611995
3303,45,2.391523681234169
4205,45,0.18250222935581134
6269,45,0.04008601193494404
7126,45,0.28465765821081357
8209,45,1.0602392792534965
9298,45,0.19790268748083234
10368,45,0.29009359077904817
11410,45,0.25058846882706837
27967,45,1.4181235835246615
27981,45,0.28317601148892313
28051,45,0.12307342564602144
16225,45,0.27652762772812406
17045,45,0.3579161698453695
18290,45,0.505640174123342
18921,45,0.5649045087888216
23166,45,0.12048386172773963
24166,45,0.15170392099337454
25860,45,0.29573951597794634
27918,46,0.018452049238788598
8211,46,0.020833422103907397
9083,46,0.02026750187960523
28125,46,0.015282729635729976
20418,46,0.012744208579408688
5210,46,0.011601370446040846
6057,46,0.011881874530025397
7130,46,0.01070577977388952
7997,46,0.010676799964755979
9087,46,0.017390218251730923
9948,46,0.01931315128744632
18291,46,0.01576625382964936
18922,46,0.016495453384617068
19776,46,0.016749400776623735
20849,46,0.01575054436612483
21908,46,0.018756133458543964
22958,46,0.031331852790460975
3482,46,0.011644159197449546
4019,46,0.01265752976322232
4798,46,0.010780454656201744
5849,46,0.010570235211092875
7136,46,0.009677030053557998
8002,46,0.010371930920928987
9092,46,0.0160073723529774
10161,46,0.01967814549243487
11204,46,0.018456964692363888
12238,46,0.014832556517088391
16840,46,0.01028037973828948
17874,46,0.010243730328791249
18716,46,0.016172764821475005
19565,46,0.01615926087126713
20854,46,0.014184304141953213
21913,46,0.019247416541730823
23977,46,0.02941046819176246
2451,46,0.01413247145919967
3131,46,0.011909633784708974
4023,46,0.01128596646515389
5007,46,0.0063840944969360295
5853,46,0.005040087898948922
6925,46,0.012242613919925632
9097,46,0.015985244639612557
10167,46,0.01704080025729181
11209,46,0.015870441746526378
12241,46,0.014539224254200142
13218,46,0.010192957968965364
14012,46,0.00875789094814251
15017,46,0.00986346856224346
16843,46,0.010921490722791105
17880,46,0.011622479704757419
18932,46,0.016559128760948838
19571,46,0.017061287455614384
20860,46,0.08662948699102478
21918,46,0.02358759924911367
22966,46,0.03506748312315892
24699,46,0.04349767829540744
1745,46,0.007060509181739331
2293,46,0.01245313978019053
3135,46,0.011913396914859929
4028,46,0.06720366184864712
27900,46,0.009441515345865781
7146,46,0.02699024553109864
8012,46,0.019862071315948904
1645,46,0.09555854642119765
3141,46,0.06411596929119688
7150,46,0.031216525694991
9111,46,0.08899085929854092
21932,46,0.11518632562993175
1279,46,0.1941818487246727
4042,46,0.12303645744132123
11228,46,0.051453031244052115
12260,46,0.04210984309460879
13237,46,0.0979834792963394
14836,46,0.020050494127310955
18951,46,0.2741187849447559
21937,46,0.10847560832378904
1191,46,0.22031376279176892
3155,46,0.1827631086958358
4048,46,0.1329086175648316
5032,46,0.11184187535377553
10193,46,0.09672062008835808
11233,46,0.06731648300437969
28017,46,0.07252463420865658
17904,46,0.23645598437187373
24889,46,0.08064283388966077
4833,46,0.0848804342542775
18749,46,0.19233267829337758
861,46,0.34050762981298066
13253,46,0.09534744893079213
23000,46,0.15483527896035645
24016,46,0.17162751766962006
788,46,0.3894437879619392
24021,46,0.1834070513896287
25073,46,0.15628962424259404
582,46,0.44559192059851593
794,46,0.22894024703306368
1121,46,0.23219189189376968
15865,46,0.24229401707402473
23010,46,0.2107480229369874
25078,46,0.17870683454513042
25750,46,0.2016450439568339
520,46,0.5105675885687645
797,46,0.11269860355120045
6116,46,0.048614539113071974
6974,46,0.09579963552408614
15870,46,0.2727502360273356
24031,46,0.27436242712269904
24914,46,0.23114387263353497
25754,46,0.2423440234915515
27093,46,0.6168562647094818
464,46,0.548962858455426
803,46,0.19412240211781245
6121,46,0.07341547489453037
15875,46,0.33689425138198836
25760,46,0.2925194503740227
305,46,0.6245954195116367
8065,46,0.036455019992303044
15880,46,0.4304955072523192
26316,46,0.3332477044617393
26733,46,0.3831347791040434
259,46,0.6635966478123493
8289,46,0.056165039229972534
16909,46,0.5365292603880135
17944,46,0.42902501994468734
25098,46,0.3155831673503061
26321,46,0.2688798985285361
27108,46,0.3648277089983271
266,46,0.7774831733372519
1236,46,0.12463732312696452
8075,46,0.033784507104553656
25103,46,0.2962143029198605
270,46,0.5225068687490401
823,46,0.17764832741054332
11283,46,0.1060197928100425
17953,46,0.5590912711547742
113,46,0.9648100494507073
616,46,0.18987321400595267
827,46,0.16702650369773867
1245,46,0.1462436009857967
8302,46,0.11324385376645658
13113,46,0.18504197694004548
17958,46,0.6198679369949301
18799,46,0.08358532042517294
26753,46,0.36938632386457554
27608,46,0.7208118775767034
63,46,1.1598760179418457
11706,46,0.31238880853200884
19654,46,0.1306642790074117
27411,46,0.5956126457669553
27674,46,0.5637312055075643
44,46,1.2945979094744822
560,46,0.25610983550013117
838,46,0.2047614698257634
11711,46,0.2603501385165541
27313,46,0.5154958782531873
27723,46,0.7092754744229909
16,46,1.4183520241383358
9190,46,0.18382373279869993
12334,46,0.2942917520793732
27795,46,0.778469073923176
7,46,1.5245501453207846
103,46,0.7797274294972244
248,46,0.42131650815040844
508,46,0.3109398062354787
847,46,0.40172331066691036
1733,46,0.18203146125180308
3377,46,0.1726284217388508
12339,46,0.27205150504169967
19884,46,0.09926882500724621
2,46,1.6116029445707796
108,46,0.6626900879291944
1738,46,0.19518126756046222
3208,46,0.17098423560419376
12344,46,0.34147223142503114
13322,46,0.3385204219763023
14115,46,0.27964396757857707
22231,46,0.3995010250088242
27147,46,0.5450419234718658
27381,46,0.6223652741305933
27633,46,0.6996059003971459
27814,46,0.9712894227578179
6,46,1.6351499338284834
112,46,1.295531055090098
258,46,1.2270592509391254
1275,46,1.294551433112824
2541,46,0.17106293813941045
3213,46,0.16125539378652495
4113,46,0.2242958180535657
12349,46,0.3145965437549755
13326,46,0.34361110489615265
17988,46,0.1607110588260111
21180,46,0.23076302592116338
23074,46,0.41050919118394325
27436,46,0.7047056956149136
27638,46,0.7658423473516146
2385,46,0.12414748178127669
11322,46,0.029705306866970507
15732,46,0.12030939118275889
17993,46,0.2157021969496374
18834,46,0.18897514478345645
23079,46,0.37182691021982117
27156,46,0.8167315925953677
1841,46,1.4099725152098743
2390,46,0.3923988793927045
4122,46,0.0965170576171321
14130,46,0.21177052300332133
15737,46,0.18457291966295167
19904,46,0.3242516657498741
24084,46,0.3968047709116904
24952,46,0.4291359490069842
27869,46,1.48664122805348
2394,46,0.23581530691493316
4127,46,0.21879496156905226
13341,46,0.3012366413102736
14940,46,0.4819185987376323
15944,46,0.2580921245788328
24089,46,0.33175325223106567
24957,46,0.4432770407189371
4132,46,0.21474740817297605
23094,46,0.11285329096011423
24094,46,0.826208628462222
3235,46,0.1029810259415961
5140,46,0.18002549351984987
7058,46,0.27979752136489616
18013,46,0.17332588790711356
23099,46,0.23812149792140377
4141,46,0.1839704683108826
9234,46,0.3092061072299563
13355,46,0.16838444608707134
18017,46,0.32822138117943045
20996,46,0.05216974135105032
25487,46,1.0180995070441419
2557,46,0.38278323128733893
3244,46,0.1651465378255127
4146,46,0.1900550595174876
4941,46,0.16316345433043936
7283,46,0.22108202511727454
18022,46,0.391830093086901
19928,46,0.18492643249519375
21002,46,0.13829340788882677
22060,46,0.12207834876035069
24976,46,0.4174863737297563
2396,46,0.16740567019496633
3250,46,0.1843683441788424
5154,46,0.20366553788015163
9244,46,0.2642235390915498
11356,46,0.3331302286634735
14964,46,0.2810157847064105
18027,46,0.4233881558565263
18867,46,0.3481624272043144
22065,46,0.42037008549159666
3254,46,0.24001598752775313
6219,46,0.25784251447643286
9249,46,0.2630078123817017
10319,46,0.2748305753428151
13370,46,0.2985537974066635
15973,46,0.3580427092726315
16996,46,0.39994789330698793
18872,46,0.2986184336130449
19938,46,0.34979917726785426
25819,46,0.9512983164268657
2406,46,0.22231965294980857
3259,46,0.27007636121621936
6224,46,0.33008477159153515
7082,46,0.25111133660455665
8164,46,0.2553005557326203
18037,46,0.34120569257293526
18877,46,0.39281071339747337
19944,46,0.39723973899590964
22075,46,0.23375030275321454
24991,46,0.29765702029599644
2411,46,0.20883622994700107
3089,46,0.2719445627800454
4166,46,0.21625289615720572
7087,46,0.204401270929413
11371,46,0.28511139618270503
18882,46,0.4502861713842174
21021,46,0.280405189499606
23337,46,0.40366626493680935
2416,46,0.34680829972415544
6234,46,0.31958900588516664
9264,46,0.2570071286040782
13200,46,0.3021766362780263
15988,46,0.15815047230898502
17011,46,0.20076751292375572
19953,46,0.31537833565454465
21026,46,0.3362154571153612
22085,46,0.447835367122583
25826,46,0.5406489560693333
6239,46,0.2539793379075737
14989,46,0.09161038761912128
15791,46,0.23861868523638707
18052,46,0.18978661420777207
25831,46,1.3711041472970198
1962,46,0.35082528627042125
2426,46,0.347873961494759
7318,46,0.28773186174577237
8401,46,0.3195048875530716
18897,46,0.22412477659496302
19963,46,0.3025963354492784
22095,46,0.28438690321935867
23143,46,0.34122901033514835
25011,46,0.21642332298262767
5189,46,0.318997708082671
6248,46,0.23973903071072095
7107,46,0.22511469779332333
9279,46,0.29536080230978035
12423,46,0.281587706837895
14998,46,0.24676386488412427
22100,46,0.1915681150664253
23148,46,0.27195326781574125
24148,46,0.2874404166197762
1845,46,0.47449286469157104
4190,46,0.2709895600615085
6039,46,0.20572661578242146
8413,46,0.2675113408032165
9502,46,0.27925186931166646
10354,46,0.2814930816025942
11396,46,0.2606331753792515
18067,46,0.2596462017694084
21046,46,0.10959306157654558
25846,46,0.050414789131465444
2441,46,0.3058277829803464
3119,46,0.21512628538973
4010,46,0.2783675893842214
7117,46,0.16803449741545678
8199,46,0.23731436461622102
13388,46,0.2781762144538556
15008,46,0.23402791492762423
16013,46,0.37319516079523996
18072,46,0.33224706736748744
18912,46,0.3509205373814793
23158,46,0.20706498190898168
1741,46,0.2974361647194354
2446,46,0.2474658404522721
4200,46,0.22612542158535534
8203,46,0.15665128660545655
9294,46,0.25652907413230247
10364,46,0.25601977085442285
12438,46,0.22534802156987924
13393,46,0.21011969813955825
15013,46,0.0657595813074405
18077,46,0.06127942773904232
18917,46,0.08672398174481648
19983,46,0.06294566011444738
22115,46,0.03643290852235651
23163,46,0.09166889556610085
24163,46,0.028493320740444823
25031,46,0.10633293030472765
25856,46,0.20940454122347593
27857,46,2.668067344739895
3303,46,2.1476590143930205
4205,46,0.2523942010816075
6269,46,0.5673018585169295
7126,46,0.1126252352069731
8209,46,1.3061918454128298
9298,46,0.21715536132846433
10368,46,0.15874724457339148
11410,46,0.1508490309376517
27967,46,2.063260892887064
27981,46,0.2523444364476056
28051,46,0.06434355608952214
16225,46,0.14295298989601737
17045,46,0.19179880080511355
18921,46,0.16348439811142487
21060,46,0.09910291113985252
23166,46,0.9156246883553241
24166,46,0.1840498989361222
25035,46,0.21710732533392993
25860,46,0.15725584254530328
27918,47,0.01724452692909886
8211,47,0.01987809299037188
9083,47,0.02367152285403611
28125,47,0.02471663860095297
20418,47,0.02203078407978101
5210,47,0.0056851496438510216
6057,47,0.007304308114681898
7130,47,0.013447782721229961
7997,47,0.01314036686890581
9087,47,0.02113704946611663
9948,47,0.02431694725674315
18291,47,0.023111028118426063
18922,47,0.025713452093259245
19776,47,0.02825893501259215
20849,47,0.03056668528586784
21908,47,0.03544904541733056
22958,47,0.05798643547442996
3482,47,0.0036534577683605433
4019,47,0.004061752779153613
4798,47,0.004278924364802535
5849,47,0.0069249406402831165
7136,47,0.012016965815913454
8002,47,0.012786251300358892
9092,47,0.0204421266918067
10161,47,0.02550115950118891
11204,47,0.02494086154588599
12238,47,0.021897210296862493
16840,47,0.013266043444256272
17874,47,0.012958117469882737
18716,47,0.02571848114776928
19565,47,0.027160207781970393
20854,47,0.028827697909867618
21913,47,0.03811745347524679
23977,47,0.051213899359623984
2451,47,0.015502843245703998
3131,47,0.004225965274327901
4023,47,0.003681807978353856
5007,47,0.009014567303941932
5853,47,0.011490541450248776
6925,47,0.015128288437194761
9097,47,0.020942330283235857
10167,47,0.022088642753097576
11209,47,0.022382235872301915
12241,47,0.02067467965456698
13218,47,0.01896111319277292
14012,47,0.01786885113620731
15017,47,0.016894295773411564
16843,47,0.014977405062687823
17880,47,0.015857023748979786
18932,47,0.02600036276871313
19571,47,0.028003162238029816
20860,47,0.03486959503917517
21918,47,0.038531456528619674
22966,47,0.05140132292050534
1745,47,0.0372724009497505
2293,47,0.005227226795483093
3135,47,0.004499377403135784
4028,47,0.07241024776943997
27900,47,0.0742733033451707
7146,47,0.007457188680131572
8012,47,0.01773715782824818
1645,47,0.010738310979223255
3141,47,0.0678872985053942
7150,47,0.0779411032863297
9111,47,0.06511486417286189
12255,47,0.2572245141302387
21932,47,0.06080348137827616
1279,47,0.16931163753125467
4042,47,0.02849387295343403
11228,47,0.06492227997749238
12260,47,0.14289332309508218
13237,47,0.20639952059426353
14836,47,0.19930249290308594
17899,47,0.13175356906699498
18951,47,0.1306159860179134
21937,47,0.10870955823995199
1191,47,0.22354794833349195
3155,47,0.056710989846072694
4048,47,0.019246226875034255
5032,47,0.05204657943134686
10193,47,0.06042562192999639
11233,47,0.020776980733366198
28017,47,0.004228705427466116
17904,47,0.036077583241694695
19810,47,0.1948076051142694
4833,47,0.006803470132839745
12270,47,0.0625462327743431
861,47,0.33195005969942365
13253,47,0.12702923815626302
23000,47,0.2391355573820804
24016,47,0.19949617072670298
788,47,0.36831533368891556
14856,47,0.19223160670849598
24021,47,0.3130491335650609
25073,47,0.20098112461030596
582,47,0.4049739427528994
794,47,0.241296925242677
1121,47,0.2272196065223168
15865,47,0.21827591428588008
23010,47,0.17442281590789321
25078,47,0.2687359437660304
25750,47,0.2849215690028935
797,47,0.20574263238304993
6974,47,0.0853057013633995
15870,47,0.2568780553719748
24914,47,0.24195803151550804
25754,47,0.3513730430391955
27093,47,0.5317771522556805
803,47,0.22715914952012978
6121,47,0.03823809297915025
15875,47,0.2579262480926587
25760,47,0.31516323020825815
305,47,0.5750807217077637
1317,47,0.17727475997072142
8065,47,0.030490876286850595
15880,47,0.3194870823153325
26316,47,0.2651993617244219
26733,47,0.30271133484011575
259,47,0.6085256673558609
473,47,0.5712946929332943
8289,47,0.06221757285945739
9161,47,0.08068235245614463
17944,47,0.4077392072454573
25098,47,0.1585772687448472
26321,47,0.2798076163153412
27108,47,0.4088492876436628
266,47,0.7192829260373369
1236,47,0.23637192336337817
8075,47,0.032535631760788504
9166,47,0.06828704882327974
270,47,0.6371178600791347
823,47,0.24856897517639515
10449,47,0.1427737733433183
11283,47,0.16658047798491954
17953,47,0.4767847811056294
113,47,0.7747549486231233
616,47,0.252236031428519
827,47,0.2632858454040797
1245,47,0.269114661891647
8302,47,0.059230841591234526
17958,47,0.483163583976344
18799,47,0.15739006670708805
26753,47,0.373400970418587
27608,47,0.8130013568240052
63,47,0.9653969560799512
11706,47,0.01876706221073674
19654,47,0.17744054971845866
27674,47,0.4263391504757738
44,47,1.0608414638714363
560,47,0.34796860878249164
838,47,0.29792313165498574
4093,47,0.031164329268402395
11711,47,0.050923995438657464
27313,47,0.5038592436550711
27723,47,0.47240578844134523
16,47,1.1930734116354447
9190,47,0.11389240634997055
12334,47,0.0857260229904424
13312,47,0.13830680590475863
27468,47,0.5487085861555285
27795,47,0.5538970659659999
7,47,1.3436280023913925
103,47,0.6990558502900137
248,47,0.5503770328086857
508,47,0.5352693165935738
847,47,0.5022488668423151
1733,47,0.2630006955189263
3377,47,0.12902646016638106
12339,47,0.03806323959255882
13317,47,0.13337778166083303
19884,47,0.4257773009760335
2,47,1.4715688689040274
108,47,0.7377191023031564
852,47,0.5900157526231745
1270,47,0.514760447431908
1738,47,0.2999354969046912
3208,47,0.1417590514779585
12344,47,0.1128398824928038
13322,47,0.03202584428163321
14115,47,0.14938465916915047
22231,47,0.5782086990032915
27147,47,0.7060203043831436
27381,47,0.6354620301827965
27633,47,0.7131488655264834
27814,47,0.81040601586699
6,47,1.4673488660906344
112,47,1.2845030624416176
258,47,1.1940775232604333
1275,47,1.1941804427493887
2541,47,0.24500404432123912
3213,47,0.33474154998427724
17988,47,0.4805600571850292
21180,47,0.47410980147704157
23074,47,0.5810307320695474
27436,47,0.7517227194939233
27638,47,0.711114913205572
2385,47,0.2568473271782117
11322,47,0.15785402197217824
17993,47,0.27217938905908107
18834,47,0.2545189134566072
23079,47,0.5814779990717533
27156,47,0.8562517886553858
27440,47,0.9105619518266983
2390,47,0.36686321971232194
14130,47,0.15438594813642018
15737,47,0.10063258645300481
19904,47,0.13185131860081484
24952,47,0.7093408109688888
27869,47,1.3296599307297272
4127,47,0.306424197767482
13341,47,0.07441426564048262
14940,47,0.31676654130881277
15944,47,0.11554410873739959
24089,47,0.3474074505589894
24957,47,0.7027097616642928
4132,47,0.2452085937146165
24094,47,0.2385455802951654
3235,47,0.2654598282637411
5140,47,0.3086279336706826
7058,47,0.2953026814700744
18013,47,0.4249710472551504
23099,47,0.1650902910998094
4141,47,0.2612073461605499
5992,47,0.3008586552328403
9234,47,0.3171543349878513
13355,47,0.2654511890439627
20996,47,0.33282691140460074
25487,47,0.6594503299105959
2557,47,0.37364055368410587
3244,47,0.22349553890842044
4146,47,0.30540982630457003
4941,47,0.309440866838754
7283,47,0.34354344349457244
11351,47,0.33094711488203676
18022,47,0.4852065959440286
19928,47,0.34922634605566855
21002,47,0.24450723738678948
24976,47,0.23160745325392249
2396,47,0.28026094774378435
9244,47,0.3047785630064446
11356,47,0.3131099989258409
14964,47,0.19446518137394803
18027,47,0.49896775304986424
18867,47,0.3841171945699125
22065,47,0.32936208551923374
3254,47,0.21013802393212153
6219,47,0.2909967056380231
10319,47,0.28198165475235654
13370,47,0.27145045843854787
15973,47,0.28686790417931346
16996,47,0.3700482887170182
18872,47,0.37711548525471583
19938,47,0.42426698380608563
22071,47,0.37327694962317876
25819,47,0.8923222079475296
2406,47,0.29121791526609686
3259,47,0.2741123812537478
6224,47,0.29325438756420275
7082,47,0.33871750053075844
8164,47,0.3307854964515839
18037,47,0.3779694171909101
18877,47,0.3825956533693752
19944,47,0.41580234379885916
22075,47,0.4010001244932297
24991,47,0.3056872874528343
2411,47,0.35797953532576626
3089,47,0.2995418511559793
4166,47,0.32865641775620513
10538,47,0.29371394675929813
11371,47,0.32093482739833795
18882,47,0.3864660652532674
21021,47,0.35820116306729094
23337,47,0.27110099211372524
2416,47,0.31368819851974516
3269,47,0.3814078358395605
6234,47,0.38062637545976513
9264,47,0.2625448946849625
13200,47,0.26921840569066235
14984,47,0.22409635169068004
15988,47,0.11878979658794125
17011,47,0.2285610008408402
19953,47,0.361168926654145
21026,47,0.3171511324034941
22085,47,0.2645821845604134
25826,47,0.4076977352052206
4176,47,0.35283773193141554
6239,47,0.3318383367434967
14989,47,0.27112775628103897
15791,47,0.14946238655940325
18052,47,0.33388214019592094
25831,47,1.411816395668468
1962,47,0.5708243099073568
2426,47,0.40790614773230827
3279,47,0.3410391058360476
6244,47,0.39864645760372397
8401,47,0.30878592453033693
17020,47,0.15491323622550338
19963,47,0.2936151708761254
22095,47,0.2388876505621088
23143,47,0.23663077427135337
6248,47,0.3353203228346707
7107,47,0.37173148797751127
8189,47,0.33051273898146555
14998,47,0.12654233233853915
23148,47,0.21934260956656557
24148,47,0.20465400973062164
1845,47,0.6019510488796095
2436,47,0.4212107338524293
4190,47,0.4139550884759293
4985,47,0.4731997406240046
8413,47,0.41615180138540225
9502,47,0.49291609093097744
18067,47,0.06760995519214223
21046,47,0.24344686234012075
25846,47,0.1202424949608105
2441,47,0.4136189940409632
3119,47,0.4034032137716897
4010,47,0.3809052211126797
6259,47,0.45079951147327585
7117,47,0.4965843640712513
8199,47,0.5091403656598206
12433,47,0.47925278251921755
13388,47,0.37228391842671915
15008,47,0.13494847546265565
16013,47,0.09554971898763684
18072,47,0.03391139918374439
18912,47,0.1214386858477435
23158,47,0.23831207233079704
1741,47,0.439804427170764
2446,47,0.30224883732197694
4200,47,0.3626331470824583
8203,47,0.5023597407187963
9294,47,0.36069694426798166
10364,47,0.263701361028594
11406,47,0.3647393614533635
12438,47,0.47262773285942894
13393,47,0.5179579693835955
15013,47,0.12615013819379126
18077,47,0.11055750592885431
18917,47,0.2159037007410168
19983,47,0.2775160327731027
22115,47,0.2794550513011594
23163,47,0.1958669532990163
25031,47,0.4009376564129943
25856,47,0.32983133065908044
27857,47,2.627715723594114
3303,47,1.7736934284640835
4205,47,0.2911913130623702
6269,47,0.18471292005620082
7126,47,0.2959857862787145
8209,47,0.4590062515577867
9298,47,0.31746680442355424
11410,47,0.38204368235229963
27967,47,0.7030754414604999
27981,47,0.44145700510459
28051,47,0.38676433989027104
16225,47,0.6001473942646033
17045,47,1.4478748722853758
18921,47,0.4001183468246342
19987,47,0.20246470178648895
21060,47,0.2629886800986427
23166,47,0.8279122030192544
24166,47,0.06432382897924144
25035,47,0.2861509546844282
25860,47,0.34033842781470874
27918,48,0.016688959014234832
8211,48,0.017867077150298775
9083,48,0.019687975584874118
28125,48,0.01192224217287417
20418,48,0.005901274310723261
5210,48,0.018139786592798218
6057,48,0.01962925242703096
7130,48,0.00871843232722342
7997,48,0.008961850481777311
9087,48,0.013331430454413177
9948,48,0.01904464939759985
18291,48,0.01396132914942108
18922,48,0.014571698982517985
19776,48,0.014911611449971529
20849,48,0.012252008032089807
21908,48,0.01581093758883763
22958,48,0.03273600067431679
3482,48,0.009889608648512741
4019,48,0.013738979541564184
4798,48,0.015213465614063301
5849,48,0.017062609960202337
7136,48,0.009603520010154713
8002,48,0.010134987626698585
9092,48,0.014203710819101956
10161,48,0.02248422776105318
11204,48,0.020381284831731086
12238,48,0.016433716033931938
16840,48,0.011073511848868647
17874,48,0.009973528976021337
18716,48,0.014639326628467298
19565,48,0.01453139754035587
20854,48,0.011462709680856317
21913,48,0.0165488926565923
23977,48,0.027669904421733154
2451,48,0.009858380716095152
3131,48,0.00934076840934768
4023,48,0.007986431563405408
5007,48,0.004800194812957143
5853,48,0.004585691490654862
6925,48,0.008781132434208494
9097,48,0.01466780848171091
10167,48,0.01766798874606575
11209,48,0.018094106241533407
12241,48,0.014096625923313994
13218,48,0.011871491151305954
14012,48,0.010128631491476907
15017,48,0.0049987498199231045
16843,48,0.0099684608271215
17880,48,0.008034059986279327
18932,48,0.01192317300670785
19571,48,0.013346040628316728
20860,48,0.0186071513385208
21918,48,0.021162178635356074
22966,48,0.03264000697909058
1745,48,0.009187214414633469
2293,48,0.008371816085089261
3135,48,0.008408648791637599
4028,48,0.07411185206503923
27900,48,0.002558056687101621
7146,48,0.007634093831587055
8012,48,0.009470211745876207
1645,48,0.10459115124126701
3141,48,0.0298776085896924
7150,48,0.06865389016757514
9111,48,0.03671022642700036
12255,48,0.044199450393494405
21932,48,0.0529622842065932
1279,48,0.1938805515045272
4042,48,0.07056897074702408
12260,48,0.02667264732651308
13237,48,0.057758966835440274
17899,48,0.07301619608699587
18951,48,0.07291825982384863
1191,48,0.22035915920285604
3155,48,0.12425052558536104
4048,48,0.047844956836933385
10193,48,0.0865791530035504
11233,48,0.07494330283202098
28017,48,0.14168242833181516
17904,48,0.13184284800282636
18744,48,0.13366828626841065
19810,48,0.07461897103888568
20883,48,0.1276129108952382
4833,48,0.03777398297689483
6096,48,0.08606718406496258
12270,48,0.060622679397319565
20888,48,0.11282011929718525
24011,48,0.19686413631591784
861,48,0.2796732215124581
23000,48,0.21275085009746197
24016,48,0.21341078230514723
788,48,0.3466429922071266
4062,48,0.060071124384820984
14856,48,0.21862804196287167
24021,48,0.20257106578375028
25073,48,0.23982053066276593
582,48,0.40147603149373384
794,48,0.1894369626288246
1121,48,0.15876599461686586
23010,48,0.22795178297857485
25078,48,0.2068574537374815
797,48,0.20257041172789206
6974,48,0.052403170998589994
15870,48,0.36534869021246796
24914,48,0.18704591270740661
27093,48,0.35916281950219425
803,48,0.191368849999775
8061,48,0.08538171596748971
15875,48,0.3550235130836659
25760,48,0.16755786945264295
305,48,0.637597384108211
1317,48,0.20579605457485425
8065,48,0.07249722393970505
15880,48,0.45332783323331904
16903,48,0.4465802871008874
26316,48,0.19471902939835742
26733,48,0.2207936030506249
259,48,0.6297051759170015
6988,48,0.08542871645152081
8289,48,0.05513578702494415
17944,48,0.5177916860984662
25098,48,0.10493580987366999
26321,48,0.22123474074869937
27108,48,0.23279833831718577
266,48,0.6234186414633329
8075,48,0.07318978588476362
9166,48,0.09279481744311743
270,48,0.5056199468717711
823,48,0.298971088093965
10449,48,0.09219128590123192
11283,48,0.1437795998866651
17953,48,0.5916922695514479
18794,48,0.6548004307480927
27402,48,0.23829040191333856
113,48,0.7793021232381299
616,48,0.36619357120919005
827,48,0.2815328658322361
1245,48,0.28425107551165013
8302,48,0.10919554072663201
17958,48,0.623760421301993
18799,48,0.12703599463825146
26753,48,0.21148691374262454
27608,48,0.35287275073255275
63,48,0.8481266870109548
11706,48,0.08258168300248343
13301,48,0.11792442996706565
19654,48,0.16053850987058216
27613,48,0.4510544590002354
27674,48,0.257157766832718
44,48,0.8690721713129366
560,48,0.3782356234955011
838,48,0.36803136499478845
11711,48,0.05714727254533164
27313,48,0.3156718339211516
27723,48,0.19301739855372477
16,48,1.1348904621728486
131,48,0.6248581348130222
9190,48,0.14469202854312715
12334,48,0.05579499503560275
13312,48,0.13196503906593426
27795,48,0.48665744597239885
7,48,1.2787276817111972
103,48,0.6719940369087017
248,48,0.6248649527048195
508,48,0.8372167718707585
847,48,0.798429034625347
1733,48,0.3057264712262166
3377,48,0.017498789442308992
12339,48,0.057528772545063514
13317,48,0.10348065352287923
19884,48,0.10954927438014
26773,48,0.4176539265895587
2,48,1.3622882749039613
108,48,0.6769622330718786
1270,48,0.9390273308998366
1738,48,0.3470300340638826
3208,48,0.12785188581033996
12344,48,0.050518410915223466
13322,48,0.0860126460741187
14115,48,0.11084051519937788
22231,48,0.11887625202885627
27381,48,0.35071221297387056
27633,48,0.4634836205229401
6,48,0.904592556059522
112,48,1.1309924684219597
258,48,1.0496094074913789
1275,48,1.1870668318740587
2541,48,0.31135965165570434
3213,48,0.11445659786145862
17988,48,0.15795543094763312
21180,48,0.11284439789808039
23074,48,0.11204733172466705
27436,48,0.42400018668934797
27638,48,0.47771364775291447
2385,48,0.31394351187763275
3218,48,0.14506538700142468
11322,48,0.14699768934402946
17993,48,0.046876416240268864
18834,48,0.037949112622912014
22031,48,0.20156518612621507
23079,48,0.24706254271063752
27156,48,0.5798985842627102
27440,48,0.6706853481546163
27607,48,0.7636760288702837
2390,48,0.5398520943612181
12359,48,0.16656968740496522
14130,48,0.13579747426803995
15737,48,0.15857315753620355
19904,48,0.46923079072205726
27869,48,1.3089514309780268
4127,48,0.18492390110109633
13341,48,0.5348654836786674
14940,48,0.6326127893200783
15944,48,0.22283481407109917
24957,48,0.34747611318364047
3230,48,0.42111121474661123
4132,48,0.37638529349714517
24094,48,1.329887332791308
3235,48,0.4250877535706137
5140,48,0.540545338200399
7058,48,0.5312900255735599
18013,48,0.5715698002602408
23099,48,0.5712094369975688
2721,48,0.3214935069814296
4141,48,0.511333201538737
5992,48,0.4521308613954118
9234,48,0.4961709437577345
13355,48,0.43419190722751905
15958,48,0.582300652128531
20996,48,0.5819746253331702
25487,48,0.8196589582894434
2557,48,0.12894974106370938
3244,48,0.37284685902400583
4146,48,0.3706284830530236
4941,48,0.43050087378344293
7283,48,0.4809243446087326
11351,48,0.3637452606148885
18022,48,0.5016793965462691
19928,48,0.4412245496161001
21002,48,0.3748554627992079
24976,48,0.7641597179665276
2396,48,0.07905717400416282
7072,48,0.3819710572871456
9244,48,0.3543709686074631
11356,48,0.4364056122895261
14964,48,0.5113491808783137
18027,48,0.4924410794992749
18867,48,0.4153412005417814
22065,48,0.3843223668060876
3254,48,0.36464377254720415
6219,48,0.4313549534804298
10319,48,0.378215291476889
13370,48,0.3408361313177134
15973,48,0.3944226127361684
16996,48,0.5425276750388626
18872,48,0.43376389662594994
19938,48,0.45602445137473496
22071,48,0.49512924969953664
25819,48,0.8340336393136107
2406,48,0.3225609123016947
3259,48,0.31220708321519464
6224,48,0.3537572530574701
7082,48,0.3411327738235182
8164,48,0.3788716763982017
18037,48,0.3600009373905711
18877,48,0.4908192567027141
19944,48,0.3786633592107245
21016,48,0.3174975814599639
22075,48,0.3815298210810128
23123,48,0.46258559347745626
24991,48,0.5830172756664137
2411,48,0.31919144431585267
3089,48,0.35294585971399
4166,48,0.4554632210270925
10538,48,0.3569477726422613
11371,48,0.2819674170759882
15983,48,0.3528017515271819
21021,48,0.35523260267188583
23337,48,0.44919154285993795
2416,48,0.2511895972488585
3269,48,0.27681429206173924
5174,48,0.3609977164794189
6234,48,0.3306802894376315
9264,48,0.3417282031687069
13200,48,0.413081687066765
14984,48,0.3421715616496113
15988,48,0.3997738828284409
17011,48,0.32337468025772387
19953,48,0.3193369631861221
21026,48,0.4046737638906162
22085,48,0.3467764737082285
25826,48,0.4042847773000969
2421,48,0.3462899394946843
4176,48,0.3613064750627274
6239,48,0.38762341539837325
9487,48,0.3982058163247132
14989,48,0.452292105405216
15791,48,0.3530843756833074
18052,48,0.39861467812762597
19958,48,0.358694712749654
23138,48,0.3153838080341553
25831,48,0.6112967527691465
1962,48,0.38274948829971234
2426,48,0.2199839567405913
3279,48,0.22083097785681494
4181,48,0.24317709731902473
8401,48,0.3101625085288986
14993,48,0.30899141116263046
19963,48,0.394792655187738
22095,48,0.4411985156702691
6248,48,0.30754567999212135
7107,48,0.3020849291901158
8189,48,0.3575384073109974
14998,48,0.4262887706023383
23148,48,0.3023170493532479
24148,48,0.39599831881732694
1845,48,0.20216356097784255
2436,48,0.2435098077452711
4190,48,0.21638327024090803
4985,48,0.2532469903462649
8413,48,0.3466512804631602
12428,48,0.46263238832094594
21046,48,0.33538502043333407
25846,48,0.6266258088169544
2441,48,0.21464845272510652
3119,48,0.15508359738559233
4010,48,0.15603911512387117
6259,48,0.22703906884860103
7117,48,0.25193818308746774
12433,48,0.4649149903174441
13388,48,0.4374325932992933
15008,48,0.39519073528675536
16013,48,0.40294008645652607
18072,48,0.45419902538198664
18912,48,0.32759686297167945
1741,48,0.33507812228558426
2446,48,0.2600708939669089
3298,48,0.2204797609876195
4200,48,0.05010831698145272
8203,48,0.19667754873412424
10364,48,0.2382787259406375
12438,48,0.40561607363688246
13393,48,0.4134221845560801
15013,48,0.37649499804521935
18077,48,0.38885773144288555
18917,48,0.3302980952199338
19983,48,0.24634122218235607
22115,48,0.22698499036984887
23163,48,0.23353309147737356
25031,48,0.2605878987040769
25856,48,0.3757492269267746
27857,48,2.6138360293794807
3303,48,2.2570429900087783
4205,48,0.09961424907051761
5208,48,0.0502144394797809
6269,48,0.07800877733323348
7126,48,0.1285164686664907
8209,48,0.703336839931536
9298,48,0.22069643982916062
11410,48,0.19354159181104263
27967,48,1.101880875865991
27981,48,0.34474387970746334
28051,48,0.4506662207700263
16225,48,0.8252377781438832
17045,48,0.8908572151823904
18921,48,0.36096478908229757
19987,48,0.3155123412634635
21060,48,0.22560134142258745
23166,48,1.5696829706597273
24166,48,1.126777343174624
25035,48,0.24472510297270533
25860,48,0.42351419776012683
27918,49,0.018864301411366677
8211,49,0.019828731166024707
9083,49,0.023286363705393925
28125,49,0.014751695026322197
20418,49,0.013485140420938093
5210,49,0.015765198860819774
6057,49,0.016534061895010155
7130,49,0.014193662552269708
7997,49,0.015405789086782548
9087,49,0.0183880931055766
9948,49,0.02065068090407897
18291,49,0.014127477162853438
18922,49,0.015371832535445499
19776,49,0.016581560734474202
20849,49,0.017054904369741518
21908,49,0.016825067350879293
22958,49,0.021673193525848275
3482,49,0.009453085864237518
4019,49,0.010785332402651013
4798,49,0.014039481800555245
5849,49,0.014840667552855957
7136,49,0.014259671933307582
8002,49,0.015687883431291662
9092,49,0.019165893392815884
10161,49,0.022401176987533456
11204,49,0.023755924678767394
12238,49,0.023436326269977915
16840,49,0.014862525957648537
17874,49,0.013739172175011237
18716,49,0.015263336183423635
19565,49,0.016716503886256166
20854,49,0.019455788791847315
21913,49,0.019871611825476546
23977,49,0.01785841663824951
2451,49,0.015573424496255582
3131,49,0.04392026599018294
4023,49,0.008032518520300572
5007,49,0.0047832944493680874
5853,49,0.0032755225867498808
6925,49,0.013079962061827877
9097,49,0.02004828138405435
10167,49,0.022133094684384975
11209,49,0.024817962180992498
12241,49,0.023003216210968687
13218,49,0.020185909531043645
14012,49,0.019762005061973235
15017,49,0.015444060234468968
16843,49,0.013885972657457309
17880,49,0.012485338353762414
18932,49,0.01321386856033157
19571,49,0.01437694463737466
20860,49,0.05163164145781988
21918,49,0.02223723494681898
22966,49,0.026415098897664257
1745,49,0.0640682837571362
2293,49,0.008277951805006975
3135,49,0.008171363072299249
4028,49,0.003836150432342635
27900,49,0.06318301460132328
7146,49,0.060878872416882626
8012,49,0.05586447324454141
1645,49,0.014752784031956385
3141,49,0.012099678830545323
7150,49,0.06136248992723045
9111,49,0.17798364530968253
12255,49,0.12976563571536595
1279,49,0.16972641670390287
4042,49,0.06532559171406692
12260,49,0.31848574153562653
13237,49,0.1965141818846135
17899,49,0.0679607176070692
18951,49,0.06583528472721223
3155,49,0.10692080897052349
10193,49,0.17940003335327445
11233,49,0.2085732165955363
28017,49,0.20738654014717883
17904,49,0.11487583465037288
18744,49,0.05001746141736002
19810,49,0.12471499317775454
20883,49,0.1107115174146058
4833,49,0.0857105459210646
6096,49,0.11826210297577726
20888,49,0.2190795342978497
861,49,0.2763441243964028
23000,49,0.19316270516984924
24016,49,0.21304218473311268
788,49,0.27467931608109364
4062,49,0.15725417728156416
24021,49,0.23658906565140345
25073,49,0.21428454541117697
582,49,0.33338523003240716
794,49,0.28656518309153955
1121,49,0.2305213492325004
6111,49,0.10337733673840942
14861,49,0.3083363265852326
24026,49,0.2107099655338671
25078,49,0.22722515736778026
520,49,0.36381197834667695
797,49,0.26435918791726476
6116,49,0.15898051267448546
6974,49,0.11986967133740971
15870,49,0.3022068485467946
24914,49,0.23512318559142345
27093,49,0.3002342326811866
803,49,0.2884408763725597
8061,49,0.18940104433185057
15875,49,0.3393826615684255
25760,49,0.22660683541418325
305,49,0.4918409632762769
8065,49,0.2462692800621324
15880,49,0.38162043682907226
16903,49,0.4139187653875676
26316,49,0.22354025787397497
26733,49,0.2316752803101518
259,49,0.5171544735817766
6988,49,0.2673543685289556
8289,49,0.26794784436603136
17944,49,0.5244295012113671
26321,49,0.2195046508823105
27108,49,0.23729839586584142
266,49,0.6196998617598156
8075,49,0.2935481779195119
16913,49,0.4356570341494018
17949,49,0.5041256335480219
270,49,0.6503292196675843
823,49,0.33115613116140885
11283,49,0.3204646315011415
17953,49,0.42570606161758
18794,49,0.4666455446736322
113,49,0.782469007393496
616,49,0.4162818062029757
827,49,0.37844296563592766
1245,49,0.39246007492452795
8302,49,0.3419787083209222
17958,49,0.42270959403253505
18799,49,0.1905284232517404
27608,49,0.8139314468536768
63,49,0.9094992555800248
234,49,0.830593526488032
11706,49,0.20667126794400534
13301,49,0.2981646301175445
19654,49,0.23307480949932965
27674,49,0.5457165344020328
44,49,1.054282127707026
238,49,0.6957256366183736
560,49,0.4628204626699155
11711,49,0.19282966958020276
27313,49,0.2696772647882591
27723,49,0.2310506634105072
16,49,1.1707719742821445
9190,49,0.3791926735268387
12334,49,0.26618307945301395
13312,49,0.3247876724514779
27795,49,0.5495552403107973
7,49,1.2739367163988207
103,49,1.0089862573840198
248,49,0.5002206582944788
508,49,0.17439246189859411
847,49,0.0927641875346724
1733,49,0.2582130299882383
3377,49,0.0996238523324367
12339,49,0.28901156945750117
13317,49,0.3201159607299716
19884,49,0.332704970792821
26773,49,0.2723370151158787
2,49,1.3376941840828487
108,49,0.7789522414068855
1738,49,0.2560742417021206
3208,49,0.22187847292391816
13322,49,0.2739763320637776
14115,49,0.32840239101431673
22231,49,0.20844077972853356
27381,49,0.3619738530158744
27633,49,0.46991326304497455
6,49,1.182047798911108
112,49,1.1251495102496603
258,49,1.0635905726582486
1275,49,0.9087235107795976
2541,49,0.30378924435510213
3213,49,0.33343446972517193
13326,49,0.3742131185463509
17988,49,0.3869357236535911
21180,49,0.2828856734767876
23074,49,0.2075095101815872
27152,49,0.6179225242966364
27436,49,0.5186749110323225
27638,49,0.5156157709115717
2385,49,0.3199825302119032
11322,49,0.4150187537118724
17993,49,0.3418205833775491
18834,49,0.2871985615001138
22031,49,0.2543765353547452
23079,49,0.23702844022991698
27156,49,0.7262974365158141
27607,49,0.8274562167378445
2390,49,0.3317409868414954
11119,49,0.4698611359099141
12359,49,0.42642754239772174
14130,49,0.46164471973117077
15737,49,0.43818385510501473
19904,49,0.1530241071246021
28131,49,0.1865873607672919
22036,49,0.10591750806727025
24084,49,0.13676089312686718
27869,49,1.0506057039699666
4127,49,0.35524518500450514
13341,49,0.4881953749601222
14940,49,0.437165969119262
15944,49,0.4560170244897169
24957,49,0.1351910277432707
3230,49,0.31804744020007464
3235,49,0.3843045771057109
4137,49,0.3774216782711654
5140,49,0.4357306014980779
7058,49,0.40872161116113326
18013,49,0.3841890549136761
23099,49,0.23185409531702403
2721,49,0.4575174425521131
4141,49,0.4366855772680542
5992,49,0.4246365230207831
9234,49,0.4627247453641748
13355,49,0.4542569869545961
15958,49,0.4386000452591587
20996,49,0.2864471149951512
25487,49,0.5951971268429898
2557,49,0.38179063189878215
3244,49,0.3774865230679032
4146,49,0.4239643951265474
4941,49,0.4434875036051526
7283,49,0.4539961501368958
11351,49,0.5603018061072079
16986,49,0.40766284230464667
18022,49,0.39066661650441775
19928,49,0.3873250748988682
21002,49,0.3805371806136376
22060,49,0.33758802681504124
24976,49,0.2828852043319394
2396,49,0.3433442470061575
7072,49,0.4536374590472063
9244,49,0.5111699156396318
11356,49,0.5313173961346813
14964,49,0.4550936964626693
18027,49,0.39263305397934756
18867,49,0.41055644406860703
22065,49,0.4351049387558199
25659,49,0.5393319320543749
3254,49,0.3948084885838333
6219,49,0.4479521215496082
7077,49,0.4502887241495817
10319,49,0.5099643052619192
13370,49,0.5597475448859326
15973,49,0.427413660007743
16996,49,0.38631586558410547
18872,49,0.4209206033948371
19938,49,0.4105234573271088
22071,49,0.4436051958871404
25819,49,0.9166563692141179
2406,49,0.2996605540309946
3259,49,0.34162257333512946
6224,49,0.44524636953528834
7082,49,0.45576261182322697
8164,49,0.4948762793703426
18037,49,0.38990472992257863
18877,49,0.3690309422879077
19944,49,0.41943717607308784
21016,49,0.4305534046662059
22075,49,0.48209621949742165
24991,49,0.46708903501458027
2411,49,0.20922171543039472
3089,49,0.3464565133633331
4166,49,0.3799552921451888
7087,49,0.445550359644315
9259,49,0.49743900991471585
10538,49,0.5223553738902945
11371,49,0.5532676717281939
21021,49,0.4760684563169197
23337,49,0.46392588138112334
24128,49,0.5023409615508923
2416,49,0.17450951706581613
3269,49,0.3141664560550314
5174,49,0.3754282398443817
9264,49,0.48637066840784443
13200,49,0.5506798228459349
15988,49,0.5405381982636841
17011,49,0.42278458571137345
22085,49,0.48736170017849395
25826,49,0.5310918887304793
4176,49,0.3458994461771067
6239,49,0.3883780564461853
14989,49,0.5229700647844411
15791,49,0.5997607383474751
18052,49,0.429333509375356
25831,49,0.7249491832015907
1962,49,0.0661294371724366
2426,49,0.1065851696044053
4181,49,0.3207232132969516
8401,49,0.40953091838795064
9274,49,0.39175229562373476
14993,49,0.5334671166232033
2431,49,0.2133382717371388
5189,49,0.3354211977951751
7107,49,0.377338604705231
8189,49,0.3979401105614257
12423,49,0.4328771282494773
14998,49,0.5810918786012592
22100,49,0.5506901692132988
23148,49,0.5875245713438588
24148,49,0.6152095471394281
1845,49,0.4248614910665938
3289,49,0.27248589653207367
4190,49,0.05442790653823258
4985,49,0.08568921024248298
8413,49,0.20646723968534825
10354,49,0.32560100525611496
2441,49,0.31958985057704686
3119,49,0.243831798118954
7117,49,0.04967858366841625
13388,49,0.501940530338911
15008,49,0.5349514209045594
16013,49,0.596650731694765
18072,49,0.5837562241140498
18912,49,0.5100826403336294
24158,49,0.6526287716738076
1741,49,0.5103534519589257
2446,49,0.31962283195206087
4200,49,0.1394712214345682
8203,49,0.1413364030249626
10364,49,0.25259237861054507
13393,49,0.5233156920128744
15013,49,0.5821668204202436
18077,49,0.4967854548388572
18917,49,0.49553199930874253
19983,49,0.5910798107081139
22115,49,0.6995992790922678
23163,49,0.6297527683227283
25031,49,0.728441604908118
25856,49,0.7897602579783629
27857,49,2.3189549341531173
2288,49,1.6436897399753256
3303,49,1.2061460660019783
4205,49,0.22559401022142223
5208,49,0.14392823811994798
6269,49,0.4400396677398061
7126,49,0.14895516099940972
8209,49,1.1983585091645412
9298,49,0.2976323822803639
10368,49,0.22886950205304943
11410,49,0.3375913662262063
27967,49,1.0645525048735036
27981,49,0.5356368055154276
28051,49,0.9080051948730089
16225,49,0.6615211537738918
17045,49,0.6330371064863132
18921,49,0.6778709700844946
19987,49,0.6930459095931639
21060,49,0.6134680603415648
23166,49,0.9234181329571591
25035,49,0.7916312661604076
25860,49,0.813193378174098
27918,50,0.02552072533972732
8211,50,0.027506329634672123
9083,50,0.026133347896221314
28125,50,0.009572129848340162
20418,50,0.008011796969775317
5210,50,0.01643915035466411
6057,50,0.017646825477183697
7130,50,0.020826073366822066
7997,50,0.02183724336252772
9087,50,0.022482779704110223
9948,50,0.023769296088641582
18291,50,0.013476723055086319
18922,50,0.013585890218865151
19776,50,0.013907366089851431
20849,50,0.0133386222597764
21908,50,0.013279472319534013
22958,50,0.021382253301123
3482,50,0.01004768023771787
4019,50,0.011261011397835906
4798,50,0.014417278483143526
5849,50,0.015591195372705913
7136,50,0.020675386340033537
8002,50,0.022516750589886607
9092,50,0.023974603277746094
10161,50,0.025672144324899348
11204,50,0.024016466033740885
12238,50,0.02035621397960997
16840,50,0.014141234937681883
17874,50,0.01225791845531757
18716,50,0.015874815721799225
19565,50,0.016196834170350644
20854,50,0.016091159972859176
21913,50,0.015874572605537318
23977,50,0.01773139646764274
2451,50,0.021512632312065738
3131,50,0.03284201251220357
4023,50,0.009245414894524795
5007,50,0.010065831175480242
5853,50,0.009100295103264109
6925,50,0.020213068885537117
9097,50,0.02624342361792738
10167,50,0.02784146342600717
11209,50,0.024114064445074117
12241,50,0.019684951200429637
13218,50,0.01460090313356299
14012,50,0.013728399002341234
15017,50,0.010567143024066188
16843,50,0.015647770516411367
17880,50,0.014470492300767607
18932,50,0.013672898768811063
19571,50,0.013940371090963447
20860,50,0.018235503400294777
21918,50,0.020104865047003147
22966,50,0.025012190452858934
1745,50,0.046123213552009976
2293,50,0.03803316590933486
3135,50,0.037703901339919195
4028,50,0.0373581547850165
27900,50,0.014856884710938214
7146,50,0.02022919949346195
8012,50,0.022784084004690744
1645,50,0.046461664265117095
3141,50,0.06674359688549412
7150,50,0.020736163861359583
8016,50,0.05164193478994345
9111,50,0.1257244520761788
1279,50,0.1399468772595706
4042,50,0.05788302842405102
11228,50,0.17078065106096044
12260,50,0.19911200655771702
13237,50,0.3130767332337061
14836,50,0.1242839686286541
17899,50,0.13323836206217032
18951,50,0.13331721133990973
21937,50,0.2667549887854175
10193,50,0.19244130104671886
28017,50,0.3231596012932074
13243,50,0.2684782338016773
17904,50,0.12788236239784898
18744,50,0.19534001511827892
19810,50,0.19637270947588312
20883,50,0.2650716761473499
4833,50,0.054344004842803946
6096,50,0.09397567098935453
20888,50,0.20053501000475607
22995,50,0.47747448184699043
861,50,0.25581224416376486
13253,50,0.23823891512675105
14047,50,0.2496568852871405
23000,50,0.35563131591871394
788,50,0.248278555544013
24021,50,0.37319328734736323
25073,50,0.3151082247572046
582,50,0.33032748838834614
794,50,0.19561675314555987
6111,50,0.19870326534538868
14861,50,0.21270527291674307
15865,50,0.21980670671450714
25078,50,0.31254473261086185
520,50,0.34028174765906666
797,50,0.2031249636398087
6116,50,0.1781786361423082
6974,50,0.18320995476923968
15870,50,0.2570613241912202
24914,50,0.2692155510934463
27093,50,0.2554071867933541
803,50,0.2507413333865623
6121,50,0.23293976130341162
7194,50,0.23201599007285575
8061,50,0.20218780047942628
15875,50,0.205820763034188
25760,50,0.3083149397530695
305,50,0.48800137602635546
8065,50,0.1990335344364351
15880,50,0.22576649923394113
16903,50,0.20369147184370798
26316,50,0.3067779492541455
26733,50,0.33413583497433885
259,50,0.5225000635830342
473,50,0.5503123894699683
6988,50,0.19027542741449746
8289,50,0.20693557622499056
17944,50,0.2032550194299761
26321,50,0.3696909502571768
27108,50,0.2918736028769375
266,50,0.6918345990581116
8075,50,0.16920590531298793
17949,50,0.2390312936369218
270,50,0.6281543177873828
823,50,0.2919258634473003
11283,50,0.28682970785512785
17953,50,0.2902735490517711
18794,50,0.3085229350036054
113,50,0.8273911522308575
616,50,0.29359178185222956
827,50,0.25564961196052627
1245,50,0.29636808310114343
8302,50,0.16502789653010252
11287,50,0.26611747188142054
17958,50,0.3343895107471845
18799,50,0.26667472601136594
27608,50,0.527032743352201
234,50,0.8430093968550323
11706,50,0.2528661396251933
19654,50,0.29559604124692385
27411,50,0.17788253074540566
27674,50,0.7048218859710416
44,50,1.0553967500617696
560,50,0.2210611659288228
11711,50,0.2528301039007843
19874,50,0.25708762307655164
27723,50,0.38342184448466676
16,50,1.2190593718502067
9190,50,0.16101987770747198
12334,50,0.28578012697613336
13312,50,0.3090662699985674
27795,50,0.616930918545984
7,50,1.2674295408579024
103,50,0.6624385332852859
248,50,0.3956654927335923
508,50,0.35861781433535234
847,50,0.3439706806141283
1733,50,0.13594132475889736
3377,50,0.0813518089265738
12339,50,0.26779933193024036
19884,50,0.22548295129123172
2,50,1.3128466873061535
108,50,0.4560149462432357
1738,50,0.1922244839537174
3208,50,0.11960765225952343
13322,50,0.31650206342416926
14115,50,0.32823660528129917
22231,50,0.3044848602707698
27381,50,0.6134683142953885
27633,50,0.7061243945391513
27814,50,0.8264505343874831
6,50,1.3161093725610635
112,50,1.0840777198626412
258,50,1.0294386632060277
1275,50,1.0129448201927727
2541,50,0.19706795755341142
3213,50,0.20163050333292173
13326,50,0.3284795407983393
17988,50,0.14709218794133572
21180,50,0.21006193995223033
23074,50,0.39874831673549993
27436,50,0.7164005256613759
2385,50,0.25005319458968067
11322,50,0.2353690549664368
17993,50,0.24766289608549172
18834,50,0.3393532175025621
22031,50,0.3311526298397649
23079,50,0.3933984494914911
27607,50,0.7970314544100618
11119,50,0.2884656012309101
14130,50,0.25195366293723087
15737,50,0.3519087188593628
19904,50,0.1469152514352487
22036,50,0.3905492959603961
27869,50,1.0211380007342468
2394,50,0.3341305428913362
4127,50,0.24356996487769111
13341,50,0.10008366672603713
15944,50,0.28965499385196014
24957,50,0.6715600299317139
3230,50,0.15424511716625164
5134,50,0.22664490319653996
14945,50,0.2536365165518356
3235,50,0.17456304454176477
5140,50,0.22486416445417112
7058,50,0.33585785027797793
18013,50,0.31371872318299415
23099,50,0.41423266981536916
2721,50,0.07229830799919416
4141,50,0.16817539544158863
5992,50,0.26708254712324525
9234,50,0.28830176241500066
20996,50,0.4211019438754818
25487,50,0.5947184898742783
2557,50,0.14258608745434206
4146,50,0.2076298552277902
4941,50,0.14416304887492234
7283,50,0.31580662128141906
16986,50,0.28491109563914047
18022,50,0.29563421472211054
19928,50,0.3369862848468604
21002,50,0.30126104245142815
24976,50,0.40507731727822033
2396,50,0.21559959762996123
5154,50,0.2702272106446371
7072,50,0.3347723063559293
9244,50,0.3378274642807139
18027,50,0.2987495792807207
18867,50,0.2961500323796465
22065,50,0.19884234312551552
25659,50,0.496040267340415
2401,50,0.2733993541946009
3254,50,0.18187088276521818
6219,50,0.27951709782073547
10319,50,0.33514126769700026
15973,50,0.32024114623103145
16996,50,0.3183514963816492
18872,50,0.1966314462304054
19938,50,0.23755488392556165
22071,50,0.24158060641429202
2406,50,0.2691165627596454
6224,50,0.2598497976135737
7082,50,0.29865387256412296
8164,50,0.33679803862343627
18037,50,0.21218355026957988
18877,50,0.20082800229261571
19944,50,0.09071150424705238
21016,50,0.18674297392721181
22075,50,0.19926226777444678
24991,50,0.35637620696532807
2411,50,0.3249785989534854
3089,50,0.24750553096871716
4166,50,0.34569555102643296
7087,50,0.36733216917958944
8169,50,0.3442352814971649
9259,50,0.3302684393679292
10538,50,0.2899065923105184
11371,50,0.315187324260327
18042,50,0.271791428652847
18882,50,0.16557611473642578
21021,50,0.11995069007930395
23337,50,0.31173885670475493
24128,50,0.2923483228437088
2416,50,0.29720180182503686
3269,50,0.3466653176343189
9264,50,0.4122112114781382
13200,50,0.36896046680112693
15988,50,0.3157096164219696
17011,50,0.29162962087660066
22085,50,0.171318204223594
25826,50,0.3850344249981682
4176,50,0.4920313074087433
5179,50,0.41322630822367995
6239,50,0.5108469436467761
14989,50,0.3574500836129069
15791,50,0.20418016716191303
18052,50,0.24755836692266184
25831,50,0.368859909533843
1962,50,0.38665787506136645
2426,50,0.5289464853968732
4181,50,0.4468580114263014
8401,50,0.4376676334486551
9274,50,0.48903204108030396
23143,50,0.1406783848889204
2431,50,0.49621408507713416
5189,50,0.5265186631139015
7107,50,0.4903911748192998
8189,50,0.4553914569272183
12423,50,0.511528708317864
14998,50,0.25121641295835845
22100,50,0.3216500715721977
23148,50,0.09696218932449308
24148,50,0.19164997801010347
1845,50,0.45488201019163566
3289,50,0.6638079445914362
4190,50,0.6129720200170159
4985,50,0.5685984251850301
8413,50,0.5535371543052549
9502,50,0.5482745866333063
10354,50,0.5178994729601378
2441,50,0.6376783285484542
3119,50,0.6232376658718556
7117,50,0.5392782727285202
8199,50,0.5437626940880459
13388,50,0.43034978526188455
15008,50,0.2965327215495513
16013,50,0.47067431252958525
18072,50,0.418049032045636
18912,50,0.3987747405601006
24158,50,0.2323258458644494
1741,50,0.5458454348724013
2446,50,0.6719583304096008
4200,50,0.49773913962927563
9294,50,0.5202085513808414
10364,50,0.3640544643885415
13393,50,0.5495202820873032
15013,50,0.3108742390211137
18077,50,0.3853706343174334
18917,50,0.49318275224558306
19983,50,0.2932519476323865
22115,50,0.4604608441670841
23163,50,0.36603914041684843
25031,50,0.19401854629084245
25856,50,0.30819325535810876
27857,50,2.2489850931589923
3303,50,0.49147104464162883
5208,50,0.5151108394416941
6269,50,0.34551556367868363
8209,50,0.030423756691404333
9298,50,0.4183728460203901
10368,50,0.3897129751803621
11410,50,0.46509100993612296
27967,50,0.19052243449303452
27981,50,0.44297428542941714
28051,50,0.254518189360169
16225,50,0.2777893724756221
17045,50,0.2674746298420858
18921,50,0.3449002066437272
19987,50,0.2673461645424627
23166,50,0.9475939636357136
25035,50,0.4419636220024256
25860,50,0.6231143809330022
27918,51,0.0264642188005741
8211,51,0.027924715911800353
9083,51,0.02262490309528811
28125,51,0.01750026309853462
20418,51,0.017647786799421767
5210,51,0.02466852684875957
6057,51,0.031128882277921373
7130,51,0.018363370478339035
7997,51,0.01727456609383316
9087,51,0.013029509345490393
9948,51,0.011339379746585675
18291,51,0.022499693126623525
18922,51,0.023073459820976607
19776,51,0.023650446077282204
20849,51,0.025408331338826758
21908,51,0.02730727221246416
22958,51,0.03499891333356308
3482,51,0.017153530294028368
4019,51,0.01520776127689858
4798,51,0.019829392091554342
5849,51,0.028539284285502613
7136,51,0.017113033581592104
8002,51,0.01649670533304387
9092,51,0.0090601718919588
10161,51,0.010095562194368333
11204,51,0.013886807952569061
12238,51,0.011507999392200903
16840,51,0.015772369441774677
17874,51,0.01633490066000652
18716,51,0.024905530330039203
19565,51,0.02500154866076095
20854,51,0.026805105831626656
21913,51,0.029471274222483888
23977,51,0.03129487888347086
2451,51,0.018767800404718902
3131,51,0.017747002891549884
4023,51,0.017661614529469537
5007,51,0.0208556649303847
5853,51,0.02169385498089905
6925,51,0.023582224595165593
9097,51,0.014049932282666327
10167,51,0.010778720732652498
11209,51,0.0104854363848315
12241,51,0.012133084979400015
13218,51,0.015175866971848974
14012,51,0.015503475591443145
15017,51,0.022261368463196676
16843,51,0.018395653489062556
17880,51,0.018790723205513858
18932,51,0.024192385122787128
19571,51,0.025729342885069888
21918,51,0.037172851702444575
22966,51,0.044503538358303146
1745,51,0.012562670726496727
2293,51,0.01832234034454915
3135,51,0.03885583183192023
4028,51,0.09206719500069697
27900,51,0.03904143327133536
7146,51,0.025592148231172458
8012,51,0.025121840994848547
1645,51,0.06988343058327058
3141,51,0.08781776259028104
7150,51,0.043726547235025656
8016,51,0.03365915999180933
9325,51,0.025829363047335942
9111,51,0.03493977363926028
1279,51,0.23423034730422443
4042,51,0.03501696220600626
11228,51,0.04435619367268893
12260,51,0.04293395468116211
13237,51,0.03927394717152305
14836,51,0.09457034524013373
21937,51,0.24010927148745723
1191,51,0.23166062704137938
4048,51,0.06466054992006341
9340,51,0.02621138808592993
10193,51,0.08058216936604089
28017,51,0.0640568917364615
13243,51,0.09169341658217355
17904,51,0.23754480601093375
19810,51,0.3209324540561536
4833,51,0.06213812144551342
6096,51,0.084812432730437
20888,51,0.23830174340256266
22995,51,0.2094573171969962
861,51,0.39084377110429286
14047,51,0.06928900788016479
23000,51,0.27755787105356977
788,51,0.38938586122321045
24021,51,0.2480588402588437
25073,51,0.24828315807343093
582,51,0.4940048393549191
794,51,0.29193276666107815
6111,51,0.07160242321444582
14861,51,0.07721557956386524
15865,51,0.09052069630204593
25078,51,0.2687011976223838
797,51,0.26605999908320316
6974,51,0.08000279193052194
15870,51,0.09294866599759402
24914,51,0.2586046832362126
25754,51,0.20831109000158757
27093,51,0.3356412430014462
803,51,0.20655571849125676
8061,51,0.11516458625356091
15875,51,0.09038522458705435
25760,51,0.24344085787375844
305,51,0.5421913799605204
8065,51,0.08164078072510259
15880,51,0.1036231054212674
26316,51,0.16332583974147172
26733,51,0.16329659540031294
259,51,0.5456103368350711
473,51,0.5491237555249174
8289,51,0.10450606119068778
17944,51,0.2216965199761608
26321,51,0.12751810625915694
27108,51,0.16269978524038423
266,51,0.626006611424513
8075,51,0.19399838684348816
17949,51,0.14406433440449404
270,51,0.5785225506070858
823,51,0.19645454851956357
10449,51,0.20572102089138014
11283,51,0.19101110414207875
17953,51,0.179936581051756
18794,51,0.18661146646146992
113,51,0.6074542182156595
616,51,0.20766870031021134
827,51,0.13763294027627107
1245,51,0.20674581003849626
11287,51,0.18364552646901347
17958,51,0.18955644284650922
18799,51,0.15188193791146945
26753,51,0.1908527265968585
27608,51,0.27081227453096124
11706,51,0.19977397699294158
19654,51,0.1595390572254633
27674,51,0.598332153847083
44,51,0.7882099274518666
560,51,0.40011011368053184
4093,51,0.08367758690888079
11711,51,0.2591797068195703
19874,51,0.20907123381380643
27723,51,0.5625360711229688
16,51,0.9265529430508402
131,51,0.5795797600803735
1261,51,0.2560968744336404
9190,51,0.141040130793965
12334,51,0.3307909414384665
27468,51,0.2727064136922444
27795,51,0.6897983609912014
7,51,1.0602490439458907
103,51,0.3839089533842067
248,51,0.4008895536769126
508,51,0.4448941628287655
847,51,0.5927359952722034
1733,51,0.22770248895256534
12339,51,0.39054085996215665
19884,51,0.1712040145156668
27075,51,0.4480735932469775
2,51,1.1434799915341567
108,51,0.5101163921644457
1738,51,0.1305398505656851
13322,51,0.4754604473691659
14115,51,0.4423334908082011
22231,51,0.21787678465347482
27381,51,0.4966677268347088
27633,51,0.6506981350814669
6,51,0.8911183538642139
112,51,1.0612477605375492
1275,51,1.0897807288989976
2541,51,0.06369497485642865
3213,51,0.10286182603509918
13326,51,0.35964643049892436
17988,51,0.1837002255147795
21180,51,0.15183927877920653
23074,51,0.19106369181704985
27436,51,0.6127592880161572
2385,51,0.19856355321799476
11322,51,0.2581112403358138
17993,51,0.13028019833674742
18834,51,0.13274932514775495
22031,51,0.1399913842233609
23079,51,0.23578221877311206
27607,51,0.7154188411286696
1841,51,1.1430386785189746
14130,51,0.049691087530512205
15737,51,0.1717762500594076
19904,51,0.17681469586523624
22036,51,0.45037778509964843
27869,51,1.1795835482331778
2394,51,0.4947701024896873
4127,51,0.36611713153225506
13341,51,0.37108740741639934
24957,51,0.2977071497098085
3230,51,0.28473042397171056
5134,51,0.3775523754945118
14945,51,0.14889859505485795
3235,51,0.244993652490028
5140,51,0.2728967316660438
7058,51,0.3537759466383083
18013,51,0.17325811301784838
23099,51,0.48847417394827725
5992,51,0.30443303970989827
9234,51,0.2847471731313758
25487,51,0.37137131274213697
2557,51,0.3727885322273114
4146,51,0.2637405454952007
4941,51,0.3032473734115851
7283,51,0.28986197926982576
16986,51,0.11651244099001137
18022,51,0.1450260625372262
19928,51,0.23410985583926072
21002,51,0.27362875967860656
24976,51,0.27811261099045753
2396,51,0.2406173959551119
3250,51,0.35904736693053746
5154,51,0.28972531596910456
9244,51,0.306659614910435
18027,51,0.1687752638659647
18867,51,0.16090576118721162
22065,51,0.23155760689546062
6219,51,0.23978196383155395
9249,51,0.2281962206634214
10319,51,0.25567579023119236
15973,51,0.10337852907630658
16996,51,0.12685177508021594
18872,51,0.1670815687811979
19938,51,0.20263856484134196
22071,51,0.19175462615521374
2406,51,0.3611752604122397
6224,51,0.332481121029678
7082,51,0.2932550200531021
8164,51,0.32360095369128977
18037,51,0.17719045043962856
18877,51,0.2880538749196101
19944,51,0.28004792317010835
21016,51,0.24939629955639347
22075,51,0.22578427747826615
23123,51,0.16171291548138697
24991,51,0.17013701740564832
2411,51,0.3136392247120683
3089,51,0.36804315605721366
4166,51,0.38093660423572856
8169,51,0.2586785948913879
9259,51,0.37242088886781854
10538,51,0.26152089866903866
11371,51,0.27949144114845137
18042,51,0.24564163223702531
18882,51,0.2545574843058245
21021,51,0.2593334767655958
23337,51,0.10832509327232588
24128,51,0.1686106693304332
2416,51,0.47967455983720875
6234,51,0.44067252325407147
9264,51,0.36077669075405916
13200,51,0.28704244503381315
14984,51,0.17509911156801616
15988,51,0.08631410560674929
17011,51,0.1823989105512554
19953,51,0.28621131686257073
21026,51,0.2163811058795693
22085,51,0.2521395757361369
25826,51,0.13586865265753006
5179,51,0.46733221032688604
15791,51,0.17170547636022704
18052,51,0.2177233870828566
22090,51,0.20404870743396067
25831,51,0.6034286277019741
1962,51,0.3774974289196142
2426,51,0.5891282019240762
8401,51,0.43076417988555915
23143,51,0.1796240628152582
25011,51,0.09527673783265458
5189,51,0.5508319291908866
6248,51,0.5459789926804693
7107,51,0.49378660358829163
8189,51,0.46909912165339984
12423,51,0.3205958886851599
14998,51,0.26335079248346055
23148,51,0.2737234037715985
24148,51,0.15876070479478277
1845,51,0.8166912374097677
3289,51,0.7117345285449863
4985,51,0.688295832401694
10354,51,0.35578430896445745
19973,51,0.2741510405696906
21046,51,0.30935630694543165
2441,51,0.8453983990688498
3119,51,0.8130860398945484
7117,51,0.6081014291028715
8199,51,0.5192908000906041
12433,51,0.5212380214651594
13388,51,0.354811120308639
15008,51,0.32611859350196665
16013,51,0.27262782929411783
18072,51,0.2736670642034107
18912,51,0.4126341750515327
22110,51,0.43386988066835214
24158,51,0.3294495124766851
1741,51,0.9468308694350619
2446,51,0.7725920116911209
3298,51,0.7495345730836676
4200,51,0.7924121661550483
9294,51,0.4730774697937593
10364,51,0.38569225561940407
12438,51,0.3446508102273432
13393,51,0.4025343877520018
15013,51,0.3952826903647238
18077,51,0.44985658796359085
18917,51,0.3990516559044604
19983,51,0.46167318826513337
22115,51,0.4572880534024483
23163,51,0.47997023385427334
25031,51,0.33567573279169766
25856,51,0.22948996178180417
27857,51,2.382738174115382
3303,51,0.24994378070203105
5208,51,0.6845383297348204
6269,51,0.26368085562833554
8209,51,0.20391222205268772
9298,51,0.31237674053898795
11410,51,0.2842787047346583
27967,51,0.2740819930399964
27981,51,0.39214301075455277
28051,51,0.3873604182118351
16225,51,0.4334814732377087
17045,51,0.3436703937835636
18290,51,0.4888006159994109
18921,51,0.5017118488784638
19987,51,0.49120414492571973
23166,51,0.0659824243211902
24166,51,0.30205165598673045
25860,51,0.6804774632708499
27918,52,0.033373657336285174
8211,52,0.03543855961327385
9083,52,0.034943516135775614
28125,52,0.02224439413304887
20418,52,0.01998649263843098
5210,52,0.024059046261806036
6057,52,0.024836826664875945
7130,52,0.02715593132538973
7997,52,0.027884687664070432
9087,52,0.027705399728658462
9948,52,0.028099610555236885
18291,52,0.025452645481544925
18922,52,0.02556273600764625
19776,52,0.02566810322726568
20849,52,0.025073190756519002
21908,52,0.026351934413823143
22958,52,0.03308625580894792
3482,52,0.02297890327897086
4019,52,0.023322206011251203
4798,52,0.02164821550145546
5849,52,0.02281329265459622
7136,52,0.027302090130729616
8002,52,0.029370062076137276
9092,52,0.027839726743003387
10161,52,0.02899593335818519
11204,52,0.027239731497112455
12238,52,0.02484784769457085
16840,52,0.026076870984976252
17874,52,0.02485045226778126
18716,52,0.026212491656373495
19565,52,0.025902503890657173
20854,52,0.02658792130471852
21913,52,0.027409087624993195
23977,52,0.03037313294359442
2451,52,0.02365102579860863
3131,52,0.022423739879592883
4023,52,0.02142652869649291
5007,52,0.018306745002021493
5853,52,0.01696410656355826
6925,52,0.02686327771580641
9097,52,0.030481679399157996
10167,52,0.031111040160428045
11209,52,0.028119726384513155
12241,52,0.024688530095762322
13218,52,0.020351619699906055
14012,52,0.02114387773540761
16843,52,0.025674270558537833
17880,52,0.024792011259625515
18932,52,0.026414151369682438
19571,52,0.027550183882962077
21918,52,0.03429537399976154
22966,52,0.04043048709668568
1745,52,0.015366301102275617
2293,52,0.052277221404668936
3135,52,0.09987506871478963
4028,52,0.04525286226337196
27900,52,0.021027298825498027
7146,52,0.025888075498050212
8012,52,0.028332894161309997
15826,52,0.059211690524285994
1645,52,0.0457930398360137
3141,52,0.09583622917727996
7150,52,0.022411280568846077
8016,52,0.09886823097853072
9325,52,0.030224882410840155
9111,52,0.10047485827897676
1279,52,0.18528100357866883
4042,52,0.07391121639116159
11228,52,0.10665138265109052
12260,52,0.0990162678691471
13237,52,0.08885895613625575
14836,52,0.03943965440616655
21937,52,0.2514266802478623
1191,52,0.23370911892937068
3155,52,0.10584163471416362
4048,52,0.09706167651001844
5032,52,0.04735104122866568
10193,52,0.07619230054351118
11233,52,0.16849541913833704
28017,52,0.10450168748240228
17904,52,0.14199617028255326
4833,52,0.06952811291123932
6096,52,0.09633979860347891
20888,52,0.23786373767233276
22995,52,0.12618320447359538
861,52,0.3461695769681148
23000,52,0.31339440643020866
24016,52,0.3159563283423816
788,52,0.4001435480857757
14052,52,0.05253407344603613
24021,52,0.3150818171514994
25073,52,0.355078640752616
582,52,0.46973304501991553
794,52,0.35467768821706985
15865,52,0.09687941426885152
25078,52,0.2741408969115988
797,52,0.3966458827725555
6974,52,0.08231668070839845
15870,52,0.09316225677331834
24914,52,0.18949169507629637
25754,52,0.1902224059738579
27093,52,0.19713704097855056
803,52,0.42115068529187827
8061,52,0.11846109699363985
15875,52,0.08236268536287528
25760,52,0.02985276335751141
305,52,0.7029781064969908
8065,52,0.1858725961943021
15880,52,0.20695748768232142
26316,52,0.13999609025336826
26733,52,0.23404268847814502
259,52,0.7233250187970787
8289,52,0.2212757272661723
17944,52,0.18974404780561677
26321,52,0.25991423972680655
27108,52,0.5205424321416562
266,52,0.666750564484406
8075,52,0.20876039463188506
17949,52,0.2420931313267675
270,52,0.4979675252151413
10449,52,0.19498312537198123
11283,52,0.1892556423425811
17953,52,0.2728522730246791
18794,52,0.29982161671649027
113,52,0.8666690970889704
616,52,0.5894593683104419
827,52,0.5806258554310294
1245,52,0.540191079890607
10246,52,0.057596233075239436
11287,52,0.045495400871161766
17958,52,0.34967476653780777
18799,52,0.27492404511927065
26753,52,0.1862033552278441
27608,52,0.5255519373723668
63,52,0.8893873871372211
11706,52,0.01680731783055454
12324,52,0.07660091853359643
13301,52,0.07300442738815498
19654,52,0.3131216214580699
27127,52,0.28703754403900755
27674,52,0.4739692314254587
44,52,0.7858084049927704
4093,52,0.08022121779566892
11711,52,0.027426295327928892
19874,52,0.3512173527377299
27132,52,0.3352357468504808
27723,52,0.3568832020945634
16,52,1.0129285413257518
131,52,0.5368069160386246
768,52,0.649726026331222
1261,52,0.5722417589504505
9190,52,0.1116728556991203
12334,52,0.06942865729149961
27468,52,0.3849959661791566
27795,52,0.5181913739816378
7,52,1.000995515890826
103,52,0.7246031898571272
248,52,0.5136547193947923
508,52,0.5665990878705662
847,52,0.7076077756419097
1733,52,0.23529819148697442
12339,52,0.09557090141994029
13317,52,0.12234683077223582
19884,52,0.3726421818195334
26773,52,0.29211483628992685
2,52,1.039639514623696
108,52,0.594817452585203
1738,52,0.16177981882643003
13322,52,0.09705043369692025
14115,52,0.15899702298863666
22231,52,0.3354705297274068
27381,52,0.435668181176226
27633,52,0.6125929380678496
6,52,0.8848473373089741
112,52,1.1824601024728163
1275,52,1.343376564147321
2541,52,0.45134137926012785
3213,52,0.1681605698921651
13326,52,0.10971790190716858
17988,52,0.39035566706218194
21180,52,0.29929018249715933
23074,52,0.3021255256334983
27436,52,0.43061257893449406
27638,52,0.5783704701047339
2385,52,0.21116712052283496
11322,52,0.0818893375040462
17993,52,0.06463723459969171
18834,52,0.0491978814121653
23079,52,0.1907980399041704
27607,52,0.8763656813180795
1841,52,1.1875997581438245
2390,52,0.5968170393601862
14130,52,0.42924092461023466
15737,52,0.13758051964505377
19904,52,0.2798682271617771
22036,52,0.21273454793610763
27869,52,1.2099224956059476
2394,52,0.40090912404786133
4127,52,0.3735999799254829
13341,52,0.5340710900848563
14940,52,0.3424860490199213
24957,52,0.16784132795130396
3230,52,0.17265692680183709
4132,52,0.04883468984092592
3235,52,0.26369372938963587
5140,52,0.18089134481436664
7058,52,0.14977444467478102
23099,52,0.29714061740967646
3239,52,0.15548789034555188
5992,52,0.18958680474531087
9234,52,0.15226393588784712
15958,52,0.1085888104741172
18017,52,0.14360827295191808
25487,52,0.18282959089662698
2557,52,0.9407379654233972
3244,52,0.11168531009307446
4146,52,0.08042552267919541
4941,52,0.12065473543227553
7283,52,0.07536348830316791
14959,52,0.0497161610584154
18022,52,0.11028574601259261
19928,52,0.21375429572341414
21002,52,0.30833232743995903
24976,52,0.21184060476515634
2396,52,0.9370831367803191
3250,52,0.09868196561336567
5154,52,0.08937381762161371
9244,52,0.09214388423274593
18027,52,0.09796900794598568
18867,52,0.06194800940809546
22065,52,0.1187330145452979
6219,52,0.12128858525833511
9249,52,0.14673522322704893
10319,52,0.05128499649406726
15973,52,0.04553443048108041
16996,52,0.008806677192712846
18872,52,0.12635563948631875
19938,52,0.16708612807945464
21011,52,0.13772328734188446
22071,52,0.023682932123287176
2406,52,0.1528231663292238
3259,52,0.15736084865473884
6224,52,0.04238483722728878
7082,52,0.09765709986540216
8164,52,0.07523628246384827
18037,52,0.11463202640183115
18877,52,0.19857960766083899
19944,52,0.03085798572192554
21016,52,0.07142284975857387
22075,52,0.2273580358986165
23123,52,0.051149845674091435
24991,52,0.1476357635622826
2411,52,0.1399983957092608
3089,52,0.12840807774083374
4166,52,0.09264189553047589
8169,52,0.1279718473946863
9259,52,0.04389888140391199
10538,52,0.10165569294835974
11371,52,0.14858747617638493
15983,52,0.18395877600888516
18882,52,0.05580710307668508
23337,52,0.0672881576672146
2416,52,0.27459821501828996
5174,52,0.1214616118981093
6234,52,0.09216402079352032
9264,52,0.04157912735518655
13200,52,0.13314449518222282
14984,52,0.17819686893241432
15988,52,0.20802356928991175
17011,52,0.16299842981358453
22085,52,0.2629791570656898
24133,52,0.25553120410262425
25002,52,0.3013056435812055
25826,52,0.5069630329045995
18052,52,0.09255965681694635
25831,52,0.9960283454598159
1962,52,1.981141530644689
2426,52,0.2755059128807706
8401,52,0.05436588542158338
10344,52,0.09123419561183138
23143,52,0.16474447975041923
25011,52,0.26575156790394167
5189,52,0.16183312975988276
8189,52,0.0574842133348432
12423,52,0.13031922027162
14998,52,0.2373453789780065
23148,52,0.14208291158118203
24148,52,0.20027781340427395
1845,52,0.5810015470579839
4985,52,0.2687894448844291
10354,52,0.19272533669784622
12428,52,0.11543583315282072
18067,52,0.2468916493654029
21046,52,0.0891446059614408
23153,52,0.12243092679516894
2441,52,0.4981512867984408
3119,52,0.40309673055304457
4010,52,0.3301527445480673
7117,52,0.13163978346197344
8199,52,0.20051649992959514
12433,52,0.20850414268002512
13388,52,0.21110404485713766
15008,52,0.2351753297903606
18072,52,0.31548755451462296
18912,52,0.24468155457387308
22110,52,0.16141867624117714
24158,52,0.0041261940662094005
1741,52,0.4450012670678015
2446,52,0.4789414818447322
3298,52,0.43053486102298383
4200,52,0.29329875385015763
8203,52,0.16698803296331044
9294,52,0.029506000564016727
10364,52,0.07389314097359141
11406,52,0.14579525820696318
12438,52,0.14125544813990734
13393,52,0.19012959672361704
15013,52,0.18527458726242585
18077,52,0.13570205081216175
19983,52,0.12699473632889335
22115,52,0.048552427487076256
23163,52,0.10088670521824768
25031,52,0.1798981521241201
25856,52,0.057943187617283176
27857,52,2.305799790120389
3303,52,1.33297287559217
4205,52,0.281397164477048
5208,52,0.28892489610258537
6269,52,0.2072877875455074
7126,52,0.1332714270617887
8209,52,0.25455494365387343
9298,52,0.05904784249045803
11410,52,0.19803267231318178
27967,52,0.19718786821919895
27981,52,0.09971672123656668
28051,52,0.35175307962637753
16225,52,0.24136980121949034
17045,52,0.21912177387045498
18290,52,0.11716856889327154
18921,52,0.137998274258222
19987,52,0.06033776237111186
23166,52,0.29196581945698097
27918,53,0.013455059205968154
8211,53,0.015461430699962055
9083,53,0.017614818291034496
28125,53,0.010019949987485923
20418,53,0.00863502803236893
5210,53,0.009668091142901125
6057,53,0.008602734329214197
7130,53,0.007001752541385754
7997,53,0.006924470214113381
9087,53,0.007245080399696544
9948,53,0.006566660574143135
18291,53,0.009815978625702243
18922,53,0.010792482323709177
19776,53,0.010900761993316991
20849,53,0.011562181948005177
21908,53,0.013223763863218862
22958,53,0.021288081892872866
3482,53,0.013112384562474289
4019,53,0.015455826099046548
4798,53,0.00955660108675548
5849,53,0.008328273025356598
7136,53,0.006405005502985293
8002,53,0.00699134853112626
9092,53,0.004866242557452352
10161,53,0.0051615394470526
11204,53,0.007578216436829526
12238,53,0.007577502460142398
16840,53,0.01071860432674842
17874,53,0.009758973682637706
18716,53,0.011514523531480352
19565,53,0.011049346425540812
20854,53,0.011863956547729836
21913,53,0.013329626966371085
23977,53,0.01793880261205105
2451,53,0.010241935396177989
3131,53,0.011977011847129761
4023,53,0.011200256564557984
5007,53,0.006472393099733772
5853,53,0.005267624076082969
6925,53,0.007482336610798105
9097,53,0.008101261385019508
10167,53,0.00829760481891047
11209,53,0.008132410215200938
12241,53,0.008212721490174772
13218,53,0.008822423803481664
14012,53,0.009606722702888863
16843,53,0.010717333785351873
17880,53,0.01138510889742271
18932,53,0.013968688089028949
22966,53,0.027066776993147867
1745,53,0.04338867488912695
2293,53,0.06464230613465806
4028,53,0.09258466812914973
27900,53,0.0072804411608377965
7146,53,0.022122225321338562
8012,53,0.02228680491125249
15826,53,0.1328697171570703
1645,53,0.07339497181633216
3141,53,0.0055312281932621355
7150,53,0.010141291098883636
9325,53,0.02199992742650751
9111,53,0.07025007462636872
21932,53,0.3214408002671686
1279,53,0.22078037325839567
4042,53,0.035422498832060334
11228,53,0.07234519103080472
12260,53,0.1762706002776
13237,53,0.135361218999585
21937,53,0.3170138134790826
1191,53,0.2569068274825904
3155,53,0.11044755064572029
4048,53,0.06364634010706394
5032,53,0.017850159714684344
10193,53,0.13368682050369726
11233,53,0.1287320523091487
28017,53,0.17777734438548062
17904,53,0.25230132627634466
18744,53,0.2514304297162845
20883,53,0.2670389964329632
4833,53,0.045570100344465195
6096,53,0.047001406617078495
20888,53,0.34984353781376587
22995,53,0.23384571234876406
861,53,0.4370185241742547
23000,53,0.2526191010555432
24016,53,0.24365379819993885
788,53,0.4908413493119029
14052,53,0.20177636621267964
24021,53,0.2152867562911978
25073,53,0.13820776063362325
582,53,0.5762436418667685
794,53,0.42154133894265483
15865,53,0.15395584402323018
25078,53,0.14473270013208808
25750,53,0.15953510321043338
520,53,0.6330630373648027
797,53,0.4827411090887542
6974,53,0.07764634111574518
15870,53,0.15254852189927148
24914,53,0.14803464665495183
25754,53,0.043339648724555375
27093,53,0.3005349432489159
803,53,0.5302008694428021
6121,53,0.18100540848384206
8061,53,0.057321713168309966
15875,53,0.18523273839816756
25760,53,0.11101193958363144
305,53,0.8147812392413354
8065,53,0.028584682336148214
15880,53,0.18285475559272962
26316,53,0.22315584459154802
26733,53,0.2466174694904889
259,53,0.8225240296033974
8289,53,0.05957309864159722
17944,53,0.25841130282708025
26321,53,0.24545231844630133
27108,53,0.37518337915321154
266,53,0.9019102094630435
1236,53,0.5956230923811375
8075,53,0.08648128447289655
17949,53,0.20972495331163724
270,53,0.9401127810198466
10449,53,0.1423945759584873
11283,53,0.056056578062868456
17953,53,0.2102616486607039
18794,53,0.24971132306195906
113,53,1.003555545454309
616,53,0.7939486308222119
827,53,0.8120333441308516
1245,53,0.7021715806841295
8302,53,0.07012510801091144
10246,53,0.19509181939444703
11287,53,0.17657682075081965
17958,53,0.2001757454704863
18799,53,0.17145645570834783
27608,53,0.570740700013858
11706,53,0.2630528426638947
13301,53,0.08235175191050963
19654,53,0.19166859961918925
27674,53,0.5473487289880838
44,53,1.03350526224762
4093,53,0.03329816287237147
11711,53,0.2710564988447659
27723,53,0.4909716690727387
16,53,1.1838106645681135
9190,53,0.1400633707211106
10260,53,0.15376135170245378
12334,53,0.2230742394800141
27137,53,0.3019247638761464
27468,53,0.38023768893607784
27795,53,0.6852723887239306
7,53,1.2640291476425678
103,53,0.781105968380185
248,53,0.7608244786088517
508,53,0.5781047237762618
847,53,0.42552863726828255
1733,53,0.40796927699703944
12339,53,0.23938743185520517
13317,53,0.15244215961897578
19884,53,0.26482048772288247
26773,53,0.4041143004624732
2,53,1.2575831054348827
108,53,0.7448686847192216
1738,53,0.4250720436742328
3208,53,0.12137073290891211
12344,53,0.19496759743935965
13322,53,0.26200124987246076
14115,53,0.20366034078645648
22231,53,0.24330253365154156
27381,53,0.40757671579004223
27633,53,0.4095219155058838
6,53,0.8887225760358385
112,53,1.0887523962420085
258,53,1.0701497139945193
1275,53,0.9774404901344101
2541,53,0.4324305765705362
3213,53,0.13797928731745818
13326,53,0.20000065993655955
17988,53,0.272666977945183
21180,53,0.25481639298537995
22025,53,0.3378177256248985
27436,53,0.4243164951119693
27638,53,0.35974547526758766
2385,53,0.3911154259567705
11322,53,0.07456837407248855
17993,53,0.09871411046677595
18834,53,0.03694980160506494
23079,53,0.1257767448404248
27607,53,0.7363677419550094
1841,53,0.9128732529543687
2390,53,0.3396620305855527
4122,53,0.19836836234358046
11119,53,0.06912456726091311
14130,53,0.14799221955439343
15737,53,0.2543265744415853
19904,53,0.4224952081777608
22036,53,0.48256793370421663
24084,53,0.4141224521288942
27869,53,1.119689690374106
2394,53,0.3350008702757711
4127,53,0.3027720195863171
13341,53,0.18211377866132172
15944,53,0.22937859810235214
24957,53,0.3848467580714883
3230,53,0.23499202690186805
3235,53,0.26867478835366737
5140,53,0.3237335253422479
7058,53,0.3173749925940768
23099,53,0.5750011207147101
3239,53,0.2688022160952044
4141,53,0.2905914879635935
20996,53,0.47239520497119636
25487,53,0.24036191708416915
2557,53,0.27428528063241575
3244,53,0.254799330731145
4146,53,0.25773075008160135
4941,53,0.31477629667224316
7283,53,0.32250118654935
18022,53,0.5190694653029365
19928,53,0.42707788675970254
21002,53,0.44047891698052255
24976,53,0.5952996107814206
2396,53,0.07273458052294139
3250,53,0.28383176035479996
5154,53,0.27707285972268153
9244,53,0.30026980534535785
12388,53,0.27512087714404354
18027,53,0.5200660129131316
18867,53,0.44812315077086995
22065,53,0.5077403466525303
25659,53,0.3521525340965809
6219,53,0.2956296073777525
9249,53,0.3093617811334288
10319,53,0.33692376756227627
15973,53,0.4392579823436385
16996,53,0.4715373149864584
18872,53,0.47802874713219085
19938,53,0.4678311086090615
22071,53,0.44720120744373176
2406,53,0.27208469579897315
3259,53,0.2972623186036882
6224,53,0.3046410536941334
7082,53,0.2713863770909011
8164,53,0.36430705162121835
18037,53,0.4449375748760781
18877,53,0.47345830780777376
19944,53,0.4737915113857998
21016,53,0.4955665119108714
22075,53,0.48007233652592735
23123,53,0.45089673865478447
24991,53,0.5586824010480945
2411,53,0.3161915274342486
3089,53,0.3841784145965288
4166,53,0.3390519587541023
8169,53,0.29505116889324623
10538,53,0.3756257665536386
11371,53,0.4102490085456219
18882,53,0.49054043295011995
20163,53,0.4774005561783647
23337,53,0.44499749988358867
3269,53,0.34252320531194547
5174,53,0.3723914820477379
6234,53,0.40242003561537115
9264,53,0.34338579755043674
13200,53,0.40775024367092333
14984,53,0.30291012694703673
15988,53,0.3650148152110245
17011,53,0.32884179729358604
18047,53,0.4039891632804539
22085,53,0.49739455372783764
24133,53,0.45360687984320286
25826,53,0.09619408879581177
4176,53,0.37065585143494545
6239,53,0.4107320758300648
14989,53,0.4647117574562922
18052,53,0.30205010042993596
21031,53,0.4891753385142954
25006,53,0.38261725439154365
25831,53,0.8907822290374895
1962,53,0.2150833005491876
2426,53,0.5098375873444606
4181,53,0.4153579274906566
11385,53,0.3884973956975551
18897,53,0.38291725738771604
23143,53,0.45604937664741674
25011,53,0.4130158319213714
4186,53,0.4386981995444957
5189,53,0.37248359290327765
8189,53,0.348834102837378
14998,53,0.3680849860728153
22100,53,0.4520656024106576
23148,53,0.5108946713838948
24148,53,0.5729225731448528
1845,53,0.6974511977367396
4985,53,0.5363477326539317
8413,53,0.3959424145461757
10354,53,0.4187210838782995
12428,53,0.47218348899894913
18067,53,0.3784726491710014
21046,53,0.5819627687930694
23153,53,0.6193792428552771
25846,53,0.4122491322389723
2441,53,0.6659271872457577
3119,53,0.49142257110092175
7117,53,0.4730507721780106
8199,53,0.38149945433976373
10359,53,0.25485032841342964
11401,53,0.341558111403404
13388,53,0.3449255586857729
15008,53,0.2484058372346251
18072,53,0.5128683930314516
18912,53,0.503715109563361
22110,53,0.7622979368642838
24158,53,0.6787127162762763
1741,53,0.6032571704344257
2446,53,0.6291928216910099
4200,53,0.37404359705976914
8203,53,0.34582412152918307
9294,53,0.3381743136106542
10364,53,0.2386392576449303
11406,53,0.3426736118432352
12438,53,0.3584711185644289
13393,53,0.28854278283433515
15013,53,0.2798633237233627
18077,53,0.7408391431438728
19983,53,0.8849691106373025
22115,53,0.9152942323128159
23163,53,0.7914580874483622
25031,53,0.6204669709843437
25856,53,0.9828875334247201
27857,53,1.9932756020432136
3303,53,1.8594666312247972
4205,53,0.4074615031529662
5208,53,0.31189853339775025
6269,53,0.22524545343387992
7126,53,0.24666776453822145
8209,53,0.21000887628857207
9298,53,0.16181839951284724
11410,53,0.1708616749383451
27967,53,0.1516652234301943
27981,53,0.40617937600595855
28051,53,0.6862363331643315
16225,53,0.42462799074080326
17045,53,0.4873971872828769
18921,53,0.6306853038415963
23166,53,0.5746168356502063
25035,53,0.7728047864383094
27918,54,0.01448665780820991
8211,54,0.01483472322541188
9083,54,0.0143293948806224
28125,54,0.013670263736486835
20418,54,0.010826343837898052
5210,54,0.01697508073077636
6057,54,0.022670615629068858
7130,54,0.009224660227240618
7997,54,0.007996446108446593
9087,54,0.006764836060725515
9948,54,0.003990737845456312
18291,54,0.01497674871663271
18922,54,0.015707690147601913
19776,54,0.015769326207420126
20849,54,0.014974591815104911
21908,54,0.018556277426776513
22958,54,0.029254331337417314
3482,54,0.01347478526267906
4019,54,0.01430513006923957
4798,54,0.01355906070758435
5849,54,0.02135869134062245
7136,54,0.008878557306840267
8002,54,0.007859347379655041
9092,54,0.0058301260293316115
10161,54,0.002087320756000631
11204,54,0.00675800856122113
12238,54,0.005330290406772057
16840,54,0.012177713257974069
17874,54,0.010884201950774
18716,54,0.01615827425075812
19565,54,0.01579137232548795
20854,54,0.01468932915741966
21913,54,0.018511222659236423
23977,54,0.02315029662442476
2451,54,0.02263300471586419
3131,54,0.012712000897158968
4023,54,0.012196425626523375
5007,54,0.013155031064715298
5853,54,0.01488988958093849
6925,54,0.01337212852647636
9097,54,0.01141457571538027
10167,54,0.008695652579646733
11209,54,0.0035803905874283
12241,54,0.00612610004278839
13218,54,0.01126613497352661
14012,54,0.012274201658294267
16843,54,0.012703550919450152
17880,54,0.013849980087966764
1745,54,0.011263149743964392
2293,54,0.01332108572418279
4028,54,0.018233272055094292
27900,54,0.014548378415533435
7146,54,0.014001178927024648
8012,54,0.06536151595345988
15826,54,0.06195504720520831
1645,54,0.07020011362106572
3141,54,0.01980414758054886
7150,54,0.06836576084293194
9111,54,0.07455461288280925
1279,54,0.29538738107357426
4042,54,0.015429946375107261
11228,54,0.2484359842302276
12260,54,0.1354206697000197
13237,54,0.17066007641239006
21937,54,0.38819082908132096
1191,54,0.32221522467309893
3155,54,0.03594019571901406
4048,54,0.0244409999208147
5032,54,0.0931251124354423
10193,54,0.10263174471799401
11233,54,0.1749968160076748
28017,54,0.20131319449819074
17904,54,0.2528201127929211
18744,54,0.346725888034592
20883,54,0.45294883069955083
4833,54,0.07179762766029538
20888,54,0.3599939826084962
22995,54,0.32302310476224877
861,54,0.5399777369843599
13253,54,0.18000475595946522
23000,54,0.24861613166221924
24016,54,0.18103976439996236
788,54,0.6153568731724239
14052,54,0.17081828366954097
24021,54,0.21609925493373383
582,54,0.7247602267166133
794,54,0.6722082422102266
15865,54,0.23440568041689047
25078,54,0.23457719157973914
25750,54,0.2124118748146758
520,54,0.7988088104637558
797,54,0.7129779263409958
6974,54,0.07093517283486973
15870,54,0.23059730818391647
25754,54,0.28823451230818514
27093,54,0.4946511478445012
803,54,0.81452440316317
6121,54,0.19008412935686012
8061,54,0.09281645100157679
15875,54,0.21487863183170386
25760,54,0.2662698913248778
305,54,0.9635989729191111
8065,54,0.07439529078559584
15880,54,0.20059134807730344
26316,54,0.27244917823351733
26733,54,0.43078338540616873
259,54,0.9974673403291248
8289,54,0.057469263270290456
17944,54,0.18994520371708418
26321,54,0.3009951775129039
27108,54,0.3945556354963836
266,54,1.109144771881305
1236,54,0.8444096301363749
8075,54,0.11929653382528742
9166,54,0.09764990623053142
270,54,1.1230804370320986
823,54,1.027851788164544
11283,54,0.14848907516814105
17953,54,0.1853019784961456
18794,54,0.16283217927626004
113,54,1.178495899393294
616,54,1.0893198063726264
827,54,1.0901539952312973
1245,54,1.0130126613239563
11287,54,0.07331398719463328
17958,54,0.2019979031761217
18799,54,0.18709913383825919
27608,54,0.8319758175086472
11706,54,0.12094831280834739
19654,54,0.1767551998761061
27674,54,0.8515406423373312
44,54,1.3287739369829374
11711,54,0.05742414771078975
27313,54,0.4743725462502264
27723,54,0.6045215058378914
16,54,1.376753960943124
9190,54,0.25114923383462173
12334,54,0.07114254146395564
27468,54,0.5021056468274262
27795,54,0.6355625621316794
7,54,1.3964325732523215
103,54,1.2983599877473628
508,54,0.8905410881703307
847,54,0.736833778148085
1733,54,0.608886142975854
12339,54,0.08945184833924913
19884,54,0.16861135273304376
2,54,1.4420563522865484
108,54,1.2212081747144368
1738,54,0.5530098435212293
3208,54,0.3342132798880532
13322,54,0.058322779579290135
14115,54,0.17066368267263504
22231,54,0.3767199148986629
27381,54,0.47382841551022586
27633,54,0.3360140037848162
6,54,1.3484375957769494
112,54,1.1578222889680343
258,54,1.0792039722990192
1275,54,1.0469360784413808
2541,54,0.46195292608937527
3213,54,0.3966715328334691
12349,54,0.08949167567749429
13326,54,0.10076001934246014
17988,54,0.34614373117352104
22025,54,0.3409573696974376
27152,54,0.398021083237828
27436,54,0.5456747965495459
27638,54,0.47151067801471125
11322,54,0.22157480279960431
15732,54,0.17960609577666653
17993,54,0.3615222583341624
18834,54,0.34017257162349934
22031,54,0.34570044399113936
23079,54,0.47146076335430015
27440,54,0.4434081395866706
27607,54,0.7866740099244478
2390,54,0.5776701168290554
11119,54,0.2702276405297521
14130,54,0.14669354461624953
15737,54,0.08686651653419232
19904,54,0.28336438200999653
22036,54,0.41944952898297766
24084,54,0.48735760198427786
27869,54,0.9972758030759294
2394,54,0.5696614075091587
4127,54,0.35298453503743604
13341,54,0.1040058142583864
24957,54,0.6437367386149075
3230,54,0.7230565237201474
3235,54,0.13514474153794345
5140,54,0.203809355094415
7058,54,0.2152938364808117
18013,54,0.07552124936093485
23099,54,0.23968057539280774
3239,54,0.18227640994393343
4141,54,0.14332534326380209
20996,54,0.13476609821987898
25487,54,0.28400630164023083
2557,54,1.1714854383038202
3244,54,0.046014941338282926
4146,54,0.1462262710833332
4941,54,0.1313572280070481
7283,54,0.21210925935604102
18022,54,0.1417467906755345
19928,54,0.0769717160426224
21002,54,0.047869035451839834
22060,54,0.2145984560018014
24976,54,0.31340951202710854
2396,54,1.0533563944675783
3250,54,0.04974787428106764
5154,54,0.14506041479238185
9244,54,0.22338712131608598
18027,54,0.24367174053310198
18867,54,0.11550174988245286
22065,54,0.16427443693138394
25659,54,0.27625158877272066
2401,54,0.9460128462147782
6219,54,0.18455698261155393
7077,54,0.2010265048610176
9249,54,0.22697239500351032
10319,54,0.2369731580627975
15973,54,0.030801742479870234
16996,54,0.12235136060053856
18872,54,0.10064811976686645
19938,54,0.09542200533947733
22071,54,0.053198925119008686
2406,54,0.38431083676042654
3259,54,0.13668544737132582
6224,54,0.17619139687721622
7082,54,0.23047542169044224
18037,54,0.15490123577254616
18877,54,0.14516940887438845
19944,54,0.051223555993272885
21016,54,0.06571797152591276
22075,54,0.022457831107755125
23123,54,0.12827972926926468
24991,54,0.27107688104377037
2411,54,0.1828609034798905
3089,54,0.13762512051073714
4166,54,0.14873974182596023
8169,54,0.22925911362568147
10538,54,0.2428462272463938
11371,54,0.28984142112471617
18882,54,0.09411367688296425
21021,54,0.043626362356347405
23337,54,0.14275956643342838
3269,54,0.09139778500522708
6234,54,0.2148106260474559
9264,54,0.26228763171473596
13200,54,0.35605351142771086
14984,54,0.27259194847858065
15988,54,0.41041505422358654
17011,54,0.20478897860735606
22085,54,0.0487315534207353
24133,54,0.2059214448941709
6239,54,0.19548034838505868
14989,54,0.22987635022571676
15791,54,0.5144746885272711
18052,54,0.21201807525776814
25006,54,0.34731508986354237
25831,54,0.9203903447457688
1962,54,1.7956862706706398
2426,54,0.2696255287877752
5184,54,0.2539154425456553
11385,54,0.29568059148732306
18897,54,0.2859474350180062
19963,54,0.18561677957890024
23143,54,0.16170907885430452
25011,54,0.37517194146663196
3284,54,0.2899588906129762
4186,54,0.26833751182066873
7107,54,0.268271260114851
8189,54,0.3193398415368447
14998,54,0.5298686483635007
22100,54,0.3194726405620061
23148,54,0.162157726550944
24148,54,0.3508743196790032
1845,54,1.0405956905239668
2436,54,0.3896501098738807
4190,54,0.23754064400918073
4985,54,0.2735955407619494
8413,54,0.43262508909048675
10354,54,0.4056964117942748
15003,54,0.5960952551249556
21046,54,0.23732670378138782
23153,54,0.4550735775329266
25846,54,0.4269553337613984
2441,54,0.4602909042360531
3119,54,0.4104219695837795
7117,54,0.43939070653477796
8199,54,0.3747100476507207
13388,54,0.5118631151952973
15008,54,0.5808406127344298
18072,54,0.9671672488239469
18912,54,1.2668101312873887
22110,54,0.6319576752854751
24158,54,0.3875408172664611
1741,54,1.0257037644711398
2446,54,0.49063520675458905
4200,54,0.5158313069287225
8203,54,0.49878756446428263
9294,54,0.49094333687870323
10364,54,0.534176091370527
12438,54,0.5316432385800994
13393,54,0.5035945500165795
15013,54,0.7469181175842166
18077,54,0.8175001123129036
22115,54,0.8950673903421118
23163,54,0.5318563569883403
25031,54,0.5764604426743392
25856,54,0.6664092675010661
27857,54,2.1862879819264496
3303,54,2.2348130775107022
5208,54,0.5473291101462918
6269,54,0.8336870797059434
7126,54,0.6244582604644193
8209,54,1.363200039729415
9298,54,0.6446843127704459
10368,54,0.5658092213413929
11410,54,0.5696961979675101
27967,54,0.6555483403110833
27981,54,0.6159273993483629
28051,54,2.012495393550485
16225,54,0.9890125959001044
17045,54,0.8072838001793556
18921,54,1.1426872495794724
21060,54,1.1598664468208364
23166,54,0.945161013540894
24166,54,0.7102651824589473
25035,54,0.6787328699401631
25860,54,0.7204353507323482
27918,55,0.019336873179068167
8211,55,0.020935293254762642
9083,55,0.02213733226859177
28125,55,0.021240150254505544
20418,55,0.02182714541637174
5210,55,0.012406537429348692
6057,55,0.01260780710922024
7130,55,0.013825956080086467
7997,55,0.013969868798594914
9087,55,0.017286324376082206
9948,55,0.01766764728456725
18291,55,0.024606703381565773
18922,55,0.024984981860092344
19776,55,0.02481863388317981
20849,55,0.02348507497865398
21908,55,0.02668080377170746
22958,55,0.03469508956539178
3482,55,0.01234686004943103
4019,55,0.016687924114463917
4798,55,0.011776934436411758
5849,55,0.012030108040256858
7136,55,0.013209988846525857
8002,55,0.014132341193779721
9092,55,0.01699988339205875
10161,55,0.01783077256106573
11204,55,0.022122428835167733
12238,55,0.022301541933018833
16840,55,0.01956488427375671
17874,55,0.019365918377041456
18716,55,0.025330874151305947
19565,55,0.02522995012896068
20854,55,0.022872170995134243
21913,55,0.024965296367174553
2451,55,0.01820713460336239
3131,55,0.010355834374245488
4023,55,0.009510735899811548
5007,55,0.007737566959087768
5853,55,0.00846435761107977
6925,55,0.014630705002429821
9097,55,0.02081715802858033
10167,55,0.021288610095337106
11209,55,0.022614848909670988
12241,55,0.022888746633004643
13218,55,0.022722946792018216
14012,55,0.0226122962451216
16843,55,0.021353245707714755
1745,55,0.01083104256601669
2293,55,0.009284025479950154
3135,55,0.027465244785686526
4028,55,0.06413008831683262
27900,55,0.012739396307447979
7146,55,0.06515667127483558
8012,55,0.02328864520822063
15826,55,0.10085688880854021
1645,55,0.042537176074747426
3141,55,0.014438971211981977
7150,55,0.03196690129137604
9111,55,0.1336804560749972
1279,55,0.22685092527195316
12260,55,0.18057269498572026
13237,55,0.17862249950857592
14836,55,0.049323823486069535
21937,55,0.3291941342531756
1191,55,0.2645957744910196
3155,55,0.10543873355798947
4048,55,0.1014256291409461
5032,55,0.17138837246679214
10193,55,0.17648270254416837
11233,55,0.18113663211999156
28017,55,0.1769436148898463
17904,55,0.24388567421150167
18744,55,0.4578235330834865
4833,55,0.15634148216090749
20888,55,0.43988262317983795
22995,55,0.21830452260330627
861,55,0.47176656095219827
13253,55,0.21477590566089672
23000,55,0.3055829687702535
24016,55,0.2071370160621725
788,55,0.5350691799754765
24021,55,0.2878520579811833
582,55,0.6760167604111476
794,55,0.5301700222277098
15865,55,0.18691558255569393
24026,55,0.28088802509802624
25078,55,0.23278982294601336
25750,55,0.33483773697070546
520,55,0.7091534553921809
797,55,0.6047250695458476
6116,55,0.24408659330112123
6974,55,0.20785489111925737
15870,55,0.21391476696492365
25754,55,0.308379494346305
27093,55,0.47843996013803475
803,55,0.7005418940059973
8061,55,0.23855436815794479
15875,55,0.2127459100809235
25760,55,0.2775922648698684
305,55,0.8395407655993699
808,55,0.8363682679542978
8065,55,0.2934357949376329
15880,55,0.20593678132986218
16903,55,0.23479396222959936
26316,55,0.4014848652339898
26733,55,0.46193489693605644
259,55,0.8794190480641475
8289,55,0.28080355422674497
9161,55,0.17479879455817204
17944,55,0.2792578994031247
26321,55,0.42053218220789435
27108,55,0.5796234436299804
266,55,0.9775421939786141
8075,55,0.20539365255274605
270,55,1.0001572473772946
823,55,0.9723374975100822
11283,55,0.09041657818581703
17953,55,0.262482593614077
113,55,1.080070067637665
616,55,1.009352423780079
827,55,1.0158908356100198
1245,55,0.8569458518293128
11287,55,0.11676340224982067
17958,55,0.26748459011455383
18799,55,0.27464255223604916
27608,55,0.9523019157327186
234,55,1.0593650564222827
11706,55,0.08841699579552494
19654,55,0.34195064566080846
27674,55,1.03461832718026
44,55,1.2364292396950758
560,55,1.1170835661076137
838,55,1.0464663736706021
11711,55,0.09462816567441043
27313,55,0.41265577892985605
27723,55,0.623385452640099
16,55,1.3230347176069435
131,55,1.196529068267139
9190,55,0.26781783092556644
12334,55,0.04856213718296563
13312,55,0.15080115251386583
27468,55,0.39972162185645604
27795,55,0.5458372893364742
7,55,1.3722731735611906
103,55,1.250156604967397
508,55,1.0154441559718914
847,55,0.8562569693007527
1733,55,0.5435051724459798
12339,55,0.0421981363444446
19884,55,0.23751155535397445
27628,55,0.3019012103909215
27732,55,0.30535691111632407
2,55,1.4146737649804302
108,55,1.3221292764261772
1738,55,0.5126786996859133
3208,55,0.08346954535418734
13322,55,0.050796081569048676
14115,55,0.05207270783802729
22231,55,0.4064219606184874
27381,55,0.32591080170295966
27633,55,0.26182746674456153
6,55,1.4457225577026493
112,55,1.1563669171171505
258,55,1.0782261853748782
1275,55,1.009946196404921
2541,55,0.40095416572476666
3213,55,0.17708072250295018
12349,55,0.15825043740489628
13326,55,0.09278893206164317
17988,55,0.119803446424989
22025,55,0.4811483903663986
27436,55,0.30565523292031027
27638,55,0.27911073826633537
11322,55,0.13546331331499992
17993,55,0.17103207060406808
18834,55,0.16999392841435076
22031,55,0.3707832877263864
23079,55,0.38717676950550856
27607,55,0.5842425221500241
2390,55,0.3928862580605569
11119,55,0.18337800031457754
12359,55,0.22068475571725094
14130,55,0.28977447728521577
15737,55,0.2887586868894467
19904,55,0.10432343338136793
22036,55,0.22307063722677148
27869,55,0.9915013850335879
4127,55,0.17726226363812012
13341,55,0.499686289899712
14940,55,0.7721280837522232
24957,55,0.4489260279248233
3230,55,0.062994357871908
5134,55,0.22496559252216336
24094,55,0.566270444392523
3235,55,0.37331699551927505
5140,55,0.4481140334695162
7058,55,0.4927736358322485
16977,55,0.6931298401685843
18013,55,0.6672952841542518
23099,55,0.5169604970805558
3239,55,0.28805320091272785
4141,55,0.36529530025323526
5992,55,0.38205768890260644
15958,55,0.7158135349727618
20996,55,0.546295093083823
25487,55,0.2263017423630283
2557,55,1.2053314082364521
3244,55,0.3922348873233156
4146,55,0.29628528356762285
4941,55,0.37312322478678256
7283,55,0.38117955473973286
18022,55,0.9092446471967838
19928,55,0.745800737926792
21002,55,0.6707871702968399
24976,55,0.6121207177293676
2396,55,1.2273933290329126
9244,55,0.37846815762165353
18027,55,0.8182659859011562
18867,55,0.8890166603953855
22065,55,0.8993670433760388
2401,55,1.0074474508167657
3254,55,0.3494155870659588
6219,55,0.3316006370460186
7077,55,0.3825661747808103
9249,55,0.43369146609292053
10319,55,0.3855948028036948
15973,55,0.5983363297441808
16996,55,0.6629526833153493
18872,55,0.8507294531079961
19938,55,0.905466808244974
22071,55,0.9789285385970301
2406,55,0.8305925170123704
3259,55,0.4173600151162071
6224,55,0.24761291747960604
7082,55,0.2824786088309304
18037,55,0.8958013119831365
18877,55,0.9506404611292344
19944,55,0.9338172672417316
21016,55,0.9757839741418429
22075,55,0.9423622123979714
24991,55,0.5579016522020328
2411,55,0.2428629340784843
3089,55,0.32533318013463014
4166,55,0.4105053140610191
8169,55,0.28037074510540716
10538,55,0.3764231170260648
11371,55,0.3362371721136183
21021,55,0.9188800022363208
23337,55,0.9455346437440818
2416,55,0.18455821687420285
3269,55,0.380106386002367
6234,55,0.35335657007292115
9264,55,0.23117043581574745
13200,55,0.4322880377834354
14984,55,0.3859958004861409
15988,55,0.3542337037601658
17011,55,0.45453826050039414
19953,55,0.8516958858135973
22085,55,0.8440696257694167
5179,55,0.37431013528057694
6239,55,0.28841816482916494
8179,55,0.24320157321091274
14989,55,0.3499034671548943
15791,55,0.3794853279294185
18052,55,0.29872739534741366
23138,55,0.8557064701219973
25006,55,0.6167738356408077
25831,55,0.34601130163913324
1962,55,1.7700699806835716
2426,55,0.48876830964310697
6244,55,0.2591983061400666
8401,55,0.17891564718518402
9274,55,0.16095276921607737
11385,55,0.306961938545799
23143,55,0.6968818925166733
1967,55,1.5247557605148574
2431,55,0.517674520784039
3284,55,0.4232273636261328
4186,55,0.3396426747035681
7107,55,0.24536641648002
8189,55,0.2246030115273433
14998,55,0.4378529677346334
22100,55,0.5826711377033819
23148,55,0.6174413313454291
24148,55,0.6126395460880396
25016,55,0.46278042788421314
1845,55,1.6097937478989481
4190,55,0.3944061202475291
4985,55,0.345035642363365
8413,55,0.188489036347508
9502,55,0.11591520496247441
10354,55,0.10112497554287758
21046,55,0.38095339319539506
23153,55,0.4340234432457547
25846,55,0.2390696839057085
2441,55,0.5385668133638283
3119,55,0.4539888948319602
7117,55,0.28055950747678365
8199,55,0.18202559903532645
12433,55,0.16791726111536706
13388,55,0.1362983049772699
15008,55,0.26386869409141733
18912,55,1.1364086938641753
22110,55,0.5291867425085045
24158,55,0.3197242525179826
1741,55,0.28985430024523523
2446,55,0.5339019155079465
4200,55,0.37385386786444536
8203,55,0.18609279069849974
9294,55,0.12474214914477905
10364,55,0.09833580696721796
13393,55,0.14915015666891537
15013,55,0.2959528990530059
18077,55,0.3501526845366478
18917,55,0.37144336873461425
22115,55,0.6214794074358253
23163,55,0.7014686427923931
25031,55,0.11742861153031384
25856,55,0.04768766392350134
27857,55,2.0887274693989086
3303,55,1.6905131880488502
5208,55,0.3699447499122448
6269,55,0.31443389214030926
7126,55,0.2956764613107478
8209,55,0.44897221036215174
9298,55,0.19803083004437844
11410,55,0.0734895609749934
27967,55,0.04084217896750906
27981,55,0.1534719226863228
28051,55,2.082735169724724
16225,55,0.6742312466809455
17045,55,0.7518110016218489
19987,55,0.2970474222624751
21060,55,0.1458479174638375
23166,55,0.6746010725444398
25035,55,0.13466858560129089
25860,55,0.04913908388448132
27918,56,0.030855039825060042
8211,56,0.03358386620571785
9083,56,0.02820350301620989
28125,56,0.02158166631930503
20418,56,0.024913414779122803
5210,56,0.03861211878168725
6057,56,0.03946634597840216
7130,56,0.02870185256175599
7997,56,0.029641024152959196
9087,56,0.02234175180148111
9948,56,0.020261397240453102
18291,56,0.01676211044481239
18922,56,0.018402728573318476
19776,56,0.019796834055336634
20849,56,0.027266941286808507
21908,56,0.024503530522617913
22958,56,0.027472568114679567
3482,56,0.030197019465522033
4019,56,0.03398520889981517
4798,56,0.035811967102223674
5849,56,0.03685002617600352
7136,56,0.030099625856689665
8002,56,0.031439401757201585
9092,56,0.02399549346043204
10161,56,0.022087251838133048
11204,56,0.016825577494373724
12238,56,0.01841337314404271
16840,56,0.016823744934840717
17874,56,0.016269330767194716
18716,56,0.0177907023445187
19565,56,0.019361820076894375
20854,56,0.027971887087634
21913,56,0.030448993973809693
2451,56,0.029724887563886145
3131,56,0.028438604439971656
4023,56,0.02683475609729224
5007,56,0.024358071251661218
5853,56,0.024387123289266198
6925,56,0.026295695984139233
9097,56,0.027858500517809595
10167,56,0.027877650929693545
11209,56,0.022019689954454566
12241,56,0.018299138757335423
13218,56,0.012054355233356111
14012,56,0.010817874625240895
16843,56,0.014251380801710959
1745,56,0.06917923368379746
2293,56,0.058098878994299316
3135,56,0.05166983189379568
4028,56,0.03631044034680654
27900,56,0.021765999349843742
7146,56,0.023912152743206502
8012,56,0.02516112822985982
1645,56,0.08583251581378004
3141,56,0.03567536154410174
7150,56,0.01899298602208054
9111,56,0.04867588279844006
12255,56,0.06467573485601867
1279,56,0.193557625309618
13237,56,0.10823231728867218
14836,56,0.038962151430724457
17899,56,0.40962638171053906
21937,56,0.3684789132481377
1191,56,0.2315733767806934
3155,56,0.05228665876274801
5032,56,0.11286180256672476
10193,56,0.11313566477019002
11233,56,0.04683123431232237
28017,56,0.04877521514889375
18744,56,0.37052524258501757
4833,56,0.12868019868604702
6096,56,0.06675225919851459
18749,56,0.21431382395890675
20888,56,0.23609686620995818
861,56,0.3973738989967307
23000,56,0.22589399978235475
24016,56,0.23548092489712824
788,56,0.4452747041662509
24021,56,0.2615372606433782
582,56,0.6069704554450707
794,56,0.2668207046115731
15865,56,0.09577000686751262
797,56,0.33966956387948394
6116,56,0.17808097462790404
6974,56,0.2929008816578694
15870,56,0.11803117525067482
24914,56,0.216785031339331
25754,56,0.25152023801806117
27093,56,0.4884687552207333
803,56,0.45402212174231044
8061,56,0.264452756610515
15875,56,0.1292896320870242
25760,56,0.3511009957388483
305,56,0.8397069682198094
808,56,0.5572913420630606
8065,56,0.2634213461502455
15880,56,0.1439604998858778
26316,56,0.3778568421484742
26733,56,0.5482258128353539
259,56,0.8783119958751038
812,56,0.6187072182789174
6988,56,0.2660528665874488
8289,56,0.24639146957429042
9161,56,0.29111182656363765
17944,56,0.11203525260474878
26321,56,0.3573493468737424
27108,56,0.46599817518249226
266,56,0.9965767680228793
479,56,0.9056576055063444
8075,56,0.1846991475338056
17949,56,0.1380862845612213
270,56,0.8784563307471543
823,56,0.71173462696336
10449,56,0.19521945254534134
11283,56,0.06915058908335844
17953,56,0.11536064245880057
113,56,1.113212974274099
616,56,0.8453573673033724
827,56,0.8091324333397261
8302,56,0.08308490468692194
10246,56,0.21423591290101518
11287,56,0.14822795869417574
17958,56,0.1751000379772269
18799,56,0.21368692092889602
27608,56,1.0982969502009525
234,56,0.8685220333218705
11706,56,0.19209402479536625
13301,56,0.1108780180008708
19654,56,0.15003423048904216
27411,56,0.17646191509403633
27674,56,1.000245829850535
44,56,1.0531528604909133
560,56,0.8590500462232306
838,56,0.8390072466651246
11711,56,0.10268370604911485
27313,56,0.1803505348205188
27723,56,0.32015174921188544
16,56,1.2721272136639719
9190,56,0.051421783572432364
12334,56,0.09652731237747016
13312,56,0.05150261059167724
27795,56,0.1194466047038102
7,56,1.2867392957918757
103,56,0.9049215040655537
248,56,0.8174669258900873
508,56,0.6869583414409107
847,56,0.612716721471442
12339,56,0.11713589422900773
19884,56,0.13044222918665976
27628,56,0.2976688383804431
2,56,1.2722128588258952
108,56,0.9622947982856537
1738,56,0.2798518749130869
3208,56,0.05748082649174887
13322,56,0.16999466929078752
14115,56,0.12715878581780615
22231,56,0.3051481922792643
27381,56,0.3953499235844663
27633,56,0.3727913581723627
6,56,1.4085774950490466
112,56,1.2112143640018502
258,56,1.1063720220137252
1275,56,1.0129883520568692
2541,56,0.15566691202861618
3213,56,0.08433014232705606
13326,56,0.28493483821851123
17988,56,0.1660431414924307
21180,56,0.15131843374189718
22025,56,0.3067047145000584
27436,56,0.3973665945223131
27638,56,0.42004126891750065
11322,56,0.1947372606081204
17993,56,0.2280373506561616
18834,56,0.12376060143223377
22031,56,0.18229275926893715
23079,56,0.2980883989539954
27607,56,0.38844284376113475
2390,56,0.3466559438400254
4122,56,0.15990979400012603
14130,56,0.31026325465858184
15737,56,0.32503404142946785
19904,56,0.06115071598551742
22036,56,0.08325245986743007
27869,56,0.8702681288629348
4127,56,0.18554548194887996
13341,56,0.436882941563957
14940,56,0.5541884812032689
15944,56,0.3416499885285059
24957,56,0.35407331980062956
3230,56,0.36102591714325905
5134,56,0.2217014065904029
23094,56,0.1635092440785611
3235,56,0.11255206060267035
5140,56,0.23766108855404977
7058,56,0.27444862675273607
16977,56,0.5460116684982359
18013,56,0.49764255258453904
23099,56,0.39573702565210594
3239,56,0.13031700545455818
4141,56,0.20971017903160513
5992,56,0.3034642613763832
15958,56,0.5250913633254066
20996,56,0.33204130493554934
25487,56,0.3083506750257982
2557,56,0.76582085602539
3244,56,0.13643564857920482
4146,56,0.1848340336413838
4941,56,0.2544232400905654
7283,56,0.25771753573559547
18022,56,0.5069626958952939
19928,56,0.4863341442113572
21002,56,0.3201751824524368
24976,56,0.4758670738308634
2396,56,0.9520838918122116
9244,56,0.3249245323379194
18027,56,0.5621503084441148
22065,56,0.5113635034372784
2401,56,0.7544092104713668
3254,56,0.1388995372767296
6219,56,0.25542611935368065
9249,56,0.24968475103307133
10319,56,0.27221727337555024
15973,56,0.16621525937100182
16996,56,0.32371832387537064
18872,56,0.37804434326330427
19938,56,0.41831281188243147
22071,56,0.5501096945310973
25819,56,0.3857051952009354
2406,56,1.0815836400592231
3259,56,0.11394182503594798
6224,56,0.24527025948505424
7082,56,0.23885542001056395
18037,56,0.2301594023319542
19944,56,0.41817146754691353
21016,56,0.38705309023297046
22075,56,0.5299346356099476
24991,56,0.33377374126648146
2411,56,0.7054862829302263
3089,56,0.16015511419602743
4166,56,0.1791369693213784
8169,56,0.2754375874506289
10538,56,0.20459406503587646
11371,56,0.2786786037819851
12403,56,0.31392828483584506
21021,56,0.31561159083302837
23337,56,0.38859196243866945
24128,56,0.5536080278272207
3269,56,0.10105442322406678
6234,56,0.1756976751651246
9264,56,0.23800123774390147
13200,56,0.37252187839830186
14984,56,0.24752007740452173
15988,56,0.5266071247289414
19953,56,0.18696987699592346
22085,56,0.25281324776037245
25826,56,0.2993998494029514
2421,56,0.5075440037615506
6239,56,0.18542329555051346
9487,56,0.24414809006227045
18052,56,0.451150347671558
23138,56,0.084049091606204
25006,56,0.28409109861146015
25831,56,0.3652134760871515
1962,56,1.6505395461796721
2426,56,0.21726750179057583
6244,56,0.22233917568037784
8401,56,0.2647076717632704
9274,56,0.23582387483891284
10344,56,0.22881874000587688
11385,56,0.27036139502140893
14993,56,0.25212762132299693
21036,56,0.10485295025922496
23143,56,0.10211816030315235
1967,56,1.496788794841362
2431,56,0.22058700619778646
4186,56,0.11003486391419728
5189,56,0.114679821348182
7107,56,0.21423535965260496
8189,56,0.22442453430220402
14998,56,0.3072229967805871
22100,56,0.06301221597618747
24148,56,0.11978297241861424
25016,56,0.23137154731868856
1845,56,1.7363275726237748
4190,56,0.06403936943865297
4985,56,0.09880705903607555
9502,56,0.1826254702625464
10354,56,0.2143162664065735
21046,56,0.20814265175230046
23153,56,0.21393433930139083
25846,56,0.26488069421492494
2441,56,0.22341296442575984
3119,56,0.14953433522256612
7117,56,0.1208875938798222
8199,56,0.11755433692928309
12433,56,0.3196654661854903
13388,56,0.33694781297992504
15008,56,0.3723521249195894
16013,56,0.4350197824049597
17036,56,0.6196393906263739
18912,56,0.6589824454521276
23158,56,0.10094810427939209
24158,56,0.18071953114036765
2446,56,0.21642424480554417
3298,56,0.12000040698182271
4200,56,0.07026051398173454
8203,56,0.11917711863597416
9294,56,0.17366323042819806
10364,56,0.20609985336903588
13393,56,0.23082161535046525
15013,56,0.2326666635737543
18077,56,0.34687564394073206
18917,56,0.28069048164218785
22115,56,0.14373939584968937
23163,56,0.16545027807922313
25031,56,0.1882975152603391
25856,56,0.3278032007866341
27857,56,1.88871163739811
3303,56,2.01869234293831
5208,56,0.14790511538321427
6269,56,0.3744861947140231
7126,56,0.18983677519348255
8209,56,0.7561147442747999
9298,56,0.3101796645257164
11410,56,0.17032418729319998
27967,56,0.19745186800372053
27981,56,0.24134631586188107
28051,56,0.677251801170589
16225,56,0.7195157181738451
17045,56,1.0593634751393062
19987,56,0.40346247993562145
21060,56,0.3185158310822212
27918,57,0.032588118083837374
8211,57,0.03574652684960763
9083,57,0.031840249126599225
28125,57,0.025853504206819453
20418,57,0.028514595686902462
5210,57,0.034522541445074134
6057,57,0.03386849930655155
7130,57,0.03167193298897259
7997,57,0.03247893095165245
9087,57,0.026866877796077524
9948,57,0.025211370172738383
18291,57,0.025212086011126966
18922,57,0.027985060577269367
19776,57,0.029259071883351508
20849,57,0.03780342740563402
21908,57,0.039666125687305556
22958,57,0.052360952767119065
3482,57,0.03343756988021344
4019,57,0.04027875833842309
4798,57,0.03454777523803891
5849,57,0.032715602261793195
7136,57,0.03351209072563015
8002,57,0.03459174136811562
9092,57,0.028617151355091883
10161,57,0.026529274189240344
11204,57,0.02036307050742093
12238,57,0.023625563112675354
16840,57,0.020522047103409248
17874,57,0.019766946388818478
18716,57,0.030595725225539196
19565,57,0.03136485960161848
20854,57,0.039547152412255676
21913,57,0.04534676562509185
2451,57,0.024659105031496577
3131,57,0.05567257293350847
4023,57,0.03159424456952755
5007,57,0.0240194288599
5853,57,0.0238503937838447
6925,57,0.03125592899868865
9097,57,0.03317969956882098
10167,57,0.033661171273827235
11209,57,0.028830205273728052
12241,57,0.025389439473346365
13218,57,0.018122520965169187
14012,57,0.017478822934170368
16843,57,0.025009256393463058
1745,57,0.048697409333677534
2293,57,0.023922223446946594
3135,57,0.025608279807148603
4028,57,0.09736728193640881
27900,57,0.025587597089874584
7146,57,0.0989913262477999
8012,57,0.03155439797430381
1645,57,0.049046173514375686
3141,57,0.02034669508447979
7150,57,0.030554427197645912
9111,57,0.11959425659226765
12255,57,0.17601848844387422
1279,57,0.23508397555754454
4042,57,0.07455178345734764
13237,57,0.11780108538665672
14836,57,0.13022428060643132
17899,57,0.19098574570689866
21937,57,0.2526859822930646
1191,57,0.24045247852061416
3155,57,0.1137158828596951
5032,57,0.21886211752389875
10193,57,0.1261259892395525
11233,57,0.07452144533560752
28017,57,0.11849133257281394
18744,57,0.12886955425867755
4833,57,0.17884976670111316
6096,57,0.15912611261910606
18749,57,0.17083702851075339
20888,57,0.16698679471882216
861,57,0.4476089186132464
788,57,0.5212386086915067
14052,57,0.14858056049796536
24021,57,0.26035334095052154
582,57,0.6010031934372397
794,57,0.2368524671159148
15865,57,0.1825080434376405
797,57,0.31385582182169225
6974,57,0.32286694062049637
15870,57,0.1844579063329585
24914,57,0.3347713940211609
25754,57,0.3366784414124736
27093,57,0.541347152023268
803,57,0.3922981531169955
6121,57,0.03018156999070733
8061,57,0.3688440915266791
15875,57,0.2349675607927588
25760,57,0.30696167059065554
305,57,0.8468137519322225
8065,57,0.30009459568446883
15880,57,0.21992729090180685
26316,57,0.4047054270471127
26733,57,0.4224694172752041
259,57,0.8533260256288284
812,57,0.3764500671743887
6988,57,0.07066347366228332
8289,57,0.3419275744612035
9161,57,0.42526692287038464
17944,57,0.24421358628995918
27108,57,0.46062305262761555
266,57,0.803053453417696
479,57,0.6863277807555341
8075,57,0.20681665901890053
17949,57,0.24066078926975276
270,57,0.7079914476893443
10449,57,0.34734673740737465
11283,57,0.11030876194804741
17953,57,0.23215088940360784
113,57,1.029454110242793
616,57,0.5577338265032704
827,57,0.4438651879267898
10246,57,0.41327485285320487
11287,57,0.2651715016468608
17958,57,0.2588937925618125
18799,57,0.22984877210078353
26753,57,0.34441381243774205
27608,57,1.04107445118185
234,57,0.8210201236414502
11706,57,0.3501417009550799
12324,57,0.22136646248865655
13301,57,0.10333100086332822
19654,57,0.3142981052259842
27674,57,0.6995780164238891
44,57,1.1969323628400061
11711,57,0.37623930709304576
27313,57,0.2807258469492581
27723,57,0.34360385289991563
16,57,1.3060847693368045
768,57,0.5250801914665915
9190,57,0.046199565574198055
12334,57,0.2825803574701519
13312,57,0.11987223291619786
27623,57,0.2559052475767262
27795,57,0.14452134065851477
7,57,1.3560982851785766
103,57,1.118118188266514
248,57,0.905614939834874
508,57,0.6166905365165534
847,57,0.45565355942248453
12339,57,0.3504381362821487
19884,57,0.18402281814364166
2,57,1.412159099869024
108,57,1.2210317539748459
1738,57,0.20811020657670823
3208,57,0.11391134165077513
12344,57,0.24816157515105863
13322,57,0.3225704634170498
14115,57,0.2660083644127441
22231,57,0.3220249413776674
27381,57,0.3459707711101435
27633,57,0.2637151257872414
6,57,1.4744064569987472
112,57,1.1602443550149737
258,57,1.0603378059216932
1275,57,0.8986509499730926
2541,57,0.1065209849419884
13326,57,0.39316320795387577
17988,57,0.1163026349812868
21180,57,0.17511012821654381
22025,57,0.2773327124861214
27436,57,0.4918138041117437
27638,57,0.29894909640791995
11322,57,0.0940155968821055
15732,57,0.4419509802169547
17993,57,0.1744264397937028
18834,57,0.16435011593486418
22031,57,0.15536795105954115
23079,57,0.2762204790216058
27607,57,0.32676805562638356
1841,57,0.6854437894483718
2390,57,0.2512456911539802
14130,57,0.7054973392756683
15737,57,0.5303727756395139
19904,57,0.0959349463730504
22036,57,0.21005651471247186
27869,57,0.9105234746359597
2394,57,0.3147366778499595
4127,57,0.3448389886939722
13341,57,0.8555536034547455
14940,57,0.8671470678319134
15944,57,0.32284072071765796
24957,57,0.45947671895697756
3230,57,0.5005821729514106
23094,57,0.2891293049578698
3235,57,0.34838211938732877
5140,57,0.40455668558384217
7058,57,0.368003353248329
16977,57,0.45660264469823725
18013,57,0.45985586515610577
23099,57,0.2009297892149429
4141,57,0.3081117080575731
5992,57,0.38604984346222815
15958,57,0.40872791530117947
20996,57,0.32121569092856384
25487,57,0.20113137236106707
2557,57,0.25584853707271776
3244,57,0.3205738703272467
4146,57,0.3627294108827736
4941,57,0.34372994911800153
7283,57,0.3810693603066365
18022,57,0.4265007947896003
19928,57,0.3064080588970297
21002,57,0.3089941274665081
24976,57,0.606647976709629
2396,57,0.4332925344686349
9244,57,0.28808031974254006
11356,57,0.24845866899252492
18027,57,0.4056780557561175
22065,57,0.43909664666652404
6219,57,0.333323288547876
9249,57,0.252426133629134
10319,57,0.2856183064762882
15973,57,0.21944560818245512
16996,57,0.3009320514386313
18872,57,0.2597458607287802
19938,57,0.26253971689001465
22071,57,0.2471490369624805
25819,57,0.4846325756915183
2406,57,0.155121636406526
3259,57,0.2801433599416761
6224,57,0.3044139422588895
7082,57,0.27120625675589527
18037,57,0.26846631690752176
19944,57,0.2734131382793551
21016,57,0.23553976285053607
22075,57,0.21451344810519432
23123,57,0.4592188272727128
24991,57,0.628487086037726
2411,57,0.10366933889508947
3089,57,0.3040927235645866
4166,57,0.23977844656353375
5169,57,0.317925019571409
7087,57,0.23874874019919573
8169,57,0.2625617275914529
10538,57,0.29121969488457405
11371,57,0.2427505018310265
18882,57,0.2964736748123414
21021,57,0.22123539779839702
23337,57,0.33660786171116336
6234,57,0.31396407275020805
9264,57,0.28555940532208707
13200,57,0.16794823950551266
15988,57,0.13135929246122283
18887,57,0.23230773914603808
19953,57,0.19759030047140655
22085,57,0.18883609404744334
7097,57,0.3324700098056601
23138,57,0.16699318905431312
1962,57,1.6092757408156024
2426,57,0.23631575032651533
6244,57,0.18661432001129014
11385,57,0.3029943695423458
14993,57,0.25577165986949024
22095,57,0.20484680464076835
23143,57,0.1867203141111692
25011,57,0.2532970329412654
4186,57,0.1951717274139885
5189,57,0.17457179289577862
7107,57,0.19797854668880427
8189,57,0.3103887992485691
14998,57,0.1936435833473987
22100,57,0.16171656201606732
24148,57,0.1526128174637359
25016,57,0.17686615617936413
1845,57,0.5260564308785736
4190,57,0.23957557638774543
9502,57,0.33033668588952086
10354,57,0.3302649253336789
21046,57,0.18029783171819913
23153,57,0.19304476113678198
25846,57,0.11973613154029687
2441,57,0.21216745074511623
3119,57,0.12609750528353847
7117,57,0.12176013333493042
12433,57,0.34262416015052577
13388,57,0.29608828256713376
15008,57,0.28163769144998296
18912,57,0.21158230102890746
24158,57,0.2080710275258019
2446,57,0.16857906063880992
3298,57,0.13580983497239785
4200,57,0.045923276373980394
8203,57,0.20123876381775221
9294,57,0.16188105462185143
10364,57,0.17162493514619714
12438,57,0.3213639550505985
13393,57,0.25673208943950504
15013,57,0.09405958461890118
18077,57,0.17461138882540608
18917,57,0.1157215689864301
22115,57,0.35160583764295794
25031,57,0.21458724072341012
25856,57,0.12317969271534311
27857,57,2.045969254598514
2288,57,1.9066757342608813
3303,57,1.5457995024307352
5208,57,0.047699424177145504
6269,57,0.16058369646570214
7126,57,0.08682753170331378
8209,57,0.4570002960387662
9298,57,0.1479709583720048
11410,57,0.26483711119302106
27967,57,0.22711494537704718
27981,57,0.2825905525573726
28051,57,0.6346054632520757
16225,57,0.25074029057107156
17045,57,0.3925247027159233
19987,57,0.5062605601280661
21060,57,0.012246118602069539
27918,58,0.02808452249402791
8211,58,0.03199935778233213
9083,58,0.040389068490056065
28125,58,0.016540897162375796
20418,58,0.014648645521046706
5210,58,0.02857835442051451
6057,58,0.030293195565386868
7130,58,0.032035187997781864
7997,58,0.03417151638537545
9087,58,0.035227560149647036
9948,58,0.041492399959494664
18291,58,0.0183310794182352
18922,58,0.020362453486151903
19776,58,0.021337512365282123
20849,58,0.02490584819703861
21908,58,0.03206109303194968
22958,58,0.053203872432119784
3482,58,0.02347352419297271
4019,58,0.028767062214892357
4798,58,0.026368510147573913
5849,58,0.02770612664115874
7136,58,0.03377113094537246
8002,58,0.036596941013263384
9092,58,0.04061728163917002
10161,58,0.04707463884566336
11204,58,0.03930867002397817
12238,58,0.04811473038855581
16840,58,0.0188259862349207
17874,58,0.015075978698623493
18716,58,0.022864028932458043
19565,58,0.022178376602380496
21913,58,0.03270327184977204
22961,58,0.05355637485585669
2451,58,0.020467709158280643
3131,58,0.051609190011095575
4023,58,0.02287635763534279
5007,58,0.02049678720797124
5853,58,0.01966031143521557
6925,58,0.033066304237346314
9097,58,0.045569219364554686
10167,58,0.04872907616841162
11209,58,0.05120387413139001
12241,58,0.04661626048455019
13218,58,0.036741974129391834
14012,58,0.033580795818429106
16843,58,0.022463751151940516
1745,58,0.018969602814306333
2293,58,0.023447641159258733
3135,58,0.02387211086961923
4028,58,0.0905805116547911
27900,58,0.03068046065747437
7146,58,0.10436823114294733
8012,58,0.10662609184599173
1645,58,0.07043847011054255
3141,58,0.05165348615154433
7150,58,0.10663832989800902
9111,58,0.19622837096460838
12255,58,0.14322207745813256
1279,58,0.24527863568107128
13237,58,0.1605391482579354
14836,58,0.12287328809533712
17899,58,0.17591890640968125
21937,58,0.11202447765922957
1191,58,0.2861956876432497
3155,58,0.2013127591200722
5032,58,0.06144560529940527
10193,58,0.18097868429337277
11233,58,0.27688439379616403
28017,58,0.30451361500653346
17904,58,0.19496811945666154
18744,58,0.1856797871563873
4833,58,0.05868807443218246
6096,58,0.06920540805748294
20888,58,0.18656927960777628
22995,58,0.2567935462088602
861,58,0.4339356081509705
13253,58,0.14849452197766022
788,58,0.4920034054196116
24021,58,0.4330338391816944
582,58,0.5788482074453944
794,58,0.27481108611990274
14861,58,0.21787389424037362
15865,58,0.23280239456958152
25078,58,0.40510440923531693
25750,58,0.4828655464809081
520,58,0.5559744579237652
797,58,0.26682233242087067
6974,58,0.12194153708104746
15870,58,0.23841853640314173
25754,58,0.3904232252868283
27093,58,0.5150167154053295
803,58,0.2554120916630833
8061,58,0.2471586147948466
15875,58,0.29804267895598746
25760,58,0.36713624592441907
305,58,0.836814804058737
8065,58,0.13276995085810603
15880,58,0.27789980788697777
16903,58,0.260956569400221
26316,58,0.432426350597042
26733,58,0.48607113097439125
259,58,0.8824499216131082
812,58,0.19524819741026955
8289,58,0.18318511742660812
9161,58,0.2822332993739462
17944,58,0.32876875065155653
27108,58,0.5413958482814611
266,58,0.6497531761659854
8075,58,0.10446818506831722
270,58,0.6337927436480606
10449,58,0.2774939391100621
11283,58,0.2905670212330881
17953,58,0.3849592885753604
113,58,1.0032276130107884
616,58,0.29631914532087594
11287,58,0.3018225040487779
17958,58,0.358277031146007
18799,58,0.43668927821474407
26753,58,0.4387288282706938
27608,58,0.8836537675931491
234,58,0.782889044342356
11706,58,0.3465094695876452
12324,58,0.3926212510081816
13301,58,0.27415925494958276
19654,58,0.48923442454420857
27127,58,0.44405714497946475
27674,58,0.867418859443229
44,58,1.10396406373234
11711,58,0.2846616585472408
27132,58,0.5071514503114666
27313,58,0.5087217071097233
27723,58,0.5416585888550902
16,58,1.3174825239594334
131,58,1.0328385003409528
9190,58,0.06397382596586076
12334,58,0.43575019827251943
13312,58,0.3790075371288243
27468,58,0.4467931884439439
27623,58,0.4776025317106894
27795,58,0.3316286050457894
7,58,1.3950850980443632
103,58,0.9857018161129975
248,58,0.6992079642174873
508,58,0.5453642773755388
847,58,0.3441455910730192
1733,58,0.281582647793603
12339,58,0.48762333525458995
13317,58,0.48845558855240273
19884,58,0.3813570648963486
2,58,1.427636245582648
108,58,1.03568856723365
852,58,0.7563173716458699
1738,58,0.28399203023784353
3208,58,0.2644890001767536
13322,58,0.5759381455707568
14115,58,0.49604399926714093
22231,58,0.5064610921706387
27381,58,0.47956467734847597
27633,58,0.4053608740450403
6,58,1.3889267139344554
112,58,1.073767036363849
258,58,1.037805523633682
1275,58,0.9011583422319053
2541,58,0.3188815308935013
13326,58,0.6545109521365894
17988,58,0.15530987627184362
21180,58,0.2653476624200304
22025,58,0.46199158807956786
27436,58,0.49269501710184543
27638,58,0.4334030423111955
2385,58,0.451251610581525
11322,58,0.25533931053361403
17993,58,0.20027623254223112
18834,58,0.11802110478843283
22031,58,0.2764364680674389
23079,58,0.4526544308943287
27607,58,0.4403301872015625
1841,58,0.748874309099541
2390,58,0.31194529596868237
14130,58,0.32031113615550083
15737,58,0.5255728538879413
19904,58,0.20140736580766827
22036,58,0.25410913730827644
27869,58,1.0074716682173201
2394,58,0.33785045592940155
4127,58,0.39519700739344066
13341,58,0.4148592638604914
15944,58,0.4495996861876805
24957,58,0.5196315031491294
3230,58,0.7513037388398954
3235,58,0.30901031269883955
5140,58,0.3031842323259709
7058,58,0.30305380214136535
16977,58,0.4221405514868189
18013,58,0.41122116832189065
23099,58,0.35703401754397934
4141,58,0.32221953417631144
5992,58,0.34661941905081967
15958,58,0.4246334927398276
20996,58,0.368748154103472
25487,58,0.7856814388461009
2557,58,1.112403288430436
3244,58,0.18323722977819254
4146,58,0.29746141266569115
4941,58,0.32532987081351505
7283,58,0.3005625777922535
18022,58,0.3835636883787755
19928,58,0.344152413858653
21002,58,0.38505435332478866
24976,58,0.318821151709321
2396,58,1.2298864550242017
5154,58,0.3052667691017629
9244,58,0.24226006621590515
18027,58,0.4058544092092737
18867,58,0.3491013897971763
22065,58,0.22117145583320605
6219,58,0.30712737117003985
7077,58,0.323687897025682
9249,58,0.2701789389952325
10319,58,0.21416307522610914
15973,58,0.2815558868006202
16996,58,0.2785326076135412
18872,58,0.33798109800011017
19938,58,0.34376592067375167
22071,58,0.3606986485263475
2406,58,1.0986473040185516
3259,58,0.23806742306396755
6224,58,0.2503859819543921
7082,58,0.31984958506115785
8164,58,0.2722764379844457
18037,58,0.300018970744635
18877,58,0.3109346993227739
19944,58,0.2992934450690993
21016,58,0.22574347500549977
22075,58,0.376716260549758
23123,58,0.22129891471654575
24991,58,0.3168761616547682
2411,58,0.7578787368655229
3089,58,0.2620592626929349
4166,58,0.2556350878867141
5169,58,0.2688770505417739
8169,58,0.2834857230209026
10538,58,0.2096024078264466
11371,58,0.2480046444497957
21021,58,0.2726009801938563
23337,58,0.25055175847839833
2416,58,0.40237954381186203
6234,58,0.2609722423831025
9264,58,0.2218739609966416
13200,58,0.2363144265238983
15988,58,0.19920617605019664
19953,58,0.2832701053654433
21026,58,0.26858329179534607
22085,58,0.31859039971370523
5179,58,0.2807705351527455
23138,58,0.16932410593685376
1962,58,1.5845965638662518
2426,58,0.12414573837875571
11385,58,0.22624402770397248
14993,58,0.21602670559751164
25011,58,0.22812166460462724
4186,58,0.15800963880001703
7107,58,0.21956306833483205
8189,58,0.19392245456786986
14998,58,0.22197646224595877
22100,58,0.16384073832693574
23148,58,0.20836012240719468
24148,58,0.26989116011721376
25016,58,0.21892213019130294
1845,58,1.52678772745752
4190,58,0.1973204642173988
8413,58,0.18210137893921946
9502,58,0.1949094803145619
10354,58,0.11956734119254994
21046,58,0.16597948343271313
23153,58,0.2579641054014621
2441,58,0.11758782532767953
3119,58,0.0944409448312041
7117,58,0.19501698917759774
10359,58,0.19930775335363232
13388,58,0.07533543264241657
15008,58,0.14853599224946154
18912,58,0.10480082704431833
22110,58,0.16789129261634686
24158,58,0.16309567642023992
2446,58,0.14709112562077548
3298,58,0.09796282978070299
4200,58,0.028880315313331916
6051,58,0.025740274059489945
8203,58,0.13440292257957712
9294,58,0.20640372993175027
10364,58,0.0880163250617528
11406,58,0.12490720791426212
15013,58,0.24024229367236438
18077,58,0.19424517723850868
18917,58,0.23920615529381223
22115,58,0.15824626389902666
25031,58,0.10946884846364423
25856,58,0.18028904646995955
27857,58,1.9242017829539855
2288,58,1.76444325901935
3303,58,1.576754736526563
4205,58,0.06821665686295281
5208,58,0.04939395506709361
6269,58,0.29502998184152807
7126,58,0.09218429404683007
8209,58,0.3300847170731959
9298,58,0.11876514067527612
10368,58,0.09564343874303735
11410,58,0.027939441317184954
27967,58,0.16195490042749427
27981,58,0.23827105965518647
28051,58,0.5272557626141127
16225,58,0.09123698605974642
17045,58,0.10232378176495822
19987,58,0.3953958853128505
21060,58,0.23917690545422451
27918,59,0.01726273271674567
8211,59,0.01865958596630528
9083,59,0.021653034820204704
28125,59,0.018516363392707895
20418,59,0.02051713129957745
5210,59,0.023147255257692186
6057,59,0.023129191011284203
7130,59,0.02411824506486949
7997,59,0.025203830487512655
9087,59,0.02161829626632588
9948,59,0.024026845055758587
18291,59,0.01968799885517195
18922,59,0.020345901406601745
19776,59,0.020102447802659622
20849,59,0.022005437857796604
21908,59,0.025153825104841952
22958,59,0.032738806394515076
3482,59,0.02307882150381343
4019,59,0.027889812636235755
4798,59,0.023284563556053604
5849,59,0.021440884878411285
7136,59,0.02551328864808192
8002,59,0.02727950881306048
9092,59,0.02453924920064197
10161,59,0.026919827046516843
11204,59,0.02773535471900453
12238,59,0.028082359444175177
16840,59,0.01944932099946681
17874,59,0.018355283250949303
18716,59,0.020979425029928864
19565,59,0.021025409899758075
21913,59,0.02390464963184568
22961,59,0.032456110207598664
2451,59,0.01892772522499079
3131,59,0.051768737478110796
4023,59,0.021592056255232698
5007,59,0.018060529466687132
5853,59,0.017395980208033672
6925,59,0.02545564534741661
9097,59,0.03155900807329974
10167,59,0.032287421375248926
11209,59,0.02925836358411156
12241,59,0.02646737980035295
13218,59,0.025079107078940968
14012,59,0.023818613594376557
16843,59,0.02348482090321109
1745,59,0.015905756863286952
2293,59,0.046383667022515604
3135,59,0.019662842676778383
4028,59,0.030085480356932308
27900,59,0.02876335486749482
7146,59,0.024803000058670827
8012,59,0.0290743580382722
10171,59,0.03174995229250825
1645,59,0.045628729138854206
3141,59,0.04190610993564048
7150,59,0.09497993401053129
8016,59,0.02623741654076562
9325,59,0.10150263426163743
9111,59,0.09952467471817332
12255,59,0.10847093576543336
1279,59,0.13603601375746496
11228,59,0.18418359257961353
13237,59,0.2071996971501428
17899,59,0.19847986434679912
21937,59,0.04533471452537553
1191,59,0.14862915503261917
5032,59,0.06602843177662418
10193,59,0.01448911807288911
11233,59,0.2667593241652664
28017,59,0.28002079974027005
13243,59,0.2569632166391867
18744,59,0.12138783538967399
19810,59,0.19033911115361704
4833,59,0.08195313325284928
6096,59,0.08087470749874767
20888,59,0.1364267982783554
22995,59,0.15613981632825913
861,59,0.25209346457900456
13253,59,0.17309626508709997
788,59,0.2691000948433646
14856,59,0.30836820976443263
24021,59,0.25417672807869296
582,59,0.3741866245069734
794,59,0.16565197343598922
14861,59,0.2833376663344246
15865,59,0.3128401793666902
25078,59,0.25861272709522964
25750,59,0.2927350856628506
797,59,0.2563031952383575
6974,59,0.051073612613391196
15870,59,0.325396643388074
27093,59,0.7165467346562331
464,59,0.4272526170684416
803,59,0.23018549537870203
8061,59,0.04620691754628054
15875,59,0.28719359514579246
25760,59,0.3606258869359736
305,59,0.5683046131868176
8065,59,0.07064822987198606
15880,59,0.3135388661173403
16903,59,0.28261491724417265
26316,59,0.4876529237001248
26733,59,0.6514265380049312
259,59,0.6013047645292684
812,59,0.17046549686680473
8289,59,0.07699546807099114
9161,59,0.06596658513870211
17944,59,0.2303558314530064
26321,59,0.47769024869489995
27108,59,0.5910237234485224
266,59,0.6097470387638072
8075,59,0.1354207477200671
270,59,0.6645965067478425
11283,59,0.07390016858388251
17953,59,0.13728865897809142
18794,59,0.12339179923593584
113,59,0.8179340792998642
616,59,0.40118106575632106
11287,59,0.030696836785648496
17958,59,0.11231158255087421
18799,59,0.10706708326642211
26753,59,0.5610142443297085
27608,59,0.985526393872423
11706,59,0.05559271230372769
13301,59,0.07561459847003049
19654,59,0.12204994841258318
27127,59,0.5597452254284198
27674,59,1.0633135256297095
44,59,1.0852157162364453
11711,59,0.06490432893691155
27313,59,0.4746770685123765
27723,59,0.7051236323737308
16,59,1.2180689419315618
12334,59,0.04721498574411767
13312,59,0.022892003260274543
27468,59,0.4940518063273566
27623,59,0.47052024718440677
27795,59,0.4741486435164917
7,59,1.3674794874706668
103,59,1.2453449691117258
248,59,0.9369091368138702
508,59,0.7909375974846559
847,59,0.7679384236271476
1733,59,0.5431257937918619
12339,59,0.09609938337115585
13317,59,0.09498818376859966
19884,59,0.08372577044818916
2,59,1.4720291876042777
108,59,1.361270606977656
3208,59,0.40051985942356605
13322,59,0.06089748744880756
14115,59,0.019577040269407906
22231,59,0.3863206376970783
27381,59,0.3459455068838592
27633,59,0.41747158505897636
27814,59,0.25640225545453693
6,59,1.543570631838032
112,59,1.2745549084498717
258,59,1.125678115654282
1275,59,1.0370694822893851
2541,59,0.5853739537457713
13326,59,0.040700481731181605
17988,59,0.11007209904252778
21180,59,0.24025533500303778
22025,59,0.39696141368144294
27436,59,0.39829864381597174
27638,59,0.34131244002672995
2385,59,0.759294689339316
11322,59,0.1389213817520358
17993,59,0.0984781770494529
18834,59,0.08139578142352742
22031,59,0.2762679636657097
23079,59,0.4469726361696061
27607,59,0.4697660291220969
2390,59,0.8731550467867027
4122,59,0.3214190861620938
12359,59,0.2627091412226077
14130,59,0.4249084171318438
15737,59,0.24720627227630063
19904,59,0.2176006143301166
22036,59,0.3621022996433474
27869,59,1.0665971289593479
2394,59,0.7724321325873764
4127,59,0.43263026130365345
13341,59,0.33767464071292885
15944,59,0.2696215057450391
24957,59,0.4927830159947303
3230,59,0.9382670799133452
14001,59,0.17747892249124714
20987,59,0.20472389998256654
3235,59,0.595598718498977
5140,59,0.608599024050546
18013,59,0.1560491882162813
23099,59,0.2865146026238342
2721,59,1.15318861357967
4141,59,0.575081184852124
5992,59,0.6594368963052181
20996,59,0.053735155700544344
25487,59,0.22574662050498825
2557,59,1.2258693506015654
3244,59,0.6160246766712452
4146,59,0.6579980652404269
4941,59,0.641421460363363
7283,59,0.6852751083536014
18022,59,0.05658251583945986
19928,59,0.048914949668602464
21002,59,0.10552740836396492
22060,59,0.15313522421703205
24976,59,0.3173366396864795
5154,59,0.6455676837821211
9244,59,0.6597472066707675
18027,59,0.17891013126347852
18867,59,0.16724478111999522
22065,59,0.19539253873115048
7077,59,0.6881857876554694
9249,59,0.6843639062673944
10319,59,0.587843308350483
15973,59,0.13205136556952787
16996,59,0.13740470796576293
18872,59,0.1772305803723382
19938,59,0.12010217608052669
22071,59,0.30225718585870975
2406,59,1.0852160330304925
3259,59,0.6334304486147253
6224,59,0.643673346488225
7082,59,0.7101556032585435
18037,59,0.24676802429866845
18877,59,0.247558565029997
19944,59,0.20531727811201833
21016,59,0.18912805075888575
22075,59,0.33725112714969113
23123,59,0.46828142791218946
24991,59,0.3907495229074208
2411,59,1.2686884664292009
4166,59,0.5941375969095746
10538,59,0.636492747877744
11371,59,0.5755727549579699
12403,59,0.5107251824129343
21021,59,0.32433193189600523
23337,59,0.5001987168765857
2416,59,1.2221074731663675
3269,59,0.6269069635328405
6234,59,0.6507772160580841
9264,59,0.5905468547950087
13200,59,0.5557375249191382
14984,59,0.434717726496567
15988,59,0.36993564216929226
19953,59,0.25623265823781255
21026,59,0.34705849900856556
22085,59,0.3447512685061288
2421,59,0.8859191150680064
4176,59,0.6095638663339987
23138,59,0.5057943418094798
2426,59,0.6374295333241717
3279,59,0.6930088479427239
5184,59,0.6455526407351602
8401,59,0.6489684274477127
9274,59,0.6364389439802339
10344,59,0.5313302659799637
14993,59,0.5036926396723904
25011,59,0.5977703409078927
1967,59,1.4043484374988568
2431,59,0.44811071539374103
3284,59,0.611539985377448
8189,59,0.6560859569515349
14998,59,0.5447633270416457
22100,59,0.4500784573538991
23148,59,0.5092722753567579
24148,59,0.5733017374495271
2436,59,0.45433556429123567
4190,59,0.40748070829680183
8413,59,0.46867889022486797
9502,59,0.5103064301155693
10354,59,0.45446462682895017
21046,59,0.4372872985926411
23153,59,0.5443732719385748
2441,59,0.47372007870743904
3119,59,0.5743518563456188
4990,59,0.5125323006449831
6259,59,0.512564687751607
7117,59,0.5461183179748423
13388,59,0.45093712691091997
15008,59,0.5291432786699064
17036,59,0.5703561376200702
18912,59,0.5562918714123376
21051,59,0.5362752541418081
22110,59,0.48397813334027245
24158,59,0.5410514309711959
1741,59,0.8952676678792676
2446,59,0.5437442483898508
3298,59,0.4969585722424405
4200,59,0.555672321112719
6051,59,0.5511893906693571
8203,59,0.6003403203406155
9294,59,0.6284988528022315
10364,59,0.523853178531446
11406,59,0.4993945281680601
15013,59,0.5100750976923275
18077,59,0.5747401953369345
18917,59,0.5944713405237217
22115,59,0.46237627733404446
23163,59,0.5010831888267278
25031,59,0.5892590926857573
25856,59,0.6701230808950539
27857,59,1.948247673662125
2288,59,1.7600433834891411
3303,59,1.6411937396037626
4205,59,0.5981494749373085
6269,59,0.7843858130313045
7126,59,0.6589852547620318
8209,59,0.9268302582142043
9298,59,0.661747868484465
10368,59,0.5512741778911
11410,59,0.49700992756283346
27967,59,0.9185565504219291
27981,59,0.51283353794606
28051,59,1.0130414923816922
16225,59,0.5752211867489225
17045,59,0.5303302983587846
18290,59,0.5847582934237343
19987,59,0.8416737565327151
21060,59,0.5698396342971864
24166,59,0.6411066742785716
27918,60,0.011005138582830167
8211,60,0.00971497043154463
9083,60,0.018257808068142273
28125,60,0.014161203044802433
20418,60,0.011988848564275713
5210,60,0.016304294139086427
6057,60,0.020385320438172115
7130,60,0.004407379967700093
7997,60,0.0037178758952918795
9087,60,0.005311336488807106
9948,60,0.004975086924414522
18291,60,0.014219653894580646
18922,60,0.015175978529937899
19776,60,0.0152476903931764
20849,60,0.017459524602150528
21908,60,0.020311769294381773
22958,60,0.03342536547985505
3482,60,0.02031053679270832
4019,60,0.023843530468720075
4798,60,0.015572985350129277
5849,60,0.016983817443142545
7136,60,0.004041061664968254
8002,60,0.00331799270293279
9092,60,0.003758532306326414
10161,60,0.005049727930080905
11204,60,0.009217341011416823
12238,60,0.007012834033154283
16840,60,0.01251950306982387
17874,60,0.010801268109158779
18716,60,0.016602803606960807
19565,60,0.016336135627470154
21913,60,0.02073463812332634
22961,60,0.03437338053318588
2451,60,0.022701431180279612
3131,60,0.01925859076203971
4023,60,0.01885102086961367
5007,60,0.010566999013771608
5853,60,0.011273508536567696
6925,60,0.005056547537882903
9097,60,0.007258820799830425
10167,60,0.0070064320055251254
11209,60,0.008996476762596793
12241,60,0.006292669376014864
13218,60,0.00491595889609415
14012,60,0.00770868169189448
16843,60,0.010001291608391848
1745,60,0.016204693034007293
2293,60,0.06379374287685984
3135,60,0.017581036150217045
4028,60,0.02499296152264854
27900,60,0.022369075888548494
7146,60,0.004754322950766351
8012,60,0.004934094440597927
10171,60,0.01674209192703285
15826,60,0.06081982695646895
1645,60,0.018730740504266027
3141,60,0.044586099811202685
7150,60,0.022148745237908257
8016,60,0.021861231066283463
9111,60,0.04789670070238646
12255,60,0.08970876945662991
1279,60,0.08034569447805337
11228,60,0.07609017675438275
14032,60,0.07177539658161905
17899,60,0.023128340130017168
21937,60,0.043902505603791206
1191,60,0.09646274950488991
5032,60,0.026225567059288704
10193,60,0.0176072829514521
11233,60,0.12188153192147642
28017,60,0.10585015097311234
13243,60,0.13009560251369365
18744,60,0.05487538609455365
19810,60,0.03992295202997452
4833,60,0.013241911894472632
6096,60,0.033524577376766604
18749,60,0.04620692804797135
20888,60,0.08716955704862951
22995,60,0.2073515818736994
861,60,0.12445712185589546
13253,60,0.06664666854145604
788,60,0.16479336867562644
24021,60,0.22836244437703562
25073,60,0.11194275178018143
582,60,0.2087446444275823
794,60,0.09885350364167401
6111,60,0.015143796655389521
15865,60,0.061324049772535694
25078,60,0.20046050436843518
25750,60,0.17345460966184487
797,60,0.11772747250431345
6974,60,0.03970423745824034
15870,60,0.05631989387645585
24914,60,0.07423046079325515
27093,60,0.6521581340587513
464,60,0.2900967346011333
803,60,0.12187543355201655
8061,60,0.053218543974367115
15875,60,0.057625946174995855
25760,60,0.055450601684742765
305,60,0.4429024599751408
15880,60,0.032808946605989556
16903,60,0.07351188763783467
26316,60,0.07954749353534527
26733,60,0.22137866282378102
259,60,0.44098041600972354
812,60,0.17323529885341177
8289,60,0.04428144295661547
17944,60,0.061803233493986774
25098,60,0.08399749088873022
26321,60,0.17296585729140473
27108,60,0.3412997149558174
266,60,0.4598853954139285
8075,60,0.060966716731739985
17949,60,0.07457199755521057
270,60,0.3825141456831289
11283,60,0.11006734438729535
17953,60,0.11035450466242615
18794,60,0.04376242671180986
113,60,0.5104931763006821
616,60,0.356054740651382
827,60,0.2832220075415689
11287,60,0.13945511821693166
17958,60,0.06137921901008632
18799,60,0.10445231911883908
26753,60,0.1202203503857925
27608,60,0.8102337756919551
13301,60,0.14110659096971623
19654,60,0.1678491748651672
27411,60,0.15552702353054426
27674,60,0.8599430821259157
44,60,0.696271693350644
11711,60,0.15299871416555197
27313,60,0.11374683949328405
27723,60,0.5147578266698354
16,60,1.0366474996846005
12334,60,0.10947470410860892
27468,60,0.20534253956336
27623,60,0.13472350145500742
27795,60,0.275904751946467
7,60,1.088320928716302
103,60,0.7589473354957093
248,60,0.7040593117953143
508,60,0.5958503589723403
847,60,0.6447455448167302
12339,60,0.0951084655707108
19884,60,0.15352366579175475
2,60,1.1739580020077434
108,60,0.9066914693416106
299,60,1.0771674797973998
3208,60,0.1370714756941916
13322,60,0.06806596703696413
14115,60,0.06593996078853877
22231,60,0.19790177162576222
27381,60,0.29318429969968846
27633,60,0.19815136715928708
27814,60,0.06304384645187788
6,60,1.2140664909522234
112,60,1.290519842234527
258,60,1.2864283467169115
1275,60,1.1787961574548698
2541,60,0.3548051561216191
13326,60,0.21431805342369337
17988,60,0.08676918689617578
21180,60,0.052101706725932576
22025,60,0.20487672774997917
27436,60,0.25043775473944574
27638,60,0.2534040772138285
2385,60,0.44823401910689825
11322,60,0.1357911749402114
15732,60,0.23366576311630313
17993,60,0.18245674706931775
18834,60,0.2337883051069797
22031,60,0.04589079525544491
23079,60,0.2167964759231828
27607,60,0.2142205193888918
2390,60,0.55735094677014
4122,60,0.22466530403525714
14130,60,0.24962012789342378
15737,60,0.22877496870872863
19904,60,1.304991421359316
22036,60,0.5327566286020282
27869,60,1.0477896419928512
4127,60,0.16506101852198085
13341,60,0.4664613004436529
14940,60,0.2755943267845097
15944,60,0.34952510377383544
3230,60,0.7205712554150872
4132,60,0.5934742930314966
14001,60,0.4393257772763355
3235,60,0.11903418145068308
4137,60,0.09521889451177146
5140,60,0.16555831529253168
23099,60,0.08511646329447367
4141,60,0.09795670603248068
5992,60,0.18048105061876935
20996,60,0.16690877931755604
25487,60,0.5200257397320939
2557,60,1.2168608132636005
3244,60,0.05992344614672787
4146,60,0.007854640258220648
4941,60,0.07659862335682836
7283,60,0.2744365785366981
18022,60,0.07478909403459866
19928,60,0.071033304408198
21002,60,0.13475029116149045
22060,60,0.08345287481638099
24976,60,0.35918429383159733
3250,60,0.017421748137938394
5154,60,0.03467197527103337
9244,60,0.3718931796247822
12388,60,0.33830191837353973
18027,60,0.23051322321082318
18867,60,0.10899102301996062
22065,60,0.042138969974192496
7077,60,0.07616161354155472
9249,60,0.366827650310749
10319,60,0.3794552902953443
15973,60,0.49302210983038103
16996,60,0.41395985241979427
18872,60,0.0327873073143822
19938,60,0.08700820415945766
21011,60,0.04778947472254662
22071,60,0.15540529951242635
2406,60,0.757037230780078
3259,60,0.058837584788752346
6224,60,0.04639953944356288
7082,60,0.08963423728498894
18037,60,0.1637261435864578
18877,60,0.26008098287062537
19944,60,0.07812813685103735
21016,60,0.08553751585672682
22075,60,0.12425372472421187
23123,60,0.06486952446657064
24991,60,0.23251619156704634
2411,60,1.184536780021049
4166,60,0.03586625675117934
7087,60,0.06997092437570439
10538,60,0.34809904337914366
11371,60,0.3927974351209542
12403,60,0.3618180516379646
18882,60,0.0916514774750791
21021,60,0.09621136130872338
23337,60,0.18634545644398043
2416,60,1.0785917218619832
6234,60,0.04940394158783122
9264,60,0.022886819602568505
13200,60,0.2650494588605382
19953,60,0.03048347797558001
21026,60,0.11532449261833017
22085,60,0.10785105815429315
14989,60,0.26568879104404436
15791,60,0.25195217767505207
23138,60,0.24116379429377097
2426,60,0.22936083983594624
4181,60,0.10164628751901969
8401,60,0.03117696799927706
10344,60,0.1662866226247925
14993,60,0.23771596947007698
25011,60,0.3765075590997004
1967,60,1.3517502771957286
2431,60,0.30787985986046285
8189,60,0.04010797915622352
14998,60,0.09371718026654687
22100,60,0.154656159969219
23148,60,0.19708181174075912
24148,60,0.3445908241359191
4190,60,0.15974434073560326
8413,60,0.08878595420302758
9502,60,0.06184865794024149
10354,60,0.07453818202799138
18067,60,0.22308618197113617
21046,60,0.14696292778440065
23153,60,0.1009211099132699
25846,60,0.34673649969424036
2441,60,0.2999786790307492
3119,60,0.27792812744881906
7117,60,0.10122296483384159
13388,60,0.185308268989096
15008,60,0.19420140611082665
17036,60,0.20682355962044177
18912,60,0.17085824594261206
21051,60,0.12357391030563449
22110,60,0.02966866450984585
24158,60,0.13469902413022414
1741,60,0.5692595966791404
2446,60,0.3325068254013402
3298,60,0.2741846816108097
4200,60,0.2752614685531861
6051,60,0.2558351151668632
7122,60,0.2042704389986023
9294,60,0.06461637824743724
10364,60,0.10721688386518026
11406,60,0.08411238597288224
12438,60,0.16921981857150042
13393,60,0.18583053562951754
15013,60,0.08950237984782286
18077,60,0.03887642831224762
18917,60,0.11113985755941963
22115,60,0.11544092171273725
25031,60,0.1382951361021634
25856,60,0.64792782146729
27857,60,1.815184491515344
3303,60,1.0300763432401647
6269,60,0.4104805072658194
7126,60,0.2935552290305067
8209,60,0.6645963889758125
9298,60,0.280214251035718
10368,60,0.10989625577737866
11410,60,0.10466040755623174
27967,60,0.2915973757767585
27981,60,0.10032156292546673
28051,60,0.24659386447298426
16225,60,0.09363906232140867
17045,60,0.065561737301564
19987,60,0.5904174780751213
21060,60,0.1627512546631434
24166,60,0.1523415860832855
25035,60,0.22220949995787048
27918,61,0.013778030503713297
8211,61,0.01400502072598244
9083,61,0.01817096386211632
28125,61,0.019605526795434234
20418,61,0.020138578965505617
5210,61,0.01743175673415337
6057,61,0.01604007229625146
7130,61,0.009205038195834177
7997,61,0.010091655273487484
9087,61,0.010507916128803356
9948,61,0.010614288260101887
18291,61,0.017548520661883817
18922,61,0.01957784736297618
19776,61,0.02008291354939063
20849,61,0.02320588597792389
21908,61,0.025494440718983147
22958,61,0.03429801301523985
3482,61,0.02003080675537451
4019,61,0.02473435427739056
4798,61,0.01935622688962855
5849,61,0.016146569538194572
7136,61,0.009469545361994933
8002,61,0.009890562295402526
9092,61,0.00962583918632284
10161,61,0.010250347919482015
11204,61,0.012155229854508199
12238,61,0.011680129435060005
16840,61,0.015471998270164962
17874,61,0.014337852991798712
18716,61,0.020139181384333484
19565,61,0.020738929723222277
21913,61,0.025814586183103335
22961,61,0.035221935657627365
2451,61,0.023427739364477784
3131,61,0.018779819342763883
4023,61,0.018267312710168515
5007,61,0.012290282853994474
5853,61,0.00970889300743863
6925,61,0.009470227385140032
9097,61,0.012888849668027039
10167,61,0.013298280033874465
11209,61,0.01052721525795055
12241,61,0.009828817525426685
13218,61,0.011362980562169538
14012,61,0.011944841999811428
16843,61,0.015541692482051285
1745,61,0.01679117724379558
2293,61,0.015300797425105322
3135,61,0.015356496092782793
4028,61,0.011792512632764613
27900,61,0.009321567173821725
7146,61,0.019766654071504956
8012,61,0.014221003808330144
10171,61,0.013663782770430183
15826,61,0.011364873134599485
1645,61,0.06049640953828879
3141,61,0.011097070425427184
7150,61,0.02233636725729774
8016,61,0.02200942543666694
9111,61,0.035860935401598265
12255,61,0.08103603259219916
1279,61,0.0764987787569286
11228,61,0.07657167200197455
12260,61,0.08416650328915573
14032,61,0.15624545917239568
17899,61,0.12468867633782424
21937,61,0.1538271745860352
1191,61,0.056740775133556
3155,61,0.05051658321597972
5032,61,0.08927691185888029
10193,61,0.09085174757821353
11233,61,0.06131180072556091
28017,61,0.12753950513505816
13243,61,0.14378338735101662
17904,61,0.164877239670655
18744,61,0.1351496058382336
19810,61,0.11978752910438473
4833,61,0.02888686553873679
18749,61,0.1637856515620276
20888,61,0.17291211032465292
22995,61,0.13094742393691225
861,61,0.2280963781874274
13253,61,0.19500168759407077
24016,61,0.14572805598901506
788,61,0.2019672076245973
24021,61,0.09502030017147542
582,61,0.3626280085399103
794,61,0.12424049999338935
6111,61,0.014063905201771221
15865,61,0.25282306759267664
25078,61,0.2104556395633005
25750,61,0.10762659447163307
6974,61,0.015659191928856307
15870,61,0.24968177466160962
24914,61,0.23541765742460688
27093,61,0.3737792538560561
803,61,0.2387375066642947
8061,61,0.08636040513070253
15875,61,0.24675802592778245
25760,61,0.18447310009229892
305,61,0.5877922610211068
15880,61,0.24377770590055456
16903,61,0.24983436718807187
26316,61,0.1647195087550128
26733,61,0.18860542391245355
259,61,0.5893906793550762
8289,61,0.10359234790332163
17944,61,0.2035851204655538
27108,61,0.1839668994360157
266,61,0.5511585252963599
8075,61,0.20638547694155654
270,61,0.6362403522487061
11283,61,0.12035479194430343
17953,61,0.27593744237490897
18794,61,0.26936909129376824
113,61,0.6364927531302954
616,61,0.49368850246154095
827,61,0.3347156430404826
11287,61,0.11626916259517152
17958,61,0.3169363858039688
18799,61,0.31679263862016976
26753,61,0.2482210217006734
27608,61,0.861198541066008
234,61,0.7138246973633954
13301,61,0.22423956538752524
19654,61,0.33340921960836156
27613,61,0.38933836146567863
27674,61,0.5977163202276569
44,61,0.7870294729952382
11711,61,0.20994023213963914
27313,61,0.2718328810494222
27723,61,0.4346873257122821
16,61,0.8949272185139545
9190,61,0.18558447205924253
12334,61,0.19605606748676435
27468,61,0.27693746799819424
27623,61,0.36075573816443435
27795,61,0.3843573780686616
7,61,0.9586305731435852
103,61,0.8855508745786761
248,61,0.7897352849644866
847,61,0.7191663502648212
12339,61,0.2715877940372669
19884,61,0.18012940321774334
2,61,1.0121574114567777
108,61,0.9765229940149699
299,61,0.9378722603066402
1738,61,0.45635767538648736
3208,61,0.22999284641766718
13322,61,0.30026111626521973
14115,61,0.32858019966527846
22231,61,0.15673032335803577
27381,61,0.3252111611203772
27633,61,0.14608658056386287
27814,61,0.18389653655787658
6,61,1.0459416317461898
112,61,1.0064459276671442
258,61,0.9341600296156167
1275,61,0.927158832552984
2541,61,0.4310402045522251
13326,61,0.29460247883193763
17988,61,0.4481896302922369
21180,61,0.05953996845362893
22025,61,0.2214347307121801
27436,61,0.17246229681493622
27638,61,0.20320699766946376
2385,61,0.532344256329789
11322,61,0.23012036989382983
17993,61,0.8419558453989909
18834,61,0.8335764007579796
22031,61,0.42835475225517244
23079,61,0.6266282846880535
27607,61,0.05875675006275858
1841,61,0.8675515516319184
2390,61,0.6789179268772974
14130,61,0.17337008904269183
15737,61,0.20780828843754462
22036,61,1.8537345277727704
27869,61,0.9407153199918217
4127,61,0.3521337351866014
13341,61,0.4694488317426775
14940,61,0.3741207605605528
15944,61,0.042976336135757014
3230,61,0.7417802830329973
4132,61,0.649901430245716
14001,61,0.6183463427196758
14945,61,0.3311814328986875
3235,61,0.1793209165241586
5140,61,0.3308342300222684
23099,61,0.6350888748307681
4141,61,0.26430567048834375
5992,61,0.222271339762031
15958,61,0.28459508443087633
20996,61,0.3834088970100042
25487,61,0.7701180699587217
2557,61,1.2661855318311515
3244,61,0.20800211267897642
4146,61,0.2215955169024925
4941,61,0.22586687969053965
7283,61,0.1901547287023419
18022,61,0.24224830889238466
19928,61,0.17207047245390786
21002,61,0.2740594532577962
22060,61,0.15607684098050725
24976,61,0.6841468461151287
2396,61,1.0632039814279812
9244,61,0.32825177013304413
18027,61,0.2936351078680787
22065,61,0.14886694450539523
6219,61,0.2638259532974254
7077,61,0.14525266068692078
9249,61,0.2989534698707562
10319,61,0.37086254518556655
16996,61,0.21296106277020868
18872,61,0.1891244599949377
19938,61,0.13921096478972614
21011,61,0.1551774844075251
22071,61,0.15456753078827418
2406,61,0.9212707230752738
3259,61,0.18397942008007556
6224,61,0.24568979481312828
18037,61,0.1887726794520399
18877,61,0.1659030822987566
19944,61,0.17945532952540186
21016,61,0.20292762400006126
22075,61,0.18049640798876365
23123,61,0.28010828660218684
24991,61,0.5921450751726857
2411,61,0.9948262341108438
3089,61,0.24617609050645745
8169,61,0.1627230719326236
10538,61,0.36454939511762635
11371,61,0.30120745087067885
12403,61,0.2901564495896123
21021,61,0.2064517031620061
23337,61,0.20754207463651758
24128,61,0.3160947482794778
2416,61,1.0934580768811317
6234,61,0.1788067131724901
9264,61,0.15329382594516938
13200,61,0.3097174599083787
19953,61,0.24301465449676313
21026,61,0.1786232748740283
22085,61,0.2948928037510113
5179,61,0.14622193617748644
15791,61,0.10005976739187213
18052,61,0.19103368949969596
21031,61,0.24587556813374947
1962,61,1.4942254585179295
2426,61,0.24630138478623148
4181,61,0.1325651728425392
8401,61,0.15439980889142024
14993,61,0.18497639457467344
25011,61,0.24246188122993234
2431,61,0.1638711219845471
4186,61,0.11891825795946273
5189,61,0.11482610988864113
8189,61,0.14219964658951026
14998,61,0.1871736150518624
22100,61,0.28515053084097197
23148,61,0.2102817654764854
24148,61,0.2698610438317087
1845,61,1.3668834821638098
8413,61,0.071993944332076
9502,61,0.13205043886061937
10354,61,0.15232276867570246
21046,61,0.4826477256907733
23153,61,0.6906579355446001
25846,61,0.36935628227719514
3119,61,0.18398288097857513
7117,61,0.03802044376274815
8199,61,0.06761974798311779
12433,61,0.1677611395789538
13388,61,0.23081291009659816
15008,61,0.08429064332437113
17036,61,0.13286538722263413
18912,61,0.17487156281623525
22110,61,0.7182473919469262
24158,61,0.6495057614232271
2446,61,0.2644823096517693
3298,61,0.33072379700745486
4200,61,0.1884843369280267
6051,61,0.21398148456231333
9294,61,0.07345997854384574
10364,61,0.04897609472816997
11406,61,0.05577731803451089
12438,61,0.043959974143978495
13393,61,0.18943707953459907
15013,61,0.341049494118409
18077,61,0.537347657906705
18917,61,0.6116181764992558
22115,61,1.0281884668769303
25031,61,0.6016272315136281
25856,61,0.08128422103313782
27857,61,1.7541616771039896
3303,61,0.8972450217395299
5208,61,0.2696268422818103
6269,61,0.35254301572870567
7126,61,0.15066623898054016
8209,61,0.4340051202244514
9298,61,0.05801250522250335
11410,61,0.17525071172074014
27967,61,0.1657743677843759
27981,61,0.1544181118945011
28051,61,0.23395796686491266
16225,61,0.37887202811980547
17045,61,0.5006419414186073
19987,61,1.1509035984653477
21060,61,0.6091514687011008
24166,61,0.6092414423576404
25860,61,0.1796643667177591
27918,62,0.01704793391713241
8211,62,0.017071556911901174
9083,62,0.024991968163832128
28125,62,0.02110353244443777
20418,62,0.01900235973235841
5210,62,0.013904810620361018
6057,62,0.014459894611384201
7130,62,0.009601165305586187
7997,62,0.010474931454744298
9087,62,0.013970180451707797
9948,62,0.014510595767476254
18291,62,0.022081952619095856
18922,62,0.023088283474205783
19776,62,0.023224679265875462
20849,62,0.023836886895204915
21908,62,0.02545009957619923
3482,62,0.019263114031406972
4019,62,0.023609506122046757
4798,62,0.015512984694624208
5849,62,0.012655644678885993
7136,62,0.008630650087054959
8002,62,0.00898228570488851
9092,62,0.011821041663369275
10161,62,0.01285329141530811
11204,62,0.01598769418009268
12238,62,0.014764820631271543
16840,62,0.020198145728703012
17874,62,0.019127641677699977
18716,62,0.02471336915814102
19565,62,0.024439267143785224
21913,62,0.02630094644575816
22961,62,0.033761282156822205
2451,62,0.0284975835976659
3131,62,0.09173481844213986
4023,62,0.017509263876322595
5007,62,0.009746987187781352
5853,62,0.007039100735817018
6925,62,0.008096170987843671
9097,62,0.012220080840303602
10167,62,0.012431184715198227
11209,62,0.011034626766333187
12241,62,0.012558563633833845
13218,62,0.016617539808272488
14012,62,0.017273932805231193
16843,62,0.019829216040810345
1745,62,0.05546118163599679
2293,62,0.07936232527389103
3135,62,0.014990073760579883
4028,62,0.028252444786202133
27900,62,0.007731899384784006
7146,62,0.06445161549466373
8012,62,0.0646634919729692
15826,62,0.01776270289636514
1645,62,0.05410095267044823
3141,62,0.010848276416422905
7150,62,0.06446877362870458
17890,62,0.051768322171671925
9111,62,0.2041591647078872
12255,62,0.12713595017088314
1279,62,0.18044815735569686
11228,62,0.2740457951508931
12260,62,0.20082512726051976
17899,62,0.06293747673606298
18951,62,0.06325074245615488
21937,62,0.28112870974476106
1191,62,0.18973338718357619
5032,62,0.17218349144365458
10193,62,0.22232207462725362
11233,62,0.1922349297668306
28017,62,0.2617890728174321
17904,62,0.0856031624912831
18744,62,0.07637802115607384
19810,62,0.12821213647107146
4833,62,0.16346624977867874
18749,62,0.12733928972962413
20888,62,0.20186897564312684
22995,62,0.2452285386135212
861,62,0.30989501416297566
24016,62,0.256624874803489
788,62,0.3693218702226855
14856,62,0.16932924154018975
24021,62,0.2694384105986872
582,62,0.4249638528709582
15865,62,0.23175644857518726
25078,62,0.20046155437777033
25750,62,0.07750026267523002
6974,62,0.23981990279097182
15870,62,0.2635358619110428
24914,62,0.13907101862298155
25754,62,0.031080651471492676
27093,62,0.18707159653240568
803,62,0.36032754463639155
8061,62,0.2717009450821028
15875,62,0.2583149218233551
25760,62,0.03485433170719574
305,62,0.6011222000609034
8065,62,0.3426200779990309
15880,62,0.2546115995629076
16903,62,0.28523700038623284
26316,62,0.16779655774836919
26733,62,0.154199724720256
259,62,0.6343083454317594
8289,62,0.42077419041452196
9161,62,0.416976066828553
17944,62,0.2928711424907495
27108,62,0.2571184524510272
266,62,0.5674289874779912
8075,62,0.3808425524487711
270,62,0.6020557169230577
11283,62,0.5133134732643391
17953,62,0.3493849018394552
27402,62,0.26931672922583505
113,62,0.6497850624836197
616,62,0.5622843886810791
827,62,0.4456292094334851
11287,62,0.4704191971370476
17958,62,0.4178177257058902
18799,62,0.42265297856896306
26753,62,0.16248262033130229
27608,62,0.3976428530874021
234,62,0.6103772373669029
19654,62,0.28196837060151586
27127,62,0.15942789666804127
27674,62,0.3052391123793623
44,62,0.6784424081520628
12124,62,0.573344388196474
19874,62,0.206002181520838
27313,62,0.1607618662884108
27723,62,0.4658696705817073
16,62,0.7001265692700421
9190,62,0.296793562512415
12334,62,0.5364835399144726
13312,62,0.3855222060531465
27137,62,0.2264370712934917
27468,62,0.20176983214090224
27623,62,0.25942569739260096
27795,62,0.18772781650747078
7,62,0.7396012690780903
103,62,0.6655334313121114
248,62,0.7005675819962249
847,62,0.5690643684210633
12339,62,0.4642520906517642
19884,62,0.1715762052943467
2,62,0.7603733761999588
108,62,0.6870463886820323
299,62,0.7112494559629755
13322,62,0.47552093491628217
14115,62,0.3958042655598043
22231,62,0.2946228045344606
27381,62,0.21114895029806985
27633,62,0.1521184111137689
27814,62,0.06318597565321532
6,62,0.7781362812894627
112,62,0.76530161794831
258,62,0.7684980422726927
1275,62,0.7243615263273598
2541,62,0.41718456139559035
13326,62,0.395162359735222
17988,62,0.19273967056223085
21180,62,0.19316124946951957
22025,62,0.19004482248084684
27436,62,0.14003182192437374
27638,62,0.14811971198954077
11322,62,0.21171306789306416
17993,62,0.2196762556415743
18834,62,0.23049598028633403
22031,62,0.21620104642468188
23079,62,0.2040086046282919
2390,62,0.5875270886629268
14130,62,0.20240228479170846
15737,62,0.39004776836449456
22036,62,0.6879248359510016
27869,62,0.7897323867139922
2394,62,0.5681194215511587
4127,62,0.28913674467872347
13341,62,0.4290818343851957
14940,62,0.2391979074430849
15944,62,0.5190805470022083
3230,62,0.714878752086491
4132,62,0.7079031114038495
14001,62,0.5856541639474229
14945,62,0.33946562482597625
3235,62,0.0759842128768541
5140,62,0.33898306205304346
16977,62,0.11452408895119026
18013,62,0.2217784335499232
23099,62,0.7652946417303093
4141,62,0.1300134935958847
5992,62,0.08983840111997224
15958,62,0.2057798066152368
20996,62,0.38322902464975533
25487,62,1.1367198481650025
2557,62,1.116066373252898
3244,62,0.10400272755682385
4146,62,0.0647278275245317
4941,62,0.07428185174679339
7283,62,0.12616796048473927
18022,62,0.24687962755338846
19928,62,0.3304461549812708
21002,62,0.16951721151161903
24976,62,1.0562752215298052
2396,62,0.9470721888699142
7072,62,0.07677274405955686
9244,62,0.20175935121146354
18027,62,0.13179818085157624
22065,62,0.3808889406318328
6219,62,0.13549414199529441
7077,62,0.04867944833155052
9249,62,0.1909903405765401
10319,62,0.18833441635272474
16996,62,0.23970888667697643
18872,62,0.1964937474643565
19938,62,0.2799365724279821
21011,62,0.33299992109008697
22071,62,0.35981531680614764
2406,62,0.6078011303598123
3259,62,0.2647104991605071
6224,62,0.12015907825373907
18037,62,0.11640033969209916
18877,62,0.17370807680816827
19944,62,0.27147791388620923
21016,62,0.33587971057945704
22075,62,0.31243202683063975
23123,62,0.3094276959024122
24991,62,0.6042464061914301
2411,62,0.8795084800420602
3089,62,0.20389134762854627
10538,62,0.12865677331940326
11371,62,0.10735310774079791
20163,62,0.24599477675291198
21021,62,0.4132751791534569
23337,62,0.29181726561323473
2416,62,1.047836659092843
6234,62,0.22968438855091322
9264,62,0.10867214033381971
13200,62,0.13951065220803802
21026,62,0.3185030219425065
22085,62,0.3086736576539046
24133,62,0.20427310510140337
3274,62,0.24278776352984435
21031,62,0.3299128040629922
1962,62,1.5821102139551595
2426,62,0.29251458610597914
8401,62,0.2303717430622662
9274,62,0.08720051643132647
14993,62,0.1166386573955468
22095,62,0.2574630330405635
25011,62,0.14044856753394924
2431,62,0.20468541106664204
4186,62,0.13635124518893477
8189,62,0.25642444748682336
14998,62,0.04537016305233268
22100,62,0.2340221373085537
23148,62,0.18987670868688308
24148,62,0.2451196059706439
1845,62,0.8185418042935084
2436,62,0.24085203279611206
8413,62,0.21789289207273851
9502,62,0.3261417411937798
10354,62,0.18259267722900663
21046,62,0.24871413274293552
23153,62,0.30895746611961344
3119,62,0.3036640665583389
6259,62,0.25791192579125277
7117,62,0.2139445000574016
8199,62,0.2503784190849881
12433,62,0.08088567518706893
13388,62,0.006141211315091078
15008,62,0.041627396348995954
16013,62,0.13440413518395508
17036,62,0.09036709551700516
18912,62,0.09148740295541444
22110,62,0.3552289930432309
24158,62,0.2986228276359519
2446,62,0.3559182376678878
3298,62,0.23296336474614893
4200,62,0.23810847115234013
6051,62,0.26107263474969844
9294,62,0.13625672092023985
10364,62,0.14133764373701113
11406,62,0.2553254972655686
12438,62,0.06883394506933449
13393,62,0.07431156293109453
15013,62,0.0927921485122358
18077,62,0.28384294968132673
18917,62,0.20702195532393852
22115,62,0.3761960682384335
25031,62,0.22295484520816022
25856,62,0.12466228045833652
27857,62,1.7766813751739514
3303,62,1.4185333835683565
4205,62,0.2588958465566864
5208,62,0.18299501557856843
6269,62,0.37877847692175765
7126,62,0.2688410882724171
8209,62,0.42678144161724885
9298,62,0.34355130895039615
11410,62,0.07550202838547879
27967,62,0.1869723154537065
27981,62,0.05499871029053984
28051,62,0.5177604488516335
16225,62,0.18195040305638482
17045,62,0.2216224424604729
19987,62,0.31165728448629104
21060,62,0.4852642361140819
24166,62,0.11804813585937272
25860,62,0.10488450864363265
27918,63,0.015850078299028847
8211,63,0.015580286618054773
9083,63,0.019142676208417236
28125,63,0.01698427645385751
20418,63,0.016250301242905815
5210,63,0.01659131619493075
6057,63,0.015018152866200729
7130,63,0.014426665419345234
7997,63,0.014857412449123466
9087,63,0.015451029310750654
9948,63,0.01619908995695305
18291,63,0.016657968366020258
18922,63,0.017162316153270102
19776,63,0.01721715235539037
20849,63,0.017316203249925506
21908,63,0.018296649999668353
3482,63,0.021827204452341903
4019,63,0.02542258190819847
4798,63,0.019089855200725227
5849,63,0.015760747282505927
7136,63,0.014738665514038985
8002,63,0.015075067679141492
9092,63,0.014900462155906725
10161,63,0.0165004360965221
11204,63,0.01788017991289069
12238,63,0.017576667606930475
16840,63,0.019093308515791697
17874,63,0.017902558194606007
18716,63,0.01725915203416675
19565,63,0.016862378462155127
21913,63,0.01761362247763772
22961,63,0.02267418314797899
2451,63,0.02184934121515963
3131,63,0.05404428711156534
4023,63,0.020303712974379988
5007,63,0.017391187908787686
5853,63,0.015046179060214252
6925,63,0.016230156015907927
9097,63,0.016848882485728016
10167,63,0.017153496825792574
11209,63,0.017235260905694397
12241,63,0.0165890862851684
13218,63,0.016564686171681435
14012,63,0.017313659651827268
16843,63,0.01779766651925699
1745,63,0.015843271633313224
2293,63,0.0696867574055509
3135,63,0.01811449890103558
4028,63,0.05301004531874913
27900,63,0.01651104386834967
7146,63,0.015830076116564184
8012,63,0.01618083701070577
15826,63,0.05724083698716651
1645,63,0.018708993376843883
3141,63,0.07106829214717528
7150,63,0.016135503171983933
17890,63,0.05797594967948524
9111,63,0.02043128465468557
12255,63,0.05476086752161256
1279,63,0.05921294682658098
11228,63,0.016846788738420573
12260,63,0.0576020281820558
13237,63,0.13247482090705348
17899,63,0.20298130866354175
18951,63,0.13017174142264407
21937,63,0.22047541890603917
1191,63,0.13396797552290501
4048,63,0.09987368465528033
5032,63,0.06988143949374773
10193,63,0.02804991585577185
11233,63,0.10693078766957174
28017,63,0.0656249162079245
17904,63,0.12502081338293144
18744,63,0.12631344767859728
19810,63,0.27094150384791305
4833,63,0.07176022508769657
18749,63,0.12105985348098058
20888,63,0.33734015263280814
22995,63,0.3375823200710708
861,63,0.22135864035559943
24016,63,0.19233337175067772
788,63,0.2553952902902902
14856,63,0.2081334482195626
24021,63,0.19218687841212054
582,63,0.3817422622908411
15865,63,0.12098815598047644
24026,63,0.12510715168178368
25078,63,0.061511355927153184
25750,63,0.21982084770742183
6974,63,0.1713356496732485
15870,63,0.08485294208295595
24914,63,0.1189073492834169
25754,63,0.059119126027625236
27093,63,0.16156444606668213
803,63,0.32810864337050843
8061,63,0.17349824855149723
15875,63,0.12945011936225068
25760,63,0.13285776570769425
305,63,0.5600371975132894
7200,63,0.20815423843187747
8065,63,0.24214098550958849
15880,63,0.08142784541961254
16903,63,0.08731873157037605
26316,63,0.13958543059457135
26733,63,0.1446576588372129
27338,63,0.1480293172749918
259,63,0.595417227870715
8289,63,0.2369515599143552
9161,63,0.2043012083103028
16909,63,0.08057598827743442
17944,63,0.050904651774079344
26321,63,0.20000806772512447
27108,63,0.13874093070999285
266,63,0.6500472126232905
8075,63,0.24185740491970614
18790,63,0.06587624526588681
270,63,0.607701174281695
10449,63,0.28044262903817224
11283,63,0.26465867521039804
17953,63,0.08072091664321072
113,63,0.6317783643192212
827,63,0.43956370028193475
11287,63,0.29552444370717246
17958,63,0.10921701863580778
18799,63,0.16440538130988838
26753,63,0.1244004134207026
27406,63,0.19562653832722035
27608,63,0.36908754077752803
19654,63,0.13011022270795816
27127,63,0.12531811469781629
27674,63,0.3816918465924434
44,63,0.6438236798636753
27313,63,0.09954706801051513
27723,63,0.16423093254780136
16,63,0.7088912087678992
9190,63,0.36203124164467726
12334,63,0.36222473656584697
13312,63,0.38518338652913364
27137,63,0.04504110043264014
27623,63,0.040258403863909914
27795,63,0.12419931631513322
7,63,0.6917489925831831
103,63,0.682694770709547
508,63,0.6628844204049469
847,63,0.6039598142739252
12339,63,0.4302309454106771
13317,63,0.4571558586138104
19884,63,0.30754059902455183
2,63,0.7448600834122558
108,63,0.732253400089643
13322,63,0.496550714006723
14115,63,0.4479615033996485
22231,63,0.15429885373333935
27381,63,0.045287791925805225
27633,63,0.1734331487294769
27814,63,0.11495973179709135
6,63,0.7494596602740246
112,63,0.6716839858249233
258,63,0.6727378321157123
1275,63,0.6888804747088825
2541,63,0.4312321717033139
13326,63,0.346688061022003
17988,63,0.263298526070923
21180,63,0.3093860974247306
22025,63,0.2940519308291507
27436,63,0.12457296924627234
27638,63,0.052305353759015474
11322,63,0.43997742030520726
15732,63,0.41217105949960675
17993,63,0.22834603438537862
18834,63,0.1856803192989388
22031,63,0.2928482163331663
23079,63,0.37340686884709107
2390,63,0.6743478443407862
14130,63,0.4283243804925735
15737,63,0.5073713372407747
22036,63,0.48324862580894357
27869,63,0.7484875984932796
4127,63,0.2729372721907922
13341,63,0.16352004747999233
15944,63,0.6820631045072778
24957,63,0.14176959887509474
3230,63,0.8714607127735295
4132,63,0.8392509197849525
14001,63,0.1444894431062295
14945,63,0.0828833048933676
3235,63,0.38318795683278706
5140,63,0.7380751257152375
14950,63,0.17151526849234852
16977,63,0.0678858649323834
18013,63,0.18738213701147158
23099,63,0.09624485703965409
2721,63,0.9677528634463559
4141,63,0.4457855910034753
5992,63,0.42289788201906625
15958,63,0.2221560474346986
20996,63,0.12679689267365601
25487,63,0.19513156319061808
2557,63,1.1082447703338212
3244,63,0.44330785119744703
4146,63,0.49169093126010144
4941,63,0.5070461022449996
7283,63,0.4037206989113659
18022,63,0.07795215085621778
19928,63,0.052079472527481345
21002,63,0.10488533462280647
24976,63,0.15926062457264334
2396,63,0.7971802962331409
9244,63,0.3453623061732346
18027,63,0.18790026726555673
18867,63,0.12043173393515863
19933,63,0.12485892431751375
6219,63,0.5130397461375693
7077,63,0.51820344297999
9249,63,0.4153384414600811
10319,63,0.33782735558980154
15973,63,0.1779277846774262
16996,63,0.27035237613114405
19938,63,0.23679891710078385
21011,63,0.2847662107606669
22071,63,0.20656495539424555
2406,63,0.6738779501564794
3259,63,0.5451165167070591
6224,63,0.5727918305541788
7082,63,0.5419286274297538
8164,63,0.5492118691875592
18037,63,0.3713552513782282
18877,63,0.3343927733970384
19944,63,0.24152695453959916
21016,63,0.26887018500568405
23123,63,0.14586108915749318
24991,63,0.09168685328960686
2411,63,0.5482057998019073
3089,63,0.6524952054037422
4166,63,0.6103808972239373
10538,63,0.4799845189499522
11371,63,0.4251069389720366
21021,63,0.2804351370713982
23337,63,0.3509615533606739
2416,63,0.6248164936487937
5174,63,0.6449094621285143
9264,63,0.6478164657642226
13200,63,0.5009970779212338
21026,63,0.43265639025454583
22085,63,0.4691493720789904
24133,63,0.41784260983479454
3274,63,0.6421419080546041
9487,63,0.6676009720268868
14989,63,0.42246234390329823
21031,63,0.4536878149047019
23138,63,0.667181121963953
1962,63,1.452019770561843
2426,63,0.5732291131167231
6244,63,0.6773598714361133
8401,63,0.6186784361827841
22095,63,0.5429975468879931
25011,63,0.576930755669311
2431,63,0.504081495865875
4186,63,0.647110385487737
8189,63,0.6282000398761322
14998,63,0.5817088833857967
22100,63,0.6473941307468097
23148,63,0.674083456187941
24148,63,0.6441354080701817
1845,63,0.827677330721271
2436,63,0.5104245420274403
4190,63,0.4688301312600225
4985,63,0.486784393832636
8413,63,0.46338983483185725
9502,63,0.4873559351299224
21046,63,0.4392804835763978
23153,63,0.5795215066021722
2441,63,0.5755287459223132
3119,63,0.5428119613173717
7117,63,0.41021026129255506
8199,63,0.4064928096649055
12433,63,0.41279808967339315
13388,63,0.5193478183193317
15008,63,0.5542346113996488
16013,63,0.5488357184920458
17036,63,0.5135291421277335
22110,63,0.4222847217239094
24158,63,0.45815625596922127
2446,63,0.5830929794370802
3298,63,0.5249297079984969
4200,63,0.5945284763070449
6051,63,0.46411665915784234
9294,63,0.473644408029526
10364,63,0.44983667351463263
11406,63,0.3475590875617458
12438,63,0.3703815255154803
15013,63,0.28556901804541596
18077,63,0.2784093573195828
18917,63,0.23707957727499057
21056,63,0.30948016538254774
22115,63,0.27286368019484636
25031,63,0.7129531059637872
25856,63,0.9014766343264168
27857,63,1.8251879597180964
3303,63,1.5698480778430512
4205,63,0.5670748173844268
6269,63,0.6492587373457755
7126,63,0.4107257851151846
8209,63,0.6514630130632922
9298,63,0.4632898160508947
11410,63,0.37535409660862334
27967,63,0.48271776346039846
27981,63,0.2985909686684618
28051,63,1.0014730915395427
16225,63,0.34520414632693985
17045,63,0.3375872062778012
19987,63,0.7726598462476095
21060,63,0.439266577245144
23166,63,1.2271980316728184
25860,63,0.9231593049154244
27918,64,0.010271525487502382
8211,64,0.009836031024284
9083,64,0.01248239654440291
28125,64,0.006905911701409176
20418,64,0.006510982860522088
5210,64,0.013158728617046086
6057,64,0.014211348481248703
7130,64,0.006282754127507744
7997,64,0.006672708341581179
9087,64,0.003904466377994245
9948,64,0.005192439089966116
18291,64,0.004673382058054416
18922,64,0.005638994623838102
19776,64,0.0057631961883832855
20849,64,0.0066392888208982705
21908,64,0.007736951406201969
3482,64,0.013699318535031953
4019,64,0.01700663343146241
4798,64,0.01236704966358604
5849,64,0.011127103387420772
7136,64,0.006676083298554147
8002,64,0.00705686362213063
9092,64,0.003348169237832631
10161,64,0.006010534565982417
11204,64,0.008658595067798662
12238,64,0.007619442938168349
16840,64,0.005546418871456568
17874,64,0.004911962452554079
18716,64,0.0054658316952300705
19565,64,0.005263964320964433
21913,64,0.006743706647362916
22961,64,0.012197334083683852
2451,64,0.02121346018264074
3131,64,0.013152534123483136
4023,64,0.012956345626154327
5007,64,0.010959394505074568
5853,64,0.009048725108923366
6925,64,0.00571009276841012
9097,64,0.004504330058851582
10167,64,0.00580486385807413
11209,64,0.006025535053625531
12241,64,0.005471816325543452
13218,64,0.008713735007079535
14012,64,0.007014204185209349
16843,64,0.008045785553730542
1745,64,0.01916315228051896
2293,64,0.04836962512525208
3135,64,0.013401111193244096
4028,64,0.012106126042829457
27900,64,0.007259852218466371
7146,64,0.0050938409744199
8012,64,0.00351826742411031
15826,64,0.08664144407626835
1645,64,0.053059599815511484
3141,64,0.02584626090888564
7150,64,0.014573471526156895
9111,64,0.014381788552530504
12255,64,0.025149049141532254
1279,64,0.1508377319083338
4042,64,0.06924313163147515
11228,64,0.023517070374198795
12260,64,0.0812447452523788
13237,64,0.05509351491978357
14836,64,0.0699305322570879
17899,64,0.2862823518289203
18951,64,0.35692951960531805
21937,64,0.09400543215638181
1191,64,0.08979009326323761
4048,64,0.04079148354074688
5032,64,0.01452821779728533
10193,64,0.06384947702451975
11233,64,0.09192965348913955
28017,64,0.08676353384014075
13243,64,0.05495464857933135
17904,64,0.28044647695153246
19810,64,0.2844160281936122
4833,64,0.027373898802436583
6096,64,0.019307103591318032
18749,64,0.277551135681212
20888,64,0.06934603692140998
22995,64,0.0721309220128813
861,64,0.2013168025986436
24016,64,0.010721976740991061
788,64,0.19153107053071045
14052,64,0.041876373021077856
14856,64,0.05558724117797585
24021,64,0.01949901664883986
25073,64,0.022696232096387017
582,64,0.2830122127730377
15865,64,0.08606721760750095
24026,64,0.06094437131697162
25078,64,0.16391861825318432
520,64,0.27979226851036487
6974,64,0.0217402759830477
15870,64,0.11752668235688662
24914,64,0.11123443993382941
25754,64,0.11800860982567261
27093,64,0.13964065697797015
803,64,0.2242065425480337
8061,64,0.05872075143957467
15875,64,0.10452605503848113
25760,64,0.11897945973480534
305,64,0.4122094207184229
7200,64,0.1704034294025068
8065,64,0.06579778695472255
15880,64,0.1397403668878626
16903,64,0.14759688766491397
26316,64,0.05181411734611042
26733,64,0.049271861242834905
259,64,0.4100558230925223
8289,64,0.030972929387742883
9161,64,0.030644672066529547
17944,64,0.14581516589598625
26321,64,0.12152898222267008
27108,64,0.055943137259349865
266,64,0.3960446911626065
8075,64,0.10421816204734735
17949,64,0.20217904213920296
270,64,0.5004242063003438
11283,64,0.09728359298699503
17953,64,0.24480335820521132
18794,64,0.2739968267332596
113,64,0.528856255848
827,64,0.2965050519292771
11287,64,0.0863741871021332
17958,64,0.3100470306466469
18799,64,0.3054440627189951
27406,64,0.05185590694441583
27608,64,0.26005555153411086
13301,64,0.1263908976505965
19654,64,0.32582311663259234
27127,64,0.10900813880930975
27411,64,0.09854202252866262
27674,64,0.3792032709074489
44,64,0.6783446606689404
11711,64,0.11494013016526601
27313,64,0.09935269506464739
27723,64,0.06095200850841108
16,64,0.7132399307295462
131,64,0.7048972800465207
12334,64,0.14954849658178906
27137,64,0.16693915335126974
27623,64,0.0965572929489311
27795,64,0.05721028710821477
7,64,0.763767517900134
103,64,0.7348773011280089
508,64,0.6887681662151527
847,64,0.645539828294074
12339,64,0.12305598515776223
13317,64,0.20136343372212048
19884,64,0.36821004169359534
2,64,0.7648166034412741
108,64,0.7341751445993531
13322,64,0.1456588696638434
14115,64,0.20459373147163268
22231,64,0.28937759817603026
27381,64,0.16568048520346834
27633,64,0.06077917989114475
27814,64,0.03963733819342825
6,64,0.7986503594587717
112,64,0.7948289146489811
258,64,0.7433394558648446
1275,64,0.7550247409946534
2541,64,0.5641219631236822
13326,64,0.13074072123849648
17988,64,0.33960487432519365
21180,64,0.4349592078552083
22025,64,0.3607382240188121
27436,64,0.06483556008818639
27638,64,0.16830438325982386
11322,64,0.22685739457890622
15732,64,0.0380102221547168
18834,64,0.390559748477666
22031,64,0.39785897876947945
23079,64,0.44845502828337563
27607,64,0.03361793529252284
1841,64,0.7865839756278918
2390,64,0.39856820616812094
14130,64,0.5231757467702391
15737,64,0.09395979915928974
22036,64,0.6341225069504333
27869,64,0.8225047742061806
4127,64,1.0087166628751547
13341,64,0.7086407117880665
15944,64,0.21312953327069703
24957,64,0.2621514773183534
3230,64,0.7761338989039143
3235,64,0.2525051630638601
5140,64,0.32414304891364115
16977,64,0.17706105931790692
18013,64,0.11919252263569886
2721,64,0.9930878505784781
15958,64,0.3642971041831642
20996,64,0.19197529871167746
25487,64,0.1904678767987022
2557,64,1.0797555581582408
3244,64,0.34017048297901553
4146,64,0.4588790241471835
4941,64,0.5213354434623408
7283,64,0.3889354069532266
18022,64,0.16289844838509177
19928,64,0.15923364077043178
21002,64,0.15886029494066495
24976,64,0.13139559602663523
2396,64,0.6496466018941891
3250,64,0.36229798170934036
9244,64,0.30014852758648053
18027,64,0.21595736175160749
3254,64,0.36537636825669717
6219,64,0.58315311309261
7077,64,0.5545738232652073
9249,64,0.3270403351715987
10319,64,0.2891578693623172
15973,64,0.1621417688108707
16996,64,0.20115440448401384
19938,64,0.23256221478772807
21011,64,0.17861042724699178
22071,64,0.2530049619527355
2406,64,0.34927048821456186
3259,64,0.3414655054978891
6224,64,0.5067755983544368
7082,64,0.5518157556470666
8164,64,0.5287510160464194
18037,64,0.2450713904582231
18877,64,0.253163198345295
19944,64,0.3046933863327772
21016,64,0.24337694098326723
23123,64,0.1372031525964346
24991,64,0.2042878017373165
2411,64,0.33542203047628527
3089,64,0.3608324873938658
4166,64,0.38630623924244883
10538,64,0.3544635116561312
11371,64,0.3430825887461748
12403,64,0.40026631591247913
21021,64,0.24028771766990958
23337,64,0.22852277888375452
2416,64,0.312808616023324
5174,64,0.3945515218912786
9264,64,0.47094520305270726
13200,64,0.38533025997888765
21026,64,0.24016475341881724
22085,64,0.25783604896420265
3274,64,0.2800489965466638
6239,64,0.3947820033939648
15791,64,0.1878255864443808
21031,64,0.20925523232029508
1962,64,1.291107596596455
2426,64,0.27182437025253386
6244,64,0.38064233180582885
8401,64,0.44822379687140235
22095,64,0.21484933221504793
25011,64,0.057946099239482234
2431,64,0.21164624115441924
4186,64,0.2909973562425402
8189,64,0.43077712540336005
14998,64,0.3572420672073411
19114,64,0.06481675376673367
23148,64,0.17977555730734376
24148,64,0.18531368568417242
25016,64,0.29593010375381895
1845,64,0.2531033971692877
2436,64,0.24588170130122136
4190,64,0.1626937419739547
4985,64,0.12462449355105971
6039,64,0.3363913150215467
7113,64,0.12430925112802914
8413,64,0.16302849368463246
9502,64,0.2978785683061563
21046,64,0.13656414345415294
23153,64,0.1959502990157787
2441,64,0.15009260396057084
3119,64,0.18083749523599352
7117,64,0.14560575903172188
8199,64,0.16075012495544597
12433,64,0.23664833320745204
13388,64,0.3046777651597968
17036,64,0.27106684721563684
22110,64,0.2571078816521827
24158,64,0.3690564311184984
2446,64,0.20361191790037636
3298,64,0.20216055937727334
4200,64,0.194497207164016
6051,64,0.1693428904471203
9294,64,0.1974764863226191
10364,64,0.1324470724456234
11406,64,0.17161476374633564
15013,64,0.20840262491849373
18077,64,0.2086809062125728
18917,64,0.11453334653110966
21056,64,0.20316391235069023
22115,64,0.2881581746788981
25856,64,0.6355836206689736
27857,64,1.7140837011002306
3303,64,1.5915277654815507
4205,64,0.22379209048646648
6269,64,0.28562089224964143
7126,64,0.11715332151589247
8209,64,0.25158342529735084
9298,64,0.23256576339921534
11410,64,0.16145040099137872
27967,64,0.10394815289899714
27981,64,0.23287222547076047
28051,64,0.6221736591558492
16225,64,0.13651993190334952
17045,64,0.14897388140043116
19987,64,0.8564614778590435
21060,64,0.16428058303856502
23166,64,0.8744816262478784
25860,64,0.6382555807572977
27918,65,0.00957742190568377
8211,65,0.008969040588059382
9083,65,0.013926630376789081
28125,65,0.01429799726733421
20418,65,0.01626331977296569
5210,65,0.012591643282887508
6057,65,0.01067784114275239
7130,65,0.007113022579873256
7997,65,0.00743186443549099
9087,65,0.007760479379873718
9948,65,0.0074746761020721775
18291,65,0.012094823818024686
18922,65,0.01302587108276834
19776,65,0.013328041424092664
20849,65,0.016787058542254287
21908,65,0.01833080972556715
3482,65,0.01938927132145359
4019,65,0.023897815290976534
4798,65,0.013490401546864853
5849,65,0.010972462384909506
7136,65,0.006961278780283885
8002,65,0.006908693301427307
9092,65,0.006226791088342037
10161,65,0.006538438574582981
11204,65,0.012394889798335399
12238,65,0.010055181159385295
16840,65,0.013809660675260209
17874,65,0.013324588198510167
18716,65,0.012945482683137593
19565,65,0.012631034020687774
21913,65,0.018504280803615436
22961,65,0.021632985761205054
2451,65,0.019235605538105237
3131,65,0.051297626509347764
4023,65,0.01670383318895461
5007,65,0.01248772259135406
5853,65,0.011020729303800691
6925,65,0.006565319831163606
9097,65,0.006223054070351189
10167,65,0.006212714172926858
11209,65,0.008442923222146355
12241,65,0.009729612461232417
13218,65,0.013023123851116177
14012,65,0.014253963222633123
16843,65,0.014932093209387596
1745,65,0.01578482373599759
2293,65,0.023297728000330125
3135,65,0.015014794580462511
4028,65,0.013094758374629515
27900,65,0.007495294811256243
7146,65,0.00661557141037844
8012,65,0.07778288866809197
1645,65,0.059616265513393725
3141,65,0.009982694535580282
7150,65,0.018471084888159694
8016,65,0.010340214887039388
9111,65,0.07889036105706868
12255,65,0.026452456990623163
1279,65,0.09043091629836214
12260,65,0.025684673150657696
13237,65,0.018816265972670262
14836,65,0.04273696083213487
17899,65,0.23285662571658217
21937,65,0.11966449970203465
1191,65,0.10483125713537286
5032,65,0.03174707566287611
10193,65,0.05331515718023093
11233,65,0.02720827920913965
28017,65,0.04160270876414381
13243,65,0.013784498764430482
19810,65,0.13304235499667297
4833,65,0.0403071337805772
6096,65,0.019917156162351096
18749,65,0.058581400716921465
20888,65,0.07895253153155145
861,65,0.18797265479632375
24016,65,0.07639836643642679
788,65,0.19005982304452107
14856,65,0.028371905810549547
24021,65,0.09749484440940062
25073,65,0.10006146359938924
582,65,0.26562003732280287
15865,65,0.029937101345368304
24026,65,0.0668543465771274
25078,65,0.03009708466156886
520,65,0.3172043536722089
6974,65,0.017964744058381776
15870,65,0.0272010291070813
24914,65,0.061489316538830545
25754,65,0.14364937956196366
27093,65,0.09373818351638293
464,65,0.29097840897824867
8061,65,0.014517715873158685
15875,65,0.031337562829427144
25760,65,0.20277616505292748
305,65,0.3994140121633374
8065,65,0.03976672947909898
15880,65,0.09218074698016177
16903,65,0.09387036063583094
26316,65,0.270431888576094
26733,65,0.26911459024401685
259,65,0.40349214774806463
8289,65,0.08254301444998896
9161,65,0.06602694315814112
17944,65,0.0915007713390933
26321,65,0.20429916537769693
27108,65,0.27608444494686507
266,65,0.4569755155688236
8075,65,0.08227335467748889
270,65,0.48738102525728705
11283,65,0.09285580662688471
17953,65,0.16348552295494742
18794,65,0.15610762248966445
27402,65,0.19914832415652942
113,65,0.48439746342110535
827,65,0.22535104891249402
10246,65,0.047090507578083134
11287,65,0.08171819347296261
17958,65,0.1536587265303075
18799,65,0.15054004705319807
27406,65,0.20677953293150317
27608,65,0.11958187187475341
234,65,0.49095280836987015
13301,65,0.09299349380313121
19654,65,0.18700764700705405
27127,65,0.203186670111787
27674,65,0.12077307060785238
44,65,0.5783496240511325
838,65,0.3108071603107408
11711,65,0.047684511629618516
12124,65,0.04291797233081146
27313,65,0.13791217573214534
27723,65,0.04250702749266203
16,65,0.668524261879566
12334,65,0.05228405739978305
27137,65,0.13931057054589882
27623,65,0.06432105654417984
27795,65,0.030267954900174053
7,65,0.6701172733068504
103,65,0.6539082860737759
508,65,0.6095161070868665
847,65,0.5363234645463172
12339,65,0.06411089554118807
19884,65,0.3146122965334016
27075,65,0.19951367649924026
2,65,0.7753104955603412
108,65,0.770829198836979
13322,65,0.07146979780708292
14115,65,0.0753273953606454
22231,65,0.5870747463563357
27381,65,0.13811913855900548
27633,65,0.1431020423111985
27814,65,0.07008401702578303
6,65,0.8644060241160072
112,65,0.8180211653883799
258,65,0.8437775875047296
1275,65,0.7614770349625994
2541,65,0.3631666605918825
13326,65,0.6144219612359196
17988,65,0.25434902999206815
22025,65,0.607876592584659
27436,65,0.0998269941663605
27638,65,0.06991156741374671
2385,65,0.09772162929562073
11322,65,0.3338792755926223
15732,65,0.36330593900508906
18834,65,0.33538343202328735
22031,65,0.44270043504786194
23079,65,0.6265692459875198
27607,65,0.04527849748685414
2390,65,0.23535927729503467
10285,65,0.2538546938740969
14130,65,0.29077128820665743
15737,65,0.23281213363728623
22036,65,0.4918647492333401
27869,65,0.8071600414912262
2394,65,0.13848298155774322
4127,65,0.5156381552782807
13341,65,0.36883095902718144
14135,65,0.24701387602752672
14940,65,0.33360011809336
15944,65,0.1261314036498421
3230,65,0.12516661903576198
3235,65,0.1269181816652533
5140,65,0.3775178481076869
18013,65,0.20910945080508261
2721,65,0.8367819901561958
15958,65,0.4202995239495809
20996,65,0.19029542895650176
25487,65,0.228795182130652
2557,65,0.9593523817686817
3244,65,0.015918779314545974
4146,65,0.011721702366888208
4941,65,0.06958820163394228
7283,65,0.6635647758153906
18022,65,0.29153980850840344
19928,65,0.12488245164735749
21002,65,0.16058279720414792
24976,65,0.1084141764329717
2396,65,1.0400366330037536
3250,65,0.07928775124931155
5154,65,0.058181038779468
9244,65,0.5260082345719068
18027,65,0.2086185162246251
22065,65,0.04473154388175767
3254,65,0.0802133717232067
6219,65,0.13309765846429059
7077,65,0.24265675032516051
9249,65,0.35007794375661666
10319,65,0.24356177588051592
16996,65,0.21952468113008103
18872,65,0.1353485133090393
19938,65,0.1194276996381298
21011,65,0.08988242324700194
22071,65,0.03700991122942724
2406,65,0.3216113144239182
3259,65,0.10759159086793892
6224,65,0.12019026179691412
7082,65,0.13623004134882127
8164,65,0.16744848716850858
18037,65,0.20331579707715755
18877,65,0.18095775949956644
19944,65,0.1706466584448952
21016,65,0.1280563474108375
22075,65,0.0709354265675136
23123,65,0.08334555905078403
24991,65,0.11666831543277957
2411,65,0.34520791872701634
3089,65,0.16536269977710985
10538,65,0.016002104587945765
11371,65,0.03637204664496689
12403,65,0.06984736465872272
18882,65,0.14162076039196098
21021,65,0.20038194032143736
23337,65,0.09904727235074046
2416,65,0.19691513466958366
5174,65,0.14852579527187595
9264,65,0.12339827770069542
14984,65,0.1115639251120941
19953,65,0.20904986882695914
21026,65,0.19748908380117414
22085,65,0.13935116021758528
3274,65,0.1394198937845209
6239,65,0.1572891377134047
1962,65,1.3804896274650464
2426,65,0.21214424026717757
5184,65,0.1852031666181741
25011,65,0.2243282103583703
2431,65,0.22826983134293996
4186,65,0.27451362247634253
7107,65,0.20175597256260303
8189,65,0.22955248296597353
14998,65,0.42149341604897694
23148,65,0.2843276316766979
24148,65,0.22173745898544858
25016,65,0.19183752807266377
1845,65,0.24365751805611152
2436,65,0.21848549967198067
4190,65,0.2993876772661357
4985,65,0.3234418636012595
6039,65,0.25538417305845895
7113,65,0.31509797588445587
8413,65,0.33698408719172945
9502,65,0.3410661279694933
10354,65,0.30361712943905145
21046,65,0.3527340501412626
23153,65,0.44570750385583807
2441,65,0.30503587060438514
3119,65,0.3824483552047634
7117,65,0.3598372890205304
8199,65,0.3788753800338054
12433,65,0.3231129938567206
13388,65,0.3708035113952468
17036,65,0.39502507008570664
18072,65,0.36443910599615364
18912,65,0.28692834556035335
22110,65,0.5000740711312388
24158,65,0.4512587988695114
2446,65,0.265190662902695
4200,65,0.36542989120512787
6051,65,0.3847833905201532
7122,65,0.38332220860998883
9294,65,0.45552010747077026
10364,65,0.37351812001032636
11406,65,0.39498632530079447
15013,65,0.2338193822607685
18077,65,0.5043946307197096
18917,65,0.1857139831840933
22115,65,0.5342432787597143
24163,65,0.3971904112271355
25856,65,0.642009332951625
27857,65,1.5592462018750666
3303,65,1.3395935355330928
4205,65,0.3551342149087917
5208,65,0.3709227569697417
6269,65,0.3998290889096296
7126,65,0.3878826879680919
8209,65,0.44273615228790536
9298,65,0.4268575682438503
10368,65,0.38100506410978396
11410,65,0.3654159045385665
27967,65,0.3629713699338981
27981,65,0.3632583949149102
28051,65,0.3557280109348923
16225,65,0.4771694880732809
17045,65,0.49933362927728936
19987,65,1.116897566129636
21060,65,0.41248911930500526
23166,65,0.3613682986004885
24166,65,0.3101787671753059
25860,65,0.1350290063823056
27918,66,0.015400968783994523
8211,66,0.015204846858585789
9083,66,0.015062495908241859
28125,66,0.025349818529036994
20418,66,0.02831172482447373
5210,66,0.009505295489479757
6057,66,0.010617314467735355
7130,66,0.013342500093101632
7997,66,0.012877319110565704
9087,66,0.016133172820250227
9948,66,0.015209727318962044
18291,66,0.024773377757308437
18922,66,0.02498745753477505
19776,66,0.024698826069736026
20849,66,0.026201806670930857
21908,66,0.02640901996017029
3482,66,0.014652334851920207
4019,66,0.016577248068837078
4798,66,0.01037199611276971
5849,66,0.011070191691980426
7136,66,0.013099186085982272
8002,66,0.012604424533019978
9092,66,0.016849661387388193
10161,66,0.01531616352288593
11204,66,0.017133593219516307
12238,66,0.014035116932335287
16840,66,0.024899885350332905
17874,66,0.02535306937924416
18716,66,0.024625928445036114
19565,66,0.02409475215299878
21913,66,0.024762488207883647
22961,66,0.024709862254663765
2451,66,0.013294499817161708
3131,66,0.03121614441172649
4023,66,0.013022913021959657
5007,66,0.010092535158127953
5853,66,0.011039379136366262
6925,66,0.014538792153074465
9097,66,0.01636253935190202
10167,66,0.016525103972922423
11209,66,0.014688299324522605
12241,66,0.01438125128497169
13218,66,0.018484330853421427
14012,66,0.018866707958381964
16843,66,0.0263609339258939
1745,66,0.060679388667548934
2293,66,0.08473224553585477
3135,66,0.013092276191966843
4028,66,0.011080111314416021
27900,66,0.013999991659444088
7146,66,0.015021132578358413
8012,66,0.06906275291969012
1645,66,0.04247347910987623
3141,66,0.03723095079771237
7150,66,0.0322126036515694
8016,66,0.03257913356421645
9111,66,0.07593786346051963
12255,66,0.1836206120086195
1279,66,0.07389903154938236
12260,66,0.14356759671735156
14836,66,0.10026614230504216
17899,66,0.11507254014070206
21937,66,0.05137372853711533
1191,66,0.07240918330473503
5032,66,0.06089318627430092
10193,66,0.16596299132731207
11233,66,0.13421481098176144
28017,66,0.07107445014959868
13243,66,0.2004272473576803
18744,66,0.07870121098885113
19810,66,0.06663143278289659
4833,66,0.08781193936417443
6096,66,0.05813985070873678
18749,66,0.04789129414034048
20888,66,0.11838020732818555
861,66,0.16620836671643552
13253,66,0.1302608850467191
23000,66,0.11584372365760683
24016,66,0.10832905733394663
788,66,0.19569755264343755
14856,66,0.09599063628452827
24021,66,0.11314682628876971
25073,66,0.09330320885646194
582,66,0.2835003557027431
14861,66,0.10905299546584643
15865,66,0.16120557399866456
25078,66,0.07095474662834497
6974,66,0.11666518040223416
15870,66,0.0912822331125558
24914,66,0.06993224626648849
25754,66,0.0563591977009298
27093,66,0.06030955271567407
8061,66,0.08827773126436034
15875,66,0.11277403613164655
305,66,0.38079899046289484
15880,66,0.11581593092353978
16903,66,0.09904621251836686
26316,66,0.06985129057193841
26733,66,0.024157818245605506
259,66,0.41853327849429034
8289,66,0.1067411465904628
17944,66,0.08887276439661163
26321,66,0.10579602125345919
27108,66,0.16894182565652396
266,66,0.44116773805024423
8075,66,0.13929437907183614
270,66,0.4257981718504442
11283,66,0.08161931371286321
17953,66,0.09182291955538492
27402,66,0.4170046831210797
113,66,0.5180607899639691
827,66,0.261677186763946
10246,66,0.03626558853523867
11287,66,0.030023993797909133
17958,66,0.10794503052905961
18799,66,0.10605456254086897
27608,66,0.10853110179348399
234,66,0.4997996502527561
19654,66,0.1466610651490068
27127,66,0.23758133314372556
27674,66,0.10576580179505958
44,66,0.6113344610553989
11711,66,0.03253283762467428
12124,66,0.051755641606789735
27313,66,0.21288578701185323
27723,66,0.06959045850974102
16,66,0.7125705083737729
12334,66,0.056865042306803185
13312,66,0.06933898204407196
27468,66,0.10115530555578062
27623,66,0.09016192191925067
27795,66,0.13824616883831684
7,66,0.795461775925503
103,66,0.6998978897269377
508,66,0.5486578888726211
847,66,0.4623959480399268
12339,66,0.012980834747346837
19884,66,0.30759512121884974
2,66,0.7907510107177105
108,66,0.7187119678225503
299,66,0.6969741507887235
13322,66,0.04542271976243139
14115,66,0.07942056464500305
22231,66,0.3517725817977983
27633,66,0.10446069662719593
27814,66,0.10250005517029055
6,66,0.8099816156101608
112,66,0.6917875149763331
258,66,0.6571470289502847
1275,66,0.5768984671838904
2541,66,0.2006173078940031
13326,66,0.4468275266381286
17988,66,0.13042366056601265
22025,66,0.45138055096481433
27436,66,0.155785565636727
27638,66,0.22205996764092376
2385,66,0.08853670343090121
11322,66,0.23200217708552925
15732,66,0.20274059857366522
17993,66,0.20455973383348902
18834,66,0.20430326210152366
22031,66,0.48175643330174794
23079,66,0.523670087199258
27607,66,0.027172963029931132
2390,66,0.1977386842182781
10285,66,0.1628079931890081
14130,66,0.3038121624386618
15737,66,0.18559905476023633
22036,66,0.370882022838324
27869,66,0.6099083907871441
4127,66,0.24318035600151236
13341,66,0.5268190377256736
14135,66,0.45847112489235364
14940,66,0.47652367082789704
15944,66,0.07623988920583803
3230,66,0.4110693149904903
14001,66,0.4910033512613533
3235,66,0.09834521991725544
5140,66,0.44519820139144917
23099,66,0.44332142598702867
4141,66,0.1687837428425846
5992,66,0.23059465731432985
15958,66,0.39617550280187347
20996,66,0.8791358803146639
25487,66,0.3393326514776405
2557,66,0.9055011554554049
3244,66,0.24375765595623228
4146,66,0.23696343838326345
4941,66,0.19291306743638048
7283,66,0.1841724665978244
18022,66,0.237060201715932
19928,66,0.07966531896839049
21002,66,0.4365279257983532
24976,66,0.290447744559842
2396,66,0.7920588256014182
5154,66,0.19517468733888202
9244,66,0.4592880688905193
18027,66,0.16886164575534626
22065,66,0.3388570310263808
3254,66,0.25352246048563776
6219,66,0.14196183403936266
9249,66,0.5379736084173699
10319,66,0.5910867978872053
16996,66,0.19511772690075116
18872,66,0.09183788695624172
19938,66,0.1230361007560492
22071,66,0.12906863852312553
2406,66,0.33189179087737797
3259,66,0.2582716158473677
6224,66,0.20057878384105174
7082,66,0.09758300959167313
8164,66,0.2137616688446586
18037,66,0.1338980884052634
18877,66,0.16563743519348803
19944,66,0.14983171976440943
21016,66,0.1335347083049845
22075,66,0.2765492803261793
23123,66,0.2577004516892411
24991,66,0.3486939876453075
2411,66,0.3317504836102842
3089,66,0.2324924732427092
7087,66,0.1619474292628844
8169,66,0.1978230034746114
10538,66,0.3851118927230305
11371,66,0.2666602187187951
12403,66,0.2811197692322537
21021,66,0.16551563788597315
23337,66,0.19644126370196593
2416,66,0.16069286677074526
5174,66,0.23159710930368063
9264,66,0.0952256813969637
14984,66,0.16734225548188889
19953,66,0.21208252836987387
21026,66,0.10868988085305417
22085,66,0.1857529551096493
14989,66,0.30787174606044915
23138,66,0.3190897784959495
2426,66,0.23701939383221582
3279,66,0.24355859662522034
9274,66,0.18108852858904656
25011,66,0.4367220544644103
1967,66,0.6425292178907078
2431,66,0.1540838673340307
4186,66,0.15180392533002432
5189,66,0.15425198780399915
7107,66,0.156376902469461
8189,66,0.16217993430478786
14998,66,0.35842467584862314
22100,66,0.3266499860156925
23148,66,0.36631854278322884
24148,66,0.42264631371347416
25016,66,0.48778678820433985
1845,66,0.6712460911705228
2436,66,0.2558394213094885
4985,66,0.11374491140181067
6039,66,0.13980271209782577
7113,66,0.12882879468781583
8413,66,0.13518110590481452
9502,66,0.12390840108011389
10354,66,0.17242142758744985
21046,66,0.2420670429458829
23153,66,0.2092156886934051
2441,66,0.26226456669282355
3119,66,0.23563191535941805
4990,66,0.15623732811419894
7117,66,0.13557499980364232
8199,66,0.12404653788277538
12433,66,0.20935677768143424
13388,66,0.22379789848244752
18072,66,0.5214468181627034
22110,66,0.21359943167306572
24158,66,0.18553601109689272
2446,66,0.2651328096531361
4200,66,0.27065475347555296
6051,66,0.17688987495805122
7122,66,0.19600696339490664
9294,66,0.12604682902249847
10364,66,0.102581033771455
11406,66,0.1633911510744546
15013,66,0.21913191316870337
18077,66,0.542202535601805
18917,66,0.3347901736085657
22115,66,0.418727594388056
25031,66,0.2663618249720602
25856,66,0.9390985689666108
27857,66,1.7193942194598433
3303,66,0.7818024089922728
4205,66,0.25376879943865543
5208,66,0.15251406364888062
6269,66,0.22713726192827216
9298,66,0.1423779274552089
11410,66,0.0161799102502681
27967,66,0.06881412856143233
27981,66,0.10628841043532011
28051,66,0.24008855700487522
16225,66,0.5510235753414547
17045,66,0.23200102779637177
19987,66,1.062773446584783
21060,66,0.5847162971924192
24166,66,0.3591998073893878
25860,66,0.4964359890984333
27918,67,0.013463667507520916
8211,67,0.013954990627103172
9083,67,0.015960833715317403
28125,67,0.02724719644861339
20418,67,0.033576436061153986
5210,67,0.005056747346008107
6057,67,0.0032374085511863875
7130,67,0.013112110209483684
7997,67,0.012909205008286257
9087,67,0.018615888015651436
9948,67,0.019386360749703152
18291,67,0.02569952910097617
18922,67,0.026706240707697674
19776,67,0.02701826617924535
20849,67,0.03080768345218796
21908,67,0.031082849187416616
3482,67,0.010753878862731426
4019,67,0.019109616649462625
4798,67,0.00632526960377898
5849,67,0.004175977471132068
7136,67,0.012470847239578416
8002,67,0.01304954981010394
9092,67,0.01883171954132113
10161,67,0.02005382125124765
11204,67,0.022893680453893398
12238,67,0.02296632913576085
16840,67,0.02419868183986836
17874,67,0.025559389068332303
18716,67,0.025787805512178425
19565,67,0.026287569640288964
21913,67,0.028881846071059314
22961,67,0.027791355139841815
2451,67,0.018057631491320274
3131,67,0.04376444976184952
4023,67,0.007637820865163475
5007,67,0.004038148850214748
5853,67,0.006595960855467415
6925,67,0.01330453903235717
9097,67,0.01943919360671186
10167,67,0.02055090903637398
11209,67,0.02231089092687718
12241,67,0.02253140210181642
13218,67,0.025908617723357605
14012,67,0.025116508436256804
16843,67,0.02834267095725109
1745,67,0.01212320153759134
2293,67,0.06862308520873624
3135,67,0.040215221944780395
4028,67,0.07453598606768409
27900,67,0.011682574574706703
7146,67,0.031400897193534255
8012,67,0.015657778205058672
1645,67,0.03424888702018314
3141,67,0.0196319339435556
7150,67,0.07619434277372245
9111,67,0.07821812417256369
12255,67,0.06235660771561836
1279,67,0.18454295677766183
11228,67,0.124796833295533
12260,67,0.13061147799171205
14836,67,0.08247527492927473
17899,67,0.11463400793735194
21937,67,0.18616725611755763
1191,67,0.12307440386523566
5032,67,0.08992162261134298
10193,67,0.047940881461250154
11233,67,0.08831754823081188
28017,67,0.1516016590793862
17904,67,0.11865672097302297
18744,67,0.10356461974574066
19810,67,0.08567474186298732
4833,67,0.041039085909358654
6096,67,0.07300761927605644
12270,67,0.0824621900179934
18749,67,0.13641546026155066
20888,67,0.1839450384032422
22995,67,0.2369003441735562
861,67,0.20206765152016978
13253,67,0.09371852258660124
23000,67,0.1884888263747635
788,67,0.23092179199506316
24021,67,0.21369222920017195
25073,67,0.2062146206059228
582,67,0.3148520160281183
15865,67,0.11936506169155071
25078,67,0.1734396587461015
6974,67,0.06370544808121203
15870,67,0.16125229259289917
24914,67,0.18186302361130596
25754,67,0.14421278986498964
27093,67,0.2384315462624803
803,67,0.25179917378942196
8061,67,0.12464060495319322
15875,67,0.18291402614718794
305,67,0.48662024616738514
15880,67,0.19624435954982658
16903,67,0.20595150079885383
26316,67,0.17334363833187705
26733,67,0.1228319998563914
259,67,0.49312794439845686
8289,67,0.1133636549073733
17944,67,0.17678953188613808
26321,67,0.1328116352319404
27108,67,0.19185437539271308
266,67,0.5819814291352006
270,67,0.5783531010506281
10449,67,0.16980862588700532
11283,67,0.16911609303200675
17953,67,0.23287614609640242
27402,67,0.2752503947601254
113,67,0.6188149965766776
10246,67,0.14752421176845706
11287,67,0.18795231297190026
17958,67,0.19412175446654856
18799,67,0.21466473697072003
27608,67,0.17229087478162952
234,67,0.6037939654166765
19654,67,0.17789479892201193
27127,67,0.1825874888840885
27411,67,0.28870333920771923
27674,67,0.26060287873835236
44,67,0.6112676237088381
11711,67,0.13265005648765335
27313,67,0.14117866030238244
27723,67,0.3429506566668131
16,67,0.6180330927626192
12334,67,0.10897128009682762
13312,67,0.15288870900805243
19879,67,0.183684315269998
27468,67,0.2763408853970246
27623,67,0.3535564518926192
27795,67,0.16647576528157917
7,67,0.4868368417938122
103,67,0.1891317502726722
508,67,0.09976474011867016
847,67,0.30846867039734327
12339,67,0.12872913204247252
19884,67,0.14491210409726074
2,67,0.5103989532449452
108,67,0.23262157904322447
13322,67,0.010200156200920633
14115,67,0.11241198073647325
22231,67,0.2569720908654063
27633,67,0.11747390408418294
6,67,0.18602580247104547
112,67,0.641158144547473
258,67,0.6141709047029736
1275,67,0.17602556935032962
2541,67,0.11522279353223232
13326,67,0.6543447349392976
17988,67,0.10943677592157773
18828,67,0.09667639080893897
21180,67,0.20823409451053884
22025,67,0.28664203152688195
27638,67,0.11686195834615513
11322,67,0.15170414877913227
13331,67,1.3579158456981693
15732,67,0.7815015824283479
17993,67,0.2014489321119422
22031,67,0.2290031367821046
23079,67,0.3880354808184687
27607,67,0.23492704229736902
2390,67,0.22528411896319592
10285,67,0.0456543908064793
14130,67,1.055630402506769
22036,67,0.1908854204515215
27869,67,0.23020346505657938
4127,67,0.22307644869603924
14135,67,1.1189699316787536
14940,67,0.7684619003362397
15944,67,0.5344267355230983
3230,67,0.24742622116981855
14001,67,0.5974215381843333
3235,67,0.21026430529795676
5140,67,0.12634371933345911
4141,67,0.02333215201741383
20996,67,0.8062057583367777
25487,67,0.41131435103797503
2557,67,0.6695261122684322
3244,67,0.1352562685560957
4146,67,0.11638193862342991
4941,67,0.10271023652949392
7283,67,0.08556575650643818
18862,67,0.11861740230708633
19928,67,0.044967456613881795
21002,67,0.12360924120558002
24976,67,0.5028133390268084
2396,67,0.8473583337071932
5154,67,0.16186524076971176
8154,67,0.09121332587348616
18027,67,0.2704846162841973
22065,67,0.2804464978941836
6219,67,0.21002293986344667
10319,67,0.06279220091003089
15973,67,0.22925072935614416
16996,67,0.27238173479636923
19938,67,0.0378934306513091
22071,67,0.23156593987249816
2406,67,0.48795086065643184
3259,67,0.3162832466311666
6224,67,0.22933878398589463
18037,67,0.16753251725775295
18877,67,0.15302612275781874
21016,67,0.02518694123480502
22075,67,0.2354788199750973
23123,67,0.3669189673763967
24991,67,0.5243989607468326
2411,67,0.543617108951645
3089,67,0.2523753767771081
4166,67,0.2846864473101338
8169,67,0.1364146440356939
10538,67,0.19148704546079126
11371,67,0.18927531430670955
12403,67,0.1831641985093752
20163,67,0.03880273078370898
21021,67,0.15432857630714286
23337,67,0.28946105459776306
2416,67,0.3628910253773174
9264,67,0.11828223284948831
19953,67,0.13149794503463283
22085,67,0.2585127947037024
24133,67,0.45578007118622454
22090,67,0.2709323524979496
23138,67,0.3110566862339645
2426,67,0.3848132555237038
3279,67,0.34831314889342824
9274,67,0.23531158955156697
22095,67,0.3169694298616328
25011,67,0.5453747166537221
2431,67,0.48692317914435496
5189,67,0.3955324152798799
8189,67,0.45153723756775654
14998,67,0.21764191070930763
22100,67,0.32708120300793075
23148,67,0.3612956685204431
24148,67,0.5160959867091776
25016,67,0.5034161328767852
1845,67,0.6816796634776827
2436,67,0.502014245584559
4985,67,0.2771984150863648
6039,67,0.37179786868156145
7113,67,0.14510453218250977
8413,67,0.3219915793910044
9502,67,0.2978014115307683
10354,67,0.24720342903957052
21046,67,0.20831381491565254
23153,67,0.20822127588378575
2441,67,0.5723799287530372
3119,67,0.5701681369302755
4990,67,0.2727400656936997
7117,67,0.22218001884105124
8199,67,0.23121977777249667
12433,67,0.203358949172507
13388,67,0.12968361641253118
18072,67,0.4782747670728942
21051,67,0.22210696427552307
22110,67,0.09066494235333085
24158,67,0.3184184671318525
2446,67,0.6374651104505774
4200,67,0.5019387046889469
6051,67,0.4448259422554839
7122,67,0.36556475295927576
9294,67,0.08751246855509127
10364,67,0.11118545793971105
11406,67,0.0322771165352954
12438,67,0.10612497097898925
15013,67,0.1763924498780652
18077,67,0.6110088030253384
18917,67,0.36403860149704126
22115,67,0.3702074038713986
25031,67,0.26596351921081335
25856,67,0.9652329582806315
27857,67,1.6026921964305036
3303,67,1.173341678614518
4205,67,0.6632214839844305
5208,67,0.5787890790916496
6269,67,0.5988503473881119
9298,67,0.4678705260055633
11410,67,0.13606497391246083
27967,67,0.6730098465990119
27981,67,0.16067163882765656
28051,67,0.9918390099991391
16225,67,0.3206709124191459
17045,67,0.32509730199505127
18921,67,0.24460543483207414
19987,67,0.7375525714704644
21060,67,0.43432471456463456
27918,68,0.011516122107633217
8211,68,0.012186908670829095
9083,68,0.017571301105626134
28125,68,0.018075993063829503
20418,68,0.017176026487966206
5210,68,0.008696198857919788
6057,68,0.008608257165163355
7130,68,0.005557004543128465
7997,68,0.0055241208306997455
9087,68,0.008241094461963683
9948,68,0.00790003206479005
18291,68,0.013460127319525835
18922,68,0.014904534230656677
19776,68,0.01569907983860798
20849,68,0.01602693845319553
21908,68,0.016632128468421797
3482,68,0.02144863441200939
4019,68,0.02828364735473148
4798,68,0.009611913414349834
5849,68,0.00755320751350145
7136,68,0.0047057891061567485
8002,68,0.004842366278889702
9092,68,0.007535895862474757
10161,68,0.006570476277072874
11204,68,0.012108994332926367
12238,68,0.009802221279313406
16840,68,0.01371358320353222
17874,68,0.01310183306401857
18716,68,0.012218838057184059
19565,68,0.012697653682560758
21913,68,0.015571832403646138
22961,68,0.021822096027737825
2451,68,0.018262417601082274
3131,68,0.016121215054463626
4023,68,0.01851660418575407
5007,68,0.007761219742317304
5853,68,0.004933112040861572
6925,68,0.0028328700513968468
9097,68,0.006310296711025513
10167,68,0.00592747474477087
11209,68,0.005959628999594841
12241,68,0.008350102669109589
13218,68,0.009956578440949647
14012,68,0.010516795614175279
16843,68,0.011392437327955208
1745,68,0.017610902527214395
2293,68,0.08899504921500359
3135,68,0.07463424099184919
4028,68,0.06619608110392436
27900,68,0.0025972453848906894
7146,68,0.0020970780830215333
8012,68,0.010048225940591333
1645,68,0.07789099491341045
3141,68,0.08371897609879944
7150,68,0.0015657520894662165
4037,68,0.020279238207248335
9111,68,0.01603058879958701
12255,68,0.06775964996671201
1279,68,0.07452636606928864
11228,68,0.12967481328121438
12260,68,0.0283245994478542
14836,68,0.062132829279817885
17899,68,0.11674051507415154
21937,68,0.09864092569520892
1191,68,0.08388779226125621
5032,68,0.05884804746548094
10193,68,0.07073695734685387
11233,68,0.015493616802671717
28017,68,0.020969257772641324
18744,68,0.10059691986011256
19810,68,0.1539276094352692
4833,68,0.018127057997528565
6096,68,0.05751488056400355
12270,68,0.06150709089766726
18749,68,0.15804397675350587
20888,68,0.1299538714237633
22995,68,0.12106130001818283
861,68,0.1864824361230645
13253,68,0.06853463472193903
788,68,0.21686114596122458
24021,68,0.19201212182477895
25073,68,0.18850885688668276
582,68,0.3347507025904462
15865,68,0.09998535804537768
25078,68,0.21177001033282514
6974,68,0.10125360784501586
15870,68,0.10068709809593462
24914,68,0.18411817337241201
25754,68,0.22113006971153504
27093,68,0.28304091880680526
8061,68,0.07196496775675783
15875,68,0.12595059009413795
25760,68,0.15036566622641134
305,68,0.4998366364874301
7200,68,0.06666363946707318
8065,68,0.09443375156747821
15880,68,0.1036500677444891
26316,68,0.15413102061428163
26733,68,0.30082658604371804
259,68,0.5330050098553947
8289,68,0.07197142925933006
17944,68,0.13207701732891952
26321,68,0.22598406999177711
27108,68,0.24805066938022527
266,68,0.5554720441817718
270,68,0.6632395139794445
10449,68,0.09153111728540363
11283,68,0.13662503430421818
17953,68,0.15686648488997973
18794,68,0.1640913788599725
27402,68,0.1549980216449635
113,68,0.6154678614761959
17958,68,0.1695859323687207
18799,68,0.1802666925010732
27608,68,0.31319751881009306
234,68,0.713328006921348
12324,68,0.10503275392006298
13301,68,0.10648826508451095
19654,68,0.2576346158163153
27127,68,0.15837943864487058
27411,68,0.2296029690794243
27674,68,0.2883162062330961
44,68,0.701608139709874
238,68,0.6432320858425591
11711,68,0.09974568865329714
27313,68,0.22973090032481966
27723,68,0.25303423115549256
16,68,0.6838360438534571
131,68,0.6712989937941379
9190,68,0.09513134974844586
12334,68,0.15754537296071985
13312,68,0.1620519287297083
17973,68,0.055205821731873175
27468,68,0.23939319325906416
27623,68,0.2615131235344977
27795,68,0.3003890281219778
7,68,0.6465684538618139
103,68,0.5700017706727196
508,68,0.3835627789851661
847,68,0.1803012540298231
12339,68,0.21707022508666948
19884,68,0.25134147944148344
27809,68,0.22384866691965563
2,68,0.558915508216847
108,68,0.48771477104676303
12344,68,0.3885559814042305
13322,68,0.4490734053167363
14115,68,0.3459636840452498
22231,68,0.2537808315000746
27633,68,0.3035167762558554
6,68,0.40043829622665006
112,68,0.5073245953119876
258,68,0.46613381164099565
1275,68,0.219341074798641
2541,68,0.09734842875463433
13326,68,0.4553348194454811
17988,68,0.1272188993409687
21180,68,0.23422585652005448
22025,68,0.31274779499334404
27638,68,0.2382754618769094
11322,68,0.12941902415432432
13331,68,0.18294032888555442
15732,68,0.281937878082394
17993,68,0.11075486069717098
22031,68,0.1998235692626242
23079,68,0.10327379600587457
27607,68,0.3113858609127116
2390,68,0.07166036618398776
14130,68,0.2523917920450593
22036,68,0.39145775513479597
27869,68,0.13556363950387268
2394,68,0.11632152486681538
4127,68,0.0678911799743881
14135,68,0.35445369322635156
14940,68,0.535621795100703
15944,68,0.2991071707354764
3230,68,0.15252748221939014
14001,68,0.3279839401837042
14945,68,0.4536324799037809
15949,68,0.5759445796402024
3235,68,0.05914214360612622
18013,68,0.13369979921561373
22051,68,0.49728670940769043
4141,68,0.09887586179775373
20996,68,0.9455011889727042
25487,68,0.17587665050865034
2557,68,0.5946529716995883
3244,68,0.14862272758244832
4146,68,0.1761790079318996
4941,68,0.1250713268129527
19928,68,0.057810898951769996
21002,68,0.1276061196694099
24976,68,0.22031592035979877
2396,68,0.5285036153810504
5154,68,0.16942968602642
18027,68,0.2260465203178871
22065,68,0.2247674304971096
6219,68,0.15219811183757703
7077,68,0.04108612009768695
10319,68,0.05908998494310644
15973,68,0.4154706960031391
16996,68,0.3846573720780088
19938,68,0.1969031286593823
21011,68,0.18885555334336518
22071,68,0.28116721352235546
2406,68,0.5244681651059253
3259,68,0.27320644970157654
5164,68,0.37489635206027655
6224,68,0.34966654662816826
18037,68,0.16519828950868354
18877,68,0.2094206463896609
21016,68,0.1761731492456025
22075,68,0.33850670318671494
23123,68,0.4535440670931475
24991,68,0.4332584494080363
2411,68,0.48123238837401305
3089,68,0.3296378495123202
4166,68,0.3180463905862556
8169,68,0.2578183873555011
10538,68,0.2180644622535957
11371,68,0.24396346095495597
12403,68,0.2322494596679004
18882,68,0.20540987164431562
20163,68,0.27753182448519315
21021,68,0.1918991501583239
23337,68,0.4067613583257516
2416,68,0.4813904323726776
6234,68,0.40301081003195016
9264,68,0.37621552391426055
22085,68,0.2910265255385605
24133,68,0.38669512706421605
3274,68,0.34607099732553986
22090,68,0.2921911746680241
1962,68,1.059608050361556
2426,68,0.3390179249972243
3279,68,0.4462268018623944
9274,68,0.40792329518193876
10344,68,0.42022106665572584
14993,68,0.28846690672323305
22095,68,0.24348202308947176
25011,68,0.3597571096364692
2431,68,0.383157115979525
5189,68,0.3740655093915805
6248,68,0.43457235302164715
8189,68,0.42651620690451725
14998,68,0.4034557614713181
22100,68,0.22035485806767616
23148,68,0.23762256817388264
24148,68,0.21262333857767762
25016,68,0.2612313286957622
1845,68,0.6728574474946647
2436,68,0.4645803028929089
4190,68,0.3097682010526567
6039,68,0.4542567725976389
7113,68,0.41566281981794634
8413,68,0.3402784407642775
9502,68,0.31670358387637876
10354,68,0.3213534909801081
21046,68,0.13734711528169294
23153,68,0.32227628700687355
2441,68,0.490946633671804
3119,68,0.5177851551235819
7117,68,0.41819227609142284
8199,68,0.3987485391949076
12433,68,0.2461103654650761
13388,68,0.32381775434236354
15008,68,0.3584178884715745
18072,68,0.44214197780593834
21051,68,0.35228874458543086
22110,68,0.4350231079304842
24158,68,0.3363860044957442
2446,68,0.6112861206996926
3298,68,0.5923760965691166
4200,68,0.5526669360856549
6051,68,0.48767939201268407
7122,68,0.4029463552863281
9294,68,0.4982500401237165
10364,68,0.3999217625016533
11406,68,0.33339819152562306
15013,68,0.6082653858401063
18077,68,0.5078280944808401
18917,68,0.3718305689692134
22115,68,0.41043329387291566
25031,68,0.2883836077004829
25856,68,0.7245063906075146
27857,68,1.5445192340487357
3303,68,1.2969605596824798
4205,68,0.5596706281893739
5208,68,0.5712911263828184
6269,68,0.7607454030099837
8209,68,0.712470980460048
9298,68,0.4308423607167816
11410,68,0.4817564017892596
27967,68,0.6353814410884114
27981,68,0.29596021682457035
28051,68,0.5163941224891049
16225,68,0.26686532318773215
17045,68,0.4628727528723817
18921,68,0.39921528746357443
19987,68,0.3977774030944208
21060,68,0.37237716389122794
27918,69,0.012398126528734158
8211,69,0.012326381296915302
9083,69,0.016260286934111384
28125,69,0.011073105406980078
20418,69,0.010995048755628392
5210,69,0.011558666758863849
6057,69,0.009693161982237276
7130,69,0.008622501445688765
7997,69,0.009229190421223514
9087,69,0.009503522097135812
9948,69,0.009385071190723354
18291,69,0.00766210317996272
18922,69,0.008837754246010122
19776,69,0.009676816446452071
20849,69,0.01040017091422972
21908,69,0.011072146261063016
3482,69,0.021833095442552387
4019,69,0.02780060466033369
4798,69,0.012972623644349576
5849,69,0.009352599921039977
7136,69,0.008151930488288245
8002,69,0.008725381106233191
9092,69,0.008282282910187448
10161,69,0.008686400337036696
11204,69,0.011613998752813461
12238,69,0.010661493104620952
16840,69,0.010830803255229038
17874,69,0.009764740680221744
18716,69,0.007680178945023279
19565,69,0.00836558957648518
21913,69,0.01024322121430054
22961,69,0.013936905206957931
2451,69,0.020025447362531743
3131,69,0.05276672526911709
4023,69,0.01877757421266467
5007,69,0.01123303588638085
5853,69,0.008957474931564898
6925,69,0.007576350363958521
9097,69,0.008622970020435685
10167,69,0.00886396242480738
11209,69,0.008774926992629906
12241,69,0.009127396357655863
13218,69,0.00977271693371612
14012,69,0.010710147888329427
16843,69,0.009323602962904947
1745,69,0.015324827552725066
2293,69,0.05676034716700197
3135,69,0.07946503385549712
4028,69,0.013066272481374635
27900,69,0.00728530709173644
7146,69,0.019402940873352717
8012,69,0.011125017719893044
1645,69,0.019137516830248308
3141,69,0.08085489392147839
7150,69,0.019096592871496045
9111,69,0.01520660036174754
12255,69,0.02229469276435515
1279,69,0.04055403342450654
11228,69,0.06836590458887246
12260,69,0.02504972474426915
14836,69,0.06203234976326875
17899,69,0.2067645762909746
21937,69,0.06237222705587161
1191,69,0.069808715314935
5032,69,0.021328965245694637
10193,69,0.01139614743399058
11233,69,0.014504272195892776
28017,69,0.024261167215210197
13243,69,0.01126749424946878
18744,69,0.1324876016672991
19810,69,0.08389242132368044
4833,69,0.020734195700847242
6096,69,0.08346516229196545
12270,69,0.029491166274258945
18749,69,0.12875474597087472
20888,69,0.07575260565883528
22995,69,0.04206509320983446
861,69,0.1348483190336377
13253,69,0.04878454161393061
788,69,0.10098769838749315
14856,69,0.05345301950567658
24021,69,0.11438516502906104
582,69,0.1799232488946549
6111,69,0.009932761063615014
7185,69,0.008861809271225794
15865,69,0.06574955067332512
25078,69,0.1128013170902471
6974,69,0.013433109438627137
15870,69,0.09193569613419324
24914,69,0.08845471714201038
25754,69,0.11788196847119607
27093,69,0.14410628714926568
8061,69,0.08433495825065909
15875,69,0.06942939770859964
25760,69,0.15241530404642842
305,69,0.28932847715987947
7200,69,0.020009091964999916
8065,69,0.09125758232493136
15880,69,0.0704784642566544
26316,69,0.18478692238706912
26733,69,0.20849083501286375
27338,69,0.24042326071748954
259,69,0.28841113685362774
8289,69,0.1254049441050895
9161,69,0.1974697132630662
17944,69,0.10751740983388879
27108,69,0.21305951939285622
266,69,0.3143412823334174
270,69,0.31821517482073636
10449,69,0.23834005598510702
11283,69,0.23459422326097823
17953,69,0.07531820864652393
18794,69,0.11982237978869333
27402,69,0.281567122730758
113,69,0.3902025530448729
17958,69,0.12332238078010685
18799,69,0.09000358621923933
27608,69,0.3064645176955596
234,69,0.4066171558601199
13301,69,0.07493578987755983
19654,69,0.10975026491476819
27127,69,0.2834590518129926
27411,69,0.2851169393142607
27674,69,0.24767180203688896
44,69,0.5277175659632491
11711,69,0.25997113676699946
27313,69,0.28023680758717245
27723,69,0.23868210171381185
16,69,0.5981573181022716
12334,69,0.2683569409240371
13312,69,0.18408702324356443
27468,69,0.2806288936480161
27623,69,0.24046543962046107
27795,69,0.2553023877720638
7,69,0.6316138385664885
103,69,0.4947125452110637
508,69,0.31551502696161543
847,69,0.23805836548339762
12339,69,0.39373989341143695
19884,69,0.0779616542665198
27809,69,0.22245605251960596
2,69,0.6307753417239759
299,69,0.3209051591193933
12344,69,0.7494555418688531
13322,69,0.7883201848171482
14115,69,0.24131818675883707
22231,69,0.24769749811178396
27633,69,0.3277039742210518
6,69,0.5486684838041652
112,69,0.5195195772443486
258,69,0.471667673457678
1275,69,0.14546488960508022
2541,69,0.08670086870362524
13326,69,0.3513392310632847
17988,69,0.2590060774157419
21180,69,0.3079312893362047
22025,69,0.30667858264118414
27638,69,0.29977723034106984
2385,69,0.24172607803920887
11322,69,0.4327745571404088
13331,69,0.17461609972156955
15732,69,0.08458643593767343
17993,69,0.35184724164636155
18834,69,0.3979795753293761
22031,69,0.3310717612157229
23079,69,0.2648454296072259
27607,69,0.2371548756957513
2390,69,0.16198526573487146
14130,69,0.11255468557967147
22036,69,0.36186428900820244
27869,69,0.13714047781559588
2394,69,0.13586184514162225
4127,69,0.2194745627898529
13341,69,0.13935239251389825
15944,69,0.28303161318030473
3230,69,0.17564129032568307
14945,69,0.4766389284236349
15949,69,0.41221247949225587
3235,69,0.1068280554371696
18013,69,0.3174786144753671
4141,69,0.06867472740348922
18017,69,0.2707906679601292
20996,69,0.6532808296729975
25487,69,0.15949815773774645
2557,69,0.5489381372602671
3244,69,0.23824084705715415
4146,69,0.15365803875787426
4941,69,0.1565967020011131
18022,69,0.19519315158908948
19928,69,0.08302203384310265
21002,69,0.013540570391512529
22060,69,0.04546399110042299
24976,69,0.3705695933709656
2396,69,0.5153410901491021
5154,69,0.18054373276503063
18027,69,0.26666561928451876
19933,69,0.18369262146948245
22065,69,0.22961135607817576
6219,69,0.2485650367526045
9249,69,0.126354000726843
10319,69,0.1354000820265573
16996,69,0.4023580202339407
19938,69,0.19105638272267905
21011,69,0.06891458099153641
22071,69,0.08129497021233702
2406,69,0.4559586846615126
3259,69,0.32324693003371857
6224,69,0.21914772580091207
18037,69,0.24311570242819622
18877,69,0.23751597272199268
19944,69,0.22660150954313474
21016,69,0.21022899582056567
22075,69,0.07434621405298009
23123,69,0.12947473005876894
24991,69,0.32983095083463065
2411,69,0.41511293603534105
3089,69,0.3235469627098551
4166,69,0.33316088368309793
8169,69,0.15829635730884087
10538,69,0.16926807833591134
11371,69,0.19770126789730041
18882,69,0.24438277761491342
20163,69,0.2306034392905526
21021,69,0.23755348709341798
23337,69,0.15128718905999441
2416,69,0.39506676596827256
5174,69,0.34993164719690895
9264,69,0.23096981459657004
22085,69,0.1558183084742464
3274,69,0.405991704778274
6239,69,0.30152374392301595
14989,69,0.3165472108898743
21031,69,0.3836781282776445
1962,69,1.0035167296862337
2426,69,0.5305712780353188
3279,69,0.41116911052127686
9274,69,0.32138738302636793
22095,69,0.2574342877883104
25011,69,0.25638963415399174
2431,69,0.5248102356423251
4186,69,0.4094731820417381
5189,69,0.49173749852515347
6248,69,0.3693033245249981
8189,69,0.4130909196703164
14998,69,0.2252637592479534
22100,69,0.2901573626710745
23148,69,0.15785350729316394
24148,69,0.22798296948612046
25016,69,0.22278010377880814
1845,69,0.6226024283129351
2436,69,0.6100511470644766
4190,69,0.44084935746367276
8413,69,0.1599147706952278
10354,69,0.202672357137486
21046,69,0.34033774927110727
23153,69,0.3093604931449332
2441,69,0.659771786308304
3119,69,0.5696005553838799
7117,69,0.3690873066876342
8199,69,0.2844679892697688
12433,69,0.15273023715836553
13388,69,0.24029935976695735
15008,69,0.21759818647696377
18072,69,0.09169539108005562
22110,69,0.4734366696242371
24158,69,0.3516627210526217
2446,69,0.6631640729627065
4200,69,0.5822574850842752
6051,69,0.5876113445773057
7122,69,0.5939411332595671
9294,69,0.27580804749411736
10364,69,0.16228937215867825
11406,69,0.1887051151509443
15013,69,0.3316083794467743
18917,69,0.4510721820813504
22115,69,0.5866324982522585
25031,69,0.29031604043900017
25856,69,0.6068676159374845
27857,69,1.3130166411775746
3303,69,1.1033180314341793
4205,69,0.7312157365707985
5208,69,0.596897066780782
6269,69,0.7943714523608296
8209,69,0.6899745856367916
9298,69,0.5285189829724172
11410,69,0.16455665241358186
27967,69,0.35423468798915303
28051,69,0.026884229691029087
16225,69,0.051969242538677136
17045,69,0.13768133383389283
18921,69,0.08316623115688258
19987,69,0.4081220955340208
21060,69,0.06854724539537677
24166,69,0.07405361842897022
27918,70,0.02388888165757424
8211,70,0.02303544250284917
9083,70,0.02945309621195158
28125,70,0.03870439642771226
20418,70,0.04145696686099593
5210,70,0.022127126222862732
6057,70,0.019014604111473148
7130,70,0.02363840387398433
7997,70,0.0249039179047064
9087,70,0.02345764140729633
9948,70,0.025276771860354784
18291,70,0.04195246596489447
18922,70,0.04521367347568027
19776,70,0.047507080043862566
20849,70,0.051774210659847
21908,70,0.049622368396039646
3482,70,0.03688597100770305
4019,70,0.03989975058826294
4798,70,0.025286931902802505
5849,70,0.020606224080342316
7136,70,0.023854554736172595
8002,70,0.024759007991720424
9092,70,0.02243155926287338
10161,70,0.025398278872801775
11204,70,0.027828219105595325
12238,70,0.028543668119802683
16840,70,0.03304060021632062
17874,70,0.03415387196001098
18716,70,0.04793067839412979
19565,70,0.049911813961057976
21913,70,0.05530009586560791
22961,70,0.05728151576083853
2451,70,0.028578636272835946
3131,70,0.02863422805029029
4023,70,0.03601311205702014
5007,70,0.024190153942556695
5853,70,0.020942644314826928
6925,70,0.02468944155592676
9097,70,0.025609011842970552
10167,70,0.026531565435345125
11209,70,0.02733140066188079
12241,70,0.02709947769214639
13218,70,0.029401447591091406
14012,70,0.03039770648856163
16843,70,0.03892116273982813
1745,70,0.016991799884890604
2293,70,0.10579220302307753
3135,70,0.04337798112827378
4028,70,0.02650545110372451
27900,70,0.025401788616542773
7146,70,0.02615839688302845
8012,70,0.0234314069923772
1645,70,0.06849991462100635
3141,70,0.06887260428267862
7150,70,0.028698617585989687
9111,70,0.10167995709990255
12255,70,0.0486229686315495
16858,70,0.10136288502488652
1279,70,0.04861919229422252
11228,70,0.11726792547724156
12260,70,0.07610685857167296
17899,70,0.24609676053358678
18951,70,0.12048213925586518
21937,70,0.07708194173690698
1191,70,0.08268221978892457
5032,70,0.035230284954576196
10193,70,0.05257609166786883
11233,70,0.05487941220021014
28017,70,0.06262752871470263
13243,70,0.02619184431698641
18744,70,0.1658417915340728
19810,70,0.16952933384038626
4833,70,0.00899765815015247
6096,70,0.02705329096871188
18749,70,0.08988971346598583
20888,70,0.021716694762864128
22995,70,0.17792564312339013
861,70,0.08494323254034496
13253,70,0.02486480334984475
24016,70,0.11453992226689214
788,70,0.0811746562500467
14856,70,0.05570711873831119
24021,70,0.06867623432115605
582,70,0.12615638145633634
6111,70,0.04062571452519091
7185,70,0.039789629233277064
15865,70,0.04396230156969606
25078,70,0.0687474795228963
6974,70,0.04270052610673785
15870,70,0.007608114769356369
24914,70,0.07098637181998814
25754,70,0.09495293361676253
27093,70,0.26226923786836887
8061,70,0.0585172945899859
15875,70,0.0646850046239885
25760,70,0.14466918457540578
26312,70,0.18372266448368446
305,70,0.07517245606233487
8065,70,0.06965154189127859
15880,70,0.046515676701985254
26316,70,0.18772531388367308
26733,70,0.17736777633796005
259,70,0.09382060728898223
8289,70,0.08027229436803784
9161,70,0.06870411724280874
17944,70,0.0637002537655046
27108,70,0.1851045907093474
266,70,0.12503014928494316
270,70,0.09279101272968668
10449,70,0.06830632914835721
11283,70,0.014746285965705975
17953,70,0.0966882927353259
18794,70,0.09790604442907332
113,70,0.17061245097466798
10246,70,0.05377678710638533
17958,70,0.0831465124236066
18799,70,0.11564149909960338
27608,70,0.2568536403387959
234,70,0.024500189497661046
13301,70,0.020171362146180087
19654,70,0.15858696680404494
27127,70,0.2682405788582844
27674,70,0.18782299599660762
44,70,0.17385582932417015
27313,70,0.26703971456128833
27723,70,0.2400321083685092
16,70,0.41832390725567364
12334,70,0.1466603765779635
13312,70,0.1075925241843349
27623,70,0.34248510127474
27795,70,0.23335804477253774
7,70,0.5043755796799776
103,70,0.4598680660405151
847,70,0.5890618641644344
12339,70,0.273577600186758
19884,70,0.22307298403116832
27426,70,0.2790750627840982
2,70,0.6365947326358523
299,70,0.3022931359047024
13322,70,0.6302986863132278
14115,70,0.4110019383024929
22231,70,0.1583374245477312
27633,70,0.17287967804704876
27814,70,0.24487335400372184
6,70,0.2920062909930793
112,70,0.6220118439239521
258,70,0.5648905059789904
1275,70,0.3268004345411162
2541,70,0.16922176823556936
13326,70,0.6439961198632846
17988,70,0.2175511449377402
18828,70,0.13113538176871364
21180,70,0.2107326109693083
22025,70,0.18953125938673981
27638,70,0.22160750641067806
11322,70,0.20811716682992606
13331,70,0.3620113047517833
15732,70,0.4177180218709397
17993,70,0.0757364043163376
22031,70,0.06828451366156292
23079,70,0.08447051218009893
27607,70,0.06761418260391165
14130,70,0.35500338223722633
22036,70,0.2878074731611785
27869,70,0.3265019874255064
2394,70,0.14823731186802216
13341,70,0.41692845295836517
15944,70,0.10610598160303251
3230,70,0.42869129366459674
15949,70,0.20086452700248295
3235,70,0.13509783491141658
18013,70,0.44919845321376317
4141,70,0.05044522267042188
18017,70,0.47057206119002615
20996,70,0.6108679117217708
25487,70,0.25154948847602465
2557,70,0.554935383798148
3244,70,0.10616009494576709
4146,70,0.047817771262046456
4941,70,0.00730364503725529
7283,70,0.12125441234282712
18862,70,0.6345986050849108
19928,70,0.6912591557500505
21002,70,0.725206293097478
22060,70,0.9087272279431318
24976,70,0.35595711711132577
3250,70,0.09308073012145769
5154,70,0.015891746782276443
18027,70,0.3296633476992339
19933,70,0.7076725981425647
22065,70,0.750241816532458
6219,70,0.10746506278803108
9249,70,0.11268783234972488
10319,70,0.18273402644458495
16996,70,0.3934416110416659
19938,70,0.6808514694373468
22071,70,0.6539348561252909
2406,70,0.6526479360688546
3259,70,0.07391143601909582
6224,70,0.06213574548226415
18037,70,0.3568663305983096
18877,70,0.3656306913722929
19944,70,0.6026595598253867
21016,70,0.6012179190091161
22075,70,0.5746012643874915
23123,70,0.48659050844181473
24991,70,0.5674971806700239
2411,70,0.4364237437186502
3089,70,0.11760228846257631
4166,70,0.051388494698349045
8169,70,0.17977516882981454
10538,70,0.04690185819527221
11371,70,0.33016474107610905
18882,70,0.37081459346381157
20163,70,0.48823750561385976
21021,70,0.5319679348824642
23337,70,0.4539791295920409
2416,70,0.41038130843589926
5174,70,0.07098605880815155
9264,70,0.18601209742688704
22085,70,0.5296360511195187
6239,70,0.14257682431272808
14989,70,0.7009985071105757
21031,70,0.4944236046512958
23138,70,0.4416658875518448
2426,70,0.2370918321098023
3279,70,0.23269401262675704
4181,70,0.2469266313679315
8401,70,0.13998612161100737
22095,70,0.5001710876611951
25011,70,0.4506167413745937
2431,70,0.3490638386642964
4186,70,0.2484801075757141
5189,70,0.12949789905066533
8189,70,0.17449789609525326
14998,70,0.2674559023008496
22100,70,0.41852982151787005
23148,70,0.41139509628653437
24148,70,0.37222156285578045
25016,70,0.3727123889249
1845,70,0.4811292855414926
2436,70,0.40936268194883835
4190,70,0.27406143759873036
4985,70,0.29213304261137085
8413,70,0.18775446316512245
10354,70,0.11130552837438977
21046,70,0.40552760390595316
23153,70,0.46170266447048647
24153,70,0.42267410659652593
2441,70,0.4995254267647312
3119,70,0.4425548542122241
4990,70,0.22360448690220117
7117,70,0.17817193612358545
8199,70,0.09354843042304165
11401,70,0.07665006127205123
12433,70,0.12449900720736776
13388,70,0.19040169573465146
15008,70,0.3625507578321087
18072,70,0.1755211518604406
22110,70,0.5004609608713828
24158,70,0.5026810855775967
2446,70,0.5151028875794275
4200,70,0.4566545005781749
6051,70,0.3866131933489607
7122,70,0.4137833380481275
9294,70,0.09885497610373388
10364,70,0.1987711631241964
11406,70,0.20700672957707839
15013,70,0.40940197675144724
18917,70,0.508230712830051
22115,70,0.6672767392487776
24163,70,0.4803860542985616
25856,70,0.4387021314209867
27857,70,1.3935347071245925
3303,70,0.9677058706296044
5208,70,0.6105244120158344
6269,70,0.7981333923247811
8209,70,0.7372061811550867
9298,70,0.307421311059215
11410,70,0.19299604019362546
27967,70,0.6432097955806656
28051,70,0.10296393599120501
16225,70,0.07542897710725484
18921,70,0.15287075411073003
19987,70,0.39530609909234804
21060,70,0.04856655316535457
27918,71,0.01883785133139228
8211,71,0.018235709985122847
9083,71,0.0219130302450576
28125,71,0.03526536059313564
20418,71,0.03855166685616921
5210,71,0.016416368457345523
6057,71,0.014105915986767081
7130,71,0.017202792068205592
7997,71,0.018421724598061854
9087,71,0.016826467872330747
9948,71,0.017353084646222157
18291,71,0.03937566373203114
18922,71,0.04346897214119094
19776,71,0.04582714931891837
20849,71,0.05052805619428838
21908,71,0.049687603566420886
3482,71,0.02904976736409448
4019,71,0.02952698981669931
4798,71,0.020024229546141668
5849,71,0.014303567334664929
7136,71,0.01736995906551603
8002,71,0.018086809809725376
9092,71,0.01612029395371066
10161,71,0.01721277700659909
11204,71,0.02229489283394188
12238,71,0.02381116946777256
16840,71,0.027849571627072585
17874,71,0.02914585101109479
18716,71,0.046961679853902254
19565,71,0.04828473101269923
21913,71,0.05701423524495534
22961,71,0.06247936620572295
2451,71,0.032241433663398635
3131,71,0.05876818131700059
4023,71,0.02884485259747566
5007,71,0.020049797135204474
5853,71,0.015969856833347017
6925,71,0.019546376770018963
9097,71,0.01875795425462493
10167,71,0.01777310372030773
11209,71,0.022814809244758913
12241,71,0.023548318912100685
13218,71,0.0246739581150165
14012,71,0.026190640012501352
16843,71,0.034516407190449246
1745,71,0.04746552092101281
2293,71,0.024277417834934933
3135,71,0.10849736960466369
4028,71,0.037175828350565335
27900,71,0.02535510883673909
7146,71,0.01988104685874521
8012,71,0.019772591331923748
1645,71,0.022184012731287152
3141,71,0.021422264129443334
7150,71,0.022649365186743244
4037,71,0.02358093567744235
9111,71,0.05991469802208531
12255,71,0.051032885741546935
16858,71,0.17283503777964648
1279,71,0.05780075947033908
11228,71,0.050592274059645004
12260,71,0.06025842499332948
17899,71,0.17099224653238265
21937,71,0.0677661977395593
1191,71,0.03571287080431626
5032,71,0.020237339299066494
10193,71,0.08365049883713084
11233,71,0.06897418302091544
28017,71,0.08250120460822714
13243,71,0.07121880325038
19810,71,0.09075608195864134
4833,71,0.006717141459705413
6096,71,0.042621754939003165
18749,71,0.016903112541509037
20888,71,0.07302604823297933
22995,71,0.10356046717762284
861,71,0.06236590265347894
13253,71,0.05821485959136292
788,71,0.05551687934630911
24021,71,0.13847615154687148
582,71,0.10157445284597641
6111,71,0.021219795017607433
14861,71,0.024281196942352243
15865,71,0.01528327204743593
520,71,0.098257866416551
6974,71,0.06300979729982314
15870,71,0.06662597218819051
24914,71,0.15583212245069972
25754,71,0.1435265853664246
27093,71,0.0212452039465083
464,71,0.129487920446369
8061,71,0.07700133741742614
15875,71,0.11976006763822973
25760,71,0.13823819146741048
305,71,0.12956459290123734
8065,71,0.05133331849033973
15880,71,0.07713048160895263
26316,71,0.1373391534580597
26733,71,0.13717014566445762
259,71,0.15215874466025223
8289,71,0.035909837387948375
9161,71,0.06605803194587564
17944,71,0.17626334285876752
266,71,0.11036872610449397
8075,71,0.03525939127316595
17949,71,0.1593988571545162
270,71,0.12812687723930077
10449,71,0.026472881569260812
11283,71,0.013556574530474612
17953,71,0.09698527141882061
18794,71,0.1524618893661184
113,71,0.1565096783915212
10246,71,0.0756591944389173
17958,71,0.09747574169067595
18799,71,0.13260695205720258
27608,71,0.1742323935963208
234,71,0.15719039779311997
13301,71,0.0976076436413523
19654,71,0.1278004609703168
27674,71,0.24288546314665357
44,71,0.2139338309747167
12124,71,0.08650138901941445
27313,71,0.20574545437862704
27723,71,0.33427774873046334
16,71,0.5657823798334962
12334,71,0.023835662099196336
13312,71,0.1391814915795304
27623,71,0.25924704574403373
27795,71,0.26260596986729345
7,71,0.5583633584735688
103,71,0.24712775888978517
847,71,0.5619821992305498
12339,71,0.2752510686155372
19884,71,0.11314146976166214
2,71,0.5598065239004514
108,71,0.2950625218669657
299,71,0.5337882539124224
13322,71,0.40153742465498665
14115,71,0.297028358664966
22231,71,0.08219348518342581
27633,71,0.20780802822019695
27814,71,0.14183160281350352
6,71,0.2771202104431845
112,71,0.5268124911040343
258,71,0.46736082032272896
1275,71,0.1500931423265485
2541,71,0.29190178867655686
13326,71,0.3374686394802285
17988,71,0.4711709629259396
18828,71,0.12749424246438798
21180,71,0.07379863399889741
22025,71,0.08550695509243059
27638,71,0.27012136755367105
15732,71,0.32470205816723374
17993,71,0.19192160238484496
22031,71,0.08980739241124312
23079,71,0.05986559207532077
27607,71,0.1506491510447484
14130,71,0.39588034768249625
22036,71,0.034387849436437565
27869,71,0.29755665785763025
2394,71,0.11663378523006712
13341,71,0.4809397625019023
14135,71,0.5041554938392977
15944,71,0.4391599950643183
3230,71,0.47034813947712495
14001,71,0.5601513754816654
15949,71,0.6864388567934341
3235,71,0.10815366618061363
18013,71,0.7210470181188241
22051,71,0.2710411988435008
4141,71,0.05558649617372209
15958,71,0.6494631968453475
20996,71,0.4990671596143465
25487,71,0.12644336574603765
2557,71,0.5756826043276003
3244,71,0.06664666069735868
4146,71,0.07197201198923428
4941,71,0.017223622711792053
18862,71,0.6708001887260433
24976,71,0.05803024977676219
3250,71,0.1271976564329698
5154,71,0.07951749219267631
18027,71,0.7026240350724047
19933,71,0.6101686546627804
22065,71,0.754386860409592
4156,71,0.05098005202368712
6219,71,0.12649307345177468
9249,71,0.08957434934301531
10319,71,0.21272384950480547
15973,71,0.40763338710361563
16996,71,0.5210948142860719
19938,71,0.6304056884180947
22071,71,0.6690444731300603
2406,71,0.7294565682465008
3259,71,0.09021842923399849
6224,71,0.14265594287301572
7082,71,0.18223647268591564
18037,71,0.4732006654014083
18877,71,0.6403294375720627
19944,71,0.6131161824333006
21016,71,0.632922858059733
22075,71,0.5784275803892579
23123,71,0.6319684103231693
24991,71,0.1410662539545587
2411,71,0.5288218743396164
3089,71,0.1762766928754419
4166,71,0.13158598626056572
11371,71,0.2512963189224023
21021,71,0.5693230871897302
23337,71,0.6647512271431989
2416,71,0.44735575863218174
4171,71,0.1863241325321811
9264,71,0.30968302842249107
22085,71,0.5110123649137565
12413,71,0.28804917099758864
14989,71,0.4903167756857331
23138,71,0.38875848066600366
2426,71,0.37869377301684803
3279,71,0.26540164279015943
8401,71,0.25098376673590456
22095,71,0.3563689181587525
25011,71,0.19035948341725736
1967,71,0.7746589018326959
2431,71,0.29199042379117784
4186,71,0.2836800240217466
5189,71,0.2799995901442159
7107,71,0.24180902750452038
8189,71,0.255004147085926
14998,71,0.18936061119594982
22100,71,0.34833233733312957
23148,71,0.32289722575818036
24148,71,0.2098416594251268
1845,71,0.5469494904616883
2436,71,0.2756989522278669
4190,71,0.27048683207329643
4985,71,0.29208706869977097
7113,71,0.2636859570387636
8413,71,0.26112595370123864
9502,71,0.23949041045579864
10354,71,0.2229443018790885
21046,71,0.2851257365275959
23153,71,0.18601557615981737
24153,71,0.13554972459123896
2441,71,0.3993748451045601
3119,71,0.43237280244277543
4990,71,0.3640032413876998
7117,71,0.2952937252966993
8199,71,0.41008593638823787
10359,71,0.2227700585500609
12433,71,0.11922602640912928
13388,71,0.11886966538288112
15008,71,0.09296913876991379
22110,71,0.25009136406223453
24158,71,0.18373211572145312
2446,71,0.48184247446272976
4200,71,0.4306782701341547
6051,71,0.3027927328039062
7122,71,0.2808851152168358
9294,71,0.3397592611178057
10364,71,0.1826845821708397
11406,71,0.17936390810424854
15013,71,0.10184008072144346
18077,71,0.17777310670572985
18917,71,0.1710731697648072
22115,71,0.28774923151219994
23163,71,0.16565172828833657
25856,71,0.4191667228181886
27857,71,1.140311406091288
3303,71,0.909183777876574
5208,71,0.38231634031502587
6269,71,0.761562730082446
8209,71,0.6168810359694866
9298,71,0.3414304887976333
11410,71,0.15475824603697105
27967,71,0.5067503469370712
27981,71,0.1317694464324929
28051,71,0.08377932945403062
16225,71,0.32455614524743115
18921,71,0.18830925873870968
19987,71,0.3664064483142354
21060,71,0.1322793084904451
27918,72,0.022484887626018954
8211,72,0.021742458051106354
9083,72,0.023885460093312823
28125,72,0.026813883937456595
20418,72,0.026628243173686002
5210,72,0.022716795672809466
6057,72,0.020043770846569626
7130,72,0.02187596050132822
7997,72,0.022985580752561168
9087,72,0.019396775715210063
9948,72,0.01897837310110343
18291,72,0.03675234332367454
18922,72,0.036105383603381884
19776,72,0.035858158613421114
20849,72,0.03800331027371989
21908,72,0.038172816217737465
3482,72,0.03210835385162886
4019,72,0.0367505545395164
4798,72,0.025827304429921923
5849,72,0.02083263213645108
7136,72,0.022734520260929002
8002,72,0.02306146173070723
9092,72,0.018318827254681837
10161,72,0.018458268348233695
11204,72,0.031910721129034626
12238,72,0.03855832434709625
16840,72,0.03995603112927103
17874,72,0.036614379449067605
18716,72,0.04178109664577575
19565,72,0.041173555648789835
21913,72,0.04266743019727172
22961,72,0.04465981137554163
2451,72,0.030693521276306274
3131,72,0.08827669088624726
4023,72,0.03025519483082042
5007,72,0.022989945564917128
5853,72,0.019767324624111758
6925,72,0.02312116234730151
9097,72,0.01938986733814786
10167,72,0.018696531850447673
11209,72,0.02764354892112043
12241,72,0.03533222938352167
13218,72,0.0387369182429371
14012,72,0.042963516729707364
16843,72,0.03965220283379765
1745,72,0.02761946684434953
2293,72,0.07848385516694864
3135,72,0.022106526382883677
4028,72,0.08974801829951713
27900,72,0.023450183185627322
7146,72,0.022851576356575372
8012,72,0.022583246780163293
1645,72,0.027935452254446082
3141,72,0.04011271058461949
7150,72,0.0236584100597805
9111,72,0.02546771919518438
12255,72,0.043249721425723156
16858,72,0.04918227854758922
1279,72,0.028427978158623156
11228,72,0.05468532444062915
12260,72,0.04179412606415873
13237,72,0.03923636383803715
17899,72,0.03477598499060425
21937,72,0.12135233036905364
1191,72,0.03499779755304187
5032,72,0.03605908184424173
10193,72,0.06254096506164218
28017,72,0.031218341332356198
13243,72,0.15365187961520632
17904,72,0.06471532396169194
19810,72,0.10113742458706462
4833,72,0.04029894855317152
6096,72,0.03423512974139118
18749,72,0.11219000437943993
20888,72,0.14390734184470982
22995,72,0.18826251101966363
861,72,0.09751275472619107
13253,72,0.08505132020029102
788,72,0.11512731634864816
24021,72,0.16840388013418772
582,72,0.18083595225134935
15865,72,0.10040519513143166
24026,72,0.16261675429597217
6974,72,0.04024744978264533
15870,72,0.10913466546083933
24914,72,0.16954643221458143
27093,72,0.09418674853455128
8061,72,0.04201763646299605
15875,72,0.10154487667295176
25760,72,0.10829165770984976
305,72,0.1796949367093456
8065,72,0.03071924148648623
15880,72,0.12750273876033308
16903,72,0.0955428675271454
26316,72,0.17394020818620384
26733,72,0.09713137419571323
259,72,0.217257958811027
8289,72,0.057398628603607754
9161,72,0.03638897822452034
17944,72,0.13609171430532357
266,72,0.21281668421129363
8075,72,0.04148244065352121
17949,72,0.09359465719753421
270,72,0.2655086913999388
11283,72,0.09352893153772616
17953,72,0.10569207486345275
27402,72,0.25281268368355303
113,72,0.2847960472885346
10246,72,0.06380081087609335
11287,72,0.056058582735679284
17958,72,0.09972208945468457
18799,72,0.09408061101188017
27608,72,0.1391007345927617
234,72,0.34300347093124
13301,72,0.06883876254301644
19654,72,0.09846167547881567
27411,72,0.26975199266312694
27674,72,0.19928214248929152
44,72,0.35576383447266235
11711,72,0.0726152971860807
27313,72,0.1420134982593943
27723,72,0.2475444853964299
16,72,0.5940461893016423
12334,72,0.0017919286127811465
13312,72,0.07030250888502008
27623,72,0.20577482319562587
27795,72,0.12414269475793432
7,72,0.5836813802080774
103,72,0.18101614556852852
847,72,0.4888860536087489
12339,72,0.2374611891795496
13317,72,0.055707593501751314
17978,72,0.06056931965692842
19884,72,0.10248463180751746
2,72,0.5753712609441455
108,72,0.24591029615208324
299,72,0.4538839194263558
13322,72,0.24873375964349645
14115,72,0.2568362334295809
22231,72,0.08471027676266618
27633,72,0.12223867309146698
27814,72,0.14531676819178835
6,72,0.35467059957055824
112,72,0.4064020773031552
258,72,0.3869993152139268
1275,72,0.14532647725521283
2541,72,0.30736422757498366
13326,72,0.3412326882757343
17988,72,0.31280694074816384
21180,72,0.03993498629367469
22025,72,0.07740151478702102
27638,72,0.12125044952309308
2385,72,0.13081201250061342
15732,72,0.502704297398148
17993,72,0.022841616659720274
22031,72,0.012823013913873693
23079,72,0.13144153735308514
27607,72,0.08770378133276312
14130,72,0.12995207050785096
22036,72,0.17434240318903485
27869,72,0.300200868118578
2394,72,0.13419476500284178
4127,72,0.10000388442310579
13341,72,0.2092338848911567
14135,72,0.19304786180837222
15944,72,0.2208748897857056
3230,72,0.35757639769550104
14001,72,0.32640193307416104
15949,72,0.31024447366274294
3235,72,0.20637068793369928
18013,72,0.4427575965792211
22051,72,0.34484311968829884
2721,72,0.5938021754167829
4141,72,0.26453548275093536
20996,72,0.38264778073554784
25487,72,0.1620153425144784
2557,72,0.6619248073747157
3244,72,0.35566613968037647
4146,72,0.316854183193861
4941,72,0.27893833411230007
18022,72,0.36932308642374656
18862,72,0.40952414876519844
24976,72,0.19703554299710205
5154,72,0.30319453280424813
18027,72,0.39776443616905144
22065,72,0.3680519115992109
3254,72,0.3528080268922673
4156,72,0.3641900824714867
9249,72,0.26361689145878126
10319,72,0.22544683844078922
15973,72,0.3923017414389453
16996,72,0.35333067329764234
19938,72,0.4257203803568488
22071,72,0.40647705890180663
2406,72,0.6048478677466662
3259,72,0.4039157388458301
6224,72,0.38449195955326837
8164,72,0.035219724779180915
18037,72,0.3627441771016667
19944,72,0.47195078183901057
21016,72,0.3901194959837869
23123,72,0.3722576104896277
24991,72,0.3503007046275209
2411,72,0.5663512912017448
21021,72,0.4191456868552366
23337,72,0.36152742639281094
2416,72,0.5536011534123878
4171,72,0.4379448581400349
9264,72,0.14419078347092165
22085,72,0.3615611853951144
12413,72,0.10489721321352496
14989,72,0.31164938545785686
23138,72,0.39849832685410297
1962,72,0.9446753193630275
2426,72,0.47365947797377966
3279,72,0.48380176482805576
8401,72,0.3527435159115423
22095,72,0.2548593228317039
23143,72,0.3841399553082236
25011,72,0.3114164138881932
2431,72,0.5018534482845692
4186,72,0.48281989662427816
5189,72,0.39899723148728045
6248,72,0.4019847595796095
7107,72,0.3484828545707823
8189,72,0.34565476110700655
14998,72,0.0896212065220001
22100,72,0.38963721094053266
23148,72,0.261883655591855
24148,72,0.33631841864632284
1845,72,0.5762527104173523
2436,72,0.5387309866617443
4190,72,0.4938235053587659
4985,72,0.433301509723048
7113,72,0.3367218832139557
8413,72,0.247566165630271
9502,72,0.3008418490906336
10354,72,0.38885379102495743
21046,72,0.2800048501098208
23153,72,0.34913496549604606
2441,72,0.5250910986674379
3119,72,0.5073596123274656
7117,72,0.3919265789841025
8199,72,0.2637987422036691
10359,72,0.28450967037320163
12433,72,0.3516440699683236
13388,72,0.05840505226471554
15008,72,0.22808809458245638
22110,72,0.1901066893388925
24158,72,0.3397482123763982
1741,72,0.7500861903861744
2446,72,0.5244820203460048
4200,72,0.47153284199251194
6051,72,0.5319257637732209
9294,72,0.312085131428091
10364,72,0.24106610377524873
11406,72,0.17971759114816754
15013,72,0.4169490724111403
18077,72,0.320675357934274
18917,72,0.18575951123697967
22115,72,0.19777926733642157
25856,72,0.31186908123448276
27857,72,1.1254271159673301
3303,72,1.1148278594339847
4205,72,0.5229138823089243
5208,72,0.4131138149226672
6269,72,0.7125191310837186
9298,72,0.3271352121850853
11410,72,0.10516916481987454
27967,72,0.5123111568555053
28051,72,0.15303172766437106
16225,72,0.20604291216908419
17045,72,0.18254865712485704
18921,72,0.13216595763858913
19987,72,0.3707977452733503
21060,72,0.2560872198949904
27918,73,0.023932488884210148
8211,73,0.02250973905489486
9083,73,0.025811120023698488
28125,73,0.026742421897106166
20418,73,0.025063310500304865
5210,73,0.02322468534098071
6057,73,0.02058333619615549
7130,73,0.023309704520048144
7997,73,0.023301756688195098
9087,73,0.025081915625757963
9948,73,0.023205987083565634
18291,73,0.025026901050793856
18922,73,0.02502879681010093
19776,73,0.025128066065782637
20849,73,0.02518976267356615
21908,73,0.026061999393653484
3482,73,0.031606042788372694
4019,73,0.033672199047536225
4798,73,0.026540778174941593
5849,73,0.023218524513206416
7136,73,0.023507005417455255
8002,73,0.023407535024032696
9092,73,0.024402577514795926
10161,73,0.022494962142788004
11204,73,0.019006946960718002
12238,73,0.018558006799367293
16840,73,0.026729772335961494
17874,73,0.02587897257067424
18716,73,0.0244632909821323
19565,73,0.0243666873986862
21913,73,0.025705056584698658
2451,73,0.038342557523409405
3131,73,0.04782516500316144
4023,73,0.029928223732193202
5007,73,0.026061367374869613
5853,73,0.026480586485707742
6925,73,0.02622172184261394
9097,73,0.02480981380067105
10167,73,0.02452154224539457
11209,73,0.021415014040620083
12241,73,0.018315944451953694
13218,73,0.01977206667720398
14012,73,0.02137768419464568
1745,73,0.030060381894452405
2293,73,0.023143856063588132
3135,73,0.06981577510261965
4028,73,0.04990471571745042
27900,73,0.026665176570398987
7146,73,0.045362411523847755
8012,73,0.030033401449451193
1645,73,0.02385906468857811
3141,73,0.03650207309088726
7150,73,0.0348190677076246
9111,73,0.12029845874627243
12255,73,0.1899817596209952
16858,73,0.05988426249657686
1279,73,0.054748517261140626
11228,73,0.19137700067829785
12260,73,0.18965041525473997
13237,73,0.1876077973373824
17899,73,0.07069147962031393
21937,73,0.12722753451507562
1191,73,0.04540033311092085
5032,73,0.04192343587930486
10193,73,0.1124040549866463
28017,73,0.1896704997837401
13243,73,0.18819684822591992
17904,73,0.060766628479237667
19810,73,0.11717198027960721
4833,73,0.11015616626748605
6096,73,0.040136503971911576
18749,73,0.09186792087158294
20888,73,0.20783209606489414
22995,73,0.19112486743140297
861,73,0.18748401011926166
24016,73,0.11096393662651978
788,73,0.18495710297997026
24021,73,0.12463912416166772
582,73,0.26275145810288925
15865,73,0.19209087450341242
24026,73,0.09350899595045908
25078,73,0.0626704561518789
6974,73,0.1500895065070979
15870,73,0.19282900877772033
24914,73,0.1382402700924325
27093,73,0.07538029853333794
8061,73,0.1552580298933488
15875,73,0.1615133374516507
25760,73,0.146764138370662
305,73,0.2601319703225779
15880,73,0.1642433229582977
16903,73,0.15987943739149235
26316,73,0.15197667853980829
26733,73,0.058577415080723304
259,73,0.26162291728085457
8289,73,0.15052851704187717
17944,73,0.10897793525350288
27108,73,0.004867228716834564
266,73,0.33022774947691513
8075,73,0.14884475307393116
270,73,0.2964172495790105
11283,73,0.08370735695871091
17953,73,0.16398439123649147
113,73,0.3024104284243532
11287,73,0.1196021004684318
17958,73,0.1346007704653632
18799,73,0.10804671420476446
27608,73,0.1872716655759186
234,73,0.29674646106724556
12324,73,0.04147235026291124
13301,73,0.09380225353848023
19654,73,0.07993223760634126
27127,73,0.1759188208342852
27411,73,0.23621145910714697
27674,73,0.23439308105211912
44,73,0.340536870805801
11711,73,0.007373556760194447
19874,73,0.07698416316434507
27313,73,0.19769329410923528
27723,73,0.1292425771270126
16,73,0.3969877697742374
12334,73,0.036667767553696586
13312,73,0.01839371779935768
17973,73,0.15082442321937412
27137,73,0.17285993210635237
27623,73,0.08376296375729653
27795,73,0.07192714931653803
7,73,0.4335696358636617
103,73,0.4549383411741406
847,73,0.3170803553752768
12339,73,0.0823148564872725
13317,73,0.08227455812098963
19884,73,0.08657419728975833
27809,73,0.09293557853115468
2,73,0.4737171419698457
108,73,0.537980894358816
299,73,0.39162126994691815
13322,73,0.1219869015473483
14115,73,0.1099055592257217
22231,73,0.07440391062633948
27381,73,0.08093019023251863
27633,73,0.10172574503122347
27814,73,0.08546407837297286
6,73,0.5143455454772672
112,73,0.41370793671579914
258,73,0.41163480299818445
1275,73,0.3806405572972426
2541,73,0.1077026073074112
13326,73,0.131237442674583
17988,73,0.09843793796099823
21180,73,0.08081601267020257
22025,73,0.07627326239358967
27436,73,0.1542063144305745
27638,73,0.06622551745673395
2385,73,0.1466769190979829
15732,73,0.02636352784526423
17993,73,0.09480883769384658
18834,73,0.15698721856715758
22031,73,0.09836921025353822
23079,73,0.15468463184082298
14130,73,0.08950911950593388
22036,73,0.1649050223247094
27869,73,0.3669320640052178
2394,73,0.1585354236453569
4127,73,0.0702626942351875
14135,73,0.1264971305624366
15944,73,0.033077413303389126
3230,73,0.3851881979244559
15949,73,0.12090322987002539
3235,73,0.2107705718851039
18013,73,0.19502373240842832
22051,73,0.3186322465526477
2721,73,0.45726634705886265
20996,73,0.219272003129815
25487,73,0.3552838804509488
2557,73,0.5005170003494354
3244,73,0.24448634418533102
4146,73,0.16538115224289204
4941,73,0.13220164147350802
18862,73,0.2969536847782324
19928,73,0.251120345440198
21002,73,0.18881926507607977
24976,73,0.37048759171459567
5154,73,0.12203754899734894
18027,73,0.23512097908759347
22065,73,0.23469589692822476
3254,73,0.3872466081099367
5159,73,0.2953362220462969
7077,73,0.10357243449989874
10319,73,0.20296133669113864
15973,73,0.29307752090234235
16996,73,0.3263051693559273
22071,73,0.2364109529878385
2406,73,0.6350060570706544
3259,73,0.3854032811915866
6224,73,0.276495573534765
8164,73,0.07937813344729779
18037,73,0.3226742214441144
19944,73,0.1650351046488313
21016,73,0.31875475846057555
23123,73,0.21719548061354554
24991,73,0.2874342076072315
2411,73,0.6022560095799897
21021,73,0.13631657840007663
23337,73,0.2256953279469985
24128,73,0.3204532843715321
2416,73,0.673007447361007
6234,73,0.4348440046016119
9264,73,0.23367591039474916
22085,73,0.3273455029980689
6239,73,0.49587526037769514
12413,73,0.2602819707193993
14989,73,0.17116089141971377
23138,73,0.2220301732411483
2426,73,0.5879614600917571
3279,73,0.5508327246033549
22095,73,0.32352343945053996
25011,73,0.3601486214729823
2431,73,0.6671702429246413
4186,73,0.553498176587878
5189,73,0.6103244369751777
6248,73,0.5783761456139049
8189,73,0.5258756846394055
14998,73,0.08890242912147964
22100,73,0.1402228732728879
23148,73,0.32976909975302054
24148,73,0.3265321784547939
25016,73,0.3309861656584453
1845,73,0.7004449438910914
2436,73,0.6238081148794727
4190,73,0.5160093096410151
4985,73,0.55869464951792
7113,73,0.5509085382114673
8413,73,0.6150261952402852
9502,73,0.5055710185497958
10354,73,0.37402478353504415
21046,73,0.20076608662534365
23153,73,0.12007858411091109
2441,73,0.6782038894030342
3119,73,0.7386525497463674
8199,73,0.5693342598056715
10359,73,0.3300962435191783
11401,73,0.4130943161518805
13388,73,0.14625180052732342
15008,73,0.11159833133989121
21051,73,0.13448134314862434
24158,73,0.21082319007447747
2446,73,0.6926602345459143
4200,73,0.7317874873395542
6051,73,0.7310475153985144
9294,73,0.5657691362562324
10364,73,0.37996781705005733
11406,73,0.2823683300392459
15013,73,0.10195517545748582
17040,73,0.05278981469101216
18077,73,0.15881063943550272
18917,73,0.15384313201254257
22115,73,0.24300324048604507
24163,73,0.1963728125436459
25856,73,0.23393200151716156
27857,73,1.0145140805762891
3303,73,1.0508315933970538
4205,73,0.7229822286011072
5208,73,0.7762065541899186
6269,73,0.9615112063120048
9298,73,0.7275056785078504
11410,73,0.3547663759527853
27967,73,0.5911842083671076
28051,73,0.12542536621394007
16225,73,0.2723736642469437
17045,73,0.3045363185109829
18921,73,0.207374971668265
19987,73,0.43076191528042157
21060,73,0.1776361036498179
25860,73,0.2586233142211415
27918,74,0.023073789027449578
8211,74,0.024043418857446142
9083,74,0.024294926294860943
28125,74,0.019680177697388723
20418,74,0.02008015411121817
5210,74,0.015064474360580195
6057,74,0.016697118576858246
7130,74,0.01969898388541086
7997,74,0.01937476930418365
9087,74,0.02478717209055778
9948,74,0.023786271324568623
18291,74,0.016142300324038055
18922,74,0.017016049001634153
19776,74,0.017203104854590635
20849,74,0.019004259870928217
21908,74,0.020428020685922442
3482,74,0.014572851870056618
4019,74,0.017203757764157317
4798,74,0.014250008507332315
5849,74,0.017442585744458512
7136,74,0.019259522642784216
8002,74,0.01974783095101469
9092,74,0.02440356647888987
10161,74,0.023260597139030656
11204,74,0.01938716743063404
12238,74,0.018738167332315002
16840,74,0.020848298670794588
17874,74,0.02003122481171174
18716,74,0.016154574829551526
19565,74,0.01567646104375912
21913,74,0.018972000233053364
2451,74,0.019758978905615107
3131,74,0.042909431080247244
4023,74,0.013644589820417989
5007,74,0.014991428550379809
5853,74,0.017963872793081693
6925,74,0.02269554650831876
9097,74,0.02445084274206497
10167,74,0.02485552687275706
11209,74,0.022928789624399756
12241,74,0.020066301679292083
13218,74,0.01987685118811922
14012,74,0.01997079952584545
1745,74,0.016453406201705236
2293,74,0.032831198357940926
3135,74,0.08294191353955445
4028,74,0.020077661767356435
27900,74,0.0202855352341844
7146,74,0.023061312320611788
8012,74,0.05694216295224044
1645,74,0.0171334107565868
3141,74,0.042378527943059456
7150,74,0.05721538757521014
8016,74,0.03062794994050527
9111,74,0.06503041330552284
12255,74,0.04339122305858494
16858,74,0.05991640985801633
1279,74,0.05760743260069034
11228,74,0.06296250388192975
12260,74,0.07046948530119711
17899,74,0.12732734555025765
21937,74,0.136077933046242
1191,74,0.017438988966932124
5032,74,0.03660215168290512
10193,74,0.061067425853106524
11233,74,0.06039080069660747
28017,74,0.09964715965807824
13243,74,0.046121463068437556
17904,74,0.14329961236129213
18744,74,0.13089386627790497
19810,74,0.1281271201317112
4833,74,0.0432229181781979
6096,74,0.04737881852477618
18749,74,0.11096979739810311
20888,74,0.15355116125200294
861,74,0.0213618744894852
24016,74,0.14008069259041148
788,74,0.023600515883647158
24021,74,0.14166644156413383
582,74,0.04455625483311934
15865,74,0.10544258440817726
25078,74,0.17174602653638354
6974,74,0.04027350339981395
15870,74,0.10690334847548338
24914,74,0.20511302732461098
27093,74,0.2437676321036679
464,74,0.07685964156801914
8061,74,0.061845877244394366
15875,74,0.1086578676638359
305,74,0.18374871110722535
15880,74,0.11011078764826515
16903,74,0.1297142682781547
26316,74,0.18929476832968478
26733,74,0.24877316142099293
259,74,0.18345543449830748
8289,74,0.09546405132400763
17944,74,0.12636267207773955
27108,74,0.2844840938556744
266,74,0.19006524486813892
8075,74,0.06723233454283957
270,74,0.2274893252446815
11283,74,0.13676791725820653
17953,74,0.13133491211507461
18794,74,0.13392254391974712
113,74,0.2979331819405588
11287,74,0.12658346504179743
17958,74,0.1677415887850772
18799,74,0.09896220073147283
27406,74,0.19294306154112761
27608,74,0.24308157085033816
234,74,0.2602279152325982
13301,74,0.12350459686787307
19654,74,0.17100858854121695
27127,74,0.17368252045903051
27411,74,0.17793077553474007
27674,74,0.19384158795423287
44,74,0.3392905687125471
12124,74,0.2553550808133755
19874,74,0.17769044336653286
27313,74,0.1706709800554765
27723,74,0.18070770126187152
16,74,0.3491546261946958
12334,74,0.27724466580282625
13312,74,0.16045871848387783
27623,74,0.17853613963918105
27795,74,0.15134434083966955
7,74,0.3762662349558033
103,74,0.30639127426080603
847,74,0.3107104574126012
12339,74,0.2686010925178338
13317,74,0.2643860845752158
19884,74,0.21722997737815822
27809,74,0.0868035707308013
2,74,0.3886069290091666
108,74,0.27710129552077295
299,74,0.32607823909346845
13322,74,0.26302920851349443
14115,74,0.2564663261887622
22231,74,0.10056564494290493
27633,74,0.10728643792226332
27814,74,0.16052747745357696
6,74,0.4008153706172793
112,74,0.39935729736662257
258,74,0.38092081821719564
1275,74,0.06624852299250723
2541,74,0.18285105023570802
13326,74,0.19501522655902026
17988,74,0.23771176431172328
21180,74,0.18360754794710246
22025,74,0.10185104130350309
27436,74,0.17225029156286245
27638,74,0.1705633994073705
2385,74,0.05797759117639854
15732,74,0.20497478739814803
17993,74,0.22630611231338207
22031,74,0.17327891265868595
23079,74,0.06911905753502222
14130,74,0.13149863098879305
22036,74,0.2239302391709796
27869,74,0.028444224249613917
4127,74,0.2062985227789511
14940,74,0.12480768223036867
15944,74,0.17890903519443468
3230,74,0.3179372520975606
14945,74,0.204884111737471
15949,74,0.11289900789886999
3235,74,0.1724939357250017
14950,74,0.13056959724836653
18013,74,0.18987244469516545
22051,74,0.11537514685205945
2721,74,0.39657852492246226
18017,74,0.2198865358647192
20996,74,0.15574497561733144
25487,74,0.17994760662859735
2557,74,0.4869424612766069
3244,74,0.1726945971240673
4146,74,0.12790392070419815
4941,74,0.04220248368805134
18862,74,0.21057030339795943
21002,74,0.18690366154731644
24976,74,0.3021520441111547
2396,74,0.4858251568196512
5154,74,0.11493462898192726
18027,74,0.2592842178162798
19933,74,0.09188887572476113
22065,74,0.02944536507218744
3254,74,0.2095379653880141
6219,74,0.11915959817657205
10319,74,0.29224124037552873
16996,74,0.12316815238840324
22071,74,0.029579734561294938
2406,74,0.5466411066989211
3259,74,0.3427804094582474
6224,74,0.18317915891394695
18037,74,0.22031563801926002
19944,74,0.17812803670556718
21016,74,0.06562058069801911
22075,74,0.06566680160265442
23123,74,0.23220129781663526
24991,74,0.37307601124309453
2411,74,0.4995453671060964
21021,74,0.17673442455803975
23337,74,0.19299896084020404
24128,74,0.17110318281472114
2416,74,0.5207772145906557
5174,74,0.3672284878520107
9264,74,0.15411372933995351
22085,74,0.09161681581563805
3274,74,0.4436200513082226
6239,74,0.3790557093396861
12413,74,0.4304066121607081
2426,74,0.4739153607904844
3279,74,0.5035970396659051
22095,74,0.1026454930497024
25011,74,0.313096204907296
1967,74,0.698409502709887
2431,74,0.5118345925657004
4186,74,0.5206784408495957
5189,74,0.43716634858271064
6248,74,0.45516711109151414
8189,74,0.3929463339443655
14998,74,0.21050187873074153
22100,74,0.2915311845567802
23148,74,0.08689570882451943
24148,74,0.1755405604412309
25016,74,0.19383469188756886
1845,74,0.6169722096894791
2436,74,0.6610045227971215
4190,74,0.5180455654407278
4985,74,0.5390522837654986
8413,74,0.44934172565465635
9502,74,0.25881960132443416
10354,74,0.19559727409791933
21046,74,0.19472434992604243
23153,74,0.1751810871952648
24153,74,0.04998256672692989
2441,74,0.6196478723969502
3119,74,0.6409060017367337
8199,74,0.4830447799542774
13388,74,0.12037982207121604
15008,74,0.18654123090590333
21051,74,0.3004218777670372
24158,74,0.08336702272786212
2446,74,0.7423798311290561
4200,74,0.7160388986417366
6051,74,0.5301421753352081
7122,74,0.6459496421680958
9294,74,0.35129862788742466
10364,74,0.15146942368706914
11406,74,0.24634863933758724
15013,74,0.15136056586545268
17040,74,0.27932519037368314
18077,74,0.287321055506034
18917,74,0.2771159842878294
22115,74,0.09714454945335486
24163,74,0.04333547895527776
25031,74,0.18908136592174657
25856,74,0.21827905931632446
27857,74,1.003711176668185
3303,74,1.0142101435578266
4205,74,0.7233944777953468
5208,74,0.6284473277266946
6269,74,0.761396694942806
9298,74,0.44351216154962075
11410,74,0.1450853389603224
27967,74,0.42610458999471856
28051,74,0.15422109801489997
16225,74,0.17143968920905603
17045,74,0.14237910017390204
18921,74,0.04926996884541893
19987,74,0.33537063906322795
21060,74,0.31902819386496234
24166,74,0.2667991083136419
25860,74,0.26573004055431537
27918,75,0.01822469405857578
8211,75,0.017484817039052376
9083,75,0.017741193038983968
28125,75,0.023770532597151457
20418,75,0.027372208786716708
5210,75,0.022239240257835646
6057,75,0.028852701425476465
7130,75,0.018603728478716382
7997,75,0.017773964462786417
9087,75,0.02364605217211551
9948,75,0.021858203564623688
18291,75,0.02096653255955955
18922,75,0.02251244027642772
19776,75,0.02294852938229555
20849,75,0.02747645218025075
21908,75,0.026966975731697245
3482,75,0.011047047254858871
4019,75,0.014936453431511345
4798,75,0.016127641804601286
5849,75,0.028995197727969928
7136,75,0.01866187162850502
8002,75,0.0178393545809428
9092,75,0.025487800108617384
10161,75,0.021964553353722813
11204,75,0.015167933835542753
12238,75,0.014420165172333974
16840,75,0.024058554906032828
17874,75,0.02391286968128585
18716,75,0.02273591601041095
19565,75,0.022757598663512988
21913,75,0.027541582289680545
2451,75,0.018939336425714187
3131,75,0.03788949540261388
4023,75,0.010789134111130973
5007,75,0.018056846031679147
5853,75,0.02427901911556654
6925,75,0.02259681270024875
9097,75,0.025047191975262104
10167,75,0.02486866933978299
11209,75,0.019197892149341905
12241,75,0.01770426236083112
13218,75,0.024836989718345377
14012,75,0.025978960845649563
1745,75,0.039178097840723236
2293,75,0.07885473060956077
3135,75,0.0607990113712473
4028,75,0.027592854983508937
27900,75,0.020859060110235063
7146,75,0.04049682943738549
8012,75,0.08428873432408292
1645,75,0.032797036616279564
3141,75,0.028803476688306816
7150,75,0.08979075350185696
8016,75,0.08804460538853662
9111,75,0.16555057016043562
12255,75,0.12581890420571787
1279,75,0.022055413674950303
11228,75,0.18629515669345087
17899,75,0.2775172234863122
21937,75,0.023006685812549072
1191,75,0.018978961622025985
5032,75,0.04850628249667976
10193,75,0.08819309527937676
11233,75,0.19513639531122665
28017,75,0.20139019179995288
13243,75,0.1395918904690337
17904,75,0.16148446020924728
18744,75,0.22334964773705848
19810,75,0.21729641806222968
4833,75,0.04838774649072103
6096,75,0.06657276969321266
11238,75,0.10740646206225934
18749,75,0.18774855606615506
20888,75,0.09284845646783609
861,75,0.04629480189953192
24016,75,0.1780618223487708
788,75,0.04611008059163099
14856,75,0.21622051545361579
23005,75,0.1417781529080446
24021,75,0.14548142596079536
25073,75,0.15251628047918248
582,75,0.08438835324020381
15865,75,0.16684457327645374
25078,75,0.14145883039638232
6974,75,0.05955896076343595
15870,75,0.1920229781578002
24914,75,0.1393258578940835
25754,75,0.10633717012049372
27093,75,0.16078585483200641
464,75,0.11803660459387047
8061,75,0.1024011097139372
15875,75,0.17140234974284072
305,75,0.15142829548874168
15880,75,0.1146163390260774
16903,75,0.11400334521698692
26316,75,0.23429963817024443
26733,75,0.1888411098161837
259,75,0.15129382392167412
8289,75,0.10930468677232998
17944,75,0.13220784494436147
26321,75,0.18890834195767367
27108,75,0.2457597460884762
266,75,0.22017969585795344
8075,75,0.05720768547576713
17949,75,0.09641033959958697
270,75,0.18863112670606347
10449,75,0.07352443459969162
11283,75,0.07531625265989712
17953,75,0.1014820701291505
18794,75,0.10503490227437297
113,75,0.22798859528274304
10246,75,0.07089516001723696
11287,75,0.07426975249469284
17958,75,0.07288841777597352
18799,75,0.10204906576608581
27406,75,0.20812438353777835
27608,75,0.199712079136105
234,75,0.22737228389901748
13301,75,0.1183822984077139
19654,75,0.09726371968763073
27127,75,0.1722719557634392
27674,75,0.09807549408333573
44,75,0.3047866740274979
19874,75,0.10100529295100154
27313,75,0.23887814142815142
27723,75,0.09486253266014305
16,75,0.38534895504365624
12334,75,0.2849673548707377
13312,75,0.08351906036032758
27623,75,0.10782473163308944
27795,75,0.07698873327799871
7,75,0.42110647300046056
103,75,0.3491907826924897
847,75,0.13793217589254422
12339,75,0.16624878099431917
13317,75,0.10453038233775508
19884,75,0.09407172981233607
27809,75,0.036915096981002246
2,75,0.4229513157541572
108,75,0.38875272465876215
299,75,0.2738219817489563
13322,75,0.13475416879821991
14115,75,0.08926452859212622
22231,75,0.23258075883180937
27633,75,0.15703660760016455
6,75,0.46286135607574386
112,75,0.33443606541667886
258,75,0.29852183640478896
1275,75,0.14879533658228297
2541,75,0.12259762797569942
13326,75,0.06578055473281942
17988,75,0.19898816239484962
21180,75,0.09679831562867158
22025,75,0.08020280223455065
27638,75,0.15595502145034665
2385,75,0.026039824792523567
15732,75,0.14462547605205947
17993,75,0.12326748799293731
22031,75,0.08304804116064407
23079,75,0.16068942660607455
27607,75,0.2593825063890837
14130,75,0.10639823986774309
22036,75,0.09320176080609727
27869,75,0.12212964375619527
4127,75,0.09420887638307042
13341,75,0.09295639670368376
15944,75,0.06893309506901996
3230,75,0.23170198975452547
14001,75,0.05530947033066924
15949,75,0.09558496522496285
3235,75,0.14661210653056544
18013,75,0.05331768900410256
22051,75,0.1216959439972448
23099,75,0.1414129802047925
2721,75,0.25354613854172503
20996,75,0.042998881577371174
25487,75,0.22286725779378055
2557,75,0.3011755622834578
3244,75,0.2976513182162831
4146,75,0.17798501350424123
4941,75,0.15074855789176103
18862,75,0.045194220285842426
24976,75,0.24141195605870738
2396,75,0.3911078397683699
3250,75,0.27920265457585297
5154,75,0.1761634229195905
18027,75,0.09371571829498301
19933,75,0.19593395989795212
22065,75,0.04761647766975426
2401,75,0.4700431346681934
3254,75,0.35204811874464986
9249,75,0.13068077608269515
10319,75,0.1426142261268631
16996,75,0.12304641390528943
19938,75,0.13588417319374643
21011,75,0.1036030003315849
22071,75,0.1393209096401682
2406,75,0.4527674136325824
3259,75,0.377158874856247
6224,75,0.26268582514668365
18037,75,0.2414235960745042
19944,75,0.17284239740976473
21016,75,0.17055511602591308
23123,75,0.10097757074689515
24991,75,0.30952508328939266
2411,75,0.43135167564648086
7087,75,0.2645898251105017
18882,75,0.2751804066195526
21021,75,0.16780731079212202
23337,75,0.09442625224546808
2416,75,0.5113577344002413
4171,75,0.43269485449262385
5174,75,0.4438222006364729
9264,75,0.1770601127051877
22085,75,0.22110476162080572
3274,75,0.5395319723450871
12413,75,0.2224360005003516
1962,75,0.6340193020564804
2426,75,0.5917279436715306
3279,75,0.5077035869244778
22095,75,0.22739982283894486
25011,75,0.059043801550840304
1967,75,0.5713801282988231
2431,75,0.627426665532753
4186,75,0.546733331170303
5189,75,0.5352730071752035
6248,75,0.4616099481336653
7107,75,0.4628455549186588
8189,75,0.3572725934402508
14998,75,0.1373016939335212
22100,75,0.22330604181160285
23148,75,0.16255948668098155
24148,75,0.15751428735862988
25016,75,0.2915861611893977
1845,75,0.6276164331979118
2436,75,0.7032011580634359
4190,75,0.5992575350079926
4985,75,0.5478178017506404
6039,75,0.515300270643018
8413,75,0.412431870605166
9502,75,0.4230550003335187
10354,75,0.4054090366160046
11396,75,0.3419458913562015
21046,75,0.18100334429287293
23153,75,0.15845965653066502
2441,75,0.7253907052141003
3119,75,0.7430314585463541
8199,75,0.48562762865319137
12433,75,0.32914537078923345
13388,75,0.17907301346179208
15008,75,0.016118601175660205
21051,75,0.11970810708524897
24158,75,0.189914979265346
1741,75,0.6957253873251917
2446,75,0.7344843888584816
4200,75,0.6381532139623607
6051,75,0.5621257108430623
7122,75,0.5625873267885627
9294,75,0.5625614304253639
10364,75,0.39155749469848283
11406,75,0.29157457319973323
15013,75,0.163055111528068
18917,75,0.14801276524000737
21056,75,0.1699259683077753
22115,75,0.13282134517850763
24163,75,0.23749381137290695
25031,75,0.17642270395825327
25856,75,0.32353442484128697
27857,75,0.8803737753883158
2288,75,0.8111761672912734
3303,75,0.7762953418254761
5208,75,0.6147429894038905
6269,75,0.7238556668279141
9298,75,0.5728597216817621
11410,75,0.3577600457265149
27967,75,0.3987727050485472
28051,75,0.13656107732220332
16225,75,0.1430120792349533
17045,75,0.1391249646380485
18921,75,0.20894690409269678
21060,75,0.311309743375288
25860,75,0.2724375097048475
27918,76,0.01855086040326716
8211,76,0.019513472449172654
9083,76,0.023125516579516146
28125,76,0.021764552040220448
20418,76,0.01770692003334447
5210,76,0.016732832891063962
6057,76,0.014057678290327613
7130,76,0.013459860291700319
7997,76,0.013502962500389817
9087,76,0.014763613886535196
9948,76,0.0153210328846706
18291,76,0.022039317824488733
18922,76,0.02102489636839039
19776,76,0.020171616390942025
20849,76,0.018238247953498328
21908,76,0.019462696323313666
3482,76,0.025634836878775647
4019,76,0.027405459255147726
4798,76,0.018857561371425895
5849,76,0.015064120652332317
7136,76,0.01405965755477889
8002,76,0.01405023594326849
9092,76,0.013765049238093558
10161,76,0.015265172874240108
11204,76,0.014461628405679024
12238,76,0.014285841311261899
16840,76,0.023164300681312054
17874,76,0.022413650652656873
18716,76,0.02110658870570457
19565,76,0.019947236591410303
21913,76,0.019020580565790843
2451,76,0.020190220671487756
3131,76,0.05703911586387555
4023,76,0.02457960138428342
5007,76,0.019021525165185224
5853,76,0.016185676774205345
6925,76,0.01901963885597899
9097,76,0.015389282279125538
10167,76,0.015303568698244343
11209,76,0.014898918501976053
12241,76,0.014023228581059604
13218,76,0.013623392306819545
14012,76,0.014215311968195194
1745,76,0.05163575512055695
2293,76,0.03093163575604735
3135,76,0.020593008763704006
4028,76,0.017994607487863256
27900,76,0.01988820134644847
7146,76,0.08898059595149578
8012,76,0.01824915070026771
1645,76,0.049875177067442523
3141,76,0.026890803925830282
7150,76,0.022647068554515083
8016,76,0.01858611982859502
9111,76,0.1621176590191601
12255,76,0.12091529883062016
1279,76,0.05465539141871169
11228,76,0.2386933833391677
17899,76,0.1269608849654252
21937,76,0.03620162077361592
1191,76,0.03152753733879287
5032,76,0.023322278339570898
10193,76,0.0179805045883499
28017,76,0.2831682088228825
13243,76,0.04069784880843626
18744,76,0.13379567151413763
19810,76,0.1983808856828093
20883,76,0.08676584785057273
4833,76,0.011874026998684695
6096,76,0.020228211081799313
11238,76,0.029256990432041264
18749,76,0.087493740508763
20888,76,0.10074976043598996
861,76,0.01813792163578982
14047,76,0.09539136799248643
24016,76,0.04852834574538613
788,76,0.017197807339513836
14856,76,0.07112827104429302
24021,76,0.04864862024732831
25073,76,0.04945878357999118
582,76,0.08916679567910953
14055,76,0.06561316005682181
15865,76,0.023469326227842632
25078,76,0.0515922631845915
520,76,0.08954988112882831
6974,76,0.013342284717450713
15870,76,0.07341046225049658
24914,76,0.013804329603434648
25754,76,0.12062452327128961
27093,76,0.07019965050595832
464,76,0.12468917675054247
8061,76,0.03148793732714066
15875,76,0.050440391868921304
25760,76,0.04222340389321638
305,76,0.1274682539082987
7200,76,0.08938167706141971
15880,76,0.01617108603274379
16903,76,0.04039058647168585
26316,76,0.11400914672399795
26733,76,0.041662663085211556
27338,76,0.04050536350229447
259,76,0.1299832604113774
8289,76,0.046645555792793066
17944,76,0.037745224010273894
26321,76,0.07539613771590949
27108,76,0.13173374842629454
266,76,0.19894128062042327
17949,76,0.036072241713860316
270,76,0.27631967889084813
10449,76,0.04975322079130372
11283,76,0.06448447574721558
17953,76,0.03770366612229762
18794,76,0.08098992389591238
113,76,0.24789930614399694
10246,76,0.04827738845844566
11287,76,0.06390732403173872
17958,76,0.048965597603391225
18799,76,0.07833589727663517
27406,76,0.20670882346652478
27608,76,0.23953496470332641
234,76,0.27468454288058103
13301,76,0.00922251131999437
19654,76,0.03296430704442937
27674,76,0.1206918967427673
44,76,0.32597610304572017
19874,76,0.07284513838894935
27132,76,0.12555187781361216
27313,76,0.15174272653083692
27723,76,0.1556695983992272
16,76,0.39833284755696696
12334,76,0.06504506175358812
13312,76,0.0447642620136088
27623,76,0.22379361694950664
27795,76,0.13552289897340786
7,76,0.4083442053610136
103,76,0.3560731022929303
847,76,0.12243693665086641
12339,76,0.026072317163805616
14110,76,0.016033083937661927
19884,76,0.06179319488551496
2,76,0.47812514616377266
108,76,0.42550009969505853
299,76,0.17057311201901576
13322,76,0.08135493700887775
14115,76,0.08994775809033695
22231,76,0.12205891622258239
27633,76,0.21508010467461905
6,76,0.4755039196255673
112,76,0.33917697483898646
258,76,0.27404099916310387
1275,76,0.22499370733954266
2541,76,0.05126799313182289
13326,76,0.07933093776676763
17988,76,0.028492574950721786
22025,76,0.16143805323405966
2385,76,0.05818924695193918
15732,76,0.05351099742637925
17993,76,0.07843977041221631
22031,76,0.15278173522353491
23079,76,0.15905583107555668
27607,76,0.11587101285278198
14130,76,0.15702916113818222
22036,76,0.07764004882611145
27869,76,0.15692330328804693
4127,76,0.031056250523695168
13341,76,0.14348020362220404
15944,76,0.110827432916669
3230,76,0.198909575984646
14001,76,0.06799575950002335
15949,76,0.09421697981119338
3235,76,0.225954429977523
18013,76,0.10642250832529765
22051,76,0.17393722723983218
2721,76,0.30207870603675946
20996,76,0.20018298650419414
25487,76,0.20743296844459674
2557,76,0.3209456160923892
3244,76,0.32391596699403535
4146,76,0.3351880249220343
4941,76,0.3033077452865609
18862,76,0.19406948852064834
24976,76,0.20292013111476465
2396,76,0.2882192872144217
3250,76,0.3823609158495872
5154,76,0.3346262352093585
18027,76,0.16742296386902294
19933,76,0.1724520539117327
22065,76,0.2669949125259171
3254,76,0.41149823977706473
9249,76,0.15335069641055923
15973,76,0.23078668886254808
16996,76,0.21241616233128183
22071,76,0.2895139274570466
2406,76,0.375707441716069
3259,76,0.4359456377424009
6224,76,0.4693849938133003
18037,76,0.14210816111067426
18877,76,0.10603450510596892
19944,76,0.14657083715466754
21016,76,0.22465266867237618
23123,76,0.2850796598377801
24991,76,0.1412961044679774
2411,76,0.4900543221133349
3089,76,0.46248070015095977
18882,76,0.15049527835970056
21021,76,0.20226122002305716
23337,76,0.2686189001947528
2416,76,0.5144094031495746
4171,76,0.4824204047926087
5174,76,0.4451926813840741
9264,76,0.12904909109854698
14984,76,0.2444899942221578
22085,76,0.29284635449098806
25826,76,0.232195821242148
12413,76,0.0908218248591764
23138,76,0.3279772521653889
2426,76,0.6069130434853767
3279,76,0.6276453668778128
8401,76,0.48216988235224006
22095,76,0.2682689767115749
25011,76,0.32441558942651
1967,76,0.5877548452688786
2431,76,0.6525479016402698
4186,76,0.6473881355306846
5189,76,0.5661872774082926
6248,76,0.5026223856679983
8189,76,0.4469930152230063
10349,76,0.3777147621380484
14998,76,0.14446092576450445
22100,76,0.25501074100574067
23148,76,0.3301885114411321
24148,76,0.29446887746103706
25016,76,0.2924917985641219
1845,76,0.5965891217895024
2436,76,0.720605804352588
4190,76,0.6723920387405549
4985,76,0.6448967446018131
6039,76,0.5177126211308154
7113,76,0.5197870463845999
8413,76,0.44843461296402437
9502,76,0.3899877497910371
10354,76,0.3673301150489012
15003,76,0.1683570585637086
21046,76,0.3625810336989899
23153,76,0.36523114567663817
2441,76,0.798384341039032
3119,76,0.7267529411708749
8199,76,0.5412562235641992
11401,76,0.4051561051614137
13388,76,0.30327456608656683
15008,76,0.17777350424985547
24158,76,0.356835329065453
2446,76,0.7726075004351998
4200,76,0.6821565886239677
6051,76,0.7109239796105757
7122,76,0.6275503819121979
9294,76,0.4639374206466429
10364,76,0.44576231662817933
11406,76,0.37234504485410636
12438,76,0.353668885736267
15013,76,0.2315436239060137
18917,76,0.2383343523986907
22115,76,0.36314852794334573
24163,76,0.3140963079296379
25031,76,0.3710923985840071
25856,76,0.36956136716378857
27857,76,0.7092733539988686
3303,76,0.7904524179340037
5208,76,0.7179604358316779
6269,76,0.7390166156798739
9298,76,0.5692571417296489
11410,76,0.3586255752293588
27967,76,0.41609817409101046
28051,76,0.14202795984367164
16225,76,0.13572956997858615
17045,76,0.22593060892271982
18290,76,0.14701331878314444
18921,76,0.19159722806991103
21060,76,0.3807025741255728
27918,77,0.013027305822173676
8211,77,0.012934930835570693
9083,77,0.015602746137505754
28125,77,0.014729363922220233
20418,77,0.015536306757451357
5210,77,0.014454353881719605
6057,77,0.017373739179997825
7130,77,0.010511329777391868
7997,77,0.010016795116077074
9087,77,0.013401416556216177
9948,77,0.012406690698135934
18291,77,0.013206073677022865
18922,77,0.013439405550438257
19776,77,0.01346837105819636
20849,77,0.01560943079362589
21908,77,0.015309738981527574
3482,77,0.016459784933586723
4019,77,0.019142961251920346
4798,77,0.01425219884808676
5849,77,0.017942807292996257
7136,77,0.01014737599078788
8002,77,0.009324402652962444
9092,77,0.01401338058213711
10161,77,0.011795710618119083
11204,77,0.0116728148687821
12238,77,0.010779300812126635
16840,77,0.018165401832116068
17874,77,0.017299257815628407
18716,77,0.012672405114125812
19565,77,0.012533245134531636
21913,77,0.015692299052332364
2451,77,0.020322298581264407
3131,77,0.08860317469858954
4023,77,0.015842683493925733
5007,77,0.01462560401794545
5853,77,0.0156420113718669
6925,77,0.012987430535169922
9097,77,0.012314427241878116
10167,77,0.012252832171780609
11209,77,0.01189389989990291
12241,77,0.012327158338761798
13218,77,0.0165531212062256
14012,77,0.016910296318110658
1745,77,0.018219842102436917
2293,77,0.06843729627401782
3135,77,0.08416407602687034
4028,77,0.016036789360350703
27900,77,0.013483375446866015
7146,77,0.061947344122296154
8012,77,0.013016253682829628
1645,77,0.07037323023166284
3141,77,0.04182147533745706
7150,77,0.015665548033330926
8016,77,0.013052770971472413
9111,77,0.1380916970008979
12255,77,0.131834155377504
16858,77,0.058162415341046485
1279,77,0.027259827060459124
11228,77,0.1330438317611869
12260,77,0.1312910051632148
17899,77,0.013580164962169903
21937,77,0.12848189782122024
1191,77,0.02275443339666908
5032,77,0.02165080182610548
10193,77,0.12543074498458695
28017,77,0.17375514280747467
13243,77,0.06309530547535243
18744,77,0.01615763745447433
19810,77,0.016066913865284044
20883,77,0.05914090497002567
4833,77,0.01455928692216479
6096,77,0.05605359088886327
18749,77,0.05698801703654322
20888,77,0.059656458771062605
861,77,0.030503085653971262
14047,77,0.134379627200109
24016,77,0.05711891875690342
788,77,0.02375019412043416
14856,77,0.09322772254795712
24021,77,0.06622359037278334
25073,77,0.004871632162497727
582,77,0.029055654289653853
15865,77,0.055047804869788296
25078,77,0.08015389054181529
520,77,0.02682906572364091
6974,77,0.050705778516208264
15870,77,0.020664200906054052
24914,77,0.08476905590021579
25754,77,0.0959298967284952
27093,77,0.09807562024518571
8061,77,0.0207907053310201
15875,77,0.054898149293631404
25760,77,0.1646404304897536
305,77,0.0550631848961853
8065,77,0.09309440581199062
15880,77,0.055507544064481204
16903,77,0.05552953492662469
26316,77,0.18366394825560414
26733,77,0.1007412375780329
27338,77,0.12482522748337534
259,77,0.09284324854429438
8289,77,0.08729960925070293
15884,77,0.0256939669547616
17944,77,0.049288928105067145
26321,77,0.16529845589275313
27108,77,0.15218731004801025
266,77,0.16360069689924708
17949,77,0.04255293949965323
270,77,0.16379658629544552
10449,77,0.021444300133616413
11283,77,0.09252248918554012
17953,77,0.014316498501148286
18794,77,0.015006237256184078
113,77,0.24011331933375235
10246,77,0.05647431710296685
11287,77,0.09002549804954382
17958,77,0.06021275077448901
18799,77,0.04919424358295078
27406,77,0.09539196090133281
27608,77,0.15279887750977875
13301,77,0.07341884786474334
19654,77,0.09367211978188397
27411,77,0.10693969377765203
27674,77,0.21026905814137736
44,77,0.3252668382375731
12124,77,0.05655103280841114
27313,77,0.09609954978165217
27723,77,0.17117556454277633
16,77,0.3257614560205344
131,77,0.32502520211284924
12334,77,0.02540139796778817
13312,77,0.05952277880618893
27795,77,0.15442318513167202
7,77,0.35859606649112985
103,77,0.3145919357154214
847,77,0.08929450418808946
12339,77,0.05296337684747951
14110,77,0.09653005838227463
19884,77,0.11573912822202802
2,77,0.359263926428397
108,77,0.361912924034339
299,77,0.1713578695018351
1738,77,0.08639959573468776
13322,77,0.021445809211858555
14115,77,0.021601595397639
22231,77,0.16415339093697245
27633,77,0.0971595384990419
27814,77,0.15722295394005276
6,77,0.39763692439073073
112,77,0.2893290928330031
258,77,0.2570339628666604
1275,77,0.1268198599425457
2541,77,0.022429928766930042
13326,77,0.13926430267407117
17988,77,0.07451225497341778
22025,77,0.17880090638896823
27818,77,0.09375613540624332
2385,77,0.05147581027039348
11322,77,0.08462278565049633
15732,77,0.053429079171044634
22031,77,0.1190471219365191
23079,77,0.14107379246998086
27607,77,0.1081918619482058
14130,77,0.03206521361641759
22036,77,0.16894660352782623
27869,77,0.11917817020988983
2394,77,0.1074286096228796
3228,77,0.05249647613824855
4127,77,0.08072617270889879
13341,77,0.035457347605967464
14135,77,0.06421495415017203
15944,77,0.022732974629402457
3230,77,0.11393586589422075
15949,77,0.04087682335769838
3235,77,0.16425096082880666
18013,77,0.0755839318864509
22051,77,0.18898799642301425
2721,77,0.18998688697929536
20996,77,0.16586150687772075
25487,77,0.2029531079997495
2557,77,0.21925793040744787
3244,77,0.23008306763747488
4146,77,0.22462546826398225
4941,77,0.18280860218310543
16986,77,0.08131992239179715
18862,77,0.1513147519573892
22060,77,0.18736658068868867
24976,77,0.2492324642909425
2396,77,0.33982400112798034
5154,77,0.18226360371837383
9244,77,0.1293912908960247
18027,77,0.18715025894137216
19933,77,0.18560609868679956
22065,77,0.14741374441865487
3254,77,0.31292869075118335
6219,77,0.1556462871536607
9249,77,0.05380343164302836
15973,77,0.047443966932546586
16996,77,0.11636512984554716
22071,77,0.14639869747747272
2406,77,0.39161560021348213
3259,77,0.3545340798960912
6224,77,0.26528924338205107
8164,77,0.15717348675197212
18037,77,0.2852900372715341
19944,77,0.2566584925267865
21016,77,0.21385144409869278
22075,77,0.21284881012030304
23123,77,0.1753775432425131
24991,77,0.3395380600281106
2411,77,0.41384946496954844
3089,77,0.41338576413555866
21021,77,0.21308631102789066
23337,77,0.17359554534100372
2416,77,0.4298905492526446
4171,77,0.4346612836040606
5174,77,0.4130643399710233
9264,77,0.2887108069011069
14984,77,0.03221384266826189
19953,77,0.24503770017614834
22085,77,0.2431725241497235
12413,77,0.020783991277631683
23138,77,0.23232336223960123
2426,77,0.5455986757619425
3279,77,0.5134480463468717
4181,77,0.459224670291669
8401,77,0.37261864289102165
22095,77,0.23532714354448062
25011,77,0.30228453570951064
1967,77,0.4866005903811496
2431,77,0.6312420721745035
4186,77,0.5065255590046672
5189,77,0.47437157056524676
6248,77,0.49257351450028636
8189,77,0.4968307008735596
10349,77,0.307932082207309
14998,77,0.1842645166934386
22100,77,0.23523917083694193
23148,77,0.23828176492273534
24148,77,0.23197312158680836
25016,77,0.3256003060401119
1845,77,0.5065744379415312
2436,77,0.6259947641942195
4190,77,0.5280086181085523
4985,77,0.5216263898798572
6039,77,0.5080058153277343
8413,77,0.5481071530331147
9502,77,0.48288202804562397
10354,77,0.37960191769644186
15003,77,0.11180629868336031
21046,77,0.198854989591107
23153,77,0.23491102193697566
2441,77,0.7168834221405684
3119,77,0.773709349850197
6259,77,0.5355489457167187
7117,77,0.5630293029048294
8199,77,0.5444982269457916
11401,77,0.3175998853468681
13388,77,0.1684088943517803
15008,77,0.1841567717908569
24158,77,0.3392269266468817
2446,77,0.7697732491229637
4200,77,0.8214665639489761
6051,77,0.6338662251390715
7122,77,0.5753476324247585
9294,77,0.55193897712441
10364,77,0.3430063001659964
11406,77,0.3368631996219485
12438,77,0.3151214561947996
15013,77,0.13512520907029238
18077,77,0.13262745933687392
18917,77,0.1616139025228506
22115,77,0.22762880061832103
25031,77,0.3601386054021508
25856,77,0.35659508650001065
27857,77,0.7161443400009121
3303,77,0.676670577055603
5208,77,0.6766544211179357
6269,77,0.6139326732220822
9298,77,0.49639532581724016
11410,77,0.36583299210067577
27967,77,0.2698930752178657
27981,77,0.22479529850408592
28051,77,0.15069476208893326
16225,77,0.16419934041230047
17045,77,0.14581417462862456
18290,77,0.1705378597592289
18921,77,0.17818113769724905
19987,77,0.19037288143527806
21060,77,0.26240053732285595
24166,77,0.26658765253264416
27918,78,0.013688168109587309
8211,78,0.012725128382854656
9083,78,0.013255752768072395
28125,78,0.012623044973043153
20418,78,0.015162571923067763
5210,78,0.019764717419622112
6057,78,0.02348439203286621
7130,78,0.011410585959971537
7997,78,0.011052611400761799
9087,78,0.013983475719691387
9948,78,0.012226278507063445
18291,78,0.011417577829474179
18922,78,0.011807513877847828
19776,78,0.011885644382361208
20849,78,0.014888809442019108
21908,78,0.015122451791462106
3482,78,0.01593308565370631
4019,78,0.017329115137018146
4798,78,0.01783651387446967
5849,78,0.023917760114588512
7136,78,0.011910165353851466
8002,78,0.01099964107194985
9092,78,0.015582514379622589
10161,78,0.011723666394519893
11204,78,0.008516635221292009
12238,78,0.0063243761326527564
16840,78,0.01798768077720113
17874,78,0.01679316699343331
18716,78,0.011187344957006105
19565,78,0.010944065815366315
21913,78,0.014950738685219803
2451,78,0.017554869728891115
3131,78,0.055231930486768124
4023,78,0.015700919214117086
5007,78,0.015031075686073446
5853,78,0.016278283666367188
6925,78,0.011969083873334641
9097,78,0.012055609574009203
10167,78,0.012089157503135496
11209,78,0.009277326102300894
12241,78,0.0091464901599415
13218,78,0.015920975886900644
14012,78,0.016995248979966026
1745,78,0.019220513351572547
2293,78,0.035686117516240144
3135,78,0.06721763204545297
4028,78,0.02261720154870891
27900,78,0.012363139932407148
7146,78,0.011731954559459728
8012,78,0.020001208426106896
1645,78,0.025854885006781247
3141,78,0.01961820314179596
7150,78,0.0580620100597646
8016,78,0.0663709154849383
9111,78,0.07021251727829766
12255,78,0.062318715590193384
16858,78,0.016966167141093034
1279,78,0.020231619198912938
11228,78,0.13352964115985105
13237,78,0.17638360485607357
17899,78,0.061459354195997004
21937,78,0.05737681846814232
1191,78,0.010807873556668957
5032,78,0.02036460704859322
10193,78,0.03734918983822429
11233,78,0.1273610102136365
28017,78,0.20133432894128664
13243,78,0.061288232804059664
18744,78,0.06435492189297261
19810,78,0.06378885325445979
20883,78,0.06388563015609315
4833,78,0.014888369933123745
6096,78,0.02228545996152896
18749,78,0.016639793862934828
20888,78,0.06330880906570661
861,78,0.08100813113704988
14047,78,0.09484784637387048
24016,78,0.09717768383024274
788,78,0.11779761490735434
14052,78,0.09442630055611112
14856,78,0.13109444375327642
24021,78,0.057067378115611946
25073,78,0.09488118626475524
582,78,0.15437715295976848
15865,78,0.055736189551819304
25078,78,0.096310031763635
6974,78,0.0334184276227308
15870,78,0.09215223213581566
24914,78,0.09629030819054847
25754,78,0.09630700898113671
27093,78,0.11759176787634487
8061,78,0.07462471807611254
15875,78,0.09227380067101427
25760,78,0.09189828634730376
305,78,0.15514983377273098
8065,78,0.05586631121227589
15880,78,0.05913054740661243
26316,78,0.085188716544425
26733,78,0.1794344318148628
259,78,0.15399314345010212
8289,78,0.039266145646551856
9161,78,0.0754299975561776
15884,78,0.058570693179216864
17944,78,0.027190154161603218
26321,78,0.08376864801961137
27108,78,0.1760817633990995
266,78,0.12204381897043307
17949,78,0.021302901733596984
270,78,0.15785718144851763
10449,78,0.027495329652275816
11283,78,0.055484642769796894
17953,78,0.05322448385373767
18794,78,0.029434056110812106
113,78,0.12267805088003085
10246,78,0.05274424218910533
11287,78,0.02360799453959018
17958,78,0.060387166731747696
18799,78,0.02550934623256588
27406,78,0.09482467897813497
27608,78,0.07726766534680708
13301,78,0.024565201153667518
19654,78,0.04919220832516156
27411,78,0.12975317605560874
27674,78,0.02115278258731706
44,78,0.2024164197106552
27313,78,0.01948681953384476
27723,78,0.02983412028529992
16,78,0.23793953726150283
12334,78,0.022783159774935186
13312,78,0.019776524274692814
27795,78,0.03255913661335672
7,78,0.27063962505149153
103,78,0.27407233071001363
847,78,0.13178395463267092
12339,78,0.030622348982139846
14110,78,0.06509210035799855
19884,78,0.01359047600172689
2,78,0.30826833381972907
108,78,0.240033244174403
299,78,0.16352679156503322
1738,78,0.02561127810384847
13322,78,0.018015887445590496
14115,78,0.01321021849237939
22231,78,0.04877993617682823
27633,78,0.09463229726507792
27814,78,0.033504125774418275
6,78,0.27916126144014364
112,78,0.21325800109081858
258,78,0.17778115178525639
1275,78,0.12864575965940017
2541,78,0.05688094314583963
13326,78,0.0636489175657715
17988,78,0.02960513993423165
22025,78,0.08939271194856963
11322,78,0.049763684075980835
15732,78,0.06652186395672975
18834,78,0.1047945973305693
22031,78,0.09324510425399103
23079,78,0.019379448163354566
27607,78,0.06084071609823194
14130,78,0.03098949739486025
22036,78,0.08609157681447868
27869,78,0.11651867003188587
2394,78,0.09475852228200159
3228,78,0.0909224048989481
4127,78,0.05672869272442013
13341,78,0.025911480946685543
14135,78,0.07706317186087068
15944,78,0.06434392585365609
3230,78,0.15479578247437534
15949,78,0.09091225351031794
3235,78,0.14014037412134742
4137,78,0.09520548000229145
18013,78,0.16040126945553707
22051,78,0.16202481040307393
2721,78,0.1527565491066791
18017,78,0.13168551460535005
20996,78,0.2006254131663894
25487,78,0.2581505130440254
2557,78,0.1752655510270562
3244,78,0.2988054216835199
4146,78,0.25945929451940114
4941,78,0.12699900368277256
18022,78,0.09574053292865665
18862,78,0.13899447608021018
24976,78,0.24432921872000318
2396,78,0.20205240253337006
9244,78,0.022905281594275892
18027,78,0.028066069924408906
19933,78,0.16606165086692615
22065,78,0.27802941793743013
2401,78,0.29197065536933353
3254,78,0.36345188951608226
10319,78,0.026701362183578884
15973,78,0.020569207595881937
16996,78,0.021135930702650817
18872,78,0.12001890230326154
19938,78,0.14279636243380497
22071,78,0.16710581138816197
2406,78,0.30373627099290534
3259,78,0.43088664292837825
6224,78,0.32238800528086436
18037,78,0.05394015660522827
19944,78,0.09235673731366785
21016,78,0.12606493303683658
22075,78,0.14080071967979832
23123,78,0.25476594221055954
24991,78,0.2602323695856346
2411,78,0.2501014752642875
3089,78,0.3862738366905989
7087,78,0.3027558306738634
21021,78,0.12483791607591954
23337,78,0.2796107602746268
2416,78,0.24449970787874492
4171,78,0.43886065284462933
5174,78,0.500136835691231
6234,78,0.4873917128293511
9264,78,0.20275937815105308
14984,78,0.023538158533103926
15988,78,0.15816302747892488
19953,78,0.08934462595414555
21026,78,0.125309766013068
22085,78,0.28509737631812
24133,78,0.30036583270103206
3274,78,0.4303591604846498
12413,78,0.0804638443063944
18052,78,0.022529203239690015
23138,78,0.2837735815981104
1962,78,0.35747015889964223
2426,78,0.46248834948717715
3279,78,0.45165502442894856
4181,78,0.41693253997111607
6244,78,0.5288445434136021
8401,78,0.3344245011762469
22095,78,0.19870011982391855
25011,78,0.27332817839250595
1967,78,0.40598416614962646
2431,78,0.564157817607166
4186,78,0.4163693472500256
5189,78,0.4502164627290453
6248,78,0.5108092706466798
8189,78,0.43707356786966767
10349,78,0.3058611721503133
14998,78,0.10347768441449912
19114,78,0.023360431268575472
22100,78,0.3064943590445715
23148,78,0.3096886369504487
24148,78,0.3085509188292061
25016,78,0.1991189702497978
1845,78,0.48518299148050964
2436,78,0.6330855580324777
4190,78,0.4398716768837213
4985,78,0.43253885194960934
6039,78,0.46798782548907125
8413,78,0.4837428334031643
9502,78,0.40514507794899746
10354,78,0.3684348042487108
11396,78,0.26511067287364926
15003,78,0.08586884225896223
21046,78,0.08352171953938549
23153,78,0.3121570405684504
2441,78,0.6637387774496086
3119,78,0.6359915635229095
7117,78,0.5533827647717516
8199,78,0.5050430251409577
11401,78,0.34834471367181674
13388,78,0.19388566025010703
24158,78,0.22921512609004413
1741,78,0.5567495598855784
2446,78,0.6779616050876047
4200,78,0.5664176509082703
6051,78,0.49173392715752046
7122,78,0.5486770090223863
9294,78,0.48716703325813154
10364,78,0.3506221976219184
11406,78,0.3062968791603201
15013,78,0.16019517825354282
18077,78,0.12320020238411629
18917,78,0.04970787948967965
21056,78,0.1587350827392263
22115,78,0.15235884500469166
25031,78,0.25080971556350057
25856,78,0.16296048783015477
27857,78,0.5615133364164292
2288,78,0.5312160768402192
3303,78,0.5225407070655999
5208,78,0.4941951557550615
6269,78,0.532468194938488
9298,78,0.4064189290373208
11410,78,0.31617121177555596
27967,78,0.2348006864525589
27981,78,0.21335640128951608
28051,78,0.16592595671452337
16225,78,0.14818035329413767
17045,78,0.17961628757673165
18921,78,0.12490616355356633
19987,78,0.1618427519664631
21060,78,0.12938846993951017
25860,78,0.3187815353248533
27918,79,0.036509791687108877
8211,79,0.03766122133453223
9083,79,0.03572491488310452
28125,79,0.03073765287148344
20418,79,0.0356776443137818
5210,79,0.035120791241972975
6057,79,0.04015050015460693
7130,79,0.0382672969747939
7997,79,0.037945763129000436
9087,79,0.04453601596430482
9948,79,0.04274548645263836
18291,79,0.02854007075528533
18922,79,0.029803263554416863
19776,79,0.030357835401949616
20849,79,0.03550339755386471
21908,79,0.03607560245695904
3482,79,0.021977284494920868
4019,79,0.017583574155473077
4798,79,0.030877519142717167
5849,79,0.03949985077967568
7136,79,0.03846344809353011
8002,79,0.03848913247615316
9092,79,0.04571584938023161
10161,79,0.04323747231489303
11204,79,0.036736760219107566
12238,79,0.036925854054630655
16840,79,0.03475634012521533
17874,79,0.034903821234640774
18716,79,0.029957481639468358
19565,79,0.029229980576450588
21913,79,0.035154948410686046
2451,79,0.0249666444652443
3131,79,0.016501026231087398
4023,79,0.024169698880544033
5007,79,0.03183695623569962
5853,79,0.036557334815280465
6925,79,0.03691101126247274
9097,79,0.041827355345291944
10167,79,0.042517658878874764
11209,79,0.040197629145036065
12241,79,0.039647262084438896
13218,79,0.04125146438575179
14012,79,0.04232312859090115
1745,79,0.022674010984220856
2293,79,0.059851436086803586
3135,79,0.09848555825134686
4028,79,0.04417149424203122
27900,79,0.03327985773526244
7146,79,0.036784405538914995
8012,79,0.038101630759586495
1645,79,0.06454747499258776
3141,79,0.058438418925020955
7150,79,0.030826536968736905
8016,79,0.04388986256863935
9111,79,0.07552076857063608
12255,79,0.05816663335218835
16858,79,0.06168663489796979
1279,79,0.06590783372829842
11228,79,0.0640779378727775
13237,79,0.09474042394781348
17899,79,0.07783943940448478
21937,79,0.06475180146546461
1191,79,0.02343289303122592
5032,79,0.07071281546263321
10193,79,0.06726635944044093
11233,79,0.11975189700835448
28017,79,0.11443800826226108
13243,79,0.07563159048486506
18744,79,0.06161902834582872
19810,79,0.10225778256611151
20883,79,0.08449673737842925
4833,79,0.06240163505248854
6096,79,0.06420977333548074
18749,79,0.08730257189478029
20888,79,0.11333419186315914
861,79,0.043123389535290824
14047,79,0.07524107283787003
24016,79,0.11340245275912016
788,79,0.05094267699003546
14052,79,0.07181691705705572
14856,79,0.07053019864236179
24021,79,0.10178415258580012
25073,79,0.10152689634352219
582,79,0.05546674016449943
14861,79,0.07646458298896877
15865,79,0.0818209386653222
25078,79,0.09795697236448482
6974,79,0.06636984576461051
15870,79,0.09468717375494677
24914,79,0.09413571513371126
25754,79,0.05847891103737263
27093,79,0.0682956374786707
8061,79,0.08302690564575456
15875,79,0.06027033984109802
25760,79,0.10419987292695328
305,79,0.13357551109052976
8065,79,0.08440753740408026
15880,79,0.06028150558776675
26316,79,0.10175655973335679
26733,79,0.105946271523301
259,79,0.13274590848069062
8289,79,0.0849786632337184
9161,79,0.07168330483327863
15884,79,0.08720330396964195
16909,79,0.05831868487347348
17944,79,0.11673089250904242
26321,79,0.15549626578109826
27108,79,0.10392646878554102
266,79,0.12805992968870364
17949,79,0.055471719970327696
270,79,0.1330357627046809
10449,79,0.04427278738975005
11283,79,0.049573315269630706
17953,79,0.08566522656248929
18794,79,0.08133938182708618
113,79,0.16395695041730066
10246,79,0.06425995730222006
11287,79,0.08291801470389738
17958,79,0.14887458777206783
18799,79,0.06274565534078785
27406,79,0.19143271997047842
27608,79,0.15984175282390764
13301,79,0.04563039001989632
19654,79,0.0624759913427939
27127,79,0.10964070815199513
27411,79,0.05698783389011401
27674,79,0.09969043139794875
44,79,0.16939692163995312
27132,79,0.04264159492003982
27313,79,0.18502673000224376
27723,79,0.1316568323516032
16,79,0.20558989361916816
12334,79,0.04131110020992627
13312,79,0.07353054247342271
27468,79,0.08806494125573222
27623,79,0.08993901823833923
27795,79,0.06022020859674838
7,79,0.20392553332067961
103,79,0.13535757648855778
847,79,0.10211405427887457
12339,79,0.03711541379871005
14110,79,0.10922782355354209
19884,79,0.09010129582769615
2,79,0.20012694349522564
299,79,0.12780288479151136
1738,79,0.04757898047132751
13322,79,0.05193966014882413
14115,79,0.05355139466743781
22231,79,0.08520339965295418
27633,79,0.050369670578685855
27814,79,0.1778966408535698
6,79,0.23281471901876893
112,79,0.17323835916519972
258,79,0.1312902795087245
1275,79,0.0943235305168382
2541,79,0.05289129471494445
13326,79,0.12233833289889318
17988,79,0.11184516508449485
22025,79,0.08039402019295701
27436,79,0.18966784886783156
27638,79,0.08938669737391078
11322,79,0.048788831198933055
15732,79,0.05916520100650959
18834,79,0.0889173965280634
22031,79,0.1473964608114827
23079,79,0.20729753611938537
27607,79,0.22381768210725478
14130,79,0.12002411978214308
22036,79,0.03721304726190499
27869,79,0.1012096468976082
2394,79,0.12247430678588267
3228,79,0.0480021582820371
13341,79,0.09807420449887837
14135,79,0.08955325212707055
15944,79,0.0643910247963377
3230,79,0.10089610975857631
15949,79,0.02613100224733642
3235,79,0.1475718270926156
18013,79,0.02878014259313162
22051,79,0.2025582226818449
2721,79,0.11305063641535819
15958,79,0.09365134536579951
18017,79,0.1833578742476162
20996,79,0.14505098447134313
25487,79,0.03851947401827567
2557,79,0.16098947089575913
3244,79,0.25368457480481765
4146,79,0.19748849207518815
4941,79,0.21857068658410175
18022,79,0.038852049090039205
18862,79,0.03908421191310768
21002,79,0.13127302525235432
24976,79,0.05705293363292627
2396,79,0.2158286745328813
18027,79,0.11882826806592339
19933,79,0.03933703564855821
22065,79,0.0364824854850672
2401,79,0.2290693925087612
3254,79,0.30916430760953256
10319,79,0.022611297207590923
15973,79,0.11198048469473225
16996,79,0.03531618556424413
18872,79,0.04030493076778539
19938,79,0.03865045745067954
22071,79,0.2718266762107215
2406,79,0.24606284986952132
3259,79,0.2957193664878647
6224,79,0.2710985330416583
7082,79,0.19872539506785172
18037,79,0.06533056818296866
19944,79,0.12787043620135302
21016,79,0.1287615744840745
22075,79,0.26919170926218444
23123,79,0.12618199353700885
24991,79,0.2712054523176844
2411,79,0.2768708536341275
3089,79,0.34194484130283154
18882,79,0.12542483400951102
20163,79,0.060869413387753715
21021,79,0.1303275540706106
23337,79,0.03399706590977789
2416,79,0.3132243903515506
4171,79,0.3457209813468516
5174,79,0.3640579464700226
6234,79,0.32864255074691756
9264,79,0.15444834611750977
14984,79,0.09880176949068226
15988,79,0.10261387140056745
19953,79,0.12826867557674912
22085,79,0.056156122645804926
3274,79,0.37732963281134213
6239,79,0.36446325081145736
12413,79,0.03339637578032961
18052,79,0.06646706794134302
21031,79,0.03472074013221937
23138,79,0.13260013474529897
2426,79,0.4034121043597028
3279,79,0.4289223981132271
23143,79,0.276653756450655
25011,79,0.14079198302713908
1967,79,0.27964234444677294
2431,79,0.3849104951742073
4186,79,0.39497070814570934
5189,79,0.4224938473576789
6248,79,0.39809848687023003
8189,79,0.3429947519137387
14998,79,0.04069922442249554
19114,79,0.03233978501035773
22100,79,0.1380402200415192
23148,79,0.08375554957052612
24148,79,0.28102515816708645
25016,79,0.27972995097542247
1845,79,0.29840360296988216
2436,79,0.45491630405480415
4190,79,0.38209780989646563
4985,79,0.39418131697469544
6039,79,0.39739599877814924
8413,79,0.34393798989525176
9502,79,0.30606430071449625
10354,79,0.2084338969787196
15003,79,0.06518653843745346
21046,79,0.1355098220038506
23153,79,0.14805710320532425
2441,79,0.5580859664337047
3119,79,0.5356616421030058
7117,79,0.38067928282487545
8199,79,0.3606649649183983
10359,79,0.26806709234708437
11401,79,0.18350411157337795
13388,79,0.03808626490941349
22110,79,0.08106815471855892
24158,79,0.2965961631724697
1741,79,0.43126656895837634
2446,79,0.5701225369647199
4200,79,0.4996015413131063
6051,79,0.4178625418247502
7122,79,0.37868489475138656
9294,79,0.28429917477166555
10364,79,0.1956976046449229
11406,79,0.286667190807732
15013,79,0.0951215400684198
18077,79,0.037011483228100724
18917,79,0.13646488515942826
22115,79,0.14839802749362802
25031,79,0.16743941846627491
25856,79,0.3014277887897594
27857,79,0.449353898808835
2288,79,0.43265981346923577
3303,79,0.5471421068639651
4205,79,0.5217240955885947
6269,79,0.36433677297441164
7126,79,0.33884034349759806
9298,79,0.3700273998395923
11410,79,0.17870936775916746
27967,79,0.16088637790885363
27981,79,0.06916863477153552
28051,79,0.10317748918050798
16225,79,0.059818608342351046
17045,79,0.10291333288474455
18921,79,0.054615688060675655
21060,79,0.08847459504138877
25860,79,0.3067478862336136
