latent_t,latent_y,latent_x,candidate_count,is_collision,c2_winner_material_id,nodepth_winner_material_id,winner_changed
1,5,46,1,0,27918,27918,0
1,5,47,1,0,8211,8211,0
1,5,48,1,0,9083,9083,0
1,5,59,1,0,28125,28125,0
1,5,60,1,0,20418,20418,0
1,6,44,1,0,5210,5210,0
1,6,45,1,0,6057,6057,0
1,6,46,1,0,7130,7130,0
1,6,47,1,0,7997,7997,0
1,6,48,1,0,9087,9087,0
1,6,49,1,0,9948,9948,0
1,6,57,1,0,18291,18291,0
1,6,58,1,0,18922,18922,0
1,6,59,1,0,19776,19776,0
1,6,60,1,0,20849,20849,0
1,6,61,1,0,21908,21908,0
1,6,62,1,0,22958,22958,0
1,7,42,1,0,3482,3482,0
1,7,43,1,0,4019,4019,0
1,7,44,1,0,4798,4798,0
1,7,45,1,0,5849,5849,0
1,7,46,1,0,7136,7136,0
1,7,47,1,0,8002,8002,0
1,7,48,1,0,9092,9092,0
1,7,49,1,0,10161,10161,0
1,7,50,1,0,11204,11204,0
1,7,51,1,0,12238,12238,0
1,7,56,1,0,16840,16840,0
1,7,57,1,0,17874,17874,0
1,7,58,1,0,18716,18716,0
1,7,59,1,0,19565,19565,0
1,7,60,1,0,20854,20854,0
1,7,61,1,0,21913,21913,0
1,7,62,1,0,22961,22961,0
1,7,63,1,0,23977,23977,0
1,8,41,1,0,2451,2451,0
1,8,42,1,0,3131,3131,0
1,8,43,1,0,4023,4023,0
1,8,44,1,0,5007,5007,0
1,8,45,1,0,5853,5853,0
1,8,46,1,0,6925,6925,0
1,8,47,1,0,8225,8225,0
1,8,48,1,0,9097,9097,0
1,8,49,1,0,10167,10167,0
1,8,50,1,0,11209,11209,0
1,8,51,1,0,12241,12241,0
1,8,52,1,0,13218,13218,0
1,8,53,1,0,14012,14012,0
1,8,54,1,0,15017,15017,0
1,8,55,1,0,15821,15821,0
1,8,56,1,0,16843,16843,0
1,8,57,1,0,17880,17880,0
1,8,58,1,0,18932,18932,0
1,8,59,1,0,19571,19571,0
1,8,60,1,0,20860,20860,0
1,8,61,1,0,21918,21918,0
1,8,62,1,0,22966,22966,0
1,8,63,1,0,23982,23982,0
1,8,64,1,0,24699,24699,0
1,9,40,1,0,1745,1745,0
1,9,41,1,0,2293,2293,0
1,9,42,1,0,3135,3135,0
1,9,43,1,0,4028,4028,0
1,9,45,1,0,27900,27900,0
1,9,46,1,0,7146,7146,0
1,9,51,1,0,12246,12246,0
1,9,53,1,0,14017,14017,0
1,9,54,1,0,14821,14821,0
1,9,55,1,0,15826,15826,0
1,9,57,2,1,17890,17677,1
1,9,58,1,0,18941,18941,0
1,9,59,1,0,20005,20005,0
1,9,61,1,0,21923,21923,0
1,9,62,1,0,22971,22971,0
1,9,65,1,0,25551,25551,0
1,10,41,1,0,1645,1645,0
1,10,43,1,0,3141,3141,0
1,10,45,1,0,5018,5018,0
1,10,46,1,0,7150,7150,0
1,10,47,1,0,8016,8016,0
1,10,48,2,1,9111,9111,0
1,10,49,1,0,10181,10181,0
1,10,52,1,0,12255,12255,0
1,10,58,1,0,18734,18734,0
1,10,59,1,0,20014,20014,0
1,10,60,1,0,20869,20869,0
1,10,61,1,0,21932,21932,0
1,10,63,2,1,22976,22976,0
1,10,66,1,0,25720,25720,0
1,11,43,1,0,2971,2971,0
1,11,46,1,0,5027,5027,0
1,11,51,1,0,11228,11228,0
1,11,52,1,0,12260,12260,0
1,11,53,1,0,13232,13232,0
1,11,57,1,0,17895,17895,0
1,11,59,1,0,18951,18951,0
1,11,60,1,0,20878,20878,0
1,11,64,1,0,23996,23996,0
1,11,66,2,1,28240,28232,1
1,11,67,1,0,26278,26278,0
1,12,42,1,0,1654,1654,0
1,12,45,1,0,4042,4042,0
1,12,47,1,0,6087,6087,0
1,12,48,1,0,6949,6949,0
1,12,51,1,0,11233,11233,0
1,12,52,1,0,28017,28017,0
1,12,58,1,0,17899,17899,0
1,12,59,1,0,18744,18744,0
1,12,60,1,0,19810,19810,0
1,12,63,1,0,21937,21937,0
1,12,67,1,0,25731,25731,0
1,13,44,1,0,3155,3155,0
1,13,46,1,0,5032,5032,0
1,13,47,1,0,6096,6096,0
1,13,50,1,0,9126,9126,0
1,13,51,1,0,10193,10193,0
1,13,54,1,0,13243,13243,0
1,13,56,1,0,14846,14846,0
1,13,57,1,0,15845,15845,0
1,13,62,1,0,20883,20883,0
1,13,63,1,0,21942,21942,0
1,13,65,1,0,24006,24006,0
1,13,67,1,0,25735,25735,0
1,14,41,1,0,1196,1196,0
1,14,46,1,0,4833,4833,0
1,14,49,1,0,8037,8037,0
1,14,51,1,0,10197,10197,0
1,14,57,1,0,14851,14851,0
1,14,58,1,0,16667,16667,0
1,14,62,1,0,20888,20888,0
1,14,63,1,0,21947,21947,0
1,14,68,1,0,25740,25740,0
1,14,69,2,1,26293,26293,0
1,15,43,1,0,1773,1773,0
1,15,44,1,0,2323,2323,0
1,15,47,1,0,4838,4838,0
1,15,48,1,0,6101,6101,0
1,15,49,1,0,6959,6959,0
1,15,52,1,0,10202,10202,0
1,15,53,2,1,11244,11244,0
1,15,54,1,0,12280,12280,0
1,15,55,2,1,13253,13253,0
1,15,56,1,0,14047,14047,0
1,15,57,1,0,14856,14856,0
1,15,58,1,0,15860,15860,0
1,15,59,1,0,16883,16883,0
1,15,61,1,0,19820,19820,0
1,15,62,1,0,20893,20893,0
1,15,65,1,0,23000,23000,0
1,15,67,1,0,25073,25073,0
1,15,68,1,0,25746,25746,0
1,15,69,1,0,26297,26297,0
1,15,70,1,0,26946,26946,0
1,16,42,1,0,1206,1206,0
1,16,44,1,0,2327,2327,0
1,16,45,1,0,3170,3170,0
1,16,47,1,0,5052,5052,0
1,16,48,1,0,6111,6111,0
1,16,51,1,0,9137,9137,0
1,16,54,1,0,12284,12284,0
1,16,56,2,1,14052,14052,0
1,16,59,1,0,16888,16888,0
1,16,60,1,0,17919,17919,0
1,16,64,1,0,21957,21957,0
1,16,66,1,0,24021,24021,0
1,16,67,1,0,25078,25078,0
1,16,69,1,0,26302,26302,0
1,16,70,1,0,26718,26718,0
1,17,44,1,0,2332,2332,0
1,17,46,1,0,4067,4067,0
1,17,47,1,0,5057,5057,0
1,17,48,1,0,6116,6116,0
1,17,49,1,0,6974,6974,0
1,17,52,1,0,10215,10215,0
1,17,53,1,0,11254,11254,0
1,17,56,1,0,14061,14061,0
1,17,57,1,0,14866,14866,0
1,17,59,1,0,16893,16893,0
1,17,60,1,0,17929,17929,0
1,17,65,2,1,23010,23010,0
1,17,66,2,1,24026,24026,0
1,17,67,1,0,24914,24914,0
1,17,68,1,0,25754,25754,0
1,17,69,1,0,26306,26306,0
1,17,71,1,0,27093,27093,0
1,18,42,2,1,1215,797,1
1,18,43,1,0,1683,1683,0
1,18,44,1,0,2337,2337,0
1,18,45,1,0,3180,3180,0
1,18,46,1,0,4072,4072,0
1,18,50,1,0,8061,8061,0
1,18,52,1,0,10430,10430,0
1,18,55,1,0,13083,13083,0
1,18,56,1,0,14066,14066,0
1,18,57,1,0,14871,14871,0
1,18,58,1,0,15875,15875,0
1,18,59,1,0,16898,16898,0
1,18,61,1,0,17934,17934,0
1,18,66,1,0,24036,24036,0
1,18,69,1,0,26312,26312,0
1,18,70,1,0,26646,26646,0
1,18,72,1,0,27281,27281,0
1,19,44,1,0,1689,1689,0
1,19,45,1,0,2840,2840,0
1,19,53,1,0,11267,11267,0
1,19,56,1,0,14071,14071,0
1,19,57,1,0,14876,14876,0
1,19,58,1,0,15880,15880,0
1,19,59,1,0,16903,16903,0
1,19,63,2,1,19840,19840,0
1,19,64,1,0,21977,21977,0
1,19,66,1,0,24041,24041,0
1,19,68,1,0,24924,24924,0
1,19,71,1,0,26733,26733,0
1,19,72,1,0,27103,27103,0
1,20,40,1,0,305,305,0
1,20,42,1,0,808,808,0
1,20,43,1,0,1317,1317,0
1,20,45,2,1,2347,2347,0
1,20,47,1,0,4862,4862,0
1,20,52,1,0,10231,10231,0
1,20,53,1,0,11272,11272,0
1,20,57,1,0,14881,14881,0
1,20,58,1,0,15884,15884,0
1,20,63,2,1,19845,19845,0
1,20,64,1,0,20918,20918,0
1,20,68,1,0,25098,25098,0
1,20,69,1,0,25769,25769,0
1,20,71,1,0,26739,26739,0
1,20,72,1,0,27108,27108,0
1,20,73,1,0,27392,27392,0
1,21,40,1,0,259,259,0
1,21,42,1,0,812,812,0
1,21,44,1,0,1698,1698,0
1,21,45,1,0,2352,2352,0
1,21,48,1,0,5072,5072,0
1,21,49,1,0,6131,6131,0
1,21,50,1,0,8075,8075,0
1,21,51,2,1,9161,8289,1
1,21,54,1,0,12305,12305,0
1,21,55,1,0,13459,13459,0
1,21,57,2,1,14886,14216,1
1,21,58,1,0,15890,15890,0
1,21,59,2,1,16913,16909,1
1,21,63,1,0,20069,20069,0
1,21,65,1,0,21982,21982,0
1,21,66,1,0,23030,23030,0
1,21,67,1,0,24046,24046,0
1,21,68,1,0,25103,25103,0
1,21,69,1,0,25775,25775,0
1,21,70,1,0,26326,26326,0
1,21,71,1,0,26744,26744,0
1,21,72,1,0,27113,27113,0
1,21,73,1,0,27397,27397,0
1,22,40,1,0,266,266,0
1,22,43,1,0,1236,1236,0
1,22,44,1,0,1704,1704,0
1,22,45,2,1,2357,2357,0
1,22,47,1,0,4476,4476,0
1,22,48,1,0,5076,5076,0
1,22,50,1,0,8080,8080,0
1,22,51,1,0,9166,9166,0
1,22,53,1,0,11283,11283,0
1,22,62,1,0,18794,18794,0
1,22,63,1,0,19860,19860,0
1,22,64,1,0,20928,20928,0
1,22,65,1,0,21987,21987,0
1,22,66,2,1,23035,23035,0
1,22,68,1,0,25278,25278,0
1,22,69,1,0,25780,25780,0
1,22,71,1,0,26748,26748,0
1,22,72,1,0,27118,27118,0
1,22,73,2,1,27402,27402,0
1,23,40,1,0,270,270,0
1,23,42,1,0,823,823,0
1,23,43,1,0,1241,1241,0
1,23,44,1,0,2362,2362,0
1,23,45,2,1,3034,3034,0
1,23,47,1,0,4877,4877,0
1,23,51,1,0,8302,8302,0
1,23,52,1,0,9389,9389,0
1,23,54,1,0,11287,11287,0
1,23,59,2,1,15895,15895,0
1,23,60,1,0,16918,16918,0
1,23,61,1,0,17958,17958,0
1,23,63,1,0,19863,19863,0
1,23,64,1,0,20937,20937,0
1,23,65,1,0,21996,21996,0
1,23,66,1,0,23040,23040,0
1,23,69,1,0,25784,25784,0
1,23,71,1,0,26753,26753,0
1,23,72,1,0,27122,27122,0
1,23,73,1,0,27406,27406,0
1,24,39,1,0,113,113,0
1,24,40,1,0,229,229,0
1,24,41,1,0,616,616,0
1,24,42,1,0,827,827,0
1,24,48,1,0,5086,5086,0
1,24,50,1,0,7008,7008,0
1,24,56,1,0,13301,13301,0
1,24,57,1,0,14095,14095,0
1,24,58,1,0,14900,14900,0
1,24,59,2,1,15904,15904,0
1,24,61,1,0,17963,17963,0
1,24,62,1,0,18799,18799,0
1,24,69,1,0,25789,25789,0
1,24,72,1,0,27127,27127,0
1,24,73,1,0,27411,27411,0
1,24,74,1,0,27613,27613,0
1,25,39,1,0,63,63,0
1,25,41,1,0,494,494,0
1,25,44,1,0,1718,1718,0
1,25,45,1,0,2371,2371,0
1,25,47,1,0,4477,4477,0
1,25,48,1,0,4881,4881,0
1,25,49,1,0,6155,6155,0
1,25,52,1,0,10251,10251,0
1,25,54,1,0,12124,12124,0
1,25,59,2,1,15909,15909,0
1,25,64,1,0,21160,21160,0
1,25,66,2,1,23050,23050,0
1,25,69,1,0,25794,25794,0
1,25,70,1,0,26346,26346,0
1,25,72,1,0,27132,27132,0
1,25,73,1,0,27313,27313,0
1,25,75,1,0,27723,27723,0
1,26,38,1,0,44,44,0
1,26,40,1,0,238,238,0
1,26,42,1,0,838,838,0
1,26,43,1,0,1255,1255,0
1,26,47,1,0,4093,4093,0
1,26,51,1,0,9190,9190,0
1,26,53,1,0,10255,10255,0
1,26,54,1,0,11711,11711,0
1,26,56,1,0,13307,13307,0
1,26,58,1,0,14910,14910,0
1,26,59,1,0,15914,15914,0
1,26,61,1,0,17968,17968,0
1,26,64,1,0,21165,21165,0
1,26,66,1,0,23059,23059,0
1,26,67,1,0,24059,24059,0
1,26,69,1,0,25943,25943,0
1,26,72,1,0,27137,27137,0
1,26,73,1,0,27468,27468,0
1,26,74,1,0,27623,27623,0
1,26,75,1,0,27727,27727,0
1,26,76,1,0,27795,27795,0
1,27,38,1,0,16,16,0
1,27,39,1,0,131,131,0
1,27,40,1,0,503,503,0
1,27,41,1,0,768,768,0
1,27,44,2,1,1728,1728,0
1,27,49,1,0,6377,6377,0
1,27,53,1,0,10260,10260,0
1,27,54,1,0,11509,11509,0
1,27,56,1,0,13312,13312,0
1,27,59,1,0,15919,15919,0
1,27,60,1,0,17355,17355,0
1,27,66,1,0,23064,23064,0
1,27,67,1,0,24064,24064,0
1,27,68,2,1,24759,24759,0
1,27,70,2,1,26352,26352,0
1,27,71,1,0,26773,26773,0
1,27,75,1,0,27732,27732,0
1,28,37,1,0,2,2,0
1,28,38,1,0,7,7,0
1,28,39,2,1,248,103,1
1,28,40,1,0,508,508,0
1,28,41,1,0,847,847,0
1,28,42,1,0,1266,1266,0
1,28,43,1,0,1733,1733,0
1,28,44,1,0,2081,2081,0
1,28,46,1,0,3377,3377,0
1,28,48,1,0,5105,5105,0
1,28,50,1,0,7889,7889,0
1,28,53,2,1,10265,10265,0
1,28,54,1,0,11514,11514,0
1,28,61,1,0,17978,17978,0
1,28,63,2,1,20104,19884,1
1,28,64,1,0,20957,20957,0
1,28,66,1,0,23069,23069,0
1,28,67,1,0,24069,24069,0
1,28,68,1,0,24936,24936,0
1,28,69,1,0,25631,25631,0
1,28,70,1,0,26360,26360,0
1,28,72,1,0,27147,27147,0
1,28,73,1,0,27381,27381,0
1,28,74,1,0,27633,27633,0
1,28,75,1,0,27737,27737,0
1,28,76,1,0,27814,27814,0
1,29,37,1,0,6,6,0
1,29,39,1,0,108,108,0
1,29,41,1,0,852,852,0
1,29,42,1,0,1270,1270,0
1,29,43,2,1,1738,1550,1
1,29,45,1,0,3208,3208,0
1,29,47,1,0,4107,4107,0
1,29,48,1,0,5110,5110,0
1,29,49,1,0,5744,5744,0
1,29,54,1,0,11316,11316,0
1,29,56,1,0,13322,13322,0
1,29,57,1,0,14115,14115,0
1,29,60,1,0,17157,17157,0
1,29,61,1,0,17988,17988,0
1,29,62,1,0,18823,18823,0
1,29,68,1,0,24942,24942,0
1,29,70,1,0,26534,26534,0
1,29,71,1,0,26783,26783,0
1,29,72,1,0,27152,27152,0
1,29,73,1,0,27436,27436,0
1,29,76,1,0,27818,27818,0
1,30,39,1,0,258,258,0
1,30,40,1,0,518,518,0
1,30,42,1,0,1275,1275,0
1,30,44,1,0,2541,2541,0
1,30,45,1,0,3213,3213,0
1,30,47,1,0,4113,4113,0
1,30,48,1,0,4907,4907,0
1,30,49,2,1,7033,6176,1
1,30,50,1,0,8115,8115,0
1,30,51,1,0,8987,8987,0
1,30,55,1,0,12349,12349,0
1,30,56,2,1,13326,13326,0
1,30,58,2,1,14925,14925,0
1,30,60,1,0,16957,16957,0
1,30,62,1,0,18828,18828,0
1,30,66,1,0,24074,24074,0
1,30,69,1,0,25799,25799,0
1,30,71,1,0,26787,26787,0
1,30,72,1,0,27156,27156,0
1,30,73,1,0,27440,27440,0
1,30,74,1,0,27607,27607,0
1,31,42,1,0,27846,27846,0
1,31,45,1,0,3218,3218,0
1,31,46,1,0,4309,4309,0
1,31,51,1,0,9428,9428,0
1,31,52,1,0,10279,10279,0
1,31,55,1,0,13331,13331,0
1,31,56,1,0,14125,14125,0
1,31,57,1,0,14930,14930,0
1,31,58,1,0,15737,15737,0
1,31,60,1,0,16962,16962,0
1,31,61,2,1,18834,17993,1
1,31,62,1,0,19899,19899,0
1,31,63,1,0,20972,20972,0
1,31,64,1,0,22031,22031,0
1,31,65,1,0,23079,23079,0
1,31,67,1,0,24947,24947,0
1,31,69,1,0,26176,26176,0
1,32,43,2,1,1841,1841,0
1,32,45,1,0,3228,3228,0
1,32,49,1,0,7043,7043,0
1,32,50,1,0,8125,8125,0
1,32,51,1,0,9220,9220,0
1,32,52,1,0,10290,10290,0
1,32,53,1,0,11331,11331,0
1,32,54,1,0,12363,12363,0
1,32,56,1,0,14130,14130,0
1,32,61,2,1,17998,17998,0
1,32,62,1,0,19904,19904,0
1,32,66,1,0,23084,23084,0
1,32,67,2,1,24084,24084,0
1,32,68,1,0,25809,25809,0
1,32,70,1,0,26361,26361,0
1,33,46,1,0,4132,4132,0
1,33,47,1,0,5134,5134,0
1,33,48,2,1,6190,6190,0
1,33,49,1,0,7053,7053,0
1,33,51,1,0,9225,9225,0
1,33,53,1,0,11336,11336,0
1,33,54,1,0,12369,12369,0
1,33,56,1,0,14135,14135,0
1,33,57,1,0,14940,14940,0
1,33,58,1,0,15944,15944,0
1,33,59,1,0,16967,16967,0
1,33,60,1,0,18003,18003,0
1,33,61,1,0,18843,18843,0
1,33,66,1,0,24089,24089,0
1,33,67,1,0,24957,24957,0
1,33,68,1,0,28189,28189,0
1,33,69,1,0,26274,26274,0
1,34,45,1,0,3235,3235,0
1,34,55,1,0,13346,13346,0
1,34,56,1,0,14001,14001,0
1,34,58,1,0,15949,15949,0
1,34,59,1,0,16972,16972,0
1,34,65,1,0,23094,23094,0
1,34,66,1,0,24094,24094,0
1,34,67,1,0,24962,24962,0
1,35,45,1,0,2721,2721,0
1,35,46,1,0,4141,4141,0
1,35,48,1,0,5992,5992,0
1,35,50,1,0,8145,8145,0
1,35,53,1,0,11346,11346,0
1,35,54,2,1,12374,12374,0
1,35,55,2,1,13351,13351,0
1,35,56,1,0,13858,13858,0
1,35,58,1,0,15954,15954,0
1,35,59,1,0,16977,16977,0
1,35,60,1,0,18013,18013,0
1,35,64,1,0,22051,22051,0
1,35,66,1,0,24099,24099,0
1,35,67,1,0,24967,24967,0
1,36,44,1,0,2557,2557,0
1,36,45,1,0,3244,3244,0
1,36,47,1,0,4941,4941,0
1,36,50,1,0,7933,7933,0
1,36,53,1,0,11351,11351,0
1,36,54,1,0,12383,12383,0
1,36,55,1,0,13360,13360,0
1,36,56,1,0,14437,14437,0
1,36,57,1,0,14954,14954,0
1,36,58,1,0,15958,15958,0
1,36,59,1,0,16981,16981,0
1,36,62,1,0,19923,19923,0
1,36,65,1,0,23103,23103,0
1,36,66,1,0,24103,24103,0
1,36,67,1,0,24971,24971,0
1,36,68,1,0,25483,25483,0
1,37,44,1,0,2396,2396,0
1,37,45,1,0,3250,3250,0
1,37,46,1,0,4151,4151,0
1,37,48,1,0,6214,6214,0
1,37,49,1,0,7072,7072,0
1,37,50,1,0,8154,8154,0
1,37,51,1,0,9244,9244,0
1,37,52,1,0,10313,10313,0
1,37,56,1,0,14443,14443,0
1,37,57,1,0,14959,14959,0
1,37,59,1,0,16986,16986,0
1,37,60,1,0,18022,18022,0
1,37,61,1,0,18862,18862,0
1,37,63,1,0,21002,21002,0
1,37,64,1,0,22060,22060,0
1,37,66,1,0,24108,24108,0
1,37,67,1,0,24976,24976,0
1,37,68,1,0,25654,25654,0
1,38,45,1,0,3254,3254,0
1,38,46,1,0,4156,4156,0
1,38,49,1,0,7077,7077,0
1,38,50,1,0,8159,8159,0
1,38,52,1,0,10319,10319,0
1,38,53,1,0,11361,11361,0
1,38,54,1,0,12393,12393,0
1,38,55,1,0,13365,13365,0
1,38,56,1,0,14447,14447,0
1,38,57,1,0,14964,14964,0
1,38,58,1,0,15968,15968,0
1,38,59,1,0,16991,16991,0
1,38,60,1,0,18027,18027,0
1,38,61,1,0,18867,18867,0
1,38,63,1,0,21006,21006,0
1,38,64,1,0,22065,22065,0
1,38,66,1,0,24113,24113,0
1,38,67,1,0,24981,24981,0
1,39,45,1,0,3259,3259,0
1,39,46,1,0,4161,4161,0
1,39,47,1,0,5164,5164,0
1,39,50,1,0,8164,8164,0
1,39,51,1,0,9472,9472,0
1,39,52,1,0,10324,10324,0
1,39,53,1,0,11366,11366,0
1,39,54,1,0,12398,12398,0
1,39,55,1,0,13370,13370,0
1,39,58,1,0,15973,15973,0
1,39,61,1,0,18872,18872,0
1,39,62,1,0,19938,19938,0
1,39,66,1,0,24118,24118,0
1,39,67,1,0,24986,24986,0
1,40,44,2,1,3089,2411,1
1,40,46,1,0,4166,4166,0
1,40,51,1,0,9259,9259,0
1,40,52,1,0,10538,10538,0
1,40,53,1,0,11371,11371,0
1,40,55,1,0,13375,13375,0
1,40,57,1,0,14974,14974,0
1,40,58,1,0,15978,15978,0
1,40,60,1,0,18037,18037,0
1,40,61,1,0,18877,18877,0
1,40,65,1,0,23123,23123,0
1,40,66,1,0,24123,24123,0
1,40,67,1,0,24991,24991,0
1,41,44,1,0,2416,2416,0
1,41,45,1,0,3269,3269,0
1,41,46,1,0,4171,4171,0
1,41,50,1,0,9264,9264,0
1,41,52,1,0,10334,10334,0
1,41,53,2,1,11583,11583,0
1,41,54,1,0,13200,13200,0
1,41,55,1,0,13380,13380,0
1,41,57,1,0,14979,14979,0
1,41,58,1,0,15983,15983,0
1,41,59,1,0,17006,17006,0
1,41,60,1,0,18042,18042,0
1,41,61,1,0,18882,18882,0
1,41,64,1,0,22080,22080,0
1,41,65,1,0,23337,23337,0
1,41,66,1,0,24128,24128,0
1,42,46,1,0,4176,4176,0
1,42,47,1,0,5179,5179,0
1,42,48,1,0,7097,7097,0
1,42,52,1,0,11381,11381,0
1,42,57,1,0,14984,14984,0
1,42,59,1,0,17011,17011,0
1,42,60,1,0,18047,18047,0
1,42,63,1,0,21026,21026,0
1,42,66,1,0,24133,24133,0
1,42,67,1,0,25826,25826,0
1,43,43,2,1,2426,1962,1
1,43,45,1,0,4181,4181,0
1,43,46,1,0,5184,5184,0
1,43,47,1,0,6244,6244,0
1,43,49,1,0,7318,7318,0
1,43,50,1,0,8401,8401,0
1,43,51,1,0,10340,10340,0
1,43,52,1,0,11385,11385,0
1,43,53,2,1,12413,12413,0
1,43,57,2,1,15791,14989,1
1,43,59,2,1,17016,17016,0
1,43,60,1,0,18892,18892,0
1,43,62,1,0,21031,21031,0
1,43,65,1,0,23138,23138,0
1,43,66,1,0,24138,24138,0
1,43,67,3,1,25002,25002,0
1,44,43,2,1,2431,1967,1
1,44,47,1,0,6248,6248,0
1,44,48,1,0,7107,7107,0
1,44,49,1,0,8189,8189,0
1,44,50,1,0,9279,9279,0
1,44,52,1,0,11391,11391,0
1,44,57,2,1,15796,14993,1
1,44,62,1,0,21036,21036,0
1,44,65,1,0,23143,23143,0
1,44,67,1,0,25836,25836,0
1,45,42,1,0,1845,1845,0
1,45,43,1,0,2436,2436,0
1,45,45,1,0,4190,4190,0
1,45,46,1,0,4985,4985,0
1,45,47,1,0,6039,6039,0
1,45,50,1,0,9502,9502,0
1,45,51,1,0,10354,10354,0
1,45,52,1,0,11396,11396,0
1,45,53,2,1,12428,12423,1
1,45,56,2,1,14998,14453,1
1,45,57,1,0,16003,16003,0
1,45,61,1,0,19968,19968,0
1,45,62,1,0,21041,21041,0
1,45,66,2,1,24148,24148,0
1,45,67,1,0,25841,25841,0
1,46,42,1,0,1741,1741,0
1,46,43,1,0,2441,2441,0
1,46,44,1,0,3119,3119,0
1,46,45,1,0,4010,4010,0
1,46,47,1,0,6259,6259,0
1,46,48,1,0,7117,7117,0
1,46,49,1,0,8199,8199,0
1,46,50,1,0,9289,9289,0
1,46,51,1,0,10359,10359,0
1,46,52,1,0,11401,11401,0
1,46,53,1,0,12433,12433,0
1,46,55,2,1,28001,14299,1
1,46,56,1,0,15003,15003,0
1,46,57,1,0,15806,15806,0
1,46,60,1,0,19119,19119,0
1,46,61,1,0,19973,19973,0
1,46,62,1,0,21046,21046,0
1,46,66,1,0,25021,25021,0
1,46,67,1,0,25846,25846,0
1,47,42,1,0,27857,27857,0
1,47,43,1,0,2288,2288,0
1,47,44,1,0,3298,3298,0
1,47,52,1,0,11406,11406,0
1,47,54,1,0,13388,13388,0
1,47,57,2,1,16013,15815,1
1,47,58,1,0,17040,17040,0
1,47,59,1,0,18072,18072,0
1,47,60,1,0,18912,18912,0
1,47,61,1,0,19978,19978,0
1,47,62,1,0,21051,21051,0
1,47,63,1,0,22110,22110,0
1,47,64,1,0,23158,23158,0
1,47,65,1,0,24158,24158,0
1,47,66,1,0,25026,25026,0
1,47,67,1,0,25851,25851,0
1,48,44,1,0,3303,3303,0
1,48,45,1,0,4205,4205,0
1,48,46,1,0,5208,5208,0
1,48,48,1,0,7126,7126,0
1,48,49,1,0,8209,8209,0
1,48,50,1,0,9298,9298,0
1,48,51,1,0,10368,10368,0
1,48,54,2,1,27981,13393,1
1,48,56,2,1,15013,15013,0
1,48,57,1,0,16225,16225,0
1,48,58,1,0,17045,17045,0
1,48,59,1,0,18290,18290,0
1,48,60,1,0,18917,18917,0
1,48,61,1,0,19987,19987,0
1,48,62,1,0,21060,21060,0
1,48,63,2,1,22115,22115,0
1,48,64,2,1,23163,23163,0
1,48,65,1,0,24163,24163,0
1,48,67,1,0,25856,25856,0
1,49,53,1,0,27967,27967,0
1,49,65,1,0,24166,24166,0
1,49,66,1,0,25035,25035,0
1,49,67,1,0,25860,25860,0
2,5,46,1,0,27918,27918,0
2,5,47,1,0,8211,8211,0
2,5,48,1,0,9083,9083,0
2,5,59,1,0,28125,28125,0
2,5,60,1,0,20418,20418,0
2,6,44,1,0,5210,5210,0
2,6,45,1,0,6057,6057,0
2,6,46,1,0,7130,7130,0
2,6,47,1,0,7997,7997,0
2,6,48,1,0,9087,9087,0
2,6,49,1,0,9948,9948,0
2,6,57,1,0,18291,18291,0
2,6,58,1,0,18922,18922,0
2,6,59,1,0,19776,19776,0
2,6,60,1,0,20849,20849,0
2,6,61,1,0,21908,21908,0
2,6,62,1,0,22958,22958,0
2,7,42,1,0,3482,3482,0
2,7,43,1,0,4019,4019,0
2,7,44,1,0,4798,4798,0
2,7,45,1,0,5849,5849,0
2,7,46,1,0,7136,7136,0
2,7,47,1,0,8002,8002,0
2,7,48,1,0,9092,9092,0
2,7,49,1,0,10161,10161,0
2,7,50,1,0,11204,11204,0
2,7,51,1,0,12238,12238,0
2,7,56,1,0,16840,16840,0
2,7,57,1,0,17874,17874,0
2,7,58,1,0,18716,18716,0
2,7,59,1,0,19565,19565,0
2,7,60,1,0,20854,20854,0
2,7,61,1,0,21913,21913,0
2,7,62,1,0,22961,22961,0
2,7,63,1,0,23977,23977,0
2,8,41,1,0,2451,2451,0
2,8,42,1,0,3131,3131,0
2,8,43,1,0,4023,4023,0
2,8,44,1,0,5007,5007,0
2,8,45,1,0,5853,5853,0
2,8,46,1,0,6925,6925,0
2,8,47,1,0,8225,8225,0
2,8,48,1,0,9097,9097,0
2,8,49,1,0,10167,10167,0
2,8,50,1,0,11209,11209,0
2,8,51,1,0,12241,12241,0
2,8,52,1,0,13218,13218,0
2,8,53,1,0,14012,14012,0
2,8,54,1,0,15017,15017,0
2,8,55,1,0,15821,15821,0
2,8,56,1,0,16843,16843,0
2,8,57,1,0,17880,17880,0
2,8,58,1,0,18932,18932,0
2,8,59,1,0,19571,19571,0
2,8,60,1,0,20860,20860,0
2,8,61,1,0,21918,21918,0
2,8,62,1,0,22966,22966,0
2,8,63,1,0,23982,23982,0
2,8,64,1,0,24699,24699,0
2,9,41,2,1,2293,1745,1
2,9,42,1,0,3135,3135,0
2,9,43,1,0,4028,4028,0
2,9,45,1,0,27900,27900,0
2,9,46,1,0,7146,7146,0
2,9,47,2,1,8016,8012,1
2,9,48,1,0,9102,9102,0
2,9,49,1,0,10171,10171,0
2,9,51,1,0,12246,12246,0
2,9,52,1,0,13227,13227,0
2,9,53,2,1,14021,14017,1
2,9,54,1,0,14821,14821,0
2,9,55,1,0,15826,15826,0
2,9,57,2,1,17890,17677,1
2,9,58,1,0,18941,18941,0
2,9,59,1,0,20005,20005,0
2,9,61,1,0,21923,21923,0
2,9,62,1,0,22971,22971,0
2,9,65,1,0,25551,25551,0
2,10,41,1,0,1645,1645,0
2,10,42,1,0,2298,2298,0
2,10,43,1,0,3141,3141,0
2,10,45,1,0,5018,5018,0
2,10,46,1,0,7150,7150,0
2,10,48,1,0,9111,9111,0
2,10,49,2,1,9325,9325,0
2,10,52,1,0,12255,12255,0
2,10,56,1,0,16854,16854,0
2,10,57,1,0,17895,17895,0
2,10,58,1,0,18734,18734,0
2,10,60,1,0,20019,20019,0
2,10,61,1,0,21928,21928,0
2,10,63,2,1,22976,22976,0
2,10,65,1,0,24880,24880,0
2,11,46,1,0,5027,5027,0
2,11,51,1,0,11228,11228,0
2,11,52,1,0,12260,12260,0
2,11,54,1,0,13232,13232,0
2,11,61,1,0,20878,20878,0
2,11,64,2,1,21937,21937,0
2,11,66,1,0,24884,24884,0
2,11,67,1,0,26278,26278,0
2,12,45,1,0,4042,4042,0
2,12,47,1,0,5032,5032,0
2,12,49,1,0,6949,6949,0
2,12,50,1,0,9340,9340,0
2,12,51,1,0,11233,11233,0
2,12,53,1,0,28017,28017,0
2,12,55,1,0,13237,13237,0
2,12,56,1,0,15841,15841,0
2,12,60,1,0,19810,19810,0
2,12,63,1,0,20883,20883,0
2,12,67,2,1,24889,24889,0
2,12,68,1,0,25735,25735,0
2,13,42,1,0,1279,1279,0
2,13,44,1,0,2312,2312,0
2,13,45,1,0,3155,3155,0
2,13,48,1,0,6096,6096,0
2,13,51,1,0,9126,9126,0
2,13,53,1,0,10197,10197,0
2,13,55,1,0,13243,13243,0
2,13,57,2,1,14846,14846,0
2,13,59,1,0,16667,16667,0
2,13,63,1,0,20888,20888,0
2,13,66,1,0,24011,24011,0
2,13,69,1,0,26293,26293,0
2,13,70,1,0,26709,26709,0
2,14,43,1,0,1196,1196,0
2,14,47,1,0,4833,4833,0
2,14,55,1,0,13253,13253,0
2,14,56,1,0,14047,14047,0
2,14,57,1,0,14851,14851,0
2,14,62,1,0,19820,19820,0
2,14,63,1,0,20893,20893,0
2,14,66,1,0,23000,23000,0
2,14,68,1,0,24899,24899,0
2,14,70,1,0,26297,26297,0
2,15,46,1,0,2323,2323,0
2,15,47,1,0,4062,4062,0
2,15,53,1,0,11248,11248,0
2,15,55,1,0,12280,12280,0
2,15,57,1,0,14052,14052,0
2,15,58,1,0,14856,14856,0
2,15,59,1,0,15860,15860,0
2,15,60,1,0,16883,16883,0
2,15,61,1,0,17919,17919,0
2,15,65,1,0,21957,21957,0
2,15,67,1,0,24021,24021,0
2,15,68,1,0,25073,25073,0
2,15,69,2,1,25078,25078,0
2,15,71,1,0,26718,26718,0
2,16,49,1,0,6111,6111,0
2,16,50,1,0,7185,7185,0
2,16,55,1,0,12284,12284,0
2,16,56,1,0,13261,13261,0
2,16,57,1,0,14055,14055,0
2,16,62,1,0,18764,18764,0
2,16,66,1,0,23010,23010,0
2,16,67,1,0,24026,24026,0
2,16,69,2,1,25754,24914,1
2,16,71,1,0,26724,26724,0
2,16,72,1,0,27093,27093,0
2,17,43,1,0,788,788,0
2,17,45,1,0,1121,1121,0
2,17,48,1,0,4072,4072,0
2,17,50,2,1,6974,6116,1
2,17,52,1,0,8274,8274,0
2,17,53,1,0,9146,9146,0
2,17,54,1,0,11258,11258,0
2,17,56,1,0,13083,13083,0
2,17,61,1,0,16893,16893,0
2,17,62,1,0,17929,17929,0
2,17,65,1,0,20907,20907,0
2,17,68,2,1,24031,24031,0
2,17,70,1,0,25760,25760,0
2,17,72,1,0,26733,26733,0
2,18,44,1,0,520,520,0
2,18,46,1,0,1689,1689,0
2,18,47,1,0,2342,2342,0
2,18,50,1,0,6121,6121,0
2,18,52,1,0,8061,8061,0
2,18,54,1,0,11263,11263,0
2,18,58,1,0,14871,14871,0
2,18,62,1,0,17934,17934,0
2,18,64,1,0,19840,19840,0
2,18,66,1,0,21972,21972,0
2,18,69,1,0,24924,24924,0
2,18,71,1,0,26316,26316,0
2,19,44,1,0,464,464,0
2,19,45,1,0,803,803,0
2,19,46,2,1,1317,1221,1
2,19,48,2,1,2347,2347,0
2,19,52,1,0,8065,8065,0
2,19,54,1,0,10226,10226,0
2,19,56,1,0,12300,12300,0
2,19,57,1,0,13453,13453,0
2,19,59,1,0,14876,14876,0
2,19,60,1,0,15880,15880,0
2,19,63,1,0,18779,18779,0
2,19,64,1,0,19845,19845,0
2,19,65,1,0,20918,20918,0
2,19,66,1,0,21977,21977,0
2,19,67,1,0,23025,23025,0
2,19,70,2,1,25769,25098,1
2,19,73,1,0,27108,27108,0
2,19,74,1,0,27397,27397,0
2,20,45,1,0,808,808,0
2,20,46,1,0,1231,1231,0
2,20,47,1,0,1698,1698,0
2,20,48,1,0,2352,2352,0
2,20,49,1,0,3195,3195,0
2,20,51,2,1,6131,5072,1
2,20,53,1,0,8289,8289,0
2,20,54,1,0,9161,9161,0
2,20,55,1,0,10231,10231,0
2,20,56,1,0,12305,12305,0
2,20,60,1,0,15884,15884,0
2,20,63,1,0,18784,18784,0
2,20,64,1,0,19850,19850,0
2,20,66,1,0,21982,21982,0
2,20,67,1,0,23030,23030,0
2,20,68,1,0,24046,24046,0
2,20,70,1,0,25103,25103,0
2,20,71,1,0,25775,25775,0
2,20,72,1,0,26326,26326,0
2,20,75,1,0,27532,27532,0
2,21,44,1,0,259,259,0
2,21,46,1,0,1236,1236,0
2,21,47,1,0,1704,1704,0
2,21,48,1,0,2357,2357,0
2,21,49,1,0,3200,3200,0
2,21,50,1,0,4281,4281,0
2,21,51,1,0,5076,5076,0
2,21,52,1,0,6994,6994,0
2,21,53,1,0,8075,8075,0
2,21,54,1,0,9166,9166,0
2,21,55,1,0,10449,10449,0
2,21,56,1,0,11277,11277,0
2,21,59,1,0,14886,14886,0
2,21,61,1,0,16913,16913,0
2,21,65,1,0,20069,20069,0
2,21,67,1,0,21987,21987,0
2,21,68,1,0,23035,23035,0
2,21,70,1,0,25278,25278,0
2,21,74,1,0,27118,27118,0
2,22,44,1,0,266,266,0
2,22,47,1,0,1709,1709,0
2,22,50,1,0,4476,4476,0
2,22,52,1,0,6998,6998,0
2,22,53,2,1,8080,8080,0
2,22,56,2,1,11287,11283,1
2,22,59,1,0,14086,14086,0
2,22,62,1,0,16918,16918,0
2,22,63,1,0,17953,17953,0
2,22,64,1,0,18794,18794,0
2,22,65,1,0,19860,19860,0
2,22,68,1,0,23040,23040,0
2,22,71,1,0,25784,25784,0
2,22,73,1,0,26753,26753,0
2,22,74,1,0,27127,27127,0
2,22,75,1,0,27411,27411,0
2,22,76,1,0,27613,27613,0
2,23,44,1,0,270,270,0
2,23,45,1,0,823,823,0
2,23,46,2,1,827,827,0
2,23,51,1,0,5086,5086,0
2,23,54,1,0,9175,9175,0
2,23,58,1,0,13113,13113,0
2,23,61,1,0,15899,15899,0
2,23,63,1,0,17958,17958,0
2,23,64,1,0,18799,18799,0
2,23,66,1,0,20937,20937,0
2,23,67,1,0,21996,21996,0
2,23,71,1,0,25789,25789,0
2,23,72,1,0,26341,26341,0
2,23,73,1,0,26758,26758,0
2,23,75,1,0,27313,27313,0
2,23,77,1,0,27723,27723,0
2,24,44,1,0,113,113,0
2,24,45,1,0,616,616,0
2,24,46,1,0,832,832,0
2,24,47,1,0,1250,1250,0
2,24,48,1,0,1718,1718,0
2,24,49,1,0,2371,2371,0
2,24,51,2,1,4881,4477,1
2,24,52,1,0,6150,6150,0
2,24,53,1,0,7008,7008,0
2,24,55,1,0,9180,9180,0
2,24,58,2,1,12324,12324,0
2,24,59,1,0,14095,14095,0
2,24,61,1,0,15904,15904,0
2,24,62,1,0,16721,16721,0
2,24,63,1,0,17963,17963,0
2,24,65,1,0,19654,19654,0
2,24,66,1,0,20942,20942,0
2,24,67,1,0,22002,22002,0
2,24,68,1,0,23050,23050,0
2,24,71,1,0,25794,25794,0
2,24,72,1,0,26346,26346,0
2,24,74,1,0,27137,27137,0
2,24,76,2,1,27623,27468,1
2,24,77,1,0,27727,27727,0
2,24,78,1,0,27795,27795,0
2,25,43,1,0,63,63,0
2,25,47,1,0,1255,1255,0
2,25,48,1,0,1826,1826,0
2,25,50,1,0,4093,4093,0
2,25,51,1,0,4886,4886,0
2,25,53,1,0,6155,6155,0
2,25,55,1,0,9190,9190,0
2,25,57,2,1,11711,10260,1
2,25,59,1,0,13307,13307,0
2,25,61,1,0,15909,15909,0
2,25,62,1,0,16521,16521,0
2,25,67,1,0,22007,22007,0
2,25,68,1,0,23055,23055,0
2,25,70,1,0,24759,24759,0
2,25,71,1,0,25943,25943,0
2,25,72,1,0,26352,26352,0
2,25,77,2,1,27628,27628,0
2,25,78,1,0,27809,27809,0
2,26,43,1,0,44,44,0
2,26,44,1,0,238,238,0
2,26,45,2,1,560,560,0
2,26,46,1,0,838,838,0
2,26,48,2,1,1728,1728,0
2,26,53,2,1,6160,6160,0
2,26,54,1,0,7451,7451,0
2,26,57,1,0,10265,10265,0
2,26,59,1,0,12339,12339,0
2,26,60,1,0,14910,14910,0
2,26,61,1,0,15914,15914,0
2,26,66,1,0,21165,21165,0
2,26,68,1,0,23059,23059,0
2,26,69,1,0,24059,24059,0
2,26,70,1,0,24932,24932,0
2,26,72,1,0,26356,26356,0
2,26,73,1,0,26773,26773,0
2,26,77,1,0,27633,27633,0
2,26,79,2,1,27814,27814,0
2,27,42,2,1,7,7,0
2,27,47,1,0,1261,1261,0
2,27,48,2,1,1733,1733,0
2,27,50,1,0,3377,3377,0
2,27,52,1,0,5105,5105,0
2,27,57,1,0,10269,10269,0
2,27,58,1,0,11312,11312,0
2,27,59,1,0,13317,13317,0
2,27,60,1,0,14731,14731,0
2,27,61,1,0,15919,15919,0
2,27,63,2,1,17978,17355,1
2,27,64,1,0,18818,18818,0
2,27,66,1,0,20957,20957,0
2,27,69,2,1,23064,23064,0
2,27,70,1,0,24936,24936,0
2,27,71,1,0,25631,25631,0
2,27,72,1,0,26360,26360,0
2,27,75,1,0,27147,27147,0
2,28,42,1,0,2,2,0
2,28,44,1,0,248,248,0
2,28,45,1,0,508,508,0
2,28,46,1,0,847,847,0
2,28,47,1,0,1266,1266,0
2,28,48,1,0,1738,1738,0
2,28,50,1,0,3208,3208,0
2,28,51,1,0,4107,4107,0
2,28,53,1,0,5744,5744,0
2,28,57,1,0,10275,10275,0
2,28,58,1,0,11316,11316,0
2,28,59,1,0,12344,12344,0
2,28,60,2,1,13322,13322,0
2,28,63,2,1,17153,17153,0
2,28,64,2,1,18823,17983,1
2,28,66,1,0,20104,20104,0
2,28,69,1,0,24069,24069,0
2,28,72,1,0,25799,25799,0
2,28,73,1,0,26534,26534,0
2,28,76,1,0,27440,27440,0
2,28,77,1,0,27607,27607,0
2,29,42,1,0,6,6,0
2,29,46,1,0,852,852,0
2,29,47,1,0,1550,1550,0
2,29,49,1,0,2541,2541,0
2,29,50,1,0,3213,3213,0
2,29,51,1,0,4113,4113,0
2,29,52,1,0,4907,4907,0
2,29,53,1,0,6176,6176,0
2,29,54,1,0,7033,7033,0
2,29,56,1,0,8987,8987,0
2,29,59,1,0,12349,12349,0
2,29,60,1,0,13326,13326,0
2,29,69,1,0,24074,24074,0
2,29,70,1,0,24942,24942,0
2,29,74,1,0,26787,26787,0
2,29,75,1,0,27156,27156,0
2,30,43,2,1,112,112,0
2,30,44,1,0,518,518,0
2,30,46,1,0,1275,1275,0
2,30,50,1,0,3218,3218,0
2,30,51,1,0,4309,4309,0
2,30,56,1,0,9428,9428,0
2,30,57,1,0,10279,10279,0
2,30,60,1,0,14120,14120,0
2,30,62,1,0,15732,15732,0
2,30,63,1,0,16957,16957,0
2,30,64,1,0,17993,17993,0
2,30,65,1,0,18834,18834,0
2,30,67,1,0,22031,22031,0
2,30,68,1,0,23079,23079,0
2,30,71,1,0,25804,25804,0
2,30,73,1,0,26176,26176,0
2,31,46,1,0,27846,27846,0
2,31,49,1,0,3223,3223,0
2,31,53,1,0,6399,6399,0
2,31,56,1,0,9433,9433,0
2,31,64,1,0,17998,17998,0
2,31,65,1,0,18838,18838,0
2,31,68,1,0,23084,23084,0
2,31,69,1,0,24084,24084,0
2,31,70,1,0,24952,24952,0
2,31,73,1,0,26361,26361,0
2,32,47,1,0,27869,27869,0
2,32,48,1,0,1841,1841,0
2,32,49,1,0,2394,2394,0
2,32,50,1,0,3228,3228,0
2,32,51,1,0,4127,4127,0
2,32,54,1,0,7048,7048,0
2,32,58,1,0,12359,12359,0
2,32,61,1,0,14930,14930,0
2,32,67,1,0,28131,28131,0
2,32,68,1,0,22036,22036,0
2,32,69,1,0,24089,24089,0
2,32,72,1,0,26274,26274,0
2,33,56,1,0,10290,10290,0
2,33,57,1,0,11331,11331,0
2,33,58,1,0,12363,12363,0
2,33,59,1,0,13336,13336,0
2,33,71,1,0,28189,28189,0
2,34,50,1,0,4132,4132,0
2,34,52,1,0,6195,6195,0
2,34,54,1,0,8134,8134,0
2,34,57,1,0,11336,11336,0
2,34,58,1,0,12369,12369,0
2,34,60,1,0,14135,14135,0
2,34,63,1,0,16967,16967,0
2,34,64,1,0,18003,18003,0
2,34,65,1,0,18843,18843,0
2,34,70,1,0,24094,24094,0
2,34,71,1,0,24962,24962,0
2,35,49,2,1,3235,2721,1
2,35,50,1,0,4137,4137,0
2,35,51,1,0,5140,5140,0
2,35,54,1,0,8141,8141,0
2,35,59,1,0,13346,13346,0
2,35,61,1,0,14945,14945,0
2,35,62,1,0,15954,15954,0
2,35,66,1,0,19913,19913,0
2,35,67,1,0,20987,20987,0
2,35,69,2,1,23094,23094,0
2,35,70,1,0,24099,24099,0
2,35,71,1,0,24967,24967,0
2,36,48,1,0,2557,2557,0
2,36,49,1,0,3244,3244,0
2,36,50,1,0,4141,4141,0
2,36,52,1,0,5992,5992,0
2,36,56,1,0,10305,10305,0
2,36,57,1,0,11346,11346,0
2,36,58,2,1,12378,12374,1
2,36,59,2,1,13351,13351,0
2,36,62,1,0,15958,15958,0
2,36,63,2,1,16977,16977,0
2,36,64,1,0,18013,18013,0
2,36,69,1,0,23103,23103,0
2,36,70,1,0,24103,24103,0
2,36,71,1,0,25483,25483,0
2,37,48,1,0,2396,2396,0
2,37,50,1,0,4146,4146,0
2,37,51,1,0,4941,4941,0
2,37,55,1,0,9239,9239,0
2,37,57,1,0,11351,11351,0
2,37,59,1,0,13360,13360,0
2,37,61,1,0,14959,14959,0
2,37,62,1,0,15963,15963,0
2,37,64,1,0,18022,18022,0
2,37,65,1,0,18862,18862,0
2,37,67,1,0,20996,20996,0
2,37,68,1,0,22055,22055,0
2,37,69,1,0,23108,23108,0
2,37,70,2,1,24108,24108,0
2,37,71,1,0,25487,25487,0
2,38,48,1,0,2401,2401,0
2,38,49,1,0,3250,3250,0
2,38,51,1,0,5154,5154,0
2,38,52,1,0,6214,6214,0
2,38,54,1,0,8154,8154,0
2,38,57,1,0,11356,11356,0
2,38,58,1,0,12388,12388,0
2,38,67,1,0,21002,21002,0
2,38,68,1,0,22060,22060,0
2,38,69,1,0,23113,23113,0
2,38,70,1,0,24113,24113,0
2,38,71,1,0,25654,25654,0
2,39,48,1,0,2406,2406,0
2,39,49,1,0,3254,3254,0
2,39,50,1,0,4156,4156,0
2,39,51,1,0,5159,5159,0
2,39,57,1,0,11361,11361,0
2,39,58,1,0,12393,12393,0
2,39,59,2,1,13365,13365,0
2,39,60,2,1,14969,14452,1
2,39,61,1,0,15973,15973,0
2,39,65,1,0,19938,19938,0
2,39,67,1,0,21006,21006,0
2,39,68,1,0,23118,23118,0
2,39,70,1,0,24981,24981,0
2,40,49,1,0,3259,3259,0
2,40,50,1,0,4161,4161,0
2,40,51,1,0,5164,5164,0
2,40,53,1,0,7082,7082,0
2,40,54,1,0,8164,8164,0
2,40,56,1,0,10324,10324,0
2,40,57,1,0,11366,11366,0
2,40,58,1,0,12398,12398,0
2,40,60,1,0,14974,14974,0
2,40,61,1,0,15978,15978,0
2,40,63,1,0,18037,18037,0
2,40,64,2,1,18872,18872,0
2,40,68,1,0,23123,23123,0
2,40,69,1,0,24118,24118,0
2,40,70,1,0,24986,24986,0
2,40,71,1,0,25819,25819,0
2,41,47,1,0,2416,2416,0
2,41,48,2,1,3089,3089,0
2,41,49,1,0,4166,4166,0
2,41,51,1,0,6229,6229,0
2,41,52,1,0,7087,7087,0
2,41,54,1,0,9259,9259,0
2,41,56,1,0,11371,11371,0
2,41,57,1,0,12403,12403,0
2,41,58,1,0,13380,13380,0
2,41,60,1,0,14979,14979,0
2,41,61,1,0,15983,15983,0
2,41,62,1,0,17006,17006,0
2,41,63,1,0,18042,18042,0
2,41,64,1,0,18882,18882,0
2,41,65,1,0,19944,19944,0
2,41,67,1,0,22080,22080,0
2,41,69,1,0,24123,24123,0
2,41,70,1,0,24991,24991,0
2,41,71,1,0,25669,25669,0
2,42,47,1,0,2421,2421,0
2,42,49,1,0,4171,4171,0
2,42,52,1,0,7092,7092,0
2,42,53,1,0,8392,8392,0
2,42,54,1,0,9264,9264,0
2,42,55,1,0,10334,10334,0
2,42,56,1,0,11583,11583,0
2,42,57,1,0,12408,12408,0
2,42,58,1,0,13200,13200,0
2,42,60,1,0,14984,14984,0
2,42,62,1,0,17011,17011,0
2,42,63,1,0,18047,18047,0
2,42,66,1,0,21026,21026,0
2,42,68,1,0,23337,23337,0
2,42,69,1,0,24128,24128,0
2,42,70,1,0,25673,25673,0
2,43,46,1,0,1962,1962,0
2,43,47,1,0,2426,2426,0
2,43,53,1,0,8179,8179,0
2,43,55,1,0,10340,10340,0
2,43,56,1,0,11381,11381,0
2,43,57,1,0,12413,12413,0
2,43,60,1,0,14989,14989,0
2,43,62,1,0,17016,17016,0
2,43,66,1,0,21031,21031,0
2,43,68,1,0,23133,23133,0
2,43,70,1,0,25002,25002,0
2,43,71,1,0,25826,25826,0
2,44,46,1,0,1967,1967,0
2,44,47,1,0,2431,2431,0
2,44,49,1,0,4181,4181,0
2,44,50,1,0,5184,5184,0
2,44,52,1,0,7318,7318,0
2,44,55,1,0,10344,10344,0
2,44,56,1,0,11385,11385,0
2,44,57,1,0,12417,12417,0
2,44,60,1,0,14993,14993,0
2,44,61,1,0,15796,15796,0
2,44,62,1,0,17020,17020,0
2,44,64,1,0,18897,18897,0
2,44,66,1,0,21036,21036,0
2,44,68,1,0,23138,23138,0
2,44,70,1,0,25006,25006,0
2,44,71,1,0,25831,25831,0
2,45,46,1,0,1845,1845,0
2,45,47,1,0,2436,2436,0
2,45,50,2,1,5189,5189,0
2,45,52,1,0,7107,7107,0
2,45,54,1,0,9279,9279,0
2,45,57,1,0,12423,12423,0
2,45,59,1,0,14453,14453,0
2,45,60,1,0,14998,14998,0
2,45,66,1,0,21041,21041,0
2,45,68,1,0,23143,23143,0
2,45,70,1,0,25011,25011,0
2,45,71,1,0,25836,25836,0
2,46,45,1,0,1741,1741,0
2,46,46,1,0,2441,2441,0
2,46,47,1,0,3119,3119,0
2,46,49,1,0,4990,4990,0
2,46,51,1,0,7117,7117,0
2,46,54,2,1,10354,9502,1
2,46,56,1,0,11396,11396,0
2,46,57,1,0,12428,12428,0
2,46,59,1,0,14299,14299,0
2,46,60,1,0,15003,15003,0
2,46,61,1,0,15806,15806,0
2,46,64,1,0,19119,19119,0
2,46,65,2,1,19973,19973,0
2,46,68,1,0,23148,23148,0
2,46,70,1,0,25016,25016,0
2,46,71,1,0,25841,25841,0
2,47,45,1,0,27857,27857,0
2,47,46,1,0,2446,2446,0
2,47,48,2,1,4010,4010,0
2,47,53,1,0,9289,9289,0
2,47,56,1,0,11401,11401,0
2,47,57,2,1,12433,12433,0
2,47,58,1,0,28001,28001,0
2,47,60,1,0,15008,15008,0
2,47,63,2,1,18072,18072,0
2,47,64,1,0,19978,19978,0
2,47,67,1,0,23158,23158,0
2,47,70,2,1,25021,25021,0
2,48,46,1,0,2288,2288,0
2,48,47,1,0,3303,3303,0
2,48,48,1,0,4205,4205,0
2,48,49,1,0,5208,5208,0
2,48,53,1,0,9294,9294,0
2,48,54,1,0,10364,10364,0
2,48,55,1,0,11406,11406,0
2,48,56,1,0,12438,12438,0
2,48,57,2,1,27981,13393,1
2,48,59,1,0,15013,15013,0
2,48,61,1,0,17040,17040,0
2,48,63,1,0,18917,18917,0
2,48,66,1,0,22115,22115,0
2,48,68,1,0,24158,24158,0
2,48,69,1,0,25026,25026,0
2,48,70,1,0,25851,25851,0
2,49,51,1,0,7126,7126,0
2,49,52,1,0,8209,8209,0
2,49,53,1,0,9298,9298,0
2,49,56,1,0,27967,27967,0
2,49,59,1,0,28051,28051,0
2,49,60,1,0,16225,16225,0
2,49,62,2,1,18077,18077,0
2,49,63,1,0,18921,18921,0
2,49,65,1,0,21060,21060,0
2,49,66,1,0,22118,22118,0
2,49,67,1,0,23166,23166,0
2,49,68,2,1,24163,24163,0
2,49,69,1,0,25031,25031,0
2,49,70,1,0,25856,25856,0
2,50,61,1,0,17045,17045,0
2,50,69,1,0,25035,25035,0
2,50,70,1,0,25860,25860,0
3,5,46,1,0,27918,27918,0
3,5,47,1,0,8211,8211,0
3,5,48,1,0,9083,9083,0
3,5,59,1,0,28125,28125,0
3,5,60,1,0,20418,20418,0
3,6,44,1,0,5210,5210,0
3,6,45,1,0,6057,6057,0
3,6,46,1,0,7130,7130,0
3,6,47,1,0,7997,7997,0
3,6,48,1,0,9087,9087,0
3,6,49,1,0,9948,9948,0
3,6,57,1,0,18291,18291,0
3,6,58,1,0,18922,18922,0
3,6,59,1,0,19776,19776,0
3,6,60,1,0,20849,20849,0
3,6,61,1,0,21908,21908,0
3,6,62,1,0,22958,22958,0
3,7,42,1,0,3482,3482,0
3,7,43,1,0,4019,4019,0
3,7,44,1,0,4798,4798,0
3,7,45,1,0,5849,5849,0
3,7,46,1,0,7136,7136,0
3,7,47,1,0,8002,8002,0
3,7,48,1,0,9092,9092,0
3,7,49,1,0,10161,10161,0
3,7,50,1,0,11204,11204,0
3,7,51,1,0,12238,12238,0
3,7,56,1,0,16840,16840,0
3,7,57,1,0,17874,17874,0
3,7,58,1,0,18716,18716,0
3,7,59,1,0,19565,19565,0
3,7,60,1,0,20854,20854,0
3,7,61,1,0,21913,21913,0
3,7,62,1,0,22961,22961,0
3,7,63,1,0,23977,23977,0
3,8,41,1,0,2451,2451,0
3,8,42,1,0,3131,3131,0
3,8,43,1,0,4023,4023,0
3,8,44,1,0,5007,5007,0
3,8,45,1,0,5853,5853,0
3,8,46,1,0,6925,6925,0
3,8,47,1,0,8225,8225,0
3,8,48,1,0,9097,9097,0
3,8,49,1,0,10167,10167,0
3,8,50,1,0,11209,11209,0
3,8,51,1,0,12241,12241,0
3,8,52,1,0,13218,13218,0
3,8,53,1,0,14012,14012,0
3,8,54,1,0,15017,15017,0
3,8,55,1,0,15821,15821,0
3,8,56,1,0,16843,16843,0
3,8,57,1,0,17880,17880,0
3,8,58,1,0,18932,18932,0
3,8,59,1,0,19571,19571,0
3,8,60,1,0,20860,20860,0
3,8,61,1,0,21918,21918,0
3,8,62,1,0,22966,22966,0
3,8,63,1,0,23982,23982,0
3,8,64,1,0,24699,24699,0
3,9,41,2,1,2293,1745,1
3,9,42,1,0,3135,3135,0
3,9,44,1,0,4028,4028,0
3,9,45,1,0,27900,27900,0
3,9,46,2,1,7150,7146,1
3,9,47,2,1,8016,8012,1
3,9,49,1,0,10171,10171,0
3,9,51,1,0,12246,12246,0
3,9,52,1,0,13227,13227,0
3,9,53,1,0,14021,14021,0
3,9,54,1,0,14821,14821,0
3,9,55,1,0,15826,15826,0
3,9,57,1,0,17677,17677,0
3,9,59,1,0,20005,20005,0
3,9,61,1,0,21923,21923,0
3,9,62,1,0,22971,22971,0
3,9,64,2,1,23991,23991,0
3,9,65,1,0,25551,25551,0
3,10,41,1,0,1645,1645,0
3,10,42,1,0,2298,2298,0
3,10,43,1,0,3141,3141,0
3,10,44,1,0,2971,2971,0
3,10,45,1,0,5018,5018,0
3,10,48,1,0,9111,9111,0
3,10,49,2,1,9325,9325,0
3,10,50,2,1,10181,10181,0
3,10,52,1,0,12255,12255,0
3,10,54,1,0,13232,13232,0
3,10,56,1,0,16854,16854,0
3,10,57,1,0,17895,17895,0
3,10,58,1,0,18734,18734,0
3,10,61,1,0,21928,21928,0
3,10,63,1,0,22976,22976,0
3,10,65,1,0,24880,24880,0
3,11,46,1,0,4042,4042,0
3,11,47,1,0,5027,5027,0
3,11,51,1,0,11228,11228,0
3,11,52,1,0,12260,12260,0
3,11,59,1,0,18951,18951,0
3,11,60,1,0,19810,19810,0
3,11,64,1,0,21937,21937,0
3,11,67,1,0,24889,24889,0
3,11,68,1,0,25731,25731,0
3,12,45,1,0,3155,3155,0
3,12,46,1,0,4048,4048,0
3,12,47,1,0,5032,5032,0
3,12,49,1,0,6949,6949,0
3,12,50,1,0,9340,9340,0
3,12,51,1,0,11233,11233,0
3,12,53,1,0,28017,28017,0
3,12,57,1,0,15845,15845,0
3,12,63,1,0,20883,20883,0
3,12,64,1,0,21942,21942,0
3,13,42,1,0,1279,1279,0
3,13,43,1,0,1191,1191,0
3,13,48,2,1,4833,4833,0
3,13,52,1,0,10193,10193,0
3,13,55,1,0,13243,13243,0
3,13,58,1,0,15850,15850,0
3,13,59,1,0,16667,16667,0
3,13,66,1,0,23000,23000,0
3,13,67,1,0,24016,24016,0
3,13,69,1,0,26293,26293,0
3,14,48,1,0,4246,4246,0
3,14,58,1,0,14851,14851,0
3,14,62,1,0,19820,19820,0
3,14,65,1,0,21957,21957,0
3,14,67,1,0,24021,24021,0
3,14,69,1,0,25073,25073,0
3,14,70,1,0,25750,25750,0
3,15,45,1,0,1292,1292,0
3,15,48,1,0,4062,4062,0
3,15,51,1,0,6111,6111,0
3,15,53,1,0,6106,6106,0
3,15,56,1,0,13257,13257,0
3,15,57,1,0,14052,14052,0
3,15,58,1,0,14856,14856,0
3,15,59,1,0,15860,15860,0
3,15,60,1,0,16883,16883,0
3,15,61,1,0,17919,17919,0
3,15,63,1,0,18764,18764,0
3,15,64,1,0,19830,19830,0
3,15,67,1,0,23010,23010,0
3,15,68,1,0,24026,24026,0
3,15,69,1,0,25078,25078,0
3,15,70,1,0,25754,25754,0
3,15,72,1,0,27093,27093,0
3,16,44,1,0,861,861,0
3,16,45,1,0,788,788,0
3,16,46,1,0,1121,1121,0
3,16,54,2,1,8274,8274,0
3,16,55,1,0,12284,12284,0
3,16,58,1,0,14861,14861,0
3,16,61,1,0,16888,16888,0
3,16,62,1,0,17929,17929,0
3,16,65,1,0,20907,20907,0
3,16,68,1,0,24031,24031,0
3,16,69,1,0,24914,24914,0
3,16,71,1,0,26312,26312,0
3,16,72,1,0,26646,26646,0
3,16,73,2,1,26733,26733,0
3,17,46,1,0,794,794,0
3,17,53,1,0,7194,7194,0
3,17,56,1,0,13083,13083,0
3,17,58,1,0,14061,14061,0
3,17,61,1,0,16893,16893,0
3,17,65,1,0,19840,19840,0
3,17,66,1,0,21972,21972,0
3,17,67,1,0,23020,23020,0
3,17,68,1,0,24036,24036,0
3,17,70,1,0,24924,24924,0
3,17,74,1,0,27108,27108,0
3,18,46,2,1,797,520,1
3,18,48,1,0,1689,1689,0
3,18,51,1,0,3016,3016,0
3,18,53,1,0,7200,7200,0
3,18,58,1,0,14066,14066,0
3,18,59,1,0,14871,14871,0
3,18,60,1,0,15875,15875,0
3,18,61,1,0,15880,15880,0
3,18,65,1,0,19845,19845,0
3,18,66,1,0,20918,20918,0
3,18,67,1,0,21977,21977,0
3,18,70,1,0,25098,25098,0
3,18,71,1,0,25769,25769,0
3,18,72,1,0,26321,26321,0
3,18,73,1,0,26739,26739,0
3,18,74,1,0,27113,27113,0
3,19,46,1,0,464,464,0
3,19,47,1,0,808,808,0
3,19,48,1,0,1317,1317,0
3,19,49,1,0,1698,1698,0
3,19,50,1,0,2352,2352,0
3,19,53,2,1,6988,6131,1
3,19,55,2,1,8289,8289,0
3,19,56,1,0,12300,12300,0
3,19,61,1,0,15884,15884,0
3,19,63,1,0,17944,17944,0
3,19,64,1,0,18784,18784,0
3,19,67,1,0,21982,21982,0
3,19,68,1,0,23030,23030,0
3,19,71,2,1,25775,25103,1
3,19,72,1,0,26326,26326,0
3,19,73,1,0,26744,26744,0
3,19,74,1,0,26748,26748,0
3,19,75,2,1,27118,27118,0
3,19,76,1,0,27532,27532,0
3,20,47,2,1,812,469,1
3,20,54,1,0,6994,6994,0
3,20,55,1,0,8075,8075,0
3,20,57,1,0,10449,10449,0
3,20,60,1,0,14886,14886,0
3,20,62,1,0,16913,16913,0
3,20,68,1,0,21987,21987,0
3,20,69,1,0,23035,23035,0
3,20,71,1,0,25278,25278,0
3,20,72,1,0,25780,25780,0
3,20,73,1,0,26331,26331,0
3,20,74,1,0,26753,26753,0
3,20,75,1,0,27122,27122,0
3,20,76,1,0,27406,27406,0
3,21,47,1,0,259,259,0
3,21,49,1,0,1236,1236,0
3,21,52,1,0,3204,3204,0
3,21,53,2,1,4877,4476,1
3,21,55,1,0,8080,8080,0
3,21,56,1,0,8302,8302,0
3,21,58,3,1,10246,10246,0
3,21,65,1,0,19860,19860,0
3,21,69,2,1,23040,23040,0
3,21,72,1,0,25784,25784,0
3,21,74,1,0,26758,26758,0
3,21,78,1,0,27723,27723,0
3,22,48,2,1,823,266,1
3,22,54,2,1,4881,4881,0
3,22,59,1,0,11706,11706,0
3,22,62,2,1,16918,15899,1
3,22,64,1,0,17958,17958,0
3,22,65,1,0,18799,18799,0
3,22,66,1,0,19863,19863,0
3,22,67,1,0,20937,20937,0
3,22,72,1,0,25789,25789,0
3,22,74,1,0,26763,26763,0
3,22,75,1,0,27132,27132,0
3,22,76,1,0,27313,27313,0
3,22,78,1,0,27623,27623,0
3,22,79,2,1,27727,27727,0
3,23,48,2,1,616,113,1
3,23,49,2,1,827,827,0
3,23,51,1,0,1718,1718,0
3,23,54,1,0,4477,4477,0
3,23,56,1,0,6155,6155,0
3,23,58,1,0,10251,10251,0
3,23,60,1,0,11711,11711,0
3,23,62,1,0,15904,15904,0
3,23,63,1,0,16721,16721,0
3,23,65,1,0,18804,18804,0
3,23,66,1,0,19654,19654,0
3,23,67,1,0,20942,20942,0
3,23,68,1,0,22002,22002,0
3,23,69,1,0,23050,23050,0
3,23,72,1,0,25794,25794,0
3,23,73,1,0,26346,26346,0
3,23,76,1,0,27137,27137,0
3,24,48,1,0,494,494,0
3,24,49,1,0,832,832,0
3,24,52,1,0,2376,2376,0
3,24,54,1,0,4093,4093,0
3,24,56,1,0,6160,6160,0
3,24,58,1,0,9190,9190,0
3,24,59,1,0,10260,10260,0
3,24,66,1,0,19874,19874,0
3,24,69,1,0,23055,23055,0
3,24,71,1,0,24759,24759,0
3,24,73,1,0,25943,25943,0
3,24,74,1,0,26352,26352,0
3,24,78,1,0,27628,27628,0
3,24,80,1,0,27814,27814,0
3,25,46,1,0,44,44,0
3,25,47,1,0,63,63,0
3,25,48,1,0,560,560,0
3,25,49,1,0,838,838,0
3,25,51,1,0,1728,1728,0
3,25,55,1,0,5105,5105,0
3,25,57,1,0,7451,7451,0
3,25,58,1,0,9195,9195,0
3,25,59,1,0,10265,10265,0
3,25,60,1,0,10269,10269,0
3,25,62,2,1,12339,12339,0
3,25,68,1,0,21165,21165,0
3,25,70,1,0,23059,23059,0
3,25,71,1,0,24059,24059,0
3,25,72,1,0,24932,24932,0
3,25,75,1,0,26773,26773,0
3,25,76,1,0,27147,27147,0
3,25,78,2,1,27638,27633,1
3,25,80,1,0,27818,27818,0
3,26,47,1,0,242,242,0
3,26,48,1,0,503,503,0
3,26,53,1,0,3377,3377,0
3,26,55,1,0,4107,4107,0
3,26,56,1,0,5110,5110,0
3,26,61,1,0,11312,11312,0
3,26,63,1,0,13322,13322,0
3,26,65,1,0,17978,17978,0
3,26,71,1,0,24064,24064,0
3,26,72,1,0,24936,24936,0
3,26,74,1,0,26360,26360,0
3,26,78,1,0,27436,27436,0
3,26,79,1,0,27607,27607,0
3,27,46,2,1,7,7,0
3,27,47,3,1,248,103,1
3,27,49,1,0,508,508,0
3,27,50,1,0,847,847,0
3,27,51,1,0,1266,1266,0
3,27,52,1,0,1738,1738,0
3,27,53,1,0,3208,3208,0
3,27,60,1,0,10275,10275,0
3,27,61,1,0,11316,11316,0
3,27,67,1,0,20104,20104,0
3,27,70,1,0,22231,22231,0
3,27,71,1,0,24069,24069,0
3,27,72,1,0,24942,24942,0
3,27,73,1,0,25799,25799,0
3,27,77,1,0,27156,27156,0
3,27,78,1,0,27440,27440,0
3,28,46,1,0,2,2,0
3,28,47,1,0,108,108,0
3,28,50,1,0,852,852,0
3,28,51,1,0,1550,1550,0
3,28,53,1,0,2541,2541,0
3,28,54,1,0,3213,3213,0
3,28,55,1,0,4113,4113,0
3,28,57,1,0,6176,6176,0
3,28,59,1,0,8987,8987,0
3,28,62,1,0,12349,12349,0
3,28,63,1,0,13326,13326,0
3,28,69,1,0,22025,22025,0
3,28,71,1,0,24074,24074,0
3,28,73,1,0,25804,25804,0
3,28,74,1,0,26176,26176,0
3,28,76,1,0,26787,26787,0
3,29,46,1,0,6,6,0
3,29,49,1,0,518,518,0
3,29,51,1,0,1275,1275,0
3,29,53,1,0,2385,2385,0
3,29,55,1,0,4309,4309,0
3,29,59,2,1,9428,8120,1
3,29,60,1,0,10279,10279,0
3,29,64,1,0,16957,16957,0
3,29,66,1,0,18834,18834,0
3,29,69,1,0,22031,22031,0
3,29,73,1,0,25809,25809,0
3,29,75,1,0,26361,26361,0
3,30,48,1,0,258,258,0
3,30,51,1,0,27846,27846,0
3,30,56,1,0,5125,5125,0
3,30,57,1,0,6399,6399,0
3,30,61,1,0,11322,11322,0
3,30,65,1,0,16962,16962,0
3,30,66,1,0,17998,17998,0
3,30,67,1,0,18838,18838,0
3,30,71,1,0,23084,23084,0
3,30,72,1,0,24084,24084,0
3,31,52,1,0,1841,1841,0
3,31,53,1,0,2390,2390,0
3,31,58,1,0,7048,7048,0
3,31,61,1,0,12354,12354,0
3,31,64,1,0,14930,14930,0
3,31,72,2,1,24089,24089,0
3,31,73,1,0,28189,28189,0
3,31,74,1,0,26274,26274,0
3,32,52,1,0,27869,27869,0
3,32,53,1,0,2394,2394,0
3,32,55,1,0,4127,4127,0
3,32,60,1,0,10285,10285,0
3,32,62,1,0,13336,13336,0
3,32,69,1,0,28131,28131,0
3,32,70,1,0,22036,22036,0
3,33,53,1,0,3230,3230,0
3,33,55,1,0,5134,5134,0
3,33,58,1,0,8348,8348,0
3,33,59,1,0,9220,9220,0
3,33,60,1,0,10290,10290,0
3,33,61,1,0,11331,11331,0
3,33,63,1,0,14135,14135,0
3,33,72,1,0,24094,24094,0
3,34,53,1,0,3235,3235,0
3,34,54,1,0,4137,4137,0
3,34,56,1,0,6195,6195,0
3,34,58,1,0,8134,8134,0
3,34,59,1,0,9225,9225,0
3,34,61,1,0,11336,11336,0
3,34,62,1,0,13346,13346,0
3,34,64,1,0,14945,14945,0
3,34,67,1,0,18008,18008,0
3,34,68,1,0,18843,18843,0
3,34,69,1,0,19913,19913,0
3,34,70,1,0,20987,20987,0
3,34,71,1,0,23099,23099,0
3,34,72,1,0,24099,24099,0
3,34,73,1,0,24967,24967,0
3,34,74,1,0,25483,25483,0
3,35,52,1,0,2721,2721,0
3,35,53,1,0,3239,3239,0
3,35,54,1,0,4141,4141,0
3,35,55,1,0,5140,5140,0
3,35,56,1,0,6199,6199,0
3,35,57,1,0,7058,7058,0
3,35,58,1,0,8141,8141,0
3,35,62,1,0,12374,12374,0
3,35,63,2,1,13351,13351,0
3,35,65,1,0,15954,15954,0
3,35,67,1,0,18013,18013,0
3,35,71,1,0,23103,23103,0
3,35,72,1,0,24103,24103,0
3,35,74,1,0,25487,25487,0
3,36,52,1,0,2557,2557,0
3,36,53,1,0,3244,3244,0
3,36,54,1,0,4146,4146,0
3,36,58,1,0,8145,8145,0
3,36,60,1,0,10305,10305,0
3,36,61,1,0,11346,11346,0
3,36,62,1,0,12378,12378,0
3,36,63,1,0,13355,13355,0
3,36,64,1,0,14954,14954,0
3,36,71,2,1,22055,22055,0
3,36,72,1,0,24108,24108,0
3,37,51,1,0,2396,2396,0
3,37,52,1,0,3250,3250,0
3,37,55,1,0,5154,5154,0
3,37,59,1,0,9239,9239,0
3,37,62,1,0,13360,13360,0
3,37,64,1,0,14959,14959,0
3,37,67,2,1,18862,18022,1
3,37,70,1,0,22065,22065,0
3,37,71,1,0,23113,23113,0
3,37,72,1,0,24113,24113,0
3,37,73,1,0,24981,24981,0
3,37,74,1,0,25659,25659,0
3,38,51,1,0,2401,2401,0
3,38,52,1,0,3254,3254,0
3,38,55,1,0,5159,5159,0
3,38,56,1,0,6219,6219,0
3,38,57,1,0,8154,8154,0
3,38,60,1,0,10313,10313,0
3,38,64,1,0,14969,14969,0
3,38,68,1,0,19933,19933,0
3,38,69,1,0,21006,21006,0
3,38,71,1,0,23118,23118,0
3,38,72,1,0,24118,24118,0
3,38,74,1,0,25819,25819,0
3,39,51,1,0,2406,2406,0
3,39,52,1,0,3259,3259,0
3,39,57,1,0,8159,8159,0
3,39,58,1,0,9249,9249,0
3,39,59,1,0,10319,10319,0
3,39,60,1,0,11361,11361,0
3,39,61,1,0,12393,12393,0
3,39,62,1,0,13370,13370,0
3,39,63,2,1,14974,14452,1
3,39,64,1,0,15978,15978,0
3,39,68,1,0,19938,19938,0
3,39,71,1,0,23123,23123,0
3,39,72,1,0,24123,24123,0
3,39,73,1,0,24991,24991,0
3,39,74,1,0,25669,25669,0
3,40,51,1,0,2411,2411,0
3,40,52,1,0,3089,3089,0
3,40,53,1,0,4166,4166,0
3,40,56,1,0,7082,7082,0
3,40,57,1,0,8164,8164,0
3,40,58,1,0,9472,9472,0
3,40,59,1,0,10324,10324,0
3,40,61,1,0,12398,12398,0
3,40,62,1,0,13375,13375,0
3,40,63,1,0,14979,14979,0
3,40,64,1,0,15983,15983,0
3,40,67,2,1,18037,18037,0
3,40,70,1,0,22080,22080,0
3,40,71,1,0,23337,23337,0
3,40,72,1,0,24128,24128,0
3,40,74,1,0,25673,25673,0
3,41,51,1,0,2416,2416,0
3,41,52,1,0,3269,3269,0
3,41,53,1,0,4171,4171,0
3,41,55,1,0,6229,6229,0
3,41,60,2,1,11371,11371,0
3,41,61,2,1,12403,12403,0
3,41,65,1,0,17006,17006,0
3,41,67,2,1,18042,18042,0
3,41,71,1,0,23133,23133,0
3,41,72,1,0,24133,24133,0
3,41,74,1,0,25826,25826,0
3,42,51,1,0,2421,2421,0
3,42,56,1,0,7092,7092,0
3,42,57,1,0,8392,8392,0
3,42,59,2,1,10334,10334,0
3,42,60,1,0,12413,12413,0
3,42,64,1,0,15988,15988,0
3,42,65,2,1,17011,17011,0
3,42,67,1,0,18892,18892,0
3,42,68,1,0,19958,19958,0
3,42,69,1,0,21031,21031,0
3,42,71,1,0,23138,23138,0
3,42,72,1,0,24138,24138,0
3,42,73,2,1,25002,25002,0
3,42,74,1,0,25831,25831,0
3,43,50,1,0,1962,1962,0
3,43,51,1,0,2426,2426,0
3,43,53,1,0,4181,4181,0
3,43,54,1,0,5179,5179,0
3,43,55,1,0,6239,6239,0
3,43,57,1,0,8401,8401,0
3,43,58,2,1,10340,10340,0
3,43,59,1,0,11385,11385,0
3,43,60,1,0,12417,12417,0
3,43,63,1,0,14989,14989,0
3,43,64,1,0,15796,15796,0
3,43,65,1,0,17020,17020,0
3,43,67,1,0,18897,18897,0
3,43,70,1,0,22095,22095,0
3,43,71,1,0,23143,23143,0
3,43,73,1,0,25011,25011,0
3,43,74,1,0,25836,25836,0
3,44,50,1,0,2431,2431,0
3,44,53,1,0,5189,5189,0
3,44,54,2,1,5184,5184,0
3,44,55,2,1,6244,6244,0
3,44,56,1,0,7318,7318,0
3,44,57,1,0,9279,9279,0
3,44,59,1,0,11391,11391,0
3,44,60,1,0,12423,12423,0
3,44,63,1,0,14993,14993,0
3,44,64,1,0,16003,16003,0
3,44,69,1,0,21041,21041,0
3,44,71,1,0,23148,23148,0
3,44,73,1,0,25016,25016,0
3,45,49,1,0,1845,1845,0
3,45,50,1,0,2436,2436,0
3,45,55,1,0,7113,7113,0
3,45,58,1,0,10354,10354,0
3,45,59,1,0,11396,11396,0
3,45,60,1,0,12428,12428,0
3,45,62,1,0,14453,14453,0
3,45,63,2,1,15003,14998,1
3,45,64,1,0,15806,15806,0
3,45,67,1,0,19119,19119,0
3,45,68,1,0,19973,19973,0
3,45,69,1,0,21046,21046,0
3,45,74,1,0,25841,25841,0
3,46,49,1,0,1741,1741,0
3,46,51,1,0,3119,3119,0
3,46,53,1,0,4990,4990,0
3,46,55,1,0,7117,7117,0
3,46,56,1,0,8199,8199,0
3,46,58,1,0,10359,10359,0
3,46,59,1,0,11401,11401,0
3,46,60,1,0,12433,12433,0
3,46,61,1,0,28001,28001,0
3,46,62,1,0,14299,14299,0
3,46,64,1,0,16013,16013,0
3,46,66,1,0,18072,18072,0
3,46,67,1,0,18912,18912,0
3,46,71,1,0,23158,23158,0
3,46,72,1,0,24158,24158,0
3,46,73,1,0,25021,25021,0
3,46,74,1,0,25846,25846,0
3,47,49,2,1,27857,2288,1
3,47,50,1,0,2446,2446,0
3,47,52,1,0,4010,4010,0
3,47,58,1,0,10364,10364,0
3,47,59,1,0,11406,11406,0
3,47,60,1,0,12438,12438,0
3,47,64,1,0,15815,15815,0
3,47,65,1,0,17040,17040,0
3,47,70,1,0,22115,22115,0
3,47,72,1,0,24163,24163,0
3,47,73,2,1,25026,25026,0
3,47,74,1,0,25851,25851,0
3,48,51,1,0,3303,3303,0
3,48,53,1,0,5208,5208,0
3,48,54,1,0,7126,7126,0
3,48,57,1,0,9298,9298,0
3,48,58,1,0,10368,10368,0
3,48,61,2,1,27981,13393,1
3,48,63,2,1,15013,15013,0
3,48,66,1,0,18077,18077,0
3,48,67,2,1,18917,18917,0
3,48,68,1,0,19987,19987,0
3,48,69,1,0,21060,21060,0
3,48,70,1,0,22118,22118,0
3,48,71,1,0,23166,23166,0
3,48,72,1,0,24166,24166,0
3,48,73,1,0,25035,25035,0
3,48,74,2,1,25856,25856,0
3,49,56,1,0,8209,8209,0
3,49,60,1,0,27967,27967,0
3,49,64,1,0,16225,16225,0
3,49,65,1,0,17045,17045,0
3,49,66,1,0,18290,18290,0
4,5,46,1,0,27918,27918,0
4,5,47,1,0,8211,8211,0
4,5,48,1,0,9083,9083,0
4,5,59,1,0,28125,28125,0
4,5,60,1,0,20418,20418,0
4,6,44,1,0,5210,5210,0
4,6,45,1,0,6057,6057,0
4,6,46,1,0,7130,7130,0
4,6,47,1,0,7997,7997,0
4,6,48,1,0,9087,9087,0
4,6,49,1,0,9948,9948,0
4,6,57,1,0,18291,18291,0
4,6,58,1,0,18922,18922,0
4,6,59,1,0,19776,19776,0
4,6,60,1,0,20849,20849,0
4,6,61,1,0,21908,21908,0
4,6,62,1,0,22958,22958,0
4,7,42,1,0,3482,3482,0
4,7,43,1,0,4019,4019,0
4,7,44,1,0,4798,4798,0
4,7,45,1,0,5849,5849,0
4,7,46,1,0,7136,7136,0
4,7,47,1,0,8002,8002,0
4,7,48,1,0,9092,9092,0
4,7,49,1,0,10161,10161,0
4,7,50,1,0,11204,11204,0
4,7,51,1,0,12238,12238,0
4,7,56,1,0,16840,16840,0
4,7,57,1,0,17874,17874,0
4,7,58,1,0,18716,18716,0
4,7,59,1,0,19565,19565,0
4,7,60,1,0,20854,20854,0
4,7,61,1,0,21913,21913,0
4,7,62,1,0,22961,22961,0
4,7,63,1,0,23977,23977,0
4,8,41,1,0,2451,2451,0
4,8,42,1,0,3131,3131,0
4,8,43,1,0,4023,4023,0
4,8,44,1,0,5007,5007,0
4,8,45,1,0,5853,5853,0
4,8,46,1,0,6925,6925,0
4,8,48,1,0,9097,9097,0
4,8,49,1,0,10167,10167,0
4,8,50,1,0,11209,11209,0
4,8,51,1,0,12241,12241,0
4,8,52,1,0,13218,13218,0
4,8,53,1,0,14012,14012,0
4,8,54,1,0,15017,15017,0
4,8,55,1,0,15821,15821,0
4,8,56,1,0,16843,16843,0
4,8,57,1,0,17880,17880,0
4,8,58,1,0,18932,18932,0
4,8,59,1,0,19571,19571,0
4,8,60,1,0,20860,20860,0
4,8,61,1,0,21918,21918,0
4,8,62,1,0,22966,22966,0
4,8,63,1,0,23982,23982,0
4,8,64,1,0,24699,24699,0
4,9,41,2,1,2293,1745,1
4,9,42,1,0,3135,3135,0
4,9,45,1,0,27900,27900,0
4,9,46,2,1,7150,7146,1
4,9,47,2,1,8016,8012,1
4,9,49,3,1,9325,9325,0
4,9,51,1,0,12246,12246,0
4,9,53,1,0,14021,14021,0
4,9,54,1,0,14821,14821,0
4,9,55,1,0,15826,15826,0
4,9,57,2,1,17890,17677,1
4,9,58,1,0,18734,18734,0
4,9,59,1,0,20005,20005,0
4,9,61,1,0,21923,21923,0
4,9,62,1,0,22971,22971,0
4,9,65,1,0,25551,25551,0
4,10,41,1,0,1645,1645,0
4,10,43,2,1,3141,2298,1
4,10,45,1,0,5018,5018,0
4,10,50,1,0,10181,10181,0
4,10,52,1,0,12255,12255,0
4,10,54,1,0,13232,13232,0
4,10,57,1,0,17895,17895,0
4,10,59,1,0,18951,18951,0
4,10,60,1,0,20019,20019,0
4,10,61,1,0,21932,21932,0
4,10,63,1,0,22976,22976,0
4,10,67,1,0,28240,28240,0
4,10,68,1,0,25731,25731,0
4,11,45,1,0,3150,3150,0
4,11,46,1,0,4042,4042,0
4,11,47,1,0,5027,5027,0
4,11,52,1,0,12260,12260,0
4,11,60,1,0,18744,18744,0
4,11,61,1,0,19810,19810,0
4,11,64,1,0,21937,21937,0
4,11,66,1,0,24006,24006,0
4,11,67,1,0,24889,24889,0
4,12,46,1,0,3155,3155,0
4,12,47,1,0,4048,4048,0
4,12,48,1,0,5032,5032,0
4,12,49,1,0,6949,6949,0
4,12,51,1,0,9340,9340,0
4,12,53,1,0,28017,28017,0
4,12,55,1,0,13243,13243,0
4,12,58,1,0,15845,15845,0
4,12,63,1,0,20888,20888,0
4,12,64,2,1,21942,21942,0
4,12,68,1,0,24899,24899,0
4,12,70,2,1,26297,26293,1
4,13,43,2,1,1279,1191,1
4,13,48,1,0,4833,4833,0
4,13,49,1,0,6096,6096,0
4,13,53,1,0,10193,10193,0
4,13,54,1,0,11238,11238,0
4,13,55,1,0,12270,12270,0
4,13,59,1,0,16667,16667,0
4,13,63,1,0,19820,19820,0
4,13,66,1,0,23000,23000,0
4,13,69,1,0,25073,25073,0
4,14,48,1,0,4246,4246,0
4,14,49,1,0,4062,4062,0
4,14,50,1,0,5047,5047,0
4,14,56,1,0,13253,13253,0
4,14,58,1,0,14851,14851,0
4,14,59,1,0,15860,15860,0
4,14,61,1,0,16883,16883,0
4,14,62,1,0,17919,17919,0
4,14,66,1,0,21957,21957,0
4,14,67,1,0,23010,23010,0
4,14,68,2,1,24021,24021,0
4,14,70,2,1,25750,25750,0
4,14,72,1,0,26724,26724,0
4,14,73,1,0,27093,27093,0
4,15,51,1,0,6111,6111,0
4,15,53,1,0,6106,6106,0
4,15,56,1,0,12284,12284,0
4,15,57,1,0,14052,14052,0
4,15,58,1,0,14856,14856,0
4,15,59,1,0,14861,14861,0
4,15,61,1,0,16888,16888,0
4,15,63,1,0,18764,18764,0
4,15,68,1,0,24031,24031,0
4,15,69,1,0,24914,24914,0
4,15,70,1,0,24919,24919,0
4,15,72,2,1,26312,26312,0
4,15,73,1,0,26733,26733,0
4,16,45,1,0,861,861,0
4,16,46,1,0,788,788,0
4,16,47,1,0,1121,1121,0
4,16,52,1,0,6116,6116,0
4,16,54,1,0,7194,7194,0
4,16,57,1,0,13083,13083,0
4,16,62,1,0,16893,16893,0
4,16,63,1,0,17929,17929,0
4,16,65,1,0,19840,19840,0
4,16,67,1,0,21972,21972,0
4,16,68,1,0,23020,23020,0
4,16,69,1,0,24036,24036,0
4,16,71,1,0,24924,24924,0
4,16,75,1,0,27108,27108,0
4,17,47,2,1,794,794,0
4,17,48,1,0,1215,1215,0
4,17,50,1,0,2342,2342,0
4,17,54,1,0,7200,7200,0
4,17,55,1,0,8065,8065,0
4,17,57,1,0,13087,13087,0
4,17,60,1,0,14871,14871,0
4,17,61,1,0,15875,15875,0
4,17,64,2,1,18774,17934,1
4,17,66,1,0,19845,19845,0
4,17,67,1,0,20918,20918,0
4,17,69,1,0,24041,24041,0
4,17,71,1,0,25098,25098,0
4,17,72,1,0,25769,25769,0
4,17,73,2,1,26321,26321,0
4,17,74,1,0,26744,26744,0
4,17,76,1,0,27397,27397,0
4,18,47,1,0,520,520,0
4,18,48,1,0,803,803,0
4,18,50,1,0,1317,1317,0
4,18,52,1,0,2352,2352,0
4,18,60,1,0,14876,14876,0
4,18,61,1,0,15880,15880,0
4,18,64,1,0,17944,17944,0
4,18,65,1,0,18784,18784,0
4,18,66,1,0,19850,19850,0
4,18,67,1,0,21136,21136,0
4,18,68,1,0,21982,21982,0
4,18,69,1,0,23030,23030,0
4,18,70,1,0,24046,24046,0
4,18,71,1,0,25103,25103,0
4,18,72,1,0,25775,25775,0
4,18,75,1,0,27118,27118,0
4,18,76,1,0,27402,27402,0
4,19,47,1,0,464,464,0
4,19,49,2,1,812,808,1
4,19,51,1,0,1698,1698,0
4,19,54,1,0,6131,6131,0
4,19,55,1,0,6994,6994,0
4,19,56,1,0,8075,8075,0
4,19,58,1,0,10449,10449,0
4,19,68,1,0,21987,21987,0
4,19,69,1,0,23035,23035,0
4,19,70,1,0,23661,23661,0
4,19,72,1,0,25278,25278,0
4,19,73,1,0,25780,25780,0
4,19,75,1,0,26753,26753,0
4,19,76,1,0,27122,27122,0
4,20,48,1,0,469,469,0
4,20,51,1,0,1236,1236,0
4,20,54,1,0,3204,3204,0
4,20,56,1,0,8080,8080,0
4,20,57,1,0,8302,8302,0
4,20,58,1,0,9389,9389,0
4,20,59,2,1,10246,10246,0
4,20,60,1,0,11287,11287,0
4,20,61,1,0,14886,14886,0
4,20,63,1,0,16913,16913,0
4,20,65,1,0,18794,18794,0
4,20,66,1,0,19860,19860,0
4,20,70,1,0,23040,23040,0
4,20,73,1,0,25784,25784,0
4,20,76,1,0,27127,27127,0
4,20,77,1,0,27313,27313,0
4,20,79,1,0,27723,27723,0
4,20,80,1,0,27727,27727,0
4,20,81,1,0,27795,27795,0
4,21,48,1,0,259,259,0
4,21,61,1,0,11706,11706,0
4,21,63,1,0,16918,16918,0
4,21,65,1,0,17958,17958,0
4,21,67,1,0,19863,19863,0
4,21,68,1,0,20937,20937,0
4,21,73,1,0,25789,25789,0
4,21,76,1,0,27132,27132,0
4,21,78,1,0,27468,27468,0
4,21,79,1,0,27623,27623,0
4,21,81,1,0,27809,27809,0
4,22,49,1,0,266,266,0
4,22,50,1,0,270,270,0
4,22,51,1,0,827,827,0
4,22,52,1,0,1245,1245,0
4,22,53,1,0,1718,1718,0
4,22,56,1,0,4477,4477,0
4,22,62,1,0,11711,11711,0
4,22,63,1,0,15899,15899,0
4,22,66,1,0,18799,18799,0
4,22,69,1,0,22002,22002,0
4,22,70,1,0,23050,23050,0
4,22,73,1,0,25794,25794,0
4,22,74,1,0,26346,26346,0
4,22,79,1,0,27628,27628,0
4,22,81,1,0,27814,27814,0
4,23,50,1,0,616,616,0
4,23,54,1,0,2376,2376,0
4,23,56,1,0,4093,4093,0
4,23,57,1,0,4097,4097,0
4,23,58,1,0,5105,5105,0
4,23,59,1,0,9190,9190,0
4,23,61,1,0,10260,10260,0
4,23,64,1,0,16521,16521,0
4,23,71,1,0,23055,23055,0
4,23,73,1,0,24759,24759,0
4,23,74,1,0,25943,25943,0
4,23,75,1,0,26352,26352,0
4,23,76,1,0,26773,26773,0
4,23,80,1,0,27633,27633,0
4,23,82,1,0,27818,27818,0
4,24,50,2,1,494,63,1
4,24,52,1,0,838,838,0
4,24,54,1,0,1728,1728,0
4,24,57,1,0,4102,4102,0
4,24,60,1,0,9195,9195,0
4,24,62,2,1,11514,11312,1
4,24,63,1,0,12339,12339,0
4,24,67,1,0,19879,19879,0
4,24,71,1,0,23059,23059,0
4,24,72,1,0,24064,24064,0
4,24,73,1,0,24932,24932,0
4,24,75,1,0,26356,26356,0
4,24,78,1,0,27147,27147,0
4,24,79,1,0,27436,27436,0
4,25,50,1,0,44,44,0
4,25,51,1,0,503,503,0
4,25,53,1,0,1261,1261,0
4,25,56,1,0,3377,3377,0
4,25,58,1,0,4107,4107,0
4,25,64,1,0,13322,13322,0
4,25,70,1,0,22016,22016,0
4,25,72,1,0,24069,24069,0
4,25,75,1,0,26360,26360,0
4,25,78,2,1,27156,27152,1
4,25,79,1,0,27440,27440,0
4,25,80,1,0,27607,27607,0
4,26,52,1,0,508,508,0
4,26,53,1,0,847,847,0
4,26,54,1,0,1266,1266,0
4,26,55,1,0,1738,1738,0
4,26,57,1,0,3208,3208,0
4,26,58,1,0,4113,4113,0
4,26,59,1,0,4907,4907,0
4,26,62,1,0,10275,10275,0
4,26,63,1,0,11316,11316,0
4,26,64,1,0,12349,12349,0
4,26,68,1,0,20104,20104,0
4,26,71,1,0,22231,22231,0
4,26,73,1,0,24942,24942,0
4,26,75,1,0,25799,25799,0
4,26,77,1,0,26787,26787,0
4,27,50,1,0,7,7,0
4,27,51,1,0,248,248,0
4,27,53,1,0,852,852,0
4,27,56,1,0,2541,2541,0
4,27,57,1,0,3213,3213,0
4,27,61,1,0,8987,8987,0
4,27,65,1,0,13326,13326,0
4,27,72,1,0,23074,23074,0
4,27,73,1,0,24074,24074,0
4,27,74,1,0,24947,24947,0
4,27,75,1,0,25804,25804,0
4,27,76,1,0,26176,26176,0
4,28,49,1,0,2,2,0
4,28,50,1,0,108,108,0
4,28,54,1,0,1275,1275,0
4,28,56,1,0,2385,2385,0
4,28,57,1,0,3218,3218,0
4,28,59,1,0,5125,5125,0
4,28,61,1,0,8120,8120,0
4,28,62,1,0,9428,9428,0
4,28,63,1,0,10279,10279,0
4,28,66,1,0,16957,16957,0
4,28,68,2,1,17998,17998,0
4,28,71,1,0,22031,22031,0
4,28,74,1,0,24952,24952,0
4,28,75,1,0,25809,25809,0
4,28,76,1,0,26361,26361,0
4,29,51,1,0,112,112,0
4,29,52,1,0,258,258,0
4,29,53,1,0,518,518,0
4,29,54,2,1,860,860,0
4,29,56,1,0,2390,2390,0
4,29,62,1,0,9433,9433,0
4,29,67,1,0,16962,16962,0
4,29,72,1,0,23079,23079,0
4,29,74,1,0,24957,24957,0
4,30,55,1,0,27869,27869,0
4,30,56,2,1,2394,1841,1
4,30,58,1,0,4127,4127,0
4,30,63,1,0,10285,10285,0
4,30,64,1,0,13331,13331,0
4,30,65,1,0,14125,14125,0
4,30,66,1,0,14930,14930,0
4,30,73,1,0,24089,24089,0
4,30,75,1,0,28189,28189,0
4,31,62,1,0,9220,9220,0
4,31,63,1,0,10290,10290,0
4,31,64,2,1,11331,11331,0
4,31,71,1,0,19904,19904,0
4,31,72,1,0,22036,22036,0
4,32,56,1,0,3230,3230,0
4,32,57,1,0,4132,4132,0
4,32,58,1,0,5134,5134,0
4,32,61,1,0,8134,8134,0
4,32,64,1,0,11336,11336,0
4,32,66,1,0,14940,14940,0
4,32,67,1,0,14945,14945,0
4,32,70,1,0,18843,18843,0
4,32,74,2,1,23094,23094,0
4,32,75,1,0,24962,24962,0
4,33,56,1,0,3235,3235,0
4,33,58,1,0,5140,5140,0
4,33,59,1,0,6199,6199,0
4,33,68,1,0,16977,16977,0
4,33,69,1,0,18008,18008,0
4,33,71,1,0,19913,19913,0
4,33,76,2,1,24967,24967,0
4,34,55,1,0,2721,2721,0
4,34,56,1,0,3239,3239,0
4,34,57,1,0,4141,4141,0
4,34,61,1,0,8141,8141,0
4,34,65,1,0,13351,13351,0
4,34,69,1,0,18013,18013,0
4,34,72,1,0,20996,20996,0
4,34,74,1,0,23103,23103,0
4,34,75,1,0,24103,24103,0
4,34,76,2,1,24971,24971,0
4,35,55,1,0,2557,2557,0
4,35,56,1,0,3244,3244,0
4,35,57,1,0,4146,4146,0
4,35,58,1,0,4941,4941,0
4,35,61,1,0,8145,8145,0
4,35,62,1,0,9234,9234,0
4,35,63,1,0,10305,10305,0
4,35,65,1,0,12378,12378,0
4,35,67,1,0,14959,14959,0
4,35,69,1,0,18022,18022,0
4,35,71,1,0,19928,19928,0
4,35,73,1,0,22060,22060,0
4,35,76,1,0,24976,24976,0
4,35,77,1,0,25654,25654,0
4,36,55,1,0,2396,2396,0
4,36,56,1,0,3250,3250,0
4,36,58,1,0,5154,5154,0
4,36,62,1,0,9239,9239,0
4,36,65,2,1,12383,12383,0
4,36,70,1,0,18867,18867,0
4,36,72,2,1,21002,21002,0
4,36,74,1,0,23113,23113,0
4,36,75,1,0,24113,24113,0
4,36,76,1,0,24981,24981,0
4,36,77,1,0,25659,25659,0
4,37,55,1,0,2401,2401,0
4,37,56,1,0,3254,3254,0
4,37,59,1,0,6219,6219,0
4,37,60,1,0,7077,7077,0
4,37,61,1,0,8154,8154,0
4,37,62,1,0,9244,9244,0
4,37,63,1,0,10313,10313,0
4,37,64,1,0,11356,11356,0
4,37,65,1,0,13365,13365,0
4,37,66,1,0,14969,14969,0
4,37,73,1,0,22071,22071,0
4,37,74,1,0,23118,23118,0
4,37,75,1,0,24118,24118,0
4,37,76,1,0,24986,24986,0
4,37,77,1,0,25819,25819,0
4,38,56,1,0,3259,3259,0
4,38,61,1,0,8159,8159,0
4,38,63,1,0,10319,10319,0
4,38,64,2,1,11361,11361,0
4,38,65,1,0,13370,13370,0
4,38,66,1,0,14974,14974,0
4,38,67,1,0,15978,15978,0
4,38,68,1,0,17001,17001,0
4,38,70,1,0,18872,18872,0
4,38,71,1,0,19938,19938,0
4,38,73,1,0,22075,22075,0
4,38,74,1,0,23123,23123,0
4,38,75,1,0,24123,24123,0
4,38,76,1,0,24991,24991,0
4,38,77,1,0,25669,25669,0
4,39,54,1,0,2411,2411,0
4,39,55,1,0,3089,3089,0
4,39,56,1,0,4166,4166,0
4,39,59,1,0,7082,7082,0
4,39,60,1,0,8164,8164,0
4,39,62,1,0,9472,9472,0
4,39,63,1,0,10324,10324,0
4,39,64,1,0,12398,12398,0
4,39,66,1,0,14979,14979,0
4,39,67,1,0,15983,15983,0
4,39,68,1,0,17006,17006,0
4,39,70,2,1,18037,18037,0
4,39,71,1,0,19944,19944,0
4,39,72,1,0,21021,21021,0
4,39,73,1,0,22080,22080,0
4,39,74,1,0,23337,23337,0
4,39,75,1,0,24128,24128,0
4,39,76,1,0,24996,24996,0
4,39,77,1,0,25673,25673,0
4,40,54,1,0,2416,2416,0
4,40,55,1,0,3269,3269,0
4,40,56,1,0,4171,4171,0
4,40,58,1,0,6229,6229,0
4,40,60,1,0,8169,8169,0
4,40,61,1,0,9259,9259,0
4,40,62,1,0,10538,10538,0
4,40,64,2,1,12403,12403,0
4,40,66,1,0,14984,14984,0
4,40,67,1,0,15988,15988,0
4,40,68,1,0,17011,17011,0
4,40,69,1,0,18047,18047,0
4,40,70,2,1,18042,18042,0
4,40,71,1,0,19953,19953,0
4,40,74,1,0,23133,23133,0
4,40,75,1,0,24133,24133,0
4,40,77,2,1,25002,25002,0
4,41,56,1,0,4176,4176,0
4,41,59,1,0,7092,7092,0
4,41,60,1,0,8392,8392,0
4,41,61,1,0,9264,9264,0
4,41,62,1,0,10334,10334,0
4,41,63,2,1,11583,11583,0
4,41,67,1,0,15791,15791,0
4,41,68,1,0,17016,17016,0
4,41,69,1,0,18052,18052,0
4,41,76,1,0,24138,24138,0
4,41,77,2,1,25006,25006,0
4,42,53,1,0,1962,1962,0
4,42,54,1,0,2426,2426,0
4,42,56,1,0,4181,4181,0
4,42,57,2,1,5179,5179,0
4,42,59,1,0,7097,7097,0
4,42,60,1,0,8179,8179,0
4,42,62,1,0,10340,10340,0
4,42,63,2,1,11385,11385,0
4,42,66,2,1,14993,14989,1
4,42,68,1,0,17020,17020,0
4,42,69,1,0,18057,18057,0
4,42,72,1,0,21036,21036,0
4,42,75,1,0,23143,23143,0
4,42,77,1,0,25011,25011,0
4,42,78,1,0,25836,25836,0
4,43,53,1,0,1967,1967,0
4,43,54,1,0,2431,2431,0
4,43,56,1,0,4186,4186,0
4,43,58,1,0,6248,6248,0
4,43,59,1,0,7318,7318,0
4,43,60,1,0,8401,8401,0
4,43,62,1,0,10344,10344,0
4,43,66,1,0,14998,14998,0
4,43,67,1,0,16003,16003,0
4,43,68,1,0,17026,17026,0
4,43,72,1,0,21041,21041,0
4,43,75,1,0,23148,23148,0
4,43,76,1,0,24148,24148,0
4,43,77,1,0,25016,25016,0
4,43,78,1,0,25841,25841,0
4,44,53,2,1,1845,1845,0
4,44,54,1,0,2436,2436,0
4,44,56,2,1,4190,4190,0
4,44,58,1,0,6039,6039,0
4,44,59,1,0,7107,7107,0
4,44,60,1,0,8189,8189,0
4,44,61,1,0,9279,9279,0
4,44,62,1,0,11391,11391,0
4,44,63,1,0,12423,12423,0
4,44,64,1,0,13013,13013,0
4,44,66,2,1,15003,14453,1
4,44,67,1,0,15806,15806,0
4,44,68,1,0,17031,17031,0
4,44,70,1,0,18067,18067,0
4,44,71,2,1,19119,19119,0
4,44,72,1,0,21046,21046,0
4,44,77,1,0,25021,25021,0
4,44,78,1,0,25846,25846,0
4,45,52,1,0,1741,1741,0
4,45,53,1,0,2441,2441,0
4,45,58,1,0,7117,7117,0
4,45,59,1,0,8199,8199,0
4,45,62,1,0,10354,10354,0
4,45,63,1,0,11396,11396,0
4,45,65,2,1,28001,14299,1
4,45,70,2,1,18072,18072,0
4,45,74,1,0,23158,23158,0
4,45,75,1,0,24158,24158,0
4,45,77,1,0,25026,25026,0
4,45,78,1,0,25851,25851,0
4,46,52,1,0,27857,27857,0
4,46,53,2,1,2446,2288,1
4,46,54,1,0,3298,3298,0
4,46,55,1,0,4010,4010,0
4,46,56,1,0,5203,5203,0
4,46,58,1,0,7122,7122,0
4,46,59,1,0,8203,8203,0
4,46,60,2,1,9289,9289,0
4,46,61,1,0,10359,10359,0
4,46,63,1,0,11401,11401,0
4,46,64,2,1,12433,12433,0
4,46,68,1,0,17040,17040,0
4,46,70,1,0,18917,18917,0
4,46,71,1,0,19983,19983,0
4,46,73,2,1,22115,22115,0
4,46,74,1,0,23163,23163,0
4,46,75,1,0,24163,24163,0
4,46,76,1,0,25031,25031,0
4,46,78,1,0,25856,25856,0
4,47,54,1,0,3303,3303,0
4,47,55,1,0,4205,4205,0
4,47,58,1,0,7126,7126,0
4,47,60,1,0,9298,9298,0
4,47,62,1,0,11410,11410,0
4,47,64,2,1,27981,13393,1
4,47,66,2,1,15013,15013,0
4,47,69,1,0,18077,18077,0
4,47,70,2,1,18921,18290,1
4,47,72,1,0,21060,21060,0
4,47,74,1,0,23166,23166,0
4,47,75,1,0,24166,24166,0
4,47,76,1,0,25035,25035,0
4,47,77,1,0,25860,25860,0
4,48,59,1,0,8209,8209,0
4,48,63,1,0,27967,27967,0
4,48,68,2,1,17045,16225,1
5,5,46,1,0,27918,27918,0
5,5,47,1,0,8211,8211,0
5,5,48,1,0,9083,9083,0
5,5,59,1,0,28125,28125,0
5,5,60,1,0,20418,20418,0
5,6,44,1,0,5210,5210,0
5,6,45,1,0,6057,6057,0
5,6,46,1,0,7130,7130,0
5,6,47,1,0,7997,7997,0
5,6,48,1,0,9087,9087,0
5,6,49,1,0,9948,9948,0
5,6,57,1,0,18291,18291,0
5,6,58,1,0,18922,18922,0
5,6,59,1,0,19776,19776,0
5,6,60,1,0,20849,20849,0
5,6,61,1,0,21908,21908,0
5,6,62,1,0,22958,22958,0
5,7,42,1,0,3482,3482,0
5,7,43,1,0,4019,4019,0
5,7,44,1,0,4798,4798,0
5,7,45,1,0,5849,5849,0
5,7,46,1,0,7136,7136,0
5,7,47,1,0,8002,8002,0
5,7,48,1,0,9092,9092,0
5,7,49,1,0,10161,10161,0
5,7,50,1,0,11204,11204,0
5,7,51,1,0,12238,12238,0
5,7,56,1,0,16840,16840,0
5,7,57,1,0,17874,17874,0
5,7,58,1,0,18716,18716,0
5,7,59,1,0,19565,19565,0
5,7,60,1,0,20854,20854,0
5,7,61,1,0,21913,21913,0
5,7,62,1,0,22961,22961,0
5,7,63,1,0,23977,23977,0
5,8,41,1,0,2451,2451,0
5,8,42,1,0,3131,3131,0
5,8,43,1,0,4023,4023,0
5,8,44,1,0,5007,5007,0
5,8,45,1,0,5853,5853,0
5,8,46,1,0,6925,6925,0
5,8,48,1,0,9097,9097,0
5,8,49,1,0,10167,10167,0
5,8,50,1,0,11209,11209,0
5,8,51,1,0,12241,12241,0
5,8,52,1,0,13218,13218,0
5,8,53,1,0,14012,14012,0
5,8,54,1,0,15017,15017,0
5,8,55,1,0,15821,15821,0
5,8,56,1,0,16843,16843,0
5,8,57,1,0,17880,17880,0
5,8,58,1,0,18932,18932,0
5,8,59,1,0,19571,19571,0
5,8,60,1,0,20860,20860,0
5,8,61,1,0,21918,21918,0
5,8,62,1,0,22966,22966,0
5,8,63,1,0,23982,23982,0
5,8,64,1,0,24699,24699,0
5,9,41,2,1,2293,1745,1
5,9,44,1,0,4028,4028,0
5,9,45,1,0,27900,27900,0
5,9,46,2,1,7150,7146,1
5,9,47,1,0,8012,8012,0
5,9,48,1,0,9102,9102,0
5,9,49,2,1,9325,9325,0
5,9,50,1,0,10177,10177,0
5,9,51,1,0,12246,12246,0
5,9,53,1,0,14021,14021,0
5,9,54,1,0,14821,14821,0
5,9,55,1,0,15826,15826,0
5,9,57,2,1,17890,17677,1
5,9,58,1,0,18734,18734,0
5,9,59,1,0,20005,20005,0
5,9,61,1,0,21923,21923,0
5,9,62,1,0,22971,22971,0
5,9,63,1,0,23991,23991,0
5,9,65,1,0,25551,25551,0
5,10,42,1,0,1645,1645,0
5,10,43,1,0,3141,3141,0
5,10,44,1,0,2971,2971,0
5,10,49,1,0,9111,9111,0
5,10,52,1,0,12255,12255,0
5,10,54,1,0,13232,13232,0
5,10,57,1,0,17895,17895,0
5,10,60,1,0,20019,20019,0
5,10,61,1,0,21932,21932,0
5,10,64,1,0,21937,21937,0
5,10,67,1,0,24889,24889,0
5,11,47,1,0,4042,4042,0
5,11,53,1,0,12260,12260,0
5,11,55,1,0,13237,13237,0
5,11,60,1,0,18744,18744,0
5,11,61,1,0,19810,19810,0
5,11,63,1,0,20883,20883,0
5,11,64,1,0,21942,21942,0
5,11,68,1,0,24899,24899,0
5,11,70,1,0,26293,26293,0
5,12,44,1,0,1279,1279,0
5,12,46,1,0,3155,3155,0
5,12,47,1,0,4048,4048,0
5,12,48,1,0,5032,5032,0
5,12,49,3,1,4833,4833,0
5,12,51,1,0,9340,9340,0
5,12,53,2,1,28017,10193,1
5,12,55,1,0,13243,13243,0
5,12,58,2,1,14846,14846,0
5,12,59,2,1,15850,15850,0
5,12,65,1,0,21947,21947,0
5,12,67,1,0,24016,24016,0
5,12,69,1,0,25073,25073,0
5,12,70,1,0,26297,26297,0
5,13,44,1,0,1191,1191,0
5,13,54,1,0,11238,11238,0
5,13,55,1,0,12270,12270,0
5,13,58,1,0,14851,14851,0
5,13,62,2,1,17919,17919,0
5,13,63,1,0,19820,19820,0
5,13,66,1,0,21957,21957,0
5,13,67,1,0,23010,23010,0
5,13,68,1,0,24021,24021,0
5,13,70,1,0,25750,25750,0
5,13,71,1,0,25754,25754,0
5,13,72,1,0,26724,26724,0
5,13,73,2,1,26646,26646,0
5,14,47,1,0,1292,1292,0
5,14,49,1,0,4062,4062,0
5,14,50,1,0,5047,5047,0
5,14,52,1,0,6111,6111,0
5,14,54,1,0,6106,6106,0
5,14,56,1,0,13253,13253,0
5,14,57,1,0,13257,13257,0
5,14,58,1,0,14052,14052,0
5,14,59,1,0,14856,14856,0
5,14,60,1,0,15860,15860,0
5,14,61,2,1,16883,16883,0
5,14,64,2,1,18764,18764,0
5,14,70,1,0,24919,24919,0
5,14,72,1,0,26312,26312,0
5,14,74,1,0,26733,26733,0
5,15,46,1,0,861,861,0
5,15,52,1,0,6116,6116,0
5,15,55,1,0,8274,8274,0
5,15,59,1,0,14861,14861,0
5,15,62,1,0,16893,16893,0
5,15,63,1,0,17929,17929,0
5,15,64,1,0,18769,18769,0
5,15,66,1,0,20907,20907,0
5,15,67,2,1,20913,20913,0
5,15,68,1,0,23020,23020,0
5,15,69,1,0,24036,24036,0
5,15,71,1,0,24924,24924,0
5,15,74,1,0,26739,26739,0
5,15,75,1,0,27108,27108,0
5,16,47,1,0,788,788,0
5,16,48,2,1,1121,794,1
5,16,55,1,0,7194,7194,0
5,16,59,1,0,14061,14061,0
5,16,61,1,0,15875,15875,0
5,16,66,1,0,19840,19840,0
5,16,67,1,0,20918,20918,0
5,16,72,2,1,25769,25098,1
5,16,75,1,0,26744,26744,0
5,16,77,1,0,27402,27402,0
5,17,48,1,0,797,797,0
5,17,51,1,0,1694,1694,0
5,17,57,1,0,9161,9161,0
5,17,60,1,0,14871,14871,0
5,17,62,1,0,15880,15880,0
5,17,65,1,0,18779,18779,0
5,17,66,2,1,19845,19845,0
5,17,68,1,0,21136,21136,0
5,17,69,1,0,21982,21982,0
5,17,70,1,0,23030,23030,0
5,17,71,1,0,24050,24050,0
5,17,72,1,0,25103,25103,0
5,17,75,1,0,26748,26748,0
5,17,76,2,1,27118,27118,0
5,17,79,1,0,27613,27613,0
5,18,48,1,0,520,520,0
5,18,49,1,0,803,803,0
5,18,50,1,0,808,808,0
5,18,51,1,0,1317,1317,0
5,18,52,1,0,1698,1698,0
5,18,53,1,0,2352,2352,0
5,18,55,1,0,6988,6988,0
5,18,57,1,0,8075,8075,0
5,18,58,1,0,9166,9166,0
5,18,60,1,0,14876,14876,0
5,18,65,1,0,18784,18784,0
5,18,67,1,0,20069,20069,0
5,18,69,1,0,21987,21987,0
5,18,70,1,0,23035,23035,0
5,18,71,1,0,23661,23661,0
5,18,73,2,1,25780,25278,1
5,18,75,2,1,26753,26336,1
5,18,77,1,0,27127,27127,0
5,18,78,1,0,27411,27411,0
5,18,80,1,0,27723,27723,0
5,19,48,1,0,464,464,0
5,19,50,1,0,812,812,0
5,19,55,1,0,3204,3204,0
5,19,56,1,0,6994,6994,0
5,19,58,1,0,8080,8080,0
5,19,59,2,1,9389,9389,0
5,19,61,1,0,11287,11287,0
5,19,63,1,0,16913,16913,0
5,19,70,1,0,23040,23040,0
5,19,76,1,0,26763,26763,0
5,19,77,1,0,27132,27132,0
5,19,80,1,0,27623,27623,0
5,19,81,1,0,27795,27795,0
5,20,49,1,0,469,469,0
5,20,50,1,0,259,259,0
5,20,58,1,0,8302,8302,0
5,20,60,1,0,10246,10246,0
5,20,64,1,0,16918,16918,0
5,20,66,2,1,18794,17958,1
5,20,67,1,0,19863,19863,0
5,20,70,1,0,21996,21996,0
5,20,74,1,0,25789,25789,0
5,20,75,1,0,26346,26346,0
5,20,78,1,0,27137,27137,0
5,20,82,1,0,27814,27814,0
5,21,51,1,0,266,266,0
5,21,52,2,1,823,823,0
5,21,53,1,0,1245,1245,0
5,21,55,1,0,1718,1718,0
5,21,58,2,1,4093,4093,0
5,21,63,1,0,11711,11711,0
5,21,70,1,0,22002,22002,0
5,21,71,1,0,23050,23050,0
5,21,74,1,0,25794,25794,0
5,21,75,1,0,25943,25943,0
5,21,76,1,0,26352,26352,0
5,21,81,1,0,27633,27633,0
5,21,83,1,0,27818,27818,0
5,22,51,1,0,270,270,0
5,22,52,1,0,616,616,0
5,22,59,1,0,4097,4097,0
5,22,61,1,0,9190,9190,0
5,22,62,1,0,10260,10260,0
5,22,63,1,0,11509,11509,0
5,22,68,1,0,19874,19874,0
5,22,69,1,0,21160,21160,0
5,22,72,2,1,23055,23055,0
5,22,73,1,0,24059,24059,0
5,22,74,1,0,24759,24759,0
5,22,76,1,0,26356,26356,0
5,22,77,1,0,26773,26773,0
5,22,79,1,0,27147,27147,0
5,22,80,1,0,27436,27436,0
5,23,52,1,0,494,494,0
5,23,54,1,0,838,838,0
5,23,58,1,0,3377,3377,0
5,23,59,1,0,4102,4102,0
5,23,60,1,0,4107,4107,0
5,23,61,1,0,9195,9195,0
5,23,66,1,0,16526,16526,0
5,23,69,1,0,19879,19879,0
5,23,70,1,0,21165,21165,0
5,23,73,2,1,23064,23064,0
5,23,74,2,1,24932,24932,0
5,23,75,1,0,25631,25631,0
5,23,77,1,0,26360,26360,0
5,23,81,1,0,27440,27440,0
5,24,52,2,1,44,44,0
5,24,53,2,1,503,503,0
5,24,57,2,1,1733,1733,0
5,24,59,1,0,3208,3208,0
5,24,65,1,0,11316,11316,0
5,24,69,1,0,19884,19884,0
5,24,72,1,0,22231,22231,0
5,24,76,1,0,25799,25799,0
5,24,77,1,0,26534,26534,0
5,24,79,1,0,26787,26787,0
5,24,80,1,0,27156,27156,0
5,25,56,1,0,847,847,0
5,25,57,1,0,1738,1738,0
5,25,59,1,0,3213,3213,0
5,25,60,1,0,4113,4113,0
5,25,61,1,0,4907,4907,0
5,25,63,1,0,8987,8987,0
5,25,64,1,0,10275,10275,0
5,25,66,1,0,12349,12349,0
5,25,67,1,0,13326,13326,0
5,25,70,1,0,20104,20104,0
5,25,73,1,0,23074,23074,0
5,25,74,1,0,24074,24074,0
5,25,75,1,0,24942,24942,0
5,25,77,1,0,26176,26176,0
5,26,53,1,0,248,248,0
5,26,54,1,0,508,508,0
5,26,59,1,0,2541,2541,0
5,26,61,2,1,4309,4309,0
5,26,63,1,0,8120,8120,0
5,26,65,1,0,10279,10279,0
5,26,71,1,0,21180,21180,0
5,26,75,1,0,24947,24947,0
5,26,77,1,0,25809,25809,0
5,26,78,1,0,26361,26361,0
5,27,52,1,0,2,2,0
5,27,53,1,0,108,108,0
5,27,57,1,0,1275,1275,0
5,27,59,1,0,2385,2385,0
5,27,64,1,0,9428,9428,0
5,27,67,1,0,14120,14120,0
5,27,68,1,0,16962,16962,0
5,27,70,1,0,18838,18838,0
5,27,74,1,0,23079,23079,0
5,27,75,1,0,24084,24084,0
5,28,52,1,0,6,6,0
5,28,53,1,0,112,112,0
5,28,54,1,0,258,258,0
5,28,57,1,0,27846,27846,0
5,28,58,1,0,1841,1841,0
5,28,59,1,0,2390,2390,0
5,28,64,1,0,9433,9433,0
5,28,67,1,0,14125,14125,0
5,28,75,1,0,24089,24089,0
5,28,76,1,0,24957,24957,0
5,28,77,1,0,28189,28189,0
5,29,58,1,0,27869,27869,0
5,29,59,1,0,2394,2394,0
5,29,61,1,0,4127,4127,0
5,29,73,2,1,28131,19904,1
5,30,65,1,0,9220,9220,0
5,30,66,2,1,11331,10290,1
5,30,68,1,0,14940,14940,0
5,30,76,1,0,24094,24094,0
5,30,77,1,0,24962,24962,0
5,31,59,1,0,3230,3230,0
5,31,61,1,0,5134,5134,0
5,31,63,1,0,7053,7053,0
5,31,64,1,0,8134,8134,0
5,31,67,1,0,11336,11336,0
5,31,69,1,0,14945,14945,0
5,31,72,1,0,18843,18843,0
5,31,76,1,0,23099,23099,0
5,31,78,1,0,25483,25483,0
5,32,59,1,0,3235,3235,0
5,32,61,1,0,5140,5140,0
5,32,62,1,0,6199,6199,0
5,32,63,1,0,7058,7058,0
5,32,68,2,1,12374,12374,0
5,32,70,1,0,15954,15954,0
5,32,71,1,0,16977,16977,0
5,32,72,1,0,18013,18013,0
5,32,73,1,0,19913,19913,0
5,32,74,1,0,20987,20987,0
5,32,77,2,1,23103,23103,0
5,32,79,1,0,25487,25487,0
5,33,58,1,0,2721,2721,0
5,33,59,1,0,3239,3239,0
5,33,60,1,0,4141,4141,0
5,33,61,1,0,5145,5145,0
5,33,62,1,0,5992,5992,0
5,33,63,1,0,7062,7062,0
5,33,64,1,0,8145,8145,0
5,33,66,1,0,10305,10305,0
5,33,67,1,0,11346,11346,0
5,33,68,1,0,12378,12378,0
5,33,75,1,0,20996,20996,0
5,33,77,1,0,23108,23108,0
5,33,78,2,1,24108,24108,0
5,33,79,1,0,25654,25654,0
5,34,58,1,0,2557,2557,0
5,34,59,1,0,3244,3244,0
5,34,65,1,0,9239,9239,0
5,34,67,1,0,11351,11351,0
5,34,68,2,1,12383,12383,0
5,34,69,1,0,14959,14959,0
5,34,72,1,0,18022,18022,0
5,34,74,1,0,19928,19928,0
5,34,75,1,0,21002,21002,0
5,34,77,1,0,23113,23113,0
5,34,78,1,0,24113,24113,0
5,34,79,1,0,24981,24981,0
5,35,59,1,0,3250,3250,0
5,35,62,1,0,6214,6214,0
5,35,64,1,0,8154,8154,0
5,35,65,1,0,9244,9244,0
5,35,66,1,0,10313,10313,0
5,35,67,1,0,11356,11356,0
5,35,73,1,0,18867,18867,0
5,35,75,1,0,21006,21006,0
5,35,79,1,0,24986,24986,0
5,35,80,1,0,25819,25819,0
5,36,58,1,0,2401,2401,0
5,36,59,1,0,3254,3254,0
5,36,60,1,0,4156,4156,0
5,36,62,1,0,6219,6219,0
5,36,63,1,0,7077,7077,0
5,36,66,1,0,10319,10319,0
5,36,67,2,1,11361,11361,0
5,36,68,1,0,13370,13370,0
5,36,73,1,0,18872,18872,0
5,36,74,1,0,19938,19938,0
5,36,75,1,0,21011,21011,0
5,36,76,2,1,22071,22071,0
5,36,79,1,0,24991,24991,0
5,36,80,1,0,25669,25669,0
5,37,58,1,0,2406,2406,0
5,37,59,1,0,3259,3259,0
5,37,65,1,0,9472,9472,0
5,37,66,1,0,10324,10324,0
5,37,67,1,0,12398,12398,0
5,37,69,1,0,14974,14974,0
5,37,70,1,0,15978,15978,0
5,37,71,1,0,17001,17001,0
5,37,72,1,0,18037,18037,0
5,37,73,1,0,18877,18877,0
5,37,74,1,0,19944,19944,0
5,37,75,1,0,21016,21016,0
5,37,77,1,0,23337,23337,0
5,37,79,1,0,24996,24996,0
5,38,58,2,1,3089,2411,1
5,38,62,1,0,6229,6229,0
5,38,65,1,0,9259,9259,0
5,38,66,1,0,10538,10538,0
5,38,69,1,0,14979,14979,0
5,38,70,1,0,15983,15983,0
5,38,73,1,0,18882,18882,0
5,38,76,1,0,22085,22085,0
5,38,80,2,1,25002,25002,0
5,39,57,1,0,2416,2416,0
5,39,58,1,0,3269,3269,0
5,39,59,1,0,4171,4171,0
5,39,64,1,0,8392,8392,0
5,39,65,1,0,10334,10334,0
5,39,66,1,0,11583,11583,0
5,39,67,1,0,13200,13200,0
5,39,70,2,1,15988,14984,1
5,39,71,1,0,17011,17011,0
5,39,72,1,0,18047,18047,0
5,39,75,1,0,21026,21026,0
5,39,79,1,0,24138,24138,0
5,40,57,1,0,2421,2421,0
5,40,59,1,0,4176,4176,0
5,40,63,1,0,8179,8179,0
5,40,64,1,0,9264,9264,0
5,40,66,1,0,11381,11381,0
5,40,67,1,0,12413,12413,0
5,40,72,1,0,18052,18052,0
5,40,73,1,0,18892,18892,0
5,40,74,1,0,19958,19958,0
5,40,78,1,0,23143,23143,0
5,40,80,1,0,25011,25011,0
5,40,81,1,0,25836,25836,0
5,41,56,1,0,1962,1962,0
5,41,57,1,0,2426,2426,0
5,41,60,1,0,5184,5184,0
5,41,61,1,0,6244,6244,0
5,41,62,1,0,7318,7318,0
5,41,63,1,0,8401,8401,0
5,41,64,2,1,9487,9274,1
5,41,65,2,1,10340,10340,0
5,41,66,1,0,11385,11385,0
5,41,70,1,0,14993,14993,0
5,41,71,1,0,17020,17020,0
5,41,73,1,0,18057,18057,0
5,41,74,1,0,19963,19963,0
5,41,75,1,0,21036,21036,0
5,41,79,1,0,24148,24148,0
5,41,80,1,0,25016,25016,0
5,41,81,1,0,25841,25841,0
5,42,56,1,0,1967,1967,0
5,42,57,1,0,2431,2431,0
5,42,59,1,0,4186,4186,0
5,42,60,1,0,5189,5189,0
5,42,61,1,0,6248,6248,0
5,42,62,1,0,7107,7107,0
5,42,63,1,0,8189,8189,0
5,42,64,1,0,9279,9279,0
5,42,66,1,0,11391,11391,0
5,42,67,1,0,12423,12423,0
5,42,69,1,0,14453,14453,0
5,42,70,1,0,14998,14998,0
5,42,71,1,0,16003,16003,0
5,42,75,1,0,21041,21041,0
5,42,80,1,0,25021,25021,0
5,43,56,2,1,1845,1845,0
5,43,57,1,0,2436,2436,0
5,43,59,1,0,4190,4190,0
5,43,65,1,0,10354,10354,0
5,43,66,1,0,11396,11396,0
5,43,67,2,1,12428,12428,0
5,43,69,1,0,14299,14299,0
5,43,72,1,0,17031,17031,0
5,43,73,1,0,18067,18067,0
5,43,75,2,1,19973,19973,0
5,43,78,1,0,23158,23158,0
5,43,79,1,0,24158,24158,0
5,43,80,1,0,25026,25026,0
5,43,81,1,0,25851,25851,0
5,44,56,1,0,1741,1741,0
5,44,57,1,0,2441,2441,0
5,44,59,1,0,4010,4010,0
5,44,62,1,0,7117,7117,0
5,44,63,1,0,8199,8199,0
5,44,64,1,0,9289,9289,0
5,44,65,1,0,10359,10359,0
5,44,66,1,0,11401,11401,0
5,44,67,1,0,12433,12433,0
5,44,68,2,1,13388,13388,0
5,44,72,1,0,17036,17036,0
5,44,73,1,0,18072,18072,0
5,44,74,1,0,18912,18912,0
5,44,75,1,0,19983,19983,0
5,44,76,1,0,21056,21056,0
5,44,77,1,0,22115,22115,0
5,44,78,1,0,23163,23163,0
5,44,80,1,0,25031,25031,0
5,44,81,1,0,25856,25856,0
5,45,55,1,0,27857,27857,0
5,45,56,1,0,2288,2288,0
5,45,57,1,0,2446,2446,0
5,45,58,1,0,3298,3298,0
5,45,59,1,0,4200,4200,0
5,45,60,1,0,5203,5203,0
5,45,61,1,0,6051,6051,0
5,45,63,1,0,8203,8203,0
5,45,65,1,0,10364,10364,0
5,45,66,1,0,11406,11406,0
5,45,67,1,0,12438,12438,0
5,45,68,1,0,13393,13393,0
5,45,70,1,0,15013,15013,0
5,45,72,1,0,17040,17040,0
5,45,73,1,0,18077,18077,0
5,45,74,1,0,18917,18917,0
5,45,77,1,0,22118,22118,0
5,45,78,1,0,23166,23166,0
5,45,79,1,0,24166,24166,0
5,45,80,1,0,25035,25035,0
5,45,81,1,0,25860,25860,0
5,46,58,1,0,3303,3303,0
5,46,59,1,0,4205,4205,0
5,46,60,1,0,5208,5208,0
5,46,62,1,0,7126,7126,0
5,46,63,1,0,8209,8209,0
5,46,64,1,0,9298,9298,0
5,46,65,1,0,10368,10368,0
5,46,67,1,0,27967,27967,0
5,46,68,1,0,27981,27981,0
5,46,70,1,0,28051,28051,0
5,46,71,1,0,16225,16225,0
5,46,74,1,0,18921,18921,0
5,46,75,1,0,19987,19987,0
6,5,46,1,0,27918,27918,0
6,5,47,1,0,8211,8211,0
6,5,48,1,0,9083,9083,0
6,5,59,1,0,28125,28125,0
6,5,60,1,0,20418,20418,0
6,6,44,1,0,5210,5210,0
6,6,45,1,0,6057,6057,0
6,6,46,1,0,7130,7130,0
6,6,47,1,0,7997,7997,0
6,6,48,1,0,9087,9087,0
6,6,49,1,0,9948,9948,0
6,6,57,1,0,18291,18291,0
6,6,58,1,0,18922,18922,0
6,6,59,1,0,19776,19776,0
6,6,60,1,0,20849,20849,0
6,6,61,1,0,21908,21908,0
6,6,62,1,0,22958,22958,0
6,7,42,1,0,3482,3482,0
6,7,43,1,0,4019,4019,0
6,7,44,1,0,4798,4798,0
6,7,45,1,0,5849,5849,0
6,7,46,1,0,7136,7136,0
6,7,47,1,0,8002,8002,0
6,7,48,1,0,9092,9092,0
6,7,49,1,0,10161,10161,0
6,7,50,1,0,11204,11204,0
6,7,51,1,0,12238,12238,0
6,7,56,1,0,16840,16840,0
6,7,57,1,0,17874,17874,0
6,7,58,1,0,18716,18716,0
6,7,59,1,0,19565,19565,0
6,7,60,1,0,20854,20854,0
6,7,61,1,0,21913,21913,0
6,7,62,1,0,22961,22961,0
6,7,63,1,0,23977,23977,0
6,8,41,1,0,2451,2451,0
6,8,42,1,0,3131,3131,0
6,8,43,1,0,4023,4023,0
6,8,44,1,0,5007,5007,0
6,8,45,1,0,5853,5853,0
6,8,46,1,0,6925,6925,0
6,8,47,1,0,8012,8012,0
6,8,48,1,0,9097,9097,0
6,8,49,1,0,10167,10167,0
6,8,50,1,0,11209,11209,0
6,8,51,1,0,12241,12241,0
6,8,52,1,0,13218,13218,0
6,8,53,1,0,14012,14012,0
6,8,54,1,0,15017,15017,0
6,8,55,2,1,15826,15821,1
6,8,56,1,0,16843,16843,0
6,8,57,1,0,17880,17880,0
6,8,58,1,0,18932,18932,0
6,8,59,1,0,19571,19571,0
6,8,60,1,0,20860,20860,0
6,8,61,1,0,21918,21918,0
6,8,62,1,0,22966,22966,0
6,8,64,1,0,24699,24699,0
6,9,41,2,1,2293,1745,1
6,9,42,1,0,3135,3135,0
6,9,44,1,0,4028,4028,0
6,9,45,1,0,27900,27900,0
6,9,46,2,1,7150,7146,1
6,9,47,1,0,8016,8016,0
6,9,49,1,0,9325,9325,0
6,9,50,1,0,11214,11214,0
6,9,51,1,0,12246,12246,0
6,9,52,1,0,13227,13227,0
6,9,53,2,1,14021,14017,1
6,9,57,2,1,17895,17677,1
6,9,58,1,0,18734,18734,0
6,9,59,1,0,20005,20005,0
6,9,61,1,0,21923,21923,0
6,9,64,1,0,21937,21937,0
6,9,67,1,0,24889,24889,0
6,10,42,1,0,1645,1645,0
6,10,43,2,1,3141,2298,1
6,10,44,1,0,2971,2971,0
6,10,49,1,0,9111,9111,0
6,10,52,1,0,12255,12255,0
6,10,61,2,1,19810,19810,0
6,10,63,1,0,20883,20883,0
6,10,64,1,0,21942,21942,0
6,10,67,1,0,24011,24011,0
6,10,68,1,0,24899,24899,0
6,11,47,1,0,4042,4042,0
6,11,51,1,0,11228,11228,0
6,11,53,1,0,12260,12260,0
6,11,55,1,0,13237,13237,0
6,11,58,1,0,15845,15845,0
6,11,60,1,0,17904,17904,0
6,11,63,1,0,19815,19815,0
6,11,65,1,0,21947,21947,0
6,11,66,1,0,22995,22995,0
6,11,68,1,0,24016,24016,0
6,11,69,1,0,25073,25073,0
6,12,44,1,0,1279,1279,0
6,12,46,1,0,3155,3155,0
6,12,47,1,0,4048,4048,0
6,12,49,1,0,4833,4833,0
6,12,50,1,0,6096,6096,0
6,12,53,2,1,28017,10193,1
6,12,56,1,0,13243,13243,0
6,12,63,1,0,19820,19820,0
6,12,66,1,0,21957,21957,0
6,12,68,1,0,24021,24021,0
6,12,70,1,0,25750,25750,0
6,12,71,1,0,25754,25754,0
6,12,73,1,0,26646,26646,0
6,13,49,1,0,4246,4246,0
6,13,55,1,0,12270,12270,0
6,13,58,1,0,14851,14851,0
6,13,60,1,0,15860,15860,0
6,13,61,1,0,16883,16883,0
6,13,64,1,0,18764,18764,0
6,13,65,1,0,19830,19830,0
6,13,67,1,0,21962,21962,0
6,13,70,1,0,24914,24914,0
6,13,72,1,0,26312,26312,0
6,13,74,1,0,26733,26733,0
6,13,75,1,0,27108,27108,0
6,14,50,1,0,4062,4062,0
6,14,51,1,0,5047,5047,0
6,14,52,1,0,6111,6111,0
6,14,54,1,0,6106,6106,0
6,14,56,2,1,13253,12280,1
6,14,58,2,1,14052,14052,0
6,14,59,2,1,14856,14856,0
6,14,64,1,0,17929,17929,0
6,14,66,1,0,20907,20907,0
6,14,68,1,0,21972,21972,0
6,14,69,2,1,24036,23020,1
6,14,71,1,0,24924,24924,0
6,14,73,1,0,25769,25769,0
6,14,75,1,0,26739,26739,0
6,14,77,1,0,27402,27402,0
6,15,46,1,0,861,861,0
6,15,49,1,0,1121,1121,0
6,15,53,1,0,6116,6116,0
6,15,62,1,0,16893,16893,0
6,15,65,2,1,17934,17934,0
6,15,66,1,0,19840,19840,0
6,15,68,1,0,20918,20918,0
6,15,72,1,0,25098,25098,0
6,15,73,1,0,25775,25775,0
6,15,74,1,0,26326,26326,0
6,15,75,1,0,26744,26744,0
6,15,76,1,0,26748,26748,0
6,15,77,1,0,27118,27118,0
6,16,47,1,0,788,788,0
6,16,50,1,0,1215,1215,0
6,16,61,1,0,14871,14871,0
6,16,62,2,1,15875,15875,0
6,16,63,1,0,16898,16898,0
6,16,66,1,0,18779,18779,0
6,16,67,1,0,19845,19845,0
6,16,69,1,0,21982,21982,0
6,16,70,1,0,23030,23030,0
6,16,71,1,0,24050,24050,0
6,16,72,1,0,25103,25103,0
6,16,73,1,0,25278,25278,0
6,16,74,1,0,25780,25780,0
6,16,75,1,0,26331,26331,0
6,16,77,1,0,27122,27122,0
6,16,78,1,0,27411,27411,0
6,16,81,1,0,27723,27723,0
6,16,82,1,0,27795,27795,0
6,17,49,1,0,520,520,0
6,17,52,2,1,1317,1317,0
6,17,53,1,0,1698,1698,0
6,17,54,1,0,2352,2352,0
6,17,56,2,1,6988,6131,1
6,17,58,1,0,8075,8075,0
6,17,61,1,0,14876,14876,0
6,17,64,1,0,16909,16909,0
6,17,66,1,0,18784,18784,0
6,17,68,1,0,20069,20069,0
6,17,70,1,0,21987,21987,0
6,17,71,2,1,23035,23035,0
6,17,74,1,0,25784,25784,0
6,17,77,1,0,26758,26758,0
6,17,78,1,0,27132,27132,0
6,17,80,1,0,27623,27623,0
6,17,81,1,0,27727,27727,0
6,17,82,1,0,27809,27809,0
6,18,49,1,0,464,464,0
6,18,51,1,0,808,808,0
6,18,57,1,0,6994,6994,0
6,18,60,2,1,9389,9389,0
6,18,64,1,0,16913,16913,0
6,18,67,1,0,18794,18794,0
6,18,71,1,0,23040,23040,0
6,18,75,1,0,25789,25789,0
6,18,78,1,0,27137,27137,0
6,18,80,1,0,27468,27468,0
6,18,81,1,0,27628,27628,0
6,19,59,1,0,8302,8302,0
6,19,61,1,0,10246,10246,0
6,19,62,1,0,11287,11287,0
6,19,66,1,0,17953,17953,0
6,19,67,1,0,17958,17958,0
6,19,71,1,0,22002,22002,0
6,19,72,1,0,23050,23050,0
6,19,75,1,0,25794,25794,0
6,19,76,1,0,26346,26346,0
6,19,82,1,0,27633,27633,0
6,19,84,1,0,27818,27818,0
6,20,51,1,0,259,259,0
6,20,53,1,0,823,823,0
6,20,54,1,0,1245,1245,0
6,20,56,1,0,1718,1718,0
6,20,59,2,1,4093,4093,0
6,20,64,1,0,11711,11711,0
6,20,68,1,0,19654,19654,0
6,20,73,1,0,23055,23055,0
6,20,75,1,0,24759,24759,0
6,20,77,1,0,26352,26352,0
6,20,78,1,0,26773,26773,0
6,20,80,1,0,27147,27147,0
6,20,81,1,0,27436,27436,0
6,21,52,1,0,266,266,0
6,21,53,1,0,270,270,0
6,21,54,2,1,616,616,0
6,21,58,1,0,2376,2376,0
6,21,61,1,0,9190,9190,0
6,21,63,1,0,10260,10260,0
6,21,65,1,0,11514,11514,0
6,21,69,1,0,19874,19874,0
6,21,73,1,0,23059,23059,0
6,21,74,1,0,24059,24059,0
6,21,75,1,0,24932,24932,0
6,21,77,1,0,26356,26356,0
6,21,78,1,0,26360,26360,0
6,21,82,1,0,27440,27440,0
6,22,54,1,0,494,494,0
6,22,55,1,0,838,838,0
6,22,57,1,0,1261,1261,0
6,22,60,1,0,3377,3377,0
6,22,61,1,0,4107,4107,0
6,22,65,1,0,11312,11312,0
6,22,71,1,0,21165,21165,0
6,22,73,1,0,22016,22016,0
6,22,74,1,0,23064,23064,0
6,22,75,2,1,24069,24069,0
6,22,77,1,0,25799,25799,0
6,22,80,1,0,26787,26787,0
6,22,81,1,0,27156,27156,0
6,23,53,2,1,234,63,1
6,23,56,1,0,768,768,0
6,23,58,1,0,1733,1733,0
6,23,60,1,0,3208,3208,0
6,23,65,1,0,10275,10275,0
6,23,66,1,0,11316,11316,0
6,23,70,1,0,19884,19884,0
6,23,75,1,0,24074,24074,0
6,23,76,1,0,24942,24942,0
6,23,79,1,0,26176,26176,0
6,24,54,1,0,44,44,0
6,24,55,1,0,503,503,0
6,24,57,1,0,847,847,0
6,24,59,1,0,1738,1738,0
6,24,60,1,0,2541,2541,0
6,24,61,1,0,3213,3213,0
6,24,62,1,0,4113,4113,0
6,24,64,1,0,8987,8987,0
6,24,68,2,1,12349,12349,0
6,24,70,1,0,17988,17988,0
6,24,71,1,0,18834,18834,0
6,24,72,1,0,21180,21180,0
6,24,75,1,0,23074,23074,0
6,24,79,1,0,26361,26361,0
6,25,55,1,0,248,248,0
6,25,56,1,0,508,508,0
6,25,58,1,0,852,852,0
6,25,61,1,0,2385,2385,0
6,25,65,1,0,8120,8120,0
6,25,66,1,0,10279,10279,0
6,25,67,1,0,11322,11322,0
6,25,76,1,0,23079,23079,0
6,25,77,1,0,24952,24952,0
6,26,54,1,0,2,2,0
6,26,55,1,0,108,108,0
6,26,59,1,0,1275,1275,0
6,26,76,1,0,24084,24084,0
6,26,77,1,0,24089,24089,0
6,26,78,1,0,24957,24957,0
6,26,79,2,1,28189,25814,1
6,27,54,1,0,6,6,0
6,27,55,1,0,112,112,0
6,27,56,1,0,258,258,0
6,27,57,1,0,518,518,0
6,27,58,1,0,860,860,0
6,27,59,1,0,27846,27846,0
6,27,60,1,0,1841,1841,0
6,27,61,1,0,2390,2390,0
6,27,74,1,0,19904,19904,0
6,27,76,1,0,22036,22036,0
6,28,60,1,0,27869,27869,0
6,28,61,1,0,2394,2394,0
6,28,63,1,0,4127,4127,0
6,28,68,2,1,11331,10290,1
6,28,70,1,0,14940,14940,0
6,28,75,1,0,28131,28131,0
6,28,78,1,0,24094,24094,0
6,28,79,1,0,24962,24962,0
6,29,69,1,0,11336,11336,0
6,29,74,1,0,18843,18843,0
6,29,78,1,0,23099,23099,0
6,29,79,1,0,24099,24099,0
6,29,80,2,1,24967,24967,0
6,30,62,1,0,3230,3230,0
6,30,63,1,0,4132,4132,0
6,30,64,1,0,5134,5134,0
6,30,66,2,1,7053,7053,0
6,30,72,1,0,15954,15954,0
6,30,73,1,0,16977,16977,0
6,30,74,1,0,18013,18013,0
6,30,75,1,0,19913,19913,0
6,30,79,2,1,23103,23103,0
6,30,81,1,0,25487,25487,0
6,31,62,1,0,3235,3235,0
6,31,64,1,0,5140,5140,0
6,31,65,1,0,6199,6199,0
6,31,70,1,0,12378,12378,0
6,31,72,1,0,15958,15958,0
6,31,74,1,0,18017,18017,0
6,31,76,1,0,19919,19919,0
6,31,77,1,0,20996,20996,0
6,31,79,1,0,23108,23108,0
6,31,81,2,1,24976,24976,0
6,32,61,1,0,2721,2721,0
6,32,63,1,0,4141,4141,0
6,32,64,2,1,5145,5145,0
6,32,65,1,0,7062,7062,0
6,32,68,1,0,10305,10305,0
6,32,69,1,0,11346,11346,0
6,32,70,1,0,12383,12383,0
6,32,76,1,0,19928,19928,0
6,32,77,1,0,21002,21002,0
6,32,78,1,0,22060,22060,0
6,32,79,1,0,23113,23113,0
6,32,80,1,0,24113,24113,0
6,32,81,1,0,24981,24981,0
6,33,60,1,0,2557,2557,0
6,33,61,1,0,3244,3244,0
6,33,63,1,0,4146,4146,0
6,33,65,1,0,6209,6209,0
6,33,66,2,1,7283,7283,0
6,33,68,2,1,10313,10100,1
6,33,69,1,0,11351,11351,0
6,33,75,1,0,18867,18867,0
6,33,80,1,0,24118,24118,0
6,33,82,1,0,25819,25819,0
6,34,60,1,0,2396,2396,0
6,34,61,1,0,3250,3250,0
6,34,64,1,0,5154,5154,0
6,34,65,2,1,6214,6214,0
6,34,69,1,0,11356,11356,0
6,34,71,1,0,13370,13370,0
6,34,72,1,0,14969,14969,0
6,34,76,1,0,18872,18872,0
6,34,77,1,0,19938,19938,0
6,34,79,1,0,22071,22071,0
6,34,80,1,0,24123,24123,0
6,34,81,1,0,24991,24991,0
6,34,82,1,0,25673,25673,0
6,35,60,1,0,2401,2401,0
6,35,62,1,0,3254,3254,0
6,35,66,1,0,7077,7077,0
6,35,69,1,0,11361,11361,0
6,35,70,1,0,12393,12393,0
6,35,72,1,0,14974,14974,0
6,35,75,1,0,18037,18037,0
6,35,76,1,0,18877,18877,0
6,35,77,1,0,19944,19944,0
6,35,79,1,0,22075,22075,0
6,35,81,1,0,24128,24128,0
6,36,60,1,0,2406,2406,0
6,36,62,1,0,3259,3259,0
6,36,63,1,0,4161,4161,0
6,36,66,1,0,7082,7082,0
6,36,67,1,0,8164,8164,0
6,36,68,1,0,9472,9472,0
6,36,69,1,0,11366,11366,0
6,36,70,1,0,12398,12398,0
6,36,72,1,0,14979,14979,0
6,36,74,1,0,15983,15983,0
6,36,76,1,0,18882,18882,0
6,36,77,1,0,20163,20163,0
6,36,78,1,0,21021,21021,0
6,36,82,1,0,25002,25002,0
6,36,83,1,0,25826,25826,0
6,37,60,1,0,2411,2411,0
6,37,61,1,0,3089,3089,0
6,37,63,1,0,4166,4166,0
6,37,65,1,0,6229,6229,0
6,37,69,2,1,10538,10538,0
6,37,70,1,0,13200,13200,0
6,37,73,1,0,14984,14984,0
6,37,74,1,0,15988,15988,0
6,37,75,1,0,17011,17011,0
6,37,76,1,0,18047,18047,0
6,37,78,1,0,21026,21026,0
6,37,79,1,0,22085,22085,0
6,37,83,1,0,25831,25831,0
6,38,60,1,0,2416,2416,0
6,38,62,1,0,3269,3269,0
6,38,63,1,0,4171,4171,0
6,38,64,1,0,5174,5174,0
6,38,65,1,0,7092,7092,0
6,38,67,1,0,8392,8392,0
6,38,68,1,0,9264,9264,0
6,38,69,1,0,10334,10334,0
6,38,70,1,0,11583,11583,0
6,38,76,1,0,18052,18052,0
6,38,77,1,0,18892,18892,0
6,38,78,1,0,19958,19958,0
6,38,79,1,0,21031,21031,0
6,38,82,1,0,24143,24143,0
6,38,83,1,0,25011,25011,0
6,38,84,1,0,25836,25836,0
6,39,60,1,0,2421,2421,0
6,39,63,1,0,4176,4176,0
6,39,65,2,1,7097,6239,1
6,39,66,1,0,8179,8179,0
6,39,68,2,1,9487,9487,0
6,39,69,1,0,11381,11381,0
6,39,70,2,1,12413,12413,0
6,39,73,2,1,14993,14989,1
6,39,75,1,0,17020,17020,0
6,39,77,1,0,18897,18897,0
6,39,78,1,0,19963,19963,0
6,39,81,1,0,23148,23148,0
6,39,83,1,0,25016,25016,0
6,40,59,1,0,1962,1962,0
6,40,60,1,0,2426,2426,0
6,40,61,1,0,3279,3279,0
6,40,64,1,0,5184,5184,0
6,40,65,1,0,6244,6244,0
6,40,66,1,0,7318,7318,0
6,40,67,1,0,8401,8401,0
6,40,69,1,0,11385,11385,0
6,40,73,1,0,14998,14998,0
6,40,75,1,0,17026,17026,0
6,40,77,1,0,19114,19114,0
6,40,78,1,0,19968,19968,0
6,40,79,1,0,21041,21041,0
6,41,60,1,0,2431,2431,0
6,41,64,1,0,5189,5189,0
6,41,65,1,0,6248,6248,0
6,41,66,1,0,8189,8189,0
6,41,67,1,0,9279,9279,0
6,41,69,1,0,11391,11391,0
6,41,70,1,0,13013,13013,0
6,41,72,1,0,14453,14453,0
6,41,75,1,0,17031,17031,0
6,41,76,1,0,18067,18067,0
6,41,78,1,0,19973,19973,0
6,41,79,1,0,21046,21046,0
6,41,81,1,0,23158,23158,0
6,41,82,1,0,24158,24158,0
6,41,83,1,0,25026,25026,0
6,41,84,1,0,25851,25851,0
6,42,59,1,0,1845,1845,0
6,42,60,1,0,2436,2436,0
6,42,63,1,0,4985,4985,0
6,42,68,1,0,10354,10354,0
6,42,69,1,0,11396,11396,0
6,42,70,1,0,12428,12428,0
6,42,71,1,0,13383,13383,0
6,42,72,2,1,28001,14299,1
6,42,74,1,0,16013,16013,0
6,42,75,1,0,17036,17036,0
6,42,76,1,0,18072,18072,0
6,42,77,1,0,18912,18912,0
6,42,80,1,0,22115,22115,0
6,42,81,1,0,23163,23163,0
6,42,82,1,0,24163,24163,0
6,42,85,2,1,25856,25856,0
6,43,59,1,0,1849,1849,0
6,43,60,1,0,2441,2441,0
6,43,61,1,0,3119,3119,0
6,43,62,1,0,4010,4010,0
6,43,65,1,0,7117,7117,0
6,43,66,1,0,8199,8199,0
6,43,67,1,0,9289,9289,0
6,43,68,1,0,10359,10359,0
6,43,70,1,0,11401,11401,0
6,43,71,2,1,12433,12433,0
6,43,74,1,0,15815,15815,0
6,43,75,1,0,17040,17040,0
6,43,77,2,1,18917,18077,1
6,43,78,1,0,19983,19983,0
6,43,80,1,0,22118,22118,0
6,43,82,1,0,23166,23166,0
6,43,83,1,0,24166,24166,0
6,43,84,1,0,25035,25035,0
6,44,59,2,1,1741,1741,0
6,44,60,1,0,2446,2446,0
6,44,61,1,0,3298,3298,0
6,44,62,1,0,4200,4200,0
6,44,64,1,0,6051,6051,0
6,44,67,1,0,9294,9294,0
6,44,68,1,0,10364,10364,0
6,44,69,1,0,11406,11406,0
6,44,70,1,0,12438,12438,0
6,44,71,2,1,27981,13393,1
6,44,73,1,0,15013,15013,0
6,44,76,1,0,17045,17045,0
6,44,77,1,0,18290,18290,0
6,44,79,1,0,19987,19987,0
6,45,60,1,0,2288,2288,0
6,45,61,1,0,3303,3303,0
6,45,62,1,0,4205,4205,0
6,45,64,1,0,6269,6269,0
6,45,65,1,0,7126,7126,0
6,45,66,1,0,8209,8209,0
6,45,68,1,0,10368,10368,0
6,45,69,1,0,11410,11410,0
6,45,70,1,0,27967,27967,0
6,45,74,1,0,28051,28051,0
7,5,46,1,0,27918,27918,0
7,5,47,1,0,8211,8211,0
7,5,48,1,0,9083,9083,0
7,5,59,1,0,28125,28125,0
7,5,60,1,0,20418,20418,0
7,6,44,1,0,5210,5210,0
7,6,45,1,0,6057,6057,0
7,6,46,1,0,7130,7130,0
7,6,47,1,0,7997,7997,0
7,6,48,1,0,9087,9087,0
7,6,49,1,0,9948,9948,0
7,6,57,1,0,18291,18291,0
7,6,58,1,0,18922,18922,0
7,6,59,1,0,19776,19776,0
7,6,60,1,0,20849,20849,0
7,6,61,1,0,21908,21908,0
7,6,62,1,0,22958,22958,0
7,7,42,1,0,3482,3482,0
7,7,43,1,0,4019,4019,0
7,7,44,1,0,4798,4798,0
7,7,45,1,0,5849,5849,0
7,7,46,1,0,7136,7136,0
7,7,47,1,0,8002,8002,0
7,7,48,1,0,9092,9092,0
7,7,49,1,0,10161,10161,0
7,7,50,1,0,11204,11204,0
7,7,51,1,0,12238,12238,0
7,7,56,1,0,16840,16840,0
7,7,57,1,0,17874,17874,0
7,7,58,1,0,18716,18716,0
7,7,59,1,0,19565,19565,0
7,7,60,1,0,20854,20854,0
7,7,61,1,0,21913,21913,0
7,7,62,1,0,22961,22961,0
7,7,63,1,0,23977,23977,0
7,8,41,1,0,2451,2451,0
7,8,43,1,0,4023,4023,0
7,8,44,1,0,5007,5007,0
7,8,45,1,0,5853,5853,0
7,8,46,1,0,6925,6925,0
7,8,47,1,0,8012,8012,0
7,8,48,1,0,9097,9097,0
7,8,49,1,0,10167,10167,0
7,8,50,1,0,11209,11209,0
7,8,51,1,0,12241,12241,0
7,8,52,1,0,13218,13218,0
7,8,53,1,0,14012,14012,0
7,8,54,1,0,15017,15017,0
7,8,55,2,1,15826,15821,1
7,8,56,1,0,16843,16843,0
7,8,57,1,0,17880,17880,0
7,8,58,1,0,18932,18932,0
7,8,59,1,0,19571,19571,0
7,8,60,1,0,20860,20860,0
7,8,61,1,0,21918,21918,0
7,8,62,1,0,22966,22966,0
7,8,64,1,0,24699,24699,0
7,9,41,2,1,2293,1745,1
7,9,42,1,0,3135,3135,0
7,9,45,1,0,27900,27900,0
7,9,46,2,1,7150,7146,1
7,9,49,2,1,9325,9325,0
7,9,50,1,0,11214,11214,0
7,9,51,1,0,12246,12246,0
7,9,52,1,0,13223,13223,0
7,9,57,2,1,17895,17677,1
7,9,58,1,0,18734,18734,0
7,9,59,1,0,20005,20005,0
7,9,64,1,0,21937,21937,0
7,9,67,2,1,24011,24011,0
7,10,42,1,0,1645,1645,0
7,10,43,2,1,3141,2298,1
7,10,49,1,0,9111,9111,0
7,10,50,1,0,10181,10181,0
7,10,52,1,0,12255,12255,0
7,10,53,1,0,12260,12260,0
7,10,60,1,0,17904,17904,0
7,10,61,2,1,19810,19810,0
7,10,63,1,0,20883,20883,0
7,10,64,1,0,21942,21942,0
7,10,67,1,0,24016,24016,0
7,10,68,1,0,24899,24899,0
7,11,47,1,0,4042,4042,0
7,11,52,1,0,11233,11233,0
7,11,63,1,0,19820,19820,0
7,11,66,1,0,21957,21957,0
7,11,67,1,0,23000,23000,0
7,11,68,1,0,24021,24021,0
7,11,69,1,0,25073,25073,0
7,11,73,1,0,26646,26646,0
7,11,74,1,0,26733,26733,0
7,12,44,1,0,1279,1279,0
7,12,47,1,0,3155,3155,0
7,12,48,1,0,4048,4048,0
7,12,49,1,0,4833,4833,0
7,12,50,1,0,6096,6096,0
7,12,53,2,1,28017,10193,1
7,12,56,1,0,13243,13243,0
7,12,62,1,0,17919,17919,0
7,12,68,1,0,23015,23015,0
7,12,69,1,0,24031,24031,0
7,12,70,1,0,24914,24914,0
7,12,71,2,1,25754,25754,0
7,12,75,1,0,27108,27108,0
7,13,45,1,0,1191,1191,0
7,13,49,1,0,4246,4246,0
7,13,55,2,1,12270,6106,1
7,13,57,1,0,13253,13253,0
7,13,59,1,0,14856,14856,0
7,13,60,1,0,15860,15860,0
7,13,69,1,0,23020,23020,0
7,13,70,1,0,24036,24036,0
7,13,72,1,0,24924,24924,0
7,13,75,2,1,26739,26739,0
7,13,78,1,0,27402,27402,0
7,14,48,1,0,1292,1292,0
7,14,49,1,0,1206,1206,0
7,14,50,1,0,4062,4062,0
7,14,53,1,0,6111,6111,0
7,14,60,1,0,14861,14861,0
7,14,64,1,0,17929,17929,0
7,14,65,1,0,17934,17934,0
7,14,66,2,1,18774,18774,0
7,14,72,1,0,25098,25098,0
7,14,74,1,0,26326,26326,0
7,14,75,1,0,26331,26331,0
7,14,77,1,0,27118,27118,0
7,14,79,2,1,27411,27411,0
7,14,81,1,0,27723,27723,0
7,14,82,1,0,27795,27795,0
7,15,47,1,0,861,861,0
7,15,50,1,0,1121,1121,0
7,15,53,1,0,6116,6116,0
7,15,55,1,0,6121,6121,0
7,15,56,1,0,7194,7194,0
7,15,62,1,0,15875,15875,0
7,15,63,1,0,16898,16898,0
7,15,66,1,0,18779,18779,0
7,15,67,1,0,19845,19845,0
7,15,68,1,0,20918,20918,0
7,15,72,1,0,24050,24050,0
7,15,73,1,0,25103,25103,0
7,15,74,2,1,25780,25278,1
7,15,76,1,0,26753,26753,0
7,15,77,1,0,26758,26758,0
7,15,78,1,0,27127,27127,0
7,15,81,2,1,27623,27623,0
7,16,48,1,0,788,788,0
7,16,49,1,0,794,794,0
7,16,50,1,0,797,797,0
7,16,53,1,0,1694,1694,0
7,16,54,1,0,2352,2352,0
7,16,59,1,0,9161,9161,0
7,16,60,1,0,13453,13453,0
7,16,67,1,0,18784,18784,0
7,16,68,1,0,20069,20069,0
7,16,69,1,0,20928,20928,0
7,16,70,1,0,21987,21987,0
7,16,72,2,1,23040,23040,0
7,16,75,1,0,25784,25784,0
7,16,78,1,0,27132,27132,0
7,16,80,1,0,27468,27468,0
7,16,81,1,0,27628,27628,0
7,16,84,1,0,27818,27818,0
7,17,49,2,1,520,520,0
7,17,51,2,1,808,803,1
7,17,52,1,0,1317,1317,0
7,17,53,1,0,1698,1698,0
7,17,56,1,0,6131,6131,0
7,17,57,1,0,6988,6988,0
7,17,58,2,1,8075,6994,1
7,17,60,1,0,9389,9389,0
7,17,61,1,0,10449,10449,0
7,17,63,1,0,15884,15884,0
7,17,65,1,0,16913,16913,0
7,17,66,1,0,17949,17949,0
7,17,69,1,0,19860,19860,0
7,17,71,1,0,21996,21996,0
7,17,75,1,0,25789,25789,0
7,17,77,1,0,26346,26346,0
7,17,78,1,0,26685,26685,0
7,17,82,1,0,27633,27633,0
7,18,50,1,0,464,464,0
7,18,54,1,0,1236,1236,0
7,18,55,1,0,1709,1709,0
7,18,60,1,0,8302,8302,0
7,18,61,1,0,10246,10246,0
7,18,62,1,0,11287,11287,0
7,18,63,1,0,11706,11706,0
7,18,66,1,0,17953,17953,0
7,18,67,1,0,17958,17958,0
7,18,69,1,0,19863,19863,0
7,18,70,1,0,20937,20937,0
7,18,72,1,0,22002,22002,0
7,18,73,1,0,23050,23050,0
7,18,76,1,0,25794,25794,0
7,18,77,1,0,25943,25943,0
7,18,78,1,0,26352,26352,0
7,18,79,1,0,26773,26773,0
7,18,81,1,0,27147,27147,0
7,18,83,1,0,27607,27607,0
7,19,51,2,1,305,259,1
7,19,54,1,0,823,823,0
7,19,55,1,0,1245,1245,0
7,19,57,1,0,1718,1718,0
7,19,65,1,0,11711,11711,0
7,19,74,1,0,23059,23059,0
7,19,75,1,0,24059,24059,0
7,19,76,2,1,24759,24759,0
7,19,78,1,0,26356,26356,0
7,19,82,1,0,27436,27436,0
7,19,83,1,0,27440,27440,0
7,20,53,1,0,266,266,0
7,20,55,1,0,827,827,0
7,20,60,1,0,4093,4093,0
7,20,62,1,0,9190,9190,0
7,20,64,1,0,10260,10260,0
7,20,67,1,0,12339,12339,0
7,20,68,1,0,18804,18804,0
7,20,70,1,0,19874,19874,0
7,20,72,1,0,21165,21165,0
7,20,74,1,0,22016,22016,0
7,20,79,1,0,26360,26360,0
7,20,82,1,0,27156,27156,0
7,21,53,1,0,270,270,0
7,21,54,1,0,113,113,0
7,21,55,1,0,616,616,0
7,21,56,1,0,838,838,0
7,21,61,1,0,3377,3377,0
7,21,66,1,0,11312,11312,0
7,21,71,1,0,19884,19884,0
7,21,76,1,0,24069,24069,0
7,21,77,1,0,24942,24942,0
7,21,80,1,0,26176,26176,0
7,21,81,1,0,26787,26787,0
7,22,54,1,0,234,234,0
7,22,56,1,0,560,560,0
7,22,57,1,0,768,768,0
7,22,59,1,0,1733,1733,0
7,22,62,1,0,3208,3208,0
7,22,66,1,0,10275,10275,0
7,22,67,1,0,11316,11316,0
7,22,69,2,1,12349,12349,0
7,22,74,1,0,21180,21180,0
7,22,76,1,0,23074,23074,0
7,22,77,1,0,24074,24074,0
7,22,78,1,0,24947,24947,0
7,22,79,1,0,25809,25809,0
7,22,80,1,0,26361,26361,0
7,23,54,1,0,63,63,0
7,23,55,2,1,238,44,1
7,23,56,1,0,503,503,0
7,23,59,2,1,847,847,0
7,23,60,1,0,1550,1550,0
7,23,62,2,1,2541,2541,0
7,23,63,1,0,4113,4113,0
7,23,66,1,0,8987,8987,0
7,23,71,1,0,17988,17988,0
7,23,72,1,0,17993,17993,0
7,23,73,1,0,18834,18834,0
7,23,77,1,0,24079,24079,0
7,23,79,1,0,24952,24952,0
7,24,56,1,0,248,248,0
7,24,57,1,0,508,508,0
7,24,59,1,0,852,852,0
7,24,62,1,0,2385,2385,0
7,24,63,1,0,3218,3218,0
7,24,66,1,0,8120,8120,0
7,24,67,2,1,10279,9428,1
7,24,69,1,0,11322,11322,0
7,24,72,1,0,17998,17998,0
7,24,77,1,0,23079,23079,0
7,24,78,1,0,24084,24084,0
7,24,79,1,0,24957,24957,0
7,24,80,2,1,28189,25814,1
7,25,60,1,0,1275,1275,0
7,25,64,1,0,4122,4122,0
7,25,67,1,0,9433,9433,0
7,25,78,1,0,24089,24089,0
7,26,55,1,0,2,2,0
7,26,56,1,0,108,108,0
7,26,59,1,0,518,518,0
7,26,60,1,0,27846,27846,0
7,26,62,1,0,1841,1841,0
7,26,63,1,0,2390,2390,0
7,26,76,1,0,19904,19904,0
7,26,77,1,0,22036,22036,0
7,27,56,1,0,6,6,0
7,27,57,1,0,112,112,0
7,27,58,1,0,258,258,0
7,27,62,1,0,27869,27869,0
7,27,63,1,0,2394,2394,0
7,27,65,1,0,4127,4127,0
7,27,70,1,0,11331,11331,0
7,27,72,1,0,14940,14940,0
7,27,80,1,0,23099,23099,0
7,27,81,1,0,24099,24099,0
7,27,82,2,1,24967,24967,0
7,27,83,1,0,25487,25487,0
7,28,68,1,0,8134,8134,0
7,28,69,1,0,9225,9225,0
7,28,70,1,0,11336,11336,0
7,28,76,1,0,18843,18843,0
7,28,77,1,0,19913,19913,0
7,28,81,1,0,24103,24103,0
7,29,64,1,0,3230,3230,0
7,29,65,1,0,4132,4132,0
7,29,66,1,0,5134,5134,0
7,29,67,1,0,6195,6195,0
7,29,68,1,0,7053,7053,0
7,29,69,1,0,9229,9229,0
7,29,71,1,0,11341,11341,0
7,29,72,1,0,13351,13351,0
7,29,73,2,1,14950,14437,1
7,29,74,1,0,15954,15954,0
7,29,75,1,0,16977,16977,0
7,29,76,2,1,18017,18013,1
7,29,79,1,0,20996,20996,0
7,29,83,1,0,24976,24976,0
7,29,84,1,0,25659,25659,0
7,30,64,1,0,3235,3235,0
7,30,66,1,0,5140,5140,0
7,30,70,1,0,10305,10305,0
7,30,71,1,0,11346,11346,0
7,30,72,1,0,12378,12378,0
7,30,74,1,0,15958,15958,0
7,30,76,1,0,18022,18022,0
7,30,78,1,0,19928,19928,0
7,30,80,1,0,21002,21002,0
7,30,82,2,1,23113,23113,0
7,30,83,1,0,24986,24986,0
7,30,84,1,0,25819,25819,0
7,31,63,1,0,2721,2721,0
7,31,64,1,0,3239,3239,0
7,31,65,1,0,4141,4141,0
7,31,66,1,0,5145,5145,0
7,31,67,2,1,5992,5992,0
7,31,68,1,0,7283,7283,0
7,31,71,1,0,11351,11351,0
7,31,72,1,0,12383,12383,0
7,31,73,1,0,13360,13360,0
7,31,75,1,0,14964,14964,0
7,31,78,1,0,18867,18867,0
7,31,81,1,0,22065,22065,0
7,31,83,1,0,24118,24118,0
7,31,84,1,0,24991,24991,0
7,32,63,1,0,2557,2557,0
7,32,64,1,0,3244,3244,0
7,32,65,1,0,4146,4146,0
7,32,67,1,0,6214,6214,0
7,32,68,1,0,7072,7072,0
7,32,69,1,0,9244,9244,0
7,32,71,1,0,11356,11356,0
7,32,72,1,0,12388,12388,0
7,32,73,1,0,13365,13365,0
7,32,76,1,0,15973,15973,0
7,32,78,1,0,18872,18872,0
7,32,80,2,1,19938,19938,0
7,32,83,1,0,24123,24123,0
7,33,63,1,0,2396,2396,0
7,33,66,1,0,5154,5154,0
7,33,70,2,1,9249,9249,0
7,33,74,1,0,13370,13370,0
7,33,75,1,0,14974,14974,0
7,33,77,1,0,17001,17001,0
7,33,80,1,0,19944,19944,0
7,33,81,2,1,21016,21016,0
7,33,83,1,0,24128,24128,0
7,33,86,1,0,25826,25826,0
7,34,63,1,0,2401,2401,0
7,34,64,1,0,3254,3254,0
7,34,69,1,0,8164,8164,0
7,34,70,1,0,10324,10324,0
7,34,73,1,0,12398,12398,0
7,34,78,1,0,18037,18037,0
7,34,79,2,1,18877,18877,0
7,34,81,1,0,21021,21021,0
7,34,82,1,0,22085,22085,0
7,34,83,1,0,23133,23133,0
7,34,85,1,0,25002,25002,0
7,34,86,1,0,25831,25831,0
7,35,63,1,0,2406,2406,0
7,35,65,1,0,3259,3259,0
7,35,68,1,0,6224,6224,0
7,35,72,1,0,11371,11371,0
7,35,74,1,0,13380,13380,0
7,35,76,1,0,14979,14979,0
7,35,77,1,0,15988,15988,0
7,35,78,1,0,18042,18042,0
7,35,80,1,0,19953,19953,0
7,35,81,1,0,21026,21026,0
7,35,84,1,0,24138,24138,0
7,35,85,1,0,25006,25006,0
7,35,86,1,0,25011,25011,0
7,36,63,1,0,2411,2411,0
7,36,64,1,0,3089,3089,0
7,36,66,1,0,4166,4166,0
7,36,68,1,0,6229,6229,0
7,36,69,1,0,7087,7087,0
7,36,73,1,0,12408,12408,0
7,36,74,1,0,13200,13200,0
7,36,76,1,0,14984,14984,0
7,36,77,1,0,17011,17011,0
7,36,79,2,1,18892,18052,1
7,36,81,1,0,21031,21031,0
7,36,85,1,0,24143,24143,0
7,36,86,1,0,25016,25016,0
7,37,63,1,0,2416,2416,0
7,37,65,1,0,3269,3269,0
7,37,66,1,0,4171,4171,0
7,37,69,1,0,7092,7092,0
7,37,70,1,0,8392,8392,0
7,37,71,1,0,9264,9264,0
7,37,76,1,0,14989,14989,0
7,37,78,1,0,17020,17020,0
7,37,80,1,0,18897,18897,0
7,37,81,1,0,19963,19963,0
7,37,85,1,0,24148,24148,0
7,37,86,1,0,25021,25021,0
7,37,87,1,0,25846,25846,0
7,38,63,1,0,2421,2421,0
7,38,66,1,0,4176,4176,0
7,38,67,1,0,5179,5179,0
7,38,69,1,0,7097,7097,0
7,38,70,1,0,8179,8179,0
7,38,71,1,0,10344,10344,0
7,38,73,1,0,12417,12417,0
7,38,76,1,0,14993,14993,0
7,38,77,1,0,16003,16003,0
7,38,81,1,0,19968,19968,0
7,38,82,1,0,21041,21041,0
7,38,87,1,0,25026,25026,0
7,39,64,1,0,2426,2426,0
7,39,67,1,0,5184,5184,0
7,39,68,1,0,6244,6244,0
7,39,69,1,0,7318,7318,0
7,39,71,1,0,9274,9274,0
7,39,72,1,0,11391,11391,0
7,39,73,1,0,12423,12423,0
7,39,74,1,0,13013,13013,0
7,39,76,2,1,14998,14453,1
7,39,79,1,0,18067,18067,0
7,39,80,1,0,19119,19119,0
7,39,81,1,0,19973,19973,0
7,39,82,1,0,21046,21046,0
7,39,84,1,0,23158,23158,0
7,39,85,1,0,24158,24158,0
7,39,87,1,0,25031,25031,0
7,39,88,1,0,25856,25856,0
7,40,63,1,0,1967,1967,0
7,40,66,1,0,4186,4186,0
7,40,67,1,0,5189,5189,0
7,40,68,2,1,6248,6039,1
7,40,69,1,0,7107,7107,0
7,40,70,1,0,8189,8189,0
7,40,71,1,0,9279,9279,0
7,40,72,1,0,10354,10354,0
7,40,73,1,0,12428,12428,0
7,40,74,1,0,13383,13383,0
7,40,76,1,0,14299,14299,0
7,40,78,1,0,16013,16013,0
7,40,80,2,1,18912,18072,1
7,40,84,1,0,22115,22115,0
7,40,85,2,1,23163,23163,0
7,40,86,1,0,24166,24166,0
7,40,87,1,0,25035,25035,0
7,40,88,1,0,25860,25860,0
7,41,63,1,0,1845,1845,0
7,41,64,1,0,2436,2436,0
7,41,65,1,0,3289,3289,0
7,41,66,1,0,4190,4190,0
7,41,71,1,0,9289,9289,0
7,41,72,1,0,10359,10359,0
7,41,73,1,0,11401,11401,0
7,41,74,1,0,12433,12433,0
7,41,75,2,1,13388,13388,0
7,41,79,1,0,17040,17040,0
7,41,81,1,0,18917,18917,0
7,41,83,1,0,21060,21060,0
7,41,84,1,0,22118,22118,0
7,42,64,1,0,2441,2441,0
7,42,65,1,0,3119,3119,0
7,42,68,1,0,6259,6259,0
7,42,69,1,0,7117,7117,0
7,42,70,1,0,8199,8199,0
7,42,73,1,0,11406,11406,0
7,42,75,2,1,27981,13393,1
7,42,77,1,0,15013,15013,0
7,42,79,1,0,17045,17045,0
7,42,81,1,0,18921,18921,0
7,42,82,1,0,19987,19987,0
7,43,63,1,0,1741,1741,0
7,43,64,1,0,2446,2446,0
7,43,66,1,0,4200,4200,0
7,43,69,1,0,7122,7122,0
7,43,71,1,0,9298,9298,0
7,43,72,2,1,10364,10364,0
7,43,73,1,0,11410,11410,0
7,43,74,1,0,27967,27967,0
7,43,77,1,0,28051,28051,0
7,43,78,1,0,16225,16225,0
7,44,63,1,0,27857,27857,0
7,44,64,1,0,2288,2288,0
7,44,68,1,0,6269,6269,0
7,44,69,1,0,7126,7126,0
7,44,70,1,0,8209,8209,0
8,5,46,1,0,27918,27918,0
8,5,47,1,0,8211,8211,0
8,5,48,1,0,9083,9083,0
8,5,59,1,0,28125,28125,0
8,5,60,1,0,20418,20418,0
8,6,44,1,0,5210,5210,0
8,6,45,1,0,6057,6057,0
8,6,46,1,0,7130,7130,0
8,6,47,1,0,7997,7997,0
8,6,48,1,0,9087,9087,0
8,6,49,1,0,9948,9948,0
8,6,57,1,0,18291,18291,0
8,6,58,1,0,18922,18922,0
8,6,59,1,0,19776,19776,0
8,6,60,1,0,20849,20849,0
8,6,61,1,0,21908,21908,0
8,6,62,1,0,22958,22958,0
8,7,42,1,0,3482,3482,0
8,7,43,1,0,4019,4019,0
8,7,44,1,0,4798,4798,0
8,7,45,1,0,5849,5849,0
8,7,46,1,0,7136,7136,0
8,7,47,1,0,8002,8002,0
8,7,48,1,0,9092,9092,0
8,7,49,1,0,10161,10161,0
8,7,50,1,0,11204,11204,0
8,7,51,1,0,12238,12238,0
8,7,56,1,0,16840,16840,0
8,7,57,1,0,17874,17874,0
8,7,58,1,0,18716,18716,0
8,7,59,1,0,19565,19565,0
8,7,60,1,0,20854,20854,0
8,7,61,1,0,21913,21913,0
8,7,62,1,0,22961,22961,0
8,7,63,1,0,23977,23977,0
8,8,41,1,0,2451,2451,0
8,8,43,1,0,4023,4023,0
8,8,44,1,0,5007,5007,0
8,8,45,1,0,5853,5853,0
8,8,46,2,1,7146,6925,1
8,8,47,1,0,8012,8012,0
8,8,48,1,0,9097,9097,0
8,8,49,1,0,10167,10167,0
8,8,50,1,0,11209,11209,0
8,8,51,1,0,12241,12241,0
8,8,52,1,0,13218,13218,0
8,8,53,1,0,14012,14012,0
8,8,54,1,0,15017,15017,0
8,8,56,2,1,16848,16843,1
8,8,57,1,0,17880,17880,0
8,8,58,1,0,18932,18932,0
8,8,59,1,0,19571,19571,0
8,8,60,1,0,20860,20860,0
8,8,61,1,0,21918,21918,0
8,8,62,1,0,22966,22966,0
8,8,64,2,1,21937,21937,0
8,9,41,2,1,2293,1745,1
8,9,42,1,0,3135,3135,0
8,9,45,1,0,27900,27900,0
8,9,46,1,0,7150,7150,0
8,9,47,1,0,8016,8016,0
8,9,49,2,1,9325,9325,0
8,9,50,2,1,10181,10177,1
8,9,51,1,0,12246,12246,0
8,9,52,2,1,13227,13223,1
8,9,53,1,0,14021,14021,0
8,9,57,1,0,17677,17677,0
8,9,58,1,0,18734,18734,0
8,9,59,1,0,20005,20005,0
8,9,61,1,0,19810,19810,0
8,9,67,1,0,24011,24011,0
8,10,42,1,0,1645,1645,0
8,10,43,1,0,3141,3141,0
8,10,44,1,0,2971,2971,0
8,10,47,1,0,4042,4042,0
8,10,49,1,0,9111,9111,0
8,10,51,1,0,11228,11228,0
8,10,52,1,0,12255,12255,0
8,10,53,1,0,12260,12260,0
8,10,60,2,1,18744,17904,1
8,10,62,1,0,18749,18749,0
8,10,63,1,0,20883,20883,0
8,10,64,1,0,20888,20888,0
8,10,67,1,0,24016,24016,0
8,10,69,1,0,25073,25073,0
8,11,47,1,0,3155,3155,0
8,11,48,1,0,4048,4048,0
8,11,51,1,0,9340,9340,0
8,11,52,1,0,11233,11233,0
8,11,53,1,0,28017,28017,0
8,11,55,1,0,13237,13237,0
8,11,58,1,0,15845,15845,0
8,11,59,1,0,16667,16667,0
8,11,66,1,0,21957,21957,0
8,11,68,1,0,24021,24021,0
8,11,70,1,0,25078,25078,0
8,11,71,1,0,25754,25754,0
8,11,73,1,0,26316,26316,0
8,11,74,1,0,26733,26733,0
8,11,75,1,0,27108,27108,0
8,12,44,1,0,1279,1279,0
8,12,49,1,0,3869,3869,0
8,12,50,2,1,4833,4833,0
8,12,53,1,0,10193,10193,0
8,12,55,1,0,12270,12270,0
8,12,56,1,0,13243,13243,0
8,12,67,2,1,23010,21967,1
8,12,69,1,0,24031,24031,0
8,12,70,2,1,24914,24036,1
8,12,71,2,1,25760,24919,1
8,12,74,1,0,26321,26321,0
8,12,75,1,0,26739,26739,0
8,13,45,1,0,1191,1191,0
8,13,50,1,0,4062,4062,0
8,13,51,1,0,5047,5047,0
8,13,53,1,0,6111,6111,0
8,13,55,1,0,6106,6106,0
8,13,57,1,0,13253,13253,0
8,13,58,2,1,14047,14047,0
8,13,59,1,0,14856,14856,0
8,13,64,1,0,17929,17929,0
8,13,65,1,0,17934,17934,0
8,13,68,1,0,21972,21972,0
8,13,72,1,0,25098,25098,0
8,13,76,1,0,26748,26748,0
8,13,79,1,0,27411,27411,0
8,13,81,2,1,27727,27723,1
8,13,82,1,0,27795,27795,0
8,14,49,1,0,1206,1206,0
8,14,54,1,0,6116,6116,0
8,14,64,1,0,16898,16898,0
8,14,66,2,1,17939,17939,0
8,14,67,2,1,18779,18779,0
8,14,68,1,0,20918,20918,0
8,14,70,1,0,21982,21982,0
8,14,72,1,0,24050,24050,0
8,14,73,1,0,25103,25103,0
8,14,74,1,0,25278,25278,0
8,14,78,1,0,27127,27127,0
8,14,81,1,0,27468,27468,0
8,15,47,1,0,861,861,0
8,15,49,1,0,794,794,0
8,15,50,1,0,1121,1121,0
8,15,54,1,0,5062,5062,0
8,15,61,1,0,13453,13453,0
8,15,62,1,0,14871,14871,0
8,15,63,2,1,15875,15875,0
8,15,66,1,0,17944,17944,0
8,15,69,2,1,20069,20069,0
8,15,70,1,0,21987,21987,0
8,15,71,1,0,23035,23035,0
8,15,72,2,1,23040,23040,0
8,15,75,1,0,25784,25784,0
8,15,79,1,0,27137,27137,0
8,15,83,1,0,27633,27633,0
8,16,50,1,0,797,797,0
8,16,53,2,1,1317,1317,0
8,16,54,1,0,1698,1698,0
8,16,59,1,0,8075,8075,0
8,16,60,1,0,9166,9166,0
8,16,61,1,0,10449,10449,0
8,16,63,1,0,14216,14216,0
8,16,66,1,0,17949,17949,0
8,16,69,1,0,19860,19860,0
8,16,71,1,0,20937,20937,0
8,16,76,1,0,25794,25794,0
8,16,77,1,0,26346,26346,0
8,16,79,1,0,26685,26685,0
8,16,80,1,0,27075,27075,0
8,16,82,1,0,27381,27381,0
8,17,49,1,0,582,582,0
8,17,50,1,0,520,520,0
8,17,51,1,0,803,803,0
8,17,52,1,0,808,808,0
8,17,53,1,0,812,812,0
8,17,56,1,0,1709,1709,0
8,17,58,1,0,6994,6994,0
8,17,59,1,0,6998,6998,0
8,17,60,1,0,8080,8080,0
8,17,61,1,0,9389,9389,0
8,17,62,1,0,10246,10246,0
8,17,63,1,0,11287,11287,0
8,17,65,1,0,16913,16913,0
8,17,67,1,0,17953,17953,0
8,17,68,1,0,17958,17958,0
8,17,73,1,0,22002,22002,0
8,17,74,2,1,23055,23050,1
8,17,76,1,0,24759,24759,0
8,17,77,1,0,25943,25943,0
8,17,78,2,1,26352,26352,0
8,17,80,1,0,26773,26773,0
8,17,81,1,0,27147,27147,0
8,17,83,1,0,27436,27436,0
8,17,84,1,0,27607,27607,0
8,18,50,1,0,464,464,0
8,18,60,1,0,8302,8302,0
8,18,63,1,0,10251,10251,0
8,18,64,1,0,11706,11706,0
8,18,65,1,0,11711,11711,0
8,18,73,1,0,22007,22007,0
8,18,75,1,0,23059,23059,0
8,18,83,1,0,27156,27156,0
8,19,52,1,0,259,259,0
8,19,55,2,1,823,823,0
8,19,56,1,0,1245,1245,0
8,19,59,1,0,2376,2376,0
8,19,61,1,0,4093,4093,0
8,19,65,1,0,10260,10260,0
8,19,71,1,0,19874,19874,0
8,19,73,1,0,21165,21165,0
8,19,75,1,0,22016,22016,0
8,19,76,1,0,23064,23064,0
8,19,77,1,0,24069,24069,0
8,19,79,1,0,25799,25799,0
8,19,82,1,0,26787,26787,0
8,20,53,1,0,266,266,0
8,20,54,1,0,270,270,0
8,20,55,1,0,616,616,0
8,20,62,1,0,3377,3377,0
8,20,63,1,0,9190,9190,0
8,20,67,1,0,11312,11312,0
8,20,72,1,0,19884,19884,0
8,20,76,1,0,22231,22231,0
8,20,78,2,1,24074,24074,0
8,20,80,1,0,25804,25804,0
8,20,81,2,1,26176,26176,0
8,21,54,1,0,113,113,0
8,21,56,1,0,494,494,0
8,21,57,2,1,560,560,0
8,21,60,1,0,1733,1733,0
8,21,63,1,0,3208,3208,0
8,21,67,1,0,10275,10275,0
8,21,68,1,0,11316,11316,0
8,21,70,2,1,12349,12349,0
8,21,72,1,0,17988,17988,0
8,21,75,1,0,21180,21180,0
8,21,77,1,0,23074,23074,0
8,21,79,1,0,24947,24947,0
8,21,80,2,1,24952,24952,0
8,22,55,2,1,234,63,1
8,22,56,1,0,238,238,0
8,22,57,1,0,503,503,0
8,22,58,1,0,768,768,0
8,22,61,1,0,1738,1738,0
8,22,63,1,0,3213,3213,0
8,22,74,1,0,18834,18834,0
8,22,78,1,0,23079,23079,0
8,22,79,1,0,24084,24084,0
8,22,81,2,1,24957,24957,0
8,22,82,1,0,28189,28189,0
8,23,56,1,0,44,44,0
8,23,60,1,0,847,847,0
8,23,63,2,1,2541,2385,1
8,23,65,1,0,4309,4309,0
8,23,68,1,0,10279,10279,0
8,23,70,1,0,11322,11322,0
8,23,79,1,0,24089,24089,0
8,24,57,2,1,248,16,1
8,24,61,1,0,852,852,0
8,24,66,1,0,4122,4122,0
8,24,72,1,0,15737,15737,0
8,24,78,1,0,28131,28131,0
8,24,82,2,1,24094,24094,0
8,25,57,1,0,7,7,0
8,25,58,1,0,108,108,0
8,25,62,1,0,1275,1275,0
8,25,64,2,1,2390,1841,1
8,25,67,1,0,4127,4127,0
8,25,72,1,0,13336,13336,0
8,25,74,1,0,14940,14940,0
8,25,81,1,0,23094,23094,0
8,25,83,1,0,24967,24967,0
8,25,84,1,0,25487,25487,0
8,26,57,2,1,6,2,1
8,26,59,1,0,258,258,0
8,26,63,1,0,27869,27869,0
8,26,65,1,0,2394,2394,0
8,26,78,1,0,18843,18843,0
8,26,81,1,0,23099,23099,0
8,26,83,1,0,24103,24103,0
8,26,84,1,0,24976,24976,0
8,27,58,1,0,112,112,0
8,27,72,1,0,12369,12369,0
8,27,73,1,0,13346,13346,0
8,27,75,1,0,14950,14950,0
8,27,76,1,0,15954,15954,0
8,27,77,1,0,16977,16977,0
8,27,79,1,0,19913,19913,0
8,27,81,1,0,20996,20996,0
8,27,82,1,0,22055,22055,0
8,27,84,1,0,24108,24108,0
8,27,86,1,0,25659,25659,0
8,28,66,1,0,3230,3230,0
8,28,68,1,0,5140,5140,0
8,28,69,1,0,6199,6199,0
8,28,72,1,0,11341,11341,0
8,28,73,1,0,12374,12374,0
8,28,74,1,0,13351,13351,0
8,28,76,2,1,15958,14954,1
8,28,77,1,0,16981,16981,0
8,28,80,1,0,19928,19928,0
8,28,82,1,0,21002,21002,0
8,28,84,1,0,23113,23113,0
8,28,86,1,0,25819,25819,0
8,29,66,1,0,3235,3235,0
8,29,68,1,0,5145,5145,0
8,29,71,1,0,9234,9234,0
8,29,72,1,0,11346,11346,0
8,29,73,1,0,11351,11351,0
8,29,75,1,0,13360,13360,0
8,29,76,1,0,14443,14443,0
8,29,79,1,0,18022,18022,0
8,29,80,1,0,18867,18867,0
8,29,83,1,0,22065,22065,0
8,29,85,1,0,24118,24118,0
8,29,86,1,0,24991,24991,0
8,29,87,1,0,25669,25669,0
8,30,65,1,0,2721,2721,0
8,30,66,1,0,3239,3239,0
8,30,69,1,0,6209,6209,0
8,30,70,1,0,7283,7283,0
8,30,74,1,0,12388,12388,0
8,30,75,1,0,13365,13365,0
8,30,77,1,0,14964,14964,0
8,30,81,1,0,18872,18872,0
8,30,82,1,0,19938,19938,0
8,30,83,1,0,21011,21011,0
8,30,84,1,0,22075,22075,0
8,30,86,2,1,24128,24128,0
8,30,88,1,0,25826,25826,0
8,31,65,1,0,2557,2557,0
8,31,66,1,0,3244,3244,0
8,31,70,2,1,6214,6214,0
8,31,72,1,0,10319,10319,0
8,31,75,1,0,13370,13370,0
8,31,78,3,1,16996,14974,1
8,31,82,1,0,19944,19944,0
8,31,83,1,0,21016,21016,0
8,31,87,1,0,25002,25002,0
8,31,89,1,0,25831,25831,0
8,32,66,1,0,2396,2396,0
8,32,67,1,0,3250,3250,0
8,32,70,1,0,6219,6219,0
8,32,72,1,0,9249,9249,0
8,32,74,1,0,12398,12398,0
8,32,80,1,0,18037,18037,0
8,32,81,2,1,18877,18877,0
8,32,83,1,0,21021,21021,0
8,32,85,2,1,22085,22085,0
8,32,88,1,0,25006,25006,0
8,33,67,1,0,3254,3254,0
8,33,70,1,0,6224,6224,0
8,33,71,1,0,7082,7082,0
8,33,74,1,0,11371,11371,0
8,33,75,1,0,12403,12403,0
8,33,78,1,0,14979,14979,0
8,33,79,1,0,15988,15988,0
8,33,81,1,0,18042,18042,0
8,33,83,1,0,19953,19953,0
8,33,84,1,0,21026,21026,0
8,33,87,1,0,24143,24143,0
8,34,66,1,0,2406,2406,0
8,34,68,1,0,4161,4161,0
8,34,71,2,1,6229,6229,0
8,34,76,1,0,13200,13200,0
8,34,78,1,0,14984,14984,0
8,34,80,1,0,17011,17011,0
8,34,81,2,1,18047,18047,0
8,34,82,1,0,18892,18892,0
8,34,83,1,0,19958,19958,0
8,34,84,1,0,21031,21031,0
8,34,85,1,0,22095,22095,0
8,34,86,1,0,23143,23143,0
8,34,88,1,0,24148,24148,0
8,34,90,1,0,25846,25846,0
8,35,66,1,0,2411,2411,0
8,35,67,1,0,3089,3089,0
8,35,68,1,0,4166,4166,0
8,35,71,2,1,6234,6234,0
8,35,73,1,0,9264,9264,0
8,35,76,1,0,12413,12413,0
8,35,79,1,0,14989,14989,0
8,35,81,1,0,17020,17020,0
8,35,82,1,0,18897,18897,0
8,35,83,1,0,19963,19963,0
8,35,87,1,0,23148,23148,0
8,35,89,1,0,25026,25026,0
8,35,90,1,0,25851,25851,0
8,36,66,1,0,2416,2416,0
8,36,67,1,0,3269,3269,0
8,36,71,1,0,6239,6239,0
8,36,72,1,0,7097,7097,0
8,36,73,1,0,8179,8179,0
8,36,79,1,0,14993,14993,0
8,36,87,1,0,23158,23158,0
8,36,88,1,0,24158,24158,0
8,36,91,1,0,25856,25856,0
8,37,66,1,0,2421,2421,0
8,37,69,1,0,4176,4176,0
8,37,70,1,0,5179,5179,0
8,37,71,1,0,6244,6244,0
8,37,72,1,0,7318,7318,0
8,37,73,1,0,8401,8401,0
8,37,74,1,0,9274,9274,0
8,37,75,1,0,11391,11391,0
8,37,77,1,0,13013,13013,0
8,37,79,1,0,14998,14998,0
8,37,82,1,0,18067,18067,0
8,37,84,1,0,19973,19973,0
8,37,88,1,0,23163,23163,0
8,37,89,1,0,24163,24163,0
8,37,90,2,1,25031,25031,0
8,37,91,1,0,25860,25860,0
8,38,66,1,0,1962,1962,0
8,38,67,1,0,2426,2426,0
8,38,69,1,0,4181,4181,0
8,38,70,1,0,5184,5184,0
8,38,72,1,0,7107,7107,0
8,38,73,1,0,8189,8189,0
8,38,74,1,0,9279,9279,0
8,38,75,1,0,10349,10349,0
8,38,76,1,0,12428,12428,0
8,38,77,1,0,13383,13383,0
8,38,79,1,0,14299,14299,0
8,38,82,1,0,17036,17036,0
8,38,83,2,1,18912,18072,1
8,38,86,1,0,21056,21056,0
8,38,87,2,1,22115,22115,0
8,38,88,1,0,23166,23166,0
8,38,89,1,0,24166,24166,0
8,39,67,1,0,2431,2431,0
8,39,69,2,1,4186,4186,0
8,39,70,1,0,5189,5189,0
8,39,71,1,0,6039,6039,0
8,39,75,1,0,10354,10354,0
8,39,77,1,0,12433,12433,0
8,39,78,1,0,13388,13388,0
8,39,81,1,0,15815,15815,0
8,39,82,1,0,17040,17040,0
8,39,83,1,0,18077,18077,0
8,39,84,1,0,18917,18917,0
8,39,85,1,0,19987,19987,0
8,39,86,1,0,21060,21060,0
8,40,66,1,0,1845,1845,0
8,40,68,1,0,3289,3289,0
8,40,70,1,0,4985,4985,0
8,40,72,1,0,7117,7117,0
8,40,73,1,0,8199,8199,0
8,40,74,1,0,9289,9289,0
8,40,75,1,0,10359,10359,0
8,40,76,1,0,11406,11406,0
8,40,77,1,0,12438,12438,0
8,40,78,2,1,27981,13393,1
8,40,80,1,0,15013,15013,0
8,40,82,1,0,17045,17045,0
8,41,67,1,0,2441,2441,0
8,41,68,1,0,3119,3119,0
8,41,69,2,1,4010,4010,0
8,41,70,1,0,5203,5203,0
8,41,72,1,0,7122,7122,0
8,41,73,1,0,8203,8203,0
8,41,74,1,0,9294,9294,0
8,41,75,2,1,10364,10364,0
8,41,76,1,0,11410,11410,0
8,41,77,1,0,27967,27967,0
8,41,80,1,0,28051,28051,0
8,41,82,1,0,16225,16225,0
8,42,66,1,0,1741,1741,0
8,42,67,1,0,2446,2446,0
8,42,68,1,0,3298,3298,0
8,42,69,1,0,4205,4205,0
8,42,70,1,0,5208,5208,0
8,42,71,1,0,6269,6269,0
8,42,72,1,0,7126,7126,0
8,42,73,1,0,8209,8209,0
8,43,66,1,0,27857,27857,0
8,43,67,1,0,2288,2288,0
8,43,68,1,0,3303,3303,0
9,5,46,1,0,27918,27918,0
9,5,47,1,0,8211,8211,0
9,5,48,1,0,9083,9083,0
9,5,59,1,0,28125,28125,0
9,5,60,1,0,20418,20418,0
9,6,44,1,0,5210,5210,0
9,6,45,1,0,6057,6057,0
9,6,46,1,0,7130,7130,0
9,6,47,1,0,7997,7997,0
9,6,48,1,0,9087,9087,0
9,6,49,1,0,9948,9948,0
9,6,57,1,0,18291,18291,0
9,6,58,1,0,18922,18922,0
9,6,59,1,0,19776,19776,0
9,6,60,1,0,20849,20849,0
9,6,61,1,0,21908,21908,0
9,6,62,1,0,22958,22958,0
9,7,42,1,0,3482,3482,0
9,7,43,1,0,4019,4019,0
9,7,44,1,0,4798,4798,0
9,7,45,1,0,5849,5849,0
9,7,46,1,0,7136,7136,0
9,7,47,1,0,8002,8002,0
9,7,48,1,0,9092,9092,0
9,7,49,1,0,10161,10161,0
9,7,50,1,0,11204,11204,0
9,7,51,1,0,12238,12238,0
9,7,56,1,0,16840,16840,0
9,7,57,1,0,17874,17874,0
9,7,58,1,0,18716,18716,0
9,7,59,1,0,19565,19565,0
9,7,60,1,0,20854,20854,0
9,7,61,1,0,21913,21913,0
9,7,63,1,0,23977,23977,0
9,8,41,1,0,2451,2451,0
9,8,42,1,0,3131,3131,0
9,8,43,1,0,4023,4023,0
9,8,44,1,0,5007,5007,0
9,8,45,2,1,27900,5853,1
9,8,46,2,1,7146,6925,1
9,8,47,1,0,8012,8012,0
9,8,48,1,0,9097,9097,0
9,8,49,1,0,10167,10167,0
9,8,50,1,0,11209,11209,0
9,8,51,1,0,12241,12241,0
9,8,52,1,0,13218,13218,0
9,8,53,1,0,14012,14012,0
9,8,54,1,0,15017,15017,0
9,8,55,1,0,15826,15826,0
9,8,56,2,1,16848,16843,1
9,8,57,1,0,17880,17880,0
9,8,58,1,0,18932,18932,0
9,8,59,1,0,19571,19571,0
9,8,60,1,0,20860,20860,0
9,8,61,1,0,21918,21918,0
9,8,62,1,0,22966,22966,0
9,8,64,2,1,21937,21937,0
9,9,41,2,1,2293,1745,1
9,9,42,1,0,3135,3135,0
9,9,44,1,0,4028,4028,0
9,9,46,1,0,7150,7150,0
9,9,49,1,0,9325,9325,0
9,9,51,1,0,12246,12246,0
9,9,52,2,1,12255,12255,0
9,9,60,1,0,18744,18744,0
9,9,61,1,0,19810,19810,0
9,9,63,1,0,20883,20883,0
9,9,65,1,0,22995,22995,0
9,9,67,1,0,24011,24011,0
9,10,42,1,0,1645,1645,0
9,10,43,2,1,3141,2298,1
9,10,49,1,0,9111,9111,0
9,10,51,1,0,11228,11228,0
9,10,53,1,0,12260,12260,0
9,10,58,2,1,15845,15845,0
9,10,60,1,0,17904,17904,0
9,10,61,1,0,18749,18749,0
9,10,62,1,0,19815,19815,0
9,10,66,1,0,23000,23000,0
9,10,67,1,0,24016,24016,0
9,10,68,1,0,24021,24021,0
9,10,69,1,0,25073,25073,0
9,10,72,1,0,27093,27093,0
9,11,47,1,0,3155,3155,0
9,11,48,1,0,4048,4048,0
9,11,50,1,0,6949,6949,0
9,11,52,1,0,11233,11233,0
9,11,53,1,0,28017,28017,0
9,11,55,1,0,13237,13237,0
9,11,56,1,0,13243,13243,0
9,11,59,1,0,16667,16667,0
9,11,62,1,0,18754,18754,0
9,11,66,1,0,21957,21957,0
9,11,67,1,0,23010,23010,0
9,11,69,1,0,25078,25078,0
9,11,70,1,0,24914,24914,0
9,11,73,1,0,26316,26316,0
9,11,74,1,0,26733,26733,0
9,11,75,1,0,27108,27108,0
9,12,45,1,0,1279,1279,0
9,12,50,2,1,4833,4833,0
9,12,53,1,0,10193,10193,0
9,12,55,1,0,12270,12270,0
9,12,58,1,0,14047,14047,0
9,12,70,1,0,24036,24036,0
9,12,71,1,0,25760,25760,0
9,12,74,1,0,26321,26321,0
9,12,80,1,0,27723,27723,0
9,12,82,1,0,27795,27795,0
9,13,45,1,0,1191,1191,0
9,13,51,1,0,4062,4062,0
9,13,52,1,0,5047,5047,0
9,13,53,1,0,6111,6111,0
9,13,57,1,0,13253,13253,0
9,13,59,2,1,14856,14055,1
9,13,60,1,0,14861,14861,0
9,13,62,2,1,15870,15865,1
9,13,64,1,0,17929,17929,0
9,13,65,2,1,17934,17934,0
9,13,72,2,1,25098,24050,1
9,13,73,1,0,25103,25103,0
9,13,74,1,0,26326,26326,0
9,13,77,1,0,26753,26753,0
9,13,81,2,1,27623,27623,0
9,14,50,1,0,1121,1121,0
9,14,54,1,0,6116,6116,0
9,14,56,1,0,7194,7194,0
9,14,58,1,0,8065,8065,0
9,14,63,1,0,15875,15875,0
9,14,66,1,0,17939,17939,0
9,14,67,2,1,17944,17944,0
9,14,68,1,0,20918,20918,0
9,14,69,2,1,20069,20069,0
9,14,71,1,0,21987,21987,0
9,14,72,1,0,23661,23661,0
9,14,76,2,1,26336,25789,1
9,14,80,1,0,27137,27137,0
9,14,81,1,0,27468,27468,0
9,14,82,1,0,27628,27628,0
9,14,83,1,0,27633,27633,0
9,15,48,1,0,861,861,0
9,15,50,1,0,794,794,0
9,15,64,1,0,15880,15880,0
9,15,67,1,0,17949,17949,0
9,15,71,1,0,20937,20937,0
9,15,77,2,1,26346,25794,1
9,15,79,1,0,26685,26685,0
9,15,80,1,0,26773,26773,0
9,15,82,1,0,27381,27381,0
9,15,83,1,0,27638,27638,0
9,15,84,1,0,27607,27607,0
9,16,50,1,0,582,582,0
9,16,52,1,0,803,803,0
9,16,53,1,0,1317,1317,0
9,16,54,1,0,1698,1698,0
9,16,55,1,0,2352,2352,0
9,16,57,1,0,6131,6131,0
9,16,59,2,1,8075,6994,1
9,16,61,1,0,9389,9389,0
9,16,62,1,0,10449,10449,0
9,16,63,1,0,11287,11287,0
9,16,66,1,0,16913,16913,0
9,16,68,1,0,17953,17953,0
9,16,69,1,0,18794,18794,0
9,16,73,1,0,22002,22002,0
9,16,74,1,0,23050,23050,0
9,16,75,1,0,23055,23055,0
9,16,76,1,0,24759,24759,0
9,16,79,2,1,26352,26352,0
9,16,83,2,1,27436,27156,1
9,17,50,1,0,520,520,0
9,17,51,1,0,464,464,0
9,17,53,1,0,808,808,0
9,17,55,1,0,1236,1236,0
9,17,56,1,0,1709,1709,0
9,17,60,1,0,8080,8080,0
9,17,61,1,0,8302,8302,0
9,17,62,1,0,10246,10246,0
9,17,64,1,0,11706,11706,0
9,17,66,1,0,11711,11711,0
9,17,69,1,0,17958,17958,0
9,17,71,1,0,19654,19654,0
9,17,73,1,0,21160,21160,0
9,17,74,1,0,22007,22007,0
9,17,75,1,0,23059,23059,0
9,17,76,2,1,23064,23064,0
9,17,80,1,0,26360,26360,0
9,18,55,1,0,823,823,0
9,18,57,1,0,1245,1245,0
9,18,61,1,0,4093,4093,0
9,18,66,1,0,10260,10260,0
9,18,67,1,0,12334,12334,0
9,18,68,1,0,12339,12339,0
9,18,71,1,0,19874,19874,0
9,18,73,1,0,21165,21165,0
9,18,77,1,0,22231,22231,0
9,18,78,1,0,24069,24069,0
9,18,81,1,0,26176,26176,0
9,18,82,1,0,26361,26361,0
9,19,52,2,1,305,259,1
9,19,56,1,0,827,827,0
9,19,64,1,0,9190,9190,0
9,19,68,1,0,11312,11312,0
9,19,72,1,0,17983,17983,0
9,19,78,2,1,23074,23074,0
9,19,80,1,0,24947,24947,0
9,19,81,1,0,25809,25809,0
9,20,54,1,0,266,266,0
9,20,55,1,0,270,270,0
9,20,56,1,0,616,616,0
9,20,58,1,0,838,838,0
9,20,61,2,1,1733,1733,0
9,20,62,1,0,3377,3377,0
9,20,63,1,0,3208,3208,0
9,20,68,1,0,10275,10275,0
9,20,69,1,0,11316,11316,0
9,20,70,1,0,12349,12349,0
9,20,71,1,0,13326,13326,0
9,20,73,1,0,17988,17988,0
9,20,75,1,0,18834,18834,0
9,20,76,1,0,21180,21180,0
9,20,79,1,0,23079,23079,0
9,20,81,1,0,24952,24952,0
9,20,82,2,1,24957,24957,0
9,20,83,1,0,28189,28189,0
9,21,54,1,0,113,113,0
9,21,58,1,0,560,560,0
9,21,59,1,0,768,768,0
9,21,62,1,0,1738,1738,0
9,21,64,1,0,3213,3213,0
9,21,81,1,0,24089,24089,0
9,22,55,1,0,63,63,0
9,22,64,1,0,2541,2541,0
9,22,66,1,0,4309,4309,0
9,22,68,1,0,8120,8120,0
9,22,69,1,0,10279,10279,0
9,22,70,1,0,11322,11322,0
9,22,73,1,0,15737,15737,0
9,22,80,1,0,22036,22036,0
9,22,83,2,1,24094,24094,0
9,23,56,1,0,44,44,0
9,23,58,1,0,248,248,0
9,23,59,1,0,508,508,0
9,23,61,1,0,847,847,0
9,23,64,1,0,2385,2385,0
9,23,72,1,0,12354,12354,0
9,23,74,1,0,14130,14130,0
9,23,78,1,0,19904,19904,0
9,23,79,1,0,28131,28131,0
9,23,84,1,0,24099,24099,0
9,23,85,1,0,25487,25487,0
9,24,57,2,1,16,16,0
9,24,62,1,0,852,852,0
9,24,65,1,0,2390,2390,0
9,24,68,1,0,4127,4127,0
9,24,73,1,0,13336,13336,0
9,24,75,1,0,14940,14940,0
9,24,80,1,0,19909,19909,0
9,24,83,1,0,23099,23099,0
9,24,84,1,0,24103,24103,0
9,24,86,1,0,24976,24976,0
9,24,87,1,0,25659,25659,0
9,25,57,1,0,7,7,0
9,25,58,1,0,2,2,0
9,25,59,1,0,108,108,0
9,25,63,1,0,1275,1275,0
9,25,64,1,0,27869,27869,0
9,25,66,1,0,2394,2394,0
9,25,72,2,1,11331,11331,0
9,25,74,1,0,13346,13346,0
9,25,77,1,0,14950,14950,0
9,25,78,1,0,15954,15954,0
9,25,79,3,1,16977,16977,0
9,25,83,1,0,22055,22055,0
9,25,88,1,0,25819,25819,0
9,26,59,2,1,6,6,0
9,26,60,1,0,258,258,0
9,26,68,1,0,4132,4132,0
9,26,69,1,0,5134,5134,0
9,26,70,1,0,6195,6195,0
9,26,71,2,1,7053,7053,0
9,26,72,1,0,9229,9229,0
9,26,74,1,0,12374,12374,0
9,26,75,1,0,13351,13351,0
9,26,77,1,0,14437,14437,0
9,26,79,1,0,16981,16981,0
9,26,80,1,0,18017,18017,0
9,26,82,1,0,20996,20996,0
9,26,84,1,0,21002,21002,0
9,26,85,2,1,22065,22065,0
9,26,87,1,0,24118,24118,0
9,26,88,2,1,24991,24991,0
9,27,67,1,0,3230,3230,0
9,27,70,1,0,5140,5140,0
9,27,71,1,0,7058,7058,0
9,27,72,1,0,9234,9234,0
9,27,74,1,0,11346,11346,0
9,27,75,1,0,13355,13355,0
9,27,82,1,0,18867,18867,0
9,28,67,1,0,3235,3235,0
9,28,70,1,0,5145,5145,0
9,28,71,1,0,5992,5992,0
9,28,72,1,0,7283,7283,0
9,28,74,1,0,11351,11351,0
9,28,77,1,0,13365,13365,0
9,28,78,1,0,14964,14964,0
9,28,83,1,0,18872,18872,0
9,28,84,1,0,19938,19938,0
9,28,86,1,0,22075,22075,0
9,28,87,1,0,23337,23337,0
9,28,88,1,0,24128,24128,0
9,28,90,2,1,25002,25002,0
9,29,67,1,0,2721,2721,0
9,29,69,1,0,4146,4146,0
9,29,70,1,0,4941,4941,0
9,29,72,1,0,7072,7072,0
9,29,73,1,0,9244,9244,0
9,29,75,1,0,12388,12388,0
9,29,77,1,0,13370,13370,0
9,29,79,1,0,14969,14969,0
9,29,80,2,1,16996,15973,1
9,29,82,1,0,18037,18037,0
9,29,83,1,0,18877,18877,0
9,29,84,1,0,19944,19944,0
9,29,85,1,0,21016,21016,0
9,29,86,1,0,21021,21021,0
9,29,88,1,0,23133,23133,0
9,29,89,1,0,24133,24133,0
9,29,90,1,0,25831,25831,0
9,30,67,1,0,2557,2557,0
9,30,68,1,0,3244,3244,0
9,30,71,1,0,6214,6214,0
9,30,74,2,1,9249,9249,0
9,30,75,1,0,11361,11361,0
9,30,80,1,0,14974,14974,0
9,30,81,1,0,17001,17001,0
9,30,84,1,0,18882,18882,0
9,30,85,1,0,20163,20163,0
9,30,87,1,0,22085,22085,0
9,30,91,1,0,25011,25011,0
9,31,67,1,0,2396,2396,0
9,31,68,1,0,3250,3250,0
9,31,72,1,0,6219,6219,0
9,31,76,1,0,11371,11371,0
9,31,77,1,0,12403,12403,0
9,31,80,1,0,14979,14979,0
9,31,81,1,0,15988,15988,0
9,31,82,1,0,17011,17011,0
9,31,83,1,0,18047,18047,0
9,31,85,1,0,19953,19953,0
9,31,89,1,0,23143,23143,0
9,31,90,2,1,24143,24143,0
9,31,92,1,0,25846,25846,0
9,32,68,1,0,2401,2401,0
9,32,69,1,0,3254,3254,0
9,32,72,1,0,6224,6224,0
9,32,78,1,0,13200,13200,0
9,32,81,1,0,14984,14984,0
9,32,82,1,0,15791,15791,0
9,32,84,1,0,18052,18052,0
9,32,85,1,0,19958,19958,0
9,32,86,1,0,19963,19963,0
9,32,89,1,0,23148,23148,0
9,32,91,1,0,25021,25021,0
9,33,68,1,0,2406,2406,0
9,33,70,1,0,4161,4161,0
9,33,72,1,0,5169,5169,0
9,33,73,1,0,6229,6229,0
9,33,76,1,0,9264,9264,0
9,33,81,1,0,14989,14989,0
9,33,83,1,0,17020,17020,0
9,33,85,1,0,18897,18897,0
9,33,87,1,0,21041,21041,0
9,33,91,1,0,24158,24158,0
9,33,93,1,0,25856,25856,0
9,34,69,2,1,3089,2411,1
9,34,71,2,1,4166,4166,0
9,34,73,1,0,6234,6234,0
9,34,75,1,0,8179,8179,0
9,34,76,1,0,10340,10340,0
9,34,81,1,0,14993,14993,0
9,34,82,1,0,14998,14998,0
9,34,87,1,0,19973,19973,0
9,34,88,1,0,21046,21046,0
9,34,90,1,0,23158,23158,0
9,34,91,1,0,24163,24163,0
9,34,92,1,0,25031,25031,0
9,34,93,1,0,25035,25035,0
9,34,94,1,0,25860,25860,0
9,35,69,1,0,2416,2416,0
9,35,70,1,0,3269,3269,0
9,35,71,1,0,4176,4176,0
9,35,72,1,0,5179,5179,0
9,35,73,1,0,6239,6239,0
9,35,74,1,0,7097,7097,0
9,35,75,1,0,8401,8401,0
9,35,79,1,0,13013,13013,0
9,35,81,1,0,14453,14453,0
9,35,85,1,0,18067,18067,0
9,35,86,1,0,18912,18912,0
9,35,89,2,1,22115,21056,1
9,35,90,2,1,23163,22118,1
9,35,91,1,0,23166,23166,0
9,35,92,1,0,24166,24166,0
9,36,71,1,0,4181,4181,0
9,36,73,1,0,6244,6244,0
9,36,74,1,0,7318,7318,0
9,36,76,1,0,9279,9279,0
9,36,77,1,0,10349,10349,0
9,36,79,1,0,12428,12428,0
9,36,80,1,0,13383,13383,0
9,36,82,1,0,15008,15008,0
9,36,83,1,0,16013,16013,0
9,36,85,1,0,18072,18072,0
9,36,87,1,0,18917,18917,0
9,36,88,1,0,19983,19983,0
9,36,89,1,0,21060,21060,0
9,37,68,1,0,1962,1962,0
9,37,69,1,0,2426,2426,0
9,37,72,1,0,4186,4186,0
9,37,73,1,0,5189,5189,0
9,37,74,2,1,6248,6248,0
9,37,78,1,0,10354,10354,0
9,37,81,1,0,13388,13388,0
9,37,83,1,0,15815,15815,0
9,37,85,1,0,17040,17040,0
9,37,86,1,0,18290,18290,0
9,37,87,1,0,18921,18921,0
9,37,88,1,0,19987,19987,0
9,38,71,1,0,3284,3284,0
9,38,72,1,0,4190,4190,0
9,38,73,1,0,4985,4985,0
9,38,75,1,0,7117,7117,0
9,38,77,1,0,9289,9289,0
9,38,78,1,0,10359,10359,0
9,38,79,1,0,11406,11406,0
9,38,80,1,0,12438,12438,0
9,38,81,2,1,27981,13393,1
9,38,83,1,0,15013,15013,0
9,38,84,1,0,16225,16225,0
9,38,85,1,0,17045,17045,0
9,39,69,1,0,1845,1845,0
9,39,70,1,0,2436,2436,0
9,39,76,1,0,8203,8203,0
9,39,78,2,1,10364,10364,0
9,39,79,1,0,11410,11410,0
9,39,80,1,0,27967,27967,0
9,39,83,1,0,28051,28051,0
9,40,70,1,0,2441,2441,0
9,40,71,1,0,3119,3119,0
9,40,72,1,0,4010,4010,0
9,40,73,1,0,4200,4200,0
9,40,75,1,0,7126,7126,0
9,40,78,1,0,9298,9298,0
9,41,69,1,0,1741,1741,0
9,41,70,1,0,2446,2446,0
9,41,71,1,0,3298,3298,0
9,41,72,1,0,3303,3303,0
9,41,73,1,0,4205,4205,0
9,41,75,1,0,6269,6269,0
9,41,77,1,0,8209,8209,0
9,42,69,1,0,27857,27857,0
9,42,70,1,0,2288,2288,0
10,5,46,1,0,27918,27918,0
10,5,47,1,0,8211,8211,0
10,5,48,1,0,9083,9083,0
10,5,59,1,0,28125,28125,0
10,5,60,1,0,20418,20418,0
10,6,44,1,0,5210,5210,0
10,6,45,1,0,6057,6057,0
10,6,46,1,0,7130,7130,0
10,6,47,1,0,7997,7997,0
10,6,48,1,0,9087,9087,0
10,6,49,1,0,9948,9948,0
10,6,57,1,0,18291,18291,0
10,6,58,1,0,18922,18922,0
10,6,59,1,0,19776,19776,0
10,6,60,1,0,20849,20849,0
10,6,61,1,0,21908,21908,0
10,6,62,1,0,22958,22958,0
10,7,42,1,0,3482,3482,0
10,7,43,1,0,4019,4019,0
10,7,44,1,0,4798,4798,0
10,7,45,1,0,5849,5849,0
10,7,46,1,0,7136,7136,0
10,7,47,1,0,8002,8002,0
10,7,48,1,0,9092,9092,0
10,7,49,1,0,10161,10161,0
10,7,50,1,0,11204,11204,0
10,7,51,1,0,12238,12238,0
10,7,56,1,0,16840,16840,0
10,7,57,1,0,17874,17874,0
10,7,58,1,0,18716,18716,0
10,7,59,1,0,19565,19565,0
10,7,60,1,0,20854,20854,0
10,7,61,1,0,21913,21913,0
10,7,63,1,0,23977,23977,0
10,8,41,1,0,2451,2451,0
10,8,42,1,0,3131,3131,0
10,8,43,1,0,4023,4023,0
10,8,44,1,0,5007,5007,0
10,8,45,2,1,27900,5853,1
10,8,46,2,1,7146,6925,1
10,8,47,1,0,8012,8012,0
10,8,48,1,0,9097,9097,0
10,8,49,1,0,10167,10167,0
10,8,50,1,0,11209,11209,0
10,8,51,1,0,12241,12241,0
10,8,52,1,0,13218,13218,0
10,8,53,1,0,14012,14012,0
10,8,54,1,0,15017,15017,0
10,8,55,1,0,15826,15826,0
10,8,56,2,1,16848,16843,1
10,8,57,1,0,17880,17880,0
10,8,58,1,0,18932,18932,0
10,8,59,1,0,19571,19571,0
10,8,60,1,0,20860,20860,0
10,8,61,1,0,21918,21918,0
10,8,62,1,0,22966,22966,0
10,8,64,1,0,21937,21937,0
10,8,66,1,0,24006,24006,0
10,9,41,1,0,1745,1745,0
10,9,42,2,1,3135,2293,1
10,9,44,1,0,4028,4028,0
10,9,46,1,0,7150,7150,0
10,9,47,1,0,8016,8016,0
10,9,49,1,0,9111,9111,0
10,9,51,1,0,12246,12246,0
10,9,52,1,0,12255,12255,0
10,9,58,2,1,17899,17899,0
10,9,59,1,0,18951,18951,0
10,9,60,2,1,19810,18744,1
10,9,61,1,0,21932,21932,0
10,9,63,1,0,20883,20883,0
10,9,65,1,0,22995,22995,0
10,9,67,1,0,24016,24016,0
10,10,42,1,0,1645,1645,0
10,10,43,2,1,3141,2298,1
10,10,51,1,0,11228,11228,0
10,10,53,1,0,12260,12260,0
10,10,54,1,0,13232,13232,0
10,10,56,1,0,13237,13237,0
10,10,60,1,0,17904,17904,0
10,10,61,1,0,18749,18749,0
10,10,66,1,0,23000,23000,0
10,10,68,1,0,24021,24021,0
10,10,69,1,0,25073,25073,0
10,10,72,1,0,27093,27093,0
10,10,73,1,0,26733,26733,0
10,11,47,1,0,3155,3155,0
10,11,48,1,0,4048,4048,0
10,11,51,1,0,9340,9340,0
10,11,53,1,0,28017,28017,0
10,11,56,1,0,13243,13243,0
10,11,66,1,0,21957,21957,0
10,11,69,1,0,25078,25078,0
10,11,70,2,1,25754,24914,1
10,11,73,1,0,26316,26316,0
10,11,75,1,0,27108,27108,0
10,11,77,1,0,27608,27608,0
10,11,78,1,0,27674,27674,0
10,11,80,1,0,27723,27723,0
10,11,81,1,0,27795,27795,0
10,12,45,2,1,1279,1191,1
10,12,49,1,0,3869,3869,0
10,12,50,2,1,4833,4246,1
10,12,54,1,0,10193,10193,0
10,12,55,1,0,11238,11238,0
10,12,56,1,0,12270,12270,0
10,12,60,1,0,14856,14856,0
10,12,62,1,0,15865,15865,0
10,12,66,1,0,17934,17934,0
10,12,69,2,1,24031,24031,0
10,12,70,1,0,24919,24919,0
10,12,74,1,0,26321,26321,0
10,12,79,1,0,27583,27583,0
10,12,81,1,0,27727,27727,0
10,13,51,1,0,4062,4062,0
10,13,54,1,0,6111,6111,0
10,13,59,1,0,14052,14052,0
10,13,60,1,0,14861,14861,0
10,13,63,1,0,15870,15870,0
10,13,66,1,0,17939,17939,0
10,13,68,1,0,18784,18784,0
10,13,72,2,1,25098,24050,1
10,13,73,1,0,25103,25103,0
10,13,76,1,0,26753,26753,0
10,13,77,1,0,26758,26758,0
10,13,79,1,0,27313,27313,0
10,13,83,1,0,27633,27633,0
10,14,49,1,0,1206,1206,0
10,14,51,2,1,1121,1121,0
10,14,54,1,0,6116,6116,0
10,14,56,1,0,6121,6121,0
10,14,57,1,0,7194,7194,0
10,14,63,1,0,15875,15875,0
10,14,64,1,0,15880,15880,0
10,14,67,1,0,17944,17944,0
10,14,68,1,0,18790,18790,0
10,14,69,1,0,20069,20069,0
10,14,71,1,0,21987,21987,0
10,14,77,1,0,25794,25794,0
10,14,78,1,0,26763,26763,0
10,14,82,1,0,27381,27381,0
10,14,83,2,1,27638,27436,1
10,15,48,1,0,861,861,0
10,15,49,1,0,788,788,0
10,15,50,1,0,794,794,0
10,15,58,1,0,6988,6988,0
10,15,59,1,0,8289,8289,0
10,15,60,2,1,9161,9161,0
10,15,63,1,0,11283,11283,0
10,15,67,1,0,17949,17949,0
10,15,68,1,0,17953,17953,0
10,15,69,1,0,18794,18794,0
10,15,71,1,0,20937,20937,0
10,15,72,2,1,20942,20942,0
10,15,73,1,0,22002,22002,0
10,15,74,1,0,23050,23050,0
10,15,75,1,0,23055,23055,0
10,15,77,1,0,24759,24759,0
10,15,79,2,1,26352,26352,0
10,15,80,1,0,26773,26773,0
10,15,82,1,0,27147,27147,0
10,15,83,1,0,27156,27156,0
10,16,50,2,1,520,520,0
10,16,51,1,0,797,797,0
10,16,52,1,0,803,803,0
10,16,54,1,0,1317,1317,0
10,16,57,1,0,1709,1709,0
10,16,59,2,1,8075,6994,1
10,16,60,1,0,8080,8080,0
10,16,63,1,0,10246,10246,0
10,16,65,1,0,11706,11706,0
10,16,69,1,0,17958,17958,0
10,16,70,1,0,18799,18799,0
10,16,74,1,0,22007,22007,0
10,16,78,1,0,24069,24069,0
10,16,80,1,0,26360,26360,0
10,16,82,1,0,26787,26787,0
10,17,51,1,0,464,464,0
10,17,55,1,0,1236,1236,0
10,17,59,1,0,1718,1718,0
10,17,61,1,0,8302,8302,0
10,17,64,1,0,10251,10251,0
10,17,66,1,0,11711,11711,0
10,17,67,1,0,12334,12334,0
10,17,72,1,0,19874,19874,0
10,17,74,1,0,21165,21165,0
10,17,77,1,0,22231,22231,0
10,17,79,1,0,24074,24074,0
10,17,80,1,0,24947,24947,0
10,17,82,1,0,25809,25809,0
10,18,56,1,0,823,823,0
10,18,57,1,0,1245,1245,0
10,18,62,1,0,4093,4093,0
10,18,64,1,0,9190,9190,0
10,18,68,1,0,12339,12339,0
10,18,70,1,0,13322,13322,0
10,18,73,1,0,17983,17983,0
10,18,74,1,0,19884,19884,0
10,18,77,1,0,21180,21180,0
10,18,78,1,0,23074,23074,0
10,18,81,1,0,24952,24952,0
10,18,82,1,0,24957,24957,0
10,19,52,2,1,305,259,1
10,19,57,2,1,616,616,0
10,19,63,1,0,3377,3377,0
10,19,68,1,0,10275,10275,0
10,19,72,1,0,13326,13326,0
10,19,75,1,0,17993,17993,0
10,19,76,1,0,18834,18834,0
10,19,80,1,0,23079,23079,0
10,19,81,2,1,24084,24084,0
10,19,84,1,0,28189,28189,0
10,20,54,1,0,266,266,0
10,20,55,1,0,270,270,0
10,20,58,1,0,560,560,0
10,20,59,1,0,838,838,0
10,20,62,1,0,1733,1733,0
10,20,63,1,0,1738,1738,0
10,20,64,1,0,3208,3208,0
10,20,65,1,0,3213,3213,0
10,20,68,1,0,8987,8987,0
10,20,71,1,0,12349,12349,0
10,20,84,1,0,24094,24094,0
10,21,55,1,0,113,113,0
10,21,64,1,0,2541,2541,0
10,21,66,1,0,3218,3218,0
10,21,68,1,0,8120,8120,0
10,21,71,1,0,11322,11322,0
10,21,74,1,0,15737,15737,0
10,21,80,1,0,28131,28131,0
10,21,86,1,0,25487,25487,0
10,22,56,2,1,44,44,0
10,22,60,1,0,508,508,0
10,22,62,1,0,847,847,0
10,22,63,1,0,1270,1270,0
10,22,65,1,0,2385,2385,0
10,22,84,1,0,23099,23099,0
10,22,87,1,0,24976,24976,0
10,22,88,1,0,25659,25659,0
10,23,58,1,0,131,131,0
10,23,59,1,0,103,103,0
10,23,63,1,0,852,852,0
10,23,69,1,0,4127,4127,0
10,23,80,1,0,18843,18843,0
10,23,81,2,1,19913,19909,1
10,23,89,1,0,25819,25819,0
10,24,57,1,0,16,16,0
10,24,58,1,0,7,7,0
10,24,60,1,0,108,108,0
10,24,64,1,0,1275,1275,0
10,24,66,1,0,2390,2390,0
10,24,67,1,0,2394,2394,0
10,24,76,1,0,13346,13346,0
10,24,78,1,0,14950,14950,0
10,24,79,1,0,15954,15954,0
10,24,81,2,1,18017,18013,1
10,24,84,2,1,19928,19928,0
10,24,85,1,0,21002,21002,0
10,24,87,2,1,22065,22065,0
10,24,90,1,0,25673,25673,0
10,25,58,1,0,2,2,0
10,25,60,1,0,6,6,0
10,25,65,1,0,27869,27869,0
10,25,69,1,0,4132,4132,0
10,25,70,1,0,5134,5134,0
10,25,72,1,0,7058,7058,0
10,25,75,1,0,11346,11346,0
10,25,76,1,0,13351,13351,0
10,25,79,1,0,14954,14954,0
10,25,81,1,0,16986,16986,0
10,25,82,1,0,18022,18022,0
10,25,83,1,0,18867,18867,0
10,25,86,1,0,21011,21011,0
10,25,87,1,0,22071,22071,0
10,25,88,1,0,23123,23123,0
10,25,90,1,0,24128,24128,0
10,25,91,1,0,25826,25826,0
10,26,60,1,0,112,112,0
10,26,61,1,0,258,258,0
10,26,68,1,0,3230,3230,0
10,26,70,1,0,4137,4137,0
10,26,71,1,0,5140,5140,0
10,26,73,1,0,9234,9234,0
10,26,75,1,0,11351,11351,0
10,26,76,1,0,13355,13355,0
10,26,81,1,0,15968,15968,0
10,26,83,1,0,18027,18027,0
10,26,85,1,0,18872,18872,0
10,26,86,1,0,19938,19938,0
10,26,87,1,0,21016,21016,0
10,26,88,1,0,22075,22075,0
10,26,89,1,0,23337,23337,0
10,26,91,1,0,25002,25002,0
10,26,92,1,0,25831,25831,0
10,27,69,1,0,3235,3235,0
10,27,73,1,0,7283,7283,0
10,27,75,1,0,9244,9244,0
10,27,77,1,0,12388,12388,0
10,27,78,1,0,13365,13365,0
10,27,79,1,0,13370,13370,0
10,27,80,1,0,14964,14964,0
10,27,81,1,0,15973,15973,0
10,27,82,1,0,16996,16996,0
10,27,84,1,0,18037,18037,0
10,27,85,1,0,18877,18877,0
10,27,86,1,0,19944,19944,0
10,27,88,1,0,21021,21021,0
10,27,89,1,0,22085,22085,0
10,27,92,1,0,25011,25011,0
10,28,68,1,0,2721,2721,0
10,28,69,1,0,3239,3239,0
10,28,71,1,0,4146,4146,0
10,28,74,1,0,7072,7072,0
10,28,76,2,1,10319,10319,0
10,28,81,1,0,14974,14974,0
10,28,85,1,0,18042,18042,0
10,28,86,1,0,18882,18882,0
10,28,87,1,0,19953,19953,0
10,28,88,1,0,21026,21026,0
10,28,91,1,0,23143,23143,0
10,29,69,1,0,2557,2557,0
10,29,70,1,0,3244,3244,0
10,29,72,1,0,5154,5154,0
10,29,73,1,0,6219,6219,0
10,29,74,1,0,7077,7077,0
10,29,75,1,0,8164,8164,0
10,29,83,2,1,15983,15983,0
10,29,84,1,0,17011,17011,0
10,29,89,1,0,21031,21031,0
10,29,92,2,1,23148,23148,0
10,29,93,1,0,25021,25021,0
10,29,94,1,0,25846,25846,0
10,30,69,1,0,2396,2396,0
10,30,70,1,0,3250,3250,0
10,30,74,1,0,6224,6224,0
10,30,75,1,0,7082,7082,0
10,30,76,2,1,8169,8169,0
10,30,77,1,0,10538,10538,0
10,30,78,1,0,11371,11371,0
10,30,80,1,0,13200,13200,0
10,30,84,1,0,15791,15791,0
10,30,86,1,0,18052,18052,0
10,30,88,1,0,19963,19963,0
10,30,92,1,0,23153,23153,0
10,30,94,1,0,25026,25026,0
10,30,95,1,0,25856,25856,0
10,31,70,1,0,2401,2401,0
10,31,71,1,0,3254,3254,0
10,31,77,2,1,8392,8392,0
10,31,83,2,1,14993,14989,1
10,31,85,1,0,17020,17020,0
10,31,90,1,0,21046,21046,0
10,31,92,1,0,23158,23158,0
10,31,94,1,0,24163,24163,0
10,31,95,2,1,25031,25031,0
10,31,96,1,0,25860,25860,0
10,32,70,1,0,2406,2406,0
10,32,71,1,0,3259,3259,0
10,32,72,1,0,4166,4166,0
10,32,75,1,0,6234,6234,0
10,32,84,1,0,14998,14998,0
10,32,86,1,0,17026,17026,0
10,32,87,1,0,18067,18067,0
10,32,92,2,1,22115,22115,0
10,32,93,1,0,23166,23166,0
10,33,70,1,0,2411,2411,0
10,33,71,1,0,3089,3089,0
10,33,75,1,0,6239,6239,0
10,33,76,1,0,7097,7097,0
10,33,77,1,0,8401,8401,0
10,33,78,1,0,9274,9274,0
10,33,81,1,0,12423,12423,0
10,33,87,1,0,18072,18072,0
10,33,88,1,0,18912,18912,0
10,33,90,1,0,19983,19983,0
10,33,92,1,0,22118,22118,0
10,34,71,1,0,2416,2416,0
10,34,72,1,0,3269,3269,0
10,34,73,1,0,4176,4176,0
10,34,74,1,0,5179,5179,0
10,34,77,1,0,7318,7318,0
10,34,79,1,0,10349,10349,0
10,34,82,1,0,13383,13383,0
10,34,86,1,0,16013,16013,0
10,34,87,1,0,17040,17040,0
10,34,88,1,0,18077,18077,0
10,34,89,1,0,18917,18917,0
10,34,91,1,0,21060,21060,0
10,35,71,1,0,2421,2421,0
10,35,73,1,0,3279,3279,0
10,35,77,1,0,7107,7107,0
10,35,78,1,0,8189,8189,0
10,35,79,1,0,9502,9502,0
10,35,80,1,0,10354,10354,0
10,35,81,1,0,11401,11401,0
10,35,82,1,0,12433,12433,0
10,35,83,1,0,13388,13388,0
10,35,85,1,0,15013,15013,0
10,35,86,1,0,15815,15815,0
10,35,89,2,1,18921,18290,1
10,36,71,1,0,1962,1962,0
10,36,72,1,0,2426,2426,0
10,36,73,1,0,3284,3284,0
10,36,74,1,0,4186,4186,0
10,36,75,1,0,5189,5189,0
10,36,76,1,0,6039,6039,0
10,36,78,1,0,8413,8413,0
10,36,79,2,1,8199,8199,0
10,36,82,1,0,11406,11406,0
10,36,83,1,0,13393,13393,0
10,36,84,1,0,27981,27981,0
10,36,86,1,0,28051,28051,0
10,36,87,1,0,16225,16225,0
10,36,88,1,0,17045,17045,0
10,37,72,1,0,2431,2431,0
10,37,73,1,0,3289,3289,0
10,37,74,1,0,4190,4190,0
10,37,75,1,0,4985,4985,0
10,37,77,1,0,7117,7117,0
10,37,79,1,0,8203,8203,0
10,37,80,1,0,9294,9294,0
10,37,81,1,0,10364,10364,0
10,37,82,1,0,11410,11410,0
10,37,83,1,0,27967,27967,0
10,38,72,1,0,1845,1845,0
10,38,75,1,0,4010,4010,0
10,38,78,1,0,7122,7122,0
10,38,80,1,0,9298,9298,0
10,39,73,1,0,2441,2441,0
10,39,74,2,1,3119,3119,0
10,39,75,1,0,4200,4200,0
10,39,76,1,0,5208,5208,0
10,39,77,1,0,6269,6269,0
10,39,78,1,0,7126,7126,0
10,39,79,1,0,8209,8209,0
10,40,72,1,0,1741,1741,0
10,40,73,1,0,2446,2446,0
10,40,74,1,0,3303,3303,0
10,40,75,1,0,4205,4205,0
10,41,72,1,0,27857,27857,0
10,41,73,1,0,2288,2288,0
11,5,46,1,0,27918,27918,0
11,5,47,1,0,8211,8211,0
11,5,48,1,0,9083,9083,0
11,5,59,1,0,28125,28125,0
11,5,60,1,0,20418,20418,0
11,6,44,1,0,5210,5210,0
11,6,45,1,0,6057,6057,0
11,6,46,1,0,7130,7130,0
11,6,47,1,0,7997,7997,0
11,6,48,1,0,9087,9087,0
11,6,49,1,0,9948,9948,0
11,6,57,1,0,18291,18291,0
11,6,58,1,0,18922,18922,0
11,6,59,1,0,19776,19776,0
11,6,60,1,0,20849,20849,0
11,6,61,1,0,21908,21908,0
11,6,62,1,0,22958,22958,0
11,7,42,1,0,3482,3482,0
11,7,43,1,0,4019,4019,0
11,7,44,1,0,4798,4798,0
11,7,45,1,0,5849,5849,0
11,7,46,1,0,7136,7136,0
11,7,47,1,0,8002,8002,0
11,7,48,1,0,9092,9092,0
11,7,49,1,0,10161,10161,0
11,7,50,1,0,11204,11204,0
11,7,51,1,0,12238,12238,0
11,7,56,1,0,16840,16840,0
11,7,57,1,0,17874,17874,0
11,7,58,1,0,18716,18716,0
11,7,59,1,0,19565,19565,0
11,7,60,1,0,20854,20854,0
11,7,61,1,0,21913,21913,0
11,7,63,1,0,23977,23977,0
11,8,41,1,0,2451,2451,0
11,8,42,1,0,3131,3131,0
11,8,43,1,0,4023,4023,0
11,8,44,1,0,5007,5007,0
11,8,45,2,1,27900,5853,1
11,8,46,2,1,7146,6925,1
11,8,47,1,0,8012,8012,0
11,8,48,1,0,9097,9097,0
11,8,49,1,0,10167,10167,0
11,8,50,1,0,11209,11209,0
11,8,51,1,0,12241,12241,0
11,8,52,1,0,13218,13218,0
11,8,53,1,0,14012,14012,0
11,8,54,1,0,15017,15017,0
11,8,56,2,1,16848,16843,1
11,8,57,1,0,17880,17880,0
11,8,58,1,0,18932,18932,0
11,8,59,1,0,19571,19571,0
11,8,60,1,0,20860,20860,0
11,8,61,1,0,21918,21918,0
11,8,62,1,0,22966,22966,0
11,8,64,2,1,21937,21937,0
11,9,41,1,0,1745,1745,0
11,9,42,1,0,2293,2293,0
11,9,44,1,0,4028,4028,0
11,9,46,1,0,7150,7150,0
11,9,47,1,0,8016,8016,0
11,9,49,1,0,9111,9111,0
11,9,52,1,0,12255,12255,0
11,9,58,1,0,18734,18734,0
11,9,59,1,0,18951,18951,0
11,9,60,1,0,19810,19810,0
11,9,61,1,0,21932,21932,0
11,9,63,1,0,20883,20883,0
11,9,66,2,1,24011,24006,1
11,9,71,1,0,27093,27093,0
11,10,42,1,0,1645,1645,0
11,10,44,1,0,3141,3141,0
11,10,47,1,0,4042,4042,0
11,10,51,1,0,11228,11228,0
11,10,53,1,0,12260,12260,0
11,10,56,2,1,13237,13237,0
11,10,60,2,1,18744,17904,1
11,10,61,1,0,18749,18749,0
11,10,63,1,0,20888,20888,0
11,10,66,1,0,23000,23000,0
11,10,67,1,0,24016,24016,0
11,10,68,1,0,25073,25073,0
11,10,69,1,0,25750,25750,0
11,10,73,1,0,26733,26733,0
11,10,77,1,0,27608,27608,0
11,10,78,1,0,27674,27674,0
11,10,80,1,0,27723,27723,0
11,10,81,1,0,27795,27795,0
11,11,47,1,0,3155,3155,0
11,11,48,1,0,4048,4048,0
11,11,50,1,0,6096,6096,0
11,11,52,1,0,11233,11233,0
11,11,54,1,0,28017,28017,0
11,11,56,1,0,13243,13243,0
11,11,66,1,0,21957,21957,0
11,11,67,1,0,24021,24021,0
11,11,69,1,0,25078,25078,0
11,11,70,1,0,25754,25754,0
11,11,71,1,0,25760,25760,0
11,11,73,1,0,26316,26316,0
11,11,74,1,0,26739,26739,0
11,11,78,1,0,27613,27613,0
11,11,79,1,0,27583,27583,0
11,12,45,2,1,1279,1191,1
11,12,50,1,0,4246,4246,0
11,12,54,1,0,10193,10193,0
11,12,55,1,0,11238,11238,0
11,12,56,1,0,12270,12270,0
11,12,57,1,0,13253,13253,0
11,12,59,1,0,14052,14052,0
11,12,60,1,0,14856,14856,0
11,12,62,1,0,15865,15865,0
11,12,63,1,0,15870,15870,0
11,12,66,2,1,17939,17934,1
11,12,67,1,0,23010,23010,0
11,12,69,1,0,24036,24036,0
11,12,72,1,0,25098,25098,0
11,12,74,1,0,26321,26321,0
11,12,76,1,0,26753,26753,0
11,12,79,1,0,27313,27313,0
11,12,80,1,0,27468,27468,0
11,12,81,1,0,27628,27628,0
11,12,82,1,0,27633,27633,0
11,13,51,1,0,4062,4062,0
11,13,52,1,0,5047,5047,0
11,13,54,1,0,6111,6111,0
11,13,55,1,0,6974,6974,0
11,13,57,1,0,8061,8061,0
11,13,63,1,0,15875,15875,0
11,13,64,1,0,15880,15880,0
11,13,67,1,0,17944,17944,0
11,13,72,1,0,24050,24050,0
11,13,73,1,0,25103,25103,0
11,13,76,1,0,25789,25789,0
11,13,77,1,0,26346,26346,0
11,13,78,1,0,26763,26763,0
11,13,79,1,0,27137,27137,0
11,13,80,1,0,27075,27075,0
11,13,82,1,0,27381,27381,0
11,13,83,1,0,27638,27638,0
11,14,48,1,0,861,861,0
11,14,51,1,0,1121,1121,0
11,14,54,1,0,6116,6116,0
11,14,56,1,0,6121,6121,0
11,14,57,1,0,7194,7194,0
11,14,58,1,0,8065,8065,0
11,14,66,1,0,16909,16909,0
11,14,67,1,0,17949,17949,0
11,14,68,1,0,17953,17953,0
11,14,80,1,0,26773,26773,0
11,14,81,1,0,27147,27147,0
11,14,83,2,1,27436,27156,1
11,15,49,1,0,788,788,0
11,15,51,2,1,797,794,1
11,15,54,1,0,1317,1317,0
11,15,58,1,0,7200,7200,0
11,15,59,1,0,8289,8289,0
11,15,60,1,0,8075,8075,0
11,15,63,1,0,11283,11283,0
11,15,64,1,0,11287,11287,0
11,15,69,1,0,17958,17958,0
11,15,70,1,0,18799,18799,0
11,15,71,1,0,19654,19654,0
11,15,74,1,0,22007,22007,0
11,15,78,2,1,22231,22231,0
11,16,50,1,0,582,582,0
11,16,51,1,0,520,520,0
11,16,53,2,1,803,803,0
11,16,61,2,1,8080,8080,0
11,16,62,1,0,9389,9389,0
11,16,65,2,1,11706,11706,0
11,16,66,1,0,12324,12324,0
11,16,74,1,0,21165,21165,0
11,16,79,2,1,23074,23074,0
11,16,81,1,0,24947,24947,0
11,16,82,1,0,24952,24952,0
11,16,83,1,0,25814,25814,0
11,17,51,1,0,464,464,0
11,17,56,1,0,823,823,0
11,17,58,1,0,1245,1245,0
11,17,62,1,0,4093,4093,0
11,17,67,2,1,11711,11711,0
11,17,68,1,0,12334,12334,0
11,17,70,1,0,13317,13317,0
11,17,73,1,0,17978,17978,0
11,17,74,2,1,19884,17983,1
11,17,77,1,0,21180,21180,0
11,17,79,1,0,22031,22031,0
11,17,81,1,0,23079,23079,0
11,17,82,1,0,24084,24084,0
11,17,83,1,0,24957,24957,0
11,17,84,1,0,28189,28189,0
11,18,53,2,1,259,259,0
11,18,57,1,0,827,827,0
11,18,63,1,0,3377,3377,0
11,18,65,1,0,9190,9190,0
11,18,69,1,0,12344,12344,0
11,18,70,1,0,13322,13322,0
11,18,71,1,0,14115,14115,0
11,18,75,1,0,17988,17988,0
11,18,76,1,0,17993,17993,0
11,18,77,1,0,18834,18834,0
11,19,55,1,0,266,266,0
11,19,56,1,0,270,270,0
11,19,57,1,0,616,616,0
11,19,59,1,0,838,838,0
11,19,61,1,0,1261,1261,0
11,19,63,1,0,1733,1733,0
11,19,64,1,0,3208,3208,0
11,19,69,1,0,10275,10275,0
11,19,71,1,0,12349,12349,0
11,19,73,1,0,13326,13326,0
11,19,84,1,0,24094,24094,0
11,19,87,1,0,25487,25487,0
11,20,55,1,0,113,113,0
11,20,59,1,0,560,560,0
11,20,60,1,0,768,768,0
11,20,64,1,0,1738,1738,0
11,20,65,1,0,2541,2541,0
11,20,66,1,0,3218,3218,0
11,20,67,1,0,4309,4309,0
11,20,69,1,0,8120,8120,0
11,20,75,2,1,15737,13331,1
11,20,85,1,0,23099,23099,0
11,20,88,1,0,24976,24976,0
11,20,89,1,0,25659,25659,0
11,21,57,1,0,63,63,0
11,21,58,1,0,238,238,0
11,21,60,1,0,248,248,0
11,21,61,1,0,508,508,0
11,21,63,1,0,847,847,0
11,21,66,1,0,2385,2385,0
11,21,72,1,0,11322,11322,0
11,21,77,1,0,14130,14130,0
11,21,90,1,0,25819,25819,0
11,22,57,1,0,44,44,0
11,22,59,1,0,131,131,0
11,22,60,1,0,103,103,0
11,22,64,1,0,1270,1270,0
11,22,69,1,0,4127,4127,0
11,22,73,1,0,11119,11119,0
11,22,81,2,1,16977,16977,0
11,22,82,3,1,18013,18013,0
11,22,85,2,1,19928,19928,0
11,22,86,1,0,21002,21002,0
11,22,88,1,0,22065,22065,0
11,22,90,2,1,24123,24123,0
11,23,58,1,0,16,16,0
11,23,59,1,0,7,7,0
11,23,64,1,0,1275,1275,0
11,23,67,2,1,2390,1841,1
11,23,68,1,0,2394,2394,0
11,23,73,1,0,8134,8134,0
11,23,76,1,0,11346,11346,0
11,23,79,1,0,14950,14950,0
11,23,82,1,0,16981,16981,0
11,23,83,1,0,18022,18022,0
11,23,88,1,0,21011,21011,0
11,23,89,2,1,22071,22071,0
11,23,90,2,1,23123,23123,0
11,23,91,1,0,24128,24128,0
11,23,92,1,0,25826,25826,0
11,23,93,1,0,25831,25831,0
11,24,59,1,0,2,2,0
11,24,61,1,0,6,6,0
11,24,66,1,0,27869,27869,0
11,24,70,1,0,4132,4132,0
11,24,73,1,0,7058,7058,0
11,24,75,1,0,9234,9234,0
11,24,77,1,0,11351,11351,0
11,24,78,1,0,13355,13355,0
11,24,80,1,0,14954,14954,0
11,24,84,1,0,18027,18027,0
11,24,85,1,0,18867,18867,0
11,24,86,1,0,18872,18872,0
11,24,87,1,0,19938,19938,0
11,25,61,1,0,112,112,0
11,25,62,1,0,258,258,0
11,25,69,1,0,3230,3230,0
11,25,72,1,0,5140,5140,0
11,25,73,1,0,5992,5992,0
11,25,74,1,0,7062,7062,0
11,25,80,1,0,13370,13370,0
11,25,83,1,0,15973,15973,0
11,25,84,1,0,16996,16996,0
11,25,86,1,0,18037,18037,0
11,25,87,1,0,18877,18877,0
11,25,88,1,0,19944,19944,0
11,25,89,1,0,21021,21021,0
11,25,90,1,0,22085,22085,0
11,25,92,1,0,23138,23138,0
11,25,94,1,0,25011,25011,0
11,26,70,1,0,3235,3235,0
11,26,74,1,0,7283,7283,0
11,26,75,2,1,7933,7933,0
11,26,76,1,0,9244,9244,0
11,26,77,1,0,10319,10319,0
11,26,86,1,0,18042,18042,0
11,26,87,1,0,18882,18882,0
11,26,89,1,0,19953,19953,0
11,26,90,2,1,21026,21026,0
11,26,91,1,0,22090,22090,0
11,26,92,1,0,22095,22095,0
11,26,93,1,0,23143,23143,0
11,26,94,1,0,24148,24148,0
11,26,96,1,0,25846,25846,0
11,27,70,2,1,3239,2721,1
11,27,72,1,0,4146,4146,0
11,27,73,1,0,5154,5154,0
11,27,75,1,0,7072,7072,0
11,27,77,1,0,9249,9249,0
11,27,84,1,0,15983,15983,0
11,27,85,1,0,15988,15988,0
11,27,86,1,0,17011,17011,0
11,27,87,1,0,18047,18047,0
11,27,93,1,0,23148,23148,0
11,27,97,1,0,25856,25856,0
11,28,70,1,0,2557,2557,0
11,28,71,1,0,3244,3244,0
11,28,75,1,0,6219,6219,0
11,28,76,1,0,7082,7082,0
11,28,77,1,0,8164,8164,0
11,28,78,1,0,9259,9259,0
11,28,80,1,0,11371,11371,0
11,28,82,1,0,13200,13200,0
11,28,87,2,1,18052,17020,1
11,28,89,1,0,18897,18897,0
11,28,90,1,0,19963,19963,0
11,28,94,1,0,23158,23158,0
11,28,96,1,0,25031,25031,0
11,28,97,1,0,25860,25860,0
11,29,71,1,0,2396,2396,0
11,29,72,2,1,3254,3250,1
11,29,76,1,0,6224,6224,0
11,29,77,1,0,7087,7087,0
11,29,85,2,1,14993,14989,1
11,29,88,2,1,17854,17026,1
11,29,91,1,0,19973,19973,0
11,29,92,1,0,21046,21046,0
11,29,93,1,0,22110,22110,0
11,29,94,1,0,23163,23163,0
11,29,95,1,0,23166,23166,0
11,29,96,1,0,24166,24166,0
11,29,97,1,0,25035,25035,0
11,30,71,1,0,2401,2401,0
11,30,73,1,0,3259,3259,0
11,30,75,1,0,5169,5169,0
11,30,79,1,0,9264,9264,0
11,30,86,1,0,14998,14998,0
11,30,89,1,0,18067,18067,0
11,30,90,1,0,18912,18912,0
11,30,94,2,1,22115,22115,0
11,31,72,1,0,2406,2406,0
11,31,73,1,0,3089,3089,0
11,31,74,1,0,4166,4166,0
11,31,77,1,0,6234,6234,0
11,31,79,2,1,8179,8179,0
11,31,82,1,0,11391,11391,0
11,31,83,1,0,12423,12423,0
11,31,88,1,0,16013,16013,0
11,31,90,1,0,18072,18072,0
11,31,91,1,0,18917,18917,0
11,31,92,1,0,19983,19983,0
11,31,93,1,0,21060,21060,0
11,32,72,1,0,2411,2411,0
11,32,74,1,0,3269,3269,0
11,32,76,1,0,5179,5179,0
11,32,77,1,0,6239,6239,0
11,32,81,1,0,10349,10349,0
11,32,84,2,1,12428,12428,0
11,32,87,1,0,15008,15008,0
11,32,88,1,0,15815,15815,0
11,32,91,2,1,18077,18077,0
11,32,92,1,0,18921,18921,0
11,33,73,1,0,2416,2416,0
11,33,77,1,0,5184,5184,0
11,33,80,1,0,8189,8189,0
11,33,82,1,0,10354,10354,0
11,33,84,1,0,12433,12433,0
11,33,85,1,0,13388,13388,0
11,33,87,1,0,15013,15013,0
11,33,90,1,0,17045,17045,0
11,34,73,1,0,2421,2421,0
11,34,76,2,1,4181,4181,0
11,34,78,1,0,6039,6039,0
11,34,82,1,0,10359,10359,0
11,34,84,1,0,11406,11406,0
11,34,85,1,0,12438,12438,0
11,34,86,2,1,27981,13393,1
11,34,88,1,0,28051,28051,0
11,34,89,1,0,16225,16225,0
11,35,73,1,0,1962,1962,0
11,35,74,1,0,2426,2426,0
11,35,77,1,0,4190,4190,0
11,35,79,1,0,6259,6259,0
11,35,81,2,1,8199,8199,0
11,35,82,1,0,9294,9294,0
11,35,83,1,0,10364,10364,0
11,35,84,1,0,11410,11410,0
11,35,85,1,0,27967,27967,0
11,36,74,1,0,2431,2431,0
11,36,80,1,0,7122,7122,0
11,36,83,1,0,9298,9298,0
11,37,74,1,0,1845,1845,0
11,37,75,2,1,2441,2436,1
11,37,76,1,0,3119,3119,0
11,37,78,1,0,4200,4200,0
11,37,80,1,0,6269,6269,0
11,37,81,1,0,7126,7126,0
11,37,82,1,0,8209,8209,0
11,38,76,1,0,2446,2446,0
11,38,77,1,0,3298,3298,0
11,38,78,1,0,4205,4205,0
11,39,74,1,0,1741,1741,0
11,39,75,1,0,27857,27857,0
11,39,77,1,0,3303,3303,0
12,5,46,1,0,27918,27918,0
12,5,47,1,0,8211,8211,0
12,5,48,1,0,9083,9083,0
12,5,59,1,0,28125,28125,0
12,5,60,1,0,20418,20418,0
12,6,44,1,0,5210,5210,0
12,6,45,1,0,6057,6057,0
12,6,46,1,0,7130,7130,0
12,6,47,1,0,7997,7997,0
12,6,48,1,0,9087,9087,0
12,6,49,1,0,9948,9948,0
12,6,57,1,0,18291,18291,0
12,6,58,1,0,18922,18922,0
12,6,59,1,0,19776,19776,0
12,6,60,1,0,20849,20849,0
12,6,61,1,0,21908,21908,0
12,6,62,1,0,22958,22958,0
12,7,42,1,0,3482,3482,0
12,7,43,1,0,4019,4019,0
12,7,44,1,0,4798,4798,0
12,7,45,1,0,5849,5849,0
12,7,46,1,0,7136,7136,0
12,7,47,1,0,8002,8002,0
12,7,48,1,0,9092,9092,0
12,7,49,1,0,10161,10161,0
12,7,50,1,0,11204,11204,0
12,7,51,1,0,12238,12238,0
12,7,56,1,0,16840,16840,0
12,7,57,1,0,17874,17874,0
12,7,58,1,0,18716,18716,0
12,7,59,1,0,19565,19565,0
12,7,60,1,0,20854,20854,0
12,7,61,1,0,21913,21913,0
12,7,63,1,0,23977,23977,0
12,8,41,1,0,2451,2451,0
12,8,42,1,0,3131,3131,0
12,8,43,1,0,4023,4023,0
12,8,44,1,0,5007,5007,0
12,8,45,2,1,27900,5853,1
12,8,46,2,1,7146,6925,1
12,8,47,1,0,8012,8012,0
12,8,48,1,0,9097,9097,0
12,8,49,1,0,10167,10167,0
12,8,50,1,0,11209,11209,0
12,8,51,1,0,12241,12241,0
12,8,52,1,0,13218,13218,0
12,8,53,1,0,14012,14012,0
12,8,54,1,0,15017,15017,0
12,8,56,1,0,16843,16843,0
12,8,57,1,0,17880,17880,0
12,8,58,1,0,18932,18932,0
12,8,59,2,1,18951,18951,0
12,8,60,1,0,20860,20860,0
12,8,61,1,0,21918,21918,0
12,8,62,1,0,22966,22966,0
12,8,64,1,0,21937,21937,0
12,9,41,1,0,1745,1745,0
12,9,42,2,1,3135,2293,1
12,9,44,1,0,4028,4028,0
12,9,46,1,0,7150,7150,0
12,9,49,1,0,9111,9111,0
12,9,51,1,0,11228,11228,0
12,9,52,1,0,12255,12255,0
12,9,58,1,0,17899,17899,0
12,9,60,2,1,19810,18744,1
12,9,61,1,0,21932,21932,0
12,9,63,1,0,20883,20883,0
12,9,66,1,0,24011,24011,0
12,9,71,1,0,27093,27093,0
12,9,78,1,0,27674,27674,0
12,9,81,1,0,27795,27795,0
12,9,83,1,0,27814,27814,0
12,10,42,1,0,1645,1645,0
12,10,44,1,0,3141,3141,0
12,10,48,1,0,4042,4042,0
12,10,53,1,0,12260,12260,0
12,10,54,1,0,28017,28017,0
12,10,56,2,1,13237,13237,0
12,10,60,1,0,17904,17904,0
12,10,63,1,0,20888,20888,0
12,10,66,1,0,23000,23000,0
12,10,67,1,0,24016,24016,0
12,10,68,1,0,25073,25073,0
12,10,69,1,0,25750,25750,0
12,10,70,1,0,25754,25754,0
12,10,73,1,0,26733,26733,0
12,10,74,1,0,27108,27108,0
12,10,76,1,0,27402,27402,0
12,10,77,1,0,27608,27608,0
12,10,78,1,0,27613,27613,0
12,10,80,2,1,27727,27723,1
12,11,47,1,0,3155,3155,0
12,11,48,1,0,4048,4048,0
12,11,49,1,0,5032,5032,0
12,11,51,1,0,6096,6096,0
12,11,52,1,0,11233,11233,0
12,11,54,1,0,10193,10193,0
12,11,58,1,0,14047,14047,0
12,11,62,1,0,15865,15865,0
12,11,67,2,1,24021,23010,1
12,11,69,2,1,25078,24914,1
12,11,71,1,0,25760,25760,0
12,11,73,2,1,26321,26316,1
12,11,80,2,1,27468,27468,0
12,11,82,1,0,27633,27633,0
12,12,45,1,0,1279,1279,0
12,12,46,1,0,1191,1191,0
12,12,50,1,0,4833,4833,0
12,12,56,1,0,12270,12270,0
12,12,57,1,0,13253,13253,0
12,12,59,1,0,14052,14052,0
12,12,60,1,0,14856,14856,0
12,12,63,1,0,15870,15870,0
12,12,67,1,0,17944,17944,0
12,12,70,1,0,24919,24919,0
12,12,72,1,0,25098,25098,0
12,12,76,1,0,26753,26753,0
12,12,79,1,0,27313,27313,0
12,12,83,1,0,27638,27638,0
12,12,84,1,0,27607,27607,0
12,13,51,2,1,4062,1121,1
12,13,55,1,0,6974,6974,0
12,13,57,1,0,8061,8061,0
12,13,63,1,0,15875,15875,0
12,13,64,1,0,15880,15880,0
12,13,65,1,0,16903,16903,0
12,13,70,1,0,18794,18794,0
12,13,80,1,0,26773,26773,0
12,13,81,1,0,27147,27147,0
12,13,82,1,0,27381,27381,0
12,13,83,1,0,27436,27436,0
12,13,84,1,0,27440,27440,0
12,14,48,1,0,861,861,0
12,14,49,1,0,788,788,0
12,14,51,1,0,794,794,0
12,14,56,1,0,6121,6121,0
12,14,59,1,0,8065,8065,0
12,14,60,1,0,9161,9161,0
12,14,69,1,0,17953,17953,0
12,14,70,1,0,17958,17958,0
12,14,71,1,0,18799,18799,0
12,14,72,1,0,19654,19654,0
12,14,74,1,0,22007,22007,0
12,14,78,1,0,22231,22231,0
12,14,83,1,0,27156,27156,0
12,15,51,1,0,582,582,0
12,15,52,1,0,797,797,0
12,15,53,1,0,803,803,0
12,15,55,1,0,1317,1317,0
12,15,58,1,0,6988,6988,0
12,15,59,1,0,8289,8289,0
12,15,60,1,0,8075,8075,0
12,15,61,1,0,9166,9166,0
12,15,63,1,0,10449,10449,0
12,15,64,2,1,11287,11283,1
12,15,67,1,0,13301,13301,0
12,15,78,1,0,22025,22025,0
12,15,79,1,0,23074,23074,0
12,15,81,1,0,24947,24947,0
12,15,82,1,0,24952,24952,0
12,15,83,1,0,24957,24957,0
12,16,54,1,0,808,808,0
12,16,56,1,0,1236,1236,0
12,16,57,1,0,1241,1241,0
12,16,61,1,0,8080,8080,0
12,16,62,1,0,8302,8302,0
12,16,63,1,0,10246,10246,0
12,16,65,1,0,11706,11706,0
12,16,69,1,0,13312,13312,0
12,16,70,1,0,13317,13317,0
12,16,71,1,0,18808,18808,0
12,16,75,1,0,19884,19884,0
12,16,78,1,0,21180,21180,0
12,16,79,1,0,22031,22031,0
12,16,81,1,0,23079,23079,0
12,16,82,1,0,24089,24089,0
12,17,57,1,0,823,823,0
12,17,58,2,1,827,827,0
12,17,62,1,0,4093,4093,0
12,17,65,1,0,9190,9190,0
12,17,67,1,0,11711,11711,0
12,17,68,1,0,12334,12334,0
12,17,69,1,0,12339,12339,0
12,17,71,1,0,14115,14115,0
12,17,75,1,0,17988,17988,0
12,17,76,1,0,17993,17993,0
12,17,77,1,0,18834,18834,0
12,17,85,1,0,24094,24094,0
12,17,87,1,0,25487,25487,0
12,18,53,1,0,305,305,0
12,18,54,2,1,473,259,1
12,18,55,1,0,266,266,0
12,18,58,1,0,616,616,0
12,18,60,1,0,838,838,0
12,18,63,1,0,1733,1733,0
12,18,64,1,0,3377,3377,0
12,18,65,1,0,3208,3208,0
12,18,70,2,1,13322,12344,1
12,18,85,1,0,23099,23099,0
12,18,88,1,0,24976,24976,0
12,19,56,1,0,270,270,0
12,19,60,1,0,560,560,0
12,19,61,1,0,768,768,0
12,19,64,1,0,1738,1738,0
12,19,66,2,1,2541,2541,0
12,19,76,1,0,15737,15737,0
12,19,78,1,0,15944,15944,0
12,19,81,1,0,19904,19904,0
12,19,90,1,0,25819,25819,0
12,19,91,1,0,25669,25669,0
12,20,56,1,0,113,113,0
12,20,57,1,0,63,63,0
12,20,64,1,0,847,847,0
12,20,66,1,0,2385,2385,0
12,20,67,1,0,3218,3218,0
12,20,72,1,0,11322,11322,0
12,20,77,1,0,14130,14130,0
12,20,86,1,0,20996,20996,0
12,20,87,1,0,21002,21002,0
12,20,89,1,0,22065,22065,0
12,20,91,1,0,24991,24991,0
12,20,93,1,0,25826,25826,0
12,21,58,1,0,44,44,0
12,21,60,1,0,131,131,0
12,21,61,2,1,103,103,0
12,21,62,1,0,508,508,0
12,21,65,2,1,852,852,0
12,21,70,1,0,4127,4127,0
12,21,75,1,0,12359,12359,0
12,21,77,1,0,13341,13341,0
12,21,78,1,0,14940,14940,0
12,21,82,1,0,16977,16977,0
12,21,83,1,0,18013,18013,0
12,21,86,1,0,19928,19928,0
12,21,89,1,0,22071,22071,0
12,21,90,1,0,23123,23123,0
12,21,91,1,0,23337,23337,0
12,21,93,1,0,24133,24133,0
12,21,94,1,0,25831,25831,0
12,22,59,1,0,16,16,0
12,22,60,1,0,7,7,0
12,22,62,1,0,108,108,0
12,22,68,1,0,2390,2390,0
12,22,78,1,0,11351,11351,0
12,22,79,2,1,14945,13355,1
12,22,81,1,0,14437,14437,0
12,22,82,1,0,15958,15958,0
12,22,83,1,0,16981,16981,0
12,22,84,1,0,18022,18022,0
12,22,86,1,0,18867,18867,0
12,22,88,1,0,19938,19938,0
12,22,90,2,1,21016,21016,0
12,23,61,1,0,2,2,0
12,23,62,1,0,6,6,0
12,23,65,1,0,1275,1275,0
12,23,67,1,0,27869,27869,0
12,23,71,1,0,4132,4132,0
12,23,72,1,0,5134,5134,0
12,23,74,1,0,7058,7058,0
12,23,76,1,0,9234,9234,0
12,23,79,1,0,11356,11356,0
12,23,82,2,1,14964,13370,1
12,23,85,1,0,18027,18027,0
12,23,87,1,0,18872,18872,0
12,23,89,1,0,19944,19944,0
12,23,90,1,0,21021,21021,0
12,23,91,1,0,22085,22085,0
12,23,93,1,0,23138,23138,0
12,23,97,1,0,25846,25846,0
12,24,62,1,0,112,112,0
12,24,63,1,0,258,258,0
12,24,70,1,0,3230,3230,0
12,24,73,1,0,5140,5140,0
12,24,74,1,0,5992,5992,0
12,24,76,1,0,7283,7283,0
12,24,77,1,0,9244,9244,0
12,24,84,1,0,15973,15973,0
12,24,85,1,0,16996,16996,0
12,24,87,1,0,18037,18037,0
12,24,88,2,1,18877,18877,0
12,24,90,1,0,19953,19953,0
12,24,91,1,0,21026,21026,0
12,24,93,1,0,22095,22095,0
12,24,94,1,0,23143,23143,0
12,24,95,2,1,23148,23148,0
12,24,98,1,0,25856,25856,0
12,25,71,1,0,3235,3235,0
12,25,73,2,1,4141,4141,0
12,25,74,1,0,4941,4941,0
12,25,76,1,0,7072,7072,0
12,25,79,1,0,10319,10319,0
12,25,86,2,1,15983,15983,0
12,25,87,1,0,17011,17011,0
12,25,88,1,0,18047,18047,0
12,25,91,1,0,19958,19958,0
12,25,95,1,0,23153,23153,0
12,25,98,1,0,25031,25031,0
12,25,99,1,0,25860,25860,0
12,26,71,1,0,2721,2721,0
12,26,76,1,0,6219,6219,0
12,26,78,1,0,8164,8164,0
12,26,80,1,0,10538,10538,0
12,26,81,1,0,11371,11371,0
12,26,82,1,0,12403,12403,0
12,26,83,1,0,13200,13200,0
12,26,86,1,0,14984,14984,0
12,26,87,1,0,15791,15791,0
12,26,88,1,0,17020,17020,0
12,26,89,1,0,18052,18052,0
12,26,91,1,0,19963,19963,0
12,26,96,1,0,23158,23158,0
12,26,98,2,1,24166,24166,0
12,27,71,1,0,2557,2557,0
12,27,72,1,0,3244,3244,0
12,27,77,1,0,6224,6224,0
12,27,78,1,0,7082,7082,0
12,27,86,1,0,14989,14989,0
12,27,87,1,0,14993,14993,0
12,27,91,1,0,18067,18067,0
12,27,92,1,0,19968,19968,0
12,27,93,1,0,21046,21046,0
12,27,95,1,0,22115,22115,0
12,27,96,1,0,23163,23163,0
12,27,97,1,0,23166,23166,0
12,28,72,1,0,2396,2396,0
12,28,74,1,0,3254,3254,0
12,28,81,1,0,9264,9264,0
12,28,87,1,0,14998,14998,0
12,28,91,1,0,18072,18072,0
12,28,92,1,0,18912,18912,0
12,28,94,1,0,19983,19983,0
12,29,73,1,0,2401,2401,0
12,29,74,1,0,3259,3259,0
12,29,76,1,0,4166,4166,0
12,29,77,1,0,5169,5169,0
12,29,78,1,0,6234,6234,0
12,29,81,1,0,9487,9487,0
12,29,89,1,0,16013,16013,0
12,29,92,1,0,18077,18077,0
12,29,93,1,0,18917,18917,0
12,29,94,1,0,19987,19987,0
12,29,95,1,0,21060,21060,0
12,30,73,1,0,2406,2406,0
12,30,75,1,0,3089,3089,0
12,30,77,1,0,5174,5174,0
12,30,79,2,1,6239,6239,0
12,30,81,1,0,8401,8401,0
12,30,85,1,0,12428,12428,0
12,30,87,2,1,13388,13388,0
12,30,89,1,0,15008,15008,0
12,30,93,2,1,18921,18290,1
12,31,74,1,0,2411,2411,0
12,31,75,1,0,3269,3269,0
12,31,77,1,0,4176,4176,0
12,31,79,1,0,6244,6244,0
12,31,80,1,0,7107,7107,0
12,31,81,1,0,8189,8189,0
12,31,83,1,0,9502,9502,0
12,31,86,1,0,12433,12433,0
12,31,87,1,0,13393,13393,0
12,31,89,1,0,15013,15013,0
12,31,91,1,0,16225,16225,0
12,31,92,1,0,17045,17045,0
12,32,74,1,0,2416,2416,0
12,32,77,1,0,4181,4181,0
12,32,80,1,0,6248,6248,0
12,32,82,1,0,8413,8413,0
12,32,86,1,0,11406,11406,0
12,32,87,1,0,12438,12438,0
12,32,88,1,0,27981,27981,0
12,32,90,1,0,28051,28051,0
12,33,75,2,1,2426,2421,1
12,33,77,1,0,3279,3279,0
12,33,79,1,0,4985,4985,0
12,33,82,2,1,8199,7117,1
12,33,83,1,0,8203,8203,0
12,33,84,1,0,9294,9294,0
12,33,85,1,0,10364,10364,0
12,33,86,1,0,11410,11410,0
12,33,87,1,0,27967,27967,0
12,34,75,1,0,1962,1962,0
12,34,78,1,0,4190,4190,0
12,34,80,1,0,4990,4990,0
12,34,81,1,0,6259,6259,0
12,34,82,1,0,7122,7122,0
12,34,85,1,0,9298,9298,0
12,35,77,1,0,2436,2436,0
12,35,79,1,0,4010,4010,0
12,35,83,1,0,7126,7126,0
12,35,84,1,0,8209,8209,0
12,36,76,1,0,1845,1845,0
12,36,77,1,0,2441,2441,0
12,36,78,1,0,3119,3119,0
12,36,79,1,0,3298,3298,0
12,36,80,2,1,4200,4200,0
12,36,81,1,0,5208,5208,0
12,36,82,1,0,6269,6269,0
12,37,77,1,0,1741,1741,0
12,37,78,1,0,2446,2446,0
12,37,79,1,0,3303,3303,0
12,38,77,1,0,27857,27857,0
13,5,46,1,0,27918,27918,0
13,5,47,1,0,8211,8211,0
13,5,48,1,0,9083,9083,0
13,5,59,1,0,28125,28125,0
13,5,60,1,0,20418,20418,0
13,6,44,1,0,5210,5210,0
13,6,45,1,0,6057,6057,0
13,6,46,1,0,7130,7130,0
13,6,47,1,0,7997,7997,0
13,6,48,1,0,9087,9087,0
13,6,49,1,0,9948,9948,0
13,6,57,1,0,18291,18291,0
13,6,58,1,0,18922,18922,0
13,6,59,1,0,19776,19776,0
13,6,60,1,0,20849,20849,0
13,6,61,1,0,21908,21908,0
13,6,62,1,0,22958,22958,0
13,7,42,1,0,3482,3482,0
13,7,43,1,0,4019,4019,0
13,7,44,1,0,4798,4798,0
13,7,45,1,0,5849,5849,0
13,7,46,1,0,7136,7136,0
13,7,47,1,0,8002,8002,0
13,7,48,1,0,9092,9092,0
13,7,49,1,0,10161,10161,0
13,7,50,1,0,11204,11204,0
13,7,51,1,0,12238,12238,0
13,7,56,1,0,16840,16840,0
13,7,57,1,0,17874,17874,0
13,7,58,1,0,18716,18716,0
13,7,59,1,0,19565,19565,0
13,7,60,1,0,20854,20854,0
13,7,61,1,0,21913,21913,0
13,7,63,1,0,23977,23977,0
13,8,41,1,0,2451,2451,0
13,8,42,1,0,3131,3131,0
13,8,43,1,0,4023,4023,0
13,8,44,1,0,5007,5007,0
13,8,45,2,1,27900,5853,1
13,8,46,2,1,7146,6925,1
13,8,47,1,0,8012,8012,0
13,8,48,1,0,9097,9097,0
13,8,49,1,0,10167,10167,0
13,8,50,1,0,11209,11209,0
13,8,51,1,0,12241,12241,0
13,8,52,1,0,13218,13218,0
13,8,53,1,0,14012,14012,0
13,8,54,1,0,15017,15017,0
13,8,55,1,0,15826,15826,0
13,8,56,1,0,16843,16843,0
13,8,57,1,0,17880,17880,0
13,8,58,1,0,18932,18932,0
13,8,59,1,0,19571,19571,0
13,8,61,1,0,21918,21918,0
13,8,62,1,0,22966,22966,0
13,8,64,1,0,21937,21937,0
13,8,66,1,0,24006,24006,0
13,8,81,2,1,27809,27795,1
13,9,41,1,0,1745,1745,0
13,9,42,2,1,3135,2293,1
13,9,44,1,0,4028,4028,0
13,9,46,1,0,7150,7150,0
13,9,47,1,0,8016,8016,0
13,9,49,2,1,9111,9111,0
13,9,51,1,0,11228,11228,0
13,9,60,2,1,19810,17904,1
13,9,65,1,0,22995,22995,0
13,9,67,1,0,24016,24016,0
13,9,68,1,0,24899,24899,0
13,9,71,1,0,27093,27093,0
13,9,73,1,0,26733,26733,0
13,9,76,1,0,27608,27608,0
13,9,78,1,0,27674,27674,0
13,9,79,1,0,27723,27723,0
13,10,42,1,0,1645,1645,0
13,10,44,1,0,3141,3141,0
13,10,48,1,0,4042,4042,0
13,10,51,1,0,9340,9340,0
13,10,52,1,0,11233,11233,0
13,10,53,1,0,12260,12260,0
13,10,54,1,0,28017,28017,0
13,10,56,2,1,13237,13237,0
13,10,63,1,0,20888,20888,0
13,10,66,1,0,23000,23000,0
13,10,67,1,0,24021,24021,0
13,10,68,1,0,25073,25073,0
13,10,69,1,0,25078,25078,0
13,10,70,1,0,25754,25754,0
13,10,73,1,0,26316,26316,0
13,10,74,1,0,27108,27108,0
13,11,47,1,0,3155,3155,0
13,11,48,1,0,4048,4048,0
13,11,49,1,0,5032,5032,0
13,11,51,1,0,6096,6096,0
13,11,54,1,0,10193,10193,0
13,11,56,1,0,13243,13243,0
13,11,58,1,0,14047,14047,0
13,11,62,1,0,15865,15865,0
13,11,63,1,0,15870,15870,0
13,11,67,1,0,23010,23010,0
13,11,68,1,0,24026,24026,0
13,11,69,2,1,24914,24031,1
13,11,71,1,0,25760,25760,0
13,11,73,1,0,26321,26321,0
13,11,77,1,0,27127,27127,0
13,11,79,1,0,27313,27313,0
13,11,80,1,0,27468,27468,0
13,11,82,1,0,27633,27633,0
13,11,83,1,0,27638,27638,0
13,11,84,1,0,27607,27607,0
13,12,45,1,0,1279,1279,0
13,12,46,1,0,1191,1191,0
13,12,50,1,0,4833,4833,0
13,12,59,1,0,14052,14052,0
13,12,61,1,0,14861,14861,0
13,12,63,1,0,15875,15875,0
13,12,67,1,0,17944,17944,0
13,12,76,1,0,26753,26753,0
13,12,78,1,0,27132,27132,0
13,12,80,1,0,27075,27075,0
13,12,81,1,0,27381,27381,0
13,12,83,1,0,27436,27436,0
13,13,52,1,0,1121,1121,0
13,13,54,1,0,6111,6111,0
13,13,55,1,0,6974,6974,0
13,13,57,1,0,8061,8061,0
13,13,64,1,0,15880,15880,0
13,13,68,1,0,17949,17949,0
13,13,69,1,0,17953,17953,0
13,13,70,1,0,18794,18794,0
13,13,78,1,0,22231,22231,0
13,13,80,1,0,26773,26773,0
13,14,49,1,0,861,861,0
13,14,50,1,0,788,788,0
13,14,51,1,0,794,794,0
13,14,52,1,0,797,797,0
13,14,59,1,0,8065,8065,0
13,14,60,1,0,8289,8289,0
13,14,63,1,0,10449,10449,0
13,14,64,1,0,11283,11283,0
13,14,67,1,0,16913,16913,0
13,14,70,1,0,17958,17958,0
13,14,71,1,0,18799,18799,0
13,14,72,2,1,19654,19654,0
13,14,79,1,0,23074,23074,0
13,14,83,1,0,24957,24957,0
13,15,51,1,0,582,582,0
13,15,53,1,0,803,803,0
13,15,60,1,0,8075,8075,0
13,15,61,1,0,8080,8080,0
13,15,63,1,0,10246,10246,0
13,15,64,1,0,11287,11287,0
13,15,66,2,1,11706,11706,0
13,15,67,1,0,13301,13301,0
13,15,75,1,0,19884,19884,0
13,15,78,1,0,21180,21180,0
13,15,79,1,0,22031,22031,0
13,15,81,1,0,23079,23079,0
13,16,57,1,0,823,823,0
13,16,59,1,0,1245,1245,0
13,16,63,1,0,4093,4093,0
13,16,65,1,0,9190,9190,0
13,16,67,1,0,11711,11711,0
13,16,68,1,0,12334,12334,0
13,16,69,1,0,12339,12339,0
13,16,70,1,0,13317,13317,0
13,16,72,1,0,14115,14115,0
13,16,76,1,0,17988,17988,0
13,16,77,2,1,17993,17993,0
13,16,88,1,0,25487,25487,0
13,16,89,1,0,24976,24976,0
13,17,54,1,0,305,305,0
13,17,58,1,0,827,827,0
13,17,71,1,0,13322,13322,0
13,17,74,1,0,13326,13326,0
13,17,75,1,0,15732,15732,0
13,17,83,1,0,22036,22036,0
13,17,86,1,0,23099,23099,0
13,17,89,1,0,23108,23108,0
13,17,91,1,0,25819,25819,0
13,18,54,1,0,259,259,0
13,18,55,1,0,473,473,0
13,18,56,1,0,266,266,0
13,18,57,1,0,270,270,0
13,18,58,1,0,616,616,0
13,18,60,2,1,560,560,0
13,18,62,1,0,1261,1261,0
13,18,64,1,0,1733,1733,0
13,18,65,1,0,1738,1738,0
13,18,67,1,0,3213,3213,0
13,18,76,1,0,15737,15737,0
13,18,82,1,0,19904,19904,0
13,18,88,1,0,21002,21002,0
13,18,89,1,0,22065,22065,0
13,18,91,1,0,24991,24991,0
13,18,94,1,0,25826,25826,0
13,19,57,1,0,113,113,0
13,19,60,1,0,238,238,0
13,19,61,1,0,768,768,0
13,19,66,1,0,2541,2541,0
13,19,73,1,0,11322,11322,0
13,19,78,1,0,14130,14130,0
13,19,84,1,0,18013,18013,0
13,19,87,1,0,19928,19928,0
13,19,90,1,0,22071,22071,0
13,19,91,1,0,23123,23123,0
13,19,92,2,1,23337,23337,0
13,19,94,2,1,24133,24133,0
13,19,95,1,0,25831,25831,0
13,20,58,1,0,63,63,0
13,20,59,1,0,44,44,0
13,20,61,2,1,103,103,0
13,20,62,1,0,248,248,0
13,20,63,1,0,508,508,0
13,20,65,1,0,847,847,0
13,20,67,1,0,2385,2385,0
13,20,71,1,0,4127,4127,0
13,20,78,1,0,13341,13341,0
13,20,79,1,0,14940,14940,0
13,20,80,1,0,14945,14945,0
13,20,83,1,0,16977,16977,0
13,20,84,1,0,18017,18017,0
13,20,85,1,0,18022,18022,0
13,20,87,1,0,18867,18867,0
13,20,89,1,0,19938,19938,0
13,20,90,1,0,21011,21011,0
13,20,91,1,0,22075,22075,0
13,20,92,1,0,22080,22080,0
13,20,96,1,0,25011,25011,0
13,21,60,1,0,16,16,0
13,21,61,1,0,7,7,0
13,21,62,1,0,108,108,0
13,21,68,1,0,1841,1841,0
13,21,69,1,0,2390,2390,0
13,21,70,1,0,2394,2394,0
13,21,77,1,0,9234,9234,0
13,21,83,2,1,15958,14959,1
13,21,84,1,0,16986,16986,0
13,21,85,1,0,16991,16991,0
13,21,86,1,0,18027,18027,0
13,21,88,1,0,18872,18872,0
13,21,90,2,1,19944,19944,0
13,21,91,1,0,21021,21021,0
13,21,92,1,0,22085,22085,0
13,21,95,1,0,23143,23143,0
13,21,96,1,0,24148,24148,0
13,21,97,1,0,25016,25016,0
13,22,61,1,0,2,2,0
13,22,63,1,0,6,6,0
13,22,66,1,0,1275,1275,0
13,22,68,1,0,27869,27869,0
13,22,72,1,0,4132,4132,0
13,22,73,1,0,5134,5134,0
13,22,74,1,0,5140,5140,0
13,22,75,1,0,7058,7058,0
13,22,83,1,0,13370,13370,0
13,22,85,1,0,15973,15973,0
13,22,86,1,0,16996,16996,0
13,22,88,1,0,18037,18037,0
13,22,89,2,1,18877,18877,0
13,22,91,1,0,19953,19953,0
13,22,92,1,0,21026,21026,0
13,22,93,1,0,22090,22090,0
13,22,96,1,0,23148,23148,0
13,22,99,1,0,25856,25856,0
13,23,71,1,0,3230,3230,0
13,23,75,1,0,5992,5992,0
13,23,77,1,0,7283,7283,0
13,23,78,1,0,9244,9244,0
13,23,80,1,0,10319,10319,0
13,23,87,1,0,15983,15983,0
13,23,88,3,1,17006,15988,1
13,23,89,1,0,18042,18042,0
13,23,97,1,0,23153,23153,0
13,23,98,1,0,24158,24158,0
13,23,99,1,0,25031,25031,0
13,23,100,1,0,25860,25860,0
13,24,63,1,0,112,112,0
13,24,72,1,0,3235,3235,0
13,24,74,1,0,4146,4146,0
13,24,75,1,0,4941,4941,0
13,24,79,1,0,9249,9249,0
13,24,82,1,0,11371,11371,0
13,24,83,1,0,12403,12403,0
13,24,85,1,0,13200,13200,0
13,24,87,1,0,14984,14984,0
13,24,88,1,0,15791,15791,0
13,24,90,2,1,18052,17020,1
13,24,95,1,0,21046,21046,0
13,24,96,1,0,22110,22110,0
13,24,97,1,0,23163,23163,0
13,24,98,1,0,23166,23166,0
13,24,99,1,0,24166,24166,0
13,25,72,1,0,3239,3239,0
13,25,74,1,0,3244,3244,0
13,25,76,1,0,5154,5154,0
13,25,77,1,0,6219,6219,0
13,25,78,1,0,7077,7077,0
13,25,79,2,1,7082,7082,0
13,25,80,1,0,8169,8169,0
13,25,81,2,1,9259,9259,0
13,25,88,1,0,14993,14993,0
13,25,90,1,0,17026,17026,0
13,25,92,2,1,19114,18067,1
13,25,93,1,0,19973,19973,0
13,25,97,2,1,22115,22115,0
13,26,72,1,0,2557,2557,0
13,26,74,1,0,3250,3250,0
13,26,78,1,0,6224,6224,0
13,26,82,1,0,9264,9264,0
13,26,89,1,0,14998,14998,0
13,26,90,1,0,15806,15806,0
13,26,92,1,0,18072,18072,0
13,26,93,1,0,18912,18912,0
13,26,95,1,0,19983,19983,0
13,26,96,1,0,21060,21060,0
13,27,73,1,0,2396,2396,0
13,27,84,1,0,10344,10344,0
13,27,86,1,0,12423,12423,0
13,27,90,1,0,15008,15008,0
13,27,91,1,0,16013,16013,0
13,27,94,2,1,18917,18077,1
13,27,96,1,0,19987,19987,0
13,28,76,1,0,3259,3259,0
13,28,77,1,0,4166,4166,0
13,28,79,1,0,5174,5174,0
13,28,80,1,0,6234,6234,0
13,28,81,1,0,7097,7097,0
13,28,82,1,0,8401,8401,0
13,28,87,1,0,12428,12428,0
13,28,89,1,0,13388,13388,0
13,28,94,1,0,18290,18290,0
13,28,95,1,0,18921,18921,0
13,29,75,1,0,2406,2406,0
13,29,76,1,0,3089,3089,0
13,29,79,1,0,5179,5179,0
13,29,83,2,1,8189,8189,0
13,29,85,1,0,10354,10354,0
13,29,88,1,0,12433,12433,0
13,29,89,1,0,13393,13393,0
13,29,91,1,0,15013,15013,0
13,29,93,2,1,17045,16225,1
13,30,75,1,0,2411,2411,0
13,30,81,1,0,6248,6248,0
13,30,82,1,0,7107,7107,0
13,30,87,1,0,11406,11406,0
13,30,88,1,0,12438,12438,0
13,30,89,1,0,27981,27981,0
13,30,91,1,0,28051,28051,0
13,31,76,1,0,2416,2416,0
13,31,80,1,0,5189,5189,0
13,31,83,1,0,7113,7113,0
13,31,84,1,0,8199,8199,0
13,31,86,1,0,9294,9294,0
13,31,87,1,0,10364,10364,0
13,31,88,1,0,11410,11410,0
13,31,89,1,0,27967,27967,0
13,32,77,1,0,2426,2426,0
13,32,79,1,0,3284,3284,0
13,32,81,1,0,4985,4985,0
13,32,83,1,0,7117,7117,0
13,32,85,1,0,8203,8203,0
13,32,87,1,0,9298,9298,0
13,33,76,1,0,1962,1962,0
13,33,79,1,0,3289,3289,0
13,33,81,1,0,4990,4990,0
13,33,85,1,0,7126,7126,0
13,33,86,1,0,8209,8209,0
13,34,78,1,0,1845,1845,0
13,34,79,1,0,2436,2436,0
13,34,80,1,0,3119,3119,0
13,34,81,1,0,4010,4010,0
13,34,82,1,0,4200,4200,0
13,34,83,1,0,5208,5208,0
13,34,84,1,0,6269,6269,0
13,35,79,1,0,2441,2441,0
13,35,81,1,0,3298,3298,0
13,35,82,1,0,4205,4205,0
13,36,79,1,0,1741,1741,0
13,36,80,2,1,2446,2288,1
13,36,81,1,0,3303,3303,0
13,37,79,1,0,27857,27857,0
14,5,46,1,0,27918,27918,0
14,5,47,1,0,8211,8211,0
14,5,48,1,0,9083,9083,0
14,5,59,1,0,28125,28125,0
14,5,60,1,0,20418,20418,0
14,6,44,1,0,5210,5210,0
14,6,45,1,0,6057,6057,0
14,6,46,1,0,7130,7130,0
14,6,47,1,0,7997,7997,0
14,6,48,1,0,9087,9087,0
14,6,49,1,0,9948,9948,0
14,6,57,1,0,18291,18291,0
14,6,58,1,0,18922,18922,0
14,6,59,1,0,19776,19776,0
14,6,60,1,0,20849,20849,0
14,6,61,1,0,21908,21908,0
14,6,62,1,0,22958,22958,0
14,7,42,1,0,3482,3482,0
14,7,43,1,0,4019,4019,0
14,7,44,1,0,4798,4798,0
14,7,45,1,0,5849,5849,0
14,7,46,1,0,7136,7136,0
14,7,47,1,0,8002,8002,0
14,7,48,1,0,9092,9092,0
14,7,49,1,0,10161,10161,0
14,7,50,1,0,11204,11204,0
14,7,51,1,0,12238,12238,0
14,7,56,1,0,16840,16840,0
14,7,57,1,0,17874,17874,0
14,7,58,1,0,18716,18716,0
14,7,59,1,0,19565,19565,0
14,7,60,1,0,20854,20854,0
14,7,61,1,0,21913,21913,0
14,8,41,1,0,2451,2451,0
14,8,42,1,0,3131,3131,0
14,8,43,1,0,4023,4023,0
14,8,44,1,0,5007,5007,0
14,8,45,2,1,27900,5853,1
14,8,46,2,1,7146,6925,1
14,8,47,1,0,8012,8012,0
14,8,48,1,0,9097,9097,0
14,8,49,1,0,10167,10167,0
14,8,50,1,0,11209,11209,0
14,8,51,1,0,12241,12241,0
14,8,52,1,0,13218,13218,0
14,8,53,1,0,14012,14012,0
14,8,55,1,0,15826,15826,0
14,8,56,1,0,16843,16843,0
14,8,58,1,0,17899,17899,0
14,8,64,1,0,21937,21937,0
14,8,71,1,0,27093,27093,0
14,8,76,1,0,27608,27608,0
14,8,78,1,0,27674,27674,0
14,8,80,1,0,27795,27795,0
14,9,41,1,0,1745,1745,0
14,9,42,2,1,3135,2293,1
14,9,44,1,0,4028,4028,0
14,9,46,1,0,7150,7150,0
14,9,49,1,0,9111,9111,0
14,9,52,1,0,12255,12255,0
14,9,53,1,0,12260,12260,0
14,9,60,2,1,18744,17904,1
14,9,65,1,0,22995,22995,0
14,9,66,1,0,23000,23000,0
14,9,67,1,0,24016,24016,0
14,9,73,1,0,26733,26733,0
14,9,79,1,0,27723,27723,0
14,9,81,1,0,27732,27732,0
14,10,42,1,0,1645,1645,0
14,10,44,1,0,3141,3141,0
14,10,51,1,0,6949,6949,0
14,10,52,1,0,11233,11233,0
14,10,54,1,0,28017,28017,0
14,10,56,3,1,13243,13237,1
14,10,61,1,0,18749,18749,0
14,10,63,1,0,20888,20888,0
14,10,67,1,0,24021,24021,0
14,10,68,1,0,25073,25073,0
14,10,69,2,1,25078,25078,0
14,10,70,1,0,25754,25754,0
14,10,73,1,0,26316,26316,0
14,10,74,1,0,27108,27108,0
14,10,78,1,0,27411,27411,0
14,10,80,1,0,27468,27468,0
14,10,81,1,0,27628,27628,0
14,10,82,1,0,27633,27633,0
14,11,45,1,0,1279,1279,0
14,11,47,1,0,3155,3155,0
14,11,48,1,0,4048,4048,0
14,11,49,1,0,5032,5032,0
14,11,50,1,0,4833,4833,0
14,11,51,1,0,6096,6096,0
14,11,54,1,0,10193,10193,0
14,11,62,1,0,15865,15865,0
14,11,63,1,0,15870,15870,0
14,11,68,1,0,24026,24026,0
14,11,69,1,0,24914,24914,0
14,11,71,1,0,25760,25760,0
14,11,73,1,0,26321,26321,0
14,11,75,1,0,26748,26748,0
14,11,77,1,0,27127,27127,0
14,11,78,1,0,27313,27313,0
14,11,83,2,1,27638,27436,1
14,11,84,1,0,27607,27607,0
14,12,46,1,0,1191,1191,0
14,12,54,1,0,7185,7185,0
14,12,57,1,0,13253,13253,0
14,12,63,1,0,15875,15875,0
14,12,64,1,0,15880,15880,0
14,12,66,1,0,16903,16903,0
14,12,67,1,0,17944,17944,0
14,12,80,1,0,27075,27075,0
14,12,81,1,0,27381,27381,0
14,13,49,1,0,861,861,0
14,13,51,1,0,794,794,0
14,13,54,1,0,6111,6111,0
14,13,55,2,1,6974,6116,1
14,13,57,1,0,8061,8061,0
14,13,59,1,0,8065,8065,0
14,13,68,1,0,17949,17949,0
14,13,69,1,0,17953,17953,0
14,13,70,1,0,17958,17958,0
14,13,71,1,0,18799,18799,0
14,13,72,1,0,19654,19654,0
14,13,78,2,1,22025,22025,0
14,13,83,1,0,24957,24957,0
14,14,50,1,0,788,788,0
14,14,52,1,0,797,797,0
14,14,54,1,0,803,803,0
14,14,59,1,0,6988,6988,0
14,14,60,1,0,8289,8289,0
14,14,61,1,0,9161,9161,0
14,14,63,1,0,10449,10449,0
14,14,64,1,0,11283,11283,0
14,14,65,1,0,11287,11287,0
14,14,74,1,0,21165,21165,0
14,14,75,1,0,19884,19884,0
14,14,78,1,0,21180,21180,0
14,14,82,1,0,23079,23079,0
14,14,88,1,0,25487,25487,0
14,15,51,1,0,582,582,0
14,15,52,1,0,520,520,0
14,15,55,1,0,808,808,0
14,15,56,1,0,812,812,0
14,15,59,1,0,1245,1245,0
14,15,60,1,0,8075,8075,0
14,15,62,1,0,8302,8302,0
14,15,64,1,0,10246,10246,0
14,15,66,1,0,11706,11706,0
14,15,67,2,1,10260,10260,0
14,15,70,1,0,13312,13312,0
14,15,78,1,0,18834,18834,0
14,15,79,1,0,22031,22031,0
14,15,85,1,0,24094,24094,0
14,15,89,1,0,24976,24976,0
14,15,91,1,0,25819,25819,0
14,16,58,1,0,823,823,0
14,16,59,1,0,827,827,0
14,16,66,1,0,9190,9190,0
14,16,67,1,0,11711,11711,0
14,16,68,1,0,12334,12334,0
14,16,69,1,0,12339,12339,0
14,16,72,1,0,14115,14115,0
14,16,76,1,0,17988,17988,0
14,16,77,1,0,17993,17993,0
14,16,83,1,0,22036,22036,0
14,16,85,1,0,23094,23094,0
14,16,86,1,0,23099,23099,0
14,16,89,1,0,23108,23108,0
14,16,92,2,1,24991,24991,0
14,17,54,2,1,305,259,1
14,17,56,1,0,479,479,0
14,17,57,1,0,266,266,0
14,17,58,1,0,270,270,0
14,17,59,1,0,616,616,0
14,17,61,1,0,838,838,0
14,17,64,1,0,1733,1733,0
14,17,66,1,0,3208,3208,0
14,17,71,1,0,13322,13322,0
14,17,74,1,0,13326,13326,0
14,17,76,1,0,15737,15737,0
14,17,79,1,0,15944,15944,0
14,17,82,1,0,19904,19904,0
14,17,87,1,0,20996,20996,0
14,17,89,1,0,21002,21002,0
14,17,90,1,0,22065,22065,0
14,17,92,1,0,24123,24123,0
14,17,93,1,0,24128,24128,0
14,17,94,1,0,25826,25826,0
14,17,95,1,0,25831,25831,0
14,18,57,1,0,113,113,0
14,18,58,1,0,229,229,0
14,18,59,1,0,234,234,0
14,18,61,1,0,560,560,0
14,18,65,1,0,1738,1738,0
14,18,67,2,1,2541,2541,0
14,18,73,2,1,12349,11322,1
14,18,78,1,0,14130,14130,0
14,18,84,1,0,18013,18013,0
14,18,87,1,0,19928,19928,0
14,18,91,2,1,22071,22071,0
14,18,93,1,0,23337,23337,0
14,18,95,1,0,25006,25006,0
14,19,60,1,0,44,44,0
14,19,62,1,0,248,248,0
14,19,63,1,0,508,508,0
14,19,65,1,0,847,847,0
14,19,67,1,0,2385,2385,0
14,19,70,1,0,4122,4122,0
14,19,75,1,0,11119,11119,0
14,19,76,1,0,12359,12359,0
14,19,78,1,0,13341,13341,0
14,19,79,1,0,14135,14135,0
14,19,80,1,0,14940,14940,0
14,19,84,1,0,16977,16977,0
14,19,86,1,0,18022,18022,0
14,19,87,1,0,18867,18867,0
14,19,90,1,0,19938,19938,0
14,19,91,1,0,21016,21016,0
14,19,95,1,0,23138,23138,0
14,19,97,1,0,25016,25016,0
14,19,98,1,0,25846,25846,0
14,19,100,1,0,25856,25856,0
14,20,61,2,1,16,16,0
14,20,62,1,0,103,103,0
14,20,63,1,0,108,108,0
14,20,70,1,0,2390,2390,0
14,20,72,1,0,4127,4127,0
14,20,81,1,0,12388,12388,0
14,20,83,1,0,15958,15958,0
14,20,85,1,0,15968,15968,0
14,20,86,1,0,18027,18027,0
14,20,89,2,1,18872,18872,0
14,20,90,1,0,19944,19944,0
14,20,92,1,0,21021,21021,0
14,20,93,1,0,22085,22085,0
14,20,95,1,0,23143,23143,0
14,20,96,1,0,23148,23148,0
14,20,97,1,0,24148,24148,0
14,20,100,1,0,25031,25031,0
14,20,101,1,0,25860,25860,0
14,21,62,2,1,2,2,0
14,21,64,1,0,6,6,0
14,21,67,1,0,1275,1275,0
14,21,69,1,0,27869,27869,0
14,21,74,1,0,5134,5134,0
14,21,75,1,0,5140,5140,0
14,21,76,1,0,7058,7058,0
14,21,85,1,0,15973,15973,0
14,21,86,1,0,16996,16996,0
14,21,89,1,0,18037,18037,0
14,21,92,1,0,19953,19953,0
14,21,94,1,0,21036,21036,0
14,21,95,1,0,22100,22100,0
14,21,98,2,1,23153,23153,0
14,21,100,1,0,25035,25035,0
14,22,65,1,0,860,860,0
14,22,72,1,0,3230,3230,0
14,22,76,1,0,5992,5992,0
14,22,77,1,0,7283,7283,0
14,22,79,1,0,9244,9244,0
14,22,80,1,0,10319,10319,0
14,22,81,1,0,11361,11361,0
14,22,84,1,0,12403,12403,0
14,22,85,1,0,13200,13200,0
14,22,87,1,0,14984,14984,0
14,22,88,1,0,15988,15988,0
14,22,89,2,1,17011,15791,1
14,22,90,1,0,17020,17020,0
14,22,91,1,0,18052,18052,0
14,22,97,1,0,22110,22110,0
14,22,98,2,1,23158,23158,0
14,22,99,1,0,23166,23166,0
14,23,64,2,1,112,112,0
14,23,73,1,0,3235,3235,0
14,23,74,1,0,4141,4141,0
14,23,75,1,0,4146,4146,0
14,23,76,1,0,4941,4941,0
14,23,78,1,0,7072,7072,0
14,23,79,1,0,7077,7077,0
14,23,80,2,1,8164,8164,0
14,23,82,1,0,10538,10538,0
14,23,83,1,0,11371,11371,0
14,23,88,1,0,14989,14989,0
14,23,93,1,0,19114,19114,0
14,23,94,1,0,18912,18912,0
14,23,96,1,0,21046,21046,0
14,23,97,1,0,21051,21051,0
14,23,98,1,0,22115,22115,0
14,24,73,1,0,3239,3239,0
14,24,77,1,0,5159,5159,0
14,24,78,1,0,6219,6219,0
14,24,79,1,0,6224,6224,0
14,24,80,1,0,7082,7082,0
14,24,81,1,0,8169,8169,0
14,24,89,1,0,14993,14993,0
14,24,90,1,0,14998,14998,0
14,24,92,1,0,17036,17036,0
14,24,95,1,0,18917,18917,0
14,24,96,1,0,19983,19983,0
14,24,98,1,0,21060,21060,0
14,25,73,1,0,2557,2557,0
14,25,75,1,0,3244,3244,0
14,25,77,1,0,4156,4156,0
14,25,83,2,1,9264,9264,0
14,25,85,1,0,11385,11385,0
14,25,91,1,0,15008,15008,0
14,25,92,1,0,16013,16013,0
14,25,95,1,0,18077,18077,0
14,25,97,1,0,19987,19987,0
14,26,74,1,0,2396,2396,0
14,26,76,1,0,3254,3254,0
14,26,81,1,0,6234,6234,0
14,26,83,1,0,8179,8179,0
14,26,84,1,0,9274,9274,0
14,26,85,1,0,10344,10344,0
14,26,90,1,0,13388,13388,0
14,27,75,1,0,2401,2401,0
14,27,77,1,0,3259,3259,0
14,27,78,1,0,4166,4166,0
14,27,80,1,0,5174,5174,0
14,27,81,1,0,6239,6239,0
14,27,83,1,0,8401,8401,0
14,27,86,2,1,10354,10349,1
14,27,89,1,0,12433,12433,0
14,27,90,1,0,13393,13393,0
14,27,92,1,0,15013,15013,0
14,27,94,1,0,16225,16225,0
14,27,95,1,0,17045,17045,0
14,28,76,1,0,2406,2406,0
14,28,77,1,0,3089,3089,0
14,28,78,1,0,3269,3269,0
14,28,79,1,0,4171,4171,0
14,28,80,1,0,5179,5179,0
14,28,82,1,0,6244,6244,0
14,28,83,1,0,7107,7107,0
14,28,84,1,0,8189,8189,0
14,28,85,1,0,8413,8413,0
14,28,86,1,0,9502,9502,0
14,28,87,1,0,10359,10359,0
14,28,91,1,0,27981,27981,0
14,28,93,1,0,28051,28051,0
14,29,77,1,0,2411,2411,0
14,29,85,1,0,8199,8199,0
14,29,87,1,0,9294,9294,0
14,29,88,1,0,10364,10364,0
14,29,89,1,0,11410,11410,0
14,29,90,1,0,27967,27967,0
14,30,77,1,0,2416,2416,0
14,30,78,1,0,2421,2421,0
14,30,81,1,0,4186,4186,0
14,30,82,2,1,5189,4985,1
14,30,84,1,0,6259,6259,0
14,30,85,1,0,7117,7117,0
14,30,86,1,0,8203,8203,0
14,30,88,1,0,9298,9298,0
14,31,79,1,0,2426,2426,0
14,31,80,1,0,3284,3284,0
14,31,82,1,0,4190,4190,0
14,31,83,1,0,4990,4990,0
14,31,85,1,0,6051,6051,0
14,31,87,1,0,8209,8209,0
14,32,78,1,0,1962,1962,0
14,32,80,1,0,2431,2431,0
14,32,86,2,1,7126,6269,1
14,33,79,2,1,1845,1845,0
14,33,81,1,0,2441,2441,0
14,33,82,2,1,3298,3119,1
14,33,83,1,0,4200,4200,0
14,33,85,1,0,5208,5208,0
14,34,82,1,0,2446,2446,0
14,34,83,1,0,3303,3303,0
14,35,80,1,0,1741,1741,0
14,35,81,1,0,27857,27857,0
15,5,46,1,0,27918,27918,0
15,5,47,1,0,8211,8211,0
15,5,48,1,0,9083,9083,0
15,5,59,1,0,28125,28125,0
15,5,60,1,0,20418,20418,0
15,6,44,1,0,5210,5210,0
15,6,45,1,0,6057,6057,0
15,6,46,1,0,7130,7130,0
15,6,47,1,0,7997,7997,0
15,6,48,1,0,9087,9087,0
15,6,49,1,0,9948,9948,0
15,6,57,1,0,18291,18291,0
15,6,58,1,0,18922,18922,0
15,6,59,1,0,19776,19776,0
15,6,60,1,0,20849,20849,0
15,6,61,1,0,21908,21908,0
15,6,62,1,0,22958,22958,0
15,7,42,1,0,3482,3482,0
15,7,43,1,0,4019,4019,0
15,7,44,1,0,4798,4798,0
15,7,45,1,0,5849,5849,0
15,7,46,1,0,7136,7136,0
15,7,47,1,0,8002,8002,0
15,7,48,1,0,9092,9092,0
15,7,49,1,0,10161,10161,0
15,7,50,1,0,11204,11204,0
15,7,51,1,0,12238,12238,0
15,7,56,1,0,16840,16840,0
15,7,57,1,0,17874,17874,0
15,7,58,1,0,18716,18716,0
15,7,59,1,0,19565,19565,0
15,7,61,1,0,21913,21913,0
15,7,62,1,0,22961,22961,0
15,7,63,1,0,21937,21937,0
15,7,76,1,0,27608,27608,0
15,7,77,1,0,27674,27674,0
15,7,80,1,0,27795,27795,0
15,7,81,1,0,27809,27809,0
15,8,41,1,0,2451,2451,0
15,8,42,1,0,3131,3131,0
15,8,43,1,0,4023,4023,0
15,8,44,1,0,5007,5007,0
15,8,45,2,1,27900,5853,1
15,8,46,2,1,7146,6925,1
15,8,47,1,0,8012,8012,0
15,8,48,1,0,9097,9097,0
15,8,49,2,1,10171,10167,1
15,8,50,1,0,11209,11209,0
15,8,51,1,0,12241,12241,0
15,8,52,1,0,13218,13218,0
15,8,53,1,0,14012,14012,0
15,8,55,1,0,15826,15826,0
15,8,56,1,0,16843,16843,0
15,8,58,1,0,17899,17899,0
15,8,60,1,0,19810,19810,0
15,8,63,1,0,20883,20883,0
15,8,71,1,0,27093,27093,0
15,8,79,1,0,27723,27723,0
15,8,82,1,0,27814,27814,0
15,9,41,1,0,1745,1745,0
15,9,42,2,1,3135,2293,1
15,9,44,1,0,4028,4028,0
15,9,46,1,0,7150,7150,0
15,9,47,1,0,8016,8016,0
15,9,49,2,1,9111,9111,0
15,9,51,1,0,11228,11228,0
15,9,52,1,0,12255,12255,0
15,9,55,1,0,14032,14032,0
15,9,60,1,0,18744,18744,0
15,9,63,1,0,20888,20888,0
15,9,65,1,0,22995,22995,0
15,9,68,1,0,25073,25073,0
15,9,69,1,0,25750,25750,0
15,9,72,1,0,26733,26733,0
15,9,73,1,0,27108,27108,0
15,9,77,1,0,27411,27411,0
15,9,79,1,0,27623,27623,0
15,10,42,1,0,1645,1645,0
15,10,44,1,0,3141,3141,0
15,10,52,1,0,11233,11233,0
15,10,53,1,0,28017,28017,0
15,10,56,2,1,13243,13237,1
15,10,61,1,0,18749,18749,0
15,10,67,1,0,24021,24021,0
15,10,69,2,1,25078,24914,1
15,10,71,1,0,25760,25760,0
15,10,72,1,0,26316,26316,0
15,10,73,1,0,26321,26321,0
15,10,77,1,0,27127,27127,0
15,10,78,1,0,27313,27313,0
15,10,79,1,0,27468,27468,0
15,10,82,2,1,27633,27633,0
15,10,83,1,0,27607,27607,0
15,11,46,1,0,1279,1279,0
15,11,49,1,0,5032,5032,0
15,11,50,1,0,4833,4833,0
15,11,51,1,0,6096,6096,0
15,11,54,1,0,10193,10193,0
15,11,57,1,0,13253,13253,0
15,11,60,1,0,14856,14856,0
15,11,62,1,0,15865,15865,0
15,11,63,1,0,15870,15870,0
15,11,72,1,0,25098,25098,0
15,11,76,1,0,26753,26753,0
15,11,79,1,0,27137,27137,0
15,11,81,1,0,27381,27381,0
15,11,82,1,0,27436,27436,0
15,12,46,1,0,1191,1191,0
15,12,55,1,0,7185,7185,0
15,12,61,1,0,14861,14861,0
15,12,63,1,0,15875,15875,0
15,12,64,1,0,15880,15880,0
15,12,65,1,0,16903,16903,0
15,12,67,1,0,17944,17944,0
15,12,68,2,1,17949,17949,0
15,12,70,1,0,18794,18794,0
15,12,78,1,0,22231,22231,0
15,12,83,1,0,24957,24957,0
15,13,49,1,0,861,861,0
15,13,50,1,0,788,788,0
15,13,52,1,0,794,794,0
15,13,54,1,0,6111,6111,0
15,13,55,1,0,6974,6974,0
15,13,57,1,0,8061,8061,0
15,13,59,1,0,8065,8065,0
15,13,69,1,0,17953,17953,0
15,13,70,1,0,17958,17958,0
15,13,71,2,1,18799,18799,0
15,13,78,1,0,22025,22025,0
15,13,81,1,0,23079,23079,0
15,13,82,1,0,24084,24084,0
15,13,88,1,0,25487,25487,0
15,14,52,1,0,582,582,0
15,14,53,1,0,797,797,0
15,14,54,1,0,803,803,0
15,14,56,1,0,812,812,0
15,14,58,1,0,7200,7200,0
15,14,59,1,0,6988,6988,0
15,14,60,1,0,8289,8289,0
15,14,61,1,0,9161,9161,0
15,14,64,1,0,11283,11283,0
15,14,65,1,0,11287,11287,0
15,14,67,1,0,13301,13301,0
15,14,70,1,0,13312,13312,0
15,14,75,1,0,19884,19884,0
15,14,78,1,0,21180,21180,0
15,14,79,1,0,22031,22031,0
15,14,89,1,0,24976,24976,0
15,14,90,1,0,25659,25659,0
15,15,53,1,0,464,464,0
15,15,60,1,0,8075,8075,0
15,15,62,1,0,8302,8302,0
15,15,64,1,0,10246,10246,0
15,15,66,1,0,11706,11706,0
15,15,71,1,0,13317,13317,0
15,15,76,1,0,17988,17988,0
15,15,77,1,0,17993,17993,0
15,15,78,1,0,18834,18834,0
15,15,83,1,0,22036,22036,0
15,15,86,1,0,23099,23099,0
15,15,89,1,0,23108,23108,0
15,15,92,1,0,24991,24991,0
15,15,95,1,0,25831,25831,0
15,16,55,2,1,259,259,0
15,16,57,1,0,266,266,0
15,16,58,1,0,270,270,0
15,16,59,2,1,616,616,0
15,16,67,1,0,11711,11711,0
15,16,69,1,0,12334,12334,0
15,16,70,1,0,12339,12339,0
15,16,72,1,0,14115,14115,0
15,16,75,1,0,15732,15732,0
15,16,82,1,0,19904,19904,0
15,16,87,1,0,20996,20996,0
15,16,89,2,1,21002,21002,0
15,16,90,1,0,22065,22065,0
15,16,92,1,0,23123,23123,0
15,16,93,1,0,23337,23337,0
15,16,97,1,0,25011,25011,0
15,17,58,1,0,113,113,0
15,17,64,1,0,1733,1733,0
15,17,66,1,0,3208,3208,0
15,17,71,1,0,13322,13322,0
15,17,74,1,0,13326,13326,0
15,17,77,1,0,15737,15737,0
15,17,79,1,0,15944,15944,0
15,17,85,2,1,18013,18013,0
15,17,87,1,0,19928,19928,0
15,17,90,1,0,21011,21011,0
15,17,91,1,0,22071,22071,0
15,17,92,1,0,22075,22075,0
15,17,95,1,0,23138,23138,0
15,17,99,1,0,25846,25846,0
15,17,101,1,0,25856,25856,0
15,18,60,1,0,44,44,0
15,18,63,2,1,103,103,0
15,18,64,1,0,508,508,0
15,18,66,1,0,847,847,0
15,18,67,1,0,2541,2541,0
15,18,68,1,0,2385,2385,0
15,18,70,1,0,4122,4122,0
15,18,74,1,0,11322,11322,0
15,18,79,1,0,14130,14130,0
15,18,80,1,0,14940,14940,0
15,18,85,1,0,16981,16981,0
15,18,86,1,0,18022,18022,0
15,18,88,1,0,18867,18867,0
15,18,89,1,0,18872,18872,0
15,18,90,1,0,19938,19938,0
15,18,91,1,0,21016,21016,0
15,18,92,1,0,21021,21021,0
15,18,93,1,0,22085,22085,0
15,18,97,1,0,24148,24148,0
15,18,100,1,0,25031,25031,0
15,19,61,1,0,16,16,0
15,19,62,1,0,7,7,0
15,19,64,1,0,108,108,0
15,19,70,1,0,2390,2390,0
15,19,71,1,0,2394,2394,0
15,19,72,1,0,4127,4127,0
15,19,77,1,0,12359,12359,0
15,19,78,1,0,13341,13341,0
15,19,80,1,0,14001,14001,0
15,19,82,1,0,12388,12388,0
15,19,87,1,0,18027,18027,0
15,19,89,1,0,18037,18037,0
15,19,90,1,0,18877,18877,0
15,19,91,1,0,19944,19944,0
15,19,93,1,0,21026,21026,0
15,19,94,1,0,22090,22090,0
15,19,95,1,0,22095,22095,0
15,19,96,1,0,22100,22100,0
15,19,97,1,0,23148,23148,0
15,19,98,1,0,23153,23153,0
15,19,99,1,0,24158,24158,0
15,19,100,1,0,24166,24166,0
15,19,101,1,0,25035,25035,0
15,20,63,1,0,2,2,0
15,20,64,1,0,6,6,0
15,20,65,1,0,299,299,0
15,20,68,1,0,1275,1275,0
15,20,69,1,0,27869,27869,0
15,20,74,2,1,4132,4132,0
15,20,82,1,0,11361,11361,0
15,20,86,1,0,15973,15973,0
15,20,87,1,0,16996,16996,0
15,20,89,1,0,15988,15988,0
15,20,90,1,0,18042,18042,0
15,20,91,1,0,18882,18882,0
15,20,92,1,0,19953,19953,0
15,20,93,1,0,19958,19958,0
15,20,98,1,0,22110,22110,0
15,20,99,1,0,23163,23163,0
15,20,100,1,0,23166,23166,0
15,21,74,1,0,4137,4137,0
15,21,75,1,0,5140,5140,0
15,21,76,1,0,5992,5992,0
15,21,78,1,0,7283,7283,0
15,21,80,1,0,9244,9244,0
15,21,81,2,1,9249,9249,0
15,21,84,2,1,11371,11371,0
15,21,86,1,0,13200,13200,0
15,21,88,1,0,14984,14984,0
15,21,89,1,0,15791,15791,0
15,21,93,1,0,18067,18067,0
15,21,96,1,0,21046,21046,0
15,21,98,1,0,21051,21051,0
15,21,99,1,0,22115,22115,0
15,22,64,1,0,112,112,0
15,22,65,1,0,258,258,0
15,22,72,1,0,3230,3230,0
15,22,73,1,0,3235,3235,0
15,22,75,1,0,4141,4141,0
15,22,76,1,0,4146,4146,0
15,22,77,2,1,4941,4941,0
15,22,79,2,1,7077,7072,1
15,22,83,1,0,10538,10538,0
15,22,89,2,1,14993,14989,1
15,22,90,1,0,14998,14998,0
15,22,93,1,0,17036,17036,0
15,22,95,1,0,18912,18912,0
15,22,98,1,0,21060,21060,0
15,23,80,2,1,6224,6224,0
15,23,84,1,0,9264,9264,0
15,23,93,1,0,16013,16013,0
15,23,96,2,1,18077,18077,0
15,23,98,1,0,19987,19987,0
15,24,74,2,1,2557,2557,0
15,24,75,1,0,3244,3244,0
15,24,76,1,0,3250,3250,0
15,24,82,1,0,7087,7087,0
15,24,84,1,0,9487,9487,0
15,24,86,1,0,10344,10344,0
15,24,92,1,0,15008,15008,0
15,24,96,1,0,18290,18290,0
15,25,77,1,0,3254,3254,0
15,25,82,1,0,6234,6234,0
15,25,84,1,0,8401,8401,0
15,25,85,1,0,9274,9274,0
15,25,87,1,0,10349,10349,0
15,25,91,1,0,13388,13388,0
15,25,93,1,0,15013,15013,0
15,25,95,1,0,16225,16225,0
15,25,96,1,0,17045,17045,0
15,26,78,1,0,3259,3259,0
15,26,79,1,0,4166,4166,0
15,26,80,1,0,4171,4171,0
15,26,85,1,0,8189,8189,0
15,26,87,2,1,9502,9502,0
15,26,90,1,0,11406,11406,0
15,26,91,2,1,12438,12438,0
15,26,92,1,0,27981,27981,0
15,26,94,1,0,28051,28051,0
15,27,77,1,0,2406,2406,0
15,27,79,1,0,3269,3269,0
15,27,81,1,0,4176,4176,0
15,27,82,1,0,5184,5184,0
15,27,86,1,0,8413,8413,0
15,27,89,1,0,10364,10364,0
15,27,91,1,0,11410,11410,0
15,27,92,1,0,27967,27967,0
15,28,78,1,0,2411,2411,0
15,28,82,1,0,4181,4181,0
15,28,84,1,0,6039,6039,0
15,28,85,1,0,7113,7113,0
15,28,86,1,0,7117,7117,0
15,28,87,1,0,8203,8203,0
15,28,88,1,0,9294,9294,0
15,28,90,1,0,10368,10368,0
15,29,78,1,0,2416,2416,0
15,29,79,1,0,2421,2421,0
15,29,81,1,0,3279,3279,0
15,29,83,1,0,4190,4190,0
15,29,85,1,0,6259,6259,0
15,29,87,1,0,7122,7122,0
15,29,90,1,0,9298,9298,0
15,30,80,1,0,2426,2426,0
15,30,81,1,0,3284,3284,0
15,30,84,1,0,4990,4990,0
15,30,86,1,0,6051,6051,0
15,30,88,1,0,7126,7126,0
15,30,89,1,0,8209,8209,0
15,31,81,1,0,2431,2431,0
15,31,82,1,0,2436,2436,0
15,31,83,1,0,3119,3119,0
15,31,85,1,0,4200,4200,0
15,31,87,1,0,6269,6269,0
15,32,80,1,0,1967,1967,0
15,32,83,1,0,2441,2441,0
15,32,84,1,0,3298,3298,0
15,32,85,1,0,4205,4205,0
15,33,83,1,0,2446,2446,0
15,33,85,1,0,3303,3303,0
15,34,82,2,1,1741,1741,0
15,34,83,1,0,2288,2288,0
16,5,46,1,0,27918,27918,0
16,5,47,1,0,8211,8211,0
16,5,48,1,0,9083,9083,0
16,5,59,1,0,28125,28125,0
16,5,60,1,0,20418,20418,0
16,6,44,1,0,5210,5210,0
16,6,45,1,0,6057,6057,0
16,6,46,1,0,7130,7130,0
16,6,47,1,0,7997,7997,0
16,6,48,1,0,9087,9087,0
16,6,49,1,0,9948,9948,0
16,6,57,1,0,18291,18291,0
16,6,58,1,0,18922,18922,0
16,6,59,1,0,19776,19776,0
16,6,60,1,0,20849,20849,0
16,6,61,1,0,21908,21908,0
16,7,42,1,0,3482,3482,0
16,7,43,1,0,4019,4019,0
16,7,44,1,0,4798,4798,0
16,7,45,1,0,5849,5849,0
16,7,46,1,0,7136,7136,0
16,7,47,1,0,8002,8002,0
16,7,48,1,0,9092,9092,0
16,7,49,1,0,10161,10161,0
16,7,50,1,0,11204,11204,0
16,7,51,1,0,12238,12238,0
16,7,56,1,0,16840,16840,0
16,7,57,1,0,17874,17874,0
16,7,58,1,0,18716,18716,0
16,7,59,1,0,19565,19565,0
16,7,61,1,0,21913,21913,0
16,7,62,1,0,22961,22961,0
16,7,63,1,0,21937,21937,0
16,7,76,1,0,27608,27608,0
16,7,77,1,0,27674,27674,0
16,7,79,1,0,27723,27723,0
16,7,80,1,0,27795,27795,0
16,7,82,1,0,27814,27814,0
16,8,41,1,0,2451,2451,0
16,8,42,1,0,3131,3131,0
16,8,43,1,0,4023,4023,0
16,8,44,1,0,5007,5007,0
16,8,45,2,1,27900,5853,1
16,8,46,2,1,7146,6925,1
16,8,47,1,0,8012,8012,0
16,8,48,1,0,9097,9097,0
16,8,49,1,0,10167,10167,0
16,8,50,1,0,11209,11209,0
16,8,51,1,0,12241,12241,0
16,8,52,1,0,13218,13218,0
16,8,53,1,0,14012,14012,0
16,8,55,1,0,15826,15826,0
16,8,56,1,0,16843,16843,0
16,8,57,1,0,17890,17890,0
16,8,58,1,0,17899,17899,0
16,8,59,1,0,18951,18951,0
16,8,60,1,0,19810,19810,0
16,8,70,1,0,27093,27093,0
16,8,72,2,1,26733,26733,0
16,8,77,1,0,27613,27613,0
16,8,83,1,0,27818,27818,0
16,9,41,1,0,1745,1745,0
16,9,42,2,1,3135,2293,1
16,9,44,1,0,4028,4028,0
16,9,46,1,0,7150,7150,0
16,9,49,1,0,9111,9111,0
16,9,51,1,0,11228,11228,0
16,9,52,1,0,12255,12255,0
16,9,53,1,0,12260,12260,0
16,9,60,2,1,18744,17904,1
16,9,61,1,0,18749,18749,0
16,9,63,1,0,20888,20888,0
16,9,65,1,0,22995,22995,0
16,9,66,1,0,24016,24016,0
16,9,68,1,0,25073,25073,0
16,9,69,1,0,25750,25750,0
16,9,71,1,0,26646,26646,0
16,9,72,1,0,26316,26316,0
16,9,73,1,0,27108,27108,0
16,9,76,1,0,27406,27406,0
16,9,77,1,0,27411,27411,0
16,9,79,1,0,27623,27623,0
16,9,81,1,0,27633,27633,0
16,10,42,1,0,1645,1645,0
16,10,44,1,0,3141,3141,0
16,10,48,1,0,4042,4042,0
16,10,52,1,0,11233,11233,0
16,10,53,1,0,28017,28017,0
16,10,55,1,0,14836,14836,0
16,10,56,2,1,13243,13237,1
16,10,62,1,0,15865,15865,0
16,10,67,1,0,24021,24021,0
16,10,68,1,0,24026,24026,0
16,10,69,3,1,25078,24914,1
16,10,70,1,0,25760,25760,0
16,10,73,1,0,26321,26321,0
16,10,77,1,0,27127,27127,0
16,10,78,1,0,27313,27313,0
16,10,82,1,0,27638,27638,0
16,10,83,1,0,27607,27607,0
16,11,46,2,1,1279,1191,1
16,11,49,2,1,5032,4048,1
16,11,50,1,0,4833,4833,0
16,11,51,1,0,6096,6096,0
16,11,54,1,0,10193,10193,0
16,11,57,1,0,13253,13253,0
16,11,59,1,0,14052,14052,0
16,11,60,1,0,14856,14856,0
16,11,63,1,0,15870,15870,0
16,11,67,1,0,17944,17944,0
16,11,72,1,0,25098,25098,0
16,11,75,1,0,26753,26753,0
16,11,79,1,0,27137,27137,0
16,11,81,1,0,27381,27381,0
16,11,82,1,0,27436,27436,0
16,12,60,1,0,14055,14055,0
16,12,63,1,0,15875,15875,0
16,12,64,1,0,15880,15880,0
16,12,65,1,0,16903,16903,0
16,12,67,1,0,17949,17949,0
16,12,68,1,0,18790,18790,0
16,12,69,1,0,17953,17953,0
16,12,70,1,0,18794,18794,0
16,12,78,2,1,22025,22025,0
16,12,83,1,0,24957,24957,0
16,13,49,1,0,861,861,0
16,13,50,1,0,788,788,0
16,13,55,1,0,6974,6974,0
16,13,57,1,0,8061,8061,0
16,13,59,1,0,8065,8065,0
16,13,61,1,0,9161,9161,0
16,13,64,1,0,11283,11283,0
16,13,66,1,0,16909,16909,0
16,13,70,1,0,17958,17958,0
16,13,71,2,1,18799,18799,0
16,13,78,1,0,21180,21180,0
16,13,81,1,0,23079,23079,0
16,13,82,1,0,23084,23084,0
16,13,88,1,0,25487,25487,0
16,14,52,2,1,582,520,1
16,14,54,1,0,803,803,0
16,14,56,1,0,812,812,0
16,14,58,1,0,7200,7200,0
16,14,60,2,1,8289,8075,1
16,14,63,1,0,10449,10449,0
16,14,65,1,0,11287,11287,0
16,14,66,1,0,12324,12324,0
16,14,67,1,0,13301,13301,0
16,14,70,1,0,13312,13312,0
16,14,75,1,0,19884,19884,0
16,14,79,1,0,22031,22031,0
16,14,86,1,0,23099,23099,0
16,14,89,1,0,24976,24976,0
16,14,92,1,0,24991,24991,0
16,15,59,1,0,827,827,0
16,15,66,2,1,11706,9190,1
16,15,68,1,0,11711,11711,0
16,15,69,1,0,12334,12334,0
16,15,70,1,0,12339,12339,0
16,15,71,1,0,13317,13317,0
16,15,72,1,0,14115,14115,0
16,15,76,1,0,17988,17988,0
16,15,77,1,0,17993,17993,0
16,15,78,1,0,18834,18834,0
16,15,84,1,0,22036,22036,0
16,15,88,1,0,20996,20996,0
16,15,89,1,0,21002,21002,0
16,15,91,1,0,22071,22071,0
16,15,92,1,0,23123,23123,0
16,15,93,1,0,23337,23337,0
16,15,95,1,0,24133,24133,0
16,15,97,1,0,25011,25011,0
16,15,98,1,0,25016,25016,0
16,15,101,1,0,25856,25856,0
16,16,55,2,1,305,259,1
16,16,57,1,0,266,266,0
16,16,58,1,0,270,270,0
16,16,71,1,0,13322,13322,0
16,16,74,1,0,13326,13326,0
16,16,75,1,0,15732,15732,0
16,16,77,1,0,15737,15737,0
16,16,79,1,0,15944,15944,0
16,16,85,1,0,18013,18013,0
16,16,88,1,0,19928,19928,0
16,16,89,1,0,19933,19933,0
16,16,91,1,0,21011,21011,0
16,16,93,1,0,22080,22080,0
16,16,96,1,0,23138,23138,0
16,16,98,1,0,24148,24148,0
16,16,101,1,0,25031,25031,0
16,16,102,1,0,25860,25860,0
16,17,58,1,0,113,113,0
16,17,61,1,0,44,44,0
16,17,66,2,1,1738,1738,0
16,17,67,1,0,2541,2541,0
16,17,74,1,0,11322,11322,0
16,17,79,1,0,14130,14130,0
16,17,84,1,0,16977,16977,0
16,17,86,1,0,18022,18022,0
16,17,88,1,0,18867,18867,0
16,17,90,1,0,19938,19938,0
16,17,92,1,0,21016,21016,0
16,17,93,1,0,21021,21021,0
16,17,94,1,0,22085,22085,0
16,17,96,1,0,22095,22095,0
16,17,97,1,0,23148,23148,0
16,17,99,1,0,24158,24158,0
16,18,62,2,1,16,16,0
16,18,63,1,0,103,103,0
16,18,64,2,1,108,108,0
16,18,66,1,0,847,847,0
16,18,79,1,0,13341,13341,0
16,18,81,1,0,14945,14945,0
16,18,82,1,0,14950,14950,0
16,18,84,1,0,15958,15958,0
16,18,86,1,0,15968,15968,0
16,18,87,1,0,18027,18027,0
16,18,90,2,1,18877,18037,1
16,18,91,1,0,19944,19944,0
16,18,93,1,0,21026,21026,0
16,18,94,1,0,21031,21031,0
16,18,96,1,0,22100,22100,0
16,18,99,1,0,23153,23153,0
16,19,63,1,0,7,7,0
16,19,64,1,0,2,2,0
16,19,65,1,0,6,6,0
16,19,70,2,1,1841,1841,0
16,19,72,1,0,4127,4127,0
16,19,80,1,0,14001,14001,0
16,19,86,1,0,15973,15973,0
16,19,87,1,0,16996,16996,0
16,19,90,2,1,18042,15791,1
16,19,91,1,0,18047,18047,0
16,19,92,1,0,18052,18052,0
16,19,97,1,0,21046,21046,0
16,19,99,1,0,22110,22110,0
16,19,100,1,0,23166,23166,0
16,20,68,1,0,1275,1275,0
16,20,70,1,0,27869,27869,0
16,20,74,1,0,4132,4132,0
16,20,76,1,0,5140,5140,0
16,20,77,1,0,5992,5992,0
16,20,78,1,0,7283,7283,0
16,20,80,1,0,9244,9244,0
16,20,81,1,0,9249,9249,0
16,20,82,1,0,10319,10319,0
16,20,84,1,0,11371,11371,0
16,20,85,1,0,12403,12403,0
16,20,87,1,0,13200,13200,0
16,20,94,1,0,19114,19114,0
16,20,99,2,1,22115,21056,1
16,21,65,1,0,112,112,0
16,21,66,1,0,258,258,0
16,21,73,1,0,3230,3230,0
16,21,76,1,0,4141,4141,0
16,21,77,2,1,4146,4146,0
16,21,80,2,1,6219,6219,0
16,21,81,1,0,8164,8164,0
16,21,84,1,0,10538,10538,0
16,21,89,1,0,14989,14989,0
16,21,91,1,0,14998,14998,0
16,21,93,1,0,16013,16013,0
16,21,94,1,0,17036,17036,0
16,21,97,1,0,18917,18917,0
16,21,99,2,1,21060,19987,1
16,22,74,1,0,3235,3235,0
16,22,81,2,1,6224,6224,0
16,22,85,1,0,9264,9264,0
16,22,93,1,0,15008,15008,0
16,22,97,1,0,18077,18077,0
16,23,74,1,0,2721,2721,0
16,23,75,1,0,2557,2557,0
16,23,76,1,0,3244,3244,0
16,23,77,1,0,3250,3250,0
16,23,78,1,0,4156,4156,0
16,23,85,1,0,9487,9487,0
16,23,92,1,0,13388,13388,0
16,23,94,1,0,15013,15013,0
16,23,96,1,0,17045,17045,0
16,24,78,1,0,3254,3254,0
16,24,82,1,0,5174,5174,0
16,24,85,1,0,8401,8401,0
16,24,90,1,0,11401,11401,0
16,24,91,2,1,12438,12433,1
16,24,92,1,0,27981,27981,0
16,24,95,1,0,28051,28051,0
16,24,96,1,0,16225,16225,0
16,25,76,1,0,2396,2396,0
16,25,79,2,1,3259,3089,1
16,25,80,1,0,4166,4166,0
16,25,81,1,0,4171,4171,0
16,25,83,1,0,6239,6239,0
16,25,84,1,0,6244,6244,0
16,25,86,1,0,8189,8189,0
16,25,87,1,0,8413,8413,0
16,25,88,1,0,9502,9502,0
16,25,91,1,0,11406,11406,0
16,26,78,1,0,2406,2406,0
16,26,80,1,0,3269,3269,0
16,26,86,1,0,7113,7113,0
16,26,88,1,0,8199,8199,0
16,26,89,1,0,9294,9294,0
16,26,90,1,0,10364,10364,0
16,26,91,1,0,11410,11410,0
16,26,93,1,0,27967,27967,0
16,27,79,1,0,2411,2411,0
16,27,81,1,0,3274,3274,0
16,27,83,1,0,4186,4186,0
16,27,85,1,0,6039,6039,0
16,27,87,1,0,7117,7117,0
16,27,91,1,0,9298,9298,0
16,28,79,1,0,2416,2416,0
16,28,84,1,0,4190,4190,0
16,28,85,1,0,4985,4985,0
16,28,87,1,0,6051,6051,0
16,28,90,1,0,8209,8209,0
16,29,81,1,0,2426,2426,0
16,29,82,1,0,2431,2431,0
16,29,85,1,0,4990,4990,0
16,29,89,1,0,7126,7126,0
16,30,80,1,0,1962,1962,0
16,30,83,1,0,2436,2436,0
16,30,85,1,0,3119,3119,0
16,30,86,1,0,4200,4200,0
16,30,88,1,0,6269,6269,0
16,31,82,1,0,1845,1845,0
16,31,84,1,0,2441,2441,0
16,31,85,1,0,3298,3298,0
16,31,87,1,0,4205,4205,0
16,32,84,1,0,2446,2446,0
16,32,86,1,0,3303,3303,0
16,33,84,1,0,27857,27857,0
17,5,46,1,0,27918,27918,0
17,5,47,1,0,8211,8211,0
17,5,48,1,0,9083,9083,0
17,5,59,1,0,28125,28125,0
17,5,60,1,0,20418,20418,0
17,6,44,1,0,5210,5210,0
17,6,45,1,0,6057,6057,0
17,6,46,1,0,7130,7130,0
17,6,47,1,0,7997,7997,0
17,6,48,1,0,9087,9087,0
17,6,49,1,0,9948,9948,0
17,6,57,1,0,18291,18291,0
17,6,58,1,0,18922,18922,0
17,6,59,1,0,19776,19776,0
17,6,60,1,0,20849,20849,0
17,6,61,1,0,21908,21908,0
17,7,42,1,0,3482,3482,0
17,7,43,1,0,4019,4019,0
17,7,44,1,0,4798,4798,0
17,7,45,1,0,5849,5849,0
17,7,46,1,0,7136,7136,0
17,7,47,1,0,8002,8002,0
17,7,48,1,0,9092,9092,0
17,7,49,1,0,10161,10161,0
17,7,50,1,0,11204,11204,0
17,7,51,1,0,12238,12238,0
17,7,56,1,0,16840,16840,0
17,7,57,1,0,17874,17874,0
17,7,58,1,0,18716,18716,0
17,7,59,2,1,18951,18951,0
17,7,61,1,0,21913,21913,0
17,7,62,1,0,22961,22961,0
17,7,63,1,0,21937,21937,0
17,7,76,1,0,27608,27608,0
17,7,77,1,0,27674,27674,0
17,7,79,1,0,27723,27723,0
17,7,80,1,0,27795,27795,0
17,7,81,1,0,27809,27809,0
17,8,41,1,0,2451,2451,0
17,8,42,1,0,3131,3131,0
17,8,43,1,0,4023,4023,0
17,8,44,1,0,5007,5007,0
17,8,45,2,1,27900,5853,1
17,8,46,2,1,7146,6925,1
17,8,47,1,0,8012,8012,0
17,8,48,1,0,9097,9097,0
17,8,49,1,0,10167,10167,0
17,8,50,1,0,11209,11209,0
17,8,51,1,0,12241,12241,0
17,8,52,1,0,13218,13218,0
17,8,53,1,0,14012,14012,0
17,8,56,1,0,16843,16843,0
17,8,58,1,0,17899,17899,0
17,8,60,2,1,19810,18744,1
17,8,70,1,0,27093,27093,0
17,8,72,1,0,26733,26733,0
17,9,41,1,0,1745,1745,0
17,9,42,2,1,3135,2293,1
17,9,44,1,0,4028,4028,0
17,9,46,1,0,7150,7150,0
17,9,49,1,0,9111,9111,0
17,9,51,1,0,11228,11228,0
17,9,52,1,0,12255,12255,0
17,9,53,1,0,12260,12260,0
17,9,60,1,0,17904,17904,0
17,9,61,1,0,18749,18749,0
17,9,63,1,0,20888,20888,0
17,9,65,2,1,23000,22995,1
17,9,68,1,0,25073,25073,0
17,9,72,1,0,26316,26316,0
17,9,73,1,0,27108,27108,0
17,9,75,1,0,27402,27402,0
17,9,77,1,0,27411,27411,0
17,9,79,1,0,27623,27623,0
17,9,81,1,0,27633,27633,0
17,10,42,1,0,1645,1645,0
17,10,44,1,0,3141,3141,0
17,10,46,1,0,4037,4037,0
17,10,52,1,0,11233,11233,0
17,10,53,1,0,28017,28017,0
17,10,55,1,0,14836,14836,0
17,10,56,1,0,13237,13237,0
17,10,62,1,0,15865,15865,0
17,10,67,1,0,24021,24021,0
17,10,68,1,0,25078,25078,0
17,10,69,2,1,25754,24914,1
17,10,70,1,0,25760,25760,0
17,10,73,1,0,26321,26321,0
17,10,77,1,0,27127,27127,0
17,10,78,1,0,27313,27313,0
17,10,79,1,0,27468,27468,0
17,10,82,1,0,27638,27638,0
17,10,83,1,0,27607,27607,0
17,11,46,2,1,1279,1191,1
17,11,49,1,0,5032,5032,0
17,11,50,1,0,4833,4833,0
17,11,51,1,0,6096,6096,0
17,11,54,1,0,10193,10193,0
17,11,56,1,0,12270,12270,0
17,11,57,1,0,13253,13253,0
17,11,63,1,0,15870,15870,0
17,11,65,1,0,16903,16903,0
17,11,67,1,0,17944,17944,0
17,11,78,1,0,22231,22231,0
17,12,63,1,0,15875,15875,0
17,12,64,1,0,15880,15880,0
17,12,65,1,0,15884,15884,0
17,12,67,1,0,17949,17949,0
17,12,69,1,0,17953,17953,0
17,12,70,1,0,18794,18794,0
17,12,71,2,1,18799,18799,0
17,12,78,1,0,22025,22025,0
17,12,81,1,0,23079,23079,0
17,12,88,1,0,25487,25487,0
17,13,49,1,0,861,861,0
17,13,50,1,0,788,788,0
17,13,54,1,0,803,803,0
17,13,55,1,0,6974,6974,0
17,13,57,1,0,8061,8061,0
17,13,59,2,1,8065,7200,1
17,13,64,1,0,11283,11283,0
17,13,70,1,0,17958,17958,0
17,13,73,1,0,17973,17973,0
17,13,74,1,0,19879,19879,0
17,13,75,1,0,19884,19884,0
17,13,78,1,0,21180,21180,0
17,13,79,1,0,22031,22031,0
17,13,89,1,0,24976,24976,0
17,13,92,1,0,24991,24991,0
17,14,52,1,0,582,582,0
17,14,53,2,1,464,464,0
17,14,60,1,0,8289,8289,0
17,14,63,1,0,10449,10449,0
17,14,65,1,0,11287,11287,0
17,14,66,1,0,12324,12324,0
17,14,67,1,0,13301,13301,0
17,14,70,1,0,13312,13312,0
17,14,76,1,0,18828,18828,0
17,14,87,1,0,22051,22051,0
17,14,88,1,0,20996,20996,0
17,14,89,1,0,21002,21002,0
17,14,90,1,0,22065,22065,0
17,14,92,1,0,23123,23123,0
17,14,95,1,0,24133,24133,0
17,14,97,1,0,25011,25011,0
17,14,98,1,0,25016,25016,0
17,14,99,1,0,25846,25846,0
17,14,101,1,0,25856,25856,0
17,15,55,2,1,305,259,1
17,15,58,1,0,266,266,0
17,15,59,1,0,270,270,0
17,15,64,1,0,10246,10246,0
17,15,66,1,0,9190,9190,0
17,15,68,1,0,11711,11711,0
17,15,69,1,0,12334,12334,0
17,15,70,1,0,12339,12339,0
17,15,72,1,0,14115,14115,0
17,15,76,1,0,17988,17988,0
17,15,77,1,0,17993,17993,0
17,15,84,1,0,22036,22036,0
17,15,88,1,0,19928,19928,0
17,15,91,2,1,21011,21011,0
17,15,92,1,0,22075,22075,0
17,15,93,2,1,22080,22080,0
17,15,96,1,0,23138,23138,0
17,15,98,1,0,24148,24148,0
17,15,101,1,0,25031,25031,0
17,16,59,1,0,113,113,0
17,16,60,1,0,234,234,0
17,16,62,1,0,238,238,0
17,16,71,2,1,13322,12344,1
17,16,74,1,0,13326,13326,0
17,16,75,1,0,15732,15732,0
17,16,80,1,0,15944,15944,0
17,16,82,1,0,15949,15949,0
17,16,85,1,0,18013,18013,0
17,16,87,1,0,18862,18862,0
17,16,91,1,0,19938,19938,0
17,16,92,1,0,21016,21016,0
17,16,93,1,0,21021,21021,0
17,16,94,1,0,22085,22085,0
17,16,95,1,0,22090,22090,0
17,16,98,1,0,23148,23148,0
17,16,99,1,0,23153,23153,0
17,16,100,1,0,24158,24158,0
17,17,61,1,0,44,44,0
17,17,63,1,0,131,131,0
17,17,64,1,0,103,103,0
17,17,65,2,1,108,108,0
17,17,66,1,0,847,847,0
17,17,68,1,0,2541,2541,0
17,17,74,1,0,11322,11322,0
17,17,75,1,0,10285,10285,0
17,17,78,1,0,13331,13331,0
17,17,79,1,0,14130,14130,0
17,17,80,1,0,14940,14940,0
17,17,92,1,0,20163,20163,0
17,17,96,1,0,22095,22095,0
17,17,97,1,0,22100,22100,0
17,18,62,1,0,16,16,0
17,18,63,1,0,7,7,0
17,18,64,1,0,2,2,0
17,18,65,1,0,6,6,0
17,18,71,1,0,2390,2390,0
17,18,72,1,0,2394,2394,0
17,18,73,1,0,4127,4127,0
17,18,80,2,1,14135,14001,1
17,18,81,1,0,14945,14945,0
17,18,86,1,0,15973,15973,0
17,18,87,2,1,18027,16996,1
17,18,90,2,1,18037,15988,1
17,18,91,2,1,18877,18877,0
17,18,93,1,0,19953,19953,0
17,18,97,1,0,21046,21046,0
17,18,98,1,0,21051,21051,0
17,18,99,1,0,22110,22110,0
17,19,68,1,0,1275,1275,0
17,19,70,1,0,27869,27869,0
17,19,74,1,0,4132,4132,0
17,19,76,1,0,5140,5140,0
17,19,79,1,0,7283,7283,0
17,19,80,1,0,8154,8154,0
17,19,82,1,0,10319,10319,0
17,19,85,2,1,11371,11371,0
17,19,95,1,0,18072,18072,0
17,19,99,1,0,22115,22115,0
17,20,66,1,0,784,784,0
17,20,74,1,0,3230,3230,0
17,20,76,1,0,4141,4141,0
17,20,77,1,0,4146,4146,0
17,20,78,2,1,4941,4941,0
17,20,80,2,1,6219,6219,0
17,20,84,1,0,10538,10538,0
17,20,87,1,0,12413,12413,0
17,20,90,1,0,14993,14993,0
17,20,91,1,0,14998,14998,0
17,20,97,1,0,18917,18917,0
17,20,99,2,1,21060,19987,1
17,21,65,1,0,112,112,0
17,21,66,1,0,258,258,0
17,21,74,1,0,3235,3235,0
17,21,81,1,0,6224,6224,0
17,21,83,1,0,8169,8169,0
17,21,85,1,0,9264,9264,0
17,21,87,1,0,11385,11385,0
17,21,93,1,0,15008,15008,0
17,21,94,1,0,15815,15815,0
17,21,97,1,0,18077,18077,0
17,21,98,1,0,18921,18921,0
17,22,77,1,0,3244,3244,0
17,22,81,1,0,5164,5164,0
17,22,86,2,1,9274,9274,0
17,22,87,1,0,10344,10344,0
17,22,88,1,0,10349,10349,0
17,22,91,1,0,12433,12433,0
17,22,92,1,0,13388,13388,0
17,22,94,1,0,15013,15013,0
17,22,97,1,0,17045,17045,0
17,23,76,1,0,2557,2557,0
17,23,83,1,0,6234,6234,0
17,23,87,1,0,8189,8189,0
17,23,89,2,1,9502,9502,0
17,23,90,2,1,10359,10359,0
17,23,91,1,0,11406,11406,0
17,23,92,1,0,12438,12438,0
17,23,93,1,0,27981,27981,0
17,23,95,1,0,28051,28051,0
17,23,96,1,0,16225,16225,0
17,24,77,1,0,2396,2396,0
17,24,79,1,0,3259,3259,0
17,24,80,1,0,3089,3089,0
17,24,81,1,0,4166,4166,0
17,24,82,1,0,4171,4171,0
17,24,88,1,0,8413,8413,0
17,24,91,1,0,10364,10364,0
17,24,92,1,0,11410,11410,0
17,24,93,1,0,27967,27967,0
17,25,79,1,0,2406,2406,0
17,25,85,1,0,6248,6248,0
17,25,86,1,0,6039,6039,0
17,25,87,1,0,7113,7113,0
17,25,88,1,0,8199,8199,0
17,25,90,1,0,9294,9294,0
17,26,79,1,0,2411,2411,0
17,26,82,1,0,3274,3274,0
17,26,83,1,0,3279,3279,0
17,26,85,1,0,5189,5189,0
17,26,86,1,0,4985,4985,0
17,26,88,1,0,7117,7117,0
17,26,89,1,0,7122,7122,0
17,26,92,1,0,9298,9298,0
17,27,80,1,0,2416,2416,0
17,27,85,1,0,4190,4190,0
17,27,86,1,0,4990,4990,0
17,27,88,1,0,6051,6051,0
17,27,91,1,0,8209,8209,0
17,28,82,1,0,2426,2426,0
17,28,83,1,0,2431,2431,0
17,28,87,1,0,4200,4200,0
17,28,89,1,0,6269,6269,0
17,29,81,1,0,1962,1962,0
17,29,84,1,0,2436,2436,0
17,29,86,2,1,3298,3119,1
17,29,88,1,0,4205,4205,0
17,29,89,1,0,5208,5208,0
17,30,83,1,0,1845,1845,0
17,30,85,1,0,2441,2441,0
17,30,86,1,0,2446,2446,0
17,30,87,1,0,3303,3303,0
17,31,85,1,0,1741,1741,0
17,32,85,1,0,27857,27857,0
18,5,46,1,0,27918,27918,0
18,5,47,1,0,8211,8211,0
18,5,48,1,0,9083,9083,0
18,5,59,1,0,28125,28125,0
18,5,60,1,0,20418,20418,0
18,6,44,1,0,5210,5210,0
18,6,45,1,0,6057,6057,0
18,6,46,1,0,7130,7130,0
18,6,47,1,0,7997,7997,0
18,6,48,1,0,9087,9087,0
18,6,49,1,0,9948,9948,0
18,6,57,1,0,18291,18291,0
18,6,58,1,0,18922,18922,0
18,6,59,1,0,19776,19776,0
18,6,60,1,0,20849,20849,0
18,6,61,1,0,21908,21908,0
18,6,76,1,0,27608,27608,0
18,6,77,1,0,27674,27674,0
18,7,42,1,0,3482,3482,0
18,7,43,1,0,4019,4019,0
18,7,44,1,0,4798,4798,0
18,7,45,1,0,5849,5849,0
18,7,46,1,0,7136,7136,0
18,7,47,1,0,8002,8002,0
18,7,48,1,0,9092,9092,0
18,7,49,1,0,10161,10161,0
18,7,50,1,0,11204,11204,0
18,7,51,1,0,12238,12238,0
18,7,56,1,0,16840,16840,0
18,7,57,1,0,17874,17874,0
18,7,58,1,0,18716,18716,0
18,7,59,1,0,19565,19565,0
18,7,60,1,0,19810,19810,0
18,7,61,1,0,21913,21913,0
18,7,62,1,0,22961,22961,0
18,7,63,1,0,21937,21937,0
18,7,70,1,0,27093,27093,0
18,7,79,1,0,27723,27723,0
18,7,80,1,0,27795,27795,0
18,7,82,1,0,27814,27814,0
18,8,41,1,0,2451,2451,0
18,8,42,1,0,3131,3131,0
18,8,43,1,0,4023,4023,0
18,8,44,1,0,5007,5007,0
18,8,45,2,1,27900,5853,1
18,8,46,2,1,7146,6925,1
18,8,47,1,0,8012,8012,0
18,8,48,1,0,9097,9097,0
18,8,49,1,0,10167,10167,0
18,8,50,1,0,11209,11209,0
18,8,51,1,0,12241,12241,0
18,8,52,1,0,13218,13218,0
18,8,53,1,0,14012,14012,0
18,8,56,2,1,16858,16843,1
18,8,58,1,0,17899,17899,0
18,8,72,1,0,26733,26733,0
18,8,79,1,0,27623,27623,0
18,9,41,1,0,1745,1745,0
18,9,42,2,1,3135,2293,1
18,9,44,1,0,4028,4028,0
18,9,46,1,0,7150,7150,0
18,9,49,1,0,9111,9111,0
18,9,51,1,0,11228,11228,0
18,9,52,1,0,12255,12255,0
18,9,53,1,0,12260,12260,0
18,9,56,1,0,13237,13237,0
18,9,60,1,0,17904,17904,0
18,9,61,1,0,18749,18749,0
18,9,63,1,0,20888,20888,0
18,9,65,1,0,22995,22995,0
18,9,67,1,0,24021,24021,0
18,9,68,1,0,25073,25073,0
18,9,69,1,0,25754,25754,0
18,9,72,1,0,26316,26316,0
18,9,75,1,0,27402,27402,0
18,9,77,1,0,27411,27411,0
18,9,81,1,0,27633,27633,0
18,10,42,1,0,1645,1645,0
18,10,44,1,0,3141,3141,0
18,10,46,1,0,4037,4037,0
18,10,52,1,0,11233,11233,0
18,10,53,1,0,28017,28017,0
18,10,56,1,0,13243,13243,0
18,10,62,1,0,15865,15865,0
18,10,67,1,0,24026,24026,0
18,10,69,1,0,24914,24914,0
18,10,70,1,0,25760,25760,0
18,10,78,1,0,27313,27313,0
18,10,79,1,0,27468,27468,0
18,10,82,1,0,27638,27638,0
18,10,83,1,0,27607,27607,0
18,11,46,2,1,1279,1191,1
18,11,49,1,0,5032,5032,0
18,11,50,1,0,4833,4833,0
18,11,51,1,0,6096,6096,0
18,11,54,1,0,10193,10193,0
18,11,57,1,0,13253,13253,0
18,11,61,1,0,14861,14861,0
18,11,63,1,0,15870,15870,0
18,11,65,1,0,16903,16903,0
18,11,67,1,0,17944,17944,0
18,11,70,1,0,18794,18794,0
18,11,77,1,0,22231,22231,0
18,12,54,1,0,6111,6111,0
18,12,63,1,0,15875,15875,0
18,12,64,1,0,15880,15880,0
18,12,67,1,0,17949,17949,0
18,12,68,1,0,17953,17953,0
18,12,70,1,0,17958,17958,0
18,12,71,2,1,18799,18799,0
18,12,78,1,0,22025,22025,0
18,12,81,1,0,23079,23079,0
18,12,88,1,0,25487,25487,0
18,13,49,1,0,861,861,0
18,13,50,1,0,788,788,0
18,13,56,1,0,6974,6974,0
18,13,57,1,0,8061,8061,0
18,13,59,1,0,8065,8065,0
18,13,61,1,0,9161,9161,0
18,13,64,1,0,11283,11283,0
18,13,74,1,0,19879,19879,0
18,13,75,1,0,19884,19884,0
18,13,76,1,0,18828,18828,0
18,13,78,1,0,21180,21180,0
18,13,79,1,0,22031,22031,0
18,13,87,1,0,22051,22051,0
18,13,89,1,0,24976,24976,0
18,13,92,1,0,24991,24991,0
18,14,52,1,0,582,582,0
18,14,53,2,1,464,464,0
18,14,60,2,1,8289,8075,1
18,14,63,1,0,10449,10449,0
18,14,65,1,0,11287,11287,0
18,14,67,1,0,13301,13301,0
18,14,70,1,0,13312,13312,0
18,14,71,2,1,13317,13317,0
18,14,74,1,0,17978,17978,0
18,14,84,1,0,22036,22036,0
18,14,88,1,0,20996,20996,0
18,14,90,1,0,22065,22065,0
18,14,92,1,0,23123,23123,0
18,14,93,1,0,23337,23337,0
18,14,97,1,0,25011,25011,0
18,14,101,1,0,25856,25856,0
18,15,56,2,1,305,259,1
18,15,58,1,0,266,266,0
18,15,59,1,0,270,270,0
18,15,64,1,0,10246,10246,0
18,15,66,1,0,11706,11706,0
18,15,68,2,1,12124,11711,1
18,15,69,1,0,12334,12334,0
18,15,70,1,0,12339,12339,0
18,15,72,1,0,14115,14115,0
18,15,75,1,0,15732,15732,0
18,15,76,1,0,17988,17988,0
18,15,77,1,0,17993,17993,0
18,15,89,1,0,19933,19933,0
18,15,91,1,0,22071,22071,0
18,15,92,1,0,22075,22075,0
18,15,96,1,0,23138,23138,0
18,15,97,1,0,23143,23143,0
18,15,98,1,0,24148,24148,0
18,15,99,1,0,24153,24153,0
18,15,101,1,0,25031,25031,0
18,16,59,1,0,113,113,0
18,16,61,1,0,234,234,0
18,16,64,1,0,248,248,0
18,16,66,1,0,1738,1738,0
18,16,71,1,0,13322,13322,0
18,16,74,1,0,13326,13326,0
18,16,80,1,0,15944,15944,0
18,16,82,1,0,15949,15949,0
18,16,85,1,0,18013,18013,0
18,16,87,1,0,18862,18862,0
18,16,91,1,0,19938,19938,0
18,16,92,1,0,21016,21016,0
18,16,93,1,0,21021,21021,0
18,16,94,1,0,22085,22085,0
18,16,96,1,0,22095,22095,0
18,16,98,1,0,23148,23148,0
18,16,99,1,0,23153,23153,0
18,16,100,1,0,24158,24158,0
18,17,61,1,0,44,44,0
18,17,63,1,0,16,16,0
18,17,64,1,0,103,103,0
18,17,65,1,0,108,108,0
18,17,67,1,0,847,847,0
18,17,68,2,1,2541,2385,1
18,17,79,1,0,14130,14130,0
18,17,84,1,0,15958,15958,0
18,17,87,2,1,18022,18022,0
18,17,90,1,0,18037,18037,0
18,17,91,2,1,19944,18877,1
18,17,97,1,0,22100,22100,0
18,17,99,1,0,22110,22110,0
18,17,100,1,0,23163,23163,0
18,18,63,1,0,7,7,0
18,18,64,1,0,2,2,0
18,18,66,2,1,6,6,0
18,18,72,1,0,2394,2394,0
18,18,73,1,0,4127,4127,0
18,18,79,1,0,13341,13341,0
18,18,80,2,1,14135,14001,1
18,18,86,1,0,15973,15973,0
18,18,87,1,0,16996,16996,0
18,18,89,1,0,14984,14984,0
18,18,97,1,0,21046,21046,0
18,18,99,1,0,22115,22115,0
18,19,69,1,0,1275,1275,0
18,19,70,1,0,27869,27869,0
18,19,76,1,0,4141,4141,0
18,19,82,3,1,8164,8164,0
18,19,85,1,0,11371,11371,0
18,19,87,1,0,12413,12413,0
18,19,90,1,0,14989,14989,0
18,19,91,1,0,14998,14998,0
18,19,97,1,0,18917,18917,0
18,19,99,2,1,21060,19987,1
18,20,66,2,1,112,112,0
18,20,74,1,0,3230,3230,0
18,20,75,1,0,3235,3235,0
18,20,77,1,0,4146,4146,0
18,20,78,1,0,4941,4941,0
18,20,79,1,0,5154,5154,0
18,20,80,1,0,6219,6219,0
18,20,82,2,1,6224,6224,0
18,20,85,1,0,9264,9264,0
18,20,94,1,0,15008,15008,0
18,20,97,1,0,18077,18077,0
18,20,98,1,0,18921,18921,0
18,21,77,1,0,3244,3244,0
18,21,81,1,0,5164,5164,0
18,21,87,1,0,9274,9274,0
18,21,92,1,0,12433,12433,0
18,21,93,1,0,13388,13388,0
18,21,95,1,0,15013,15013,0
18,21,97,1,0,17045,17045,0
18,22,75,1,0,2721,2721,0
18,22,76,1,0,2557,2557,0
18,22,78,1,0,3250,3250,0
18,22,79,2,1,3254,3254,0
18,22,86,1,0,8401,8401,0
18,22,87,1,0,8189,8189,0
18,22,89,2,1,9502,9502,0
18,22,90,1,0,10359,10359,0
18,22,92,1,0,11406,11406,0
18,22,93,1,0,27981,27981,0
18,22,95,1,0,28051,28051,0
18,22,97,1,0,16225,16225,0
18,23,77,1,0,2396,2396,0
18,23,80,1,0,3259,3259,0
18,23,81,1,0,4166,4166,0
18,23,82,1,0,4171,4171,0
18,23,87,1,0,7107,7107,0
18,23,89,1,0,8413,8413,0
18,23,92,1,0,10364,10364,0
18,23,93,1,0,11410,11410,0
18,23,94,1,0,27967,27967,0
18,24,80,1,0,3089,3089,0
18,24,86,2,1,6248,6039,1
18,24,88,1,0,7113,7113,0
18,24,89,1,0,8199,8199,0
18,24,91,1,0,9294,9294,0
18,25,79,1,0,2406,2406,0
18,25,80,1,0,2411,2411,0
18,25,83,1,0,3274,3274,0
18,25,85,2,1,4186,4186,0
18,25,86,1,0,4985,4985,0
18,25,88,1,0,7117,7117,0
18,25,90,1,0,7122,7122,0
18,25,92,1,0,9298,9298,0
18,26,81,1,0,2416,2416,0
18,26,83,1,0,3279,3279,0
18,26,86,1,0,4190,4190,0
18,26,87,1,0,4990,4990,0
18,26,89,1,0,6051,6051,0
18,26,92,1,0,8209,8209,0
18,27,83,1,0,2426,2426,0
18,27,84,1,0,2431,2431,0
18,27,88,1,0,4200,4200,0
18,27,90,1,0,6269,6269,0
18,28,82,1,0,1962,1962,0
18,28,85,1,0,2436,2436,0
18,28,87,1,0,3119,3119,0
18,28,89,2,1,4205,4205,0
18,29,83,1,0,1967,1967,0
18,29,86,2,1,2441,2441,0
18,29,88,1,0,3303,3303,0
18,30,84,1,0,1845,1845,0
18,31,85,1,0,1741,1741,0
18,31,86,1,0,27857,27857,0
19,5,46,1,0,27918,27918,0
19,5,47,1,0,8211,8211,0
19,5,48,1,0,9083,9083,0
19,5,59,1,0,28125,28125,0
19,5,60,1,0,20418,20418,0
19,6,44,1,0,5210,5210,0
19,6,45,1,0,6057,6057,0
19,6,46,1,0,7130,7130,0
19,6,47,1,0,7997,7997,0
19,6,48,1,0,9087,9087,0
19,6,49,1,0,9948,9948,0
19,6,57,1,0,18291,18291,0
19,6,58,1,0,18922,18922,0
19,6,59,1,0,19776,19776,0
19,6,60,1,0,20849,20849,0
19,6,61,1,0,21908,21908,0
19,6,76,1,0,27608,27608,0
19,6,77,1,0,27674,27674,0
19,6,80,1,0,27795,27795,0
19,7,42,1,0,3482,3482,0
19,7,43,1,0,4019,4019,0
19,7,44,1,0,4798,4798,0
19,7,45,1,0,5849,5849,0
19,7,46,1,0,7136,7136,0
19,7,47,1,0,8002,8002,0
19,7,48,1,0,9092,9092,0
19,7,49,1,0,10161,10161,0
19,7,50,1,0,11204,11204,0
19,7,51,1,0,12238,12238,0
19,7,56,1,0,16840,16840,0
19,7,57,1,0,17874,17874,0
19,7,58,1,0,18716,18716,0
19,7,59,2,1,18951,18951,0
19,7,60,1,0,19810,19810,0
19,7,61,1,0,21913,21913,0
19,7,63,1,0,21937,21937,0
19,7,70,1,0,27093,27093,0
19,7,79,1,0,27723,27723,0
19,7,81,1,0,27809,27809,0
19,8,41,1,0,2451,2451,0
19,8,42,1,0,3131,3131,0
19,8,43,1,0,4023,4023,0
19,8,44,1,0,5007,5007,0
19,8,45,2,1,27900,5853,1
19,8,46,2,1,7146,6925,1
19,8,47,1,0,8012,8012,0
19,8,48,1,0,9097,9097,0
19,8,49,1,0,10167,10167,0
19,8,50,1,0,11209,11209,0
19,8,51,1,0,12241,12241,0
19,8,52,1,0,13218,13218,0
19,8,53,1,0,14012,14012,0
19,8,58,1,0,17899,17899,0
19,8,60,1,0,18744,18744,0
19,8,63,1,0,20883,20883,0
19,8,66,1,0,24016,24016,0
19,8,72,2,1,26733,26733,0
19,8,79,1,0,27623,27623,0
19,9,41,1,0,1745,1745,0
19,9,42,2,1,3135,2293,1
19,9,44,1,0,4028,4028,0
19,9,46,1,0,7150,7150,0
19,9,47,1,0,8016,8016,0
19,9,49,1,0,9111,9111,0
19,9,51,1,0,11228,11228,0
19,9,52,1,0,12255,12255,0
19,9,56,1,0,13237,13237,0
19,9,60,1,0,17904,17904,0
19,9,61,1,0,18749,18749,0
19,9,63,1,0,20888,20888,0
19,9,67,1,0,24021,24021,0
19,9,68,1,0,25073,25073,0
19,9,69,1,0,25754,25754,0
19,9,72,1,0,26316,26316,0
19,9,73,1,0,27108,27108,0
19,9,76,1,0,27406,27406,0
19,9,81,1,0,27633,27633,0
19,10,42,1,0,1645,1645,0
19,10,44,1,0,3141,3141,0
19,10,52,1,0,11233,11233,0
19,10,53,1,0,28017,28017,0
19,10,56,1,0,13243,13243,0
19,10,62,1,0,15865,15865,0
19,10,66,1,0,23005,23005,0
19,10,68,1,0,25078,25078,0
19,10,69,1,0,24914,24914,0
19,10,70,1,0,25760,25760,0
19,10,72,1,0,26321,26321,0
19,10,76,1,0,27127,27127,0
19,10,77,1,0,27132,27132,0
19,10,78,1,0,27313,27313,0
19,10,82,1,0,27638,27638,0
19,10,83,1,0,27607,27607,0
19,11,46,2,1,1279,1191,1
19,11,49,1,0,5032,5032,0
19,11,50,1,0,4833,4833,0
19,11,51,1,0,6096,6096,0
19,11,54,1,0,10193,10193,0
19,11,55,1,0,11238,11238,0
19,11,58,1,0,14047,14047,0
19,11,59,1,0,14055,14055,0
19,11,60,1,0,14856,14856,0
19,11,63,2,1,15870,15870,0
19,11,65,1,0,16903,16903,0
19,11,67,1,0,17944,17944,0
19,11,70,1,0,18794,18794,0
19,11,77,1,0,22231,22231,0
19,12,64,1,0,15880,15880,0
19,12,67,1,0,17949,17949,0
19,12,68,1,0,17953,17953,0
19,12,70,2,1,17958,17958,0
19,12,71,1,0,19654,19654,0
19,12,78,1,0,22025,22025,0
19,12,81,1,0,23079,23079,0
19,12,87,1,0,25487,25487,0
19,13,49,1,0,861,861,0
19,13,50,1,0,788,788,0
19,13,52,1,0,582,582,0
19,13,53,1,0,520,520,0
19,13,56,1,0,6974,6974,0
19,13,57,1,0,8061,8061,0
19,13,59,1,0,7200,7200,0
19,13,64,1,0,11283,11283,0
19,13,67,1,0,13301,13301,0
19,13,72,1,0,19874,19874,0
19,13,75,1,0,19884,19884,0
19,13,78,1,0,21180,21180,0
19,13,79,1,0,22031,22031,0
19,13,86,2,1,23094,23094,0
19,13,87,1,0,22051,22051,0
19,13,89,1,0,24976,24976,0
19,13,92,1,0,24991,24991,0
19,13,94,1,0,25826,25826,0
19,13,95,1,0,24133,24133,0
19,13,97,1,0,25011,25011,0
19,13,101,1,0,25856,25856,0
19,14,54,1,0,464,464,0
19,14,60,2,1,8289,8075,1
19,14,63,1,0,10449,10449,0
19,14,65,1,0,11287,11287,0
19,14,66,1,0,11706,11706,0
19,14,70,1,0,13312,13312,0
19,14,71,2,1,13317,13317,0
19,14,76,1,0,17988,17988,0
19,14,77,1,0,17993,17993,0
19,14,84,1,0,22036,22036,0
19,14,88,1,0,20996,20996,0
19,14,90,1,0,22065,22065,0
19,14,91,1,0,22071,22071,0
19,14,92,1,0,23123,23123,0
19,14,93,1,0,23337,23337,0
19,14,96,1,0,23138,23138,0
19,14,98,2,1,24148,24148,0
19,14,101,1,0,25031,25031,0
19,14,102,1,0,25860,25860,0
19,15,56,2,1,305,259,1
19,15,58,1,0,266,266,0
19,15,59,1,0,270,270,0
19,15,64,1,0,10246,10246,0
19,15,69,1,0,12334,12334,0
19,15,70,1,0,12339,12339,0
19,15,72,1,0,14115,14115,0
19,15,75,1,0,15732,15732,0
19,15,80,1,0,15944,15944,0
19,15,89,1,0,19933,19933,0
19,15,91,1,0,21011,21011,0
19,15,97,1,0,23148,23148,0
19,15,100,2,1,24158,24158,0
19,16,59,1,0,113,113,0
19,16,61,2,1,44,44,0
19,16,64,1,0,103,103,0
19,16,65,1,0,108,108,0
19,16,71,2,1,13322,12344,1
19,16,74,1,0,13326,13326,0
19,16,77,1,0,15737,15737,0
19,16,82,1,0,15949,15949,0
19,16,84,1,0,16977,16977,0
19,16,85,1,0,18013,18013,0
19,16,87,1,0,18862,18862,0
19,16,91,1,0,19938,19938,0
19,16,92,1,0,21016,21016,0
19,16,93,1,0,21021,21021,0
19,16,94,2,1,22085,21026,1
19,16,96,1,0,22095,22095,0
19,16,97,1,0,22100,22100,0
19,16,99,1,0,23153,23153,0
19,17,63,1,0,16,16,0
19,17,64,2,1,2,2,0
19,17,66,1,0,6,6,0
19,17,67,1,0,847,847,0
19,17,68,1,0,2541,2541,0
19,17,69,1,0,2385,2385,0
19,17,79,1,0,14130,14130,0
19,17,87,1,0,18027,18027,0
19,17,90,1,0,18037,18037,0
19,17,91,3,1,19944,18877,1
19,17,98,1,0,21051,21051,0
19,17,99,1,0,22110,22110,0
19,18,66,1,0,299,299,0
19,18,73,1,0,4127,4127,0
19,18,79,1,0,13341,13341,0
19,18,80,1,0,14001,14001,0
19,18,86,1,0,15973,15973,0
19,18,87,1,0,16996,16996,0
19,18,89,1,0,14984,14984,0
19,18,97,1,0,21046,21046,0
19,18,99,2,1,22115,21056,1
19,19,66,1,0,784,784,0
19,19,69,1,0,1275,1275,0
19,19,71,1,0,27869,27869,0
19,19,78,2,1,4146,4146,0
19,19,79,1,0,5154,5154,0
19,19,82,3,1,7082,7082,0
19,19,84,1,0,8169,8169,0
19,19,87,1,0,12413,12413,0
19,19,91,1,0,14998,14998,0
19,19,92,1,0,15003,15003,0
19,19,93,1,0,15008,15008,0
19,19,97,1,0,18917,18917,0
19,19,99,1,0,21060,21060,0
19,20,66,2,1,112,112,0
19,20,74,1,0,3230,3230,0
19,20,75,1,0,3235,3235,0
19,20,82,1,0,6224,6224,0
19,20,83,2,1,6229,6229,0
19,20,86,1,0,9264,9264,0
19,20,90,1,0,11396,11396,0
19,20,93,1,0,13388,13388,0
19,20,97,1,0,18290,18290,0
19,20,98,1,0,18921,18921,0
19,21,76,1,0,2721,2721,0
19,21,77,1,0,3244,3244,0
19,21,78,1,0,3250,3250,0
19,21,80,1,0,4156,4156,0
19,21,84,1,0,6234,6234,0
19,21,86,1,0,8401,8401,0
19,21,89,1,0,10349,10349,0
19,21,90,1,0,10354,10354,0
19,21,91,1,0,11401,11401,0
19,21,92,1,0,12433,12433,0
19,21,93,1,0,12438,12438,0
19,21,95,1,0,15013,15013,0
19,21,97,2,1,16225,16225,0
19,22,76,1,0,2557,2557,0
19,22,79,1,0,3254,3254,0
19,22,80,1,0,3259,3259,0
19,22,83,1,0,5174,5174,0
19,22,87,1,0,8189,8189,0
19,22,89,2,1,8413,8413,0
19,22,92,1,0,11406,11406,0
19,22,96,1,0,28051,28051,0
19,23,77,1,0,2396,2396,0
19,23,79,1,0,2401,2401,0
19,23,81,1,0,3089,3089,0
19,23,83,1,0,4171,4171,0
19,23,86,1,0,6248,6248,0
19,23,87,1,0,7107,7107,0
19,23,88,1,0,7113,7113,0
19,23,89,1,0,8199,8199,0
19,23,91,1,0,9294,9294,0
19,23,92,1,0,10364,10364,0
19,23,93,1,0,11410,11410,0
19,23,94,1,0,27967,27967,0
19,24,80,1,0,2406,2406,0
19,24,83,1,0,3274,3274,0
19,24,86,1,0,5189,5189,0
19,24,87,1,0,6039,6039,0
19,24,93,1,0,9298,9298,0
19,25,80,1,0,2411,2411,0
19,25,81,1,0,2416,2416,0
19,25,84,1,0,3279,3279,0
19,25,85,1,0,4186,4186,0
19,25,86,1,0,4190,4190,0
19,25,87,1,0,4985,4985,0
19,25,90,2,1,6051,6051,0
19,26,83,1,0,2426,2426,0
19,26,91,1,0,6269,6269,0
19,27,84,1,0,2431,2431,0
19,27,85,1,0,2436,2436,0
19,27,87,1,0,3119,3119,0
19,27,89,1,0,4200,4200,0
19,27,90,1,0,5208,5208,0
19,28,83,1,0,1962,1962,0
19,28,84,1,0,1967,1967,0
19,28,86,1,0,2441,2441,0
19,29,85,1,0,1845,1845,0
19,29,87,1,0,2446,2446,0
19,29,89,1,0,3303,3303,0
19,30,86,1,0,1741,1741,0
19,30,87,2,1,27857,2288,1
20,5,46,1,0,27918,27918,0
20,5,47,1,0,8211,8211,0
20,5,48,1,0,9083,9083,0
20,5,59,1,0,28125,28125,0
20,5,60,1,0,20418,20418,0
20,6,44,1,0,5210,5210,0
20,6,45,1,0,6057,6057,0
20,6,46,1,0,7130,7130,0
20,6,47,1,0,7997,7997,0
20,6,48,1,0,9087,9087,0
20,6,49,1,0,9948,9948,0
20,6,57,1,0,18291,18291,0
20,6,58,1,0,18922,18922,0
20,6,59,1,0,19776,19776,0
20,6,60,1,0,20849,20849,0
20,6,61,1,0,21908,21908,0
20,6,76,1,0,27608,27608,0
20,6,77,1,0,27674,27674,0
20,6,80,1,0,27795,27795,0
20,7,42,1,0,3482,3482,0
20,7,43,1,0,4019,4019,0
20,7,44,1,0,4798,4798,0
20,7,45,1,0,5849,5849,0
20,7,46,1,0,7136,7136,0
20,7,47,1,0,8002,8002,0
20,7,48,1,0,9092,9092,0
20,7,49,1,0,10161,10161,0
20,7,50,1,0,11204,11204,0
20,7,51,1,0,12238,12238,0
20,7,56,1,0,16840,16840,0
20,7,57,1,0,17874,17874,0
20,7,58,2,1,17899,17899,0
20,7,59,2,1,18951,18951,0
20,7,60,1,0,19810,19810,0
20,7,61,1,0,21913,21913,0
20,7,63,1,0,21937,21937,0
20,7,70,1,0,27093,27093,0
20,7,79,1,0,27723,27723,0
20,7,82,1,0,27814,27814,0
20,8,41,1,0,2451,2451,0
20,8,42,1,0,3131,3131,0
20,8,43,1,0,4023,4023,0
20,8,44,1,0,5007,5007,0
20,8,45,2,1,27900,5853,1
20,8,46,2,1,7146,6925,1
20,8,47,1,0,8012,8012,0
20,8,48,1,0,9097,9097,0
20,8,49,1,0,10167,10167,0
20,8,50,1,0,11209,11209,0
20,8,51,1,0,12241,12241,0
20,8,52,1,0,13218,13218,0
20,8,53,1,0,14012,14012,0
20,8,56,1,0,16858,16858,0
20,8,60,1,0,18744,18744,0
20,8,63,1,0,20883,20883,0
20,8,65,1,0,22995,22995,0
20,8,66,1,0,24016,24016,0
20,8,71,1,0,26646,26646,0
20,8,72,1,0,26733,26733,0
20,8,79,1,0,27623,27623,0
20,9,41,1,0,1745,1745,0
20,9,42,2,1,3135,2293,1
20,9,44,1,0,4028,4028,0
20,9,46,1,0,7150,7150,0
20,9,47,1,0,8016,8016,0
20,9,49,1,0,9111,9111,0
20,9,51,1,0,11228,11228,0
20,9,52,1,0,12255,12255,0
20,9,56,1,0,13237,13237,0
20,9,61,1,0,18749,18749,0
20,9,63,1,0,20888,20888,0
20,9,65,1,0,23000,23000,0
20,9,67,1,0,24021,24021,0
20,9,68,1,0,25073,25073,0
20,9,69,1,0,25754,25754,0
20,9,72,1,0,26316,26316,0
20,9,73,1,0,27108,27108,0
20,9,75,1,0,27402,27402,0
20,9,76,1,0,27406,27406,0
20,9,77,1,0,27411,27411,0
20,9,81,1,0,27633,27633,0
20,10,42,1,0,1645,1645,0
20,10,44,1,0,3141,3141,0
20,10,52,1,0,11233,11233,0
20,10,53,1,0,28017,28017,0
20,10,56,1,0,13243,13243,0
20,10,62,1,0,15865,15865,0
20,10,68,1,0,25078,25078,0
20,10,69,1,0,24914,24914,0
20,10,70,1,0,25760,25760,0
20,10,72,1,0,26321,26321,0
20,10,76,1,0,27127,27127,0
20,10,77,1,0,27132,27132,0
20,10,78,1,0,27313,27313,0
20,10,79,2,1,27468,27426,1
20,10,82,1,0,27638,27638,0
20,10,83,1,0,27607,27607,0
20,11,46,2,1,1279,1191,1
20,11,49,1,0,5032,5032,0
20,11,50,1,0,4833,4833,0
20,11,51,1,0,6096,6096,0
20,11,54,1,0,10193,10193,0
20,11,55,1,0,11238,11238,0
20,11,58,1,0,14047,14047,0
20,11,59,1,0,14052,14052,0
20,11,60,1,0,14856,14856,0
20,11,61,1,0,14861,14861,0
20,11,63,2,1,15870,15870,0
20,11,67,1,0,17944,17944,0
20,11,69,1,0,18794,18794,0
20,11,77,1,0,22231,22231,0
20,11,82,1,0,27436,27436,0
20,12,64,1,0,15880,15880,0
20,12,65,1,0,15884,15884,0
20,12,66,1,0,16909,16909,0
20,12,67,1,0,17949,17949,0
20,12,68,1,0,17953,17953,0
20,12,70,2,1,17958,17958,0
20,12,71,1,0,19654,19654,0
20,12,78,1,0,22025,22025,0
20,12,81,1,0,23079,23079,0
20,12,87,1,0,25487,25487,0
20,12,89,1,0,24976,24976,0
20,13,49,1,0,861,861,0
20,13,50,1,0,788,788,0
20,13,52,1,0,582,582,0
20,13,56,1,0,6974,6974,0
20,13,57,1,0,8061,8061,0
20,13,59,1,0,8065,8065,0
20,13,61,1,0,9161,9161,0
20,13,64,1,0,11283,11283,0
20,13,67,1,0,13301,13301,0
20,13,75,1,0,19884,19884,0
20,13,78,1,0,21180,21180,0
20,13,79,1,0,22031,22031,0
20,13,87,1,0,22051,22051,0
20,13,91,1,0,24991,24991,0
20,13,97,1,0,25011,25011,0
20,13,98,1,0,25016,25016,0
20,13,101,1,0,25856,25856,0
20,14,60,1,0,8289,8289,0
20,14,63,1,0,10449,10449,0
20,14,64,1,0,10246,10246,0
20,14,65,1,0,11287,11287,0
20,14,70,1,0,13312,13312,0
20,14,71,2,1,13317,13317,0
20,14,76,1,0,17988,17988,0
20,14,78,1,0,18834,18834,0
20,14,84,1,0,22036,22036,0
20,14,88,1,0,20996,20996,0
20,14,89,1,0,21002,21002,0
20,14,90,1,0,22065,22065,0
20,14,91,1,0,22071,22071,0
20,14,92,2,1,22075,22075,0
20,14,93,1,0,23337,23337,0
20,14,95,1,0,23138,23138,0
20,14,98,1,0,24148,24148,0
20,14,101,1,0,25031,25031,0
20,14,102,1,0,25860,25860,0
20,15,56,2,1,305,259,1
20,15,58,1,0,266,266,0
20,15,59,1,0,270,270,0
20,15,61,1,0,234,234,0
20,15,69,1,0,12334,12334,0
20,15,70,1,0,12339,12339,0
20,15,72,1,0,14115,14115,0
20,15,75,1,0,15732,15732,0
20,15,80,1,0,15944,15944,0
20,15,85,1,0,18013,18013,0
20,15,89,1,0,19933,19933,0
20,15,94,1,0,22085,22085,0
20,15,96,1,0,23143,23143,0
20,15,97,1,0,23148,23148,0
20,15,99,3,1,23153,23153,0
20,15,100,1,0,24163,24163,0
20,15,101,1,0,24166,24166,0
20,16,59,1,0,113,113,0
20,16,61,1,0,44,44,0
20,16,63,1,0,131,131,0
20,16,64,2,1,103,103,0
20,16,66,1,0,1738,1738,0
20,16,71,1,0,13322,13322,0
20,16,74,1,0,13326,13326,0
20,16,79,1,0,14130,14130,0
20,16,82,1,0,15949,15949,0
20,16,86,2,1,18017,18017,0
20,16,87,1,0,18862,18862,0
20,16,90,1,0,18872,18872,0
20,16,91,2,1,19938,19938,0
20,16,92,2,1,21016,20163,1
20,16,93,1,0,21021,21021,0
20,16,96,1,0,22100,22100,0
20,17,63,1,0,16,16,0
20,17,64,2,1,2,2,0
20,17,66,1,0,6,6,0
20,17,67,1,0,847,847,0
20,17,68,1,0,2541,2541,0
20,17,72,1,0,2394,2394,0
20,17,74,1,0,11322,11322,0
20,17,80,1,0,14135,14135,0
20,17,84,1,0,15958,15958,0
20,17,85,1,0,16981,16981,0
20,17,87,1,0,18027,18027,0
20,17,90,1,0,18037,18037,0
20,17,91,1,0,18882,18882,0
20,17,93,1,0,19953,19953,0
20,17,94,1,0,21031,21031,0
20,17,97,1,0,21046,21046,0
20,17,99,1,0,22110,22110,0
20,17,100,1,0,23163,23163,0
20,18,66,1,0,299,299,0
20,18,71,1,0,27869,27869,0
20,18,72,1,0,3228,3228,0
20,18,79,1,0,13341,13341,0
20,18,86,1,0,15973,15973,0
20,18,87,1,0,16996,16996,0
20,18,89,2,1,15988,14984,1
20,18,91,1,0,14998,14998,0
20,18,92,1,0,18052,18052,0
20,18,94,1,0,19114,19114,0
20,18,99,2,1,22115,21060,1
20,19,69,1,0,1275,1275,0
20,19,76,1,0,4141,4141,0
20,19,78,2,1,4146,4146,0
20,19,79,1,0,5154,5154,0
20,19,82,3,1,6224,6224,0
20,19,84,1,0,8169,8169,0
20,19,85,1,0,11371,11371,0
20,19,86,1,0,9264,9264,0
20,19,87,1,0,12413,12413,0
20,19,92,1,0,15003,15003,0
20,19,97,1,0,18917,18917,0
20,19,98,1,0,18921,18921,0
20,20,66,2,1,112,112,0
20,20,74,1,0,3230,3230,0
20,20,75,1,0,3235,3235,0
20,20,82,1,0,5164,5164,0
20,20,91,1,0,11401,11401,0
20,20,93,1,0,13388,13388,0
20,20,97,1,0,18077,18077,0
20,21,76,1,0,2721,2721,0
20,21,77,1,0,3244,3244,0
20,21,78,1,0,3250,3250,0
20,21,79,1,0,3254,3254,0
20,21,84,2,1,5174,5174,0
20,21,85,1,0,6239,6239,0
20,21,88,1,0,8189,8189,0
20,21,89,1,0,9502,9502,0
20,21,90,1,0,10354,10354,0
20,21,91,1,0,10359,10359,0
20,21,92,1,0,11406,11406,0
20,21,93,1,0,12438,12438,0
20,21,94,1,0,27981,27981,0
20,21,95,1,0,15013,15013,0
20,21,97,2,1,16225,16225,0
20,22,76,1,0,2557,2557,0
20,22,80,1,0,3259,3259,0
20,22,83,1,0,4171,4171,0
20,22,87,1,0,7107,7107,0
20,22,89,1,0,8413,8413,0
20,22,90,1,0,8199,8199,0
20,22,91,1,0,9294,9294,0
20,22,92,1,0,10364,10364,0
20,22,93,1,0,11410,11410,0
20,22,96,1,0,28051,28051,0
20,23,78,1,0,2396,2396,0
20,23,79,1,0,2401,2401,0
20,23,81,1,0,3089,3089,0
20,23,86,1,0,6248,6248,0
20,23,87,1,0,6039,6039,0
20,23,89,1,0,7117,7117,0
20,23,93,1,0,9298,9298,0
20,23,94,1,0,27967,27967,0
20,24,80,1,0,2406,2406,0
20,24,83,1,0,3274,3274,0
20,24,84,1,0,3279,3279,0
20,24,86,2,1,4186,4186,0
20,24,87,1,0,4985,4985,0
20,24,90,1,0,7122,7122,0
20,25,81,2,1,2416,2411,1
20,25,86,1,0,4190,4190,0
20,25,90,1,0,6051,6051,0
20,25,92,1,0,7126,7126,0
20,26,82,1,0,2421,2421,0
20,26,83,1,0,2426,2426,0
20,26,85,1,0,2431,2431,0
20,26,87,1,0,3119,3119,0
20,26,89,1,0,4200,4200,0
20,26,91,1,0,6269,6269,0
20,27,86,1,0,2436,2436,0
20,27,87,1,0,2441,2441,0
20,27,90,1,0,4205,4205,0
20,28,84,1,0,1967,1967,0
20,28,88,1,0,2446,2446,0
20,28,89,1,0,3303,3303,0
20,29,85,1,0,1845,1845,0
20,30,87,2,1,27857,1741,1
20,30,88,1,0,2288,2288,0
