latent_t,latent_y,latent_x,candidate_count,is_collision,winner_material_id
1,5,46,1,0,27918
1,5,47,1,0,8211
1,5,48,1,0,9083
1,5,59,1,0,28125
1,5,60,1,0,20418
1,6,44,1,0,5210
1,6,45,1,0,6057
1,6,46,1,0,7130
1,6,47,1,0,7997
1,6,48,1,0,9087
1,6,49,1,0,9948
1,6,57,1,0,18291
1,6,58,1,0,18922
1,6,59,1,0,19776
1,6,60,1,0,20849
1,6,61,1,0,21908
1,6,62,1,0,22958
1,7,42,1,0,3482
1,7,43,1,0,4019
1,7,44,1,0,4798
1,7,45,1,0,5849
1,7,46,1,0,7136
1,7,47,1,0,8002
1,7,48,1,0,9092
1,7,49,1,0,10161
1,7,50,1,0,11204
1,7,51,1,0,12238
1,7,56,1,0,16840
1,7,57,1,0,17874
1,7,58,1,0,18716
1,7,59,1,0,19565
1,7,60,1,0,20854
1,7,61,1,0,21913
1,7,62,1,0,22961
1,7,63,1,0,23977
1,8,41,1,0,2451
1,8,42,1,0,3131
1,8,43,1,0,4023
1,8,44,1,0,5007
1,8,45,1,0,5853
1,8,46,1,0,6925
1,8,47,1,0,8225
1,8,48,1,0,9097
1,8,49,1,0,10167
1,8,50,1,0,11209
1,8,51,1,0,12241
1,8,52,1,0,13218
1,8,53,1,0,14012
1,8,54,1,0,15017
1,8,55,1,0,15821
1,8,56,1,0,16843
1,8,57,1,0,17880
1,8,58,1,0,18932
1,8,59,1,0,19571
1,8,60,1,0,20860
1,8,61,1,0,21918
1,8,62,1,0,22966
1,8,63,1,0,23982
1,8,64,1,0,24699
1,9,40,1,0,1745
1,9,41,1,0,2293
1,9,42,1,0,3135
1,9,43,1,0,4028
1,9,45,1,0,27900
1,9,46,1,0,7146
1,9,51,1,0,12246
1,9,53,1,0,14017
1,9,54,1,0,14821
1,9,55,1,0,15826
1,9,57,2,1,17677
1,9,58,1,0,18941
1,9,59,1,0,20005
1,9,61,1,0,21923
1,9,62,1,0,22971
1,9,65,1,0,25551
1,10,41,1,0,1645
1,10,43,1,0,3141
1,10,45,1,0,5018
1,10,46,1,0,7150
1,10,47,1,0,8016
1,10,48,2,1,9111
1,10,49,1,0,10181
1,10,52,1,0,12255
1,10,58,1,0,18734
1,10,59,1,0,20014
1,10,60,1,0,20869
1,10,61,1,0,21932
1,10,63,2,1,22976
1,10,66,1,0,25720
1,11,43,1,0,2971
1,11,46,1,0,5027
1,11,51,1,0,11228
1,11,52,1,0,12260
1,11,53,1,0,13232
1,11,57,1,0,17895
1,11,59,1,0,18951
1,11,60,1,0,20878
1,11,64,1,0,23996
1,11,66,2,1,28232
1,11,67,1,0,26278
1,12,42,1,0,1654
1,12,45,1,0,4042
1,12,47,1,0,6087
1,12,48,1,0,6949
1,12,51,1,0,11233
1,12,52,1,0,28017
1,12,58,1,0,17899
1,12,59,1,0,18744
1,12,60,1,0,19810
1,12,63,1,0,21937
1,12,67,1,0,25731
1,13,44,1,0,3155
1,13,46,1,0,5032
1,13,47,1,0,6096
1,13,50,1,0,9126
1,13,51,1,0,10193
1,13,54,1,0,13243
1,13,56,1,0,14846
1,13,57,1,0,15845
1,13,62,1,0,20883
1,13,63,1,0,21942
1,13,65,1,0,24006
1,13,67,1,0,25735
1,14,41,1,0,1196
1,14,46,1,0,4833
1,14,49,1,0,8037
1,14,51,1,0,10197
1,14,57,1,0,14851
1,14,58,1,0,16667
1,14,62,1,0,20888
1,14,63,1,0,21947
1,14,68,1,0,25740
1,14,69,2,1,26293
1,15,43,1,0,1773
1,15,44,1,0,2323
1,15,47,1,0,4838
1,15,48,1,0,6101
1,15,49,1,0,6959
1,15,52,1,0,10202
1,15,53,2,1,11244
1,15,54,1,0,12280
1,15,55,2,1,13253
1,15,56,1,0,14047
1,15,57,1,0,14856
1,15,58,1,0,15860
1,15,59,1,0,16883
1,15,61,1,0,19820
1,15,62,1,0,20893
1,15,65,1,0,23000
1,15,67,1,0,25073
1,15,68,1,0,25746
1,15,69,1,0,26297
1,15,70,1,0,26946
1,16,42,1,0,1206
1,16,44,1,0,2327
1,16,45,1,0,3170
1,16,47,1,0,5052
1,16,48,1,0,6111
1,16,51,1,0,9137
1,16,54,1,0,12284
1,16,56,2,1,14052
1,16,59,1,0,16888
1,16,60,1,0,17919
1,16,64,1,0,21957
1,16,66,1,0,24021
1,16,67,1,0,25078
1,16,69,1,0,26302
1,16,70,1,0,26718
1,17,44,1,0,2332
1,17,46,1,0,4067
1,17,47,1,0,5057
1,17,48,1,0,6116
1,17,49,1,0,6974
1,17,52,1,0,10215
1,17,53,1,0,11254
1,17,56,1,0,14061
1,17,57,1,0,14866
1,17,59,1,0,16893
1,17,60,1,0,17929
1,17,65,2,1,23010
1,17,66,2,1,24026
1,17,67,1,0,24914
1,17,68,1,0,25754
1,17,69,1,0,26306
1,17,71,1,0,27093
1,18,42,2,1,797
1,18,43,1,0,1683
1,18,44,1,0,2337
1,18,45,1,0,3180
1,18,46,1,0,4072
1,18,50,1,0,8061
1,18,52,1,0,10430
1,18,55,1,0,13083
1,18,56,1,0,14066
1,18,57,1,0,14871
1,18,58,1,0,15875
1,18,59,1,0,16898
1,18,61,1,0,17934
1,18,66,1,0,24036
1,18,69,1,0,26312
1,18,70,1,0,26646
1,18,72,1,0,27281
1,19,44,1,0,1689
1,19,45,1,0,2840
1,19,53,1,0,11267
1,19,56,1,0,14071
1,19,57,1,0,14876
1,19,58,1,0,15880
1,19,59,1,0,16903
1,19,63,2,1,19840
1,19,64,1,0,21977
1,19,66,1,0,24041
1,19,68,1,0,24924
1,19,71,1,0,26733
1,19,72,1,0,27103
1,20,40,1,0,305
1,20,42,1,0,808
1,20,43,1,0,1317
1,20,45,2,1,2347
1,20,47,1,0,4862
1,20,52,1,0,10231
1,20,53,1,0,11272
1,20,57,1,0,14881
1,20,58,1,0,15884
1,20,63,2,1,19845
1,20,64,1,0,20918
1,20,68,1,0,25098
1,20,69,1,0,25769
1,20,71,1,0,26739
1,20,72,1,0,27108
1,20,73,1,0,27392
1,21,40,1,0,259
1,21,42,1,0,812
1,21,44,1,0,1698
1,21,45,1,0,2352
1,21,48,1,0,5072
1,21,49,1,0,6131
1,21,50,1,0,8075
1,21,51,2,1,8289
1,21,54,1,0,12305
1,21,55,1,0,13459
1,21,57,2,1,14216
1,21,58,1,0,15890
1,21,59,2,1,16909
1,21,63,1,0,20069
1,21,65,1,0,21982
1,21,66,1,0,23030
1,21,67,1,0,24046
1,21,68,1,0,25103
1,21,69,1,0,25775
1,21,70,1,0,26326
1,21,71,1,0,26744
1,21,72,1,0,27113
1,21,73,1,0,27397
1,22,40,1,0,266
1,22,43,1,0,1236
1,22,44,1,0,1704
1,22,45,2,1,2357
1,22,47,1,0,4476
1,22,48,1,0,5076
1,22,50,1,0,8080
1,22,51,1,0,9166
1,22,53,1,0,11283
1,22,62,1,0,18794
1,22,63,1,0,19860
1,22,64,1,0,20928
1,22,65,1,0,21987
1,22,66,2,1,23035
1,22,68,1,0,25278
1,22,69,1,0,25780
1,22,71,1,0,26748
1,22,72,1,0,27118
1,22,73,2,1,27402
1,23,40,1,0,270
1,23,42,1,0,823
1,23,43,1,0,1241
1,23,44,1,0,2362
1,23,45,2,1,3034
1,23,47,1,0,4877
1,23,51,1,0,8302
1,23,52,1,0,9389
1,23,54,1,0,11287
1,23,59,2,1,15895
1,23,60,1,0,16918
1,23,61,1,0,17958
1,23,63,1,0,19863
1,23,64,1,0,20937
1,23,65,1,0,21996
1,23,66,1,0,23040
1,23,69,1,0,25784
1,23,71,1,0,26753
1,23,72,1,0,27122
1,23,73,1,0,27406
1,24,39,1,0,113
1,24,40,1,0,229
1,24,41,1,0,616
1,24,42,1,0,827
1,24,48,1,0,5086
1,24,50,1,0,7008
1,24,56,1,0,13301
1,24,57,1,0,14095
1,24,58,1,0,14900
1,24,59,2,1,15904
1,24,61,1,0,17963
1,24,62,1,0,18799
1,24,69,1,0,25789
1,24,72,1,0,27127
1,24,73,1,0,27411
1,24,74,1,0,27613
1,25,39,1,0,63
1,25,41,1,0,494
1,25,44,1,0,1718
1,25,45,1,0,2371
1,25,47,1,0,4477
1,25,48,1,0,4881
1,25,49,1,0,6155
1,25,52,1,0,10251
1,25,54,1,0,12124
1,25,59,2,1,15909
1,25,64,1,0,21160
1,25,66,2,1,23050
1,25,69,1,0,25794
1,25,70,1,0,26346
1,25,72,1,0,27132
1,25,73,1,0,27313
1,25,75,1,0,27723
1,26,38,1,0,44
1,26,40,1,0,238
1,26,42,1,0,838
1,26,43,1,0,1255
1,26,47,1,0,4093
1,26,51,1,0,9190
1,26,53,1,0,10255
1,26,54,1,0,11711
1,26,56,1,0,13307
1,26,58,1,0,14910
1,26,59,1,0,15914
1,26,61,1,0,17968
1,26,64,1,0,21165
1,26,66,1,0,23059
1,26,67,1,0,24059
1,26,69,1,0,25943
1,26,72,1,0,27137
1,26,73,1,0,27468
1,26,74,1,0,27623
1,26,75,1,0,27727
1,26,76,1,0,27795
1,27,38,1,0,16
1,27,39,1,0,131
1,27,40,1,0,503
1,27,41,1,0,768
1,27,44,2,1,1728
1,27,49,1,0,6377
1,27,53,1,0,10260
1,27,54,1,0,11509
1,27,56,1,0,13312
1,27,59,1,0,15919
1,27,60,1,0,17355
1,27,66,1,0,23064
1,27,67,1,0,24064
1,27,68,2,1,24759
1,27,70,2,1,26352
1,27,71,1,0,26773
1,27,75,1,0,27732
1,28,37,1,0,2
1,28,38,1,0,7
1,28,39,2,1,103
1,28,40,1,0,508
1,28,41,1,0,847
1,28,42,1,0,1266
1,28,43,1,0,1733
1,28,44,1,0,2081
1,28,46,1,0,3377
1,28,48,1,0,5105
1,28,50,1,0,7889
1,28,53,2,1,10265
1,28,54,1,0,11514
1,28,61,1,0,17978
1,28,63,2,1,19884
1,28,64,1,0,20957
1,28,66,1,0,23069
1,28,67,1,0,24069
1,28,68,1,0,24936
1,28,69,1,0,25631
1,28,70,1,0,26360
1,28,72,1,0,27147
1,28,73,1,0,27381
1,28,74,1,0,27633
1,28,75,1,0,27737
1,28,76,1,0,27814
1,29,37,1,0,6
1,29,39,1,0,108
1,29,41,1,0,852
1,29,42,1,0,1270
1,29,43,2,1,1550
1,29,45,1,0,3208
1,29,47,1,0,4107
1,29,48,1,0,5110
1,29,49,1,0,5744
1,29,54,1,0,11316
1,29,56,1,0,13322
1,29,57,1,0,14115
1,29,60,1,0,17157
1,29,61,1,0,17988
1,29,62,1,0,18823
1,29,68,1,0,24942
1,29,70,1,0,26534
1,29,71,1,0,26783
1,29,72,1,0,27152
1,29,73,1,0,27436
1,29,76,1,0,27818
1,30,39,1,0,258
1,30,40,1,0,518
1,30,42,1,0,1275
1,30,44,1,0,2541
1,30,45,1,0,3213
1,30,47,1,0,4113
1,30,48,1,0,4907
1,30,49,2,1,6176
1,30,50,1,0,8115
1,30,51,1,0,8987
1,30,55,1,0,12349
1,30,56,2,1,13326
1,30,58,2,1,14925
1,30,60,1,0,16957
1,30,62,1,0,18828
1,30,66,1,0,24074
1,30,69,1,0,25799
1,30,71,1,0,26787
1,30,72,1,0,27156
1,30,73,1,0,27440
1,30,74,1,0,27607
1,31,42,1,0,27846
1,31,45,1,0,3218
1,31,46,1,0,4309
1,31,51,1,0,9428
1,31,52,1,0,10279
1,31,55,1,0,13331
1,31,56,1,0,14125
1,31,57,1,0,14930
1,31,58,1,0,15737
1,31,60,1,0,16962
1,31,61,2,1,17993
1,31,62,1,0,19899
1,31,63,1,0,20972
1,31,64,1,0,22031
1,31,65,1,0,23079
1,31,67,1,0,24947
1,31,69,1,0,26176
1,32,43,2,1,1841
1,32,45,1,0,3228
1,32,49,1,0,7043
1,32,50,1,0,8125
1,32,51,1,0,9220
1,32,52,1,0,10290
1,32,53,1,0,11331
1,32,54,1,0,12363
1,32,56,1,0,14130
1,32,61,2,1,17998
1,32,62,1,0,19904
1,32,66,1,0,23084
1,32,67,2,1,24084
1,32,68,1,0,25809
1,32,70,1,0,26361
1,33,46,1,0,4132
1,33,47,1,0,5134
1,33,48,2,1,6190
1,33,49,1,0,7053
1,33,51,1,0,9225
1,33,53,1,0,11336
1,33,54,1,0,12369
1,33,56,1,0,14135
1,33,57,1,0,14940
1,33,58,1,0,15944
1,33,59,1,0,16967
1,33,60,1,0,18003
1,33,61,1,0,18843
1,33,66,1,0,24089
1,33,67,1,0,24957
1,33,68,1,0,28189
1,33,69,1,0,26274
1,34,45,1,0,3235
1,34,55,1,0,13346
1,34,56,1,0,14001
1,34,58,1,0,15949
1,34,59,1,0,16972
1,34,65,1,0,23094
1,34,66,1,0,24094
1,34,67,1,0,24962
1,35,45,1,0,2721
1,35,46,1,0,4141
1,35,48,1,0,5992
1,35,50,1,0,8145
1,35,53,1,0,11346
1,35,54,2,1,12374
1,35,55,2,1,13351
1,35,56,1,0,13858
1,35,58,1,0,15954
1,35,59,1,0,16977
1,35,60,1,0,18013
1,35,64,1,0,22051
1,35,66,1,0,24099
1,35,67,1,0,24967
1,36,44,1,0,2557
1,36,45,1,0,3244
1,36,47,1,0,4941
1,36,50,1,0,7933
1,36,53,1,0,11351
1,36,54,1,0,12383
1,36,55,1,0,13360
1,36,56,1,0,14437
1,36,57,1,0,14954
1,36,58,1,0,15958
1,36,59,1,0,16981
1,36,62,1,0,19923
1,36,65,1,0,23103
1,36,66,1,0,24103
1,36,67,1,0,24971
1,36,68,1,0,25483
1,37,44,1,0,2396
1,37,45,1,0,3250
1,37,46,1,0,4151
1,37,48,1,0,6214
1,37,49,1,0,7072
1,37,50,1,0,8154
1,37,51,1,0,9244
1,37,52,1,0,10313
1,37,56,1,0,14443
1,37,57,1,0,14959
1,37,59,1,0,16986
1,37,60,1,0,18022
1,37,61,1,0,18862
1,37,63,1,0,21002
1,37,64,1,0,22060
1,37,66,1,0,24108
1,37,67,1,0,24976
1,37,68,1,0,25654
1,38,45,1,0,3254
1,38,46,1,0,4156
1,38,49,1,0,7077
1,38,50,1,0,8159
1,38,52,1,0,10319
1,38,53,1,0,11361
1,38,54,1,0,12393
1,38,55,1,0,13365
1,38,56,1,0,14447
1,38,57,1,0,14964
1,38,58,1,0,15968
1,38,59,1,0,16991
1,38,60,1,0,18027
1,38,61,1,0,18867
1,38,63,1,0,21006
1,38,64,1,0,22065
1,38,66,1,0,24113
1,38,67,1,0,24981
1,39,45,1,0,3259
1,39,46,1,0,4161
1,39,47,1,0,5164
1,39,50,1,0,8164
1,39,51,1,0,9472
1,39,52,1,0,10324
1,39,53,1,0,11366
1,39,54,1,0,12398
1,39,55,1,0,13370
1,39,58,1,0,15973
1,39,61,1,0,18872
1,39,62,1,0,19938
1,39,66,1,0,24118
1,39,67,1,0,24986
1,40,44,2,1,2411
1,40,46,1,0,4166
1,40,51,1,0,9259
1,40,52,1,0,10538
1,40,53,1,0,11371
1,40,55,1,0,13375
1,40,57,1,0,14974
1,40,58,1,0,15978
1,40,60,1,0,18037
1,40,61,1,0,18877
1,40,65,1,0,23123
1,40,66,1,0,24123
1,40,67,1,0,24991
1,41,44,1,0,2416
1,41,45,1,0,3269
1,41,46,1,0,4171
1,41,50,1,0,9264
1,41,52,1,0,10334
1,41,53,2,1,11583
1,41,54,1,0,13200
1,41,55,1,0,13380
1,41,57,1,0,14979
1,41,58,1,0,15983
1,41,59,1,0,17006
1,41,60,1,0,18042
1,41,61,1,0,18882
1,41,64,1,0,22080
1,41,65,1,0,23337
1,41,66,1,0,24128
1,42,46,1,0,4176
1,42,47,1,0,5179
1,42,48,1,0,7097
1,42,52,1,0,11381
1,42,57,1,0,14984
1,42,59,1,0,17011
1,42,60,1,0,18047
1,42,63,1,0,21026
1,42,66,1,0,24133
1,42,67,1,0,25826
1,43,43,2,1,1962
1,43,45,1,0,4181
1,43,46,1,0,5184
1,43,47,1,0,6244
1,43,49,1,0,7318
1,43,50,1,0,8401
1,43,51,1,0,10340
1,43,52,1,0,11385
1,43,53,2,1,12413
1,43,57,2,1,14989
1,43,59,2,1,17016
1,43,60,1,0,18892
1,43,62,1,0,21031
1,43,65,1,0,23138
1,43,66,1,0,24138
1,43,67,3,1,25002
1,44,43,2,1,1967
1,44,47,1,0,6248
1,44,48,1,0,7107
1,44,49,1,0,8189
1,44,50,1,0,9279
1,44,52,1,0,11391
1,44,57,2,1,14993
1,44,62,1,0,21036
1,44,65,1,0,23143
1,44,67,1,0,25836
1,45,42,1,0,1845
1,45,43,1,0,2436
1,45,45,1,0,4190
1,45,46,1,0,4985
1,45,47,1,0,6039
1,45,50,1,0,9502
1,45,51,1,0,10354
1,45,52,1,0,11396
1,45,53,2,1,12423
1,45,56,2,1,14453
1,45,57,1,0,16003
1,45,61,1,0,19968
1,45,62,1,0,21041
1,45,66,2,1,24148
1,45,67,1,0,25841
1,46,42,1,0,1741
1,46,43,1,0,2441
1,46,44,1,0,3119
1,46,45,1,0,4010
1,46,47,1,0,6259
1,46,48,1,0,7117
1,46,49,1,0,8199
1,46,50,1,0,9289
1,46,51,1,0,10359
1,46,52,1,0,11401
1,46,53,1,0,12433
1,46,55,2,1,14299
1,46,56,1,0,15003
1,46,57,1,0,15806
1,46,60,1,0,19119
1,46,61,1,0,19973
1,46,62,1,0,21046
1,46,66,1,0,25021
1,46,67,1,0,25846
1,47,42,1,0,27857
1,47,43,1,0,2288
1,47,44,1,0,3298
1,47,52,1,0,11406
1,47,54,1,0,13388
1,47,57,2,1,15815
1,47,58,1,0,17040
1,47,59,1,0,18072
1,47,60,1,0,18912
1,47,61,1,0,19978
1,47,62,1,0,21051
1,47,63,1,0,22110
1,47,64,1,0,23158
1,47,65,1,0,24158
1,47,66,1,0,25026
1,47,67,1,0,25851
1,48,44,1,0,3303
1,48,45,1,0,4205
1,48,46,1,0,5208
1,48,48,1,0,7126
1,48,49,1,0,8209
1,48,50,1,0,9298
1,48,51,1,0,10368
1,48,54,2,1,13393
1,48,56,2,1,15013
1,48,57,1,0,16225
1,48,58,1,0,17045
1,48,59,1,0,18290
1,48,60,1,0,18917
1,48,61,1,0,19987
1,48,62,1,0,21060
1,48,63,2,1,22115
1,48,64,2,1,23163
1,48,65,1,0,24163
1,48,67,1,0,25856
1,49,53,1,0,27967
1,49,65,1,0,24166
1,49,66,1,0,25035
1,49,67,1,0,25860
2,5,46,1,0,27918
2,5,47,1,0,8211
2,5,48,1,0,9083
2,5,59,1,0,28125
2,5,60,1,0,20418
2,6,44,1,0,5210
2,6,45,1,0,6057
2,6,46,1,0,7130
2,6,47,1,0,7997
2,6,48,1,0,9087
2,6,49,1,0,9948
2,6,57,1,0,18291
2,6,58,1,0,18922
2,6,59,1,0,19776
2,6,60,1,0,20849
2,6,61,1,0,21908
2,6,62,1,0,22958
2,7,42,1,0,3482
2,7,43,1,0,4019
2,7,44,1,0,4798
2,7,45,1,0,5849
2,7,46,1,0,7136
2,7,47,1,0,8002
2,7,48,1,0,9092
2,7,49,1,0,10161
2,7,50,1,0,11204
2,7,51,1,0,12238
2,7,56,1,0,16840
2,7,57,1,0,17874
2,7,58,1,0,18716
2,7,59,1,0,19565
2,7,60,1,0,20854
2,7,61,1,0,21913
2,7,62,1,0,22961
2,7,63,1,0,23977
2,8,41,1,0,2451
2,8,42,1,0,3131
2,8,43,1,0,4023
2,8,44,1,0,5007
2,8,45,1,0,5853
2,8,46,1,0,6925
2,8,47,1,0,8225
2,8,48,1,0,9097
2,8,49,1,0,10167
2,8,50,1,0,11209
2,8,51,1,0,12241
2,8,52,1,0,13218
2,8,53,1,0,14012
2,8,54,1,0,15017
2,8,55,1,0,15821
2,8,56,1,0,16843
2,8,57,1,0,17880
2,8,58,1,0,18932
2,8,59,1,0,19571
2,8,60,1,0,20860
2,8,61,1,0,21918
2,8,62,1,0,22966
2,8,63,1,0,23982
2,8,64,1,0,24699
2,9,41,2,1,1745
2,9,42,1,0,3135
2,9,43,1,0,4028
2,9,45,1,0,27900
2,9,46,1,0,7146
2,9,47,2,1,8012
2,9,48,1,0,9102
2,9,49,1,0,10171
2,9,51,1,0,12246
2,9,52,1,0,13227
2,9,53,2,1,14017
2,9,54,1,0,14821
2,9,55,1,0,15826
2,9,57,2,1,17677
2,9,58,1,0,18941
2,9,59,1,0,20005
2,9,61,1,0,21923
2,9,62,1,0,22971
2,9,65,1,0,25551
2,10,41,1,0,1645
2,10,42,1,0,2298
2,10,43,1,0,3141
2,10,45,1,0,5018
2,10,46,1,0,7150
2,10,48,1,0,9111
2,10,49,2,1,9325
2,10,52,1,0,12255
2,10,56,1,0,16854
2,10,57,1,0,17895
2,10,58,1,0,18734
2,10,60,1,0,20019
2,10,61,1,0,21928
2,10,63,2,1,22976
2,10,65,1,0,24880
2,11,46,1,0,5027
2,11,51,1,0,11228
2,11,52,1,0,12260
2,11,54,1,0,13232
2,11,61,1,0,20878
2,11,64,2,1,21937
2,11,66,1,0,24884
2,11,67,1,0,26278
2,12,45,1,0,4042
2,12,47,1,0,5032
2,12,49,1,0,6949
2,12,50,1,0,9340
2,12,51,1,0,11233
2,12,53,1,0,28017
2,12,55,1,0,13237
2,12,56,1,0,15841
2,12,60,1,0,19810
2,12,63,1,0,20883
2,12,67,2,1,24889
2,12,68,1,0,25735
2,13,42,1,0,1279
2,13,44,1,0,2312
2,13,45,1,0,3155
2,13,48,1,0,6096
2,13,51,1,0,9126
2,13,53,1,0,10197
2,13,55,1,0,13243
2,13,57,2,1,14846
2,13,59,1,0,16667
2,13,63,1,0,20888
2,13,66,1,0,24011
2,13,69,1,0,26293
2,13,70,1,0,26709
2,14,43,1,0,1196
2,14,47,1,0,4833
2,14,55,1,0,13253
2,14,56,1,0,14047
2,14,57,1,0,14851
2,14,62,1,0,19820
2,14,63,1,0,20893
2,14,66,1,0,23000
2,14,68,1,0,24899
2,14,70,1,0,26297
2,15,46,1,0,2323
2,15,47,1,0,4062
2,15,53,1,0,11248
2,15,55,1,0,12280
2,15,57,1,0,14052
2,15,58,1,0,14856
2,15,59,1,0,15860
2,15,60,1,0,16883
2,15,61,1,0,17919
2,15,65,1,0,21957
2,15,67,1,0,24021
2,15,68,1,0,25073
2,15,69,2,1,25078
2,15,71,1,0,26718
2,16,49,1,0,6111
2,16,50,1,0,7185
2,16,55,1,0,12284
2,16,56,1,0,13261
2,16,57,1,0,14055
2,16,62,1,0,18764
2,16,66,1,0,23010
2,16,67,1,0,24026
2,16,69,2,1,24914
2,16,71,1,0,26724
2,16,72,1,0,27093
2,17,43,1,0,788
2,17,45,1,0,1121
2,17,48,1,0,4072
2,17,50,2,1,6116
2,17,52,1,0,8274
2,17,53,1,0,9146
2,17,54,1,0,11258
2,17,56,1,0,13083
2,17,61,1,0,16893
2,17,62,1,0,17929
2,17,65,1,0,20907
2,17,68,2,1,24031
2,17,70,1,0,25760
2,17,72,1,0,26733
2,18,44,1,0,520
2,18,46,1,0,1689
2,18,47,1,0,2342
2,18,50,1,0,6121
2,18,52,1,0,8061
2,18,54,1,0,11263
2,18,58,1,0,14871
2,18,62,1,0,17934
2,18,64,1,0,19840
2,18,66,1,0,21972
2,18,69,1,0,24924
2,18,71,1,0,26316
2,19,44,1,0,464
2,19,45,1,0,803
2,19,46,2,1,1221
2,19,48,2,1,2347
2,19,52,1,0,8065
2,19,54,1,0,10226
2,19,56,1,0,12300
2,19,57,1,0,13453
2,19,59,1,0,14876
2,19,60,1,0,15880
2,19,63,1,0,18779
2,19,64,1,0,19845
2,19,65,1,0,20918
2,19,66,1,0,21977
2,19,67,1,0,23025
2,19,70,2,1,25098
2,19,73,1,0,27108
2,19,74,1,0,27397
2,20,45,1,0,808
2,20,46,1,0,1231
2,20,47,1,0,1698
2,20,48,1,0,2352
2,20,49,1,0,3195
2,20,51,2,1,5072
2,20,53,1,0,8289
2,20,54,1,0,9161
2,20,55,1,0,10231
2,20,56,1,0,12305
2,20,60,1,0,15884
2,20,63,1,0,18784
2,20,64,1,0,19850
2,20,66,1,0,21982
2,20,67,1,0,23030
2,20,68,1,0,24046
2,20,70,1,0,25103
2,20,71,1,0,25775
2,20,72,1,0,26326
2,20,75,1,0,27532
2,21,44,1,0,259
2,21,46,1,0,1236
2,21,47,1,0,1704
2,21,48,1,0,2357
2,21,49,1,0,3200
2,21,50,1,0,4281
2,21,51,1,0,5076
2,21,52,1,0,6994
2,21,53,1,0,8075
2,21,54,1,0,9166
2,21,55,1,0,10449
2,21,56,1,0,11277
2,21,59,1,0,14886
2,21,61,1,0,16913
2,21,65,1,0,20069
2,21,67,1,0,21987
2,21,68,1,0,23035
2,21,70,1,0,25278
2,21,74,1,0,27118
2,22,44,1,0,266
2,22,47,1,0,1709
2,22,50,1,0,4476
2,22,52,1,0,6998
2,22,53,2,1,8080
2,22,56,2,1,11283
2,22,59,1,0,14086
2,22,62,1,0,16918
2,22,63,1,0,17953
2,22,64,1,0,18794
2,22,65,1,0,19860
2,22,68,1,0,23040
2,22,71,1,0,25784
2,22,73,1,0,26753
2,22,74,1,0,27127
2,22,75,1,0,27411
2,22,76,1,0,27613
2,23,44,1,0,270
2,23,45,1,0,823
2,23,46,2,1,827
2,23,51,1,0,5086
2,23,54,1,0,9175
2,23,58,1,0,13113
2,23,61,1,0,15899
2,23,63,1,0,17958
2,23,64,1,0,18799
2,23,66,1,0,20937
2,23,67,1,0,21996
2,23,71,1,0,25789
2,23,72,1,0,26341
2,23,73,1,0,26758
2,23,75,1,0,27313
2,23,77,1,0,27723
2,24,44,1,0,113
2,24,45,1,0,616
2,24,46,1,0,832
2,24,47,1,0,1250
2,24,48,1,0,1718
2,24,49,1,0,2371
2,24,51,2,1,4477
2,24,52,1,0,6150
2,24,53,1,0,7008
2,24,55,1,0,9180
2,24,58,2,1,12324
2,24,59,1,0,14095
2,24,61,1,0,15904
2,24,62,1,0,16721
2,24,63,1,0,17963
2,24,65,1,0,19654
2,24,66,1,0,20942
2,24,67,1,0,22002
2,24,68,1,0,23050
2,24,71,1,0,25794
2,24,72,1,0,26346
2,24,74,1,0,27137
2,24,76,2,1,27468
2,24,77,1,0,27727
2,24,78,1,0,27795
2,25,43,1,0,63
2,25,47,1,0,1255
2,25,48,1,0,1826
2,25,50,1,0,4093
2,25,51,1,0,4886
2,25,53,1,0,6155
2,25,55,1,0,9190
2,25,57,2,1,10260
2,25,59,1,0,13307
2,25,61,1,0,15909
2,25,62,1,0,16521
2,25,67,1,0,22007
2,25,68,1,0,23055
2,25,70,1,0,24759
2,25,71,1,0,25943
2,25,72,1,0,26352
2,25,77,2,1,27628
2,25,78,1,0,27809
2,26,43,1,0,44
2,26,44,1,0,238
2,26,45,2,1,560
2,26,46,1,0,838
2,26,48,2,1,1728
2,26,53,2,1,6160
2,26,54,1,0,7451
2,26,57,1,0,10265
2,26,59,1,0,12339
2,26,60,1,0,14910
2,26,61,1,0,15914
2,26,66,1,0,21165
2,26,68,1,0,23059
2,26,69,1,0,24059
2,26,70,1,0,24932
2,26,72,1,0,26356
2,26,73,1,0,26773
2,26,77,1,0,27633
2,26,79,2,1,27814
2,27,42,2,1,7
2,27,47,1,0,1261
2,27,48,2,1,1733
2,27,50,1,0,3377
2,27,52,1,0,5105
2,27,57,1,0,10269
2,27,58,1,0,11312
2,27,59,1,0,13317
2,27,60,1,0,14731
2,27,61,1,0,15919
2,27,63,2,1,17355
2,27,64,1,0,18818
2,27,66,1,0,20957
2,27,69,2,1,23064
2,27,70,1,0,24936
2,27,71,1,0,25631
2,27,72,1,0,26360
2,27,75,1,0,27147
2,28,42,1,0,2
2,28,44,1,0,248
2,28,45,1,0,508
2,28,46,1,0,847
2,28,47,1,0,1266
2,28,48,1,0,1738
2,28,50,1,0,3208
2,28,51,1,0,4107
2,28,53,1,0,5744
2,28,57,1,0,10275
2,28,58,1,0,11316
2,28,59,1,0,12344
2,28,60,2,1,13322
2,28,63,2,1,17153
2,28,64,2,1,17983
2,28,66,1,0,20104
2,28,69,1,0,24069
2,28,72,1,0,25799
2,28,73,1,0,26534
2,28,76,1,0,27440
2,28,77,1,0,27607
2,29,42,1,0,6
2,29,46,1,0,852
2,29,47,1,0,1550
2,29,49,1,0,2541
2,29,50,1,0,3213
2,29,51,1,0,4113
2,29,52,1,0,4907
2,29,53,1,0,6176
2,29,54,1,0,7033
2,29,56,1,0,8987
2,29,59,1,0,12349
2,29,60,1,0,13326
2,29,69,1,0,24074
2,29,70,1,0,24942
2,29,74,1,0,26787
2,29,75,1,0,27156
2,30,43,2,1,112
2,30,44,1,0,518
2,30,46,1,0,1275
2,30,50,1,0,3218
2,30,51,1,0,4309
2,30,56,1,0,9428
2,30,57,1,0,10279
2,30,60,1,0,14120
2,30,62,1,0,15732
2,30,63,1,0,16957
2,30,64,1,0,17993
2,30,65,1,0,18834
2,30,67,1,0,22031
2,30,68,1,0,23079
2,30,71,1,0,25804
2,30,73,1,0,26176
2,31,46,1,0,27846
2,31,49,1,0,3223
2,31,53,1,0,6399
2,31,56,1,0,9433
2,31,64,1,0,17998
2,31,65,1,0,18838
2,31,68,1,0,23084
2,31,69,1,0,24084
2,31,70,1,0,24952
2,31,73,1,0,26361
2,32,47,1,0,27869
2,32,48,1,0,1841
2,32,49,1,0,2394
2,32,50,1,0,3228
2,32,51,1,0,4127
2,32,54,1,0,7048
2,32,58,1,0,12359
2,32,61,1,0,14930
2,32,67,1,0,28131
2,32,68,1,0,22036
2,32,69,1,0,24089
2,32,72,1,0,26274
2,33,56,1,0,10290
2,33,57,1,0,11331
2,33,58,1,0,12363
2,33,59,1,0,13336
2,33,71,1,0,28189
2,34,50,1,0,4132
2,34,52,1,0,6195
2,34,54,1,0,8134
2,34,57,1,0,11336
2,34,58,1,0,12369
2,34,60,1,0,14135
2,34,63,1,0,16967
2,34,64,1,0,18003
2,34,65,1,0,18843
2,34,70,1,0,24094
2,34,71,1,0,24962
2,35,49,2,1,2721
2,35,50,1,0,4137
2,35,51,1,0,5140
2,35,54,1,0,8141
2,35,59,1,0,13346
2,35,61,1,0,14945
2,35,62,1,0,15954
2,35,66,1,0,19913
2,35,67,1,0,20987
2,35,69,2,1,23094
2,35,70,1,0,24099
2,35,71,1,0,24967
2,36,48,1,0,2557
2,36,49,1,0,3244
2,36,50,1,0,4141
2,36,52,1,0,5992
2,36,56,1,0,10305
2,36,57,1,0,11346
2,36,58,2,1,12374
2,36,59,2,1,13351
2,36,62,1,0,15958
2,36,63,2,1,16977
2,36,64,1,0,18013
2,36,69,1,0,23103
2,36,70,1,0,24103
2,36,71,1,0,25483
2,37,48,1,0,2396
2,37,50,1,0,4146
2,37,51,1,0,4941
2,37,55,1,0,9239
2,37,57,1,0,11351
2,37,59,1,0,13360
2,37,61,1,0,14959
2,37,62,1,0,15963
2,37,64,1,0,18022
2,37,65,1,0,18862
2,37,67,1,0,20996
2,37,68,1,0,22055
2,37,69,1,0,23108
2,37,70,2,1,24108
2,37,71,1,0,25487
2,38,48,1,0,2401
2,38,49,1,0,3250
2,38,51,1,0,5154
2,38,52,1,0,6214
2,38,54,1,0,8154
2,38,57,1,0,11356
2,38,58,1,0,12388
2,38,67,1,0,21002
2,38,68,1,0,22060
2,38,69,1,0,23113
2,38,70,1,0,24113
2,38,71,1,0,25654
2,39,48,1,0,2406
2,39,49,1,0,3254
2,39,50,1,0,4156
2,39,51,1,0,5159
2,39,57,1,0,11361
2,39,58,1,0,12393
2,39,59,2,1,13365
2,39,60,2,1,14452
2,39,61,1,0,15973
2,39,65,1,0,19938
2,39,67,1,0,21006
2,39,68,1,0,23118
2,39,70,1,0,24981
2,40,49,1,0,3259
2,40,50,1,0,4161
2,40,51,1,0,5164
2,40,53,1,0,7082
2,40,54,1,0,8164
2,40,56,1,0,10324
2,40,57,1,0,11366
2,40,58,1,0,12398
2,40,60,1,0,14974
2,40,61,1,0,15978
2,40,63,1,0,18037
2,40,64,2,1,18872
2,40,68,1,0,23123
2,40,69,1,0,24118
2,40,70,1,0,24986
2,40,71,1,0,25819
2,41,47,1,0,2416
2,41,48,2,1,3089
2,41,49,1,0,4166
2,41,51,1,0,6229
2,41,52,1,0,7087
2,41,54,1,0,9259
2,41,56,1,0,11371
2,41,57,1,0,12403
2,41,58,1,0,13380
2,41,60,1,0,14979
2,41,61,1,0,15983
2,41,62,1,0,17006
2,41,63,1,0,18042
2,41,64,1,0,18882
2,41,65,1,0,19944
2,41,67,1,0,22080
2,41,69,1,0,24123
2,41,70,1,0,24991
2,41,71,1,0,25669
2,42,47,1,0,2421
2,42,49,1,0,4171
2,42,52,1,0,7092
2,42,53,1,0,8392
2,42,54,1,0,9264
2,42,55,1,0,10334
2,42,56,1,0,11583
2,42,57,1,0,12408
2,42,58,1,0,13200
2,42,60,1,0,14984
2,42,62,1,0,17011
2,42,63,1,0,18047
2,42,66,1,0,21026
2,42,68,1,0,23337
2,42,69,1,0,24128
2,42,70,1,0,25673
2,43,46,1,0,1962
2,43,47,1,0,2426
2,43,53,1,0,8179
2,43,55,1,0,10340
2,43,56,1,0,11381
2,43,57,1,0,12413
2,43,60,1,0,14989
2,43,62,1,0,17016
2,43,66,1,0,21031
2,43,68,1,0,23133
2,43,70,1,0,25002
2,43,71,1,0,25826
2,44,46,1,0,1967
2,44,47,1,0,2431
2,44,49,1,0,4181
2,44,50,1,0,5184
2,44,52,1,0,7318
2,44,55,1,0,10344
2,44,56,1,0,11385
2,44,57,1,0,12417
2,44,60,1,0,14993
2,44,61,1,0,15796
2,44,62,1,0,17020
2,44,64,1,0,18897
2,44,66,1,0,21036
2,44,68,1,0,23138
2,44,70,1,0,25006
2,44,71,1,0,25831
2,45,46,1,0,1845
2,45,47,1,0,2436
2,45,50,2,1,5189
2,45,52,1,0,7107
2,45,54,1,0,9279
2,45,57,1,0,12423
2,45,59,1,0,14453
2,45,60,1,0,14998
2,45,66,1,0,21041
2,45,68,1,0,23143
2,45,70,1,0,25011
2,45,71,1,0,25836
2,46,45,1,0,1741
2,46,46,1,0,2441
2,46,47,1,0,3119
2,46,49,1,0,4990
2,46,51,1,0,7117
2,46,54,2,1,9502
2,46,56,1,0,11396
2,46,57,1,0,12428
2,46,59,1,0,14299
2,46,60,1,0,15003
2,46,61,1,0,15806
2,46,64,1,0,19119
2,46,65,2,1,19973
2,46,68,1,0,23148
2,46,70,1,0,25016
2,46,71,1,0,25841
2,47,45,1,0,27857
2,47,46,1,0,2446
2,47,48,2,1,4010
2,47,53,1,0,9289
2,47,56,1,0,11401
2,47,57,2,1,12433
2,47,58,1,0,28001
2,47,60,1,0,15008
2,47,63,2,1,18072
2,47,64,1,0,19978
2,47,67,1,0,23158
2,47,70,2,1,25021
2,48,46,1,0,2288
2,48,47,1,0,3303
2,48,48,1,0,4205
2,48,49,1,0,5208
2,48,53,1,0,9294
2,48,54,1,0,10364
2,48,55,1,0,11406
2,48,56,1,0,12438
2,48,57,2,1,13393
2,48,59,1,0,15013
2,48,61,1,0,17040
2,48,63,1,0,18917
2,48,66,1,0,22115
2,48,68,1,0,24158
2,48,69,1,0,25026
2,48,70,1,0,25851
2,49,51,1,0,7126
2,49,52,1,0,8209
2,49,53,1,0,9298
2,49,56,1,0,27967
2,49,59,1,0,28051
2,49,60,1,0,16225
2,49,62,2,1,18077
2,49,63,1,0,18921
2,49,65,1,0,21060
2,49,66,1,0,22118
2,49,67,1,0,23166
2,49,68,2,1,24163
2,49,69,1,0,25031
2,49,70,1,0,25856
2,50,61,1,0,17045
2,50,69,1,0,25035
2,50,70,1,0,25860
3,5,46,1,0,27918
3,5,47,1,0,8211
3,5,48,1,0,9083
3,5,59,1,0,28125
3,5,60,1,0,20418
3,6,44,1,0,5210
3,6,45,1,0,6057
3,6,46,1,0,7130
3,6,47,1,0,7997
3,6,48,1,0,9087
3,6,49,1,0,9948
3,6,57,1,0,18291
3,6,58,1,0,18922
3,6,59,1,0,19776
3,6,60,1,0,20849
3,6,61,1,0,21908
3,6,62,1,0,22958
3,7,42,1,0,3482
3,7,43,1,0,4019
3,7,44,1,0,4798
3,7,45,1,0,5849
3,7,46,1,0,7136
3,7,47,1,0,8002
3,7,48,1,0,9092
3,7,49,1,0,10161
3,7,50,1,0,11204
3,7,51,1,0,12238
3,7,56,1,0,16840
3,7,57,1,0,17874
3,7,58,1,0,18716
3,7,59,1,0,19565
3,7,60,1,0,20854
3,7,61,1,0,21913
3,7,62,1,0,22961
3,7,63,1,0,23977
3,8,41,1,0,2451
3,8,42,1,0,3131
3,8,43,1,0,4023
3,8,44,1,0,5007
3,8,45,1,0,5853
3,8,46,1,0,6925
3,8,47,1,0,8225
3,8,48,1,0,9097
3,8,49,1,0,10167
3,8,50,1,0,11209
3,8,51,1,0,12241
3,8,52,1,0,13218
3,8,53,1,0,14012
3,8,54,1,0,15017
3,8,55,1,0,15821
3,8,56,1,0,16843
3,8,57,1,0,17880
3,8,58,1,0,18932
3,8,59,1,0,19571
3,8,60,1,0,20860
3,8,61,1,0,21918
3,8,62,1,0,22966
3,8,63,1,0,23982
3,8,64,1,0,24699
3,9,41,2,1,1745
3,9,42,1,0,3135
3,9,44,1,0,4028
3,9,45,1,0,27900
3,9,46,2,1,7146
3,9,47,2,1,8012
3,9,49,1,0,10171
3,9,51,1,0,12246
3,9,52,1,0,13227
3,9,53,1,0,14021
3,9,54,1,0,14821
3,9,55,1,0,15826
3,9,57,1,0,17677
3,9,59,1,0,20005
3,9,61,1,0,21923
3,9,62,1,0,22971
3,9,64,2,1,23991
3,9,65,1,0,25551
3,10,41,1,0,1645
3,10,42,1,0,2298
3,10,43,1,0,3141
3,10,44,1,0,2971
3,10,45,1,0,5018
3,10,48,1,0,9111
3,10,49,2,1,9325
3,10,50,2,1,10181
3,10,52,1,0,12255
3,10,54,1,0,13232
3,10,56,1,0,16854
3,10,57,1,0,17895
3,10,58,1,0,18734
3,10,61,1,0,21928
3,10,63,1,0,22976
3,10,65,1,0,24880
3,11,46,1,0,4042
3,11,47,1,0,5027
3,11,51,1,0,11228
3,11,52,1,0,12260
3,11,59,1,0,18951
3,11,60,1,0,19810
3,11,64,1,0,21937
3,11,67,1,0,24889
3,11,68,1,0,25731
3,12,45,1,0,3155
3,12,46,1,0,4048
3,12,47,1,0,5032
3,12,49,1,0,6949
3,12,50,1,0,9340
3,12,51,1,0,11233
3,12,53,1,0,28017
3,12,57,1,0,15845
3,12,63,1,0,20883
3,12,64,1,0,21942
3,13,42,1,0,1279
3,13,43,1,0,1191
3,13,48,2,1,4833
3,13,52,1,0,10193
3,13,55,1,0,13243
3,13,58,1,0,15850
3,13,59,1,0,16667
3,13,66,1,0,23000
3,13,67,1,0,24016
3,13,69,1,0,26293
3,14,48,1,0,4246
3,14,58,1,0,14851
3,14,62,1,0,19820
3,14,65,1,0,21957
3,14,67,1,0,24021
3,14,69,1,0,25073
3,14,70,1,0,25750
3,15,45,1,0,1292
3,15,48,1,0,4062
3,15,51,1,0,6111
3,15,53,1,0,6106
3,15,56,1,0,13257
3,15,57,1,0,14052
3,15,58,1,0,14856
3,15,59,1,0,15860
3,15,60,1,0,16883
3,15,61,1,0,17919
3,15,63,1,0,18764
3,15,64,1,0,19830
3,15,67,1,0,23010
3,15,68,1,0,24026
3,15,69,1,0,25078
3,15,70,1,0,25754
3,15,72,1,0,27093
3,16,44,1,0,861
3,16,45,1,0,788
3,16,46,1,0,1121
3,16,54,2,1,8274
3,16,55,1,0,12284
3,16,58,1,0,14861
3,16,61,1,0,16888
3,16,62,1,0,17929
3,16,65,1,0,20907
3,16,68,1,0,24031
3,16,69,1,0,24914
3,16,71,1,0,26312
3,16,72,1,0,26646
3,16,73,2,1,26733
3,17,46,1,0,794
3,17,53,1,0,7194
3,17,56,1,0,13083
3,17,58,1,0,14061
3,17,61,1,0,16893
3,17,65,1,0,19840
3,17,66,1,0,21972
3,17,67,1,0,23020
3,17,68,1,0,24036
3,17,70,1,0,24924
3,17,74,1,0,27108
3,18,46,2,1,520
3,18,48,1,0,1689
3,18,51,1,0,3016
3,18,53,1,0,7200
3,18,58,1,0,14066
3,18,59,1,0,14871
3,18,60,1,0,15875
3,18,61,1,0,15880
3,18,65,1,0,19845
3,18,66,1,0,20918
3,18,67,1,0,21977
3,18,70,1,0,25098
3,18,71,1,0,25769
3,18,72,1,0,26321
3,18,73,1,0,26739
3,18,74,1,0,27113
3,19,46,1,0,464
3,19,47,1,0,808
3,19,48,1,0,1317
3,19,49,1,0,1698
3,19,50,1,0,2352
3,19,53,2,1,6131
3,19,55,2,1,8289
3,19,56,1,0,12300
3,19,61,1,0,15884
3,19,63,1,0,17944
3,19,64,1,0,18784
3,19,67,1,0,21982
3,19,68,1,0,23030
3,19,71,2,1,25103
3,19,72,1,0,26326
3,19,73,1,0,26744
3,19,74,1,0,26748
3,19,75,2,1,27118
3,19,76,1,0,27532
3,20,47,2,1,469
3,20,54,1,0,6994
3,20,55,1,0,8075
3,20,57,1,0,10449
3,20,60,1,0,14886
3,20,62,1,0,16913
3,20,68,1,0,21987
3,20,69,1,0,23035
3,20,71,1,0,25278
3,20,72,1,0,25780
3,20,73,1,0,26331
3,20,74,1,0,26753
3,20,75,1,0,27122
3,20,76,1,0,27406
3,21,47,1,0,259
3,21,49,1,0,1236
3,21,52,1,0,3204
3,21,53,2,1,4476
3,21,55,1,0,8080
3,21,56,1,0,8302
3,21,58,3,1,10246
3,21,65,1,0,19860
3,21,69,2,1,23040
3,21,72,1,0,25784
3,21,74,1,0,26758
3,21,78,1,0,27723
3,22,48,2,1,266
3,22,54,2,1,4881
3,22,59,1,0,11706
3,22,62,2,1,15899
3,22,64,1,0,17958
3,22,65,1,0,18799
3,22,66,1,0,19863
3,22,67,1,0,20937
3,22,72,1,0,25789
3,22,74,1,0,26763
3,22,75,1,0,27132
3,22,76,1,0,27313
3,22,78,1,0,27623
3,22,79,2,1,27727
3,23,48,2,1,113
3,23,49,2,1,827
3,23,51,1,0,1718
3,23,54,1,0,4477
3,23,56,1,0,6155
3,23,58,1,0,10251
3,23,60,1,0,11711
3,23,62,1,0,15904
3,23,63,1,0,16721
3,23,65,1,0,18804
3,23,66,1,0,19654
3,23,67,1,0,20942
3,23,68,1,0,22002
3,23,69,1,0,23050
3,23,72,1,0,25794
3,23,73,1,0,26346
3,23,76,1,0,27137
3,24,48,1,0,494
3,24,49,1,0,832
3,24,52,1,0,2376
3,24,54,1,0,4093
3,24,56,1,0,6160
3,24,58,1,0,9190
3,24,59,1,0,10260
3,24,66,1,0,19874
3,24,69,1,0,23055
3,24,71,1,0,24759
3,24,73,1,0,25943
3,24,74,1,0,26352
3,24,78,1,0,27628
3,24,80,1,0,27814
3,25,46,1,0,44
3,25,47,1,0,63
3,25,48,1,0,560
3,25,49,1,0,838
3,25,51,1,0,1728
3,25,55,1,0,5105
3,25,57,1,0,7451
3,25,58,1,0,9195
3,25,59,1,0,10265
3,25,60,1,0,10269
3,25,62,2,1,12339
3,25,68,1,0,21165
3,25,70,1,0,23059
3,25,71,1,0,24059
3,25,72,1,0,24932
3,25,75,1,0,26773
3,25,76,1,0,27147
3,25,78,2,1,27633
3,25,80,1,0,27818
3,26,47,1,0,242
3,26,48,1,0,503
3,26,53,1,0,3377
3,26,55,1,0,4107
3,26,56,1,0,5110
3,26,61,1,0,11312
3,26,63,1,0,13322
3,26,65,1,0,17978
3,26,71,1,0,24064
3,26,72,1,0,24936
3,26,74,1,0,26360
3,26,78,1,0,27436
3,26,79,1,0,27607
3,27,46,2,1,7
3,27,47,3,1,103
3,27,49,1,0,508
3,27,50,1,0,847
3,27,51,1,0,1266
3,27,52,1,0,1738
3,27,53,1,0,3208
3,27,60,1,0,10275
3,27,61,1,0,11316
3,27,67,1,0,20104
3,27,70,1,0,22231
3,27,71,1,0,24069
3,27,72,1,0,24942
3,27,73,1,0,25799
3,27,77,1,0,27156
3,27,78,1,0,27440
3,28,46,1,0,2
3,28,47,1,0,108
3,28,50,1,0,852
3,28,51,1,0,1550
3,28,53,1,0,2541
3,28,54,1,0,3213
3,28,55,1,0,4113
3,28,57,1,0,6176
3,28,59,1,0,8987
3,28,62,1,0,12349
3,28,63,1,0,13326
3,28,69,1,0,22025
3,28,71,1,0,24074
3,28,73,1,0,25804
3,28,74,1,0,26176
3,28,76,1,0,26787
3,29,46,1,0,6
3,29,49,1,0,518
3,29,51,1,0,1275
3,29,53,1,0,2385
3,29,55,1,0,4309
3,29,59,2,1,8120
3,29,60,1,0,10279
3,29,64,1,0,16957
3,29,66,1,0,18834
3,29,69,1,0,22031
3,29,73,1,0,25809
3,29,75,1,0,26361
3,30,48,1,0,258
3,30,51,1,0,27846
3,30,56,1,0,5125
3,30,57,1,0,6399
3,30,61,1,0,11322
3,30,65,1,0,16962
3,30,66,1,0,17998
3,30,67,1,0,18838
3,30,71,1,0,23084
3,30,72,1,0,24084
3,31,52,1,0,1841
3,31,53,1,0,2390
3,31,58,1,0,7048
3,31,61,1,0,12354
3,31,64,1,0,14930
3,31,72,2,1,24089
3,31,73,1,0,28189
3,31,74,1,0,26274
3,32,52,1,0,27869
3,32,53,1,0,2394
3,32,55,1,0,4127
3,32,60,1,0,10285
3,32,62,1,0,13336
3,32,69,1,0,28131
3,32,70,1,0,22036
3,33,53,1,0,3230
3,33,55,1,0,5134
3,33,58,1,0,8348
3,33,59,1,0,9220
3,33,60,1,0,10290
3,33,61,1,0,11331
3,33,63,1,0,14135
3,33,72,1,0,24094
3,34,53,1,0,3235
3,34,54,1,0,4137
3,34,56,1,0,6195
3,34,58,1,0,8134
3,34,59,1,0,9225
3,34,61,1,0,11336
3,34,62,1,0,13346
3,34,64,1,0,14945
3,34,67,1,0,18008
3,34,68,1,0,18843
3,34,69,1,0,19913
3,34,70,1,0,20987
3,34,71,1,0,23099
3,34,72,1,0,24099
3,34,73,1,0,24967
3,34,74,1,0,25483
3,35,52,1,0,2721
3,35,53,1,0,3239
3,35,54,1,0,4141
3,35,55,1,0,5140
3,35,56,1,0,6199
3,35,57,1,0,7058
3,35,58,1,0,8141
3,35,62,1,0,12374
3,35,63,2,1,13351
3,35,65,1,0,15954
3,35,67,1,0,18013
3,35,71,1,0,23103
3,35,72,1,0,24103
3,35,74,1,0,25487
3,36,52,1,0,2557
3,36,53,1,0,3244
3,36,54,1,0,4146
3,36,58,1,0,8145
3,36,60,1,0,10305
3,36,61,1,0,11346
3,36,62,1,0,12378
3,36,63,1,0,13355
3,36,64,1,0,14954
3,36,71,2,1,22055
3,36,72,1,0,24108
3,37,51,1,0,2396
3,37,52,1,0,3250
3,37,55,1,0,5154
3,37,59,1,0,9239
3,37,62,1,0,13360
3,37,64,1,0,14959
3,37,67,2,1,18022
3,37,70,1,0,22065
3,37,71,1,0,23113
3,37,72,1,0,24113
3,37,73,1,0,24981
3,37,74,1,0,25659
3,38,51,1,0,2401
3,38,52,1,0,3254
3,38,55,1,0,5159
3,38,56,1,0,6219
3,38,57,1,0,8154
3,38,60,1,0,10313
3,38,64,1,0,14969
3,38,68,1,0,19933
3,38,69,1,0,21006
3,38,71,1,0,23118
3,38,72,1,0,24118
3,38,74,1,0,25819
3,39,51,1,0,2406
3,39,52,1,0,3259
3,39,57,1,0,8159
3,39,58,1,0,9249
3,39,59,1,0,10319
3,39,60,1,0,11361
3,39,61,1,0,12393
3,39,62,1,0,13370
3,39,63,2,1,14452
3,39,64,1,0,15978
3,39,68,1,0,19938
3,39,71,1,0,23123
3,39,72,1,0,24123
3,39,73,1,0,24991
3,39,74,1,0,25669
3,40,51,1,0,2411
3,40,52,1,0,3089
3,40,53,1,0,4166
3,40,56,1,0,7082
3,40,57,1,0,8164
3,40,58,1,0,9472
3,40,59,1,0,10324
3,40,61,1,0,12398
3,40,62,1,0,13375
3,40,63,1,0,14979
3,40,64,1,0,15983
3,40,67,2,1,18037
3,40,70,1,0,22080
3,40,71,1,0,23337
3,40,72,1,0,24128
3,40,74,1,0,25673
3,41,51,1,0,2416
3,41,52,1,0,3269
3,41,53,1,0,4171
3,41,55,1,0,6229
3,41,60,2,1,11371
3,41,61,2,1,12403
3,41,65,1,0,17006
3,41,67,2,1,18042
3,41,71,1,0,23133
3,41,72,1,0,24133
3,41,74,1,0,25826
3,42,51,1,0,2421
3,42,56,1,0,7092
3,42,57,1,0,8392
3,42,59,2,1,10334
3,42,60,1,0,12413
3,42,64,1,0,15988
3,42,65,2,1,17011
3,42,67,1,0,18892
3,42,68,1,0,19958
3,42,69,1,0,21031
3,42,71,1,0,23138
3,42,72,1,0,24138
3,42,73,2,1,25002
3,42,74,1,0,25831
3,43,50,1,0,1962
3,43,51,1,0,2426
3,43,53,1,0,4181
3,43,54,1,0,5179
3,43,55,1,0,6239
3,43,57,1,0,8401
3,43,58,2,1,10340
3,43,59,1,0,11385
3,43,60,1,0,12417
3,43,63,1,0,14989
3,43,64,1,0,15796
3,43,65,1,0,17020
3,43,67,1,0,18897
3,43,70,1,0,22095
3,43,71,1,0,23143
3,43,73,1,0,25011
3,43,74,1,0,25836
3,44,50,1,0,2431
3,44,53,1,0,5189
3,44,54,2,1,5184
3,44,55,2,1,6244
3,44,56,1,0,7318
3,44,57,1,0,9279
3,44,59,1,0,11391
3,44,60,1,0,12423
3,44,63,1,0,14993
3,44,64,1,0,16003
3,44,69,1,0,21041
3,44,71,1,0,23148
3,44,73,1,0,25016
3,45,49,1,0,1845
3,45,50,1,0,2436
3,45,55,1,0,7113
3,45,58,1,0,10354
3,45,59,1,0,11396
3,45,60,1,0,12428
3,45,62,1,0,14453
3,45,63,2,1,14998
3,45,64,1,0,15806
3,45,67,1,0,19119
3,45,68,1,0,19973
3,45,69,1,0,21046
3,45,74,1,0,25841
3,46,49,1,0,1741
3,46,51,1,0,3119
3,46,53,1,0,4990
3,46,55,1,0,7117
3,46,56,1,0,8199
3,46,58,1,0,10359
3,46,59,1,0,11401
3,46,60,1,0,12433
3,46,61,1,0,28001
3,46,62,1,0,14299
3,46,64,1,0,16013
3,46,66,1,0,18072
3,46,67,1,0,18912
3,46,71,1,0,23158
3,46,72,1,0,24158
3,46,73,1,0,25021
3,46,74,1,0,25846
3,47,49,2,1,2288
3,47,50,1,0,2446
3,47,52,1,0,4010
3,47,58,1,0,10364
3,47,59,1,0,11406
3,47,60,1,0,12438
3,47,64,1,0,15815
3,47,65,1,0,17040
3,47,70,1,0,22115
3,47,72,1,0,24163
3,47,73,2,1,25026
3,47,74,1,0,25851
3,48,51,1,0,3303
3,48,53,1,0,5208
3,48,54,1,0,7126
3,48,57,1,0,9298
3,48,58,1,0,10368
3,48,61,2,1,13393
3,48,63,2,1,15013
3,48,66,1,0,18077
3,48,67,2,1,18917
3,48,68,1,0,19987
3,48,69,1,0,21060
3,48,70,1,0,22118
3,48,71,1,0,23166
3,48,72,1,0,24166
3,48,73,1,0,25035
3,48,74,2,1,25856
3,49,56,1,0,8209
3,49,60,1,0,27967
3,49,64,1,0,16225
3,49,65,1,0,17045
3,49,66,1,0,18290
4,5,46,1,0,27918
4,5,47,1,0,8211
4,5,48,1,0,9083
4,5,59,1,0,28125
4,5,60,1,0,20418
4,6,44,1,0,5210
4,6,45,1,0,6057
4,6,46,1,0,7130
4,6,47,1,0,7997
4,6,48,1,0,9087
4,6,49,1,0,9948
4,6,57,1,0,18291
4,6,58,1,0,18922
4,6,59,1,0,19776
4,6,60,1,0,20849
4,6,61,1,0,21908
4,6,62,1,0,22958
4,7,42,1,0,3482
4,7,43,1,0,4019
4,7,44,1,0,4798
4,7,45,1,0,5849
4,7,46,1,0,7136
4,7,47,1,0,8002
4,7,48,1,0,9092
4,7,49,1,0,10161
4,7,50,1,0,11204
4,7,51,1,0,12238
4,7,56,1,0,16840
4,7,57,1,0,17874
4,7,58,1,0,18716
4,7,59,1,0,19565
4,7,60,1,0,20854
4,7,61,1,0,21913
4,7,62,1,0,22961
4,7,63,1,0,23977
4,8,41,1,0,2451
4,8,42,1,0,3131
4,8,43,1,0,4023
4,8,44,1,0,5007
4,8,45,1,0,5853
4,8,46,1,0,6925
4,8,48,1,0,9097
4,8,49,1,0,10167
4,8,50,1,0,11209
4,8,51,1,0,12241
4,8,52,1,0,13218
4,8,53,1,0,14012
4,8,54,1,0,15017
4,8,55,1,0,15821
4,8,56,1,0,16843
4,8,57,1,0,17880
4,8,58,1,0,18932
4,8,59,1,0,19571
4,8,60,1,0,20860
4,8,61,1,0,21918
4,8,62,1,0,22966
4,8,63,1,0,23982
4,8,64,1,0,24699
4,9,41,2,1,1745
4,9,42,1,0,3135
4,9,45,1,0,27900
4,9,46,2,1,7146
4,9,47,2,1,8012
4,9,49,3,1,9325
4,9,51,1,0,12246
4,9,53,1,0,14021
4,9,54,1,0,14821
4,9,55,1,0,15826
4,9,57,2,1,17677
4,9,58,1,0,18734
4,9,59,1,0,20005
4,9,61,1,0,21923
4,9,62,1,0,22971
4,9,65,1,0,25551
4,10,41,1,0,1645
4,10,43,2,1,2298
4,10,45,1,0,5018
4,10,50,1,0,10181
4,10,52,1,0,12255
4,10,54,1,0,13232
4,10,57,1,0,17895
4,10,59,1,0,18951
4,10,60,1,0,20019
4,10,61,1,0,21932
4,10,63,1,0,22976
4,10,67,1,0,28240
4,10,68,1,0,25731
4,11,45,1,0,3150
4,11,46,1,0,4042
4,11,47,1,0,5027
4,11,52,1,0,12260
4,11,60,1,0,18744
4,11,61,1,0,19810
4,11,64,1,0,21937
4,11,66,1,0,24006
4,11,67,1,0,24889
4,12,46,1,0,3155
4,12,47,1,0,4048
4,12,48,1,0,5032
4,12,49,1,0,6949
4,12,51,1,0,9340
4,12,53,1,0,28017
4,12,55,1,0,13243
4,12,58,1,0,15845
4,12,63,1,0,20888
4,12,64,2,1,21942
4,12,68,1,0,24899
4,12,70,2,1,26293
4,13,43,2,1,1191
4,13,48,1,0,4833
4,13,49,1,0,6096
4,13,53,1,0,10193
4,13,54,1,0,11238
4,13,55,1,0,12270
4,13,59,1,0,16667
4,13,63,1,0,19820
4,13,66,1,0,23000
4,13,69,1,0,25073
4,14,48,1,0,4246
4,14,49,1,0,4062
4,14,50,1,0,5047
4,14,56,1,0,13253
4,14,58,1,0,14851
4,14,59,1,0,15860
4,14,61,1,0,16883
4,14,62,1,0,17919
4,14,66,1,0,21957
4,14,67,1,0,23010
4,14,68,2,1,24021
4,14,70,2,1,25750
4,14,72,1,0,26724
4,14,73,1,0,27093
4,15,51,1,0,6111
4,15,53,1,0,6106
4,15,56,1,0,12284
4,15,57,1,0,14052
4,15,58,1,0,14856
4,15,59,1,0,14861
4,15,61,1,0,16888
4,15,63,1,0,18764
4,15,68,1,0,24031
4,15,69,1,0,24914
4,15,70,1,0,24919
4,15,72,2,1,26312
4,15,73,1,0,26733
4,16,45,1,0,861
4,16,46,1,0,788
4,16,47,1,0,1121
4,16,52,1,0,6116
4,16,54,1,0,7194
4,16,57,1,0,13083
4,16,62,1,0,16893
4,16,63,1,0,17929
4,16,65,1,0,19840
4,16,67,1,0,21972
4,16,68,1,0,23020
4,16,69,1,0,24036
4,16,71,1,0,24924
4,16,75,1,0,27108
4,17,47,2,1,794
4,17,48,1,0,1215
4,17,50,1,0,2342
4,17,54,1,0,7200
4,17,55,1,0,8065
4,17,57,1,0,13087
4,17,60,1,0,14871
4,17,61,1,0,15875
4,17,64,2,1,17934
4,17,66,1,0,19845
4,17,67,1,0,20918
4,17,69,1,0,24041
4,17,71,1,0,25098
4,17,72,1,0,25769
4,17,73,2,1,26321
4,17,74,1,0,26744
4,17,76,1,0,27397
4,18,47,1,0,520
4,18,48,1,0,803
4,18,50,1,0,1317
4,18,52,1,0,2352
4,18,60,1,0,14876
4,18,61,1,0,15880
4,18,64,1,0,17944
4,18,65,1,0,18784
4,18,66,1,0,19850
4,18,67,1,0,21136
4,18,68,1,0,21982
4,18,69,1,0,23030
4,18,70,1,0,24046
4,18,71,1,0,25103
4,18,72,1,0,25775
4,18,75,1,0,27118
4,18,76,1,0,27402
4,19,47,1,0,464
4,19,49,2,1,808
4,19,51,1,0,1698
4,19,54,1,0,6131
4,19,55,1,0,6994
4,19,56,1,0,8075
4,19,58,1,0,10449
4,19,68,1,0,21987
4,19,69,1,0,23035
4,19,70,1,0,23661
4,19,72,1,0,25278
4,19,73,1,0,25780
4,19,75,1,0,26753
4,19,76,1,0,27122
4,20,48,1,0,469
4,20,51,1,0,1236
4,20,54,1,0,3204
4,20,56,1,0,8080
4,20,57,1,0,8302
4,20,58,1,0,9389
4,20,59,2,1,10246
4,20,60,1,0,11287
4,20,61,1,0,14886
4,20,63,1,0,16913
4,20,65,1,0,18794
4,20,66,1,0,19860
4,20,70,1,0,23040
4,20,73,1,0,25784
4,20,76,1,0,27127
4,20,77,1,0,27313
4,20,79,1,0,27723
4,20,80,1,0,27727
4,20,81,1,0,27795
4,21,48,1,0,259
4,21,61,1,0,11706
4,21,63,1,0,16918
4,21,65,1,0,17958
4,21,67,1,0,19863
4,21,68,1,0,20937
4,21,73,1,0,25789
4,21,76,1,0,27132
4,21,78,1,0,27468
4,21,79,1,0,27623
4,21,81,1,0,27809
4,22,49,1,0,266
4,22,50,1,0,270
4,22,51,1,0,827
4,22,52,1,0,1245
4,22,53,1,0,1718
4,22,56,1,0,4477
4,22,62,1,0,11711
4,22,63,1,0,15899
4,22,66,1,0,18799
4,22,69,1,0,22002
4,22,70,1,0,23050
4,22,73,1,0,25794
4,22,74,1,0,26346
4,22,79,1,0,27628
4,22,81,1,0,27814
4,23,50,1,0,616
4,23,54,1,0,2376
4,23,56,1,0,4093
4,23,57,1,0,4097
4,23,58,1,0,5105
4,23,59,1,0,9190
4,23,61,1,0,10260
4,23,64,1,0,16521
4,23,71,1,0,23055
4,23,73,1,0,24759
4,23,74,1,0,25943
4,23,75,1,0,26352
4,23,76,1,0,26773
4,23,80,1,0,27633
4,23,82,1,0,27818
4,24,50,2,1,63
4,24,52,1,0,838
4,24,54,1,0,1728
4,24,57,1,0,4102
4,24,60,1,0,9195
4,24,62,2,1,11312
4,24,63,1,0,12339
4,24,67,1,0,19879
4,24,71,1,0,23059
4,24,72,1,0,24064
4,24,73,1,0,24932
4,24,75,1,0,26356
4,24,78,1,0,27147
4,24,79,1,0,27436
4,25,50,1,0,44
4,25,51,1,0,503
4,25,53,1,0,1261
4,25,56,1,0,3377
4,25,58,1,0,4107
4,25,64,1,0,13322
4,25,70,1,0,22016
4,25,72,1,0,24069
4,25,75,1,0,26360
4,25,78,2,1,27152
4,25,79,1,0,27440
4,25,80,1,0,27607
4,26,52,1,0,508
4,26,53,1,0,847
4,26,54,1,0,1266
4,26,55,1,0,1738
4,26,57,1,0,3208
4,26,58,1,0,4113
4,26,59,1,0,4907
4,26,62,1,0,10275
4,26,63,1,0,11316
4,26,64,1,0,12349
4,26,68,1,0,20104
4,26,71,1,0,22231
4,26,73,1,0,24942
4,26,75,1,0,25799
4,26,77,1,0,26787
4,27,50,1,0,7
4,27,51,1,0,248
4,27,53,1,0,852
4,27,56,1,0,2541
4,27,57,1,0,3213
4,27,61,1,0,8987
4,27,65,1,0,13326
4,27,72,1,0,23074
4,27,73,1,0,24074
4,27,74,1,0,24947
4,27,75,1,0,25804
4,27,76,1,0,26176
4,28,49,1,0,2
4,28,50,1,0,108
4,28,54,1,0,1275
4,28,56,1,0,2385
4,28,57,1,0,3218
4,28,59,1,0,5125
4,28,61,1,0,8120
4,28,62,1,0,9428
4,28,63,1,0,10279
4,28,66,1,0,16957
4,28,68,2,1,17998
4,28,71,1,0,22031
4,28,74,1,0,24952
4,28,75,1,0,25809
4,28,76,1,0,26361
4,29,51,1,0,112
4,29,52,1,0,258
4,29,53,1,0,518
4,29,54,2,1,860
4,29,56,1,0,2390
4,29,62,1,0,9433
4,29,67,1,0,16962
4,29,72,1,0,23079
4,29,74,1,0,24957
4,30,55,1,0,27869
4,30,56,2,1,1841
4,30,58,1,0,4127
4,30,63,1,0,10285
4,30,64,1,0,13331
4,30,65,1,0,14125
4,30,66,1,0,14930
4,30,73,1,0,24089
4,30,75,1,0,28189
4,31,62,1,0,9220
4,31,63,1,0,10290
4,31,64,2,1,11331
4,31,71,1,0,19904
4,31,72,1,0,22036
4,32,56,1,0,3230
4,32,57,1,0,4132
4,32,58,1,0,5134
4,32,61,1,0,8134
4,32,64,1,0,11336
4,32,66,1,0,14940
4,32,67,1,0,14945
4,32,70,1,0,18843
4,32,74,2,1,23094
4,32,75,1,0,24962
4,33,56,1,0,3235
4,33,58,1,0,5140
4,33,59,1,0,6199
4,33,68,1,0,16977
4,33,69,1,0,18008
4,33,71,1,0,19913
4,33,76,2,1,24967
4,34,55,1,0,2721
4,34,56,1,0,3239
4,34,57,1,0,4141
4,34,61,1,0,8141
4,34,65,1,0,13351
4,34,69,1,0,18013
4,34,72,1,0,20996
4,34,74,1,0,23103
4,34,75,1,0,24103
4,34,76,2,1,24971
4,35,55,1,0,2557
4,35,56,1,0,3244
4,35,57,1,0,4146
4,35,58,1,0,4941
4,35,61,1,0,8145
4,35,62,1,0,9234
4,35,63,1,0,10305
4,35,65,1,0,12378
4,35,67,1,0,14959
4,35,69,1,0,18022
4,35,71,1,0,19928
4,35,73,1,0,22060
4,35,76,1,0,24976
4,35,77,1,0,25654
4,36,55,1,0,2396
4,36,56,1,0,3250
4,36,58,1,0,5154
4,36,62,1,0,9239
4,36,65,2,1,12383
4,36,70,1,0,18867
4,36,72,2,1,21002
4,36,74,1,0,23113
4,36,75,1,0,24113
4,36,76,1,0,24981
4,36,77,1,0,25659
4,37,55,1,0,2401
4,37,56,1,0,3254
4,37,59,1,0,6219
4,37,60,1,0,7077
4,37,61,1,0,8154
4,37,62,1,0,9244
4,37,63,1,0,10313
4,37,64,1,0,11356
4,37,65,1,0,13365
4,37,66,1,0,14969
4,37,73,1,0,22071
4,37,74,1,0,23118
4,37,75,1,0,24118
4,37,76,1,0,24986
4,37,77,1,0,25819
4,38,56,1,0,3259
4,38,61,1,0,8159
4,38,63,1,0,10319
4,38,64,2,1,11361
4,38,65,1,0,13370
4,38,66,1,0,14974
4,38,67,1,0,15978
4,38,68,1,0,17001
4,38,70,1,0,18872
4,38,71,1,0,19938
4,38,73,1,0,22075
4,38,74,1,0,23123
4,38,75,1,0,24123
4,38,76,1,0,24991
4,38,77,1,0,25669
4,39,54,1,0,2411
4,39,55,1,0,3089
4,39,56,1,0,4166
4,39,59,1,0,7082
4,39,60,1,0,8164
4,39,62,1,0,9472
4,39,63,1,0,10324
4,39,64,1,0,12398
4,39,66,1,0,14979
4,39,67,1,0,15983
4,39,68,1,0,17006
4,39,70,2,1,18037
4,39,71,1,0,19944
4,39,72,1,0,21021
4,39,73,1,0,22080
4,39,74,1,0,23337
4,39,75,1,0,24128
4,39,76,1,0,24996
4,39,77,1,0,25673
4,40,54,1,0,2416
4,40,55,1,0,3269
4,40,56,1,0,4171
4,40,58,1,0,6229
4,40,60,1,0,8169
4,40,61,1,0,9259
4,40,62,1,0,10538
4,40,64,2,1,12403
4,40,66,1,0,14984
4,40,67,1,0,15988
4,40,68,1,0,17011
4,40,69,1,0,18047
4,40,70,2,1,18042
4,40,71,1,0,19953
4,40,74,1,0,23133
4,40,75,1,0,24133
4,40,77,2,1,25002
4,41,56,1,0,4176
4,41,59,1,0,7092
4,41,60,1,0,8392
4,41,61,1,0,9264
4,41,62,1,0,10334
4,41,63,2,1,11583
4,41,67,1,0,15791
4,41,68,1,0,17016
4,41,69,1,0,18052
4,41,76,1,0,24138
4,41,77,2,1,25006
4,42,53,1,0,1962
4,42,54,1,0,2426
4,42,56,1,0,4181
4,42,57,2,1,5179
4,42,59,1,0,7097
4,42,60,1,0,8179
4,42,62,1,0,10340
4,42,63,2,1,11385
4,42,66,2,1,14989
4,42,68,1,0,17020
4,42,69,1,0,18057
4,42,72,1,0,21036
4,42,75,1,0,23143
4,42,77,1,0,25011
4,42,78,1,0,25836
4,43,53,1,0,1967
4,43,54,1,0,2431
4,43,56,1,0,4186
4,43,58,1,0,6248
4,43,59,1,0,7318
4,43,60,1,0,8401
4,43,62,1,0,10344
4,43,66,1,0,14998
4,43,67,1,0,16003
4,43,68,1,0,17026
4,43,72,1,0,21041
4,43,75,1,0,23148
4,43,76,1,0,24148
4,43,77,1,0,25016
4,43,78,1,0,25841
4,44,53,2,1,1845
4,44,54,1,0,2436
4,44,56,2,1,4190
4,44,58,1,0,6039
4,44,59,1,0,7107
4,44,60,1,0,8189
4,44,61,1,0,9279
4,44,62,1,0,11391
4,44,63,1,0,12423
4,44,64,1,0,13013
4,44,66,2,1,14453
4,44,67,1,0,15806
4,44,68,1,0,17031
4,44,70,1,0,18067
4,44,71,2,1,19119
4,44,72,1,0,21046
4,44,77,1,0,25021
4,44,78,1,0,25846
4,45,52,1,0,1741
4,45,53,1,0,2441
4,45,58,1,0,7117
4,45,59,1,0,8199
4,45,62,1,0,10354
4,45,63,1,0,11396
4,45,65,2,1,14299
4,45,70,2,1,18072
4,45,74,1,0,23158
4,45,75,1,0,24158
4,45,77,1,0,25026
4,45,78,1,0,25851
4,46,52,1,0,27857
4,46,53,2,1,2288
4,46,54,1,0,3298
4,46,55,1,0,4010
4,46,56,1,0,5203
4,46,58,1,0,7122
4,46,59,1,0,8203
4,46,60,2,1,9289
4,46,61,1,0,10359
4,46,63,1,0,11401
4,46,64,2,1,12433
4,46,68,1,0,17040
4,46,70,1,0,18917
4,46,71,1,0,19983
4,46,73,2,1,22115
4,46,74,1,0,23163
4,46,75,1,0,24163
4,46,76,1,0,25031
4,46,78,1,0,25856
4,47,54,1,0,3303
4,47,55,1,0,4205
4,47,58,1,0,7126
4,47,60,1,0,9298
4,47,62,1,0,11410
4,47,64,2,1,13393
4,47,66,2,1,15013
4,47,69,1,0,18077
4,47,70,2,1,18290
4,47,72,1,0,21060
4,47,74,1,0,23166
4,47,75,1,0,24166
4,47,76,1,0,25035
4,47,77,1,0,25860
4,48,59,1,0,8209
4,48,63,1,0,27967
4,48,68,2,1,16225
5,5,46,1,0,27918
5,5,47,1,0,8211
5,5,48,1,0,9083
5,5,59,1,0,28125
5,5,60,1,0,20418
5,6,44,1,0,5210
5,6,45,1,0,6057
5,6,46,1,0,7130
5,6,47,1,0,7997
5,6,48,1,0,9087
5,6,49,1,0,9948
5,6,57,1,0,18291
5,6,58,1,0,18922
5,6,59,1,0,19776
5,6,60,1,0,20849
5,6,61,1,0,21908
5,6,62,1,0,22958
5,7,42,1,0,3482
5,7,43,1,0,4019
5,7,44,1,0,4798
5,7,45,1,0,5849
5,7,46,1,0,7136
5,7,47,1,0,8002
5,7,48,1,0,9092
5,7,49,1,0,10161
5,7,50,1,0,11204
5,7,51,1,0,12238
5,7,56,1,0,16840
5,7,57,1,0,17874
5,7,58,1,0,18716
5,7,59,1,0,19565
5,7,60,1,0,20854
5,7,61,1,0,21913
5,7,62,1,0,22961
5,7,63,1,0,23977
5,8,41,1,0,2451
5,8,42,1,0,3131
5,8,43,1,0,4023
5,8,44,1,0,5007
5,8,45,1,0,5853
5,8,46,1,0,6925
5,8,48,1,0,9097
5,8,49,1,0,10167
5,8,50,1,0,11209
5,8,51,1,0,12241
5,8,52,1,0,13218
5,8,53,1,0,14012
5,8,54,1,0,15017
5,8,55,1,0,15821
5,8,56,1,0,16843
5,8,57,1,0,17880
5,8,58,1,0,18932
5,8,59,1,0,19571
5,8,60,1,0,20860
5,8,61,1,0,21918
5,8,62,1,0,22966
5,8,63,1,0,23982
5,8,64,1,0,24699
5,9,41,2,1,1745
5,9,44,1,0,4028
5,9,45,1,0,27900
5,9,46,2,1,7146
5,9,47,1,0,8012
5,9,48,1,0,9102
5,9,49,2,1,9325
5,9,50,1,0,10177
5,9,51,1,0,12246
5,9,53,1,0,14021
5,9,54,1,0,14821
5,9,55,1,0,15826
5,9,57,2,1,17677
5,9,58,1,0,18734
5,9,59,1,0,20005
5,9,61,1,0,21923
5,9,62,1,0,22971
5,9,63,1,0,23991
5,9,65,1,0,25551
5,10,42,1,0,1645
5,10,43,1,0,3141
5,10,44,1,0,2971
5,10,49,1,0,9111
5,10,52,1,0,12255
5,10,54,1,0,13232
5,10,57,1,0,17895
5,10,60,1,0,20019
5,10,61,1,0,21932
5,10,64,1,0,21937
5,10,67,1,0,24889
5,11,47,1,0,4042
5,11,53,1,0,12260
5,11,55,1,0,13237
5,11,60,1,0,18744
5,11,61,1,0,19810
5,11,63,1,0,20883
5,11,64,1,0,21942
5,11,68,1,0,24899
5,11,70,1,0,26293
5,12,44,1,0,1279
5,12,46,1,0,3155
5,12,47,1,0,4048
5,12,48,1,0,5032
5,12,49,3,1,4833
5,12,51,1,0,9340
5,12,53,2,1,10193
5,12,55,1,0,13243
5,12,58,2,1,14846
5,12,59,2,1,15850
5,12,65,1,0,21947
5,12,67,1,0,24016
5,12,69,1,0,25073
5,12,70,1,0,26297
5,13,44,1,0,1191
5,13,54,1,0,11238
5,13,55,1,0,12270
5,13,58,1,0,14851
5,13,62,2,1,17919
5,13,63,1,0,19820
5,13,66,1,0,21957
5,13,67,1,0,23010
5,13,68,1,0,24021
5,13,70,1,0,25750
5,13,71,1,0,25754
5,13,72,1,0,26724
5,13,73,2,1,26646
5,14,47,1,0,1292
5,14,49,1,0,4062
5,14,50,1,0,5047
5,14,52,1,0,6111
5,14,54,1,0,6106
5,14,56,1,0,13253
5,14,57,1,0,13257
5,14,58,1,0,14052
5,14,59,1,0,14856
5,14,60,1,0,15860
5,14,61,2,1,16883
5,14,64,2,1,18764
5,14,70,1,0,24919
5,14,72,1,0,26312
5,14,74,1,0,26733
5,15,46,1,0,861
5,15,52,1,0,6116
5,15,55,1,0,8274
5,15,59,1,0,14861
5,15,62,1,0,16893
5,15,63,1,0,17929
5,15,64,1,0,18769
5,15,66,1,0,20907
5,15,67,2,1,20913
5,15,68,1,0,23020
5,15,69,1,0,24036
5,15,71,1,0,24924
5,15,74,1,0,26739
5,15,75,1,0,27108
5,16,47,1,0,788
5,16,48,2,1,794
5,16,55,1,0,7194
5,16,59,1,0,14061
5,16,61,1,0,15875
5,16,66,1,0,19840
5,16,67,1,0,20918
5,16,72,2,1,25098
5,16,75,1,0,26744
5,16,77,1,0,27402
5,17,48,1,0,797
5,17,51,1,0,1694
5,17,57,1,0,9161
5,17,60,1,0,14871
5,17,62,1,0,15880
5,17,65,1,0,18779
5,17,66,2,1,19845
5,17,68,1,0,21136
5,17,69,1,0,21982
5,17,70,1,0,23030
5,17,71,1,0,24050
5,17,72,1,0,25103
5,17,75,1,0,26748
5,17,76,2,1,27118
5,17,79,1,0,27613
5,18,48,1,0,520
5,18,49,1,0,803
5,18,50,1,0,808
5,18,51,1,0,1317
5,18,52,1,0,1698
5,18,53,1,0,2352
5,18,55,1,0,6988
5,18,57,1,0,8075
5,18,58,1,0,9166
5,18,60,1,0,14876
5,18,65,1,0,18784
5,18,67,1,0,20069
5,18,69,1,0,21987
5,18,70,1,0,23035
5,18,71,1,0,23661
5,18,73,2,1,25278
5,18,75,2,1,26336
5,18,77,1,0,27127
5,18,78,1,0,27411
5,18,80,1,0,27723
5,19,48,1,0,464
5,19,50,1,0,812
5,19,55,1,0,3204
5,19,56,1,0,6994
5,19,58,1,0,8080
5,19,59,2,1,9389
5,19,61,1,0,11287
5,19,63,1,0,16913
5,19,70,1,0,23040
5,19,76,1,0,26763
5,19,77,1,0,27132
5,19,80,1,0,27623
5,19,81,1,0,27795
5,20,49,1,0,469
5,20,50,1,0,259
5,20,58,1,0,8302
5,20,60,1,0,10246
5,20,64,1,0,16918
5,20,66,2,1,17958
5,20,67,1,0,19863
5,20,70,1,0,21996
5,20,74,1,0,25789
5,20,75,1,0,26346
5,20,78,1,0,27137
5,20,82,1,0,27814
5,21,51,1,0,266
5,21,52,2,1,823
5,21,53,1,0,1245
5,21,55,1,0,1718
5,21,58,2,1,4093
5,21,63,1,0,11711
5,21,70,1,0,22002
5,21,71,1,0,23050
5,21,74,1,0,25794
5,21,75,1,0,25943
5,21,76,1,0,26352
5,21,81,1,0,27633
5,21,83,1,0,27818
5,22,51,1,0,270
5,22,52,1,0,616
5,22,59,1,0,4097
5,22,61,1,0,9190
5,22,62,1,0,10260
5,22,63,1,0,11509
5,22,68,1,0,19874
5,22,69,1,0,21160
5,22,72,2,1,23055
5,22,73,1,0,24059
5,22,74,1,0,24759
5,22,76,1,0,26356
5,22,77,1,0,26773
5,22,79,1,0,27147
5,22,80,1,0,27436
5,23,52,1,0,494
5,23,54,1,0,838
5,23,58,1,0,3377
5,23,59,1,0,4102
5,23,60,1,0,4107
5,23,61,1,0,9195
5,23,66,1,0,16526
5,23,69,1,0,19879
5,23,70,1,0,21165
5,23,73,2,1,23064
5,23,74,2,1,24932
5,23,75,1,0,25631
5,23,77,1,0,26360
5,23,81,1,0,27440
5,24,52,2,1,44
5,24,53,2,1,503
5,24,57,2,1,1733
5,24,59,1,0,3208
5,24,65,1,0,11316
5,24,69,1,0,19884
5,24,72,1,0,22231
5,24,76,1,0,25799
5,24,77,1,0,26534
5,24,79,1,0,26787
5,24,80,1,0,27156
5,25,56,1,0,847
5,25,57,1,0,1738
5,25,59,1,0,3213
5,25,60,1,0,4113
5,25,61,1,0,4907
5,25,63,1,0,8987
5,25,64,1,0,10275
5,25,66,1,0,12349
5,25,67,1,0,13326
5,25,70,1,0,20104
5,25,73,1,0,23074
5,25,74,1,0,24074
5,25,75,1,0,24942
5,25,77,1,0,26176
5,26,53,1,0,248
5,26,54,1,0,508
5,26,59,1,0,2541
5,26,61,2,1,4309
5,26,63,1,0,8120
5,26,65,1,0,10279
5,26,71,1,0,21180
5,26,75,1,0,24947
5,26,77,1,0,25809
5,26,78,1,0,26361
5,27,52,1,0,2
5,27,53,1,0,108
5,27,57,1,0,1275
5,27,59,1,0,2385
5,27,64,1,0,9428
5,27,67,1,0,14120
5,27,68,1,0,16962
5,27,70,1,0,18838
5,27,74,1,0,23079
5,27,75,1,0,24084
5,28,52,1,0,6
5,28,53,1,0,112
5,28,54,1,0,258
5,28,57,1,0,27846
5,28,58,1,0,1841
5,28,59,1,0,2390
5,28,64,1,0,9433
5,28,67,1,0,14125
5,28,75,1,0,24089
5,28,76,1,0,24957
5,28,77,1,0,28189
5,29,58,1,0,27869
5,29,59,1,0,2394
5,29,61,1,0,4127
5,29,73,2,1,19904
5,30,65,1,0,9220
5,30,66,2,1,10290
5,30,68,1,0,14940
5,30,76,1,0,24094
5,30,77,1,0,24962
5,31,59,1,0,3230
5,31,61,1,0,5134
5,31,63,1,0,7053
5,31,64,1,0,8134
5,31,67,1,0,11336
5,31,69,1,0,14945
5,31,72,1,0,18843
5,31,76,1,0,23099
5,31,78,1,0,25483
5,32,59,1,0,3235
5,32,61,1,0,5140
5,32,62,1,0,6199
5,32,63,1,0,7058
5,32,68,2,1,12374
5,32,70,1,0,15954
5,32,71,1,0,16977
5,32,72,1,0,18013
5,32,73,1,0,19913
5,32,74,1,0,20987
5,32,77,2,1,23103
5,32,79,1,0,25487
5,33,58,1,0,2721
5,33,59,1,0,3239
5,33,60,1,0,4141
5,33,61,1,0,5145
5,33,62,1,0,5992
5,33,63,1,0,7062
5,33,64,1,0,8145
5,33,66,1,0,10305
5,33,67,1,0,11346
5,33,68,1,0,12378
5,33,75,1,0,20996
5,33,77,1,0,23108
5,33,78,2,1,24108
5,33,79,1,0,25654
5,34,58,1,0,2557
5,34,59,1,0,3244
5,34,65,1,0,9239
5,34,67,1,0,11351
5,34,68,2,1,12383
5,34,69,1,0,14959
5,34,72,1,0,18022
5,34,74,1,0,19928
5,34,75,1,0,21002
5,34,77,1,0,23113
5,34,78,1,0,24113
5,34,79,1,0,24981
5,35,59,1,0,3250
5,35,62,1,0,6214
5,35,64,1,0,8154
5,35,65,1,0,9244
5,35,66,1,0,10313
5,35,67,1,0,11356
5,35,73,1,0,18867
5,35,75,1,0,21006
5,35,79,1,0,24986
5,35,80,1,0,25819
5,36,58,1,0,2401
5,36,59,1,0,3254
5,36,60,1,0,4156
5,36,62,1,0,6219
5,36,63,1,0,7077
5,36,66,1,0,10319
5,36,67,2,1,11361
5,36,68,1,0,13370
5,36,73,1,0,18872
5,36,74,1,0,19938
5,36,75,1,0,21011
5,36,76,2,1,22071
5,36,79,1,0,24991
5,36,80,1,0,25669
5,37,58,1,0,2406
5,37,59,1,0,3259
5,37,65,1,0,9472
5,37,66,1,0,10324
5,37,67,1,0,12398
5,37,69,1,0,14974
5,37,70,1,0,15978
5,37,71,1,0,17001
5,37,72,1,0,18037
5,37,73,1,0,18877
5,37,74,1,0,19944
5,37,75,1,0,21016
5,37,77,1,0,23337
5,37,79,1,0,24996
5,38,58,2,1,2411
5,38,62,1,0,6229
5,38,65,1,0,9259
5,38,66,1,0,10538
5,38,69,1,0,14979
5,38,70,1,0,15983
5,38,73,1,0,18882
5,38,76,1,0,22085
5,38,80,2,1,25002
5,39,57,1,0,2416
5,39,58,1,0,3269
5,39,59,1,0,4171
5,39,64,1,0,8392
5,39,65,1,0,10334
5,39,66,1,0,11583
5,39,67,1,0,13200
5,39,70,2,1,14984
5,39,71,1,0,17011
5,39,72,1,0,18047
5,39,75,1,0,21026
5,39,79,1,0,24138
5,40,57,1,0,2421
5,40,59,1,0,4176
5,40,63,1,0,8179
5,40,64,1,0,9264
5,40,66,1,0,11381
5,40,67,1,0,12413
5,40,72,1,0,18052
5,40,73,1,0,18892
5,40,74,1,0,19958
5,40,78,1,0,23143
5,40,80,1,0,25011
5,40,81,1,0,25836
5,41,56,1,0,1962
5,41,57,1,0,2426
5,41,60,1,0,5184
5,41,61,1,0,6244
5,41,62,1,0,7318
5,41,63,1,0,8401
5,41,64,2,1,9274
5,41,65,2,1,10340
5,41,66,1,0,11385
5,41,70,1,0,14993
5,41,71,1,0,17020
5,41,73,1,0,18057
5,41,74,1,0,19963
5,41,75,1,0,21036
5,41,79,1,0,24148
5,41,80,1,0,25016
5,41,81,1,0,25841
5,42,56,1,0,1967
5,42,57,1,0,2431
5,42,59,1,0,4186
5,42,60,1,0,5189
5,42,61,1,0,6248
5,42,62,1,0,7107
5,42,63,1,0,8189
5,42,64,1,0,9279
5,42,66,1,0,11391
5,42,67,1,0,12423
5,42,69,1,0,14453
5,42,70,1,0,14998
5,42,71,1,0,16003
5,42,75,1,0,21041
5,42,80,1,0,25021
5,43,56,2,1,1845
5,43,57,1,0,2436
5,43,59,1,0,4190
5,43,65,1,0,10354
5,43,66,1,0,11396
5,43,67,2,1,12428
5,43,69,1,0,14299
5,43,72,1,0,17031
5,43,73,1,0,18067
5,43,75,2,1,19973
5,43,78,1,0,23158
5,43,79,1,0,24158
5,43,80,1,0,25026
5,43,81,1,0,25851
5,44,56,1,0,1741
5,44,57,1,0,2441
5,44,59,1,0,4010
5,44,62,1,0,7117
5,44,63,1,0,8199
5,44,64,1,0,9289
5,44,65,1,0,10359
5,44,66,1,0,11401
5,44,67,1,0,12433
5,44,68,2,1,13388
5,44,72,1,0,17036
5,44,73,1,0,18072
5,44,74,1,0,18912
5,44,75,1,0,19983
5,44,76,1,0,21056
5,44,77,1,0,22115
5,44,78,1,0,23163
5,44,80,1,0,25031
5,44,81,1,0,25856
5,45,55,1,0,27857
5,45,56,1,0,2288
5,45,57,1,0,2446
5,45,58,1,0,3298
5,45,59,1,0,4200
5,45,60,1,0,5203
5,45,61,1,0,6051
5,45,63,1,0,8203
5,45,65,1,0,10364
5,45,66,1,0,11406
5,45,67,1,0,12438
5,45,68,1,0,13393
5,45,70,1,0,15013
5,45,72,1,0,17040
5,45,73,1,0,18077
5,45,74,1,0,18917
5,45,77,1,0,22118
5,45,78,1,0,23166
5,45,79,1,0,24166
5,45,80,1,0,25035
5,45,81,1,0,25860
5,46,58,1,0,3303
5,46,59,1,0,4205
5,46,60,1,0,5208
5,46,62,1,0,7126
5,46,63,1,0,8209
5,46,64,1,0,9298
5,46,65,1,0,10368
5,46,67,1,0,27967
5,46,68,1,0,27981
5,46,70,1,0,28051
5,46,71,1,0,16225
5,46,74,1,0,18921
5,46,75,1,0,19987
6,5,46,1,0,27918
6,5,47,1,0,8211
6,5,48,1,0,9083
6,5,59,1,0,28125
6,5,60,1,0,20418
6,6,44,1,0,5210
6,6,45,1,0,6057
6,6,46,1,0,7130
6,6,47,1,0,7997
6,6,48,1,0,9087
6,6,49,1,0,9948
6,6,57,1,0,18291
6,6,58,1,0,18922
6,6,59,1,0,19776
6,6,60,1,0,20849
6,6,61,1,0,21908
6,6,62,1,0,22958
6,7,42,1,0,3482
6,7,43,1,0,4019
6,7,44,1,0,4798
6,7,45,1,0,5849
6,7,46,1,0,7136
6,7,47,1,0,8002
6,7,48,1,0,9092
6,7,49,1,0,10161
6,7,50,1,0,11204
6,7,51,1,0,12238
6,7,56,1,0,16840
6,7,57,1,0,17874
6,7,58,1,0,18716
6,7,59,1,0,19565
6,7,60,1,0,20854
6,7,61,1,0,21913
6,7,62,1,0,22961
6,7,63,1,0,23977
6,8,41,1,0,2451
6,8,42,1,0,3131
6,8,43,1,0,4023
6,8,44,1,0,5007
6,8,45,1,0,5853
6,8,46,1,0,6925
6,8,47,1,0,8012
6,8,48,1,0,9097
6,8,49,1,0,10167
6,8,50,1,0,11209
6,8,51,1,0,12241
6,8,52,1,0,13218
6,8,53,1,0,14012
6,8,54,1,0,15017
6,8,55,2,1,15821
6,8,56,1,0,16843
6,8,57,1,0,17880
6,8,58,1,0,18932
6,8,59,1,0,19571
6,8,60,1,0,20860
6,8,61,1,0,21918
6,8,62,1,0,22966
6,8,64,1,0,24699
6,9,41,2,1,1745
6,9,42,1,0,3135
6,9,44,1,0,4028
6,9,45,1,0,27900
6,9,46,2,1,7146
6,9,47,1,0,8016
6,9,49,1,0,9325
6,9,50,1,0,11214
6,9,51,1,0,12246
6,9,52,1,0,13227
6,9,53,2,1,14017
6,9,57,2,1,17677
6,9,58,1,0,18734
6,9,59,1,0,20005
6,9,61,1,0,21923
6,9,64,1,0,21937
6,9,67,1,0,24889
6,10,42,1,0,1645
6,10,43,2,1,2298
6,10,44,1,0,2971
6,10,49,1,0,9111
6,10,52,1,0,12255
6,10,61,2,1,19810
6,10,63,1,0,20883
6,10,64,1,0,21942
6,10,67,1,0,24011
6,10,68,1,0,24899
6,11,47,1,0,4042
6,11,51,1,0,11228
6,11,53,1,0,12260
6,11,55,1,0,13237
6,11,58,1,0,15845
6,11,60,1,0,17904
6,11,63,1,0,19815
6,11,65,1,0,21947
6,11,66,1,0,22995
6,11,68,1,0,24016
6,11,69,1,0,25073
6,12,44,1,0,1279
6,12,46,1,0,3155
6,12,47,1,0,4048
6,12,49,1,0,4833
6,12,50,1,0,6096
6,12,53,2,1,10193
6,12,56,1,0,13243
6,12,63,1,0,19820
6,12,66,1,0,21957
6,12,68,1,0,24021
6,12,70,1,0,25750
6,12,71,1,0,25754
6,12,73,1,0,26646
6,13,49,1,0,4246
6,13,55,1,0,12270
6,13,58,1,0,14851
6,13,60,1,0,15860
6,13,61,1,0,16883
6,13,64,1,0,18764
6,13,65,1,0,19830
6,13,67,1,0,21962
6,13,70,1,0,24914
6,13,72,1,0,26312
6,13,74,1,0,26733
6,13,75,1,0,27108
6,14,50,1,0,4062
6,14,51,1,0,5047
6,14,52,1,0,6111
6,14,54,1,0,6106
6,14,56,2,1,12280
6,14,58,2,1,14052
6,14,59,2,1,14856
6,14,64,1,0,17929
6,14,66,1,0,20907
6,14,68,1,0,21972
6,14,69,2,1,23020
6,14,71,1,0,24924
6,14,73,1,0,25769
6,14,75,1,0,26739
6,14,77,1,0,27402
6,15,46,1,0,861
6,15,49,1,0,1121
6,15,53,1,0,6116
6,15,62,1,0,16893
6,15,65,2,1,17934
6,15,66,1,0,19840
6,15,68,1,0,20918
6,15,72,1,0,25098
6,15,73,1,0,25775
6,15,74,1,0,26326
6,15,75,1,0,26744
6,15,76,1,0,26748
6,15,77,1,0,27118
6,16,47,1,0,788
6,16,50,1,0,1215
6,16,61,1,0,14871
6,16,62,2,1,15875
6,16,63,1,0,16898
6,16,66,1,0,18779
6,16,67,1,0,19845
6,16,69,1,0,21982
6,16,70,1,0,23030
6,16,71,1,0,24050
6,16,72,1,0,25103
6,16,73,1,0,25278
6,16,74,1,0,25780
6,16,75,1,0,26331
6,16,77,1,0,27122
6,16,78,1,0,27411
6,16,81,1,0,27723
6,16,82,1,0,27795
6,17,49,1,0,520
6,17,52,2,1,1317
6,17,53,1,0,1698
6,17,54,1,0,2352
6,17,56,2,1,6131
6,17,58,1,0,8075
6,17,61,1,0,14876
6,17,64,1,0,16909
6,17,66,1,0,18784
6,17,68,1,0,20069
6,17,70,1,0,21987
6,17,71,2,1,23035
6,17,74,1,0,25784
6,17,77,1,0,26758
6,17,78,1,0,27132
6,17,80,1,0,27623
6,17,81,1,0,27727
6,17,82,1,0,27809
6,18,49,1,0,464
6,18,51,1,0,808
6,18,57,1,0,6994
6,18,60,2,1,9389
6,18,64,1,0,16913
6,18,67,1,0,18794
6,18,71,1,0,23040
6,18,75,1,0,25789
6,18,78,1,0,27137
6,18,80,1,0,27468
6,18,81,1,0,27628
6,19,59,1,0,8302
6,19,61,1,0,10246
6,19,62,1,0,11287
6,19,66,1,0,17953
6,19,67,1,0,17958
6,19,71,1,0,22002
6,19,72,1,0,23050
6,19,75,1,0,25794
6,19,76,1,0,26346
6,19,82,1,0,27633
6,19,84,1,0,27818
6,20,51,1,0,259
6,20,53,1,0,823
6,20,54,1,0,1245
6,20,56,1,0,1718
6,20,59,2,1,4093
6,20,64,1,0,11711
6,20,68,1,0,19654
6,20,73,1,0,23055
6,20,75,1,0,24759
6,20,77,1,0,26352
6,20,78,1,0,26773
6,20,80,1,0,27147
6,20,81,1,0,27436
6,21,52,1,0,266
6,21,53,1,0,270
6,21,54,2,1,616
6,21,58,1,0,2376
6,21,61,1,0,9190
6,21,63,1,0,10260
6,21,65,1,0,11514
6,21,69,1,0,19874
6,21,73,1,0,23059
6,21,74,1,0,24059
6,21,75,1,0,24932
6,21,77,1,0,26356
6,21,78,1,0,26360
6,21,82,1,0,27440
6,22,54,1,0,494
6,22,55,1,0,838
6,22,57,1,0,1261
6,22,60,1,0,3377
6,22,61,1,0,4107
6,22,65,1,0,11312
6,22,71,1,0,21165
6,22,73,1,0,22016
6,22,74,1,0,23064
6,22,75,2,1,24069
6,22,77,1,0,25799
6,22,80,1,0,26787
6,22,81,1,0,27156
6,23,53,2,1,63
6,23,56,1,0,768
6,23,58,1,0,1733
6,23,60,1,0,3208
6,23,65,1,0,10275
6,23,66,1,0,11316
6,23,70,1,0,19884
6,23,75,1,0,24074
6,23,76,1,0,24942
6,23,79,1,0,26176
6,24,54,1,0,44
6,24,55,1,0,503
6,24,57,1,0,847
6,24,59,1,0,1738
6,24,60,1,0,2541
6,24,61,1,0,3213
6,24,62,1,0,4113
6,24,64,1,0,8987
6,24,68,2,1,12349
6,24,70,1,0,17988
6,24,71,1,0,18834
6,24,72,1,0,21180
6,24,75,1,0,23074
6,24,79,1,0,26361
6,25,55,1,0,248
6,25,56,1,0,508
6,25,58,1,0,852
6,25,61,1,0,2385
6,25,65,1,0,8120
6,25,66,1,0,10279
6,25,67,1,0,11322
6,25,76,1,0,23079
6,25,77,1,0,24952
6,26,54,1,0,2
6,26,55,1,0,108
6,26,59,1,0,1275
6,26,76,1,0,24084
6,26,77,1,0,24089
6,26,78,1,0,24957
6,26,79,2,1,25814
6,27,54,1,0,6
6,27,55,1,0,112
6,27,56,1,0,258
6,27,57,1,0,518
6,27,58,1,0,860
6,27,59,1,0,27846
6,27,60,1,0,1841
6,27,61,1,0,2390
6,27,74,1,0,19904
6,27,76,1,0,22036
6,28,60,1,0,27869
6,28,61,1,0,2394
6,28,63,1,0,4127
6,28,68,2,1,10290
6,28,70,1,0,14940
6,28,75,1,0,28131
6,28,78,1,0,24094
6,28,79,1,0,24962
6,29,69,1,0,11336
6,29,74,1,0,18843
6,29,78,1,0,23099
6,29,79,1,0,24099
6,29,80,2,1,24967
6,30,62,1,0,3230
6,30,63,1,0,4132
6,30,64,1,0,5134
6,30,66,2,1,7053
6,30,72,1,0,15954
6,30,73,1,0,16977
6,30,74,1,0,18013
6,30,75,1,0,19913
6,30,79,2,1,23103
6,30,81,1,0,25487
6,31,62,1,0,3235
6,31,64,1,0,5140
6,31,65,1,0,6199
6,31,70,1,0,12378
6,31,72,1,0,15958
6,31,74,1,0,18017
6,31,76,1,0,19919
6,31,77,1,0,20996
6,31,79,1,0,23108
6,31,81,2,1,24976
6,32,61,1,0,2721
6,32,63,1,0,4141
6,32,64,2,1,5145
6,32,65,1,0,7062
6,32,68,1,0,10305
6,32,69,1,0,11346
6,32,70,1,0,12383
6,32,76,1,0,19928
6,32,77,1,0,21002
6,32,78,1,0,22060
6,32,79,1,0,23113
6,32,80,1,0,24113
6,32,81,1,0,24981
6,33,60,1,0,2557
6,33,61,1,0,3244
6,33,63,1,0,4146
6,33,65,1,0,6209
6,33,66,2,1,7283
6,33,68,2,1,10100
6,33,69,1,0,11351
6,33,75,1,0,18867
6,33,80,1,0,24118
6,33,82,1,0,25819
6,34,60,1,0,2396
6,34,61,1,0,3250
6,34,64,1,0,5154
6,34,65,2,1,6214
6,34,69,1,0,11356
6,34,71,1,0,13370
6,34,72,1,0,14969
6,34,76,1,0,18872
6,34,77,1,0,19938
6,34,79,1,0,22071
6,34,80,1,0,24123
6,34,81,1,0,24991
6,34,82,1,0,25673
6,35,60,1,0,2401
6,35,62,1,0,3254
6,35,66,1,0,7077
6,35,69,1,0,11361
6,35,70,1,0,12393
6,35,72,1,0,14974
6,35,75,1,0,18037
6,35,76,1,0,18877
6,35,77,1,0,19944
6,35,79,1,0,22075
6,35,81,1,0,24128
6,36,60,1,0,2406
6,36,62,1,0,3259
6,36,63,1,0,4161
6,36,66,1,0,7082
6,36,67,1,0,8164
6,36,68,1,0,9472
6,36,69,1,0,11366
6,36,70,1,0,12398
6,36,72,1,0,14979
6,36,74,1,0,15983
6,36,76,1,0,18882
6,36,77,1,0,20163
6,36,78,1,0,21021
6,36,82,1,0,25002
6,36,83,1,0,25826
6,37,60,1,0,2411
6,37,61,1,0,3089
6,37,63,1,0,4166
6,37,65,1,0,6229
6,37,69,2,1,10538
6,37,70,1,0,13200
6,37,73,1,0,14984
6,37,74,1,0,15988
6,37,75,1,0,17011
6,37,76,1,0,18047
6,37,78,1,0,21026
6,37,79,1,0,22085
6,37,83,1,0,25831
6,38,60,1,0,2416
6,38,62,1,0,3269
6,38,63,1,0,4171
6,38,64,1,0,5174
6,38,65,1,0,7092
6,38,67,1,0,8392
6,38,68,1,0,9264
6,38,69,1,0,10334
6,38,70,1,0,11583
6,38,76,1,0,18052
6,38,77,1,0,18892
6,38,78,1,0,19958
6,38,79,1,0,21031
6,38,82,1,0,24143
6,38,83,1,0,25011
6,38,84,1,0,25836
6,39,60,1,0,2421
6,39,63,1,0,4176
6,39,65,2,1,6239
6,39,66,1,0,8179
6,39,68,2,1,9487
6,39,69,1,0,11381
6,39,70,2,1,12413
6,39,73,2,1,14989
6,39,75,1,0,17020
6,39,77,1,0,18897
6,39,78,1,0,19963
6,39,81,1,0,23148
6,39,83,1,0,25016
6,40,59,1,0,1962
6,40,60,1,0,2426
6,40,61,1,0,3279
6,40,64,1,0,5184
6,40,65,1,0,6244
6,40,66,1,0,7318
6,40,67,1,0,8401
6,40,69,1,0,11385
6,40,73,1,0,14998
6,40,75,1,0,17026
6,40,77,1,0,19114
6,40,78,1,0,19968
6,40,79,1,0,21041
6,41,60,1,0,2431
6,41,64,1,0,5189
6,41,65,1,0,6248
6,41,66,1,0,8189
6,41,67,1,0,9279
6,41,69,1,0,11391
6,41,70,1,0,13013
6,41,72,1,0,14453
6,41,75,1,0,17031
6,41,76,1,0,18067
6,41,78,1,0,19973
6,41,79,1,0,21046
6,41,81,1,0,23158
6,41,82,1,0,24158
6,41,83,1,0,25026
6,41,84,1,0,25851
6,42,59,1,0,1845
6,42,60,1,0,2436
6,42,63,1,0,4985
6,42,68,1,0,10354
6,42,69,1,0,11396
6,42,70,1,0,12428
6,42,71,1,0,13383
6,42,72,2,1,14299
6,42,74,1,0,16013
6,42,75,1,0,17036
6,42,76,1,0,18072
6,42,77,1,0,18912
6,42,80,1,0,22115
6,42,81,1,0,23163
6,42,82,1,0,24163
6,42,85,2,1,25856
6,43,59,1,0,1849
6,43,60,1,0,2441
6,43,61,1,0,3119
6,43,62,1,0,4010
6,43,65,1,0,7117
6,43,66,1,0,8199
6,43,67,1,0,9289
6,43,68,1,0,10359
6,43,70,1,0,11401
6,43,71,2,1,12433
6,43,74,1,0,15815
6,43,75,1,0,17040
6,43,77,2,1,18077
6,43,78,1,0,19983
6,43,80,1,0,22118
6,43,82,1,0,23166
6,43,83,1,0,24166
6,43,84,1,0,25035
6,44,59,2,1,1741
6,44,60,1,0,2446
6,44,61,1,0,3298
6,44,62,1,0,4200
6,44,64,1,0,6051
6,44,67,1,0,9294
6,44,68,1,0,10364
6,44,69,1,0,11406
6,44,70,1,0,12438
6,44,71,2,1,13393
6,44,73,1,0,15013
6,44,76,1,0,17045
6,44,77,1,0,18290
6,44,79,1,0,19987
6,45,60,1,0,2288
6,45,61,1,0,3303
6,45,62,1,0,4205
6,45,64,1,0,6269
6,45,65,1,0,7126
6,45,66,1,0,8209
6,45,68,1,0,10368
6,45,69,1,0,11410
6,45,70,1,0,27967
6,45,74,1,0,28051
7,5,46,1,0,27918
7,5,47,1,0,8211
7,5,48,1,0,9083
7,5,59,1,0,28125
7,5,60,1,0,20418
7,6,44,1,0,5210
7,6,45,1,0,6057
7,6,46,1,0,7130
7,6,47,1,0,7997
7,6,48,1,0,9087
7,6,49,1,0,9948
7,6,57,1,0,18291
7,6,58,1,0,18922
7,6,59,1,0,19776
7,6,60,1,0,20849
7,6,61,1,0,21908
7,6,62,1,0,22958
7,7,42,1,0,3482
7,7,43,1,0,4019
7,7,44,1,0,4798
7,7,45,1,0,5849
7,7,46,1,0,7136
7,7,47,1,0,8002
7,7,48,1,0,9092
7,7,49,1,0,10161
7,7,50,1,0,11204
7,7,51,1,0,12238
7,7,56,1,0,16840
7,7,57,1,0,17874
7,7,58,1,0,18716
7,7,59,1,0,19565
7,7,60,1,0,20854
7,7,61,1,0,21913
7,7,62,1,0,22961
7,7,63,1,0,23977
7,8,41,1,0,2451
7,8,43,1,0,4023
7,8,44,1,0,5007
7,8,45,1,0,5853
7,8,46,1,0,6925
7,8,47,1,0,8012
7,8,48,1,0,9097
7,8,49,1,0,10167
7,8,50,1,0,11209
7,8,51,1,0,12241
7,8,52,1,0,13218
7,8,53,1,0,14012
7,8,54,1,0,15017
7,8,55,2,1,15821
7,8,56,1,0,16843
7,8,57,1,0,17880
7,8,58,1,0,18932
7,8,59,1,0,19571
7,8,60,1,0,20860
7,8,61,1,0,21918
7,8,62,1,0,22966
7,8,64,1,0,24699
7,9,41,2,1,1745
7,9,42,1,0,3135
7,9,45,1,0,27900
7,9,46,2,1,7146
7,9,49,2,1,9325
7,9,50,1,0,11214
7,9,51,1,0,12246
7,9,52,1,0,13223
7,9,57,2,1,17677
7,9,58,1,0,18734
7,9,59,1,0,20005
7,9,64,1,0,21937
7,9,67,2,1,24011
7,10,42,1,0,1645
7,10,43,2,1,2298
7,10,49,1,0,9111
7,10,50,1,0,10181
7,10,52,1,0,12255
7,10,53,1,0,12260
7,10,60,1,0,17904
7,10,61,2,1,19810
7,10,63,1,0,20883
7,10,64,1,0,21942
7,10,67,1,0,24016
7,10,68,1,0,24899
7,11,47,1,0,4042
7,11,52,1,0,11233
7,11,63,1,0,19820
7,11,66,1,0,21957
7,11,67,1,0,23000
7,11,68,1,0,24021
7,11,69,1,0,25073
7,11,73,1,0,26646
7,11,74,1,0,26733
7,12,44,1,0,1279
7,12,47,1,0,3155
7,12,48,1,0,4048
7,12,49,1,0,4833
7,12,50,1,0,6096
7,12,53,2,1,10193
7,12,56,1,0,13243
7,12,62,1,0,17919
7,12,68,1,0,23015
7,12,69,1,0,24031
7,12,70,1,0,24914
7,12,71,2,1,25754
7,12,75,1,0,27108
7,13,45,1,0,1191
7,13,49,1,0,4246
7,13,55,2,1,6106
7,13,57,1,0,13253
7,13,59,1,0,14856
7,13,60,1,0,15860
7,13,69,1,0,23020
7,13,70,1,0,24036
7,13,72,1,0,24924
7,13,75,2,1,26739
7,13,78,1,0,27402
7,14,48,1,0,1292
7,14,49,1,0,1206
7,14,50,1,0,4062
7,14,53,1,0,6111
7,14,60,1,0,14861
7,14,64,1,0,17929
7,14,65,1,0,17934
7,14,66,2,1,18774
7,14,72,1,0,25098
7,14,74,1,0,26326
7,14,75,1,0,26331
7,14,77,1,0,27118
7,14,79,2,1,27411
7,14,81,1,0,27723
7,14,82,1,0,27795
7,15,47,1,0,861
7,15,50,1,0,1121
7,15,53,1,0,6116
7,15,55,1,0,6121
7,15,56,1,0,7194
7,15,62,1,0,15875
7,15,63,1,0,16898
7,15,66,1,0,18779
7,15,67,1,0,19845
7,15,68,1,0,20918
7,15,72,1,0,24050
7,15,73,1,0,25103
7,15,74,2,1,25278
7,15,76,1,0,26753
7,15,77,1,0,26758
7,15,78,1,0,27127
7,15,81,2,1,27623
7,16,48,1,0,788
7,16,49,1,0,794
7,16,50,1,0,797
7,16,53,1,0,1694
7,16,54,1,0,2352
7,16,59,1,0,9161
7,16,60,1,0,13453
7,16,67,1,0,18784
7,16,68,1,0,20069
7,16,69,1,0,20928
7,16,70,1,0,21987
7,16,72,2,1,23040
7,16,75,1,0,25784
7,16,78,1,0,27132
7,16,80,1,0,27468
7,16,81,1,0,27628
7,16,84,1,0,27818
7,17,49,2,1,520
7,17,51,2,1,803
7,17,52,1,0,1317
7,17,53,1,0,1698
7,17,56,1,0,6131
7,17,57,1,0,6988
7,17,58,2,1,6994
7,17,60,1,0,9389
7,17,61,1,0,10449
7,17,63,1,0,15884
7,17,65,1,0,16913
7,17,66,1,0,17949
7,17,69,1,0,19860
7,17,71,1,0,21996
7,17,75,1,0,25789
7,17,77,1,0,26346
7,17,78,1,0,26685
7,17,82,1,0,27633
7,18,50,1,0,464
7,18,54,1,0,1236
7,18,55,1,0,1709
7,18,60,1,0,8302
7,18,61,1,0,10246
7,18,62,1,0,11287
7,18,63,1,0,11706
7,18,66,1,0,17953
7,18,67,1,0,17958
7,18,69,1,0,19863
7,18,70,1,0,20937
7,18,72,1,0,22002
7,18,73,1,0,23050
7,18,76,1,0,25794
7,18,77,1,0,25943
7,18,78,1,0,26352
7,18,79,1,0,26773
7,18,81,1,0,27147
7,18,83,1,0,27607
7,19,51,2,1,259
7,19,54,1,0,823
7,19,55,1,0,1245
7,19,57,1,0,1718
7,19,65,1,0,11711
7,19,74,1,0,23059
7,19,75,1,0,24059
7,19,76,2,1,24759
7,19,78,1,0,26356
7,19,82,1,0,27436
7,19,83,1,0,27440
7,20,53,1,0,266
7,20,55,1,0,827
7,20,60,1,0,4093
7,20,62,1,0,9190
7,20,64,1,0,10260
7,20,67,1,0,12339
7,20,68,1,0,18804
7,20,70,1,0,19874
7,20,72,1,0,21165
7,20,74,1,0,22016
7,20,79,1,0,26360
7,20,82,1,0,27156
7,21,53,1,0,270
7,21,54,1,0,113
7,21,55,1,0,616
7,21,56,1,0,838
7,21,61,1,0,3377
7,21,66,1,0,11312
7,21,71,1,0,19884
7,21,76,1,0,24069
7,21,77,1,0,24942
7,21,80,1,0,26176
7,21,81,1,0,26787
7,22,54,1,0,234
7,22,56,1,0,560
7,22,57,1,0,768
7,22,59,1,0,1733
7,22,62,1,0,3208
7,22,66,1,0,10275
7,22,67,1,0,11316
7,22,69,2,1,12349
7,22,74,1,0,21180
7,22,76,1,0,23074
7,22,77,1,0,24074
7,22,78,1,0,24947
7,22,79,1,0,25809
7,22,80,1,0,26361
7,23,54,1,0,63
7,23,55,2,1,44
7,23,56,1,0,503
7,23,59,2,1,847
7,23,60,1,0,1550
7,23,62,2,1,2541
7,23,63,1,0,4113
7,23,66,1,0,8987
7,23,71,1,0,17988
7,23,72,1,0,17993
7,23,73,1,0,18834
7,23,77,1,0,24079
7,23,79,1,0,24952
7,24,56,1,0,248
7,24,57,1,0,508
7,24,59,1,0,852
7,24,62,1,0,2385
7,24,63,1,0,3218
7,24,66,1,0,8120
7,24,67,2,1,9428
7,24,69,1,0,11322
7,24,72,1,0,17998
7,24,77,1,0,23079
7,24,78,1,0,24084
7,24,79,1,0,24957
7,24,80,2,1,25814
7,25,60,1,0,1275
7,25,64,1,0,4122
7,25,67,1,0,9433
7,25,78,1,0,24089
7,26,55,1,0,2
7,26,56,1,0,108
7,26,59,1,0,518
7,26,60,1,0,27846
7,26,62,1,0,1841
7,26,63,1,0,2390
7,26,76,1,0,19904
7,26,77,1,0,22036
7,27,56,1,0,6
7,27,57,1,0,112
7,27,58,1,0,258
7,27,62,1,0,27869
7,27,63,1,0,2394
7,27,65,1,0,4127
7,27,70,1,0,11331
7,27,72,1,0,14940
7,27,80,1,0,23099
7,27,81,1,0,24099
7,27,82,2,1,24967
7,27,83,1,0,25487
7,28,68,1,0,8134
7,28,69,1,0,9225
7,28,70,1,0,11336
7,28,76,1,0,18843
7,28,77,1,0,19913
7,28,81,1,0,24103
7,29,64,1,0,3230
7,29,65,1,0,4132
7,29,66,1,0,5134
7,29,67,1,0,6195
7,29,68,1,0,7053
7,29,69,1,0,9229
7,29,71,1,0,11341
7,29,72,1,0,13351
7,29,73,2,1,14437
7,29,74,1,0,15954
7,29,75,1,0,16977
7,29,76,2,1,18013
7,29,79,1,0,20996
7,29,83,1,0,24976
7,29,84,1,0,25659
7,30,64,1,0,3235
7,30,66,1,0,5140
7,30,70,1,0,10305
7,30,71,1,0,11346
7,30,72,1,0,12378
7,30,74,1,0,15958
7,30,76,1,0,18022
7,30,78,1,0,19928
7,30,80,1,0,21002
7,30,82,2,1,23113
7,30,83,1,0,24986
7,30,84,1,0,25819
7,31,63,1,0,2721
7,31,64,1,0,3239
7,31,65,1,0,4141
7,31,66,1,0,5145
7,31,67,2,1,5992
7,31,68,1,0,7283
7,31,71,1,0,11351
7,31,72,1,0,12383
7,31,73,1,0,13360
7,31,75,1,0,14964
7,31,78,1,0,18867
7,31,81,1,0,22065
7,31,83,1,0,24118
7,31,84,1,0,24991
7,32,63,1,0,2557
7,32,64,1,0,3244
7,32,65,1,0,4146
7,32,67,1,0,6214
7,32,68,1,0,7072
7,32,69,1,0,9244
7,32,71,1,0,11356
7,32,72,1,0,12388
7,32,73,1,0,13365
7,32,76,1,0,15973
7,32,78,1,0,18872
7,32,80,2,1,19938
7,32,83,1,0,24123
7,33,63,1,0,2396
7,33,66,1,0,5154
7,33,70,2,1,9249
7,33,74,1,0,13370
7,33,75,1,0,14974
7,33,77,1,0,17001
7,33,80,1,0,19944
7,33,81,2,1,21016
7,33,83,1,0,24128
7,33,86,1,0,25826
7,34,63,1,0,2401
7,34,64,1,0,3254
7,34,69,1,0,8164
7,34,70,1,0,10324
7,34,73,1,0,12398
7,34,78,1,0,18037
7,34,79,2,1,18877
7,34,81,1,0,21021
7,34,82,1,0,22085
7,34,83,1,0,23133
7,34,85,1,0,25002
7,34,86,1,0,25831
7,35,63,1,0,2406
7,35,65,1,0,3259
7,35,68,1,0,6224
7,35,72,1,0,11371
7,35,74,1,0,13380
7,35,76,1,0,14979
7,35,77,1,0,15988
7,35,78,1,0,18042
7,35,80,1,0,19953
7,35,81,1,0,21026
7,35,84,1,0,24138
7,35,85,1,0,25006
7,35,86,1,0,25011
7,36,63,1,0,2411
7,36,64,1,0,3089
7,36,66,1,0,4166
7,36,68,1,0,6229
7,36,69,1,0,7087
7,36,73,1,0,12408
7,36,74,1,0,13200
7,36,76,1,0,14984
7,36,77,1,0,17011
7,36,79,2,1,18052
7,36,81,1,0,21031
7,36,85,1,0,24143
7,36,86,1,0,25016
7,37,63,1,0,2416
7,37,65,1,0,3269
7,37,66,1,0,4171
7,37,69,1,0,7092
7,37,70,1,0,8392
7,37,71,1,0,9264
7,37,76,1,0,14989
7,37,78,1,0,17020
7,37,80,1,0,18897
7,37,81,1,0,19963
7,37,85,1,0,24148
7,37,86,1,0,25021
7,37,87,1,0,25846
7,38,63,1,0,2421
7,38,66,1,0,4176
7,38,67,1,0,5179
7,38,69,1,0,7097
7,38,70,1,0,8179
7,38,71,1,0,10344
7,38,73,1,0,12417
7,38,76,1,0,14993
7,38,77,1,0,16003
7,38,81,1,0,19968
7,38,82,1,0,21041
7,38,87,1,0,25026
7,39,64,1,0,2426
7,39,67,1,0,5184
7,39,68,1,0,6244
7,39,69,1,0,7318
7,39,71,1,0,9274
7,39,72,1,0,11391
7,39,73,1,0,12423
7,39,74,1,0,13013
7,39,76,2,1,14453
7,39,79,1,0,18067
7,39,80,1,0,19119
7,39,81,1,0,19973
7,39,82,1,0,21046
7,39,84,1,0,23158
7,39,85,1,0,24158
7,39,87,1,0,25031
7,39,88,1,0,25856
7,40,63,1,0,1967
7,40,66,1,0,4186
7,40,67,1,0,5189
7,40,68,2,1,6039
7,40,69,1,0,7107
7,40,70,1,0,8189
7,40,71,1,0,9279
7,40,72,1,0,10354
7,40,73,1,0,12428
7,40,74,1,0,13383
7,40,76,1,0,14299
7,40,78,1,0,16013
7,40,80,2,1,18072
7,40,84,1,0,22115
7,40,85,2,1,23163
7,40,86,1,0,24166
7,40,87,1,0,25035
7,40,88,1,0,25860
7,41,63,1,0,1845
7,41,64,1,0,2436
7,41,65,1,0,3289
7,41,66,1,0,4190
7,41,71,1,0,9289
7,41,72,1,0,10359
7,41,73,1,0,11401
7,41,74,1,0,12433
7,41,75,2,1,13388
7,41,79,1,0,17040
7,41,81,1,0,18917
7,41,83,1,0,21060
7,41,84,1,0,22118
7,42,64,1,0,2441
7,42,65,1,0,3119
7,42,68,1,0,6259
7,42,69,1,0,7117
7,42,70,1,0,8199
7,42,73,1,0,11406
7,42,75,2,1,13393
7,42,77,1,0,15013
7,42,79,1,0,17045
7,42,81,1,0,18921
7,42,82,1,0,19987
7,43,63,1,0,1741
7,43,64,1,0,2446
7,43,66,1,0,4200
7,43,69,1,0,7122
7,43,71,1,0,9298
7,43,72,2,1,10364
7,43,73,1,0,11410
7,43,74,1,0,27967
7,43,77,1,0,28051
7,43,78,1,0,16225
7,44,63,1,0,27857
7,44,64,1,0,2288
7,44,68,1,0,6269
7,44,69,1,0,7126
7,44,70,1,0,8209
8,5,46,1,0,27918
8,5,47,1,0,8211
8,5,48,1,0,9083
8,5,59,1,0,28125
8,5,60,1,0,20418
8,6,44,1,0,5210
8,6,45,1,0,6057
8,6,46,1,0,7130
8,6,47,1,0,7997
8,6,48,1,0,9087
8,6,49,1,0,9948
8,6,57,1,0,18291
8,6,58,1,0,18922
8,6,59,1,0,19776
8,6,60,1,0,20849
8,6,61,1,0,21908
8,6,62,1,0,22958
8,7,42,1,0,3482
8,7,43,1,0,4019
8,7,44,1,0,4798
8,7,45,1,0,5849
8,7,46,1,0,7136
8,7,47,1,0,8002
8,7,48,1,0,9092
8,7,49,1,0,10161
8,7,50,1,0,11204
8,7,51,1,0,12238
8,7,56,1,0,16840
8,7,57,1,0,17874
8,7,58,1,0,18716
8,7,59,1,0,19565
8,7,60,1,0,20854
8,7,61,1,0,21913
8,7,62,1,0,22961
8,7,63,1,0,23977
8,8,41,1,0,2451
8,8,43,1,0,4023
8,8,44,1,0,5007
8,8,45,1,0,5853
8,8,46,2,1,6925
8,8,47,1,0,8012
8,8,48,1,0,9097
8,8,49,1,0,10167
8,8,50,1,0,11209
8,8,51,1,0,12241
8,8,52,1,0,13218
8,8,53,1,0,14012
8,8,54,1,0,15017
8,8,56,2,1,16843
8,8,57,1,0,17880
8,8,58,1,0,18932
8,8,59,1,0,19571
8,8,60,1,0,20860
8,8,61,1,0,21918
8,8,62,1,0,22966
8,8,64,2,1,21937
8,9,41,2,1,1745
8,9,42,1,0,3135
8,9,45,1,0,27900
8,9,46,1,0,7150
8,9,47,1,0,8016
8,9,49,2,1,9325
8,9,50,2,1,10177
8,9,51,1,0,12246
8,9,52,2,1,13223
8,9,53,1,0,14021
8,9,57,1,0,17677
8,9,58,1,0,18734
8,9,59,1,0,20005
8,9,61,1,0,19810
8,9,67,1,0,24011
8,10,42,1,0,1645
8,10,43,1,0,3141
8,10,44,1,0,2971
8,10,47,1,0,4042
8,10,49,1,0,9111
8,10,51,1,0,11228
8,10,52,1,0,12255
8,10,53,1,0,12260
8,10,60,2,1,17904
8,10,62,1,0,18749
8,10,63,1,0,20883
8,10,64,1,0,20888
8,10,67,1,0,24016
8,10,69,1,0,25073
8,11,47,1,0,3155
8,11,48,1,0,4048
8,11,51,1,0,9340
8,11,52,1,0,11233
8,11,53,1,0,28017
8,11,55,1,0,13237
8,11,58,1,0,15845
8,11,59,1,0,16667
8,11,66,1,0,21957
8,11,68,1,0,24021
8,11,70,1,0,25078
8,11,71,1,0,25754
8,11,73,1,0,26316
8,11,74,1,0,26733
8,11,75,1,0,27108
8,12,44,1,0,1279
8,12,49,1,0,3869
8,12,50,2,1,4833
8,12,53,1,0,10193
8,12,55,1,0,12270
8,12,56,1,0,13243
8,12,67,2,1,21967
8,12,69,1,0,24031
8,12,70,2,1,24036
8,12,71,2,1,24919
8,12,74,1,0,26321
8,12,75,1,0,26739
8,13,45,1,0,1191
8,13,50,1,0,4062
8,13,51,1,0,5047
8,13,53,1,0,6111
8,13,55,1,0,6106
8,13,57,1,0,13253
8,13,58,2,1,14047
8,13,59,1,0,14856
8,13,64,1,0,17929
8,13,65,1,0,17934
8,13,68,1,0,21972
8,13,72,1,0,25098
8,13,76,1,0,26748
8,13,79,1,0,27411
8,13,81,2,1,27723
8,13,82,1,0,27795
8,14,49,1,0,1206
8,14,54,1,0,6116
8,14,64,1,0,16898
8,14,66,2,1,17939
8,14,67,2,1,18779
8,14,68,1,0,20918
8,14,70,1,0,21982
8,14,72,1,0,24050
8,14,73,1,0,25103
8,14,74,1,0,25278
8,14,78,1,0,27127
8,14,81,1,0,27468
8,15,47,1,0,861
8,15,49,1,0,794
8,15,50,1,0,1121
8,15,54,1,0,5062
8,15,61,1,0,13453
8,15,62,1,0,14871
8,15,63,2,1,15875
8,15,66,1,0,17944
8,15,69,2,1,20069
8,15,70,1,0,21987
8,15,71,1,0,23035
8,15,72,2,1,23040
8,15,75,1,0,25784
8,15,79,1,0,27137
8,15,83,1,0,27633
8,16,50,1,0,797
8,16,53,2,1,1317
8,16,54,1,0,1698
8,16,59,1,0,8075
8,16,60,1,0,9166
8,16,61,1,0,10449
8,16,63,1,0,14216
8,16,66,1,0,17949
8,16,69,1,0,19860
8,16,71,1,0,20937
8,16,76,1,0,25794
8,16,77,1,0,26346
8,16,79,1,0,26685
8,16,80,1,0,27075
8,16,82,1,0,27381
8,17,49,1,0,582
8,17,50,1,0,520
8,17,51,1,0,803
8,17,52,1,0,808
8,17,53,1,0,812
8,17,56,1,0,1709
8,17,58,1,0,6994
8,17,59,1,0,6998
8,17,60,1,0,8080
8,17,61,1,0,9389
8,17,62,1,0,10246
8,17,63,1,0,11287
8,17,65,1,0,16913
8,17,67,1,0,17953
8,17,68,1,0,17958
8,17,73,1,0,22002
8,17,74,2,1,23050
8,17,76,1,0,24759
8,17,77,1,0,25943
8,17,78,2,1,26352
8,17,80,1,0,26773
8,17,81,1,0,27147
8,17,83,1,0,27436
8,17,84,1,0,27607
8,18,50,1,0,464
8,18,60,1,0,8302
8,18,63,1,0,10251
8,18,64,1,0,11706
8,18,65,1,0,11711
8,18,73,1,0,22007
8,18,75,1,0,23059
8,18,83,1,0,27156
8,19,52,1,0,259
8,19,55,2,1,823
8,19,56,1,0,1245
8,19,59,1,0,2376
8,19,61,1,0,4093
8,19,65,1,0,10260
8,19,71,1,0,19874
8,19,73,1,0,21165
8,19,75,1,0,22016
8,19,76,1,0,23064
8,19,77,1,0,24069
8,19,79,1,0,25799
8,19,82,1,0,26787
8,20,53,1,0,266
8,20,54,1,0,270
8,20,55,1,0,616
8,20,62,1,0,3377
8,20,63,1,0,9190
8,20,67,1,0,11312
8,20,72,1,0,19884
8,20,76,1,0,22231
8,20,78,2,1,24074
8,20,80,1,0,25804
8,20,81,2,1,26176
8,21,54,1,0,113
8,21,56,1,0,494
8,21,57,2,1,560
8,21,60,1,0,1733
8,21,63,1,0,3208
8,21,67,1,0,10275
8,21,68,1,0,11316
8,21,70,2,1,12349
8,21,72,1,0,17988
8,21,75,1,0,21180
8,21,77,1,0,23074
8,21,79,1,0,24947
8,21,80,2,1,24952
8,22,55,2,1,63
8,22,56,1,0,238
8,22,57,1,0,503
8,22,58,1,0,768
8,22,61,1,0,1738
8,22,63,1,0,3213
8,22,74,1,0,18834
8,22,78,1,0,23079
8,22,79,1,0,24084
8,22,81,2,1,24957
8,22,82,1,0,28189
8,23,56,1,0,44
8,23,60,1,0,847
8,23,63,2,1,2385
8,23,65,1,0,4309
8,23,68,1,0,10279
8,23,70,1,0,11322
8,23,79,1,0,24089
8,24,57,2,1,16
8,24,61,1,0,852
8,24,66,1,0,4122
8,24,72,1,0,15737
8,24,78,1,0,28131
8,24,82,2,1,24094
8,25,57,1,0,7
8,25,58,1,0,108
8,25,62,1,0,1275
8,25,64,2,1,1841
8,25,67,1,0,4127
8,25,72,1,0,13336
8,25,74,1,0,14940
8,25,81,1,0,23094
8,25,83,1,0,24967
8,25,84,1,0,25487
8,26,57,2,1,2
8,26,59,1,0,258
8,26,63,1,0,27869
8,26,65,1,0,2394
8,26,78,1,0,18843
8,26,81,1,0,23099
8,26,83,1,0,24103
8,26,84,1,0,24976
8,27,58,1,0,112
8,27,72,1,0,12369
8,27,73,1,0,13346
8,27,75,1,0,14950
8,27,76,1,0,15954
8,27,77,1,0,16977
8,27,79,1,0,19913
8,27,81,1,0,20996
8,27,82,1,0,22055
8,27,84,1,0,24108
8,27,86,1,0,25659
8,28,66,1,0,3230
8,28,68,1,0,5140
8,28,69,1,0,6199
8,28,72,1,0,11341
8,28,73,1,0,12374
8,28,74,1,0,13351
8,28,76,2,1,14954
8,28,77,1,0,16981
8,28,80,1,0,19928
8,28,82,1,0,21002
8,28,84,1,0,23113
8,28,86,1,0,25819
8,29,66,1,0,3235
8,29,68,1,0,5145
8,29,71,1,0,9234
8,29,72,1,0,11346
8,29,73,1,0,11351
8,29,75,1,0,13360
8,29,76,1,0,14443
8,29,79,1,0,18022
8,29,80,1,0,18867
8,29,83,1,0,22065
8,29,85,1,0,24118
8,29,86,1,0,24991
8,29,87,1,0,25669
8,30,65,1,0,2721
8,30,66,1,0,3239
8,30,69,1,0,6209
8,30,70,1,0,7283
8,30,74,1,0,12388
8,30,75,1,0,13365
8,30,77,1,0,14964
8,30,81,1,0,18872
8,30,82,1,0,19938
8,30,83,1,0,21011
8,30,84,1,0,22075
8,30,86,2,1,24128
8,30,88,1,0,25826
8,31,65,1,0,2557
8,31,66,1,0,3244
8,31,70,2,1,6214
8,31,72,1,0,10319
8,31,75,1,0,13370
8,31,78,3,1,14974
8,31,82,1,0,19944
8,31,83,1,0,21016
8,31,87,1,0,25002
8,31,89,1,0,25831
8,32,66,1,0,2396
8,32,67,1,0,3250
8,32,70,1,0,6219
8,32,72,1,0,9249
8,32,74,1,0,12398
8,32,80,1,0,18037
8,32,81,2,1,18877
8,32,83,1,0,21021
8,32,85,2,1,22085
8,32,88,1,0,25006
8,33,67,1,0,3254
8,33,70,1,0,6224
8,33,71,1,0,7082
8,33,74,1,0,11371
8,33,75,1,0,12403
8,33,78,1,0,14979
8,33,79,1,0,15988
8,33,81,1,0,18042
8,33,83,1,0,19953
8,33,84,1,0,21026
8,33,87,1,0,24143
8,34,66,1,0,2406
8,34,68,1,0,4161
8,34,71,2,1,6229
8,34,76,1,0,13200
8,34,78,1,0,14984
8,34,80,1,0,17011
8,34,81,2,1,18047
8,34,82,1,0,18892
8,34,83,1,0,19958
8,34,84,1,0,21031
8,34,85,1,0,22095
8,34,86,1,0,23143
8,34,88,1,0,24148
8,34,90,1,0,25846
8,35,66,1,0,2411
8,35,67,1,0,3089
8,35,68,1,0,4166
8,35,71,2,1,6234
8,35,73,1,0,9264
8,35,76,1,0,12413
8,35,79,1,0,14989
8,35,81,1,0,17020
8,35,82,1,0,18897
8,35,83,1,0,19963
8,35,87,1,0,23148
8,35,89,1,0,25026
8,35,90,1,0,25851
8,36,66,1,0,2416
8,36,67,1,0,3269
8,36,71,1,0,6239
8,36,72,1,0,7097
8,36,73,1,0,8179
8,36,79,1,0,14993
8,36,87,1,0,23158
8,36,88,1,0,24158
8,36,91,1,0,25856
8,37,66,1,0,2421
8,37,69,1,0,4176
8,37,70,1,0,5179
8,37,71,1,0,6244
8,37,72,1,0,7318
8,37,73,1,0,8401
8,37,74,1,0,9274
8,37,75,1,0,11391
8,37,77,1,0,13013
8,37,79,1,0,14998
8,37,82,1,0,18067
8,37,84,1,0,19973
8,37,88,1,0,23163
8,37,89,1,0,24163
8,37,90,2,1,25031
8,37,91,1,0,25860
8,38,66,1,0,1962
8,38,67,1,0,2426
8,38,69,1,0,4181
8,38,70,1,0,5184
8,38,72,1,0,7107
8,38,73,1,0,8189
8,38,74,1,0,9279
8,38,75,1,0,10349
8,38,76,1,0,12428
8,38,77,1,0,13383
8,38,79,1,0,14299
8,38,82,1,0,17036
8,38,83,2,1,18072
8,38,86,1,0,21056
8,38,87,2,1,22115
8,38,88,1,0,23166
8,38,89,1,0,24166
8,39,67,1,0,2431
8,39,69,2,1,4186
8,39,70,1,0,5189
8,39,71,1,0,6039
8,39,75,1,0,10354
8,39,77,1,0,12433
8,39,78,1,0,13388
8,39,81,1,0,15815
8,39,82,1,0,17040
8,39,83,1,0,18077
8,39,84,1,0,18917
8,39,85,1,0,19987
8,39,86,1,0,21060
8,40,66,1,0,1845
8,40,68,1,0,3289
8,40,70,1,0,4985
8,40,72,1,0,7117
8,40,73,1,0,8199
8,40,74,1,0,9289
8,40,75,1,0,10359
8,40,76,1,0,11406
8,40,77,1,0,12438
8,40,78,2,1,13393
8,40,80,1,0,15013
8,40,82,1,0,17045
8,41,67,1,0,2441
8,41,68,1,0,3119
8,41,69,2,1,4010
8,41,70,1,0,5203
8,41,72,1,0,7122
8,41,73,1,0,8203
8,41,74,1,0,9294
8,41,75,2,1,10364
8,41,76,1,0,11410
8,41,77,1,0,27967
8,41,80,1,0,28051
8,41,82,1,0,16225
8,42,66,1,0,1741
8,42,67,1,0,2446
8,42,68,1,0,3298
8,42,69,1,0,4205
8,42,70,1,0,5208
8,42,71,1,0,6269
8,42,72,1,0,7126
8,42,73,1,0,8209
8,43,66,1,0,27857
8,43,67,1,0,2288
8,43,68,1,0,3303
9,5,46,1,0,27918
9,5,47,1,0,8211
9,5,48,1,0,9083
9,5,59,1,0,28125
9,5,60,1,0,20418
9,6,44,1,0,5210
9,6,45,1,0,6057
9,6,46,1,0,7130
9,6,47,1,0,7997
9,6,48,1,0,9087
9,6,49,1,0,9948
9,6,57,1,0,18291
9,6,58,1,0,18922
9,6,59,1,0,19776
9,6,60,1,0,20849
9,6,61,1,0,21908
9,6,62,1,0,22958
9,7,42,1,0,3482
9,7,43,1,0,4019
9,7,44,1,0,4798
9,7,45,1,0,5849
9,7,46,1,0,7136
9,7,47,1,0,8002
9,7,48,1,0,9092
9,7,49,1,0,10161
9,7,50,1,0,11204
9,7,51,1,0,12238
9,7,56,1,0,16840
9,7,57,1,0,17874
9,7,58,1,0,18716
9,7,59,1,0,19565
9,7,60,1,0,20854
9,7,61,1,0,21913
9,7,63,1,0,23977
9,8,41,1,0,2451
9,8,42,1,0,3131
9,8,43,1,0,4023
9,8,44,1,0,5007
9,8,45,2,1,5853
9,8,46,2,1,6925
9,8,47,1,0,8012
9,8,48,1,0,9097
9,8,49,1,0,10167
9,8,50,1,0,11209
9,8,51,1,0,12241
9,8,52,1,0,13218
9,8,53,1,0,14012
9,8,54,1,0,15017
9,8,55,1,0,15826
9,8,56,2,1,16843
9,8,57,1,0,17880
9,8,58,1,0,18932
9,8,59,1,0,19571
9,8,60,1,0,20860
9,8,61,1,0,21918
9,8,62,1,0,22966
9,8,64,2,1,21937
9,9,41,2,1,1745
9,9,42,1,0,3135
9,9,44,1,0,4028
9,9,46,1,0,7150
9,9,49,1,0,9325
9,9,51,1,0,12246
9,9,52,2,1,12255
9,9,60,1,0,18744
9,9,61,1,0,19810
9,9,63,1,0,20883
9,9,65,1,0,22995
9,9,67,1,0,24011
9,10,42,1,0,1645
9,10,43,2,1,2298
9,10,49,1,0,9111
9,10,51,1,0,11228
9,10,53,1,0,12260
9,10,58,2,1,15845
9,10,60,1,0,17904
9,10,61,1,0,18749
9,10,62,1,0,19815
9,10,66,1,0,23000
9,10,67,1,0,24016
9,10,68,1,0,24021
9,10,69,1,0,25073
9,10,72,1,0,27093
9,11,47,1,0,3155
9,11,48,1,0,4048
9,11,50,1,0,6949
9,11,52,1,0,11233
9,11,53,1,0,28017
9,11,55,1,0,13237
9,11,56,1,0,13243
9,11,59,1,0,16667
9,11,62,1,0,18754
9,11,66,1,0,21957
9,11,67,1,0,23010
9,11,69,1,0,25078
9,11,70,1,0,24914
9,11,73,1,0,26316
9,11,74,1,0,26733
9,11,75,1,0,27108
9,12,45,1,0,1279
9,12,50,2,1,4833
9,12,53,1,0,10193
9,12,55,1,0,12270
9,12,58,1,0,14047
9,12,70,1,0,24036
9,12,71,1,0,25760
9,12,74,1,0,26321
9,12,80,1,0,27723
9,12,82,1,0,27795
9,13,45,1,0,1191
9,13,51,1,0,4062
9,13,52,1,0,5047
9,13,53,1,0,6111
9,13,57,1,0,13253
9,13,59,2,1,14055
9,13,60,1,0,14861
9,13,62,2,1,15865
9,13,64,1,0,17929
9,13,65,2,1,17934
9,13,72,2,1,24050
9,13,73,1,0,25103
9,13,74,1,0,26326
9,13,77,1,0,26753
9,13,81,2,1,27623
9,14,50,1,0,1121
9,14,54,1,0,6116
9,14,56,1,0,7194
9,14,58,1,0,8065
9,14,63,1,0,15875
9,14,66,1,0,17939
9,14,67,2,1,17944
9,14,68,1,0,20918
9,14,69,2,1,20069
9,14,71,1,0,21987
9,14,72,1,0,23661
9,14,76,2,1,25789
9,14,80,1,0,27137
9,14,81,1,0,27468
9,14,82,1,0,27628
9,14,83,1,0,27633
9,15,48,1,0,861
9,15,50,1,0,794
9,15,64,1,0,15880
9,15,67,1,0,17949
9,15,71,1,0,20937
9,15,77,2,1,25794
9,15,79,1,0,26685
9,15,80,1,0,26773
9,15,82,1,0,27381
9,15,83,1,0,27638
9,15,84,1,0,27607
9,16,50,1,0,582
9,16,52,1,0,803
9,16,53,1,0,1317
9,16,54,1,0,1698
9,16,55,1,0,2352
9,16,57,1,0,6131
9,16,59,2,1,6994
9,16,61,1,0,9389
9,16,62,1,0,10449
9,16,63,1,0,11287
9,16,66,1,0,16913
9,16,68,1,0,17953
9,16,69,1,0,18794
9,16,73,1,0,22002
9,16,74,1,0,23050
9,16,75,1,0,23055
9,16,76,1,0,24759
9,16,79,2,1,26352
9,16,83,2,1,27156
9,17,50,1,0,520
9,17,51,1,0,464
9,17,53,1,0,808
9,17,55,1,0,1236
9,17,56,1,0,1709
9,17,60,1,0,8080
9,17,61,1,0,8302
9,17,62,1,0,10246
9,17,64,1,0,11706
9,17,66,1,0,11711
9,17,69,1,0,17958
9,17,71,1,0,19654
9,17,73,1,0,21160
9,17,74,1,0,22007
9,17,75,1,0,23059
9,17,76,2,1,23064
9,17,80,1,0,26360
9,18,55,1,0,823
9,18,57,1,0,1245
9,18,61,1,0,4093
9,18,66,1,0,10260
9,18,67,1,0,12334
9,18,68,1,0,12339
9,18,71,1,0,19874
9,18,73,1,0,21165
9,18,77,1,0,22231
9,18,78,1,0,24069
9,18,81,1,0,26176
9,18,82,1,0,26361
9,19,52,2,1,259
9,19,56,1,0,827
9,19,64,1,0,9190
9,19,68,1,0,11312
9,19,72,1,0,17983
9,19,78,2,1,23074
9,19,80,1,0,24947
9,19,81,1,0,25809
9,20,54,1,0,266
9,20,55,1,0,270
9,20,56,1,0,616
9,20,58,1,0,838
9,20,61,2,1,1733
9,20,62,1,0,3377
9,20,63,1,0,3208
9,20,68,1,0,10275
9,20,69,1,0,11316
9,20,70,1,0,12349
9,20,71,1,0,13326
9,20,73,1,0,17988
9,20,75,1,0,18834
9,20,76,1,0,21180
9,20,79,1,0,23079
9,20,81,1,0,24952
9,20,82,2,1,24957
9,20,83,1,0,28189
9,21,54,1,0,113
9,21,58,1,0,560
9,21,59,1,0,768
9,21,62,1,0,1738
9,21,64,1,0,3213
9,21,81,1,0,24089
9,22,55,1,0,63
9,22,64,1,0,2541
9,22,66,1,0,4309
9,22,68,1,0,8120
9,22,69,1,0,10279
9,22,70,1,0,11322
9,22,73,1,0,15737
9,22,80,1,0,22036
9,22,83,2,1,24094
9,23,56,1,0,44
9,23,58,1,0,248
9,23,59,1,0,508
9,23,61,1,0,847
9,23,64,1,0,2385
9,23,72,1,0,12354
9,23,74,1,0,14130
9,23,78,1,0,19904
9,23,79,1,0,28131
9,23,84,1,0,24099
9,23,85,1,0,25487
9,24,57,2,1,16
9,24,62,1,0,852
9,24,65,1,0,2390
9,24,68,1,0,4127
9,24,73,1,0,13336
9,24,75,1,0,14940
9,24,80,1,0,19909
9,24,83,1,0,23099
9,24,84,1,0,24103
9,24,86,1,0,24976
9,24,87,1,0,25659
9,25,57,1,0,7
9,25,58,1,0,2
9,25,59,1,0,108
9,25,63,1,0,1275
9,25,64,1,0,27869
9,25,66,1,0,2394
9,25,72,2,1,11331
9,25,74,1,0,13346
9,25,77,1,0,14950
9,25,78,1,0,15954
9,25,79,3,1,16977
9,25,83,1,0,22055
9,25,88,1,0,25819
9,26,59,2,1,6
9,26,60,1,0,258
9,26,68,1,0,4132
9,26,69,1,0,5134
9,26,70,1,0,6195
9,26,71,2,1,7053
9,26,72,1,0,9229
9,26,74,1,0,12374
9,26,75,1,0,13351
9,26,77,1,0,14437
9,26,79,1,0,16981
9,26,80,1,0,18017
9,26,82,1,0,20996
9,26,84,1,0,21002
9,26,85,2,1,22065
9,26,87,1,0,24118
9,26,88,2,1,24991
9,27,67,1,0,3230
9,27,70,1,0,5140
9,27,71,1,0,7058
9,27,72,1,0,9234
9,27,74,1,0,11346
9,27,75,1,0,13355
9,27,82,1,0,18867
9,28,67,1,0,3235
9,28,70,1,0,5145
9,28,71,1,0,5992
9,28,72,1,0,7283
9,28,74,1,0,11351
9,28,77,1,0,13365
9,28,78,1,0,14964
9,28,83,1,0,18872
9,28,84,1,0,19938
9,28,86,1,0,22075
9,28,87,1,0,23337
9,28,88,1,0,24128
9,28,90,2,1,25002
9,29,67,1,0,2721
9,29,69,1,0,4146
9,29,70,1,0,4941
9,29,72,1,0,7072
9,29,73,1,0,9244
9,29,75,1,0,12388
9,29,77,1,0,13370
9,29,79,1,0,14969
9,29,80,2,1,15973
9,29,82,1,0,18037
9,29,83,1,0,18877
9,29,84,1,0,19944
9,29,85,1,0,21016
9,29,86,1,0,21021
9,29,88,1,0,23133
9,29,89,1,0,24133
9,29,90,1,0,25831
9,30,67,1,0,2557
9,30,68,1,0,3244
9,30,71,1,0,6214
9,30,74,2,1,9249
9,30,75,1,0,11361
9,30,80,1,0,14974
9,30,81,1,0,17001
9,30,84,1,0,18882
9,30,85,1,0,20163
9,30,87,1,0,22085
9,30,91,1,0,25011
9,31,67,1,0,2396
9,31,68,1,0,3250
9,31,72,1,0,6219
9,31,76,1,0,11371
9,31,77,1,0,12403
9,31,80,1,0,14979
9,31,81,1,0,15988
9,31,82,1,0,17011
9,31,83,1,0,18047
9,31,85,1,0,19953
9,31,89,1,0,23143
9,31,90,2,1,24143
9,31,92,1,0,25846
9,32,68,1,0,2401
9,32,69,1,0,3254
9,32,72,1,0,6224
9,32,78,1,0,13200
9,32,81,1,0,14984
9,32,82,1,0,15791
9,32,84,1,0,18052
9,32,85,1,0,19958
9,32,86,1,0,19963
9,32,89,1,0,23148
9,32,91,1,0,25021
9,33,68,1,0,2406
9,33,70,1,0,4161
9,33,72,1,0,5169
9,33,73,1,0,6229
9,33,76,1,0,9264
9,33,81,1,0,14989
9,33,83,1,0,17020
9,33,85,1,0,18897
9,33,87,1,0,21041
9,33,91,1,0,24158
9,33,93,1,0,25856
9,34,69,2,1,2411
9,34,71,2,1,4166
9,34,73,1,0,6234
9,34,75,1,0,8179
9,34,76,1,0,10340
9,34,81,1,0,14993
9,34,82,1,0,14998
9,34,87,1,0,19973
9,34,88,1,0,21046
9,34,90,1,0,23158
9,34,91,1,0,24163
9,34,92,1,0,25031
9,34,93,1,0,25035
9,34,94,1,0,25860
9,35,69,1,0,2416
9,35,70,1,0,3269
9,35,71,1,0,4176
9,35,72,1,0,5179
9,35,73,1,0,6239
9,35,74,1,0,7097
9,35,75,1,0,8401
9,35,79,1,0,13013
9,35,81,1,0,14453
9,35,85,1,0,18067
9,35,86,1,0,18912
9,35,89,2,1,21056
9,35,90,2,1,22118
9,35,91,1,0,23166
9,35,92,1,0,24166
9,36,71,1,0,4181
9,36,73,1,0,6244
9,36,74,1,0,7318
9,36,76,1,0,9279
9,36,77,1,0,10349
9,36,79,1,0,12428
9,36,80,1,0,13383
9,36,82,1,0,15008
9,36,83,1,0,16013
9,36,85,1,0,18072
9,36,87,1,0,18917
9,36,88,1,0,19983
9,36,89,1,0,21060
9,37,68,1,0,1962
9,37,69,1,0,2426
9,37,72,1,0,4186
9,37,73,1,0,5189
9,37,74,2,1,6248
9,37,78,1,0,10354
9,37,81,1,0,13388
9,37,83,1,0,15815
9,37,85,1,0,17040
9,37,86,1,0,18290
9,37,87,1,0,18921
9,37,88,1,0,19987
9,38,71,1,0,3284
9,38,72,1,0,4190
9,38,73,1,0,4985
9,38,75,1,0,7117
9,38,77,1,0,9289
9,38,78,1,0,10359
9,38,79,1,0,11406
9,38,80,1,0,12438
9,38,81,2,1,13393
9,38,83,1,0,15013
9,38,84,1,0,16225
9,38,85,1,0,17045
9,39,69,1,0,1845
9,39,70,1,0,2436
9,39,76,1,0,8203
9,39,78,2,1,10364
9,39,79,1,0,11410
9,39,80,1,0,27967
9,39,83,1,0,28051
9,40,70,1,0,2441
9,40,71,1,0,3119
9,40,72,1,0,4010
9,40,73,1,0,4200
9,40,75,1,0,7126
9,40,78,1,0,9298
9,41,69,1,0,1741
9,41,70,1,0,2446
9,41,71,1,0,3298
9,41,72,1,0,3303
9,41,73,1,0,4205
9,41,75,1,0,6269
9,41,77,1,0,8209
9,42,69,1,0,27857
9,42,70,1,0,2288
10,5,46,1,0,27918
10,5,47,1,0,8211
10,5,48,1,0,9083
10,5,59,1,0,28125
10,5,60,1,0,20418
10,6,44,1,0,5210
10,6,45,1,0,6057
10,6,46,1,0,7130
10,6,47,1,0,7997
10,6,48,1,0,9087
10,6,49,1,0,9948
10,6,57,1,0,18291
10,6,58,1,0,18922
10,6,59,1,0,19776
10,6,60,1,0,20849
10,6,61,1,0,21908
10,6,62,1,0,22958
10,7,42,1,0,3482
10,7,43,1,0,4019
10,7,44,1,0,4798
10,7,45,1,0,5849
10,7,46,1,0,7136
10,7,47,1,0,8002
10,7,48,1,0,9092
10,7,49,1,0,10161
10,7,50,1,0,11204
10,7,51,1,0,12238
10,7,56,1,0,16840
10,7,57,1,0,17874
10,7,58,1,0,18716
10,7,59,1,0,19565
10,7,60,1,0,20854
10,7,61,1,0,21913
10,7,63,1,0,23977
10,8,41,1,0,2451
10,8,42,1,0,3131
10,8,43,1,0,4023
10,8,44,1,0,5007
10,8,45,2,1,5853
10,8,46,2,1,6925
10,8,47,1,0,8012
10,8,48,1,0,9097
10,8,49,1,0,10167
10,8,50,1,0,11209
10,8,51,1,0,12241
10,8,52,1,0,13218
10,8,53,1,0,14012
10,8,54,1,0,15017
10,8,55,1,0,15826
10,8,56,2,1,16843
10,8,57,1,0,17880
10,8,58,1,0,18932
10,8,59,1,0,19571
10,8,60,1,0,20860
10,8,61,1,0,21918
10,8,62,1,0,22966
10,8,64,1,0,21937
10,8,66,1,0,24006
10,9,41,1,0,1745
10,9,42,2,1,2293
10,9,44,1,0,4028
10,9,46,1,0,7150
10,9,47,1,0,8016
10,9,49,1,0,9111
10,9,51,1,0,12246
10,9,52,1,0,12255
10,9,58,2,1,17899
10,9,59,1,0,18951
10,9,60,2,1,18744
10,9,61,1,0,21932
10,9,63,1,0,20883
10,9,65,1,0,22995
10,9,67,1,0,24016
10,10,42,1,0,1645
10,10,43,2,1,2298
10,10,51,1,0,11228
10,10,53,1,0,12260
10,10,54,1,0,13232
10,10,56,1,0,13237
10,10,60,1,0,17904
10,10,61,1,0,18749
10,10,66,1,0,23000
10,10,68,1,0,24021
10,10,69,1,0,25073
10,10,72,1,0,27093
10,10,73,1,0,26733
10,11,47,1,0,3155
10,11,48,1,0,4048
10,11,51,1,0,9340
10,11,53,1,0,28017
10,11,56,1,0,13243
10,11,66,1,0,21957
10,11,69,1,0,25078
10,11,70,2,1,24914
10,11,73,1,0,26316
10,11,75,1,0,27108
10,11,77,1,0,27608
10,11,78,1,0,27674
10,11,80,1,0,27723
10,11,81,1,0,27795
10,12,45,2,1,1191
10,12,49,1,0,3869
10,12,50,2,1,4246
10,12,54,1,0,10193
10,12,55,1,0,11238
10,12,56,1,0,12270
10,12,60,1,0,14856
10,12,62,1,0,15865
10,12,66,1,0,17934
10,12,69,2,1,24031
10,12,70,1,0,24919
10,12,74,1,0,26321
10,12,79,1,0,27583
10,12,81,1,0,27727
10,13,51,1,0,4062
10,13,54,1,0,6111
10,13,59,1,0,14052
10,13,60,1,0,14861
10,13,63,1,0,15870
10,13,66,1,0,17939
10,13,68,1,0,18784
10,13,72,2,1,24050
10,13,73,1,0,25103
10,13,76,1,0,26753
10,13,77,1,0,26758
10,13,79,1,0,27313
10,13,83,1,0,27633
10,14,49,1,0,1206
10,14,51,2,1,1121
10,14,54,1,0,6116
10,14,56,1,0,6121
10,14,57,1,0,7194
10,14,63,1,0,15875
10,14,64,1,0,15880
10,14,67,1,0,17944
10,14,68,1,0,18790
10,14,69,1,0,20069
10,14,71,1,0,21987
10,14,77,1,0,25794
10,14,78,1,0,26763
10,14,82,1,0,27381
10,14,83,2,1,27436
10,15,48,1,0,861
10,15,49,1,0,788
10,15,50,1,0,794
10,15,58,1,0,6988
10,15,59,1,0,8289
10,15,60,2,1,9161
10,15,63,1,0,11283
10,15,67,1,0,17949
10,15,68,1,0,17953
10,15,69,1,0,18794
10,15,71,1,0,20937
10,15,72,2,1,20942
10,15,73,1,0,22002
10,15,74,1,0,23050
10,15,75,1,0,23055
10,15,77,1,0,24759
10,15,79,2,1,26352
10,15,80,1,0,26773
10,15,82,1,0,27147
10,15,83,1,0,27156
10,16,50,2,1,520
10,16,51,1,0,797
10,16,52,1,0,803
10,16,54,1,0,1317
10,16,57,1,0,1709
10,16,59,2,1,6994
10,16,60,1,0,8080
10,16,63,1,0,10246
10,16,65,1,0,11706
10,16,69,1,0,17958
10,16,70,1,0,18799
10,16,74,1,0,22007
10,16,78,1,0,24069
10,16,80,1,0,26360
10,16,82,1,0,26787
10,17,51,1,0,464
10,17,55,1,0,1236
10,17,59,1,0,1718
10,17,61,1,0,8302
10,17,64,1,0,10251
10,17,66,1,0,11711
10,17,67,1,0,12334
10,17,72,1,0,19874
10,17,74,1,0,21165
10,17,77,1,0,22231
10,17,79,1,0,24074
10,17,80,1,0,24947
10,17,82,1,0,25809
10,18,56,1,0,823
10,18,57,1,0,1245
10,18,62,1,0,4093
10,18,64,1,0,9190
10,18,68,1,0,12339
10,18,70,1,0,13322
10,18,73,1,0,17983
10,18,74,1,0,19884
10,18,77,1,0,21180
10,18,78,1,0,23074
10,18,81,1,0,24952
10,18,82,1,0,24957
10,19,52,2,1,259
10,19,57,2,1,616
10,19,63,1,0,3377
10,19,68,1,0,10275
10,19,72,1,0,13326
10,19,75,1,0,17993
10,19,76,1,0,18834
10,19,80,1,0,23079
10,19,81,2,1,24084
10,19,84,1,0,28189
10,20,54,1,0,266
10,20,55,1,0,270
10,20,58,1,0,560
10,20,59,1,0,838
10,20,62,1,0,1733
10,20,63,1,0,1738
10,20,64,1,0,3208
10,20,65,1,0,3213
10,20,68,1,0,8987
10,20,71,1,0,12349
10,20,84,1,0,24094
10,21,55,1,0,113
10,21,64,1,0,2541
10,21,66,1,0,3218
10,21,68,1,0,8120
10,21,71,1,0,11322
10,21,74,1,0,15737
10,21,80,1,0,28131
10,21,86,1,0,25487
10,22,56,2,1,44
10,22,60,1,0,508
10,22,62,1,0,847
10,22,63,1,0,1270
10,22,65,1,0,2385
10,22,84,1,0,23099
10,22,87,1,0,24976
10,22,88,1,0,25659
10,23,58,1,0,131
10,23,59,1,0,103
10,23,63,1,0,852
10,23,69,1,0,4127
10,23,80,1,0,18843
10,23,81,2,1,19909
10,23,89,1,0,25819
10,24,57,1,0,16
10,24,58,1,0,7
10,24,60,1,0,108
10,24,64,1,0,1275
10,24,66,1,0,2390
10,24,67,1,0,2394
10,24,76,1,0,13346
10,24,78,1,0,14950
10,24,79,1,0,15954
10,24,81,2,1,18013
10,24,84,2,1,19928
10,24,85,1,0,21002
10,24,87,2,1,22065
10,24,90,1,0,25673
10,25,58,1,0,2
10,25,60,1,0,6
10,25,65,1,0,27869
10,25,69,1,0,4132
10,25,70,1,0,5134
10,25,72,1,0,7058
10,25,75,1,0,11346
10,25,76,1,0,13351
10,25,79,1,0,14954
10,25,81,1,0,16986
10,25,82,1,0,18022
10,25,83,1,0,18867
10,25,86,1,0,21011
10,25,87,1,0,22071
10,25,88,1,0,23123
10,25,90,1,0,24128
10,25,91,1,0,25826
10,26,60,1,0,112
10,26,61,1,0,258
10,26,68,1,0,3230
10,26,70,1,0,4137
10,26,71,1,0,5140
10,26,73,1,0,9234
10,26,75,1,0,11351
10,26,76,1,0,13355
10,26,81,1,0,15968
10,26,83,1,0,18027
10,26,85,1,0,18872
10,26,86,1,0,19938
10,26,87,1,0,21016
10,26,88,1,0,22075
10,26,89,1,0,23337
10,26,91,1,0,25002
10,26,92,1,0,25831
10,27,69,1,0,3235
10,27,73,1,0,7283
10,27,75,1,0,9244
10,27,77,1,0,12388
10,27,78,1,0,13365
10,27,79,1,0,13370
10,27,80,1,0,14964
10,27,81,1,0,15973
10,27,82,1,0,16996
10,27,84,1,0,18037
10,27,85,1,0,18877
10,27,86,1,0,19944
10,27,88,1,0,21021
10,27,89,1,0,22085
10,27,92,1,0,25011
10,28,68,1,0,2721
10,28,69,1,0,3239
10,28,71,1,0,4146
10,28,74,1,0,7072
10,28,76,2,1,10319
10,28,81,1,0,14974
10,28,85,1,0,18042
10,28,86,1,0,18882
10,28,87,1,0,19953
10,28,88,1,0,21026
10,28,91,1,0,23143
10,29,69,1,0,2557
10,29,70,1,0,3244
10,29,72,1,0,5154
10,29,73,1,0,6219
10,29,74,1,0,7077
10,29,75,1,0,8164
10,29,83,2,1,15983
10,29,84,1,0,17011
10,29,89,1,0,21031
10,29,92,2,1,23148
10,29,93,1,0,25021
10,29,94,1,0,25846
10,30,69,1,0,2396
10,30,70,1,0,3250
10,30,74,1,0,6224
10,30,75,1,0,7082
10,30,76,2,1,8169
10,30,77,1,0,10538
10,30,78,1,0,11371
10,30,80,1,0,13200
10,30,84,1,0,15791
10,30,86,1,0,18052
10,30,88,1,0,19963
10,30,92,1,0,23153
10,30,94,1,0,25026
10,30,95,1,0,25856
10,31,70,1,0,2401
10,31,71,1,0,3254
10,31,77,2,1,8392
10,31,83,2,1,14989
10,31,85,1,0,17020
10,31,90,1,0,21046
10,31,92,1,0,23158
10,31,94,1,0,24163
10,31,95,2,1,25031
10,31,96,1,0,25860
10,32,70,1,0,2406
10,32,71,1,0,3259
10,32,72,1,0,4166
10,32,75,1,0,6234
10,32,84,1,0,14998
10,32,86,1,0,17026
10,32,87,1,0,18067
10,32,92,2,1,22115
10,32,93,1,0,23166
10,33,70,1,0,2411
10,33,71,1,0,3089
10,33,75,1,0,6239
10,33,76,1,0,7097
10,33,77,1,0,8401
10,33,78,1,0,9274
10,33,81,1,0,12423
10,33,87,1,0,18072
10,33,88,1,0,18912
10,33,90,1,0,19983
10,33,92,1,0,22118
10,34,71,1,0,2416
10,34,72,1,0,3269
10,34,73,1,0,4176
10,34,74,1,0,5179
10,34,77,1,0,7318
10,34,79,1,0,10349
10,34,82,1,0,13383
10,34,86,1,0,16013
10,34,87,1,0,17040
10,34,88,1,0,18077
10,34,89,1,0,18917
10,34,91,1,0,21060
10,35,71,1,0,2421
10,35,73,1,0,3279
10,35,77,1,0,7107
10,35,78,1,0,8189
10,35,79,1,0,9502
10,35,80,1,0,10354
10,35,81,1,0,11401
10,35,82,1,0,12433
10,35,83,1,0,13388
10,35,85,1,0,15013
10,35,86,1,0,15815
10,35,89,2,1,18290
10,36,71,1,0,1962
10,36,72,1,0,2426
10,36,73,1,0,3284
10,36,74,1,0,4186
10,36,75,1,0,5189
10,36,76,1,0,6039
10,36,78,1,0,8413
10,36,79,2,1,8199
10,36,82,1,0,11406
10,36,83,1,0,13393
10,36,84,1,0,27981
10,36,86,1,0,28051
10,36,87,1,0,16225
10,36,88,1,0,17045
10,37,72,1,0,2431
10,37,73,1,0,3289
10,37,74,1,0,4190
10,37,75,1,0,4985
10,37,77,1,0,7117
10,37,79,1,0,8203
10,37,80,1,0,9294
10,37,81,1,0,10364
10,37,82,1,0,11410
10,37,83,1,0,27967
10,38,72,1,0,1845
10,38,75,1,0,4010
10,38,78,1,0,7122
10,38,80,1,0,9298
10,39,73,1,0,2441
10,39,74,2,1,3119
10,39,75,1,0,4200
10,39,76,1,0,5208
10,39,77,1,0,6269
10,39,78,1,0,7126
10,39,79,1,0,8209
10,40,72,1,0,1741
10,40,73,1,0,2446
10,40,74,1,0,3303
10,40,75,1,0,4205
10,41,72,1,0,27857
10,41,73,1,0,2288
11,5,46,1,0,27918
11,5,47,1,0,8211
11,5,48,1,0,9083
11,5,59,1,0,28125
11,5,60,1,0,20418
11,6,44,1,0,5210
11,6,45,1,0,6057
11,6,46,1,0,7130
11,6,47,1,0,7997
11,6,48,1,0,9087
11,6,49,1,0,9948
11,6,57,1,0,18291
11,6,58,1,0,18922
11,6,59,1,0,19776
11,6,60,1,0,20849
11,6,61,1,0,21908
11,6,62,1,0,22958
11,7,42,1,0,3482
11,7,43,1,0,4019
11,7,44,1,0,4798
11,7,45,1,0,5849
11,7,46,1,0,7136
11,7,47,1,0,8002
11,7,48,1,0,9092
11,7,49,1,0,10161
11,7,50,1,0,11204
11,7,51,1,0,12238
11,7,56,1,0,16840
11,7,57,1,0,17874
11,7,58,1,0,18716
11,7,59,1,0,19565
11,7,60,1,0,20854
11,7,61,1,0,21913
11,7,63,1,0,23977
11,8,41,1,0,2451
11,8,42,1,0,3131
11,8,43,1,0,4023
11,8,44,1,0,5007
11,8,45,2,1,5853
11,8,46,2,1,6925
11,8,47,1,0,8012
11,8,48,1,0,9097
11,8,49,1,0,10167
11,8,50,1,0,11209
11,8,51,1,0,12241
11,8,52,1,0,13218
11,8,53,1,0,14012
11,8,54,1,0,15017
11,8,56,2,1,16843
11,8,57,1,0,17880
11,8,58,1,0,18932
11,8,59,1,0,19571
11,8,60,1,0,20860
11,8,61,1,0,21918
11,8,62,1,0,22966
11,8,64,2,1,21937
11,9,41,1,0,1745
11,9,42,1,0,2293
11,9,44,1,0,4028
11,9,46,1,0,7150
11,9,47,1,0,8016
11,9,49,1,0,9111
11,9,52,1,0,12255
11,9,58,1,0,18734
11,9,59,1,0,18951
11,9,60,1,0,19810
11,9,61,1,0,21932
11,9,63,1,0,20883
11,9,66,2,1,24006
11,9,71,1,0,27093
11,10,42,1,0,1645
11,10,44,1,0,3141
11,10,47,1,0,4042
11,10,51,1,0,11228
11,10,53,1,0,12260
11,10,56,2,1,13237
11,10,60,2,1,17904
11,10,61,1,0,18749
11,10,63,1,0,20888
11,10,66,1,0,23000
11,10,67,1,0,24016
11,10,68,1,0,25073
11,10,69,1,0,25750
11,10,73,1,0,26733
11,10,77,1,0,27608
11,10,78,1,0,27674
11,10,80,1,0,27723
11,10,81,1,0,27795
11,11,47,1,0,3155
11,11,48,1,0,4048
11,11,50,1,0,6096
11,11,52,1,0,11233
11,11,54,1,0,28017
11,11,56,1,0,13243
11,11,66,1,0,21957
11,11,67,1,0,24021
11,11,69,1,0,25078
11,11,70,1,0,25754
11,11,71,1,0,25760
11,11,73,1,0,26316
11,11,74,1,0,26739
11,11,78,1,0,27613
11,11,79,1,0,27583
11,12,45,2,1,1191
11,12,50,1,0,4246
11,12,54,1,0,10193
11,12,55,1,0,11238
11,12,56,1,0,12270
11,12,57,1,0,13253
11,12,59,1,0,14052
11,12,60,1,0,14856
11,12,62,1,0,15865
11,12,63,1,0,15870
11,12,66,2,1,17934
11,12,67,1,0,23010
11,12,69,1,0,24036
11,12,72,1,0,25098
11,12,74,1,0,26321
11,12,76,1,0,26753
11,12,79,1,0,27313
11,12,80,1,0,27468
11,12,81,1,0,27628
11,12,82,1,0,27633
11,13,51,1,0,4062
11,13,52,1,0,5047
11,13,54,1,0,6111
11,13,55,1,0,6974
11,13,57,1,0,8061
11,13,63,1,0,15875
11,13,64,1,0,15880
11,13,67,1,0,17944
11,13,72,1,0,24050
11,13,73,1,0,25103
11,13,76,1,0,25789
11,13,77,1,0,26346
11,13,78,1,0,26763
11,13,79,1,0,27137
11,13,80,1,0,27075
11,13,82,1,0,27381
11,13,83,1,0,27638
11,14,48,1,0,861
11,14,51,1,0,1121
11,14,54,1,0,6116
11,14,56,1,0,6121
11,14,57,1,0,7194
11,14,58,1,0,8065
11,14,66,1,0,16909
11,14,67,1,0,17949
11,14,68,1,0,17953
11,14,80,1,0,26773
11,14,81,1,0,27147
11,14,83,2,1,27156
11,15,49,1,0,788
11,15,51,2,1,794
11,15,54,1,0,1317
11,15,58,1,0,7200
11,15,59,1,0,8289
11,15,60,1,0,8075
11,15,63,1,0,11283
11,15,64,1,0,11287
11,15,69,1,0,17958
11,15,70,1,0,18799
11,15,71,1,0,19654
11,15,74,1,0,22007
11,15,78,2,1,22231
11,16,50,1,0,582
11,16,51,1,0,520
11,16,53,2,1,803
11,16,61,2,1,8080
11,16,62,1,0,9389
11,16,65,2,1,11706
11,16,66,1,0,12324
11,16,74,1,0,21165
11,16,79,2,1,23074
11,16,81,1,0,24947
11,16,82,1,0,24952
11,16,83,1,0,25814
11,17,51,1,0,464
11,17,56,1,0,823
11,17,58,1,0,1245
11,17,62,1,0,4093
11,17,67,2,1,11711
11,17,68,1,0,12334
11,17,70,1,0,13317
11,17,73,1,0,17978
11,17,74,2,1,17983
11,17,77,1,0,21180
11,17,79,1,0,22031
11,17,81,1,0,23079
11,17,82,1,0,24084
11,17,83,1,0,24957
11,17,84,1,0,28189
11,18,53,2,1,259
11,18,57,1,0,827
11,18,63,1,0,3377
11,18,65,1,0,9190
11,18,69,1,0,12344
11,18,70,1,0,13322
11,18,71,1,0,14115
11,18,75,1,0,17988
11,18,76,1,0,17993
11,18,77,1,0,18834
11,19,55,1,0,266
11,19,56,1,0,270
11,19,57,1,0,616
11,19,59,1,0,838
11,19,61,1,0,1261
11,19,63,1,0,1733
11,19,64,1,0,3208
11,19,69,1,0,10275
11,19,71,1,0,12349
11,19,73,1,0,13326
11,19,84,1,0,24094
11,19,87,1,0,25487
11,20,55,1,0,113
11,20,59,1,0,560
11,20,60,1,0,768
11,20,64,1,0,1738
11,20,65,1,0,2541
11,20,66,1,0,3218
11,20,67,1,0,4309
11,20,69,1,0,8120
11,20,75,2,1,13331
11,20,85,1,0,23099
11,20,88,1,0,24976
11,20,89,1,0,25659
11,21,57,1,0,63
11,21,58,1,0,238
11,21,60,1,0,248
11,21,61,1,0,508
11,21,63,1,0,847
11,21,66,1,0,2385
11,21,72,1,0,11322
11,21,77,1,0,14130
11,21,90,1,0,25819
11,22,57,1,0,44
11,22,59,1,0,131
11,22,60,1,0,103
11,22,64,1,0,1270
11,22,69,1,0,4127
11,22,73,1,0,11119
11,22,81,2,1,16977
11,22,82,3,1,18013
11,22,85,2,1,19928
11,22,86,1,0,21002
11,22,88,1,0,22065
11,22,90,2,1,24123
11,23,58,1,0,16
11,23,59,1,0,7
11,23,64,1,0,1275
11,23,67,2,1,1841
11,23,68,1,0,2394
11,23,73,1,0,8134
11,23,76,1,0,11346
11,23,79,1,0,14950
11,23,82,1,0,16981
11,23,83,1,0,18022
11,23,88,1,0,21011
11,23,89,2,1,22071
11,23,90,2,1,23123
11,23,91,1,0,24128
11,23,92,1,0,25826
11,23,93,1,0,25831
11,24,59,1,0,2
11,24,61,1,0,6
11,24,66,1,0,27869
11,24,70,1,0,4132
11,24,73,1,0,7058
11,24,75,1,0,9234
11,24,77,1,0,11351
11,24,78,1,0,13355
11,24,80,1,0,14954
11,24,84,1,0,18027
11,24,85,1,0,18867
11,24,86,1,0,18872
11,24,87,1,0,19938
11,25,61,1,0,112
11,25,62,1,0,258
11,25,69,1,0,3230
11,25,72,1,0,5140
11,25,73,1,0,5992
11,25,74,1,0,7062
11,25,80,1,0,13370
11,25,83,1,0,15973
11,25,84,1,0,16996
11,25,86,1,0,18037
11,25,87,1,0,18877
11,25,88,1,0,19944
11,25,89,1,0,21021
11,25,90,1,0,22085
11,25,92,1,0,23138
11,25,94,1,0,25011
11,26,70,1,0,3235
11,26,74,1,0,7283
11,26,75,2,1,7933
11,26,76,1,0,9244
11,26,77,1,0,10319
11,26,86,1,0,18042
11,26,87,1,0,18882
11,26,89,1,0,19953
11,26,90,2,1,21026
11,26,91,1,0,22090
11,26,92,1,0,22095
11,26,93,1,0,23143
11,26,94,1,0,24148
11,26,96,1,0,25846
11,27,70,2,1,2721
11,27,72,1,0,4146
11,27,73,1,0,5154
11,27,75,1,0,7072
11,27,77,1,0,9249
11,27,84,1,0,15983
11,27,85,1,0,15988
11,27,86,1,0,17011
11,27,87,1,0,18047
11,27,93,1,0,23148
11,27,97,1,0,25856
11,28,70,1,0,2557
11,28,71,1,0,3244
11,28,75,1,0,6219
11,28,76,1,0,7082
11,28,77,1,0,8164
11,28,78,1,0,9259
11,28,80,1,0,11371
11,28,82,1,0,13200
11,28,87,2,1,17020
11,28,89,1,0,18897
11,28,90,1,0,19963
11,28,94,1,0,23158
11,28,96,1,0,25031
11,28,97,1,0,25860
11,29,71,1,0,2396
11,29,72,2,1,3250
11,29,76,1,0,6224
11,29,77,1,0,7087
11,29,85,2,1,14989
11,29,88,2,1,17026
11,29,91,1,0,19973
11,29,92,1,0,21046
11,29,93,1,0,22110
11,29,94,1,0,23163
11,29,95,1,0,23166
11,29,96,1,0,24166
11,29,97,1,0,25035
11,30,71,1,0,2401
11,30,73,1,0,3259
11,30,75,1,0,5169
11,30,79,1,0,9264
11,30,86,1,0,14998
11,30,89,1,0,18067
11,30,90,1,0,18912
11,30,94,2,1,22115
11,31,72,1,0,2406
11,31,73,1,0,3089
11,31,74,1,0,4166
11,31,77,1,0,6234
11,31,79,2,1,8179
11,31,82,1,0,11391
11,31,83,1,0,12423
11,31,88,1,0,16013
11,31,90,1,0,18072
11,31,91,1,0,18917
11,31,92,1,0,19983
11,31,93,1,0,21060
11,32,72,1,0,2411
11,32,74,1,0,3269
11,32,76,1,0,5179
11,32,77,1,0,6239
11,32,81,1,0,10349
11,32,84,2,1,12428
11,32,87,1,0,15008
11,32,88,1,0,15815
11,32,91,2,1,18077
11,32,92,1,0,18921
11,33,73,1,0,2416
11,33,77,1,0,5184
11,33,80,1,0,8189
11,33,82,1,0,10354
11,33,84,1,0,12433
11,33,85,1,0,13388
11,33,87,1,0,15013
11,33,90,1,0,17045
11,34,73,1,0,2421
11,34,76,2,1,4181
11,34,78,1,0,6039
11,34,82,1,0,10359
11,34,84,1,0,11406
11,34,85,1,0,12438
11,34,86,2,1,13393
11,34,88,1,0,28051
11,34,89,1,0,16225
11,35,73,1,0,1962
11,35,74,1,0,2426
11,35,77,1,0,4190
11,35,79,1,0,6259
11,35,81,2,1,8199
11,35,82,1,0,9294
11,35,83,1,0,10364
11,35,84,1,0,11410
11,35,85,1,0,27967
11,36,74,1,0,2431
11,36,80,1,0,7122
11,36,83,1,0,9298
11,37,74,1,0,1845
11,37,75,2,1,2436
11,37,76,1,0,3119
11,37,78,1,0,4200
11,37,80,1,0,6269
11,37,81,1,0,7126
11,37,82,1,0,8209
11,38,76,1,0,2446
11,38,77,1,0,3298
11,38,78,1,0,4205
11,39,74,1,0,1741
11,39,75,1,0,27857
11,39,77,1,0,3303
12,5,46,1,0,27918
12,5,47,1,0,8211
12,5,48,1,0,9083
12,5,59,1,0,28125
12,5,60,1,0,20418
12,6,44,1,0,5210
12,6,45,1,0,6057
12,6,46,1,0,7130
12,6,47,1,0,7997
12,6,48,1,0,9087
12,6,49,1,0,9948
12,6,57,1,0,18291
12,6,58,1,0,18922
12,6,59,1,0,19776
12,6,60,1,0,20849
12,6,61,1,0,21908
12,6,62,1,0,22958
12,7,42,1,0,3482
12,7,43,1,0,4019
12,7,44,1,0,4798
12,7,45,1,0,5849
12,7,46,1,0,7136
12,7,47,1,0,8002
12,7,48,1,0,9092
12,7,49,1,0,10161
12,7,50,1,0,11204
12,7,51,1,0,12238
12,7,56,1,0,16840
12,7,57,1,0,17874
12,7,58,1,0,18716
12,7,59,1,0,19565
12,7,60,1,0,20854
12,7,61,1,0,21913
12,7,63,1,0,23977
12,8,41,1,0,2451
12,8,42,1,0,3131
12,8,43,1,0,4023
12,8,44,1,0,5007
12,8,45,2,1,5853
12,8,46,2,1,6925
12,8,47,1,0,8012
12,8,48,1,0,9097
12,8,49,1,0,10167
12,8,50,1,0,11209
12,8,51,1,0,12241
12,8,52,1,0,13218
12,8,53,1,0,14012
12,8,54,1,0,15017
12,8,56,1,0,16843
12,8,57,1,0,17880
12,8,58,1,0,18932
12,8,59,2,1,18951
12,8,60,1,0,20860
12,8,61,1,0,21918
12,8,62,1,0,22966
12,8,64,1,0,21937
12,9,41,1,0,1745
12,9,42,2,1,2293
12,9,44,1,0,4028
12,9,46,1,0,7150
12,9,49,1,0,9111
12,9,51,1,0,11228
12,9,52,1,0,12255
12,9,58,1,0,17899
12,9,60,2,1,18744
12,9,61,1,0,21932
12,9,63,1,0,20883
12,9,66,1,0,24011
12,9,71,1,0,27093
12,9,78,1,0,27674
12,9,81,1,0,27795
12,9,83,1,0,27814
12,10,42,1,0,1645
12,10,44,1,0,3141
12,10,48,1,0,4042
12,10,53,1,0,12260
12,10,54,1,0,28017
12,10,56,2,1,13237
12,10,60,1,0,17904
12,10,63,1,0,20888
12,10,66,1,0,23000
12,10,67,1,0,24016
12,10,68,1,0,25073
12,10,69,1,0,25750
12,10,70,1,0,25754
12,10,73,1,0,26733
12,10,74,1,0,27108
12,10,76,1,0,27402
12,10,77,1,0,27608
12,10,78,1,0,27613
12,10,80,2,1,27723
12,11,47,1,0,3155
12,11,48,1,0,4048
12,11,49,1,0,5032
12,11,51,1,0,6096
12,11,52,1,0,11233
12,11,54,1,0,10193
12,11,58,1,0,14047
12,11,62,1,0,15865
12,11,67,2,1,23010
12,11,69,2,1,24914
12,11,71,1,0,25760
12,11,73,2,1,26316
12,11,80,2,1,27468
12,11,82,1,0,27633
12,12,45,1,0,1279
12,12,46,1,0,1191
12,12,50,1,0,4833
12,12,56,1,0,12270
12,12,57,1,0,13253
12,12,59,1,0,14052
12,12,60,1,0,14856
12,12,63,1,0,15870
12,12,67,1,0,17944
12,12,70,1,0,24919
12,12,72,1,0,25098
12,12,76,1,0,26753
12,12,79,1,0,27313
12,12,83,1,0,27638
12,12,84,1,0,27607
12,13,51,2,1,1121
12,13,55,1,0,6974
12,13,57,1,0,8061
12,13,63,1,0,15875
12,13,64,1,0,15880
12,13,65,1,0,16903
12,13,70,1,0,18794
12,13,80,1,0,26773
12,13,81,1,0,27147
12,13,82,1,0,27381
12,13,83,1,0,27436
12,13,84,1,0,27440
12,14,48,1,0,861
12,14,49,1,0,788
12,14,51,1,0,794
12,14,56,1,0,6121
12,14,59,1,0,8065
12,14,60,1,0,9161
12,14,69,1,0,17953
12,14,70,1,0,17958
12,14,71,1,0,18799
12,14,72,1,0,19654
12,14,74,1,0,22007
12,14,78,1,0,22231
12,14,83,1,0,27156
12,15,51,1,0,582
12,15,52,1,0,797
12,15,53,1,0,803
12,15,55,1,0,1317
12,15,58,1,0,6988
12,15,59,1,0,8289
12,15,60,1,0,8075
12,15,61,1,0,9166
12,15,63,1,0,10449
12,15,64,2,1,11283
12,15,67,1,0,13301
12,15,78,1,0,22025
12,15,79,1,0,23074
12,15,81,1,0,24947
12,15,82,1,0,24952
12,15,83,1,0,24957
12,16,54,1,0,808
12,16,56,1,0,1236
12,16,57,1,0,1241
12,16,61,1,0,8080
12,16,62,1,0,8302
12,16,63,1,0,10246
12,16,65,1,0,11706
12,16,69,1,0,13312
12,16,70,1,0,13317
12,16,71,1,0,18808
12,16,75,1,0,19884
12,16,78,1,0,21180
12,16,79,1,0,22031
12,16,81,1,0,23079
12,16,82,1,0,24089
12,17,57,1,0,823
12,17,58,2,1,827
12,17,62,1,0,4093
12,17,65,1,0,9190
12,17,67,1,0,11711
12,17,68,1,0,12334
12,17,69,1,0,12339
12,17,71,1,0,14115
12,17,75,1,0,17988
12,17,76,1,0,17993
12,17,77,1,0,18834
12,17,85,1,0,24094
12,17,87,1,0,25487
12,18,53,1,0,305
12,18,54,2,1,259
12,18,55,1,0,266
12,18,58,1,0,616
12,18,60,1,0,838
12,18,63,1,0,1733
12,18,64,1,0,3377
12,18,65,1,0,3208
12,18,70,2,1,12344
12,18,85,1,0,23099
12,18,88,1,0,24976
12,19,56,1,0,270
12,19,60,1,0,560
12,19,61,1,0,768
12,19,64,1,0,1738
12,19,66,2,1,2541
12,19,76,1,0,15737
12,19,78,1,0,15944
12,19,81,1,0,19904
12,19,90,1,0,25819
12,19,91,1,0,25669
12,20,56,1,0,113
12,20,57,1,0,63
12,20,64,1,0,847
12,20,66,1,0,2385
12,20,67,1,0,3218
12,20,72,1,0,11322
12,20,77,1,0,14130
12,20,86,1,0,20996
12,20,87,1,0,21002
12,20,89,1,0,22065
12,20,91,1,0,24991
12,20,93,1,0,25826
12,21,58,1,0,44
12,21,60,1,0,131
12,21,61,2,1,103
12,21,62,1,0,508
12,21,65,2,1,852
12,21,70,1,0,4127
12,21,75,1,0,12359
12,21,77,1,0,13341
12,21,78,1,0,14940
12,21,82,1,0,16977
12,21,83,1,0,18013
12,21,86,1,0,19928
12,21,89,1,0,22071
12,21,90,1,0,23123
12,21,91,1,0,23337
12,21,93,1,0,24133
12,21,94,1,0,25831
12,22,59,1,0,16
12,22,60,1,0,7
12,22,62,1,0,108
12,22,68,1,0,2390
12,22,78,1,0,11351
12,22,79,2,1,13355
12,22,81,1,0,14437
12,22,82,1,0,15958
12,22,83,1,0,16981
12,22,84,1,0,18022
12,22,86,1,0,18867
12,22,88,1,0,19938
12,22,90,2,1,21016
12,23,61,1,0,2
12,23,62,1,0,6
12,23,65,1,0,1275
12,23,67,1,0,27869
12,23,71,1,0,4132
12,23,72,1,0,5134
12,23,74,1,0,7058
12,23,76,1,0,9234
12,23,79,1,0,11356
12,23,82,2,1,13370
12,23,85,1,0,18027
12,23,87,1,0,18872
12,23,89,1,0,19944
12,23,90,1,0,21021
12,23,91,1,0,22085
12,23,93,1,0,23138
12,23,97,1,0,25846
12,24,62,1,0,112
12,24,63,1,0,258
12,24,70,1,0,3230
12,24,73,1,0,5140
12,24,74,1,0,5992
12,24,76,1,0,7283
12,24,77,1,0,9244
12,24,84,1,0,15973
12,24,85,1,0,16996
12,24,87,1,0,18037
12,24,88,2,1,18877
12,24,90,1,0,19953
12,24,91,1,0,21026
12,24,93,1,0,22095
12,24,94,1,0,23143
12,24,95,2,1,23148
12,24,98,1,0,25856
12,25,71,1,0,3235
12,25,73,2,1,4141
12,25,74,1,0,4941
12,25,76,1,0,7072
12,25,79,1,0,10319
12,25,86,2,1,15983
12,25,87,1,0,17011
12,25,88,1,0,18047
12,25,91,1,0,19958
12,25,95,1,0,23153
12,25,98,1,0,25031
12,25,99,1,0,25860
12,26,71,1,0,2721
12,26,76,1,0,6219
12,26,78,1,0,8164
12,26,80,1,0,10538
12,26,81,1,0,11371
12,26,82,1,0,12403
12,26,83,1,0,13200
12,26,86,1,0,14984
12,26,87,1,0,15791
12,26,88,1,0,17020
12,26,89,1,0,18052
12,26,91,1,0,19963
12,26,96,1,0,23158
12,26,98,2,1,24166
12,27,71,1,0,2557
12,27,72,1,0,3244
12,27,77,1,0,6224
12,27,78,1,0,7082
12,27,86,1,0,14989
12,27,87,1,0,14993
12,27,91,1,0,18067
12,27,92,1,0,19968
12,27,93,1,0,21046
12,27,95,1,0,22115
12,27,96,1,0,23163
12,27,97,1,0,23166
12,28,72,1,0,2396
12,28,74,1,0,3254
12,28,81,1,0,9264
12,28,87,1,0,14998
12,28,91,1,0,18072
12,28,92,1,0,18912
12,28,94,1,0,19983
12,29,73,1,0,2401
12,29,74,1,0,3259
12,29,76,1,0,4166
12,29,77,1,0,5169
12,29,78,1,0,6234
12,29,81,1,0,9487
12,29,89,1,0,16013
12,29,92,1,0,18077
12,29,93,1,0,18917
12,29,94,1,0,19987
12,29,95,1,0,21060
12,30,73,1,0,2406
12,30,75,1,0,3089
12,30,77,1,0,5174
12,30,79,2,1,6239
12,30,81,1,0,8401
12,30,85,1,0,12428
12,30,87,2,1,13388
12,30,89,1,0,15008
12,30,93,2,1,18290
12,31,74,1,0,2411
12,31,75,1,0,3269
12,31,77,1,0,4176
12,31,79,1,0,6244
12,31,80,1,0,7107
12,31,81,1,0,8189
12,31,83,1,0,9502
12,31,86,1,0,12433
12,31,87,1,0,13393
12,31,89,1,0,15013
12,31,91,1,0,16225
12,31,92,1,0,17045
12,32,74,1,0,2416
12,32,77,1,0,4181
12,32,80,1,0,6248
12,32,82,1,0,8413
12,32,86,1,0,11406
12,32,87,1,0,12438
12,32,88,1,0,27981
12,32,90,1,0,28051
12,33,75,2,1,2421
12,33,77,1,0,3279
12,33,79,1,0,4985
12,33,82,2,1,7117
12,33,83,1,0,8203
12,33,84,1,0,9294
12,33,85,1,0,10364
12,33,86,1,0,11410
12,33,87,1,0,27967
12,34,75,1,0,1962
12,34,78,1,0,4190
12,34,80,1,0,4990
12,34,81,1,0,6259
12,34,82,1,0,7122
12,34,85,1,0,9298
12,35,77,1,0,2436
12,35,79,1,0,4010
12,35,83,1,0,7126
12,35,84,1,0,8209
12,36,76,1,0,1845
12,36,77,1,0,2441
12,36,78,1,0,3119
12,36,79,1,0,3298
12,36,80,2,1,4200
12,36,81,1,0,5208
12,36,82,1,0,6269
12,37,77,1,0,1741
12,37,78,1,0,2446
12,37,79,1,0,3303
12,38,77,1,0,27857
13,5,46,1,0,27918
13,5,47,1,0,8211
13,5,48,1,0,9083
13,5,59,1,0,28125
13,5,60,1,0,20418
13,6,44,1,0,5210
13,6,45,1,0,6057
13,6,46,1,0,7130
13,6,47,1,0,7997
13,6,48,1,0,9087
13,6,49,1,0,9948
13,6,57,1,0,18291
13,6,58,1,0,18922
13,6,59,1,0,19776
13,6,60,1,0,20849
13,6,61,1,0,21908
13,6,62,1,0,22958
13,7,42,1,0,3482
13,7,43,1,0,4019
13,7,44,1,0,4798
13,7,45,1,0,5849
13,7,46,1,0,7136
13,7,47,1,0,8002
13,7,48,1,0,9092
13,7,49,1,0,10161
13,7,50,1,0,11204
13,7,51,1,0,12238
13,7,56,1,0,16840
13,7,57,1,0,17874
13,7,58,1,0,18716
13,7,59,1,0,19565
13,7,60,1,0,20854
13,7,61,1,0,21913
13,7,63,1,0,23977
13,8,41,1,0,2451
13,8,42,1,0,3131
13,8,43,1,0,4023
13,8,44,1,0,5007
13,8,45,2,1,5853
13,8,46,2,1,6925
13,8,47,1,0,8012
13,8,48,1,0,9097
13,8,49,1,0,10167
13,8,50,1,0,11209
13,8,51,1,0,12241
13,8,52,1,0,13218
13,8,53,1,0,14012
13,8,54,1,0,15017
13,8,55,1,0,15826
13,8,56,1,0,16843
13,8,57,1,0,17880
13,8,58,1,0,18932
13,8,59,1,0,19571
13,8,61,1,0,21918
13,8,62,1,0,22966
13,8,64,1,0,21937
13,8,66,1,0,24006
13,8,81,2,1,27795
13,9,41,1,0,1745
13,9,42,2,1,2293
13,9,44,1,0,4028
13,9,46,1,0,7150
13,9,47,1,0,8016
13,9,49,2,1,9111
13,9,51,1,0,11228
13,9,60,2,1,17904
13,9,65,1,0,22995
13,9,67,1,0,24016
13,9,68,1,0,24899
13,9,71,1,0,27093
13,9,73,1,0,26733
13,9,76,1,0,27608
13,9,78,1,0,27674
13,9,79,1,0,27723
13,10,42,1,0,1645
13,10,44,1,0,3141
13,10,48,1,0,4042
13,10,51,1,0,9340
13,10,52,1,0,11233
13,10,53,1,0,12260
13,10,54,1,0,28017
13,10,56,2,1,13237
13,10,63,1,0,20888
13,10,66,1,0,23000
13,10,67,1,0,24021
13,10,68,1,0,25073
13,10,69,1,0,25078
13,10,70,1,0,25754
13,10,73,1,0,26316
13,10,74,1,0,27108
13,11,47,1,0,3155
13,11,48,1,0,4048
13,11,49,1,0,5032
13,11,51,1,0,6096
13,11,54,1,0,10193
13,11,56,1,0,13243
13,11,58,1,0,14047
13,11,62,1,0,15865
13,11,63,1,0,15870
13,11,67,1,0,23010
13,11,68,1,0,24026
13,11,69,2,1,24031
13,11,71,1,0,25760
13,11,73,1,0,26321
13,11,77,1,0,27127
13,11,79,1,0,27313
13,11,80,1,0,27468
13,11,82,1,0,27633
13,11,83,1,0,27638
13,11,84,1,0,27607
13,12,45,1,0,1279
13,12,46,1,0,1191
13,12,50,1,0,4833
13,12,59,1,0,14052
13,12,61,1,0,14861
13,12,63,1,0,15875
13,12,67,1,0,17944
13,12,76,1,0,26753
13,12,78,1,0,27132
13,12,80,1,0,27075
13,12,81,1,0,27381
13,12,83,1,0,27436
13,13,52,1,0,1121
13,13,54,1,0,6111
13,13,55,1,0,6974
13,13,57,1,0,8061
13,13,64,1,0,15880
13,13,68,1,0,17949
13,13,69,1,0,17953
13,13,70,1,0,18794
13,13,78,1,0,22231
13,13,80,1,0,26773
13,14,49,1,0,861
13,14,50,1,0,788
13,14,51,1,0,794
13,14,52,1,0,797
13,14,59,1,0,8065
13,14,60,1,0,8289
13,14,63,1,0,10449
13,14,64,1,0,11283
13,14,67,1,0,16913
13,14,70,1,0,17958
13,14,71,1,0,18799
13,14,72,2,1,19654
13,14,79,1,0,23074
13,14,83,1,0,24957
13,15,51,1,0,582
13,15,53,1,0,803
13,15,60,1,0,8075
13,15,61,1,0,8080
13,15,63,1,0,10246
13,15,64,1,0,11287
13,15,66,2,1,11706
13,15,67,1,0,13301
13,15,75,1,0,19884
13,15,78,1,0,21180
13,15,79,1,0,22031
13,15,81,1,0,23079
13,16,57,1,0,823
13,16,59,1,0,1245
13,16,63,1,0,4093
13,16,65,1,0,9190
13,16,67,1,0,11711
13,16,68,1,0,12334
13,16,69,1,0,12339
13,16,70,1,0,13317
13,16,72,1,0,14115
13,16,76,1,0,17988
13,16,77,2,1,17993
13,16,88,1,0,25487
13,16,89,1,0,24976
13,17,54,1,0,305
13,17,58,1,0,827
13,17,71,1,0,13322
13,17,74,1,0,13326
13,17,75,1,0,15732
13,17,83,1,0,22036
13,17,86,1,0,23099
13,17,89,1,0,23108
13,17,91,1,0,25819
13,18,54,1,0,259
13,18,55,1,0,473
13,18,56,1,0,266
13,18,57,1,0,270
13,18,58,1,0,616
13,18,60,2,1,560
13,18,62,1,0,1261
13,18,64,1,0,1733
13,18,65,1,0,1738
13,18,67,1,0,3213
13,18,76,1,0,15737
13,18,82,1,0,19904
13,18,88,1,0,21002
13,18,89,1,0,22065
13,18,91,1,0,24991
13,18,94,1,0,25826
13,19,57,1,0,113
13,19,60,1,0,238
13,19,61,1,0,768
13,19,66,1,0,2541
13,19,73,1,0,11322
13,19,78,1,0,14130
13,19,84,1,0,18013
13,19,87,1,0,19928
13,19,90,1,0,22071
13,19,91,1,0,23123
13,19,92,2,1,23337
13,19,94,2,1,24133
13,19,95,1,0,25831
13,20,58,1,0,63
13,20,59,1,0,44
13,20,61,2,1,103
13,20,62,1,0,248
13,20,63,1,0,508
13,20,65,1,0,847
13,20,67,1,0,2385
13,20,71,1,0,4127
13,20,78,1,0,13341
13,20,79,1,0,14940
13,20,80,1,0,14945
13,20,83,1,0,16977
13,20,84,1,0,18017
13,20,85,1,0,18022
13,20,87,1,0,18867
13,20,89,1,0,19938
13,20,90,1,0,21011
13,20,91,1,0,22075
13,20,92,1,0,22080
13,20,96,1,0,25011
13,21,60,1,0,16
13,21,61,1,0,7
13,21,62,1,0,108
13,21,68,1,0,1841
13,21,69,1,0,2390
13,21,70,1,0,2394
13,21,77,1,0,9234
13,21,83,2,1,14959
13,21,84,1,0,16986
13,21,85,1,0,16991
13,21,86,1,0,18027
13,21,88,1,0,18872
13,21,90,2,1,19944
13,21,91,1,0,21021
13,21,92,1,0,22085
13,21,95,1,0,23143
13,21,96,1,0,24148
13,21,97,1,0,25016
13,22,61,1,0,2
13,22,63,1,0,6
13,22,66,1,0,1275
13,22,68,1,0,27869
13,22,72,1,0,4132
13,22,73,1,0,5134
13,22,74,1,0,5140
13,22,75,1,0,7058
13,22,83,1,0,13370
13,22,85,1,0,15973
13,22,86,1,0,16996
13,22,88,1,0,18037
13,22,89,2,1,18877
13,22,91,1,0,19953
13,22,92,1,0,21026
13,22,93,1,0,22090
13,22,96,1,0,23148
13,22,99,1,0,25856
13,23,71,1,0,3230
13,23,75,1,0,5992
13,23,77,1,0,7283
13,23,78,1,0,9244
13,23,80,1,0,10319
13,23,87,1,0,15983
13,23,88,3,1,15988
13,23,89,1,0,18042
13,23,97,1,0,23153
13,23,98,1,0,24158
13,23,99,1,0,25031
13,23,100,1,0,25860
13,24,63,1,0,112
13,24,72,1,0,3235
13,24,74,1,0,4146
13,24,75,1,0,4941
13,24,79,1,0,9249
13,24,82,1,0,11371
13,24,83,1,0,12403
13,24,85,1,0,13200
13,24,87,1,0,14984
13,24,88,1,0,15791
13,24,90,2,1,17020
13,24,95,1,0,21046
13,24,96,1,0,22110
13,24,97,1,0,23163
13,24,98,1,0,23166
13,24,99,1,0,24166
13,25,72,1,0,3239
13,25,74,1,0,3244
13,25,76,1,0,5154
13,25,77,1,0,6219
13,25,78,1,0,7077
13,25,79,2,1,7082
13,25,80,1,0,8169
13,25,81,2,1,9259
13,25,88,1,0,14993
13,25,90,1,0,17026
13,25,92,2,1,18067
13,25,93,1,0,19973
13,25,97,2,1,22115
13,26,72,1,0,2557
13,26,74,1,0,3250
13,26,78,1,0,6224
13,26,82,1,0,9264
13,26,89,1,0,14998
13,26,90,1,0,15806
13,26,92,1,0,18072
13,26,93,1,0,18912
13,26,95,1,0,19983
13,26,96,1,0,21060
13,27,73,1,0,2396
13,27,84,1,0,10344
13,27,86,1,0,12423
13,27,90,1,0,15008
13,27,91,1,0,16013
13,27,94,2,1,18077
13,27,96,1,0,19987
13,28,76,1,0,3259
13,28,77,1,0,4166
13,28,79,1,0,5174
13,28,80,1,0,6234
13,28,81,1,0,7097
13,28,82,1,0,8401
13,28,87,1,0,12428
13,28,89,1,0,13388
13,28,94,1,0,18290
13,28,95,1,0,18921
13,29,75,1,0,2406
13,29,76,1,0,3089
13,29,79,1,0,5179
13,29,83,2,1,8189
13,29,85,1,0,10354
13,29,88,1,0,12433
13,29,89,1,0,13393
13,29,91,1,0,15013
13,29,93,2,1,16225
13,30,75,1,0,2411
13,30,81,1,0,6248
13,30,82,1,0,7107
13,30,87,1,0,11406
13,30,88,1,0,12438
13,30,89,1,0,27981
13,30,91,1,0,28051
13,31,76,1,0,2416
13,31,80,1,0,5189
13,31,83,1,0,7113
13,31,84,1,0,8199
13,31,86,1,0,9294
13,31,87,1,0,10364
13,31,88,1,0,11410
13,31,89,1,0,27967
13,32,77,1,0,2426
13,32,79,1,0,3284
13,32,81,1,0,4985
13,32,83,1,0,7117
13,32,85,1,0,8203
13,32,87,1,0,9298
13,33,76,1,0,1962
13,33,79,1,0,3289
13,33,81,1,0,4990
13,33,85,1,0,7126
13,33,86,1,0,8209
13,34,78,1,0,1845
13,34,79,1,0,2436
13,34,80,1,0,3119
13,34,81,1,0,4010
13,34,82,1,0,4200
13,34,83,1,0,5208
13,34,84,1,0,6269
13,35,79,1,0,2441
13,35,81,1,0,3298
13,35,82,1,0,4205
13,36,79,1,0,1741
13,36,80,2,1,2288
13,36,81,1,0,3303
13,37,79,1,0,27857
14,5,46,1,0,27918
14,5,47,1,0,8211
14,5,48,1,0,9083
14,5,59,1,0,28125
14,5,60,1,0,20418
14,6,44,1,0,5210
14,6,45,1,0,6057
14,6,46,1,0,7130
14,6,47,1,0,7997
14,6,48,1,0,9087
14,6,49,1,0,9948
14,6,57,1,0,18291
14,6,58,1,0,18922
14,6,59,1,0,19776
14,6,60,1,0,20849
14,6,61,1,0,21908
14,6,62,1,0,22958
14,7,42,1,0,3482
14,7,43,1,0,4019
14,7,44,1,0,4798
14,7,45,1,0,5849
14,7,46,1,0,7136
14,7,47,1,0,8002
14,7,48,1,0,9092
14,7,49,1,0,10161
14,7,50,1,0,11204
14,7,51,1,0,12238
14,7,56,1,0,16840
14,7,57,1,0,17874
14,7,58,1,0,18716
14,7,59,1,0,19565
14,7,60,1,0,20854
14,7,61,1,0,21913
14,8,41,1,0,2451
14,8,42,1,0,3131
14,8,43,1,0,4023
14,8,44,1,0,5007
14,8,45,2,1,5853
14,8,46,2,1,6925
14,8,47,1,0,8012
14,8,48,1,0,9097
14,8,49,1,0,10167
14,8,50,1,0,11209
14,8,51,1,0,12241
14,8,52,1,0,13218
14,8,53,1,0,14012
14,8,55,1,0,15826
14,8,56,1,0,16843
14,8,58,1,0,17899
14,8,64,1,0,21937
14,8,71,1,0,27093
14,8,76,1,0,27608
14,8,78,1,0,27674
14,8,80,1,0,27795
14,9,41,1,0,1745
14,9,42,2,1,2293
14,9,44,1,0,4028
14,9,46,1,0,7150
14,9,49,1,0,9111
14,9,52,1,0,12255
14,9,53,1,0,12260
14,9,60,2,1,17904
14,9,65,1,0,22995
14,9,66,1,0,23000
14,9,67,1,0,24016
14,9,73,1,0,26733
14,9,79,1,0,27723
14,9,81,1,0,27732
14,10,42,1,0,1645
14,10,44,1,0,3141
14,10,51,1,0,6949
14,10,52,1,0,11233
14,10,54,1,0,28017
14,10,56,3,1,13237
14,10,61,1,0,18749
14,10,63,1,0,20888
14,10,67,1,0,24021
14,10,68,1,0,25073
14,10,69,2,1,25078
14,10,70,1,0,25754
14,10,73,1,0,26316
14,10,74,1,0,27108
14,10,78,1,0,27411
14,10,80,1,0,27468
14,10,81,1,0,27628
14,10,82,1,0,27633
14,11,45,1,0,1279
14,11,47,1,0,3155
14,11,48,1,0,4048
14,11,49,1,0,5032
14,11,50,1,0,4833
14,11,51,1,0,6096
14,11,54,1,0,10193
14,11,62,1,0,15865
14,11,63,1,0,15870
14,11,68,1,0,24026
14,11,69,1,0,24914
14,11,71,1,0,25760
14,11,73,1,0,26321
14,11,75,1,0,26748
14,11,77,1,0,27127
14,11,78,1,0,27313
14,11,83,2,1,27436
14,11,84,1,0,27607
14,12,46,1,0,1191
14,12,54,1,0,7185
14,12,57,1,0,13253
14,12,63,1,0,15875
14,12,64,1,0,15880
14,12,66,1,0,16903
14,12,67,1,0,17944
14,12,80,1,0,27075
14,12,81,1,0,27381
14,13,49,1,0,861
14,13,51,1,0,794
14,13,54,1,0,6111
14,13,55,2,1,6116
14,13,57,1,0,8061
14,13,59,1,0,8065
14,13,68,1,0,17949
14,13,69,1,0,17953
14,13,70,1,0,17958
14,13,71,1,0,18799
14,13,72,1,0,19654
14,13,78,2,1,22025
14,13,83,1,0,24957
14,14,50,1,0,788
14,14,52,1,0,797
14,14,54,1,0,803
14,14,59,1,0,6988
14,14,60,1,0,8289
14,14,61,1,0,9161
14,14,63,1,0,10449
14,14,64,1,0,11283
14,14,65,1,0,11287
14,14,74,1,0,21165
14,14,75,1,0,19884
14,14,78,1,0,21180
14,14,82,1,0,23079
14,14,88,1,0,25487
14,15,51,1,0,582
14,15,52,1,0,520
14,15,55,1,0,808
14,15,56,1,0,812
14,15,59,1,0,1245
14,15,60,1,0,8075
14,15,62,1,0,8302
14,15,64,1,0,10246
14,15,66,1,0,11706
14,15,67,2,1,10260
14,15,70,1,0,13312
14,15,78,1,0,18834
14,15,79,1,0,22031
14,15,85,1,0,24094
14,15,89,1,0,24976
14,15,91,1,0,25819
14,16,58,1,0,823
14,16,59,1,0,827
14,16,66,1,0,9190
14,16,67,1,0,11711
14,16,68,1,0,12334
14,16,69,1,0,12339
14,16,72,1,0,14115
14,16,76,1,0,17988
14,16,77,1,0,17993
14,16,83,1,0,22036
14,16,85,1,0,23094
14,16,86,1,0,23099
14,16,89,1,0,23108
14,16,92,2,1,24991
14,17,54,2,1,259
14,17,56,1,0,479
14,17,57,1,0,266
14,17,58,1,0,270
14,17,59,1,0,616
14,17,61,1,0,838
14,17,64,1,0,1733
14,17,66,1,0,3208
14,17,71,1,0,13322
14,17,74,1,0,13326
14,17,76,1,0,15737
14,17,79,1,0,15944
14,17,82,1,0,19904
14,17,87,1,0,20996
14,17,89,1,0,21002
14,17,90,1,0,22065
14,17,92,1,0,24123
14,17,93,1,0,24128
14,17,94,1,0,25826
14,17,95,1,0,25831
14,18,57,1,0,113
14,18,58,1,0,229
14,18,59,1,0,234
14,18,61,1,0,560
14,18,65,1,0,1738
14,18,67,2,1,2541
14,18,73,2,1,11322
14,18,78,1,0,14130
14,18,84,1,0,18013
14,18,87,1,0,19928
14,18,91,2,1,22071
14,18,93,1,0,23337
14,18,95,1,0,25006
14,19,60,1,0,44
14,19,62,1,0,248
14,19,63,1,0,508
14,19,65,1,0,847
14,19,67,1,0,2385
14,19,70,1,0,4122
14,19,75,1,0,11119
14,19,76,1,0,12359
14,19,78,1,0,13341
14,19,79,1,0,14135
14,19,80,1,0,14940
14,19,84,1,0,16977
14,19,86,1,0,18022
14,19,87,1,0,18867
14,19,90,1,0,19938
14,19,91,1,0,21016
14,19,95,1,0,23138
14,19,97,1,0,25016
14,19,98,1,0,25846
14,19,100,1,0,25856
14,20,61,2,1,16
14,20,62,1,0,103
14,20,63,1,0,108
14,20,70,1,0,2390
14,20,72,1,0,4127
14,20,81,1,0,12388
14,20,83,1,0,15958
14,20,85,1,0,15968
14,20,86,1,0,18027
14,20,89,2,1,18872
14,20,90,1,0,19944
14,20,92,1,0,21021
14,20,93,1,0,22085
14,20,95,1,0,23143
14,20,96,1,0,23148
14,20,97,1,0,24148
14,20,100,1,0,25031
14,20,101,1,0,25860
14,21,62,2,1,2
14,21,64,1,0,6
14,21,67,1,0,1275
14,21,69,1,0,27869
14,21,74,1,0,5134
14,21,75,1,0,5140
14,21,76,1,0,7058
14,21,85,1,0,15973
14,21,86,1,0,16996
14,21,89,1,0,18037
14,21,92,1,0,19953
14,21,94,1,0,21036
14,21,95,1,0,22100
14,21,98,2,1,23153
14,21,100,1,0,25035
14,22,65,1,0,860
14,22,72,1,0,3230
14,22,76,1,0,5992
14,22,77,1,0,7283
14,22,79,1,0,9244
14,22,80,1,0,10319
14,22,81,1,0,11361
14,22,84,1,0,12403
14,22,85,1,0,13200
14,22,87,1,0,14984
14,22,88,1,0,15988
14,22,89,2,1,15791
14,22,90,1,0,17020
14,22,91,1,0,18052
14,22,97,1,0,22110
14,22,98,2,1,23158
14,22,99,1,0,23166
14,23,64,2,1,112
14,23,73,1,0,3235
14,23,74,1,0,4141
14,23,75,1,0,4146
14,23,76,1,0,4941
14,23,78,1,0,7072
14,23,79,1,0,7077
14,23,80,2,1,8164
14,23,82,1,0,10538
14,23,83,1,0,11371
14,23,88,1,0,14989
14,23,93,1,0,19114
14,23,94,1,0,18912
14,23,96,1,0,21046
14,23,97,1,0,21051
14,23,98,1,0,22115
14,24,73,1,0,3239
14,24,77,1,0,5159
14,24,78,1,0,6219
14,24,79,1,0,6224
14,24,80,1,0,7082
14,24,81,1,0,8169
14,24,89,1,0,14993
14,24,90,1,0,14998
14,24,92,1,0,17036
14,24,95,1,0,18917
14,24,96,1,0,19983
14,24,98,1,0,21060
14,25,73,1,0,2557
14,25,75,1,0,3244
14,25,77,1,0,4156
14,25,83,2,1,9264
14,25,85,1,0,11385
14,25,91,1,0,15008
14,25,92,1,0,16013
14,25,95,1,0,18077
14,25,97,1,0,19987
14,26,74,1,0,2396
14,26,76,1,0,3254
14,26,81,1,0,6234
14,26,83,1,0,8179
14,26,84,1,0,9274
14,26,85,1,0,10344
14,26,90,1,0,13388
14,27,75,1,0,2401
14,27,77,1,0,3259
14,27,78,1,0,4166
14,27,80,1,0,5174
14,27,81,1,0,6239
14,27,83,1,0,8401
14,27,86,2,1,10349
14,27,89,1,0,12433
14,27,90,1,0,13393
14,27,92,1,0,15013
14,27,94,1,0,16225
14,27,95,1,0,17045
14,28,76,1,0,2406
14,28,77,1,0,3089
14,28,78,1,0,3269
14,28,79,1,0,4171
14,28,80,1,0,5179
14,28,82,1,0,6244
14,28,83,1,0,7107
14,28,84,1,0,8189
14,28,85,1,0,8413
14,28,86,1,0,9502
14,28,87,1,0,10359
14,28,91,1,0,27981
14,28,93,1,0,28051
14,29,77,1,0,2411
14,29,85,1,0,8199
14,29,87,1,0,9294
14,29,88,1,0,10364
14,29,89,1,0,11410
14,29,90,1,0,27967
14,30,77,1,0,2416
14,30,78,1,0,2421
14,30,81,1,0,4186
14,30,82,2,1,4985
14,30,84,1,0,6259
14,30,85,1,0,7117
14,30,86,1,0,8203
14,30,88,1,0,9298
14,31,79,1,0,2426
14,31,80,1,0,3284
14,31,82,1,0,4190
14,31,83,1,0,4990
14,31,85,1,0,6051
14,31,87,1,0,8209
14,32,78,1,0,1962
14,32,80,1,0,2431
14,32,86,2,1,6269
14,33,79,2,1,1845
14,33,81,1,0,2441
14,33,82,2,1,3119
14,33,83,1,0,4200
14,33,85,1,0,5208
14,34,82,1,0,2446
14,34,83,1,0,3303
14,35,80,1,0,1741
14,35,81,1,0,27857
15,5,46,1,0,27918
15,5,47,1,0,8211
15,5,48,1,0,9083
15,5,59,1,0,28125
15,5,60,1,0,20418
15,6,44,1,0,5210
15,6,45,1,0,6057
15,6,46,1,0,7130
15,6,47,1,0,7997
15,6,48,1,0,9087
15,6,49,1,0,9948
15,6,57,1,0,18291
15,6,58,1,0,18922
15,6,59,1,0,19776
15,6,60,1,0,20849
15,6,61,1,0,21908
15,6,62,1,0,22958
15,7,42,1,0,3482
15,7,43,1,0,4019
15,7,44,1,0,4798
15,7,45,1,0,5849
15,7,46,1,0,7136
15,7,47,1,0,8002
15,7,48,1,0,9092
15,7,49,1,0,10161
15,7,50,1,0,11204
15,7,51,1,0,12238
15,7,56,1,0,16840
15,7,57,1,0,17874
15,7,58,1,0,18716
15,7,59,1,0,19565
15,7,61,1,0,21913
15,7,62,1,0,22961
15,7,63,1,0,21937
15,7,76,1,0,27608
15,7,77,1,0,27674
15,7,80,1,0,27795
15,7,81,1,0,27809
15,8,41,1,0,2451
15,8,42,1,0,3131
15,8,43,1,0,4023
15,8,44,1,0,5007
15,8,45,2,1,5853
15,8,46,2,1,6925
15,8,47,1,0,8012
15,8,48,1,0,9097
15,8,49,2,1,10167
15,8,50,1,0,11209
15,8,51,1,0,12241
15,8,52,1,0,13218
15,8,53,1,0,14012
15,8,55,1,0,15826
15,8,56,1,0,16843
15,8,58,1,0,17899
15,8,60,1,0,19810
15,8,63,1,0,20883
15,8,71,1,0,27093
15,8,79,1,0,27723
15,8,82,1,0,27814
15,9,41,1,0,1745
15,9,42,2,1,2293
15,9,44,1,0,4028
15,9,46,1,0,7150
15,9,47,1,0,8016
15,9,49,2,1,9111
15,9,51,1,0,11228
15,9,52,1,0,12255
15,9,55,1,0,14032
15,9,60,1,0,18744
15,9,63,1,0,20888
15,9,65,1,0,22995
15,9,68,1,0,25073
15,9,69,1,0,25750
15,9,72,1,0,26733
15,9,73,1,0,27108
15,9,77,1,0,27411
15,9,79,1,0,27623
15,10,42,1,0,1645
15,10,44,1,0,3141
15,10,52,1,0,11233
15,10,53,1,0,28017
15,10,56,2,1,13237
15,10,61,1,0,18749
15,10,67,1,0,24021
15,10,69,2,1,24914
15,10,71,1,0,25760
15,10,72,1,0,26316
15,10,73,1,0,26321
15,10,77,1,0,27127
15,10,78,1,0,27313
15,10,79,1,0,27468
15,10,82,2,1,27633
15,10,83,1,0,27607
15,11,46,1,0,1279
15,11,49,1,0,5032
15,11,50,1,0,4833
15,11,51,1,0,6096
15,11,54,1,0,10193
15,11,57,1,0,13253
15,11,60,1,0,14856
15,11,62,1,0,15865
15,11,63,1,0,15870
15,11,72,1,0,25098
15,11,76,1,0,26753
15,11,79,1,0,27137
15,11,81,1,0,27381
15,11,82,1,0,27436
15,12,46,1,0,1191
15,12,55,1,0,7185
15,12,61,1,0,14861
15,12,63,1,0,15875
15,12,64,1,0,15880
15,12,65,1,0,16903
15,12,67,1,0,17944
15,12,68,2,1,17949
15,12,70,1,0,18794
15,12,78,1,0,22231
15,12,83,1,0,24957
15,13,49,1,0,861
15,13,50,1,0,788
15,13,52,1,0,794
15,13,54,1,0,6111
15,13,55,1,0,6974
15,13,57,1,0,8061
15,13,59,1,0,8065
15,13,69,1,0,17953
15,13,70,1,0,17958
15,13,71,2,1,18799
15,13,78,1,0,22025
15,13,81,1,0,23079
15,13,82,1,0,24084
15,13,88,1,0,25487
15,14,52,1,0,582
15,14,53,1,0,797
15,14,54,1,0,803
15,14,56,1,0,812
15,14,58,1,0,7200
15,14,59,1,0,6988
15,14,60,1,0,8289
15,14,61,1,0,9161
15,14,64,1,0,11283
15,14,65,1,0,11287
15,14,67,1,0,13301
15,14,70,1,0,13312
15,14,75,1,0,19884
15,14,78,1,0,21180
15,14,79,1,0,22031
15,14,89,1,0,24976
15,14,90,1,0,25659
15,15,53,1,0,464
15,15,60,1,0,8075
15,15,62,1,0,8302
15,15,64,1,0,10246
15,15,66,1,0,11706
15,15,71,1,0,13317
15,15,76,1,0,17988
15,15,77,1,0,17993
15,15,78,1,0,18834
15,15,83,1,0,22036
15,15,86,1,0,23099
15,15,89,1,0,23108
15,15,92,1,0,24991
15,15,95,1,0,25831
15,16,55,2,1,259
15,16,57,1,0,266
15,16,58,1,0,270
15,16,59,2,1,616
15,16,67,1,0,11711
15,16,69,1,0,12334
15,16,70,1,0,12339
15,16,72,1,0,14115
15,16,75,1,0,15732
15,16,82,1,0,19904
15,16,87,1,0,20996
15,16,89,2,1,21002
15,16,90,1,0,22065
15,16,92,1,0,23123
15,16,93,1,0,23337
15,16,97,1,0,25011
15,17,58,1,0,113
15,17,64,1,0,1733
15,17,66,1,0,3208
15,17,71,1,0,13322
15,17,74,1,0,13326
15,17,77,1,0,15737
15,17,79,1,0,15944
15,17,85,2,1,18013
15,17,87,1,0,19928
15,17,90,1,0,21011
15,17,91,1,0,22071
15,17,92,1,0,22075
15,17,95,1,0,23138
15,17,99,1,0,25846
15,17,101,1,0,25856
15,18,60,1,0,44
15,18,63,2,1,103
15,18,64,1,0,508
15,18,66,1,0,847
15,18,67,1,0,2541
15,18,68,1,0,2385
15,18,70,1,0,4122
15,18,74,1,0,11322
15,18,79,1,0,14130
15,18,80,1,0,14940
15,18,85,1,0,16981
15,18,86,1,0,18022
15,18,88,1,0,18867
15,18,89,1,0,18872
15,18,90,1,0,19938
15,18,91,1,0,21016
15,18,92,1,0,21021
15,18,93,1,0,22085
15,18,97,1,0,24148
15,18,100,1,0,25031
15,19,61,1,0,16
15,19,62,1,0,7
15,19,64,1,0,108
15,19,70,1,0,2390
15,19,71,1,0,2394
15,19,72,1,0,4127
15,19,77,1,0,12359
15,19,78,1,0,13341
15,19,80,1,0,14001
15,19,82,1,0,12388
15,19,87,1,0,18027
15,19,89,1,0,18037
15,19,90,1,0,18877
15,19,91,1,0,19944
15,19,93,1,0,21026
15,19,94,1,0,22090
15,19,95,1,0,22095
15,19,96,1,0,22100
15,19,97,1,0,23148
15,19,98,1,0,23153
15,19,99,1,0,24158
15,19,100,1,0,24166
15,19,101,1,0,25035
15,20,63,1,0,2
15,20,64,1,0,6
15,20,65,1,0,299
15,20,68,1,0,1275
15,20,69,1,0,27869
15,20,74,2,1,4132
15,20,82,1,0,11361
15,20,86,1,0,15973
15,20,87,1,0,16996
15,20,89,1,0,15988
15,20,90,1,0,18042
15,20,91,1,0,18882
15,20,92,1,0,19953
15,20,93,1,0,19958
15,20,98,1,0,22110
15,20,99,1,0,23163
15,20,100,1,0,23166
15,21,74,1,0,4137
15,21,75,1,0,5140
15,21,76,1,0,5992
15,21,78,1,0,7283
15,21,80,1,0,9244
15,21,81,2,1,9249
15,21,84,2,1,11371
15,21,86,1,0,13200
15,21,88,1,0,14984
15,21,89,1,0,15791
15,21,93,1,0,18067
15,21,96,1,0,21046
15,21,98,1,0,21051
15,21,99,1,0,22115
15,22,64,1,0,112
15,22,65,1,0,258
15,22,72,1,0,3230
15,22,73,1,0,3235
15,22,75,1,0,4141
15,22,76,1,0,4146
15,22,77,2,1,4941
15,22,79,2,1,7072
15,22,83,1,0,10538
15,22,89,2,1,14989
15,22,90,1,0,14998
15,22,93,1,0,17036
15,22,95,1,0,18912
15,22,98,1,0,21060
15,23,80,2,1,6224
15,23,84,1,0,9264
15,23,93,1,0,16013
15,23,96,2,1,18077
15,23,98,1,0,19987
15,24,74,2,1,2557
15,24,75,1,0,3244
15,24,76,1,0,3250
15,24,82,1,0,7087
15,24,84,1,0,9487
15,24,86,1,0,10344
15,24,92,1,0,15008
15,24,96,1,0,18290
15,25,77,1,0,3254
15,25,82,1,0,6234
15,25,84,1,0,8401
15,25,85,1,0,9274
15,25,87,1,0,10349
15,25,91,1,0,13388
15,25,93,1,0,15013
15,25,95,1,0,16225
15,25,96,1,0,17045
15,26,78,1,0,3259
15,26,79,1,0,4166
15,26,80,1,0,4171
15,26,85,1,0,8189
15,26,87,2,1,9502
15,26,90,1,0,11406
15,26,91,2,1,12438
15,26,92,1,0,27981
15,26,94,1,0,28051
15,27,77,1,0,2406
15,27,79,1,0,3269
15,27,81,1,0,4176
15,27,82,1,0,5184
15,27,86,1,0,8413
15,27,89,1,0,10364
15,27,91,1,0,11410
15,27,92,1,0,27967
15,28,78,1,0,2411
15,28,82,1,0,4181
15,28,84,1,0,6039
15,28,85,1,0,7113
15,28,86,1,0,7117
15,28,87,1,0,8203
15,28,88,1,0,9294
15,28,90,1,0,10368
15,29,78,1,0,2416
15,29,79,1,0,2421
15,29,81,1,0,3279
15,29,83,1,0,4190
15,29,85,1,0,6259
15,29,87,1,0,7122
15,29,90,1,0,9298
15,30,80,1,0,2426
15,30,81,1,0,3284
15,30,84,1,0,4990
15,30,86,1,0,6051
15,30,88,1,0,7126
15,30,89,1,0,8209
15,31,81,1,0,2431
15,31,82,1,0,2436
15,31,83,1,0,3119
15,31,85,1,0,4200
15,31,87,1,0,6269
15,32,80,1,0,1967
15,32,83,1,0,2441
15,32,84,1,0,3298
15,32,85,1,0,4205
15,33,83,1,0,2446
15,33,85,1,0,3303
15,34,82,2,1,1741
15,34,83,1,0,2288
16,5,46,1,0,27918
16,5,47,1,0,8211
16,5,48,1,0,9083
16,5,59,1,0,28125
16,5,60,1,0,20418
16,6,44,1,0,5210
16,6,45,1,0,6057
16,6,46,1,0,7130
16,6,47,1,0,7997
16,6,48,1,0,9087
16,6,49,1,0,9948
16,6,57,1,0,18291
16,6,58,1,0,18922
16,6,59,1,0,19776
16,6,60,1,0,20849
16,6,61,1,0,21908
16,7,42,1,0,3482
16,7,43,1,0,4019
16,7,44,1,0,4798
16,7,45,1,0,5849
16,7,46,1,0,7136
16,7,47,1,0,8002
16,7,48,1,0,9092
16,7,49,1,0,10161
16,7,50,1,0,11204
16,7,51,1,0,12238
16,7,56,1,0,16840
16,7,57,1,0,17874
16,7,58,1,0,18716
16,7,59,1,0,19565
16,7,61,1,0,21913
16,7,62,1,0,22961
16,7,63,1,0,21937
16,7,76,1,0,27608
16,7,77,1,0,27674
16,7,79,1,0,27723
16,7,80,1,0,27795
16,7,82,1,0,27814
16,8,41,1,0,2451
16,8,42,1,0,3131
16,8,43,1,0,4023
16,8,44,1,0,5007
16,8,45,2,1,5853
16,8,46,2,1,6925
16,8,47,1,0,8012
16,8,48,1,0,9097
16,8,49,1,0,10167
16,8,50,1,0,11209
16,8,51,1,0,12241
16,8,52,1,0,13218
16,8,53,1,0,14012
16,8,55,1,0,15826
16,8,56,1,0,16843
16,8,57,1,0,17890
16,8,58,1,0,17899
16,8,59,1,0,18951
16,8,60,1,0,19810
16,8,70,1,0,27093
16,8,72,2,1,26733
16,8,77,1,0,27613
16,8,83,1,0,27818
16,9,41,1,0,1745
16,9,42,2,1,2293
16,9,44,1,0,4028
16,9,46,1,0,7150
16,9,49,1,0,9111
16,9,51,1,0,11228
16,9,52,1,0,12255
16,9,53,1,0,12260
16,9,60,2,1,17904
16,9,61,1,0,18749
16,9,63,1,0,20888
16,9,65,1,0,22995
16,9,66,1,0,24016
16,9,68,1,0,25073
16,9,69,1,0,25750
16,9,71,1,0,26646
16,9,72,1,0,26316
16,9,73,1,0,27108
16,9,76,1,0,27406
16,9,77,1,0,27411
16,9,79,1,0,27623
16,9,81,1,0,27633
16,10,42,1,0,1645
16,10,44,1,0,3141
16,10,48,1,0,4042
16,10,52,1,0,11233
16,10,53,1,0,28017
16,10,55,1,0,14836
16,10,56,2,1,13237
16,10,62,1,0,15865
16,10,67,1,0,24021
16,10,68,1,0,24026
16,10,69,3,1,24914
16,10,70,1,0,25760
16,10,73,1,0,26321
16,10,77,1,0,27127
16,10,78,1,0,27313
16,10,82,1,0,27638
16,10,83,1,0,27607
16,11,46,2,1,1191
16,11,49,2,1,4048
16,11,50,1,0,4833
16,11,51,1,0,6096
16,11,54,1,0,10193
16,11,57,1,0,13253
16,11,59,1,0,14052
16,11,60,1,0,14856
16,11,63,1,0,15870
16,11,67,1,0,17944
16,11,72,1,0,25098
16,11,75,1,0,26753
16,11,79,1,0,27137
16,11,81,1,0,27381
16,11,82,1,0,27436
16,12,60,1,0,14055
16,12,63,1,0,15875
16,12,64,1,0,15880
16,12,65,1,0,16903
16,12,67,1,0,17949
16,12,68,1,0,18790
16,12,69,1,0,17953
16,12,70,1,0,18794
16,12,78,2,1,22025
16,12,83,1,0,24957
16,13,49,1,0,861
16,13,50,1,0,788
16,13,55,1,0,6974
16,13,57,1,0,8061
16,13,59,1,0,8065
16,13,61,1,0,9161
16,13,64,1,0,11283
16,13,66,1,0,16909
16,13,70,1,0,17958
16,13,71,2,1,18799
16,13,78,1,0,21180
16,13,81,1,0,23079
16,13,82,1,0,23084
16,13,88,1,0,25487
16,14,52,2,1,520
16,14,54,1,0,803
16,14,56,1,0,812
16,14,58,1,0,7200
16,14,60,2,1,8075
16,14,63,1,0,10449
16,14,65,1,0,11287
16,14,66,1,0,12324
16,14,67,1,0,13301
16,14,70,1,0,13312
16,14,75,1,0,19884
16,14,79,1,0,22031
16,14,86,1,0,23099
16,14,89,1,0,24976
16,14,92,1,0,24991
16,15,59,1,0,827
16,15,66,2,1,9190
16,15,68,1,0,11711
16,15,69,1,0,12334
16,15,70,1,0,12339
16,15,71,1,0,13317
16,15,72,1,0,14115
16,15,76,1,0,17988
16,15,77,1,0,17993
16,15,78,1,0,18834
16,15,84,1,0,22036
16,15,88,1,0,20996
16,15,89,1,0,21002
16,15,91,1,0,22071
16,15,92,1,0,23123
16,15,93,1,0,23337
16,15,95,1,0,24133
16,15,97,1,0,25011
16,15,98,1,0,25016
16,15,101,1,0,25856
16,16,55,2,1,259
16,16,57,1,0,266
16,16,58,1,0,270
16,16,71,1,0,13322
16,16,74,1,0,13326
16,16,75,1,0,15732
16,16,77,1,0,15737
16,16,79,1,0,15944
16,16,85,1,0,18013
16,16,88,1,0,19928
16,16,89,1,0,19933
16,16,91,1,0,21011
16,16,93,1,0,22080
16,16,96,1,0,23138
16,16,98,1,0,24148
16,16,101,1,0,25031
16,16,102,1,0,25860
16,17,58,1,0,113
16,17,61,1,0,44
16,17,66,2,1,1738
16,17,67,1,0,2541
16,17,74,1,0,11322
16,17,79,1,0,14130
16,17,84,1,0,16977
16,17,86,1,0,18022
16,17,88,1,0,18867
16,17,90,1,0,19938
16,17,92,1,0,21016
16,17,93,1,0,21021
16,17,94,1,0,22085
16,17,96,1,0,22095
16,17,97,1,0,23148
16,17,99,1,0,24158
16,18,62,2,1,16
16,18,63,1,0,103
16,18,64,2,1,108
16,18,66,1,0,847
16,18,79,1,0,13341
16,18,81,1,0,14945
16,18,82,1,0,14950
16,18,84,1,0,15958
16,18,86,1,0,15968
16,18,87,1,0,18027
16,18,90,2,1,18037
16,18,91,1,0,19944
16,18,93,1,0,21026
16,18,94,1,0,21031
16,18,96,1,0,22100
16,18,99,1,0,23153
16,19,63,1,0,7
16,19,64,1,0,2
16,19,65,1,0,6
16,19,70,2,1,1841
16,19,72,1,0,4127
16,19,80,1,0,14001
16,19,86,1,0,15973
16,19,87,1,0,16996
16,19,90,2,1,15791
16,19,91,1,0,18047
16,19,92,1,0,18052
16,19,97,1,0,21046
16,19,99,1,0,22110
16,19,100,1,0,23166
16,20,68,1,0,1275
16,20,70,1,0,27869
16,20,74,1,0,4132
16,20,76,1,0,5140
16,20,77,1,0,5992
16,20,78,1,0,7283
16,20,80,1,0,9244
16,20,81,1,0,9249
16,20,82,1,0,10319
16,20,84,1,0,11371
16,20,85,1,0,12403
16,20,87,1,0,13200
16,20,94,1,0,19114
16,20,99,2,1,21056
16,21,65,1,0,112
16,21,66,1,0,258
16,21,73,1,0,3230
16,21,76,1,0,4141
16,21,77,2,1,4146
16,21,80,2,1,6219
16,21,81,1,0,8164
16,21,84,1,0,10538
16,21,89,1,0,14989
16,21,91,1,0,14998
16,21,93,1,0,16013
16,21,94,1,0,17036
16,21,97,1,0,18917
16,21,99,2,1,19987
16,22,74,1,0,3235
16,22,81,2,1,6224
16,22,85,1,0,9264
16,22,93,1,0,15008
16,22,97,1,0,18077
16,23,74,1,0,2721
16,23,75,1,0,2557
16,23,76,1,0,3244
16,23,77,1,0,3250
16,23,78,1,0,4156
16,23,85,1,0,9487
16,23,92,1,0,13388
16,23,94,1,0,15013
16,23,96,1,0,17045
16,24,78,1,0,3254
16,24,82,1,0,5174
16,24,85,1,0,8401
16,24,90,1,0,11401
16,24,91,2,1,12433
16,24,92,1,0,27981
16,24,95,1,0,28051
16,24,96,1,0,16225
16,25,76,1,0,2396
16,25,79,2,1,3089
16,25,80,1,0,4166
16,25,81,1,0,4171
16,25,83,1,0,6239
16,25,84,1,0,6244
16,25,86,1,0,8189
16,25,87,1,0,8413
16,25,88,1,0,9502
16,25,91,1,0,11406
16,26,78,1,0,2406
16,26,80,1,0,3269
16,26,86,1,0,7113
16,26,88,1,0,8199
16,26,89,1,0,9294
16,26,90,1,0,10364
16,26,91,1,0,11410
16,26,93,1,0,27967
16,27,79,1,0,2411
16,27,81,1,0,3274
16,27,83,1,0,4186
16,27,85,1,0,6039
16,27,87,1,0,7117
16,27,91,1,0,9298
16,28,79,1,0,2416
16,28,84,1,0,4190
16,28,85,1,0,4985
16,28,87,1,0,6051
16,28,90,1,0,8209
16,29,81,1,0,2426
16,29,82,1,0,2431
16,29,85,1,0,4990
16,29,89,1,0,7126
16,30,80,1,0,1962
16,30,83,1,0,2436
16,30,85,1,0,3119
16,30,86,1,0,4200
16,30,88,1,0,6269
16,31,82,1,0,1845
16,31,84,1,0,2441
16,31,85,1,0,3298
16,31,87,1,0,4205
16,32,84,1,0,2446
16,32,86,1,0,3303
16,33,84,1,0,27857
17,5,46,1,0,27918
17,5,47,1,0,8211
17,5,48,1,0,9083
17,5,59,1,0,28125
17,5,60,1,0,20418
17,6,44,1,0,5210
17,6,45,1,0,6057
17,6,46,1,0,7130
17,6,47,1,0,7997
17,6,48,1,0,9087
17,6,49,1,0,9948
17,6,57,1,0,18291
17,6,58,1,0,18922
17,6,59,1,0,19776
17,6,60,1,0,20849
17,6,61,1,0,21908
17,7,42,1,0,3482
17,7,43,1,0,4019
17,7,44,1,0,4798
17,7,45,1,0,5849
17,7,46,1,0,7136
17,7,47,1,0,8002
17,7,48,1,0,9092
17,7,49,1,0,10161
17,7,50,1,0,11204
17,7,51,1,0,12238
17,7,56,1,0,16840
17,7,57,1,0,17874
17,7,58,1,0,18716
17,7,59,2,1,18951
17,7,61,1,0,21913
17,7,62,1,0,22961
17,7,63,1,0,21937
17,7,76,1,0,27608
17,7,77,1,0,27674
17,7,79,1,0,27723
17,7,80,1,0,27795
17,7,81,1,0,27809
17,8,41,1,0,2451
17,8,42,1,0,3131
17,8,43,1,0,4023
17,8,44,1,0,5007
17,8,45,2,1,5853
17,8,46,2,1,6925
17,8,47,1,0,8012
17,8,48,1,0,9097
17,8,49,1,0,10167
17,8,50,1,0,11209
17,8,51,1,0,12241
17,8,52,1,0,13218
17,8,53,1,0,14012
17,8,56,1,0,16843
17,8,58,1,0,17899
17,8,60,2,1,18744
17,8,70,1,0,27093
17,8,72,1,0,26733
17,9,41,1,0,1745
17,9,42,2,1,2293
17,9,44,1,0,4028
17,9,46,1,0,7150
17,9,49,1,0,9111
17,9,51,1,0,11228
17,9,52,1,0,12255
17,9,53,1,0,12260
17,9,60,1,0,17904
17,9,61,1,0,18749
17,9,63,1,0,20888
17,9,65,2,1,22995
17,9,68,1,0,25073
17,9,72,1,0,26316
17,9,73,1,0,27108
17,9,75,1,0,27402
17,9,77,1,0,27411
17,9,79,1,0,27623
17,9,81,1,0,27633
17,10,42,1,0,1645
17,10,44,1,0,3141
17,10,46,1,0,4037
17,10,52,1,0,11233
17,10,53,1,0,28017
17,10,55,1,0,14836
17,10,56,1,0,13237
17,10,62,1,0,15865
17,10,67,1,0,24021
17,10,68,1,0,25078
17,10,69,2,1,24914
17,10,70,1,0,25760
17,10,73,1,0,26321
17,10,77,1,0,27127
17,10,78,1,0,27313
17,10,79,1,0,27468
17,10,82,1,0,27638
17,10,83,1,0,27607
17,11,46,2,1,1191
17,11,49,1,0,5032
17,11,50,1,0,4833
17,11,51,1,0,6096
17,11,54,1,0,10193
17,11,56,1,0,12270
17,11,57,1,0,13253
17,11,63,1,0,15870
17,11,65,1,0,16903
17,11,67,1,0,17944
17,11,78,1,0,22231
17,12,63,1,0,15875
17,12,64,1,0,15880
17,12,65,1,0,15884
17,12,67,1,0,17949
17,12,69,1,0,17953
17,12,70,1,0,18794
17,12,71,2,1,18799
17,12,78,1,0,22025
17,12,81,1,0,23079
17,12,88,1,0,25487
17,13,49,1,0,861
17,13,50,1,0,788
17,13,54,1,0,803
17,13,55,1,0,6974
17,13,57,1,0,8061
17,13,59,2,1,7200
17,13,64,1,0,11283
17,13,70,1,0,17958
17,13,73,1,0,17973
17,13,74,1,0,19879
17,13,75,1,0,19884
17,13,78,1,0,21180
17,13,79,1,0,22031
17,13,89,1,0,24976
17,13,92,1,0,24991
17,14,52,1,0,582
17,14,53,2,1,464
17,14,60,1,0,8289
17,14,63,1,0,10449
17,14,65,1,0,11287
17,14,66,1,0,12324
17,14,67,1,0,13301
17,14,70,1,0,13312
17,14,76,1,0,18828
17,14,87,1,0,22051
17,14,88,1,0,20996
17,14,89,1,0,21002
17,14,90,1,0,22065
17,14,92,1,0,23123
17,14,95,1,0,24133
17,14,97,1,0,25011
17,14,98,1,0,25016
17,14,99,1,0,25846
17,14,101,1,0,25856
17,15,55,2,1,259
17,15,58,1,0,266
17,15,59,1,0,270
17,15,64,1,0,10246
17,15,66,1,0,9190
17,15,68,1,0,11711
17,15,69,1,0,12334
17,15,70,1,0,12339
17,15,72,1,0,14115
17,15,76,1,0,17988
17,15,77,1,0,17993
17,15,84,1,0,22036
17,15,88,1,0,19928
17,15,91,2,1,21011
17,15,92,1,0,22075
17,15,93,2,1,22080
17,15,96,1,0,23138
17,15,98,1,0,24148
17,15,101,1,0,25031
17,16,59,1,0,113
17,16,60,1,0,234
17,16,62,1,0,238
17,16,71,2,1,12344
17,16,74,1,0,13326
17,16,75,1,0,15732
17,16,80,1,0,15944
17,16,82,1,0,15949
17,16,85,1,0,18013
17,16,87,1,0,18862
17,16,91,1,0,19938
17,16,92,1,0,21016
17,16,93,1,0,21021
17,16,94,1,0,22085
17,16,95,1,0,22090
17,16,98,1,0,23148
17,16,99,1,0,23153
17,16,100,1,0,24158
17,17,61,1,0,44
17,17,63,1,0,131
17,17,64,1,0,103
17,17,65,2,1,108
17,17,66,1,0,847
17,17,68,1,0,2541
17,17,74,1,0,11322
17,17,75,1,0,10285
17,17,78,1,0,13331
17,17,79,1,0,14130
17,17,80,1,0,14940
17,17,92,1,0,20163
17,17,96,1,0,22095
17,17,97,1,0,22100
17,18,62,1,0,16
17,18,63,1,0,7
17,18,64,1,0,2
17,18,65,1,0,6
17,18,71,1,0,2390
17,18,72,1,0,2394
17,18,73,1,0,4127
17,18,80,2,1,14001
17,18,81,1,0,14945
17,18,86,1,0,15973
17,18,87,2,1,16996
17,18,90,2,1,15988
17,18,91,2,1,18877
17,18,93,1,0,19953
17,18,97,1,0,21046
17,18,98,1,0,21051
17,18,99,1,0,22110
17,19,68,1,0,1275
17,19,70,1,0,27869
17,19,74,1,0,4132
17,19,76,1,0,5140
17,19,79,1,0,7283
17,19,80,1,0,8154
17,19,82,1,0,10319
17,19,85,2,1,11371
17,19,95,1,0,18072
17,19,99,1,0,22115
17,20,66,1,0,784
17,20,74,1,0,3230
17,20,76,1,0,4141
17,20,77,1,0,4146
17,20,78,2,1,4941
17,20,80,2,1,6219
17,20,84,1,0,10538
17,20,87,1,0,12413
17,20,90,1,0,14993
17,20,91,1,0,14998
17,20,97,1,0,18917
17,20,99,2,1,19987
17,21,65,1,0,112
17,21,66,1,0,258
17,21,74,1,0,3235
17,21,81,1,0,6224
17,21,83,1,0,8169
17,21,85,1,0,9264
17,21,87,1,0,11385
17,21,93,1,0,15008
17,21,94,1,0,15815
17,21,97,1,0,18077
17,21,98,1,0,18921
17,22,77,1,0,3244
17,22,81,1,0,5164
17,22,86,2,1,9274
17,22,87,1,0,10344
17,22,88,1,0,10349
17,22,91,1,0,12433
17,22,92,1,0,13388
17,22,94,1,0,15013
17,22,97,1,0,17045
17,23,76,1,0,2557
17,23,83,1,0,6234
17,23,87,1,0,8189
17,23,89,2,1,9502
17,23,90,2,1,10359
17,23,91,1,0,11406
17,23,92,1,0,12438
17,23,93,1,0,27981
17,23,95,1,0,28051
17,23,96,1,0,16225
17,24,77,1,0,2396
17,24,79,1,0,3259
17,24,80,1,0,3089
17,24,81,1,0,4166
17,24,82,1,0,4171
17,24,88,1,0,8413
17,24,91,1,0,10364
17,24,92,1,0,11410
17,24,93,1,0,27967
17,25,79,1,0,2406
17,25,85,1,0,6248
17,25,86,1,0,6039
17,25,87,1,0,7113
17,25,88,1,0,8199
17,25,90,1,0,9294
17,26,79,1,0,2411
17,26,82,1,0,3274
17,26,83,1,0,3279
17,26,85,1,0,5189
17,26,86,1,0,4985
17,26,88,1,0,7117
17,26,89,1,0,7122
17,26,92,1,0,9298
17,27,80,1,0,2416
17,27,85,1,0,4190
17,27,86,1,0,4990
17,27,88,1,0,6051
17,27,91,1,0,8209
17,28,82,1,0,2426
17,28,83,1,0,2431
17,28,87,1,0,4200
17,28,89,1,0,6269
17,29,81,1,0,1962
17,29,84,1,0,2436
17,29,86,2,1,3119
17,29,88,1,0,4205
17,29,89,1,0,5208
17,30,83,1,0,1845
17,30,85,1,0,2441
17,30,86,1,0,2446
17,30,87,1,0,3303
17,31,85,1,0,1741
17,32,85,1,0,27857
18,5,46,1,0,27918
18,5,47,1,0,8211
18,5,48,1,0,9083
18,5,59,1,0,28125
18,5,60,1,0,20418
18,6,44,1,0,5210
18,6,45,1,0,6057
18,6,46,1,0,7130
18,6,47,1,0,7997
18,6,48,1,0,9087
18,6,49,1,0,9948
18,6,57,1,0,18291
18,6,58,1,0,18922
18,6,59,1,0,19776
18,6,60,1,0,20849
18,6,61,1,0,21908
18,6,76,1,0,27608
18,6,77,1,0,27674
18,7,42,1,0,3482
18,7,43,1,0,4019
18,7,44,1,0,4798
18,7,45,1,0,5849
18,7,46,1,0,7136
18,7,47,1,0,8002
18,7,48,1,0,9092
18,7,49,1,0,10161
18,7,50,1,0,11204
18,7,51,1,0,12238
18,7,56,1,0,16840
18,7,57,1,0,17874
18,7,58,1,0,18716
18,7,59,1,0,19565
18,7,60,1,0,19810
18,7,61,1,0,21913
18,7,62,1,0,22961
18,7,63,1,0,21937
18,7,70,1,0,27093
18,7,79,1,0,27723
18,7,80,1,0,27795
18,7,82,1,0,27814
18,8,41,1,0,2451
18,8,42,1,0,3131
18,8,43,1,0,4023
18,8,44,1,0,5007
18,8,45,2,1,5853
18,8,46,2,1,6925
18,8,47,1,0,8012
18,8,48,1,0,9097
18,8,49,1,0,10167
18,8,50,1,0,11209
18,8,51,1,0,12241
18,8,52,1,0,13218
18,8,53,1,0,14012
18,8,56,2,1,16843
18,8,58,1,0,17899
18,8,72,1,0,26733
18,8,79,1,0,27623
18,9,41,1,0,1745
18,9,42,2,1,2293
18,9,44,1,0,4028
18,9,46,1,0,7150
18,9,49,1,0,9111
18,9,51,1,0,11228
18,9,52,1,0,12255
18,9,53,1,0,12260
18,9,56,1,0,13237
18,9,60,1,0,17904
18,9,61,1,0,18749
18,9,63,1,0,20888
18,9,65,1,0,22995
18,9,67,1,0,24021
18,9,68,1,0,25073
18,9,69,1,0,25754
18,9,72,1,0,26316
18,9,75,1,0,27402
18,9,77,1,0,27411
18,9,81,1,0,27633
18,10,42,1,0,1645
18,10,44,1,0,3141
18,10,46,1,0,4037
18,10,52,1,0,11233
18,10,53,1,0,28017
18,10,56,1,0,13243
18,10,62,1,0,15865
18,10,67,1,0,24026
18,10,69,1,0,24914
18,10,70,1,0,25760
18,10,78,1,0,27313
18,10,79,1,0,27468
18,10,82,1,0,27638
18,10,83,1,0,27607
18,11,46,2,1,1191
18,11,49,1,0,5032
18,11,50,1,0,4833
18,11,51,1,0,6096
18,11,54,1,0,10193
18,11,57,1,0,13253
18,11,61,1,0,14861
18,11,63,1,0,15870
18,11,65,1,0,16903
18,11,67,1,0,17944
18,11,70,1,0,18794
18,11,77,1,0,22231
18,12,54,1,0,6111
18,12,63,1,0,15875
18,12,64,1,0,15880
18,12,67,1,0,17949
18,12,68,1,0,17953
18,12,70,1,0,17958
18,12,71,2,1,18799
18,12,78,1,0,22025
18,12,81,1,0,23079
18,12,88,1,0,25487
18,13,49,1,0,861
18,13,50,1,0,788
18,13,56,1,0,6974
18,13,57,1,0,8061
18,13,59,1,0,8065
18,13,61,1,0,9161
18,13,64,1,0,11283
18,13,74,1,0,19879
18,13,75,1,0,19884
18,13,76,1,0,18828
18,13,78,1,0,21180
18,13,79,1,0,22031
18,13,87,1,0,22051
18,13,89,1,0,24976
18,13,92,1,0,24991
18,14,52,1,0,582
18,14,53,2,1,464
18,14,60,2,1,8075
18,14,63,1,0,10449
18,14,65,1,0,11287
18,14,67,1,0,13301
18,14,70,1,0,13312
18,14,71,2,1,13317
18,14,74,1,0,17978
18,14,84,1,0,22036
18,14,88,1,0,20996
18,14,90,1,0,22065
18,14,92,1,0,23123
18,14,93,1,0,23337
18,14,97,1,0,25011
18,14,101,1,0,25856
18,15,56,2,1,259
18,15,58,1,0,266
18,15,59,1,0,270
18,15,64,1,0,10246
18,15,66,1,0,11706
18,15,68,2,1,11711
18,15,69,1,0,12334
18,15,70,1,0,12339
18,15,72,1,0,14115
18,15,75,1,0,15732
18,15,76,1,0,17988
18,15,77,1,0,17993
18,15,89,1,0,19933
18,15,91,1,0,22071
18,15,92,1,0,22075
18,15,96,1,0,23138
18,15,97,1,0,23143
18,15,98,1,0,24148
18,15,99,1,0,24153
18,15,101,1,0,25031
18,16,59,1,0,113
18,16,61,1,0,234
18,16,64,1,0,248
18,16,66,1,0,1738
18,16,71,1,0,13322
18,16,74,1,0,13326
18,16,80,1,0,15944
18,16,82,1,0,15949
18,16,85,1,0,18013
18,16,87,1,0,18862
18,16,91,1,0,19938
18,16,92,1,0,21016
18,16,93,1,0,21021
18,16,94,1,0,22085
18,16,96,1,0,22095
18,16,98,1,0,23148
18,16,99,1,0,23153
18,16,100,1,0,24158
18,17,61,1,0,44
18,17,63,1,0,16
18,17,64,1,0,103
18,17,65,1,0,108
18,17,67,1,0,847
18,17,68,2,1,2385
18,17,79,1,0,14130
18,17,84,1,0,15958
18,17,87,2,1,18022
18,17,90,1,0,18037
18,17,91,2,1,18877
18,17,97,1,0,22100
18,17,99,1,0,22110
18,17,100,1,0,23163
18,18,63,1,0,7
18,18,64,1,0,2
18,18,66,2,1,6
18,18,72,1,0,2394
18,18,73,1,0,4127
18,18,79,1,0,13341
18,18,80,2,1,14001
18,18,86,1,0,15973
18,18,87,1,0,16996
18,18,89,1,0,14984
18,18,97,1,0,21046
18,18,99,1,0,22115
18,19,69,1,0,1275
18,19,70,1,0,27869
18,19,76,1,0,4141
18,19,82,3,1,8164
18,19,85,1,0,11371
18,19,87,1,0,12413
18,19,90,1,0,14989
18,19,91,1,0,14998
18,19,97,1,0,18917
18,19,99,2,1,19987
18,20,66,2,1,112
18,20,74,1,0,3230
18,20,75,1,0,3235
18,20,77,1,0,4146
18,20,78,1,0,4941
18,20,79,1,0,5154
18,20,80,1,0,6219
18,20,82,2,1,6224
18,20,85,1,0,9264
18,20,94,1,0,15008
18,20,97,1,0,18077
18,20,98,1,0,18921
18,21,77,1,0,3244
18,21,81,1,0,5164
18,21,87,1,0,9274
18,21,92,1,0,12433
18,21,93,1,0,13388
18,21,95,1,0,15013
18,21,97,1,0,17045
18,22,75,1,0,2721
18,22,76,1,0,2557
18,22,78,1,0,3250
18,22,79,2,1,3254
18,22,86,1,0,8401
18,22,87,1,0,8189
18,22,89,2,1,9502
18,22,90,1,0,10359
18,22,92,1,0,11406
18,22,93,1,0,27981
18,22,95,1,0,28051
18,22,97,1,0,16225
18,23,77,1,0,2396
18,23,80,1,0,3259
18,23,81,1,0,4166
18,23,82,1,0,4171
18,23,87,1,0,7107
18,23,89,1,0,8413
18,23,92,1,0,10364
18,23,93,1,0,11410
18,23,94,1,0,27967
18,24,80,1,0,3089
18,24,86,2,1,6039
18,24,88,1,0,7113
18,24,89,1,0,8199
18,24,91,1,0,9294
18,25,79,1,0,2406
18,25,80,1,0,2411
18,25,83,1,0,3274
18,25,85,2,1,4186
18,25,86,1,0,4985
18,25,88,1,0,7117
18,25,90,1,0,7122
18,25,92,1,0,9298
18,26,81,1,0,2416
18,26,83,1,0,3279
18,26,86,1,0,4190
18,26,87,1,0,4990
18,26,89,1,0,6051
18,26,92,1,0,8209
18,27,83,1,0,2426
18,27,84,1,0,2431
18,27,88,1,0,4200
18,27,90,1,0,6269
18,28,82,1,0,1962
18,28,85,1,0,2436
18,28,87,1,0,3119
18,28,89,2,1,4205
18,29,83,1,0,1967
18,29,86,2,1,2441
18,29,88,1,0,3303
18,30,84,1,0,1845
18,31,85,1,0,1741
18,31,86,1,0,27857
19,5,46,1,0,27918
19,5,47,1,0,8211
19,5,48,1,0,9083
19,5,59,1,0,28125
19,5,60,1,0,20418
19,6,44,1,0,5210
19,6,45,1,0,6057
19,6,46,1,0,7130
19,6,47,1,0,7997
19,6,48,1,0,9087
19,6,49,1,0,9948
19,6,57,1,0,18291
19,6,58,1,0,18922
19,6,59,1,0,19776
19,6,60,1,0,20849
19,6,61,1,0,21908
19,6,76,1,0,27608
19,6,77,1,0,27674
19,6,80,1,0,27795
19,7,42,1,0,3482
19,7,43,1,0,4019
19,7,44,1,0,4798
19,7,45,1,0,5849
19,7,46,1,0,7136
19,7,47,1,0,8002
19,7,48,1,0,9092
19,7,49,1,0,10161
19,7,50,1,0,11204
19,7,51,1,0,12238
19,7,56,1,0,16840
19,7,57,1,0,17874
19,7,58,1,0,18716
19,7,59,2,1,18951
19,7,60,1,0,19810
19,7,61,1,0,21913
19,7,63,1,0,21937
19,7,70,1,0,27093
19,7,79,1,0,27723
19,7,81,1,0,27809
19,8,41,1,0,2451
19,8,42,1,0,3131
19,8,43,1,0,4023
19,8,44,1,0,5007
19,8,45,2,1,5853
19,8,46,2,1,6925
19,8,47,1,0,8012
19,8,48,1,0,9097
19,8,49,1,0,10167
19,8,50,1,0,11209
19,8,51,1,0,12241
19,8,52,1,0,13218
19,8,53,1,0,14012
19,8,58,1,0,17899
19,8,60,1,0,18744
19,8,63,1,0,20883
19,8,66,1,0,24016
19,8,72,2,1,26733
19,8,79,1,0,27623
19,9,41,1,0,1745
19,9,42,2,1,2293
19,9,44,1,0,4028
19,9,46,1,0,7150
19,9,47,1,0,8016
19,9,49,1,0,9111
19,9,51,1,0,11228
19,9,52,1,0,12255
19,9,56,1,0,13237
19,9,60,1,0,17904
19,9,61,1,0,18749
19,9,63,1,0,20888
19,9,67,1,0,24021
19,9,68,1,0,25073
19,9,69,1,0,25754
19,9,72,1,0,26316
19,9,73,1,0,27108
19,9,76,1,0,27406
19,9,81,1,0,27633
19,10,42,1,0,1645
19,10,44,1,0,3141
19,10,52,1,0,11233
19,10,53,1,0,28017
19,10,56,1,0,13243
19,10,62,1,0,15865
19,10,66,1,0,23005
19,10,68,1,0,25078
19,10,69,1,0,24914
19,10,70,1,0,25760
19,10,72,1,0,26321
19,10,76,1,0,27127
19,10,77,1,0,27132
19,10,78,1,0,27313
19,10,82,1,0,27638
19,10,83,1,0,27607
19,11,46,2,1,1191
19,11,49,1,0,5032
19,11,50,1,0,4833
19,11,51,1,0,6096
19,11,54,1,0,10193
19,11,55,1,0,11238
19,11,58,1,0,14047
19,11,59,1,0,14055
19,11,60,1,0,14856
19,11,63,2,1,15870
19,11,65,1,0,16903
19,11,67,1,0,17944
19,11,70,1,0,18794
19,11,77,1,0,22231
19,12,64,1,0,15880
19,12,67,1,0,17949
19,12,68,1,0,17953
19,12,70,2,1,17958
19,12,71,1,0,19654
19,12,78,1,0,22025
19,12,81,1,0,23079
19,12,87,1,0,25487
19,13,49,1,0,861
19,13,50,1,0,788
19,13,52,1,0,582
19,13,53,1,0,520
19,13,56,1,0,6974
19,13,57,1,0,8061
19,13,59,1,0,7200
19,13,64,1,0,11283
19,13,67,1,0,13301
19,13,72,1,0,19874
19,13,75,1,0,19884
19,13,78,1,0,21180
19,13,79,1,0,22031
19,13,86,2,1,23094
19,13,87,1,0,22051
19,13,89,1,0,24976
19,13,92,1,0,24991
19,13,94,1,0,25826
19,13,95,1,0,24133
19,13,97,1,0,25011
19,13,101,1,0,25856
19,14,54,1,0,464
19,14,60,2,1,8075
19,14,63,1,0,10449
19,14,65,1,0,11287
19,14,66,1,0,11706
19,14,70,1,0,13312
19,14,71,2,1,13317
19,14,76,1,0,17988
19,14,77,1,0,17993
19,14,84,1,0,22036
19,14,88,1,0,20996
19,14,90,1,0,22065
19,14,91,1,0,22071
19,14,92,1,0,23123
19,14,93,1,0,23337
19,14,96,1,0,23138
19,14,98,2,1,24148
19,14,101,1,0,25031
19,14,102,1,0,25860
19,15,56,2,1,259
19,15,58,1,0,266
19,15,59,1,0,270
19,15,64,1,0,10246
19,15,69,1,0,12334
19,15,70,1,0,12339
19,15,72,1,0,14115
19,15,75,1,0,15732
19,15,80,1,0,15944
19,15,89,1,0,19933
19,15,91,1,0,21011
19,15,97,1,0,23148
19,15,100,2,1,24158
19,16,59,1,0,113
19,16,61,2,1,44
19,16,64,1,0,103
19,16,65,1,0,108
19,16,71,2,1,12344
19,16,74,1,0,13326
19,16,77,1,0,15737
19,16,82,1,0,15949
19,16,84,1,0,16977
19,16,85,1,0,18013
19,16,87,1,0,18862
19,16,91,1,0,19938
19,16,92,1,0,21016
19,16,93,1,0,21021
19,16,94,2,1,21026
19,16,96,1,0,22095
19,16,97,1,0,22100
19,16,99,1,0,23153
19,17,63,1,0,16
19,17,64,2,1,2
19,17,66,1,0,6
19,17,67,1,0,847
19,17,68,1,0,2541
19,17,69,1,0,2385
19,17,79,1,0,14130
19,17,87,1,0,18027
19,17,90,1,0,18037
19,17,91,3,1,18877
19,17,98,1,0,21051
19,17,99,1,0,22110
19,18,66,1,0,299
19,18,73,1,0,4127
19,18,79,1,0,13341
19,18,80,1,0,14001
19,18,86,1,0,15973
19,18,87,1,0,16996
19,18,89,1,0,14984
19,18,97,1,0,21046
19,18,99,2,1,21056
19,19,66,1,0,784
19,19,69,1,0,1275
19,19,71,1,0,27869
19,19,78,2,1,4146
19,19,79,1,0,5154
19,19,82,3,1,7082
19,19,84,1,0,8169
19,19,87,1,0,12413
19,19,91,1,0,14998
19,19,92,1,0,15003
19,19,93,1,0,15008
19,19,97,1,0,18917
19,19,99,1,0,21060
19,20,66,2,1,112
19,20,74,1,0,3230
19,20,75,1,0,3235
19,20,82,1,0,6224
19,20,83,2,1,6229
19,20,86,1,0,9264
19,20,90,1,0,11396
19,20,93,1,0,13388
19,20,97,1,0,18290
19,20,98,1,0,18921
19,21,76,1,0,2721
19,21,77,1,0,3244
19,21,78,1,0,3250
19,21,80,1,0,4156
19,21,84,1,0,6234
19,21,86,1,0,8401
19,21,89,1,0,10349
19,21,90,1,0,10354
19,21,91,1,0,11401
19,21,92,1,0,12433
19,21,93,1,0,12438
19,21,95,1,0,15013
19,21,97,2,1,16225
19,22,76,1,0,2557
19,22,79,1,0,3254
19,22,80,1,0,3259
19,22,83,1,0,5174
19,22,87,1,0,8189
19,22,89,2,1,8413
19,22,92,1,0,11406
19,22,96,1,0,28051
19,23,77,1,0,2396
19,23,79,1,0,2401
19,23,81,1,0,3089
19,23,83,1,0,4171
19,23,86,1,0,6248
19,23,87,1,0,7107
19,23,88,1,0,7113
19,23,89,1,0,8199
19,23,91,1,0,9294
19,23,92,1,0,10364
19,23,93,1,0,11410
19,23,94,1,0,27967
19,24,80,1,0,2406
19,24,83,1,0,3274
19,24,86,1,0,5189
19,24,87,1,0,6039
19,24,93,1,0,9298
19,25,80,1,0,2411
19,25,81,1,0,2416
19,25,84,1,0,3279
19,25,85,1,0,4186
19,25,86,1,0,4190
19,25,87,1,0,4985
19,25,90,2,1,6051
19,26,83,1,0,2426
19,26,91,1,0,6269
19,27,84,1,0,2431
19,27,85,1,0,2436
19,27,87,1,0,3119
19,27,89,1,0,4200
19,27,90,1,0,5208
19,28,83,1,0,1962
19,28,84,1,0,1967
19,28,86,1,0,2441
19,29,85,1,0,1845
19,29,87,1,0,2446
19,29,89,1,0,3303
19,30,86,1,0,1741
19,30,87,2,1,2288
20,5,46,1,0,27918
20,5,47,1,0,8211
20,5,48,1,0,9083
20,5,59,1,0,28125
20,5,60,1,0,20418
20,6,44,1,0,5210
20,6,45,1,0,6057
20,6,46,1,0,7130
20,6,47,1,0,7997
20,6,48,1,0,9087
20,6,49,1,0,9948
20,6,57,1,0,18291
20,6,58,1,0,18922
20,6,59,1,0,19776
20,6,60,1,0,20849
20,6,61,1,0,21908
20,6,76,1,0,27608
20,6,77,1,0,27674
20,6,80,1,0,27795
20,7,42,1,0,3482
20,7,43,1,0,4019
20,7,44,1,0,4798
20,7,45,1,0,5849
20,7,46,1,0,7136
20,7,47,1,0,8002
20,7,48,1,0,9092
20,7,49,1,0,10161
20,7,50,1,0,11204
20,7,51,1,0,12238
20,7,56,1,0,16840
20,7,57,1,0,17874
20,7,58,2,1,17899
20,7,59,2,1,18951
20,7,60,1,0,19810
20,7,61,1,0,21913
20,7,63,1,0,21937
20,7,70,1,0,27093
20,7,79,1,0,27723
20,7,82,1,0,27814
20,8,41,1,0,2451
20,8,42,1,0,3131
20,8,43,1,0,4023
20,8,44,1,0,5007
20,8,45,2,1,5853
20,8,46,2,1,6925
20,8,47,1,0,8012
20,8,48,1,0,9097
20,8,49,1,0,10167
20,8,50,1,0,11209
20,8,51,1,0,12241
20,8,52,1,0,13218
20,8,53,1,0,14012
20,8,56,1,0,16858
20,8,60,1,0,18744
20,8,63,1,0,20883
20,8,65,1,0,22995
20,8,66,1,0,24016
20,8,71,1,0,26646
20,8,72,1,0,26733
20,8,79,1,0,27623
20,9,41,1,0,1745
20,9,42,2,1,2293
20,9,44,1,0,4028
20,9,46,1,0,7150
20,9,47,1,0,8016
20,9,49,1,0,9111
20,9,51,1,0,11228
20,9,52,1,0,12255
20,9,56,1,0,13237
20,9,61,1,0,18749
20,9,63,1,0,20888
20,9,65,1,0,23000
20,9,67,1,0,24021
20,9,68,1,0,25073
20,9,69,1,0,25754
20,9,72,1,0,26316
20,9,73,1,0,27108
20,9,75,1,0,27402
20,9,76,1,0,27406
20,9,77,1,0,27411
20,9,81,1,0,27633
20,10,42,1,0,1645
20,10,44,1,0,3141
20,10,52,1,0,11233
20,10,53,1,0,28017
20,10,56,1,0,13243
20,10,62,1,0,15865
20,10,68,1,0,25078
20,10,69,1,0,24914
20,10,70,1,0,25760
20,10,72,1,0,26321
20,10,76,1,0,27127
20,10,77,1,0,27132
20,10,78,1,0,27313
20,10,79,2,1,27426
20,10,82,1,0,27638
20,10,83,1,0,27607
20,11,46,2,1,1191
20,11,49,1,0,5032
20,11,50,1,0,4833
20,11,51,1,0,6096
20,11,54,1,0,10193
20,11,55,1,0,11238
20,11,58,1,0,14047
20,11,59,1,0,14052
20,11,60,1,0,14856
20,11,61,1,0,14861
20,11,63,2,1,15870
20,11,67,1,0,17944
20,11,69,1,0,18794
20,11,77,1,0,22231
20,11,82,1,0,27436
20,12,64,1,0,15880
20,12,65,1,0,15884
20,12,66,1,0,16909
20,12,67,1,0,17949
20,12,68,1,0,17953
20,12,70,2,1,17958
20,12,71,1,0,19654
20,12,78,1,0,22025
20,12,81,1,0,23079
20,12,87,1,0,25487
20,12,89,1,0,24976
20,13,49,1,0,861
20,13,50,1,0,788
20,13,52,1,0,582
20,13,56,1,0,6974
20,13,57,1,0,8061
20,13,59,1,0,8065
20,13,61,1,0,9161
20,13,64,1,0,11283
20,13,67,1,0,13301
20,13,75,1,0,19884
20,13,78,1,0,21180
20,13,79,1,0,22031
20,13,87,1,0,22051
20,13,91,1,0,24991
20,13,97,1,0,25011
20,13,98,1,0,25016
20,13,101,1,0,25856
20,14,60,1,0,8289
20,14,63,1,0,10449
20,14,64,1,0,10246
20,14,65,1,0,11287
20,14,70,1,0,13312
20,14,71,2,1,13317
20,14,76,1,0,17988
20,14,78,1,0,18834
20,14,84,1,0,22036
20,14,88,1,0,20996
20,14,89,1,0,21002
20,14,90,1,0,22065
20,14,91,1,0,22071
20,14,92,2,1,22075
20,14,93,1,0,23337
20,14,95,1,0,23138
20,14,98,1,0,24148
20,14,101,1,0,25031
20,14,102,1,0,25860
20,15,56,2,1,259
20,15,58,1,0,266
20,15,59,1,0,270
20,15,61,1,0,234
20,15,69,1,0,12334
20,15,70,1,0,12339
20,15,72,1,0,14115
20,15,75,1,0,15732
20,15,80,1,0,15944
20,15,85,1,0,18013
20,15,89,1,0,19933
20,15,94,1,0,22085
20,15,96,1,0,23143
20,15,97,1,0,23148
20,15,99,3,1,23153
20,15,100,1,0,24163
20,15,101,1,0,24166
20,16,59,1,0,113
20,16,61,1,0,44
20,16,63,1,0,131
20,16,64,2,1,103
20,16,66,1,0,1738
20,16,71,1,0,13322
20,16,74,1,0,13326
20,16,79,1,0,14130
20,16,82,1,0,15949
20,16,86,2,1,18017
20,16,87,1,0,18862
20,16,90,1,0,18872
20,16,91,2,1,19938
20,16,92,2,1,20163
20,16,93,1,0,21021
20,16,96,1,0,22100
20,17,63,1,0,16
20,17,64,2,1,2
20,17,66,1,0,6
20,17,67,1,0,847
20,17,68,1,0,2541
20,17,72,1,0,2394
20,17,74,1,0,11322
20,17,80,1,0,14135
20,17,84,1,0,15958
20,17,85,1,0,16981
20,17,87,1,0,18027
20,17,90,1,0,18037
20,17,91,1,0,18882
20,17,93,1,0,19953
20,17,94,1,0,21031
20,17,97,1,0,21046
20,17,99,1,0,22110
20,17,100,1,0,23163
20,18,66,1,0,299
20,18,71,1,0,27869
20,18,72,1,0,3228
20,18,79,1,0,13341
20,18,86,1,0,15973
20,18,87,1,0,16996
20,18,89,2,1,14984
20,18,91,1,0,14998
20,18,92,1,0,18052
20,18,94,1,0,19114
20,18,99,2,1,21060
20,19,69,1,0,1275
20,19,76,1,0,4141
20,19,78,2,1,4146
20,19,79,1,0,5154
20,19,82,3,1,6224
20,19,84,1,0,8169
20,19,85,1,0,11371
20,19,86,1,0,9264
20,19,87,1,0,12413
20,19,92,1,0,15003
20,19,97,1,0,18917
20,19,98,1,0,18921
20,20,66,2,1,112
20,20,74,1,0,3230
20,20,75,1,0,3235
20,20,82,1,0,5164
20,20,91,1,0,11401
20,20,93,1,0,13388
20,20,97,1,0,18077
20,21,76,1,0,2721
20,21,77,1,0,3244
20,21,78,1,0,3250
20,21,79,1,0,3254
20,21,84,2,1,5174
20,21,85,1,0,6239
20,21,88,1,0,8189
20,21,89,1,0,9502
20,21,90,1,0,10354
20,21,91,1,0,10359
20,21,92,1,0,11406
20,21,93,1,0,12438
20,21,94,1,0,27981
20,21,95,1,0,15013
20,21,97,2,1,16225
20,22,76,1,0,2557
20,22,80,1,0,3259
20,22,83,1,0,4171
20,22,87,1,0,7107
20,22,89,1,0,8413
20,22,90,1,0,8199
20,22,91,1,0,9294
20,22,92,1,0,10364
20,22,93,1,0,11410
20,22,96,1,0,28051
20,23,78,1,0,2396
20,23,79,1,0,2401
20,23,81,1,0,3089
20,23,86,1,0,6248
20,23,87,1,0,6039
20,23,89,1,0,7117
20,23,93,1,0,9298
20,23,94,1,0,27967
20,24,80,1,0,2406
20,24,83,1,0,3274
20,24,84,1,0,3279
20,24,86,2,1,4186
20,24,87,1,0,4985
20,24,90,1,0,7122
20,25,81,2,1,2411
20,25,86,1,0,4190
20,25,90,1,0,6051
20,25,92,1,0,7126
20,26,82,1,0,2421
20,26,83,1,0,2426
20,26,85,1,0,2431
20,26,87,1,0,3119
20,26,89,1,0,4200
20,26,91,1,0,6269
20,27,86,1,0,2436
20,27,87,1,0,2441
20,27,90,1,0,4205
20,28,84,1,0,1967
20,28,88,1,0,2446
20,28,89,1,0,3303
20,29,85,1,0,1845
20,30,87,2,1,1741
20,30,88,1,0,2288
